pkid,fkdevicepool,fkcallmanagergroup
e49f7c64-a92f-4d53-88be-3904a70ed47f,1b1b9eb6-7803-11d3-bdf0-00108302ead1,d13c4201-7802-11d3-bdf0-00108302ead1
22ce9293-6ebe-4d46-9dad-00cb6e8bc08b,3281e056-b719-7e33-a033-103de68f547c,1e35ee58-8dc3-c03b-f223-0a2e9bde90b4
1640411c-8f6d-48a9-b500-a8fd754908f0,7881780e-077d-f56d-2218-89fd2a19e953,70c197ba-8951-14ad-a270-b32053663da9
8498077e-bc2d-4d8e-b438-c70765b417ef,c35d3f5b-cee3-736b-9519-566c5fbc6ac7,7c1dc1c9-d59c-6826-b507-6bb38dfb5ee4
33f0f6a1-7ff8-4a6c-9faf-e34be716bcc7,67586413-e82f-8dd4-f51d-3e0547f6224a,89f190f4-0d7e-fafe-5bab-dd5dfd647cb2
5cadb65e-6d89-4c1c-8976-a9abd2343ab0,79e8f5c7-78c7-35d3-8a82-a3a5f130351c,1e35ee58-8dc3-c03b-f223-0a2e9bde90b4
cf08e27a-e62a-428d-bff6-f9d374a318c1,0a54219f-b24d-100f-a0c6-39087e475460,70c197ba-8951-14ad-a270-b32053663da9
15c679c4-9e05-47a8-ba76-4c81c88d4650,41401a7d-faae-571a-2876-ac092617c9e3,1e35ee58-8dc3-c03b-f223-0a2e9bde90b4
fe186c0d-cab8-4f1b-9ca5-12c9f53dbde8,c41b2a58-e52e-81d9-515b-ad5568e24218,70c197ba-8951-14ad-a270-b32053663da9
d5b21ba5-8689-4977-8874-52163e5809ea,fd4c1612-bab4-9224-cab0-2209222972c5,e64d226d-1d88-a330-ae45-a66bd201b031
cfabc820-0f00-4629-ab62-47a5c29e6521,eced1da0-10d9-206a-566c-0c9a7197f849,8578e802-08ab-1d2b-e599-c3b247d9165c
d2123073-9e7d-4f41-846a-9d47ea432af9,c33beb0d-5923-97a5-785e-689b23037069,816af09f-efed-c920-43c3-042bc9696f0d
a1400ae8-0825-40ec-81c7-8f641da656b6,9f7ec98a-4a0b-48c4-b18b-c78f7309660d,c68f5fed-d4be-afb9-559d-66dd16c6e466
8d5d6502-94b4-4899-975b-7a7aeb593289,48ba8a21-fe7e-07d4-aba3-498b8a0c466f,89f190f4-0d7e-fafe-5bab-dd5dfd647cb2
71fa5c0d-39dc-423c-abe7-9385cfd740b7,461876a9-9b0a-e9ce-9e6e-e573a062a88e,7c1dc1c9-d59c-6826-b507-6bb38dfb5ee4
bffcd885-03ac-40b0-a305-a5f70cecbbb4,3226196f-c1e2-436a-b94d-cdb24ffc156d,70c197ba-8951-14ad-a270-b32053663da9
721ffc30-4aa4-4be9-868b-7d8c10fe2015,02e42c5b-c2c1-2929-937a-1ca6a3909c46,70c197ba-8951-14ad-a270-b32053663da9
5514162b-ecac-4837-aecc-08e04ce35455,035692d5-2a1e-4322-aba4-ec2c5cb788e0,1e35ee58-8dc3-c03b-f223-0a2e9bde90b4
1a5bbcba-d4e3-442b-959c-4bda82bf655f,0411fb11-c17c-401b-873e-31bd7f42dc0f,8578e802-08ab-1d2b-e599-c3b247d9165c
ef53e9f0-9e26-4820-9e66-2212bd19b268,025cbe9a-5f17-408b-bc2e-34228fe93827,70c197ba-8951-14ad-a270-b32053663da9
72b4118b-7ea3-43de-bd50-fa46d7af14ab,02f7c080-5a66-4249-b0e7-5fd597fd71de,1e35ee58-8dc3-c03b-f223-0a2e9bde90b4
53a83dc3-eb57-4686-8fdc-8d6d7d859f9c,023ec499-24d4-49c0-9132-c89aeea5dc62,1e35ee58-8dc3-c03b-f223-0a2e9bde90b4
9996d09e-de36-453f-81d4-071e83f8965f,00d8f205-495c-4ca0-bbb5-d98a67f635b7,e64d226d-1d88-a330-ae45-a66bd201b031
963969bb-3342-41a0-acef-d2405a477259,546db9ae-e77b-ce8a-af11-ed420325b9e9,1e35ee58-8dc3-c03b-f223-0a2e9bde90b4
d0393e0d-3013-435a-a905-754bc2e115aa,07cf5e53-847a-43c9-ad0d-5258cd3b1ca7,70c197ba-8951-14ad-a270-b32053663da9
568c39e0-940b-4972-8336-c02026da9122,069e83f6-974d-4174-96db-855c2d90f92c,70c197ba-8951-14ad-a270-b32053663da9
3bcec8ed-2417-4ba1-91ec-79f6ab1adfea,05f89a4a-cd8f-4f7e-9455-d70d045f3b32,e64d226d-1d88-a330-ae45-a66bd201b031
99d1284f-a3e7-40f2-8762-a8877acce909,07d21938-49e6-83b6-f30b-9b2e065062d3,e64d226d-1d88-a330-ae45-a66bd201b031
7f5de80b-ae58-4d24-b30b-1730ef025704,065c95b8-bedb-49ef-bf7b-814e1737e2c2,1e35ee58-8dc3-c03b-f223-0a2e9bde90b4
82c5c78f-72be-4810-8477-3d7ee2ff0ef3,07a7ac8f-5752-6bbc-49ae-69e1e7e9a975,70c197ba-8951-14ad-a270-b32053663da9
d906c198-a48b-4c21-8724-e889f26da4df,58b791ec-9730-4979-b6b6-f140cdc7c3ec,e64d226d-1d88-a330-ae45-a66bd201b031
ac71a1cc-de81-42f1-b72d-27ccae27578c,7a8d15f3-fa9b-9f75-abae-7f5a332e3b2c,e64d226d-1d88-a330-ae45-a66bd201b031
f8ecd63c-f4c8-463d-ad03-dac8f443ffaa,09d80f21-f5c5-4932-83ab-3c3aaa7e649f,1e35ee58-8dc3-c03b-f223-0a2e9bde90b4
2120068d-9691-422c-ae08-f0b0defce48e,0c2c7b90-1120-449b-aca0-9590a0ef16cc,70c197ba-8951-14ad-a270-b32053663da9
86147554-d80e-43ec-b1c4-9bb86391f787,08a37bc3-258d-453c-8e9b-44442b76b191,70c197ba-8951-14ad-a270-b32053663da9
3bbd9d63-bb77-401f-ab21-907f501fd1a9,0ab380a8-1d0e-4906-a105-dc7db7aa194b,8578e802-08ab-1d2b-e599-c3b247d9165c
da414cf3-a915-48cf-bfbc-af955d34f01e,0baf3094-6b64-447a-b502-15538eb50ee8,70c197ba-8951-14ad-a270-b32053663da9
0f8d234d-a96e-44e5-a53f-6b368d7cc101,0f8890f9-315b-40cd-b23c-bcd1ae22a47c,1e35ee58-8dc3-c03b-f223-0a2e9bde90b4
44137b25-8ac4-4798-9895-f79afef783ca,125aff72-3e64-4e28-88fa-d2be7310d1fa,1e35ee58-8dc3-c03b-f223-0a2e9bde90b4
0c7e2f77-0b87-466b-a1b2-7a5fb1c2fdc9,1283d478-cb0b-4545-8c65-6e9ac9c628ae,8578e802-08ab-1d2b-e599-c3b247d9165c
12582c7d-4a8c-4397-8a6e-7d20e29fbf1b,1074e9e9-366c-b87b-61cf-c34c0fb2e55d,70c197ba-8951-14ad-a270-b32053663da9
44e50ad3-63f6-46d1-96d3-de24204b7b9a,116d161e-4950-48d0-8bdb-f371ca15bdf8,1e35ee58-8dc3-c03b-f223-0a2e9bde90b4
394c44e8-a0ce-4b29-8f9a-4d01cee49434,0f772e66-d8c4-46e1-a902-78a7e6bc932a,1e35ee58-8dc3-c03b-f223-0a2e9bde90b4
c5dbb2a9-c761-4caa-9b87-b1463d48a18e,0df1a149-3775-fc19-3bd3-331b3aa74e67,e64d226d-1d88-a330-ae45-a66bd201b031
ad510867-6bec-4aec-9b12-e8e481e27e4f,0e391336-92cb-5f07-e5b4-d93a68e9f098,e64d226d-1d88-a330-ae45-a66bd201b031
fce92602-3359-4d5a-8de9-bfe9fa231fda,13e1a4ba-2545-4d98-a928-94c6287da61e,8578e802-08ab-1d2b-e599-c3b247d9165c
cd0b5b40-a877-4678-b1b3-a71933b7e08b,1449ccb3-3e94-4402-a39a-960bc5fcd7da,1e35ee58-8dc3-c03b-f223-0a2e9bde90b4
ec3cc674-519e-4435-afd7-0b53bbba0638,11437f44-11d8-4441-ba7e-b7197144f8eb,70c197ba-8951-14ad-a270-b32053663da9
ccbdb8f2-b172-4ce6-8a85-405c49143454,0f189dbb-2346-4c16-a61b-f3171ba85a95,70c197ba-8951-14ad-a270-b32053663da9
e4a5dddf-ec83-42a9-bc6a-a1a002dc2e96,119ffd86-300f-48a1-8312-8e915c2ab375,70c197ba-8951-14ad-a270-b32053663da9
93ffc03c-2ce5-46b9-860e-f3b00be2bb5f,12213aad-a5d9-4849-afd3-d75f8c6d7ce1,70c197ba-8951-14ad-a270-b32053663da9
4450fecd-9664-475f-ab52-f948f124e88a,1254ac39-306b-4c1d-a47a-63b179363ef6,8578e802-08ab-1d2b-e599-c3b247d9165c
09ecbac7-5288-48ae-96c9-72044cd44fb6,138fdb59-e628-6a5b-9a2f-ccd6736d6346,70c197ba-8951-14ad-a270-b32053663da9
325abf37-9d2b-421b-ba1a-f5c8d75a8c55,14d11fe1-d0f4-df0a-14b4-9eabaf4c082f,1e35ee58-8dc3-c03b-f223-0a2e9bde90b4
371f5450-2ee9-40c6-b421-b9cbb76309e9,1658e42e-cfd9-9fee-d25c-ecc18c05734f,70c197ba-8951-14ad-a270-b32053663da9
0bfc8e2a-a158-4231-88d3-431d0d47df92,161d9726-55ff-e4fb-8e0c-01ac62dc0656,e64d226d-1d88-a330-ae45-a66bd201b031
45c7b63a-050a-4eac-9eda-6892863c8b2c,15555032-f100-44dc-835e-397dbae2531a,8578e802-08ab-1d2b-e599-c3b247d9165c
332ae8a5-7f79-4009-86e2-0c371f898465,15798d64-72eb-5c93-e5d1-9f709c73a1db,e64d226d-1d88-a330-ae45-a66bd201b031
ca8498da-ad2f-4a1e-ba5b-e26f3ffdf96a,1497b11f-93aa-7b90-b5e6-24d704436fb4,70c197ba-8951-14ad-a270-b32053663da9
03b2ff27-06d3-48a0-bfb7-3015d9aef967,15b1593e-7898-46ee-b90d-0237ca0677d0,e64d226d-1d88-a330-ae45-a66bd201b031
56025f0e-6e32-4c86-aef1-f159a2ed4348,148af68d-8ac9-ac5d-ef70-08f357b2afe0,70c197ba-8951-14ad-a270-b32053663da9
c11becf5-b544-4341-9076-c6d5ab231ab3,155b431b-57f1-fbd0-6d04-48c7daec9844,1e35ee58-8dc3-c03b-f223-0a2e9bde90b4
5a6cb336-d976-4c2b-98bf-d90bdefd26cf,18f7dd54-e176-43f5-812d-e12bc567920f,1e35ee58-8dc3-c03b-f223-0a2e9bde90b4
89cbcc37-3643-4da0-929f-39b0884b0bb2,19387aea-e433-4379-9050-4d9879b06bab,70c197ba-8951-14ad-a270-b32053663da9
9d500ea0-0636-41a2-8e07-ebcbad9eaea7,186cdeff-fec7-9add-d9b9-8807bfd4aa89,e64d226d-1d88-a330-ae45-a66bd201b031
5892678f-3578-4b20-9de9-ac3a4baa6bf6,1d704005-9b90-47e2-9577-e8ab8918e39c,1e35ee58-8dc3-c03b-f223-0a2e9bde90b4
596b79f4-0bbb-4688-a329-cee415ef951f,20172253-b665-7a4e-29bd-b8f935750f62,70c197ba-8951-14ad-a270-b32053663da9
280c57b6-157f-4260-a9e6-7b5f3ea14900,1e7919e6-d100-4276-84ea-c550282c5933,70c197ba-8951-14ad-a270-b32053663da9
e2ac30ca-0bdc-426f-9607-ed0a4fb4b95d,1e864434-cc0c-4e5f-873b-6091ac590de3,70c197ba-8951-14ad-a270-b32053663da9
99a963de-152e-4560-b572-958a5bcc70c5,1d20314c-db91-6748-9481-51d905e274cf,70c197ba-8951-14ad-a270-b32053663da9
417bf109-09c5-42aa-9b51-ad46eb0dfee5,1ddbf220-e42b-48fc-bb8f-b46701552a10,1e35ee58-8dc3-c03b-f223-0a2e9bde90b4
041373ff-afa9-4c49-91dc-b55bcd282615,1e83c0a2-bd53-4d2f-99ba-bd8de4f0a4cc,e64d226d-1d88-a330-ae45-a66bd201b031
c4905cba-252b-48fb-b239-a50977a69632,1eb2b8bc-ea89-e6b6-94ec-13363cf23ebf,e64d226d-1d88-a330-ae45-a66bd201b031
9a3bdc97-48a3-48ef-9638-8ef08ff49c13,1cce5fb7-a257-e08f-5da1-0cf7a506fe0a,e64d226d-1d88-a330-ae45-a66bd201b031
db69d2a2-a217-4705-8407-9e050d98f303,180486d1-f988-f3e9-6798-3365b9c34e68,e64d226d-1d88-a330-ae45-a66bd201b031
fcd954e1-eefa-4959-96d4-2e6fd1147d48,183ae20f-a2ab-4a21-93ec-df994349cec0,1e35ee58-8dc3-c03b-f223-0a2e9bde90b4
03cf91e3-4e5b-4966-af88-8ac0f10153d6,18f3da90-ecd1-42d2-b01a-27b487f765c7,70c197ba-8951-14ad-a270-b32053663da9
2ca8d9e2-7557-4670-b9a8-570a323038e4,1a7cefd6-f696-4fe2-8cd8-cc500c82d0f2,e64d226d-1d88-a330-ae45-a66bd201b031
514edcaf-f860-45ff-91a8-f9aae8d81438,1b523181-2816-445b-b5b9-be5387e0aaf6,70c197ba-8951-14ad-a270-b32053663da9
2377c17f-d602-4f34-acf0-b14e92f78a9e,18a238b7-db2e-e9d6-831e-5c4ce2f732d9,e64d226d-1d88-a330-ae45-a66bd201b031
efe8bbb9-5822-435a-bc28-d251b2b83f0e,252bb78e-11fd-4a74-8e34-126c1a2b2a1e,8578e802-08ab-1d2b-e599-c3b247d9165c
f8df08c1-87ee-41f7-b142-97d5c29cd592,22805847-a3da-41a1-9ef2-b37d1bacf637,e64d226d-1d88-a330-ae45-a66bd201b031
b4c687e9-2efa-4eb5-b9df-af2661cbd3d6,268aa216-f8db-29dc-ab8f-6f35f40c8631,e64d226d-1d88-a330-ae45-a66bd201b031
67cfc26b-5c53-453d-9ccb-16fe9d2e67dc,21cf647d-e774-4470-8715-9c307546a03b,e64d226d-1d88-a330-ae45-a66bd201b031
64a344a0-a6c8-4b21-81b3-927f7295f413,1c6ab4d5-4443-483a-bcbd-1c65e701a7c4,70c197ba-8951-14ad-a270-b32053663da9
fe1b1051-7a9c-4978-a0c8-f3ab2ab986c4,1e30681a-1c7e-468b-a5de-d9dfe0694bc3,1e35ee58-8dc3-c03b-f223-0a2e9bde90b4
38f59fe3-14ae-4c03-a4ca-57cf6e4c69d2,2c7724b3-da89-4970-b751-a0516b06b1fd,1e35ee58-8dc3-c03b-f223-0a2e9bde90b4
4a7c2711-e3bd-4dae-baca-5a4a780d5b05,2bfb32a0-7f61-4446-8e4e-be3eca8d66f6,e64d226d-1d88-a330-ae45-a66bd201b031
1390514f-b7ee-4e74-9f5c-f0b4643fa703,2d3e8f33-44db-4a78-9cf3-207a572a9160,1e35ee58-8dc3-c03b-f223-0a2e9bde90b4
56f6fcb6-11aa-4fa2-969c-b50dc0dd2e5a,28e5ac9e-80fd-49fa-af10-008612aeb3df,1e35ee58-8dc3-c03b-f223-0a2e9bde90b4
bfbb3bdb-75a7-468e-a237-5b51ec0c5878,2ec50bee-3039-40eb-91bd-71b5423826a6,70c197ba-8951-14ad-a270-b32053663da9
25930dea-1baf-4296-b4b8-64948eca43c5,2f74f5ef-981e-4794-89f8-f65521d98af0,1e35ee58-8dc3-c03b-f223-0a2e9bde90b4
c1e96416-aa96-46bd-9428-cf1ad3f4e9e7,2f8dae63-041c-41dc-be04-0619db9f2e79,70c197ba-8951-14ad-a270-b32053663da9
4374de63-9b10-459d-af78-b628a5b985c0,2d9f93d3-2d6b-df84-e522-b9990c10a1cd,e64d226d-1d88-a330-ae45-a66bd201b031
24b93e6c-36c3-4dad-b66b-8ac4fd6fb6c4,30c13f05-fb5c-49aa-99f9-241e13b95f32,e64d226d-1d88-a330-ae45-a66bd201b031
be31a8c6-1362-48db-8779-dcf0fedd70e7,2eca0dce-3f83-49c6-b9ec-82fde5d1f6a2,e64d226d-1d88-a330-ae45-a66bd201b031
bc0ecd35-3a8b-46af-8609-666748d11ac3,2df72092-3716-f8c4-9586-f5a0846a284f,e64d226d-1d88-a330-ae45-a66bd201b031
e6f139d8-4269-4fb3-bfeb-0bfeaeeee60f,30cf66d4-6f11-4c2c-a31c-0e77a7e43943,e64d226d-1d88-a330-ae45-a66bd201b031
329148e7-af79-4e8c-a4ef-3103d58f7598,219557c9-9bba-46df-84b3-45905b301529,70c197ba-8951-14ad-a270-b32053663da9
500ded90-3315-48d4-ae7d-03bf1769e9d0,225d8e10-6ef3-47ce-96ca-4feb672b5a1f,1e35ee58-8dc3-c03b-f223-0a2e9bde90b4
764df444-e486-48ec-8fed-c351cf791c74,257c325e-f6b4-bd32-7b5a-8e329d603f1c,e64d226d-1d88-a330-ae45-a66bd201b031
8043c862-2fa8-4fdb-bbf9-cb868991f99e,241d5dc6-f0e8-4ee3-83dd-4f5967ae57b3,70c197ba-8951-14ad-a270-b32053663da9
892ca478-32be-4d48-9865-ba3f96f61791,2611cbc3-f8d0-4e21-96a9-b7765e13da45,70c197ba-8951-14ad-a270-b32053663da9
d9c21168-2aba-4409-be6e-a5c27925db71,2298c6ff-a803-4dd1-a5d0-c1a20a1f1fb1,70c197ba-8951-14ad-a270-b32053663da9
5dd7ee51-d6cb-4a1d-a13a-c2e502c15515,31b44976-762d-43c1-b5bc-ebb1dcc3c86c,e64d226d-1d88-a330-ae45-a66bd201b031
c28ac916-adf0-4169-bd78-73047190a1c2,415bd810-248e-0ef8-1397-52b5ecad391e,e64d226d-1d88-a330-ae45-a66bd201b031
81c7582e-8778-47b0-afcf-0870116f7189,3d700b84-cf01-4cf7-9e9b-4998ed4151d4,e64d226d-1d88-a330-ae45-a66bd201b031
44828586-2ac1-4c5d-9475-055487c62a6d,3f170828-cb6a-42ff-b8a6-d12163a28233,1e35ee58-8dc3-c03b-f223-0a2e9bde90b4
256a4bef-5e0a-43f7-be7d-cfa4b78158e4,2cb2f9b4-f5a4-4404-aac7-0c199ae34a01,70c197ba-8951-14ad-a270-b32053663da9
989bb435-8b52-4a86-ae60-1b6260836111,275bfbb2-b97c-4cb8-b2ff-d9cbe56d45a1,70c197ba-8951-14ad-a270-b32053663da9
0c77d5bb-abf8-463a-b555-16ca9b52952d,2d2ab2d2-9b73-431a-9cde-21ed2d0bd06b,70c197ba-8951-14ad-a270-b32053663da9
912002dc-ff9a-4478-99e4-2ce2226878e2,2d3bf2ea-2842-43e6-a40e-6e3235662dc4,e64d226d-1d88-a330-ae45-a66bd201b031
b5c9f2ab-7aa7-46d9-900a-b160b3376989,2ba58c8f-ac43-49be-90d0-17bbf22cc2eb,70c197ba-8951-14ad-a270-b32053663da9
463b332a-c800-40d3-b35e-5add7fae1744,2ba39179-68ef-41fb-935f-042f45f5ab8a,e64d226d-1d88-a330-ae45-a66bd201b031
411e1bc1-8136-413f-b3db-2d2db4de866a,3d5320ec-70eb-2fc1-ee7a-24bf099c4304,70c197ba-8951-14ad-a270-b32053663da9
5ca51771-2af1-4d8c-8ef9-6991b471447b,3f033265-c166-4e27-8b58-cfeaaf3518de,1e35ee58-8dc3-c03b-f223-0a2e9bde90b4
2aa9f692-d03c-48f5-bff8-268791a25e3d,4033130b-de42-b9ad-f73c-9a19332efe19,1e35ee58-8dc3-c03b-f223-0a2e9bde90b4
1a9b5926-8b00-4f5d-bdbd-62120ebe9a26,46be71c8-d9ff-d8a3-d411-571f8abda45a,1e35ee58-8dc3-c03b-f223-0a2e9bde90b4
5573332a-23a0-4a40-b359-53939d03d2d0,2dd75d87-961e-46da-824a-9ef30cfa0f88,70c197ba-8951-14ad-a270-b32053663da9
f426ab84-f539-4fff-ba0e-03cad6ad3771,3019d70b-b5fe-43b6-97d8-b26859b9495d,70c197ba-8951-14ad-a270-b32053663da9
dd7deea6-2509-47e0-9ecf-496110eeeb1a,2dd6a3e4-3630-4848-88d5-74801ccdd6d4,70c197ba-8951-14ad-a270-b32053663da9
860cc62b-44cf-4e19-84c6-f75748f0e8e1,2e0e86fd-0c4d-4e9c-a9a2-5ad59afacc61,8578e802-08ab-1d2b-e599-c3b247d9165c
6f62562c-ddcc-4883-aa08-2c3ca0c4e956,3062c528-7dc0-45e8-975a-05d7845bae72,1e35ee58-8dc3-c03b-f223-0a2e9bde90b4
89e2c88a-17b8-43a2-bf01-7174d5771f18,41d38d6f-54b9-49df-9c15-edb057664664,1e35ee58-8dc3-c03b-f223-0a2e9bde90b4
3b0a9f07-fa84-4486-bedf-af904eda8803,43ac2bcf-ab3c-489e-aaa5-0b98b842c00d,70c197ba-8951-14ad-a270-b32053663da9
ec71be18-553b-4abe-9321-16cdcaf568d3,4488522a-f080-4a33-a1f8-2f9adcb664f6,70c197ba-8951-14ad-a270-b32053663da9
76ff2b0c-dd47-4db4-8ad1-04b927d06c8a,4350276e-4af3-418f-99c7-87dd18c2f35c,1e35ee58-8dc3-c03b-f223-0a2e9bde90b4
6bf54431-904a-42bb-8f24-3800440d6fc9,417cc726-3c85-4c26-b2a0-dc6921bdcde1,e64d226d-1d88-a330-ae45-a66bd201b031
3c299065-e1b2-40be-b769-558d21b16e59,424864ed-c344-baef-5b0e-0c85ccb7b7c4,e64d226d-1d88-a330-ae45-a66bd201b031
ed485969-7396-4dc2-9471-41cbb8f3d1e4,417933e3-459f-4ff9-963c-7e5db8a5706a,e64d226d-1d88-a330-ae45-a66bd201b031
ac944292-4f72-47e2-bbd4-6eefe92a6964,3570cf3c-2107-44eb-bbbb-9cae5c6d6bac,70c197ba-8951-14ad-a270-b32053663da9
ffbe6918-3978-4152-bdb7-85bdb88f9d57,3284170f-a921-4048-bbda-956a81d73332,1e35ee58-8dc3-c03b-f223-0a2e9bde90b4
3b617a38-b361-4e90-8d33-298c3b94cf3d,35ffe0ab-e8c2-4506-9002-c563eae35f1d,1e35ee58-8dc3-c03b-f223-0a2e9bde90b4
41946b5f-1ffa-439d-a26c-00ee4d7541b9,31195f53-3445-160c-730f-435e08e8ccaa,e64d226d-1d88-a330-ae45-a66bd201b031
020ec768-3e9c-42f2-8641-4e4a0bfb54ff,329feef6-858f-4f28-80d5-220205f7427b,e64d226d-1d88-a330-ae45-a66bd201b031
b2dd67c0-7a9b-4206-8594-49f93f9900c6,3150cd7c-1e52-afd3-4965-430083bfab3f,70c197ba-8951-14ad-a270-b32053663da9
56be39e5-3883-421c-902e-f0c9f4921c67,338df7f3-9cdd-471e-b204-abb6f5428318,e64d226d-1d88-a330-ae45-a66bd201b031
c64153de-9951-4ea8-a365-e2f803cc8e30,31b61ac6-d735-4ff6-aea4-0b65269e4b63,70c197ba-8951-14ad-a270-b32053663da9
509842fe-cd79-4ad9-b774-b6bc14438cfc,4860667f-398f-45b3-b4df-99fc27a57b0f,1e35ee58-8dc3-c03b-f223-0a2e9bde90b4
33fc3f45-d2ac-4398-9d57-5d4a773c43c2,391c9d28-f65e-40e5-9575-2243ef21aea6,70c197ba-8951-14ad-a270-b32053663da9
71865ab7-e1d0-4936-959d-57ea5401fa65,38095be2-23d6-edc3-e90a-17198d4eb33e,1e35ee58-8dc3-c03b-f223-0a2e9bde90b4
39065b27-6b6b-4d05-bd8a-07ba1a062300,3b302d74-64c3-4b83-d594-9fc210dde1d9,70c197ba-8951-14ad-a270-b32053663da9
69e5356e-b337-43fb-b90e-58e487a7a8be,3c64d81c-62de-440d-aaf6-bee3d0388177,e64d226d-1d88-a330-ae45-a66bd201b031
c9e2c226-10e2-427d-99ec-835e3d314624,3b6258fc-237e-4102-8ac1-0841efdc9972,1e35ee58-8dc3-c03b-f223-0a2e9bde90b4
4fb5a3df-37ee-49c3-9167-e10c083493f6,3ca8d938-0873-49ca-9a15-0cc1efa7b0f1,1e35ee58-8dc3-c03b-f223-0a2e9bde90b4
f419d4d1-b4ee-48d8-88a7-b68f85b9f0d7,3785e8f6-8619-48e3-a2ce-0f50038ba00c,70c197ba-8951-14ad-a270-b32053663da9
b3932f74-e80a-4c83-b41e-f7463fa8510c,36eb1b55-11e0-46a7-9bab-f85a6cd491a1,e64d226d-1d88-a330-ae45-a66bd201b031
43c2ab9e-4629-4a70-9251-6bd27208938d,3f7e557d-0f1a-4453-8ccf-0e999e291de0,70c197ba-8951-14ad-a270-b32053663da9
410866f5-b3bb-4f2c-86a9-be137deca95e,3fdd5a65-f14a-4360-b1c1-f3362de8216f,70c197ba-8951-14ad-a270-b32053663da9
9fef5524-e097-4998-b310-8296e2bdfbe2,3d48904d-aada-486a-8c74-1684221b890a,8578e802-08ab-1d2b-e599-c3b247d9165c
f3d16e70-80f1-49b5-9064-e7f2bc41361c,4a9c6a81-4581-52ca-a983-f3d4caa02b5a,e64d226d-1d88-a330-ae45-a66bd201b031
81fe0ccf-f95c-4115-8f4b-a5d96f44ef21,4f749e89-3fc6-4a91-a19b-6ed6406f3c59,1e35ee58-8dc3-c03b-f223-0a2e9bde90b4
f35dbcc8-47a1-4a1c-af69-70ae7656476b,4c7c5757-43dc-40d3-8cc5-81e128256090,70c197ba-8951-14ad-a270-b32053663da9
ab364584-83e5-4bf9-acd1-ae80c6061429,4c2e4153-5fbe-4367-971a-1a81d9bf596d,e64d226d-1d88-a330-ae45-a66bd201b031
66b59855-ca0d-44fe-b716-ceb802a4c3da,4d4eec49-a02b-193b-2d2f-3c58e0057d8d,e64d226d-1d88-a330-ae45-a66bd201b031
84e8396f-9045-4f2e-8ad7-00ca5014c8ee,4fe52a6b-d664-4c83-b9c4-8c73eeeabba4,1e35ee58-8dc3-c03b-f223-0a2e9bde90b4
27bd99d6-ccd6-45bc-9e54-971fcf7f870f,4c690a58-4aa0-44e7-bcf6-7ae5946517bd,1e35ee58-8dc3-c03b-f223-0a2e9bde90b4
fe8d794f-e8ae-498f-a346-7588c7f59b3f,4f633b9a-8185-7815-b24a-a3c9983242b9,70c197ba-8951-14ad-a270-b32053663da9
93d3185c-a641-4cbf-b98c-b908d81da60b,55950ca9-1246-47d1-8356-9fe7a15bb993,e64d226d-1d88-a330-ae45-a66bd201b031
1a651062-8588-4b8c-8e13-92db1a2dd8a9,57690b85-d826-4d07-a555-71b39bdbc320,1e35ee58-8dc3-c03b-f223-0a2e9bde90b4
b420922a-3a0c-4c1f-ba1a-79b4de9102d6,42a0f76c-8e7f-426c-b863-5697eac6aec4,70c197ba-8951-14ad-a270-b32053663da9
2e511a23-1672-4ea3-a250-fbb668433f17,41ff98ea-6d56-4f9e-8865-932dd7acea0f,8578e802-08ab-1d2b-e599-c3b247d9165c
cba26ccb-c61c-4be0-b2b9-b0589bab61e5,41a795d5-079d-49b8-9d05-f804dee1d6cc,8578e802-08ab-1d2b-e599-c3b247d9165c
c13fdb09-a7e7-4747-9b86-ca3d9dce4d02,5dedc8b8-efcc-4703-a256-95737f0a7524,e64d226d-1d88-a330-ae45-a66bd201b031
04d9f228-2b82-4bba-8c6c-762a0e32cc60,5b227381-2c4f-68e3-5a5f-fd55f46ffedc,1e35ee58-8dc3-c03b-f223-0a2e9bde90b4
748bae49-d45b-46f2-811e-226b495a44b1,5b0bd578-5984-6c3e-7dd3-0e127174ffb0,e64d226d-1d88-a330-ae45-a66bd201b031
a585d444-ee6f-4724-8adf-822662a55cb2,5aa2f692-a647-4c84-82fe-863d32b07c64,1e35ee58-8dc3-c03b-f223-0a2e9bde90b4
8469b957-8679-43a7-ab87-1a84f45f7890,5b6ab2f0-85f9-41e2-92f0-7d9ea9567baa,e64d226d-1d88-a330-ae45-a66bd201b031
264f5ac3-bac9-4c22-92e1-2bb5b06d1842,5c22a9d1-ab96-4476-971b-46fcf67e0f4b,e64d226d-1d88-a330-ae45-a66bd201b031
c6dacbb6-a170-45e1-9d3f-023eae216f35,5c48c21b-b4f0-406c-9b1e-775eb192f831,1e35ee58-8dc3-c03b-f223-0a2e9bde90b4
33d6a512-f9ab-48ae-b43c-9c1d7366f497,5bae251a-414f-49bd-b238-f7bd43e4a077,1e35ee58-8dc3-c03b-f223-0a2e9bde90b4
b72544f7-959d-4cfb-af38-1c28426dca00,5e607588-682f-b2e2-8222-fb88a4feb40d,1e35ee58-8dc3-c03b-f223-0a2e9bde90b4
2e322ef2-0a1f-498b-ab73-5a715d35350e,5bf40713-b78c-fb0c-1092-8c8a2460097c,1e35ee58-8dc3-c03b-f223-0a2e9bde90b4
690951ee-2f46-4088-acbf-7a10d2d1ede2,46f3793c-e1a1-486f-ac46-9d37d39c6715,70c197ba-8951-14ad-a270-b32053663da9
659f17ad-7dab-43a1-a296-38d4f9598731,4a8ea536-5deb-42f6-b519-68dcb93d4bd7,70c197ba-8951-14ad-a270-b32053663da9
c0c37415-c40a-4635-b787-e7651628a72c,4a842265-5fd0-41a1-b3f4-2452bce0ec53,8578e802-08ab-1d2b-e599-c3b247d9165c
fbf88814-58e0-4cef-9c52-1412e57979c8,48bbdfb7-13a3-71e4-329f-4713309c14fc,1e35ee58-8dc3-c03b-f223-0a2e9bde90b4
64b2edf6-8f34-4597-a61c-8bd5e431d1b7,4816b02d-9e68-49c6-939e-e5cd7a419c24,70c197ba-8951-14ad-a270-b32053663da9
e3500a31-a07f-4ede-9b2a-3c1e46f262e0,499e4ef7-65b0-6c8d-86df-da3df75ee1d1,e64d226d-1d88-a330-ae45-a66bd201b031
d5abfe6d-bbdf-427e-ba0b-07def57f5cd2,4a0a24a7-86c0-438d-9297-ae5afaeb33d0,1e35ee58-8dc3-c03b-f223-0a2e9bde90b4
011138f4-7f09-4795-9a39-e2134f463fc0,4af206b1-8745-acd8-f975-0478477bdec8,1e35ee58-8dc3-c03b-f223-0a2e9bde90b4
d8a6fc94-9dee-4c01-b04e-08b7166e6aab,61d6cd2c-4677-4cd5-bb1d-05b3d6e51cd7,1e35ee58-8dc3-c03b-f223-0a2e9bde90b4
41a3597c-561c-46ca-88a5-bdd2ffc95d56,503e8592-d6d3-4915-ba2e-6449bf3eea6d,8578e802-08ab-1d2b-e599-c3b247d9165c
5356953e-77dd-4758-8655-c54515cdbf57,4fb958c8-8a61-440f-94e6-d24bc92551c5,1e35ee58-8dc3-c03b-f223-0a2e9bde90b4
9e1d8e83-46f7-4bc5-a11d-3695774c62f3,4e3ab4af-d320-4499-8bce-f2584c49e3d9,1e35ee58-8dc3-c03b-f223-0a2e9bde90b4
bd6f1c21-8708-40bf-8f7b-53bb9a717a51,60a27070-a18e-4962-8a3f-a63fade46b88,1e35ee58-8dc3-c03b-f223-0a2e9bde90b4
b3dcf08b-b43b-4af2-918c-a41c075e9690,61681686-f873-4d82-bb20-097b2fd5217b,e64d226d-1d88-a330-ae45-a66bd201b031
a9d21d9a-a241-4d37-bcef-a4a3d8bf51a1,646b3ff2-30d0-47aa-a9fd-e4c81447c043,1e35ee58-8dc3-c03b-f223-0a2e9bde90b4
60acddd0-6ec3-4639-9e0c-773f8640e8aa,683da61c-ba4d-40d0-b973-ee65756cc224,1e35ee58-8dc3-c03b-f223-0a2e9bde90b4
b7b263d8-a6a7-40bb-b858-bc6d229f69d8,6812ccd3-4d78-4650-9bb4-a499ee35e6aa,1e35ee58-8dc3-c03b-f223-0a2e9bde90b4
b23d7a9a-3de4-43e3-a46e-87a1a3ec58ee,732b1f3a-c463-ee91-594d-083e360f6242,e64d226d-1d88-a330-ae45-a66bd201b031
90a9f720-0899-4139-802a-7cd031fb485c,70dc1af5-7e4c-4965-ad40-8f10c6ca6a08,70c197ba-8951-14ad-a270-b32053663da9
5df2a7d1-f3c5-46ea-b00c-e3e20bdc5e76,74a51cbf-7e86-4faa-8916-de0bd4bd74fe,e64d226d-1d88-a330-ae45-a66bd201b031
f9700ca5-f7e6-4bc5-abab-f2164bbc272f,774529a3-4def-449c-97a7-813443044af6,e64d226d-1d88-a330-ae45-a66bd201b031
aa3a86da-24e7-40d4-b4ba-07493ed7e96f,83304aef-a487-440c-b087-4bbfb810eefd,8578e802-08ab-1d2b-e599-c3b247d9165c
0f01807e-5a38-4a6d-9cf0-bae0f08b9633,5575f826-1ee3-4705-b04a-d53a835a9573,70c197ba-8951-14ad-a270-b32053663da9
da015e11-1794-4a27-b440-233d935e5de4,527ab966-09e4-47a5-8dac-651dab32406e,e64d226d-1d88-a330-ae45-a66bd201b031
7b53b43c-ebfb-4b10-a531-3050d4235cda,54fa8811-2458-4183-b7aa-cfb2e01963c8,e64d226d-1d88-a330-ae45-a66bd201b031
704befcc-ef58-4310-9424-74a04272dce4,54183697-fd95-4bc8-bb69-b0641e2db630,70c197ba-8951-14ad-a270-b32053663da9
ac10463b-63cd-49dc-a9be-ae512625b271,50418a68-159d-77c1-1cdd-cb3599a4e48a,70c197ba-8951-14ad-a270-b32053663da9
5bcd8d33-519b-4bdf-97e1-52afd650f1ab,25b6b9cb-5f00-88e8-90a2-06e594a37410,1e35ee58-8dc3-c03b-f223-0a2e9bde90b4
0ea711bc-5f2e-4b63-81a5-997707445f59,54d88de1-75c9-9578-0337-0194a08843ad,1e35ee58-8dc3-c03b-f223-0a2e9bde90b4
7eda1872-985e-45ee-90b5-56d6a134fa93,5373fbdb-3163-489a-8376-9b2759493417,e64d226d-1d88-a330-ae45-a66bd201b031
7f151897-d1f5-4b49-b79f-16967754fb9d,57c12c1e-eccb-418b-ae48-c71e3dbf39c6,70c197ba-8951-14ad-a270-b32053663da9
b2143229-81d7-41d3-9c81-d584e9c939ae,5a94ae5a-bd1c-47ee-b9a2-80963aa9884d,70c197ba-8951-14ad-a270-b32053663da9
f6e2735c-aafc-43b8-9bb3-12cb794b138c,5862a025-cdea-164f-9bab-dac413951614,70c197ba-8951-14ad-a270-b32053663da9
d6d58427-eeb6-4189-b030-08b68a5ca687,5922b385-33af-4632-8080-a8faa6c3e2c1,70c197ba-8951-14ad-a270-b32053663da9
324431f7-d8e2-48a8-902e-122d38f94952,5954cead-e6f4-441a-abeb-44d37c2a028c,e64d226d-1d88-a330-ae45-a66bd201b031
eaec597c-a60d-42ed-982d-146c090bf546,57c1561c-cdef-1e65-1355-b3acf8e7dd95,1e35ee58-8dc3-c03b-f223-0a2e9bde90b4
9ddcbf78-1ce4-4a50-a3be-76f8ec06c5af,589bb6e2-fcf3-4f57-b34d-c0060596bcec,8578e802-08ab-1d2b-e599-c3b247d9165c
f65f8d01-7a10-484f-be13-fb76fd8d1506,5884314a-af81-4d5d-ae19-40849c497cfb,1e35ee58-8dc3-c03b-f223-0a2e9bde90b4
63b11094-3c66-4f30-b7b9-57e40b351f4f,5f49c36a-4d90-9616-ede8-fc951fd8f156,70c197ba-8951-14ad-a270-b32053663da9
deaea39e-3fe3-4039-959a-117132dcb0e9,83117ba0-c49c-424d-898f-f33f8a47c9b9,1e35ee58-8dc3-c03b-f223-0a2e9bde90b4
b40a00c8-124b-498d-92b7-2b830d554eca,88322093-24f1-4380-88a0-bc4beb0c3abc,e64d226d-1d88-a330-ae45-a66bd201b031
83279841-36a0-4a92-b1c4-6185e91fb0d0,86b8e2b4-0698-75f1-85da-6ae0b1e0a479,e64d226d-1d88-a330-ae45-a66bd201b031
86e1f8a1-7a8f-42a7-9ad5-1e7dd17185f0,8dd45a2d-88ae-3bf7-59d6-efc65efceca2,e64d226d-1d88-a330-ae45-a66bd201b031
80aadbc1-35e5-4a91-a490-c53e82dbab0b,89be7da1-f14a-4798-9d47-1e44f0de235e,e64d226d-1d88-a330-ae45-a66bd201b031
3baaa572-ec14-4321-a797-94b9a5639d96,8d922c23-abe7-9e61-f2d0-5b9b7cda308b,e64d226d-1d88-a330-ae45-a66bd201b031
81ff5bb3-3b98-4b39-85f8-b6761c6da0f8,8d7babfc-1831-4424-9d0a-0c77fdcf2ab6,70c197ba-8951-14ad-a270-b32053663da9
60c99874-dda2-491f-82d8-177e0bb2c4c3,8d26008e-47d0-4adf-bf58-e7a0a138c40b,70c197ba-8951-14ad-a270-b32053663da9
f153604c-e4c4-4e36-8d4f-803a450f2557,8a4daefa-df29-4037-96de-2e13ec9fa052,1e35ee58-8dc3-c03b-f223-0a2e9bde90b4
a4a781f0-9b92-43db-9122-8fdb98be0949,888741ba-625d-4522-a730-e8c45c4bb459,1e35ee58-8dc3-c03b-f223-0a2e9bde90b4
3f66c140-5b17-478d-a826-4b77fbca5943,8900c615-5792-0620-7395-a28dc1d4e24d,e64d226d-1d88-a330-ae45-a66bd201b031
85728003-8918-45ae-9d21-a3e9ed27ab2e,89cee937-3305-45ae-83ea-487703161308,1e35ee58-8dc3-c03b-f223-0a2e9bde90b4
c588907f-0a2e-4657-b017-bbc6bf893c8c,956d494b-4740-4cde-a461-b0a6ab7d919b,1e35ee58-8dc3-c03b-f223-0a2e9bde90b4
c762e91d-5772-4892-a155-a63f41f4ba08,96fbad3c-5776-42e3-93e4-71976a91b271,e64d226d-1d88-a330-ae45-a66bd201b031
0098963a-7160-4f43-a58d-85c5bc060c47,628e58f6-f36f-4c53-977c-04c0871e9ca3,70c197ba-8951-14ad-a270-b32053663da9
77a52470-8cb8-4f60-891d-c8456b85f1b4,6015fce4-e7b0-4e11-a525-f40a437151eb,8578e802-08ab-1d2b-e599-c3b247d9165c
e44d5962-fef7-462a-bf56-b9a5a8381676,605ec430-1ec0-46d9-a2e7-cd7f671cf5f5,e64d226d-1d88-a330-ae45-a66bd201b031
33abdab3-9cdb-41e7-a529-92419e6d2726,62899c75-8094-1dbc-1319-5c053a7f865a,70c197ba-8951-14ad-a270-b32053663da9
7f9cfc41-c8fb-49d7-ae16-d417f97c80c1,601160ad-b0ea-366d-e63a-dfbc4ae2bb02,70c197ba-8951-14ad-a270-b32053663da9
75178f30-2f15-42f9-b536-5c0e76edd7e9,62fb2c22-4586-42e3-9749-61803ff383dd,e64d226d-1d88-a330-ae45-a66bd201b031
aac70f62-75ec-49c4-8956-3a50f88d7fce,9592455f-729e-45f9-ad62-ab7a37798e55,e64d226d-1d88-a330-ae45-a66bd201b031
48ef470c-9353-47fd-95d6-9732a02adb0a,95640521-5741-472a-861e-b7d8e4ed89a3,e64d226d-1d88-a330-ae45-a66bd201b031
88b50bb6-4ebf-4871-bf29-594bccac7135,9da546ec-dfac-485b-af35-da7749bd196e,70c197ba-8951-14ad-a270-b32053663da9
07c6527f-c865-4baa-84bd-e07b302878df,9d60d516-100e-18ae-42d1-42c17772d68d,70c197ba-8951-14ad-a270-b32053663da9
14e01baf-ff7d-4913-b875-4bb3a16e48b5,68dc3d62-f822-4dc7-99a8-14b94c53a51f,70c197ba-8951-14ad-a270-b32053663da9
6221a160-4be9-4a23-8969-39ca2b2f300c,679aa856-7e39-4079-9066-e3761354b5ae,70c197ba-8951-14ad-a270-b32053663da9
96f2117d-4f2b-43af-8c43-7de6c143ab29,69b33b47-d7e4-416d-be45-db219351ebb1,70c197ba-8951-14ad-a270-b32053663da9
6e217a31-739c-49b3-a7c9-6edeff0ce4b9,665e3f41-b558-4259-b3aa-f9b6e446c96a,e64d226d-1d88-a330-ae45-a66bd201b031
5bf99a09-3a4c-4178-b91e-4355226daeff,689829d3-d2eb-475b-955c-f2a0bf5fe49c,1e35ee58-8dc3-c03b-f223-0a2e9bde90b4
e41a3bbe-b614-41c0-b6a2-9b4b6eb00b8f,65dfb453-b2fb-4c50-ae85-2da665afd9b1,1e35ee58-8dc3-c03b-f223-0a2e9bde90b4
5e47ddd4-ae2a-4920-ac14-a09abba43bcf,68b41bd9-15f3-4649-affc-af6eff17a8fe,e64d226d-1d88-a330-ae45-a66bd201b031
cb3a9fca-a9b8-4799-ba58-d6eea1bab17b,9e66539f-2dc9-4362-8b88-cde7093c908d,1e35ee58-8dc3-c03b-f223-0a2e9bde90b4
eaf7ba7f-f684-4f31-aa52-1aafd83e8546,9dbad911-3c92-5517-6780-83c6be9b901c,e64d226d-1d88-a330-ae45-a66bd201b031
2e891e8b-b0a6-49cd-9922-d585e0ad3df2,6d19851e-fe64-5f83-bcea-fd3ace750848,70c197ba-8951-14ad-a270-b32053663da9
fa767a23-0a34-427a-ba1b-4bf2d0010283,6cd3576a-024c-45f4-804a-785b74319ea9,70c197ba-8951-14ad-a270-b32053663da9
79e9399f-05d5-477a-bffd-ebe6ab624531,6aae9938-4b94-4ca8-a75c-93ca7f8ad3d7,e64d226d-1d88-a330-ae45-a66bd201b031
e0fd5bed-3b85-4139-9401-6931b2a6935e,6c322338-73cd-90e7-dd3e-71c247f5d5a9,70c197ba-8951-14ad-a270-b32053663da9
9dc7b14e-a3f9-4f15-8477-a8cc0e69c322,6f4b067e-4b49-46f0-a2c8-142ba71aca65,70c197ba-8951-14ad-a270-b32053663da9
9e4cde48-ecda-49ec-a4cd-671667a24e8b,6ebf1ee3-8656-1b98-235b-606c15aeb79e,e64d226d-1d88-a330-ae45-a66bd201b031
491427f1-6970-4ea1-aa9c-cb94e3fe0c8d,6ab54dd7-c6d8-489b-f0c9-e13a5ad8dd59,1e35ee58-8dc3-c03b-f223-0a2e9bde90b4
595a2b15-5bb5-45f4-b827-aab840eaa9e0,9f2faea7-6f8d-4a52-907a-3a5354927e70,e64d226d-1d88-a330-ae45-a66bd201b031
3c2e41af-29ec-4b4b-bac6-ad953f8da985,a1fadb25-1663-af5d-8a2d-9474f38511a4,e64d226d-1d88-a330-ae45-a66bd201b031
fea6f17c-3f1c-4ee2-a4f9-7e05551fc972,a07e57ff-93da-4a9a-ab9f-6050855dc905,e64d226d-1d88-a330-ae45-a66bd201b031
934f3373-f851-4d39-a7ca-001b0b1cec7e,7445a472-0d64-4d1d-a55e-3c7f756f44d0,70c197ba-8951-14ad-a270-b32053663da9
08de33e0-644f-47af-b019-7cf8e8f2e404,71f8fbdc-5fe0-439a-b7b7-424187c6738f,70c197ba-8951-14ad-a270-b32053663da9
81d508e5-ed37-4cc5-8982-984e6b796cd0,716318bd-f6a8-4c65-959a-639f2a7ef60a,8578e802-08ab-1d2b-e599-c3b247d9165c
a670b10f-efee-4992-bcb2-f53541fbeb6b,747b9494-5574-495e-8662-d443a56be977,1e35ee58-8dc3-c03b-f223-0a2e9bde90b4
c23d95b3-3d22-4dfa-8fae-46822dc05fe1,70f280f8-1e11-47f3-ab8d-ddb81abf6d65,1e35ee58-8dc3-c03b-f223-0a2e9bde90b4
8412ec03-c876-4e43-8ae5-ec53ee001e9b,7433cc36-67c9-4bf8-846e-9c06fb26ffa9,70c197ba-8951-14ad-a270-b32053663da9
0815a10d-dd2c-4be7-bf28-118dc529deca,74e6fbc5-848d-46d7-8e95-d442e74459b5,e64d226d-1d88-a330-ae45-a66bd201b031
b79dbb6a-2e63-444a-a0ca-6c7d19db51fb,a302fba5-e4e5-4053-9246-f3978ab913b9,e64d226d-1d88-a330-ae45-a66bd201b031
3fb2855b-2199-4fd1-aa99-79bf945e1d0a,a5d399eb-4c52-424f-bea8-77272a20aa2c,1e35ee58-8dc3-c03b-f223-0a2e9bde90b4
d4b49f03-555a-4d00-b143-1c132bceeb92,a44f3329-8f8f-07c2-914a-f906223ce4f6,e64d226d-1d88-a330-ae45-a66bd201b031
d78b139a-f919-4ec9-a63f-7c64eed780b9,76d3bbd2-1ea2-494d-96f0-0eaa37251f0d,1e35ee58-8dc3-c03b-f223-0a2e9bde90b4
f23b2dd1-49be-4b4d-bd60-38403f566d2b,76146d9b-813b-42c4-bbc5-5f79e688005d,70c197ba-8951-14ad-a270-b32053663da9
90fa5a2d-30d3-490d-a554-14d4823d8a75,76981139-93f8-7bef-cb8e-0bf0b3983f9c,e64d226d-1d88-a330-ae45-a66bd201b031
87c90cfd-7f22-4e48-98d7-0a923724e546,7bec63e7-5d10-4de4-b155-a2eed73fa430,8578e802-08ab-1d2b-e599-c3b247d9165c
2f6018db-4fa9-46c8-9a6b-383713c5181e,7930a3ea-eff2-4032-a02a-dcd5c0771646,70c197ba-8951-14ad-a270-b32053663da9
ccd75fab-baab-4907-a426-bc6a6edc87a1,76a6414d-4af0-3c67-083f-07bdb22d49b6,e64d226d-1d88-a330-ae45-a66bd201b031
2a67e7d8-09ee-4cd5-adff-c8c9d7d2ae73,76312297-1232-839e-3cb1-e3632866155e,70c197ba-8951-14ad-a270-b32053663da9
901446d5-eb20-4c3c-af1f-c7eb9c856a6f,775ea590-7c69-29e2-40a1-4133ed6bf93e,e64d226d-1d88-a330-ae45-a66bd201b031
e51c975f-2a4f-445f-8bd5-fb675e79cfff,7fafb173-368c-44c3-baa2-718ed7eb2443,1e35ee58-8dc3-c03b-f223-0a2e9bde90b4
20225ca0-9f5f-4d21-8c27-4cf53ec4d991,7edf6368-49e0-3d59-905e-cf6acad00685,1e35ee58-8dc3-c03b-f223-0a2e9bde90b4
ed322a06-2514-44ab-a931-443c68794d4c,7f2304f1-481e-cb1d-ed5a-0d703a7c94db,8578e802-08ab-1d2b-e599-c3b247d9165c
ea0b57be-71fb-4968-809d-b0315aba1c01,7ff4dde5-2bc3-4bb4-af4b-400968f5975d,70c197ba-8951-14ad-a270-b32053663da9
c467c789-2143-4bfb-8fde-85edd71eaddf,80aedaeb-eeb1-948e-ea7f-0aac2638e51b,e64d226d-1d88-a330-ae45-a66bd201b031
6aa51241-712f-4253-8468-36c04b50af49,82226061-d0f5-4078-ba29-e37f0d6e614a,8578e802-08ab-1d2b-e599-c3b247d9165c
2c8d1cd0-4c52-4591-9b41-257a9dfcafe2,a688f75f-c51e-4869-a18a-d351f01a29c3,1e35ee58-8dc3-c03b-f223-0a2e9bde90b4
8233134a-18fd-43f8-873a-ba45cdd39879,a584155a-d07e-d840-d729-dcfd37c4bd93,70c197ba-8951-14ad-a270-b32053663da9
3ffd84fa-de69-46c8-9815-86daf96098a8,a5f4f730-f999-4c21-a9cb-e3dffa2fef99,70c197ba-8951-14ad-a270-b32053663da9
98f8ff26-6f51-430e-891f-dd5eea1c91b0,a468ba3f-0e60-469a-9d1e-2afbf069872d,e64d226d-1d88-a330-ae45-a66bd201b031
41a2cbf3-2eb8-48ff-b125-c6f149e13dbf,839e4929-bbc2-4ca6-b0d7-3f9848052d83,70c197ba-8951-14ad-a270-b32053663da9
eeae01f9-5f89-4715-b4b7-0d6ad3a93d3c,8278352d-8c70-41f5-99ea-29020e6dd668,1e35ee58-8dc3-c03b-f223-0a2e9bde90b4
7ca5016d-ab78-48bc-8d1c-e2f274e64634,865ff706-38b1-44e9-a977-2e0b778bfeff,1e35ee58-8dc3-c03b-f223-0a2e9bde90b4
4a30cee7-c26e-4a86-868e-da12fbd5e306,859f0ad5-5f4f-40b1-8499-8f497e5431d8,70c197ba-8951-14ad-a270-b32053663da9
39b75ba4-13bb-4f59-86dd-2fa19a526092,83d9ec8f-c60d-4703-9827-d51c5e8ea4fe,70c197ba-8951-14ad-a270-b32053663da9
6abc5e91-3b80-4801-b203-02ba54e09675,82d8cc8b-5e15-4eda-9efe-0a6563f62462,e64d226d-1d88-a330-ae45-a66bd201b031
42d02f24-6de4-4c8e-9b84-0fa9fe9d9403,82defd00-c410-3e0f-7ffa-95a2cef9e194,1e35ee58-8dc3-c03b-f223-0a2e9bde90b4
35fc04f5-3694-4275-a052-2050c3962b9a,a49d1faf-bd66-fb20-6cb1-caa4b22b6544,e64d226d-1d88-a330-ae45-a66bd201b031
4ae7fdbd-e34d-4608-b209-56052f418ddb,b12ed1b7-9d21-49ae-bb9d-a8f1d773f71b,70c197ba-8951-14ad-a270-b32053663da9
12684847-e838-43e4-90f9-ec57eb272584,b197ce4e-2742-4d56-ba07-8cc8471b3f5b,70c197ba-8951-14ad-a270-b32053663da9
0ca2333e-3290-4054-ad34-6ae937752c90,8b4a7703-7e17-4a99-85df-3ae869233534,70c197ba-8951-14ad-a270-b32053663da9
608e50c2-91e8-48af-858e-8513a5ac8121,b32b05d9-09b9-472a-aae3-6a37fffd5055,1e35ee58-8dc3-c03b-f223-0a2e9bde90b4
b7bfe545-df9c-4dd6-aa6f-0f4bf1e85c99,b33c1fb3-04fd-4a02-b881-a7ed2cf76faf,1e35ee58-8dc3-c03b-f223-0a2e9bde90b4
c84f06ef-47a8-424a-9b99-880abf384642,b1d84710-dae3-4a0d-8d67-ac90f6c8e76b,e64d226d-1d88-a330-ae45-a66bd201b031
6554ff5d-7652-4b0f-ad4e-6a27685a87e0,b1313764-c743-46af-95ce-64710c2214db,e64d226d-1d88-a330-ae45-a66bd201b031
2ffb43fe-234f-47b0-b5fa-6bc9b7990027,b0ba7371-2f93-b161-6e84-53475a566c07,e64d226d-1d88-a330-ae45-a66bd201b031
dc8b82d9-c589-4bec-a3b7-f65afc5fb3d2,b4fea5b7-437a-4b27-aa8b-d787008bca34,70c197ba-8951-14ad-a270-b32053663da9
7d4d4323-59d8-4300-a946-af4ba914e2bb,b6c07c8f-b58e-4788-8e17-4bcdc595ed2b,1e35ee58-8dc3-c03b-f223-0a2e9bde90b4
709242a7-d14e-44fa-92be-b2076e786d2e,b6977702-564f-41b1-8172-71373d5c561c,e64d226d-1d88-a330-ae45-a66bd201b031
9630666b-bf65-4f8a-9097-a6cce5b0aa62,b3fdf9bf-8778-5173-76c8-bbdb4c16fb89,e64d226d-1d88-a330-ae45-a66bd201b031
318cbd4c-e580-4c3b-933d-26019b335a09,bb85c274-c104-4d2d-a140-f1af16f68444,1e35ee58-8dc3-c03b-f223-0a2e9bde90b4
30366319-9f4a-405f-b5e4-2cff01ce4b2d,ba928e69-764b-4f72-be62-5a4a41b54c8e,e64d226d-1d88-a330-ae45-a66bd201b031
eaffa751-6891-4a44-8d4d-16f1dd945264,ba84a773-de0c-d1f0-de4c-0bb1ad82a3f1,70c197ba-8951-14ad-a270-b32053663da9
c2047dcd-250c-4ba1-902c-259af1a98a45,bdccb99e-1023-480e-92f8-3d1b30435762,1e35ee58-8dc3-c03b-f223-0a2e9bde90b4
403bd91a-a369-473b-9b91-140e1c052319,be050016-7325-9e91-645f-9c5ce4e193d4,70c197ba-8951-14ad-a270-b32053663da9
86469d7b-f545-4c73-b3f1-142a6ddadf03,90eea379-4d84-cf77-7ae2-313b1ed18398,1e35ee58-8dc3-c03b-f223-0a2e9bde90b4
4b7a5971-3975-49ee-88ab-895f527a5d25,91322908-2047-448b-9ea6-d879940559a6,1e35ee58-8dc3-c03b-f223-0a2e9bde90b4
61a14716-f554-4428-bed6-3873cfa27a07,92427e19-aade-4d8f-8d61-85ecb295258d,70c197ba-8951-14ad-a270-b32053663da9
fc08c767-e884-425a-8c8d-794f4244669d,8e989d1a-e5d5-4915-ba43-040a2e859654,70c197ba-8951-14ad-a270-b32053663da9
38e8a1e6-199e-4361-9733-7ab8b9b4f4ec,8fe31fd1-b885-4463-d979-dbff25adcade,e64d226d-1d88-a330-ae45-a66bd201b031
9b52251d-a33a-4f7f-a514-e833a51e335e,8e9f2640-e250-470a-b23a-be0954d8372f,70c197ba-8951-14ad-a270-b32053663da9
f64ebfa7-2575-4c2a-a9fb-636882fdc93b,92910a6e-dea7-54c8-decb-b76b2713e97a,70c197ba-8951-14ad-a270-b32053663da9
bbc5849b-6e57-4142-b42c-e05ff348e444,8df2f208-e907-40a6-8220-dc527cb34bdb,70c197ba-8951-14ad-a270-b32053663da9
a66bc5a6-32a0-4bc6-b7b3-5b5166f0e96d,ba5b5e02-7e2d-4b6c-b6a0-1706dc914b15,1e35ee58-8dc3-c03b-f223-0a2e9bde90b4
bba5b559-eedb-4a74-abd5-bb23269116f0,9939d7b0-c2f3-4048-8461-8684257b3750,70c197ba-8951-14ad-a270-b32053663da9
de3c5a8f-c0c4-4e3f-8ef8-a4f79f23e561,954c8e4d-db9f-3f0b-7c0b-0a27f185eede,e64d226d-1d88-a330-ae45-a66bd201b031
428d7d74-3832-4c4c-9e57-654887b1a173,95e8ea07-9ad9-a365-511f-7e5c71924804,70c197ba-8951-14ad-a270-b32053663da9
34ed52fb-bbb1-45f3-aecd-f14a011c992d,9610f6e2-11cb-57ef-85f6-084313d5c0a4,70c197ba-8951-14ad-a270-b32053663da9
2165c3d8-d0ed-424f-aa22-8f73f042a018,98c92a0e-a292-4825-a9d4-8154f82f7f90,70c197ba-8951-14ad-a270-b32053663da9
e0868f56-41c3-4bb2-8f70-c4ec80402827,956195a6-0050-4082-bdb8-67cd9bb3b228,e64d226d-1d88-a330-ae45-a66bd201b031
8ffaedf0-0fd7-4549-ae56-2b02385996bb,95780a20-edfb-4f2e-af3b-dd650da2bb9a,1e35ee58-8dc3-c03b-f223-0a2e9bde90b4
22d4f544-c8d7-4bb5-b157-f50a0af2960f,c4ce8f32-89ff-4451-872f-fb6f4416aaf2,8578e802-08ab-1d2b-e599-c3b247d9165c
925cffca-d548-4bf5-9189-57735ff73eb4,c3170cb3-88cc-4550-ad7b-a73a28b0daba,1e35ee58-8dc3-c03b-f223-0a2e9bde90b4
3f844557-e064-4967-82d7-7b010c48128b,9e73d69c-14de-4cac-9c70-f19b29564571,e64d226d-1d88-a330-ae45-a66bd201b031
e5270348-09a1-4784-89c4-2338449df137,9cec88f2-f45d-4881-abe6-24967e8bbb4d,1e35ee58-8dc3-c03b-f223-0a2e9bde90b4
def443a7-df6c-4c80-a880-59c392095bb1,9c1e75df-a0e4-4849-a207-88cfcda97596,8578e802-08ab-1d2b-e599-c3b247d9165c
4ef86f7a-a4a5-4b0f-9cf5-750924840dfe,9ad49800-2ff4-470b-82c1-00383c6604c3,1e35ee58-8dc3-c03b-f223-0a2e9bde90b4
5866a9a1-1876-4f4a-a44b-99f75353d684,99ff54a7-2dea-4eb7-975f-51d84646e3a9,70c197ba-8951-14ad-a270-b32053663da9
e8c884f3-0a88-4751-83c0-574ea78e3f4f,9ceaed60-a752-414f-9280-1400cfd81233,e64d226d-1d88-a330-ae45-a66bd201b031
b8b2c27d-d61d-4e5e-bc2c-2a4e61f0dbec,c00dcd61-c11f-4470-8d9b-0fdd6bda0961,70c197ba-8951-14ad-a270-b32053663da9
2b47b611-886b-4b98-9ee9-a9943b1b2bfd,c47deee0-33ac-40b2-a1fd-92709b493ee0,e64d226d-1d88-a330-ae45-a66bd201b031
766c8021-eb7a-4352-ad6d-0118cd1ef348,bfa2a051-a396-44d6-982d-837a2645a2bd,e64d226d-1d88-a330-ae45-a66bd201b031
fa762c39-feee-455e-96b8-d28a306f70eb,cc4a5bc2-b37f-400d-aea0-7745e7937d97,e64d226d-1d88-a330-ae45-a66bd201b031
45198ef5-36d5-4c13-855b-553fa0df63fa,a051b611-307c-4dd8-8231-d35b0c3d6c6e,1e35ee58-8dc3-c03b-f223-0a2e9bde90b4
0c3ff418-4fda-4316-bb28-f53191911a57,a07b57ec-ba58-4944-859f-25f28cd840b0,70c197ba-8951-14ad-a270-b32053663da9
a4aa16a2-f8a7-4f76-bd9e-be90eb82eee8,a29b9e8d-67d7-05a8-48fd-71eb0f694d30,70c197ba-8951-14ad-a270-b32053663da9
e83dd869-9b3e-41ae-88fa-04eb6a0311bf,9ee35b36-6255-4423-bc89-5767bb5efffc,e64d226d-1d88-a330-ae45-a66bd201b031
2da84736-e085-4180-85cc-78568a4e1141,a1859bff-3489-68ef-b143-30435d51a24c,70c197ba-8951-14ad-a270-b32053663da9
358bb0d3-a1d5-4b72-b592-59b112cb004a,a026e335-73e4-2485-55fe-ec5284c261c9,1e35ee58-8dc3-c03b-f223-0a2e9bde90b4
60ebe617-482c-449e-bad4-8d946286c563,c9b0b0bc-7908-4e41-9096-deed9d35eb2e,e64d226d-1d88-a330-ae45-a66bd201b031
fc166ad8-5759-4e23-acdc-2b7199d5804f,d0d51a62-1b4a-68c7-6547-af85717c9657,e64d226d-1d88-a330-ae45-a66bd201b031
fac4bf6b-3f3f-4975-93fd-c4cad854e5fa,d23a41d0-ecf5-42b0-8577-efd8d8f44151,70c197ba-8951-14ad-a270-b32053663da9
f26b0875-317e-45ff-9386-0c8db9e14ed0,cfc0aaf5-004e-6910-8848-c6b4f687d228,e64d226d-1d88-a330-ae45-a66bd201b031
ec629bd0-c8ba-4a35-84a8-e95c2ae3576d,a575c30b-b34f-4fa2-bdf0-9f3ad134cb22,70c197ba-8951-14ad-a270-b32053663da9
30f44f83-c67f-4d3f-9907-cf82f1fae5e1,a5d47058-7061-49d6-a97f-b690d596e068,70c197ba-8951-14ad-a270-b32053663da9
cc1836d4-42c8-49b4-b317-8f5f9d1ca843,a6ca6ec0-4d14-42de-a3bf-3fd7daf42b82,70c197ba-8951-14ad-a270-b32053663da9
c1b5f537-c0ef-450b-8556-53523b4e4c1a,a4c8d7ba-e56c-b97c-3976-a9b71b27beeb,8578e802-08ab-1d2b-e599-c3b247d9165c
a751b50d-6bd3-4246-b13c-05eceffa260d,60e938af-6b7e-5442-1c27-e50a82445593,1e35ee58-8dc3-c03b-f223-0a2e9bde90b4
f125b3f2-fbd1-4f2a-97ae-46930ce65617,d1894d5f-5555-2fcd-bbca-0096ed8658e9,70c197ba-8951-14ad-a270-b32053663da9
914d1a21-da76-4b27-b381-1470aac14bc2,d261d0fe-1a98-4ce9-923b-3c83180142a0,e64d226d-1d88-a330-ae45-a66bd201b031
4114737b-1941-4db8-821f-ce195b82ab75,ce3aa400-221a-b49a-a96a-2bdafd200adf,70c197ba-8951-14ad-a270-b32053663da9
dd14d9e9-72f9-4f62-a1cb-180780a016bf,dae22f52-ca30-49f8-a445-f931bd0169e2,e64d226d-1d88-a330-ae45-a66bd201b031
79039d5c-e47f-4eb2-acc4-f8cece98f139,dd958bd1-04ba-415d-87c8-5db2318648e3,1e35ee58-8dc3-c03b-f223-0a2e9bde90b4
0ee2558e-28cb-418c-991c-a3675e9eb9cd,dd462b31-ab2c-4c13-a496-cf04da11cc35,e64d226d-1d88-a330-ae45-a66bd201b031
e5a0c6b7-cce9-43e2-aa9d-3c5202e0fe94,dc901e43-30b3-b057-4a0b-18c78102663b,70c197ba-8951-14ad-a270-b32053663da9
fdd644d6-37cd-4799-ac53-373eaed8a244,fdb79954-4805-4217-8643-25c0ab51022c,70c197ba-8951-14ad-a270-b32053663da9
11f4ad02-5900-441e-8264-7e8539ab9d0b,a8f71be3-9250-4f90-b37e-2ed337b01076,1e35ee58-8dc3-c03b-f223-0a2e9bde90b4
2c3488d5-5bc0-4f41-b586-627fffbf7674,a90e40dc-b24b-4ec2-abad-33d469c7a2d7,70c197ba-8951-14ad-a270-b32053663da9
62c0cb3c-d818-487f-ab6e-df3990678848,a765e777-e44b-4b22-9974-8232d45821bd,1e35ee58-8dc3-c03b-f223-0a2e9bde90b4
f83e6272-cb90-434a-9bd1-23f4d73ad958,a74f2747-b32e-2f47-15c1-6a08c567ad9c,70c197ba-8951-14ad-a270-b32053663da9
9c78abef-de47-434a-856f-55f130f01b70,a7a8275e-7e2c-4192-a294-208120d82a94,8578e802-08ab-1d2b-e599-c3b247d9165c
8fb239ec-7d0c-4167-9768-c5ed6a99ef35,a7e6db91-84fe-439b-8ad8-8728203e5bad,e64d226d-1d88-a330-ae45-a66bd201b031
132fb986-e10d-4de8-8ab6-042111eab93f,a7f94367-4f45-ebb0-eab5-1e3f5aed7e40,e64d226d-1d88-a330-ae45-a66bd201b031
25c927a8-0b32-408c-b736-e2f684b08cc7,db289cb9-aa56-5dfe-55ae-be175b70dcde,70c197ba-8951-14ad-a270-b32053663da9
ff034f12-88d5-47bf-892b-cb35dcefcfae,ac6d8125-cdc6-4ef4-8d8f-8074003a9045,e64d226d-1d88-a330-ae45-a66bd201b031
3817fdde-7372-4d14-91ec-59e0fa25dfa1,ade37416-242e-41d5-9e00-c0f1d29b4ffc,e64d226d-1d88-a330-ae45-a66bd201b031
e357b58c-e1bd-4f8e-b8b5-64e167ee922d,af0f95e8-0141-dc42-abcd-77e136ddf778,1e35ee58-8dc3-c03b-f223-0a2e9bde90b4
29b296e7-4157-42b7-9a27-050b65454b8e,ab6e8da7-9411-45f1-94e0-397ce066962f,e64d226d-1d88-a330-ae45-a66bd201b031
7eb4ec2e-295b-4b3d-8725-2837dbe11a9e,ac6c6e87-9e17-47aa-cd97-5d20be0f29c9,e64d226d-1d88-a330-ae45-a66bd201b031
f1c09926-8416-453a-bc14-58985a846456,ac073956-cfa2-9e24-8523-f3926e2826c4,1e35ee58-8dc3-c03b-f223-0a2e9bde90b4
3bbe4dea-c8f9-4f52-b820-58eb0b4ecb3d,adb51d4d-6a9d-1b9f-d58b-9fb12142b687,e64d226d-1d88-a330-ae45-a66bd201b031
129e2c30-da87-4117-988b-a43bb01439e4,db12329a-c6ad-f049-926a-fc27b1152e37,e64d226d-1d88-a330-ae45-a66bd201b031
f70249e7-c1b0-4f95-b8c7-b6427b11facd,de68284e-7f43-4740-a511-38b3067686c2,1e35ee58-8dc3-c03b-f223-0a2e9bde90b4
e3b354bb-557c-4f29-bcaf-e60ab2577242,b2f84ded-a385-458a-9c94-09fb052cbca9,70c197ba-8951-14ad-a270-b32053663da9
a0f2bb3c-d8d6-461a-b1e3-a686598f8ee5,afb2efab-3ed5-4a7e-8c3e-54c76bedfe16,70c197ba-8951-14ad-a270-b32053663da9
741eb579-01f7-421f-bbbc-de6ee33c9d8c,b1690172-5ae1-4ae7-ab71-45b870ba3a40,8578e802-08ab-1d2b-e599-c3b247d9165c
735e8d82-2a0a-4cd7-b6b4-cbb488c7e364,afb0a7e9-c142-4e39-b15f-f70b5e5fa780,1e35ee58-8dc3-c03b-f223-0a2e9bde90b4
2dee5278-5a7f-4a79-907e-ea57bf387e53,b22de932-df8f-6066-b0f4-41dfcd7f2a60,70c197ba-8951-14ad-a270-b32053663da9
2440174f-447f-471f-9016-e30c326b69eb,ddef3815-6203-4246-b0f9-7d810a5ef594,1e35ee58-8dc3-c03b-f223-0a2e9bde90b4
cccac1ba-b3fc-4363-98b4-667a28e9a558,db706c26-dda7-2e6a-faa8-57884e88d5e4,1e35ee58-8dc3-c03b-f223-0a2e9bde90b4
168c6469-3804-4ed0-8dbc-283819d102aa,f071ebf8-d5af-9496-1d00-64df8fd70fe0,1e35ee58-8dc3-c03b-f223-0a2e9bde90b4
d88892ee-aca0-4025-8403-332b6a590c03,f21d28b2-ee65-4232-a65d-e143b9c12261,70c197ba-8951-14ad-a270-b32053663da9
4f660e1d-1a3b-4935-978c-7c6a7c9f873d,edc3c7c8-b725-4dfa-9790-f4f1c8c276b6,e64d226d-1d88-a330-ae45-a66bd201b031
2f8aacb4-1d1f-4ad1-be1c-3e5ea33198ac,ed0c5960-efab-4a40-9989-590229eae798,e64d226d-1d88-a330-ae45-a66bd201b031
84c4fb5f-1c3f-40e3-9eec-0bfcede0fd13,ef01d017-c7bd-276d-da55-e8c37718a1f3,e64d226d-1d88-a330-ae45-a66bd201b031
928d8c50-8bfb-44aa-99f4-62f0c10cba6c,b8925155-9b52-4dc2-b3fc-6b42307266b8,70c197ba-8951-14ad-a270-b32053663da9
66ae8639-3c7a-48f0-8c49-eb6b7288bf4d,b59c39c4-2e39-46f9-a18f-773eae5d9f28,e64d226d-1d88-a330-ae45-a66bd201b031
3bda1938-ece7-457e-ad1b-319c4cfb6324,b9a8dcc8-b631-4712-8eb9-023b5e7d1911,1e35ee58-8dc3-c03b-f223-0a2e9bde90b4
cb28f85f-9592-411d-b92f-310b8c85060d,b4fa89a5-ebb5-4603-8a90-0da478c1cc17,1e35ee58-8dc3-c03b-f223-0a2e9bde90b4
c7fbb961-f777-4b71-8f71-23ae15b6965e,b5b8c37f-13b6-410e-b921-fded82ec5bbd,70c197ba-8951-14ad-a270-b32053663da9
9f521623-7f6d-4443-9273-6bb2fd98a31f,b661f1b7-c515-4b0f-88b0-97920521fc28,e64d226d-1d88-a330-ae45-a66bd201b031
e77a9651-b936-4606-964c-b3e707f5e673,f7d5bed8-a346-4076-ee17-56394694286e,70c197ba-8951-14ad-a270-b32053663da9
0f1610fb-7e98-495d-8e62-43d531b8c643,f42af35f-0ebe-049d-a956-7cdc11515d44,70c197ba-8951-14ad-a270-b32053663da9
b94ef06f-5d1e-4ca4-adbd-b1094cd725b0,f5af5295-fc5f-45c6-8c36-a35809db6ba9,1e35ee58-8dc3-c03b-f223-0a2e9bde90b4
c33ca8b5-e8d4-4547-92cc-56cc9cbe0b3d,f7b2b2f4-2273-c570-a7b5-74fe7a7c9184,1e35ee58-8dc3-c03b-f223-0a2e9bde90b4
1050a306-d806-471b-8e8b-7d8b9475f02f,bdc760e7-30e0-d82d-ad1c-a295d5f37639,e64d226d-1d88-a330-ae45-a66bd201b031
cbdf24ce-ca13-48a8-bf79-c13bdebacb7f,bd8c18d6-5648-731c-63d1-bccbb706c842,e64d226d-1d88-a330-ae45-a66bd201b031
83f607d3-eb3d-4062-8a4a-520b0bea5dd2,bcc6c880-4914-4d26-a799-d61aaa12c97c,e64d226d-1d88-a330-ae45-a66bd201b031
92cce0df-72f4-407b-bf8f-11f71d616573,f68da35b-6b18-2e79-a751-5c8e16f36fd9,1e35ee58-8dc3-c03b-f223-0a2e9bde90b4
0d2f384d-ca3e-4f39-8aa9-a49f8b8f6b19,fa746213-5faf-94d4-c2d5-a7aa3624ea6c,1e35ee58-8dc3-c03b-f223-0a2e9bde90b4
a31c9cc9-b232-468c-9325-83631612c3f3,fd6a2e25-af8b-4e01-b008-eb628d3eb5f2,70c197ba-8951-14ad-a270-b32053663da9
c73b29a9-5c47-40b9-bcc5-ad3bd520372a,fd0a5a23-36c6-49a6-ad6d-c622799e8721,e64d226d-1d88-a330-ae45-a66bd201b031
05af4d2a-1ace-4a8b-8433-f220efde4fb3,fb6b5fed-d1dc-41f9-be36-30696f0dfa4a,e64d226d-1d88-a330-ae45-a66bd201b031
388de0ed-e39d-4d9e-bc07-1b16f0fb728a,3ef3b599-30ed-4c11-f7a7-d4a7b78350c7,70c197ba-8951-14ad-a270-b32053663da9
99872e31-228e-41d7-89fb-f020dff747ed,257be20b-9a0c-4c1f-a79a-08d4550c8f0e,1e35ee58-8dc3-c03b-f223-0a2e9bde90b4
2d0165ff-ce89-414f-99dd-b64173a1a45e,45af0bea-b6f2-44fe-b0ff-58bc89436737,70c197ba-8951-14ad-a270-b32053663da9
489e5d71-a73c-42d1-bab4-5625ba26f14a,907faa86-9098-4d7a-b0c1-82c650d43247,70c197ba-8951-14ad-a270-b32053663da9
c03e4cc0-e0e5-4d4a-804d-2a84c39b97a3,d122a906-2b44-43d2-ba7d-9ba38427b07d,e64d226d-1d88-a330-ae45-a66bd201b031
e71db82e-575e-4707-8d72-b6e471689b9b,c5854c07-af6c-5d2c-19ba-1deed8ca9066,1e35ee58-8dc3-c03b-f223-0a2e9bde90b4
89457703-8435-4ce1-8d63-51e43d1ff4f1,c0a19776-be9d-414d-bef3-542c0de92761,8578e802-08ab-1d2b-e599-c3b247d9165c
5ed6e4e8-e55c-4205-ad45-b53b14767695,c198c65b-83a2-40f4-8aad-ea7e548d385b,e64d226d-1d88-a330-ae45-a66bd201b031
a0b80654-f111-4337-89dc-0429b57ac30e,c6dbbb78-bbd1-43e5-998f-2c693e64d196,70c197ba-8951-14ad-a270-b32053663da9
14fdb6a9-6b84-4462-9b0b-badcdcec2571,c3869a4c-5b6a-26b1-ccb8-8cf950a61903,1e35ee58-8dc3-c03b-f223-0a2e9bde90b4
bd615214-e137-4525-899f-deea86768aa9,c1c7c324-30fa-7c70-1fc5-8f9a2031fb02,e64d226d-1d88-a330-ae45-a66bd201b031
3abf328d-c11d-479f-98c1-e0e28d04e561,c19b19ab-1f56-ac40-ffb3-81b73bf78542,70c197ba-8951-14ad-a270-b32053663da9
2d6e0e0c-6c4d-41c5-9f57-aba03304dd76,7f8c2271-d9c7-43c7-b9e8-ef17378d91c5,8578e802-08ab-1d2b-e599-c3b247d9165c
dfb75eb3-02e7-4acd-88cb-7a1e093a3670,72095a7c-f207-f318-86ba-d6bc02d5f861,8578e802-08ab-1d2b-e599-c3b247d9165c
4d94f754-d635-44e8-a93e-98e739bc7b48,c0694c53-0b09-4c3d-b945-e07deb4fab41,8578e802-08ab-1d2b-e599-c3b247d9165c
e8b942df-255e-4983-b553-315fb0895350,c87bfc23-4883-7c5f-38a2-219b87a1f5dd,70c197ba-8951-14ad-a270-b32053663da9
b08b7f10-3ee0-40dc-b54c-9b8258e6538b,cb9331b6-0935-4516-82ba-d8d6673e1364,1e35ee58-8dc3-c03b-f223-0a2e9bde90b4
037c9c4e-30aa-41c7-b464-ac118d044a2e,c9e686ab-107d-4fa1-a397-57c8145f4499,1e35ee58-8dc3-c03b-f223-0a2e9bde90b4
62b4f052-208b-4a97-b1d5-48d20ea64f41,c86bc688-9891-4efd-d82d-babe4f973629,70c197ba-8951-14ad-a270-b32053663da9
51f0f4e0-cf26-48c7-91be-2dc5565119f0,ca2fe647-dd84-4e23-aed4-a39138233366,70c197ba-8951-14ad-a270-b32053663da9
4bd5040e-9040-4688-a7af-bae1c5a13bb2,c906cadf-c358-4a89-8a5e-bbc02558b00c,70c197ba-8951-14ad-a270-b32053663da9
505d7069-4e2a-449d-a017-721542647988,cb5be01b-d908-4df6-b106-65793abfca0f,1e35ee58-8dc3-c03b-f223-0a2e9bde90b4
6e36b2b6-4084-4b2d-a28b-23e848b602a3,191a1fe6-2059-45b6-ac79-3f5e388f1852,1e35ee58-8dc3-c03b-f223-0a2e9bde90b4
c4ceb05e-d034-4fb1-a476-49e5de37ff1a,2ec0a9d8-21bc-4d8d-9cee-7c7643601d9b,e64d226d-1d88-a330-ae45-a66bd201b031
ed96808d-a410-406f-a7d2-e8cc5249a61c,d21f484a-964e-4c23-b453-2eba3f02f9d6,70c197ba-8951-14ad-a270-b32053663da9
9b7c05a0-f63e-4d44-8deb-0a471eb7c1ad,ce2247fa-0d9f-43c5-f6b3-0e4d67c090a9,1e35ee58-8dc3-c03b-f223-0a2e9bde90b4
8fa1c1c8-72d3-44be-986e-f441e66bd8d0,cf387d3e-9a4f-4ea0-a5d8-1caa7bc3625d,1e35ee58-8dc3-c03b-f223-0a2e9bde90b4
3730e957-035c-4951-b76b-d79cdfeac661,d1139b22-c73c-4f9f-bda7-0cc7a7b58044,1e35ee58-8dc3-c03b-f223-0a2e9bde90b4
f19d2dc1-2dfc-4830-a51c-ff9c055131e1,d0cefd10-1c21-4311-bf6c-d1a57a9446b0,70c197ba-8951-14ad-a270-b32053663da9
efaadb33-4bbc-4e2b-a193-66dfbee06d10,95c27263-7076-435d-bfe2-143a1861b246,e64d226d-1d88-a330-ae45-a66bd201b031
5b963a67-1ed8-4d19-8e4f-193aa61a2871,4e4f8c7c-650c-4fb3-aa37-47301613bd74,e64d226d-1d88-a330-ae45-a66bd201b031
444edc8d-8768-4b3a-88b9-3e358c965bfc,dffb3113-f6f0-55ad-148d-a1e9f9ccb5cd,e64d226d-1d88-a330-ae45-a66bd201b031
f827a9e8-8dc8-426a-b9cb-2e5f78b48949,fbe1a440-bf28-e40e-813b-ab5a61f12050,1e35ee58-8dc3-c03b-f223-0a2e9bde90b4
2fb33b79-437c-40b6-8058-63bf4f65f3b8,1df23c47-21f8-4776-b46f-25084ba0706a,e64d226d-1d88-a330-ae45-a66bd201b031
16469844-c6dc-4037-810f-9ae594b130ab,f788a5bc-0039-4de0-a12f-c9820c907286,e64d226d-1d88-a330-ae45-a66bd201b031
802590f1-c4ff-42e8-9dff-7ecf6436b151,ff42c4ef-91b2-4c49-b986-47c41594cf8e,e64d226d-1d88-a330-ae45-a66bd201b031
2c46298f-3ca5-474e-847f-d1bd49f6d993,d464bde0-be66-4274-83a6-bb338711cc8e,8578e802-08ab-1d2b-e599-c3b247d9165c
58145c21-168c-4116-8706-e78aaebd6835,d68211c4-0161-45ff-933e-6f9f99c208b6,1e35ee58-8dc3-c03b-f223-0a2e9bde90b4
e28bc978-c5e8-4df0-934e-237b08a97826,d3c38850-1f5e-4f28-85b6-de948e184a6e,70c197ba-8951-14ad-a270-b32053663da9
f0459714-bf18-4362-96ef-d9ca578a62cc,d524af8f-a087-4db9-8a10-cef3f154f70a,70c197ba-8951-14ad-a270-b32053663da9
5760334a-53ac-464a-916e-58532a593b84,d6093206-d7f0-4ad5-b63d-a4d5ee43cd5e,70c197ba-8951-14ad-a270-b32053663da9
a67d5e3c-2cc8-467a-b54b-984d94084acf,d5c5ef06-0692-421d-a4bb-18e68db241e8,e64d226d-1d88-a330-ae45-a66bd201b031
adfaabd6-e343-4df8-a1b1-765a02777bea,d27bdcb0-8039-495d-8782-7acb311887e8,70c197ba-8951-14ad-a270-b32053663da9
69f9e56f-0b98-4457-ae39-d9d7b3470d78,d5e0cf94-ce12-5ce2-c695-8c0c4e4743f8,1e35ee58-8dc3-c03b-f223-0a2e9bde90b4
97494839-971f-4ca2-9ad3-285ce3839587,d88b22a1-5c1a-9fff-bcbd-1fadb0ff41b4,70c197ba-8951-14ad-a270-b32053663da9
89dc7e3e-108c-47ed-bea3-c646ff35f4d0,da6702b7-13df-8bdc-a50d-e01b4e157456,e64d226d-1d88-a330-ae45-a66bd201b031
95dde45e-f39f-4575-a23f-939172522370,d82f3ee0-add3-4fa7-b4d8-d11c393d4840,70c197ba-8951-14ad-a270-b32053663da9
8e5019d7-1907-4f0b-827e-4b7505e2551e,d6dd4c65-9cc2-4f59-9e56-4be40bfc524c,70c197ba-8951-14ad-a270-b32053663da9
4bcb606c-1503-491f-b54b-3cb27295ec7c,d7d2d5a4-bb0c-4c44-ab00-de87f6b36330,1e35ee58-8dc3-c03b-f223-0a2e9bde90b4
1ea057d9-70a5-4381-b961-0a39f2fcd8f0,d7950320-4a98-f24c-ca36-a78cd7883872,1e35ee58-8dc3-c03b-f223-0a2e9bde90b4
c39dbe60-669a-4748-bea9-da2c632f6a10,d88dd553-d05b-4294-9501-8afdfa03ca31,e64d226d-1d88-a330-ae45-a66bd201b031
eeef5680-1374-474e-9f95-e7660b2f4057,d78671e8-a272-d039-904a-685339a8068a,e64d226d-1d88-a330-ae45-a66bd201b031
205dfba8-f020-45de-8a56-76cc3187eaa2,dd718899-e983-437d-86dd-998c63d629e8,8578e802-08ab-1d2b-e599-c3b247d9165c
9d1b747a-88d0-4f38-8b80-c5f6f735c8a0,dc14ddaa-255c-8d59-6e6f-f1883b51fb97,1e35ee58-8dc3-c03b-f223-0a2e9bde90b4
0f8002c5-8c60-4d2d-a82f-288661333280,dd64656d-05fa-842f-6584-f58cdaefc488,70c197ba-8951-14ad-a270-b32053663da9
5dea9b52-6144-42c4-89e7-fe7770a85942,c6f913dd-5ebd-4ab3-35c3-ab6652f0913a,e64d226d-1d88-a330-ae45-a66bd201b031
4e3372f3-0e08-471f-8b77-6aaef24d01ca,9a07d342-e591-4125-a780-53368e792fc2,e64d226d-1d88-a330-ae45-a66bd201b031
3e1e29b8-0bfc-4e19-8c4d-d8de97099124,f2d24595-0235-4d28-8d5d-2ece7141562f,70c197ba-8951-14ad-a270-b32053663da9
726f84f3-e3f6-459a-aa76-88aaf675f917,b0ad44f0-2eb6-af37-a07e-a4f5da65dae8,70c197ba-8951-14ad-a270-b32053663da9
0bb6c034-6809-4c24-9d0e-fec0b89e181b,4e6b0fd3-6f0b-243d-2449-eaaafb8bef59,1e35ee58-8dc3-c03b-f223-0a2e9bde90b4
ce2bdc9e-858b-46de-af3f-5c0b3a81c0e0,22f34c93-6af9-435d-95d2-2ad9b4cc92cc,1e35ee58-8dc3-c03b-f223-0a2e9bde90b4
486d44dd-6c3e-4584-9be7-c6973baa16a8,a36b405d-f2fe-4b1c-82f2-0e113655f2be,1e35ee58-8dc3-c03b-f223-0a2e9bde90b4
417b3261-252e-4d87-8139-589452ba14a1,755a47a5-cfba-5370-3eb2-62cb01e2a330,1e35ee58-8dc3-c03b-f223-0a2e9bde90b4
a8582395-96bf-4c36-95a9-a804738edfad,5f858446-ec41-456a-a7bc-09074e21fa8f,e64d226d-1d88-a330-ae45-a66bd201b031
42eb4798-2be9-4ccb-a2d1-a1ece2f3d891,a555a7f6-d5b7-42bd-a827-409f56e10c1f,e64d226d-1d88-a330-ae45-a66bd201b031
952ff513-2f9f-45e0-b0f1-9f00934a6570,e4ac12b3-bd88-49ae-8d09-6b46c89f0e3d,1e35ee58-8dc3-c03b-f223-0a2e9bde90b4
389ea1c9-0712-4f8d-9bad-450f1930a0da,e29919c5-9b6e-4fdf-a8ca-6e2ad1f46276,1e35ee58-8dc3-c03b-f223-0a2e9bde90b4
6b33318d-4761-4c9e-ad70-7c3655660455,e138aab7-7ea0-453b-910b-a4fd29397d03,70c197ba-8951-14ad-a270-b32053663da9
82e4bea8-186d-47aa-9e3d-f32f1851a650,e671dd36-bd0d-484b-1b34-273eec9daa8f,70c197ba-8951-14ad-a270-b32053663da9
05b6ce3f-10f0-447c-a5ac-684d4db67702,e78940cc-ffee-d440-16f6-9432e6f8db07,e64d226d-1d88-a330-ae45-a66bd201b031
97acb20a-0189-4da0-ab07-ccee9c181221,deccbf1e-3353-446b-a57a-4e8dbc3da8cb,70c197ba-8951-14ad-a270-b32053663da9
7a304bb5-9fc7-405f-96b4-4f5570942e91,e6b6a1d5-5bb5-4990-a4ad-76be5f99dc6d,1e35ee58-8dc3-c03b-f223-0a2e9bde90b4
3da16ca0-8ed3-4681-9ca2-b5c6792164db,e056bdab-61be-4667-bb64-539af3ade212,70c197ba-8951-14ad-a270-b32053663da9
9f262838-ec76-429e-9c52-f714dc50e8aa,ec717864-848c-4d00-9195-11c18d31b0bd,1e35ee58-8dc3-c03b-f223-0a2e9bde90b4
922d3b28-1f1a-4354-bf61-6169a08224af,e9aedb1a-5d2c-4f7f-81de-b8a34a2b95fd,1e35ee58-8dc3-c03b-f223-0a2e9bde90b4
f076c655-87ff-4bb2-9023-d7f672661c5f,ebfd5449-90f8-2c26-6905-4394af16b5c2,70c197ba-8951-14ad-a270-b32053663da9
f66239ec-16c2-4e32-82eb-dc120fd58d77,eb748f2f-509a-4e4a-b241-8b89fa33cceb,70c197ba-8951-14ad-a270-b32053663da9
bc2448b9-9dd4-4a26-a7c0-509f54b70c24,e9e12eb4-ba24-dca8-608b-61a029eb57d5,e64d226d-1d88-a330-ae45-a66bd201b031
55412422-81d2-4d02-b707-fabfdb7115eb,ebba6cb5-d8bd-4dfb-9c02-d8fc8cdfe814,70c197ba-8951-14ad-a270-b32053663da9
c848c127-fe3e-485f-953f-a9ca1783fba7,ec1705cb-cd3e-40bf-969d-065d7d93402e,1e35ee58-8dc3-c03b-f223-0a2e9bde90b4
2db06582-8dea-4b04-968e-f51d7b7bdd74,95422b3d-de20-4440-be04-1593de4c9cf6,e64d226d-1d88-a330-ae45-a66bd201b031
5360183e-d7ae-45e7-a259-c28af21f5640,16798594-4a88-4f18-9985-efdb8456d1a8,1e35ee58-8dc3-c03b-f223-0a2e9bde90b4
b72d03e2-6d1f-40f7-ab42-a024c3a462b0,f025db8b-b019-4f06-91db-3de6b6760e10,8578e802-08ab-1d2b-e599-c3b247d9165c
4d422e0c-bd67-41ff-ad05-ea770c410b34,f130f292-745e-4d07-a380-786937bac95e,70c197ba-8951-14ad-a270-b32053663da9
59b184ff-5b8c-49c6-90da-144d46a49ad6,ed090406-57d9-4102-8644-37aa9a2bd2fb,70c197ba-8951-14ad-a270-b32053663da9
6d0a3ff4-33e0-43f8-b60d-76b7d0249667,ef636edc-ff6c-5e8b-9521-c4cee31888a9,e64d226d-1d88-a330-ae45-a66bd201b031
17270466-fd91-4c4d-bf4d-0a68d26c7bd8,f0620bac-87f6-4a02-8ee8-93ea5631f376,1e35ee58-8dc3-c03b-f223-0a2e9bde90b4
aa2e9034-3b66-42f0-97db-a7ceff51fcb5,edc299fa-ed0e-408b-b7f1-32f133d52577,70c197ba-8951-14ad-a270-b32053663da9
9ac8fa42-7b6a-45f4-9ff3-691e25a4bbbf,1fe7acfb-8e61-f268-600f-199820958334,1e35ee58-8dc3-c03b-f223-0a2e9bde90b4
9bf21eae-7b35-4a1b-9abe-3aae09765b0d,2a44becf-05dd-49bd-8867-3e0bf5a9d339,1e35ee58-8dc3-c03b-f223-0a2e9bde90b4
f0ad5688-fb6d-4083-bbb2-718506b859f7,26a64f6f-cf63-4da4-8f93-05fa6bac8d14,1e35ee58-8dc3-c03b-f223-0a2e9bde90b4
6542ac3e-6ae7-481e-b8c4-06b48a8b421a,2b92093c-5a20-4d40-8649-05b71c69f0e5,1e35ee58-8dc3-c03b-f223-0a2e9bde90b4
b877a0a7-acfa-4ec3-ba32-501f6ba5ac0c,f81304ff-e0ce-47db-b29d-022ca1f82926,70c197ba-8951-14ad-a270-b32053663da9
864781e9-9b4f-4bbf-ba3b-266a0f4c86b0,f771943b-e989-41d7-a502-b1d97e46bcaf,70c197ba-8951-14ad-a270-b32053663da9
ab24f7a6-26d9-4c78-838c-dfdb41962cca,f6fd4c37-950f-4faf-96b6-0a32732673db,e64d226d-1d88-a330-ae45-a66bd201b031
2c788d4e-166e-4082-b0ff-34437ba0a1d5,f658e7a9-5a12-46ca-bd9d-22aedd43555a,e64d226d-1d88-a330-ae45-a66bd201b031
ee61cab5-d656-4a38-8606-3085f9040bf3,451f332f-514a-4bc7-cb50-59111e4390fc,1e35ee58-8dc3-c03b-f223-0a2e9bde90b4
dafd4bb1-eb9e-4933-8c0b-62792ca4897b,448bb918-463e-278d-b092-68a3afada6d2,1e35ee58-8dc3-c03b-f223-0a2e9bde90b4
db26bc6b-725a-4d47-a16c-0fbeb482b9b0,59dcbd54-66bf-c875-a4dd-a22062dcc320,1e35ee58-8dc3-c03b-f223-0a2e9bde90b4
7c635493-bca3-4e04-9bb6-1ed0aa7058ba,57e3e3cc-8b90-3df5-a054-0e4c641b362b,1e35ee58-8dc3-c03b-f223-0a2e9bde90b4
ac17b3e8-eea6-46a7-8dcc-387d236f9c91,571ceff1-d04d-4edf-aed6-ce44cf045668,1e35ee58-8dc3-c03b-f223-0a2e9bde90b4
017feedd-81eb-43d2-ae54-728beb6aea00,6042ebfa-fe57-1596-0e39-575c302797f2,1e35ee58-8dc3-c03b-f223-0a2e9bde90b4
307cf8b2-9b58-4f64-a9d9-727cc40e1eca,65b10559-8f98-4cd1-95a9-13a02c4e30a3,1e35ee58-8dc3-c03b-f223-0a2e9bde90b4
499af202-b64b-4316-9c3e-faced13e96a1,6a56846d-a08a-42fe-8f26-bc4ed5dbd2cc,1e35ee58-8dc3-c03b-f223-0a2e9bde90b4
049aab2f-d97c-4f93-8044-e8501790a1bd,faaa1b58-79d5-94cf-fec2-bb78541341d1,70c197ba-8951-14ad-a270-b32053663da9
e14f5d21-893d-4ea9-89f8-7fbfe87234e6,1d4db1a0-bfa6-50e0-86ef-5bd019a34fde,8578e802-08ab-1d2b-e599-c3b247d9165c
edec0eef-aa9a-4b66-b8fd-216acb9c7a5a,f83cc871-35f5-47b2-87c6-3d9e6098af9f,1e35ee58-8dc3-c03b-f223-0a2e9bde90b4
d0afb438-7ad0-4c87-aaca-d2c659916806,f82853b6-c9d9-4d6d-8e88-4a8feda61ef3,70c197ba-8951-14ad-a270-b32053663da9
4c535762-eefb-49f2-b9b0-6576731b2a5a,fb3fcd8e-2ca1-9600-311e-536bb1e814f1,e64d226d-1d88-a330-ae45-a66bd201b031
cebe5117-1589-46f7-8c77-d36703672ea8,f9173af2-a0e7-4f29-af9b-9da85f0dc450,70c197ba-8951-14ad-a270-b32053663da9
ef3144c7-b233-444a-a7e3-2e5a161650c7,faac0a1a-d7e7-1397-512f-951df6543732,e64d226d-1d88-a330-ae45-a66bd201b031
0f8c068d-6f1d-40a9-8f8b-07fa9613ef1e,65a20cc1-1fe2-0f25-435b-23ba79929058,1e35ee58-8dc3-c03b-f223-0a2e9bde90b4
13367103-defd-4783-9007-f606b5793409,82875dcb-a665-49e0-a7d9-ce5cf30ee3be,1e35ee58-8dc3-c03b-f223-0a2e9bde90b4
8dd7055a-91f5-4662-8747-03ce3c81e0e3,83e330fc-748d-4fd4-8c22-fd1e8f3588ea,1e35ee58-8dc3-c03b-f223-0a2e9bde90b4
9bcdddda-8633-4eb8-8a1c-56937d2f0367,45766c17-85e4-4274-b316-ea3d5ab9a1b2,70c197ba-8951-14ad-a270-b32053663da9
18cf0db3-e79e-456b-9a7a-c141e3f270c3,9026347c-c551-4d69-bd1a-2ceaa80801ca,70c197ba-8951-14ad-a270-b32053663da9
c8d65d10-ac80-4bda-b0d3-39f8c13e8ca0,8fcef489-b374-48e1-9288-f83c1025b9c4,70c197ba-8951-14ad-a270-b32053663da9
52ba6cf1-0715-4484-a4c8-7495073e7890,8ee7db55-3882-4b47-90b6-9e29e923560b,70c197ba-8951-14ad-a270-b32053663da9
43891be5-e7e2-4f12-bfec-c5c68f1a1299,453f2716-e11f-4a66-b3e4-886622b8354d,70c197ba-8951-14ad-a270-b32053663da9
bb5e15f3-5c72-44e5-b646-3352065cfeb1,04c625b5-c2c9-44b8-9587-b83789ba45b3,e64d226d-1d88-a330-ae45-a66bd201b031
abd99b25-6637-4d9c-8e5b-a6ad2e5f2903,ba246033-2dbd-4447-8712-78266ee34838,1e35ee58-8dc3-c03b-f223-0a2e9bde90b4
1a29d54c-4c34-4690-8d2b-a38212cdaded,8d502132-2e8a-4fcc-8b85-92aa24e79a46,1e35ee58-8dc3-c03b-f223-0a2e9bde90b4
49af376e-424a-4258-8969-cabd8d6b48c1,8a7498c2-7d35-4131-8569-afc7ca5254d7,1e35ee58-8dc3-c03b-f223-0a2e9bde90b4
859ed390-9d7e-4ed3-a31e-9d2915b0032f,8bf319e4-50ca-35ef-19e6-5e924d9947b3,1e35ee58-8dc3-c03b-f223-0a2e9bde90b4
a3040c0a-99a5-42a1-b5e0-f7436a3691ad,025f4376-0950-48da-b41b-a85621cffac6,70c197ba-8951-14ad-a270-b32053663da9
36d5a11d-2e7e-4cda-abf1-3d9624c33587,d6a5ddb9-dc72-4dab-9a6d-ae460de8e006,8578e802-08ab-1d2b-e599-c3b247d9165c
63a94ced-6585-4e9a-98eb-96f3ac55c114,92db4502-83a4-4e89-82b3-d396a316b9d0,1e35ee58-8dc3-c03b-f223-0a2e9bde90b4
7e6a7e87-2120-4f7e-b6bc-692f174e3d2f,96a486d9-0619-4ed3-a8e7-7770a16a9f0d,1e35ee58-8dc3-c03b-f223-0a2e9bde90b4
95c9bc53-e490-4df6-a611-ca809e949732,a011fa04-5b9f-a525-565a-4ae06e18518e,1e35ee58-8dc3-c03b-f223-0a2e9bde90b4
d03f2545-00e0-4ac2-a9ca-b4f41cf4c359,a78239cf-3c39-166f-77cd-71b7293393c3,1e35ee58-8dc3-c03b-f223-0a2e9bde90b4
db806ac5-6cc6-426b-8750-bde5fcab23ee,aac61856-8a06-47e2-9d9c-cdfe0ba05d07,1e35ee58-8dc3-c03b-f223-0a2e9bde90b4
b86f19d5-be22-476d-b27f-4cf7487590d7,bec2d37b-87b6-4572-a121-a25f04e1fc12,1e35ee58-8dc3-c03b-f223-0a2e9bde90b4
1085f855-035e-4d5a-8a87-2680718c24ec,c0ce8d8f-39b5-95b7-994e-a428c83011fa,1e35ee58-8dc3-c03b-f223-0a2e9bde90b4
67c2d135-a5f2-4fc8-a2df-d2b84e9d2020,cd24cb1a-98c1-3da5-18e1-a8e68f958f2d,1e35ee58-8dc3-c03b-f223-0a2e9bde90b4
29453c09-b122-4aeb-a262-3cfa1ad21dfb,d1222e5c-5ab9-35af-b788-b0c10ba0cea7,1e35ee58-8dc3-c03b-f223-0a2e9bde90b4
4c587149-8200-480c-a109-220c52b53225,db3a4299-9e4c-b57b-57c6-1912f7a74167,1e35ee58-8dc3-c03b-f223-0a2e9bde90b4
0b4de7fc-8f9d-4944-b56e-0797b80e66a0,dbbb2416-f4fd-4cc9-1ee2-5945df8aaaed,1e35ee58-8dc3-c03b-f223-0a2e9bde90b4
8f9ebb6f-5248-46d7-b49c-1d480041e669,e3f5e58f-f190-67fe-ecbe-b8ab623c7b60,1e35ee58-8dc3-c03b-f223-0a2e9bde90b4
32d64c72-16bc-49b5-bffb-9d8509bd6e64,44a653e5-d205-f3df-c550-0698daa7a897,70c197ba-8951-14ad-a270-b32053663da9
a6e4b754-0295-4b09-bc9a-96623b7cfbd3,8fb76c45-ca58-41b2-887e-b9fb3c12f008,70c197ba-8951-14ad-a270-b32053663da9
2fb69f71-f1cd-4668-b8d7-18a9670e0de2,ab0d4f75-0582-631c-74b1-4912a741b93f,8578e802-08ab-1d2b-e599-c3b247d9165c
707b1418-029f-4a79-bc7a-7538ab3f655e,d611111d-5305-4ded-8087-f2a6ba772da3,e64d226d-1d88-a330-ae45-a66bd201b031
8149c328-88d6-4e6c-87f0-25146a90ecc6,3a5190c2-7e7a-4750-8cc3-02842c842872,e64d226d-1d88-a330-ae45-a66bd201b031
82370860-d18b-4e2a-97b0-5f44048cc1af,6bc9d7a6-e45e-da3d-9892-f1e06d10d90e,e64d226d-1d88-a330-ae45-a66bd201b031
96dfa22b-d78e-4cd5-9102-c405efb5aca4,31b12864-530e-4e8b-aa5f-0f8060cc4544,e64d226d-1d88-a330-ae45-a66bd201b031
ee37b770-6b86-4874-a7ff-22b094f06300,cc93c09b-5534-4936-b5f8-fb7a03416170,e64d226d-1d88-a330-ae45-a66bd201b031
77c4f339-dd47-42c4-aa09-ae2df7023cfa,ed25d22a-ca92-2353-5d27-24ae3a98b077,70c197ba-8951-14ad-a270-b32053663da9
2a1562ac-00e7-496b-9ca6-8c6eaa9ace34,4b920020-5c7e-95d1-258a-19040e9c209f,70c197ba-8951-14ad-a270-b32053663da9
a0b0c468-86f6-4873-b0a3-115dc50b65d9,2b2efbbe-1cd5-4c02-a7d7-d1883785d707,8578e802-08ab-1d2b-e599-c3b247d9165c
8b1364e4-cf4d-4cdc-abad-308d4655728c,8d82632e-0cdc-2808-ee75-04bcb7cbba7e,1e35ee58-8dc3-c03b-f223-0a2e9bde90b4
88be0328-87e1-49d7-a9c9-93bf1c8a239d,4f6ca72a-ffc3-4a16-851b-b80c60a1b00f,1e35ee58-8dc3-c03b-f223-0a2e9bde90b4
d8b5c504-d4b1-4e9f-b56b-f1cb777d3ecd,ec197211-d1cd-4389-8e27-d4d466db101a,1e35ee58-8dc3-c03b-f223-0a2e9bde90b4
5d80d8d0-4b9d-4003-87fb-88275c3d7bc5,f394b806-f918-ffe7-7462-ff865161863b,1e35ee58-8dc3-c03b-f223-0a2e9bde90b4
21826d17-c938-4250-898c-76c154d78cd6,f8ebf2d8-6d33-44ac-d835-6015fef52540,1e35ee58-8dc3-c03b-f223-0a2e9bde90b4
387ddaf5-c2c0-4e55-b43e-b71483616f91,654c292b-2c83-7770-f8bc-c3cc40046a19,1e35ee58-8dc3-c03b-f223-0a2e9bde90b4
b19c1226-740f-44e5-91c4-20c11b0a34c8,67b9785c-5c12-2c81-cbfe-5fc111683cdd,1e35ee58-8dc3-c03b-f223-0a2e9bde90b4
65176e62-eab6-42dc-9e7d-6f4c57b7f83e,a48fc1a1-2396-4d3a-8a6a-22c836290d4d,1e35ee58-8dc3-c03b-f223-0a2e9bde90b4
945f76fe-c51f-4244-afde-fb71855b9005,0882d923-743e-4f19-8fd5-7cc3fb19331e,70c197ba-8951-14ad-a270-b32053663da9
64ed1a6a-86b9-4006-addc-f94a5b4f74c6,b7e19eb3-0125-8669-d7b8-4ff0e48c0ce1,8578e802-08ab-1d2b-e599-c3b247d9165c
66efb404-b944-414c-a8ec-c566012b05b5,5cd5761a-d55b-4ecf-91e5-68e381a3506d,1e35ee58-8dc3-c03b-f223-0a2e9bde90b4
c6724b1f-923c-47be-9e26-8b2d38bc528f,ac477775-fb21-448d-a3c9-61fa3e04a59d,70c197ba-8951-14ad-a270-b32053663da9
4052b2ac-62e5-4692-91a4-b44429c8c167,d556d11b-5efc-414f-9340-6e84d6841152,e64d226d-1d88-a330-ae45-a66bd201b031
bb3bcec3-32dc-4b77-a6ba-2957e7010833,0b4e89ad-e6b3-7560-e0e9-6cc811e1f878,e64d226d-1d88-a330-ae45-a66bd201b031
dca752be-0add-4991-97a6-d913e69d2140,c730f5c3-8f12-43be-b82c-10667215d749,e64d226d-1d88-a330-ae45-a66bd201b031
4f3cc4c4-d75e-4095-aa1f-fec2dbad2afa,7d426fcd-5dcc-cbe6-8fb4-62ca1418487d,e64d226d-1d88-a330-ae45-a66bd201b031
293bec64-dd29-4dd6-a5d3-a07340650553,1382e9a5-d347-48f9-8a8e-ccddc4ec38b2,1e35ee58-8dc3-c03b-f223-0a2e9bde90b4
65bdc43e-6231-490b-b21b-82f841f73a38,13180bff-2a27-4093-fbfd-0c7bfc24139d,1e35ee58-8dc3-c03b-f223-0a2e9bde90b4
e92c2432-b478-4e44-8b0b-9e1056e53137,9d216b73-b28c-1c0b-ed2d-3a405cbb260a,1e35ee58-8dc3-c03b-f223-0a2e9bde90b4
ff7bc1ef-c7cb-4e71-95f3-3761cd0e5064,ddee6d78-2c4f-4d57-bdf7-a64d1241ed65,1e35ee58-8dc3-c03b-f223-0a2e9bde90b4
2f1c1916-c897-45e6-801e-12731ca4ed29,bbcb0ae8-85e9-4595-aaac-dd25666602c3,1e35ee58-8dc3-c03b-f223-0a2e9bde90b4
8f5cfce3-6f0e-4052-8617-0c8cdb7d611f,2970a6d5-1213-4c9e-bb1e-adf9753c8b71,1e35ee58-8dc3-c03b-f223-0a2e9bde90b4
1ee4bf67-092d-4006-8b46-362fa619a009,04f2ce03-ad0b-4250-a899-cb2e860c1d9a,1e35ee58-8dc3-c03b-f223-0a2e9bde90b4
f422e0b8-415a-4b67-9a4d-f60d2f350fd9,022886af-9dd6-f7f4-e082-8ce149e87163,70c197ba-8951-14ad-a270-b32053663da9
906ea56e-1063-4288-9259-bd50f4053d4d,0c06283b-2dfb-4132-841e-e54fbc12d744,70c197ba-8951-14ad-a270-b32053663da9
a84472ff-e75e-4b8e-b36d-30d1e691c842,0c785015-2261-4e66-806e-643b3e4303f6,70c197ba-8951-14ad-a270-b32053663da9
2edd2d71-82f9-4c6d-ac8c-c90f14e0bf91,18d3f14c-f2ee-43a0-9fc1-a5912a1162bf,70c197ba-8951-14ad-a270-b32053663da9
22039af2-0f53-4c3e-8ead-63eec7696959,18138825-fa36-7654-87c5-bc3519904f72,70c197ba-8951-14ad-a270-b32053663da9
8775e4c6-957a-42b2-9c9b-91513ba55545,1758ab9f-05ef-9dfa-1fd7-4194f7530a2e,70c197ba-8951-14ad-a270-b32053663da9
3c3ecf18-a7c2-4af5-8d45-ae9391c27b58,1b6d4997-a5a7-f846-de12-bb7182784ffe,70c197ba-8951-14ad-a270-b32053663da9
979dd5b9-4167-4cd4-a64e-89c56d78af59,2f36bdee-2fe8-43f0-831f-ae9905fdfe9a,70c197ba-8951-14ad-a270-b32053663da9
f78e8307-1815-4a0b-886e-369fa532025e,2da45b3c-180e-4862-bd3a-8748058f9e7d,70c197ba-8951-14ad-a270-b32053663da9
f553165d-390b-4a05-a190-b79a7dd3ce1e,34e5801f-651c-4762-874d-d0d3b36ccfcd,70c197ba-8951-14ad-a270-b32053663da9
7f1103a8-4670-4f62-a04f-686c25281577,324cf94a-73c3-57eb-e926-12ae1e39729e,70c197ba-8951-14ad-a270-b32053663da9
51daa550-9411-4b5c-953c-59127764845f,334b8f1f-c4f7-40f8-bff3-3e4899ee66ca,70c197ba-8951-14ad-a270-b32053663da9
3f047c07-d03b-47e3-b894-713343ac86ab,3c463e83-0233-aecd-2809-5ac1d4c574a7,70c197ba-8951-14ad-a270-b32053663da9
fc9c9b83-3488-4df8-b63b-abaea6c8f275,3803f69f-fe22-45da-94ff-f3b6ba7a7537,70c197ba-8951-14ad-a270-b32053663da9
dca029e2-4dc5-4e5e-8409-69ef3d7c0f12,4c876515-d093-b8b5-4769-c4e59cacca64,70c197ba-8951-14ad-a270-b32053663da9
3049d456-1728-4e56-b220-8947c14148f5,4c3ae6c0-b25f-69d2-6cf5-6776616c65c7,70c197ba-8951-14ad-a270-b32053663da9
9636bd93-0eee-45c3-84c5-9fa614450d80,4c75994e-b78e-4e47-834e-795b42b32e60,70c197ba-8951-14ad-a270-b32053663da9
3eeb6efd-ef9e-417c-aba2-87375186348e,5b54fba1-8dc1-7cf7-a659-4698b8b2c342,70c197ba-8951-14ad-a270-b32053663da9
bbb25959-0ee8-4b44-884c-43bd861b005f,5ac3d08f-4170-e539-6ce4-eeec404d2323,70c197ba-8951-14ad-a270-b32053663da9
4ccb6122-7e72-44bc-999c-d772af33d268,5d2eb049-1c88-2e57-6eab-72f8450c8ffd,70c197ba-8951-14ad-a270-b32053663da9
f2483837-77e1-4ff0-885f-4788d19acb22,5efc52f1-e60c-846a-dabf-9c5c7493b771,70c197ba-8951-14ad-a270-b32053663da9
c0348985-fa7d-4e9b-b096-2a715ae6b6ec,63b109ef-a63c-20ec-a83e-312066ab544b,70c197ba-8951-14ad-a270-b32053663da9
9e4ac2e7-48df-43cf-830c-344fc168a03a,703d6729-2433-2986-07e7-da4f77bc6f36,70c197ba-8951-14ad-a270-b32053663da9
6fd02fe7-81b3-4310-b7a5-977eefbc1857,7158ff2e-20ce-4383-93e7-30fc61a87c01,70c197ba-8951-14ad-a270-b32053663da9
3915f393-e656-4a8a-9184-1221d73d7b87,74fa8689-7217-8300-5e8e-d78bcb79f30d,70c197ba-8951-14ad-a270-b32053663da9
544d32de-d547-49eb-86b5-75cb3b67737c,8e53f295-d258-4a24-a321-26a62b242a21,70c197ba-8951-14ad-a270-b32053663da9
2040abff-b085-46c7-9e02-836cceb4dfc5,90a3dc92-fb27-7057-97e7-97095c78061d,70c197ba-8951-14ad-a270-b32053663da9
0e589fb5-abaa-421e-9924-eb54135b1ba2,a3e81c0d-e9c2-bd84-0af2-0d77a6a4831a,70c197ba-8951-14ad-a270-b32053663da9
f77c25b4-9833-482a-9bdc-66f4807a0051,a58b686a-0e69-453a-b498-f9c081607195,70c197ba-8951-14ad-a270-b32053663da9
12ca43b2-bbb4-4e99-a054-589624a9f884,b2fcf7af-fd19-2887-4a4d-e138438a2a92,70c197ba-8951-14ad-a270-b32053663da9
e4cd4cc9-baa9-4f22-9ab9-5df34d1e946f,b3220db5-8e35-53df-b0f2-55c4541239a5,70c197ba-8951-14ad-a270-b32053663da9
506f27c1-7dfc-4f43-9f4c-eae3338f78bc,b6641d74-a9e4-495d-b3b2-aeb2eaa1f355,70c197ba-8951-14ad-a270-b32053663da9
f2389513-2205-456a-abbe-6e08fcf1e5cc,b44a01d5-7054-32b6-7559-719fd727b13e,70c197ba-8951-14ad-a270-b32053663da9
17576298-a0b7-4e38-a329-ee032c8ef0b4,b3470640-dc13-4dc2-a98b-ae8c1f600630,70c197ba-8951-14ad-a270-b32053663da9
d37a09a0-9050-4e42-b07b-b7d364c4ef01,d1471d65-4e78-5a75-e756-7f3805505b21,70c197ba-8951-14ad-a270-b32053663da9
7bdb5b5c-5beb-4a88-93f6-42e9dc176bbb,d01865d4-c0b6-753c-e132-3208bf2c407d,70c197ba-8951-14ad-a270-b32053663da9
678ab8dd-9495-4de7-831b-c0c3f0a3bf5d,d102c526-e073-ad7a-2452-ffb819045abb,70c197ba-8951-14ad-a270-b32053663da9
b83d51d6-35bc-4b75-95a8-a3e0a7b9a8f6,d1242067-7e22-7829-f5eb-aa94b9ffe584,70c197ba-8951-14ad-a270-b32053663da9
73a8f23a-e6df-49f5-8517-b1e882eb436b,d3f051e3-fed8-9ccb-b3cb-ba7c8e7584ed,70c197ba-8951-14ad-a270-b32053663da9
850966f0-0937-4840-8c52-85ba82b76146,ddc5d131-4c0b-41fd-9639-ebd67217e647,70c197ba-8951-14ad-a270-b32053663da9
e718587c-94a4-44dd-828c-37b918a63a70,dcd11c22-9ac1-b37a-05ab-9c0b36e7c856,70c197ba-8951-14ad-a270-b32053663da9
45f8db29-5b80-4baa-92c4-643b99d86b3f,ec9c8c3a-1110-41e4-af26-57c6ac0c2ba4,70c197ba-8951-14ad-a270-b32053663da9
3a25758b-c36c-4751-9343-69c9ac9f66e7,ebb93599-8060-6c9d-247a-be1de88932ec,70c197ba-8951-14ad-a270-b32053663da9
ce76866e-8503-4637-8363-2d261ffbf44c,fc4172fd-21f7-4849-9a42-2417297f7c2d,70c197ba-8951-14ad-a270-b32053663da9
8addd8c9-872a-445d-a574-bd2cb8a851f7,7b1d4a7a-bd91-b922-eb0b-8ddf5340da4c,70c197ba-8951-14ad-a270-b32053663da9
813b3599-0062-4104-8421-1b409e282edf,14231512-e49a-44a4-a0f9-3d00d87e3bfa,70c197ba-8951-14ad-a270-b32053663da9
ea379232-3c56-4bef-ba5f-d826d75177ae,162e48fa-7e73-518a-bc88-bdf71f80cb8a,70c197ba-8951-14ad-a270-b32053663da9
fc84475d-d981-452e-add1-21baa405dc16,4aa640a5-a842-407b-af03-0665fb5c4174,70c197ba-8951-14ad-a270-b32053663da9
d9ba8500-2279-4c78-8b15-73d9a654cb3c,56bb8f35-757b-32a7-2758-47774652a4e2,70c197ba-8951-14ad-a270-b32053663da9
dc78e1e1-a10b-40ed-800e-753bc9cdfb26,55f009dc-2a11-20b1-dcfe-002c2501252c,70c197ba-8951-14ad-a270-b32053663da9
cedeabff-6748-46ac-8b49-084281122732,84d23f41-1655-4cac-ba8f-14f73dbb47cb,70c197ba-8951-14ad-a270-b32053663da9
bc89414f-8fb7-48b0-b5ad-bab05e6f0fc7,b24fe322-9e21-4160-83b0-044b1a448f96,70c197ba-8951-14ad-a270-b32053663da9
7cacf9ef-17c2-42b6-87d5-bee1492e9bea,eaed9724-8b64-4a8a-85ff-4de7bbec7c07,70c197ba-8951-14ad-a270-b32053663da9
8d16a1c7-9a3f-41e1-aec3-7e45ae384e61,3b2898a4-bc51-7f71-7395-8cde50a295ed,70c197ba-8951-14ad-a270-b32053663da9
18f03130-7d15-4a50-bcce-418a188fe2d9,2ddb89d7-c88c-79a8-0250-c88ad8a04c47,70c197ba-8951-14ad-a270-b32053663da9
799c8e29-242e-4542-a8b2-bb9f89d202ca,6ee69956-069a-eac3-fa33-bed477656f58,70c197ba-8951-14ad-a270-b32053663da9
9639e001-b36b-49f3-b8ae-5aee8d0b2765,3ddfee84-d1b9-470d-872c-de0ce4b12f73,8578e802-08ab-1d2b-e599-c3b247d9165c
e844ddb8-b991-4710-ba3c-1c62f6f760eb,7e07d862-b3c6-4b34-b1ec-39940b3ca539,8578e802-08ab-1d2b-e599-c3b247d9165c
584e9c79-4b6f-4e48-b4bc-62fa0d3727bf,9a48556e-d386-42b1-91f8-d7d1a24491a0,8578e802-08ab-1d2b-e599-c3b247d9165c
451663f3-d64e-4361-b674-6de2c803f364,06ba1999-43f6-4722-9d48-58b4f9cbbac4,1e35ee58-8dc3-c03b-f223-0a2e9bde90b4
b83f31ac-f4b9-45bd-857e-166099dd54e6,05e73e7e-06d6-4d97-923c-64feaed2f6d8,1e35ee58-8dc3-c03b-f223-0a2e9bde90b4
e5479a3f-16b2-470f-a798-79df1fe52db6,04fc0389-115b-4710-b3b8-cbe2fa617c30,1e35ee58-8dc3-c03b-f223-0a2e9bde90b4
a1035088-c796-4c42-aa67-a2b11c08d446,09dc1cb3-35d4-4d7e-9f1c-2690b7e89015,1e35ee58-8dc3-c03b-f223-0a2e9bde90b4
30ac8203-47d6-4e2d-9d89-9ed7817672c2,0aed1a1d-9d89-488f-b069-8b4e7895ade8,1e35ee58-8dc3-c03b-f223-0a2e9bde90b4
22c0313c-38fe-4189-bf77-6a1559762b80,088aac6e-1b4a-480c-b67a-1291e81af044,1e35ee58-8dc3-c03b-f223-0a2e9bde90b4
fe3ce5dc-25bb-4e05-b1a5-7ca89b2e4608,0a76e493-3c75-4903-93ef-da48d99ca4fb,1e35ee58-8dc3-c03b-f223-0a2e9bde90b4
88661f9c-8a24-4cfa-97f6-715c1863335a,2403b206-65f6-473e-a5fd-66f66910cfbc,1e35ee58-8dc3-c03b-f223-0a2e9bde90b4
57a09457-d5bc-4ada-a75d-67ee5409a4f6,24703d93-2ebe-4043-f01a-5119516b2588,1e35ee58-8dc3-c03b-f223-0a2e9bde90b4
4a8be1b0-a235-4791-a485-4c03e7973758,252a6f8f-ccc5-421f-93a0-bdae2fc34261,1e35ee58-8dc3-c03b-f223-0a2e9bde90b4
872a58dd-ed92-4394-ac71-26f9ec7fb3e0,2923ecb0-bcb2-4057-ba7c-d9159132214c,1e35ee58-8dc3-c03b-f223-0a2e9bde90b4
c90ee2a4-6697-411b-a020-3dd4415ec4a0,378289bd-f21e-479b-896f-55bc36421381,1e35ee58-8dc3-c03b-f223-0a2e9bde90b4
8b7ec977-34aa-4d6c-9478-c04299dc8b2a,3ea267a4-28ab-45cf-a3af-c86d98701542,1e35ee58-8dc3-c03b-f223-0a2e9bde90b4
e7d97554-9e26-43c6-a599-0ab8b41b7bed,40fba282-bb6b-4b03-a97a-94011a98d20d,1e35ee58-8dc3-c03b-f223-0a2e9bde90b4
53a942f6-f366-48ac-9728-e9c724802f0a,3ffd194c-9a3f-4584-9e3d-5bdf0fa5523c,1e35ee58-8dc3-c03b-f223-0a2e9bde90b4
11574fe8-0ca1-4160-b9db-941084798eca,4174a7ef-9c7b-4cdb-8668-e7fa8d8aed60,1e35ee58-8dc3-c03b-f223-0a2e9bde90b4
c86d3e8f-3336-46f9-80d1-c6e072d8bc66,4aeaaaf3-66fe-4d8d-a814-dbdbef33863d,1e35ee58-8dc3-c03b-f223-0a2e9bde90b4
629cb0e1-33a8-44ca-bc22-7b076a3c8cb5,47bcf6a5-a35c-4eef-a84a-87af35538876,1e35ee58-8dc3-c03b-f223-0a2e9bde90b4
fdb86e8f-41e2-415e-ba7e-57d13da0ae86,4cbe4320-6f64-4f0b-8d10-c287e41b1d6d,1e35ee58-8dc3-c03b-f223-0a2e9bde90b4
9f48d154-95a0-4b94-ab13-6611b84c2118,5420e5e2-51a7-4ac7-985d-00c4e0ff6424,1e35ee58-8dc3-c03b-f223-0a2e9bde90b4
3286bf8d-eee5-48b4-97f9-1fef746ddca5,52a0cc74-472c-4422-bd44-cb835681c08b,1e35ee58-8dc3-c03b-f223-0a2e9bde90b4
fbd4caec-58ec-4af4-9839-da6af0247eae,54cef7e9-b8de-40de-9601-25f61007bf49,1e35ee58-8dc3-c03b-f223-0a2e9bde90b4
8b0e3ea4-aded-4bfa-b096-cb4574626c93,52a1e930-45e8-444b-a12f-4291716843fd,1e35ee58-8dc3-c03b-f223-0a2e9bde90b4
34aded19-80f5-4773-8cd8-ec40ff52c3dc,52601f5a-e88c-d430-a987-576b1100d709,1e35ee58-8dc3-c03b-f223-0a2e9bde90b4
56252514-4a7f-4883-a8db-a3480c06944e,5724b67f-57f8-45ab-bab9-1dd3a88eccb5,1e35ee58-8dc3-c03b-f223-0a2e9bde90b4
aea2a702-00d5-4bdf-a19e-26157f0d4066,648f1f21-7522-416a-a006-1a03f2b60b64,1e35ee58-8dc3-c03b-f223-0a2e9bde90b4
2a19e261-0fab-4ed4-b097-7f208ee5861f,71f5d76c-9317-4d0e-baed-35ff7f8eb561,1e35ee58-8dc3-c03b-f223-0a2e9bde90b4
e05953e5-59ae-4f5c-8e7f-49b9c0c715ad,71dc47de-6f2b-43d2-bedc-a1dea785aa7b,1e35ee58-8dc3-c03b-f223-0a2e9bde90b4
d988822f-b069-4050-9c84-4c6f691376e6,7a4faf09-bf7e-4636-b1da-5b707644c097,1e35ee58-8dc3-c03b-f223-0a2e9bde90b4
bbcde79d-d5c9-4140-bef2-0483930d47f8,76668df9-2018-493d-a54e-07fc19daf761,1e35ee58-8dc3-c03b-f223-0a2e9bde90b4
34c93bab-3bbb-4cf9-b69e-a27a75680e4a,75b31bf4-3565-fb8a-8211-9f00e5b68a2d,1e35ee58-8dc3-c03b-f223-0a2e9bde90b4
5df370d2-f88b-41c5-ac01-83f284f43dd7,7f73abb2-027a-42c3-afba-8dfc0da3dd10,1e35ee58-8dc3-c03b-f223-0a2e9bde90b4
5a8578ba-c5b5-4b17-bccb-83e4da50493a,8bc51f28-76b2-3824-3d9a-69781008e826,1e35ee58-8dc3-c03b-f223-0a2e9bde90b4
9b8323d8-a0ec-4581-b3b3-a49b94271df5,8d0decd1-1944-4cdf-88ae-f0b6a1505f13,1e35ee58-8dc3-c03b-f223-0a2e9bde90b4
31d1b909-ff67-4d25-b3b9-d61107d60f77,99878e3b-bbf7-4a7b-bc45-9f733fc94c43,1e35ee58-8dc3-c03b-f223-0a2e9bde90b4
509a3276-6e63-400d-8fea-7399f8dfb0d3,a7737a7e-00b1-4b14-a2a3-4ece02edfe5c,1e35ee58-8dc3-c03b-f223-0a2e9bde90b4
bbfd6f41-a5e0-4f76-9e3d-d393ed074d28,ae61cee0-498a-4d4f-bb2f-912030b550d7,1e35ee58-8dc3-c03b-f223-0a2e9bde90b4
b3abbab5-5ef0-4743-9258-8e38c4496f31,ad75980d-71b8-4279-a4a8-951ee98041aa,1e35ee58-8dc3-c03b-f223-0a2e9bde90b4
a5e4d82f-c2af-4ee7-ac46-50a06188a3e2,ab9c7415-cd56-45ab-9f9f-a17a48894e0e,1e35ee58-8dc3-c03b-f223-0a2e9bde90b4
eb002415-785f-4d30-9b21-65934f010687,acca12a9-19e3-43a8-8d12-94922912a001,1e35ee58-8dc3-c03b-f223-0a2e9bde90b4
0d9ea67e-7f9b-4389-9b97-91a48d299de7,bf190bc5-84aa-44ad-8769-2914654c4844,1e35ee58-8dc3-c03b-f223-0a2e9bde90b4
6517bcb2-170b-45f4-b4d5-792a773d4caa,bbe8a1af-6f0d-4153-ae11-c58162c7c6a1,1e35ee58-8dc3-c03b-f223-0a2e9bde90b4
c6f8dee3-2093-48c5-89ec-a8f598f6444b,bca5ec8c-77cc-420d-88f7-5b430e6cbb20,1e35ee58-8dc3-c03b-f223-0a2e9bde90b4
271738ff-3bff-4afc-ac3d-0f0ce3afa9f3,bc63242f-b1e4-475c-a3a1-a9a6fc0657d6,1e35ee58-8dc3-c03b-f223-0a2e9bde90b4
c2523c2c-1881-4b62-bbf7-b76b3ff5e7e4,bb9bc21d-d858-4b0f-9f7e-544621ffd7eb,1e35ee58-8dc3-c03b-f223-0a2e9bde90b4
8b380001-9ff0-4fde-956c-615487d2c907,d504fd9c-ae34-41da-81bb-f1354433b364,1e35ee58-8dc3-c03b-f223-0a2e9bde90b4
40a4ca3d-d276-4f34-9a86-bd5b508c8e7d,d2cc6128-d67f-4f62-8fb8-8fb1bfe04646,1e35ee58-8dc3-c03b-f223-0a2e9bde90b4
340fc219-f714-422e-9fc6-beeec0aa90ff,d7a8058d-b318-4fda-be0f-5002bd681595,1e35ee58-8dc3-c03b-f223-0a2e9bde90b4
fad651f5-acf0-4261-843d-01c1ce7c1e6d,d8ee1951-0ffb-49c1-973a-196499e003f2,1e35ee58-8dc3-c03b-f223-0a2e9bde90b4
be10c82c-4d6b-4d97-934c-693e3f221d74,e6c388e6-6981-4556-8496-bf9d2424c8f8,1e35ee58-8dc3-c03b-f223-0a2e9bde90b4
11297700-8393-4771-a23e-38325b1a7a60,ee8a09ba-68dc-4043-950c-972bdd5914f9,1e35ee58-8dc3-c03b-f223-0a2e9bde90b4
e81ae361-39ca-4257-ba19-c3c87628d52d,f7b7e2d3-7c48-413b-83c4-e716459dbf2e,1e35ee58-8dc3-c03b-f223-0a2e9bde90b4
28248a4a-84e5-492a-9ef2-6a6cb0102eda,f5a0dd53-566c-4658-9b05-ff5c2d0b7916,1e35ee58-8dc3-c03b-f223-0a2e9bde90b4
de6016a2-c744-4c9c-94d0-50f7801c9043,f5442598-6e91-c05d-1f10-71044501ea0b,1e35ee58-8dc3-c03b-f223-0a2e9bde90b4
a1047535-1c9f-4074-8f05-7e6ee2391a12,f79d84af-673f-43b8-bbb3-819942ff4eca,1e35ee58-8dc3-c03b-f223-0a2e9bde90b4
8d5e2c2a-4918-4b69-9642-29853afe2191,b3f33d7b-e8ab-46c3-824f-97ec57b100b8,1e35ee58-8dc3-c03b-f223-0a2e9bde90b4
2edad09f-ef71-47d5-8c4f-025bcf4aef00,0b93690a-2c6a-4fdb-bcd9-8b12cad309eb,1e35ee58-8dc3-c03b-f223-0a2e9bde90b4
e6a74fd1-7fd4-4539-9467-40c5a4d97445,a3cfadb5-4901-4860-b6fd-2f99aca99f4a,1e35ee58-8dc3-c03b-f223-0a2e9bde90b4
aaf6e551-2a14-4abd-9ad4-b3a49fceffe1,fdd30ef7-e4cf-416a-8db2-c914ef812dc2,1e35ee58-8dc3-c03b-f223-0a2e9bde90b4
7016fc97-9eb5-475d-9725-1633d5f60b04,fe44eabe-807e-42b4-9d66-a79938eebf92,1e35ee58-8dc3-c03b-f223-0a2e9bde90b4
17943251-d9c3-4f36-9c9a-6345babf63c2,2f0821f1-bd5d-4787-b151-1238647ad446,1e35ee58-8dc3-c03b-f223-0a2e9bde90b4
6346e5fb-5837-48a1-966d-cd9464e5c25c,ada69734-abe9-4f58-acaf-7ba03b162f84,1e35ee58-8dc3-c03b-f223-0a2e9bde90b4
32a6a6ea-cf10-4f75-9e77-6e5cd9056e5b,d6ff77f4-b8f4-4120-a7cc-e508e4258ab0,1e35ee58-8dc3-c03b-f223-0a2e9bde90b4
7b9f248a-bd31-44ac-a4d3-34e0ee83083b,3f37b9d2-0997-4ff9-b8b1-486304923651,1e35ee58-8dc3-c03b-f223-0a2e9bde90b4
25764069-ba86-4529-ad8b-005443883718,e9653755-e218-4db8-84ba-bef1335e1fbd,1e35ee58-8dc3-c03b-f223-0a2e9bde90b4
d39cd3bb-be35-442b-9df5-9f36cbb2040a,65dfb099-a628-73e8-ab50-af721726e91b,1e35ee58-8dc3-c03b-f223-0a2e9bde90b4
74d10eb8-c82b-4807-ad6b-264964440a33,88ff2eb0-f412-4777-a6aa-880e61f6006b,1e35ee58-8dc3-c03b-f223-0a2e9bde90b4
c144e172-b98b-43fe-9497-2abd49149e1f,12c291e2-8c54-4a11-ba19-9fe107e3b834,1e35ee58-8dc3-c03b-f223-0a2e9bde90b4
d98e39ab-7df9-4f62-a84d-f503f369ab82,36d4ef94-987a-4d4b-8c30-f03320c3ccd3,70c197ba-8951-14ad-a270-b32053663da9
7fc848ef-03ef-41b5-8bf2-2641b563bfd4,36d88c2c-68aa-43e0-97f6-4b6c597924f3,70c197ba-8951-14ad-a270-b32053663da9
7707c0a2-5984-44be-9303-513c37f737a1,969f87a9-8f84-4ef0-aa37-2b0f43ff38a5,70c197ba-8951-14ad-a270-b32053663da9
da7df762-2757-4069-bada-fafc506f62c5,99c28018-e3d1-434e-b263-c06a88d72e53,70c197ba-8951-14ad-a270-b32053663da9
6b502a4a-df26-42a3-815b-5ee2f64e436d,a133df9e-0b8c-4642-976c-5b24384119b6,70c197ba-8951-14ad-a270-b32053663da9
08d79bcd-d79b-4cbf-a721-0490c52d7695,a1bb6778-744b-4620-92c7-61abf16db218,70c197ba-8951-14ad-a270-b32053663da9
9a9d16f6-0f85-4c25-b85c-504f1f28709c,f25edd05-cf3a-4227-804a-5244afa4f7cb,70c197ba-8951-14ad-a270-b32053663da9
947b954f-760c-4c55-a45e-2c8082548147,f24ddb69-be04-439d-b50a-5dfeef52d2db,70c197ba-8951-14ad-a270-b32053663da9
88ac8b5b-a075-4cdc-9fa6-cdaaba2925ba,fe243046-07fd-409b-8d2b-7ec7b8f4ce57,70c197ba-8951-14ad-a270-b32053663da9
54cd352f-6aee-46cf-8f32-60646982eb76,fe2a94e3-711c-4c99-bffc-794c3b9568e9,70c197ba-8951-14ad-a270-b32053663da9
d2665bb9-35f4-442e-92b0-b667e7dde64b,006b162e-9aa4-4af1-95e3-98bbf0978fcd,e64d226d-1d88-a330-ae45-a66bd201b031
066787e7-c720-40df-86c0-5e970877d38d,00d3dd32-bf7f-1794-2f68-f6421ee854e5,e64d226d-1d88-a330-ae45-a66bd201b031
2c5fb5d0-a97e-4d3d-a24a-fc7a00e39791,026b6309-61c7-47e7-977a-9f893cec9fe7,e64d226d-1d88-a330-ae45-a66bd201b031
83bfe20e-d2e6-414a-ad99-d5ff8aab4c49,02513a42-4f49-43ac-8bca-6d3f20c02be8,e64d226d-1d88-a330-ae45-a66bd201b031
31992d20-9f95-42d5-ad71-f91e2c5b21cc,01a7deaa-e68c-e197-ff3b-b023c64645f8,e64d226d-1d88-a330-ae45-a66bd201b031
580f7f44-9224-4bfd-a1ae-5cb6cbc57055,063c5d85-3b4a-7ce2-31aa-a481ac6bbe6c,e64d226d-1d88-a330-ae45-a66bd201b031
f20f4b5e-3424-4846-91eb-b158476f60c1,05d0ac05-fbd5-4ea0-9322-1afc6dedef51,e64d226d-1d88-a330-ae45-a66bd201b031
33dceff1-7b1b-4747-b71d-cb20272a8b7d,07606ca2-2f1f-43cb-8ec9-14f776fc765f,e64d226d-1d88-a330-ae45-a66bd201b031
6e61b0a7-4ccf-4963-9901-288628534119,0492e624-6a5a-4ecb-95bb-bf749aaa2837,e64d226d-1d88-a330-ae45-a66bd201b031
1e0c1f4e-79a0-4dde-8b87-9031c380249a,073b2a2b-cc4f-46fe-b986-a679dcb5e8fe,e64d226d-1d88-a330-ae45-a66bd201b031
d743c7ec-2094-480b-94ea-df4d4cfeb1ef,06523aae-0397-4d05-9355-bd42b69f4de5,e64d226d-1d88-a330-ae45-a66bd201b031
68223996-7f87-48fc-8018-b0fc080da059,0f83c02c-8705-9b4a-d897-f9dcf3bbd036,e64d226d-1d88-a330-ae45-a66bd201b031
65088d0f-c350-4cb5-9f3b-4b75530363cc,19b5d4dc-9400-41dc-9a7f-2bea6194f501,e64d226d-1d88-a330-ae45-a66bd201b031
d61566af-79e6-471f-b60e-2fa443b80cdf,1960d3b9-ba89-c84c-0f71-32b26a6f7f91,e64d226d-1d88-a330-ae45-a66bd201b031
dd882c6a-3880-4d53-ac20-8ad3199868ad,1b1fb73b-a5c1-4fcb-9aa6-1224af44166c,e64d226d-1d88-a330-ae45-a66bd201b031
a2865aee-ab3c-4be8-a25a-9a64bd1c1e1b,22cbf8f6-ab95-4305-a6be-43383f55ea19,e64d226d-1d88-a330-ae45-a66bd201b031
7d00ca1f-b984-4e38-9beb-8c241ee16cf3,23202e7a-87a2-4c72-bd39-e92dbeb099eb,e64d226d-1d88-a330-ae45-a66bd201b031
2bb5e2fd-4f93-4c4d-ac68-a02b74f681fe,270ce2d5-badc-4dd1-8e47-844a5ca00084,e64d226d-1d88-a330-ae45-a66bd201b031
d651221e-aed2-44fe-af6e-a6626b8ef608,38a91f6b-0b83-4fb8-85c3-47be05cff181,e64d226d-1d88-a330-ae45-a66bd201b031
76493e0d-5c22-4c88-92d3-2891b5dd0820,38bc0e4c-a2ee-0d1a-7649-a29aa9607901,e64d226d-1d88-a330-ae45-a66bd201b031
7dcb0345-39e1-423e-90a5-3a95f86e6ac5,399ba572-7568-47d5-92a3-a64ac64126b1,e64d226d-1d88-a330-ae45-a66bd201b031
8f87e965-83fd-411e-aed8-f4b86134ccc6,36db26f5-c7e0-4c6f-9177-d565aefb5993,e64d226d-1d88-a330-ae45-a66bd201b031
bcd7f313-5aa8-4202-af99-f095355dd7de,482bf430-4e81-4289-85d2-98b9222bbfcd,e64d226d-1d88-a330-ae45-a66bd201b031
3c06e49e-abcb-4338-a0f3-1c4a6a6c6a6c,46fc0837-370d-75d7-3d0f-734b256652c8,e64d226d-1d88-a330-ae45-a66bd201b031
ef5543ef-5a77-4dcf-9692-250a8dfe09fd,483abb4f-7b7d-42a4-aec9-f951aae7585b,e64d226d-1d88-a330-ae45-a66bd201b031
7d54f3d5-abb3-468e-bdc1-7d929437361e,54df3d97-0001-462a-9118-d46b8f7d529a,e64d226d-1d88-a330-ae45-a66bd201b031
18a391b9-c337-480b-b8cb-27dca6500b3a,5a3a4dc5-a668-ef6e-93c0-4338a18e817c,e64d226d-1d88-a330-ae45-a66bd201b031
f83d8eca-208d-4316-8e8d-fdb4e7bbf83f,57efc1bc-f784-4975-9eaf-dbcd1a0965d6,e64d226d-1d88-a330-ae45-a66bd201b031
6799f4b7-a80b-4930-afb0-fcff50f2ac6a,620bbab3-487a-47c3-a855-dc3230d18ec6,e64d226d-1d88-a330-ae45-a66bd201b031
d5679c26-7317-41c4-93e4-8ece4b9d134d,35785152-8b5a-4cb3-8c00-e6aee960305d,70c197ba-8951-14ad-a270-b32053663da9
9af72bb0-cc31-4e91-be28-71f58ce2fa6c,043dc09a-5fc8-4edf-8329-26a2f6aea3b0,70c197ba-8951-14ad-a270-b32053663da9
91b38b86-8607-4c76-b18a-d6437fdae134,20acb509-2620-4568-81a5-b86f0ef7d108,70c197ba-8951-14ad-a270-b32053663da9
d86f5c17-cf3e-4020-95ff-7bef7737674f,21784592-2e3f-4c5d-9435-bb3f575570dd,70c197ba-8951-14ad-a270-b32053663da9
b89909f4-329f-4233-a72b-0b597c75d16a,21626b76-ccab-4f9b-aca1-70a7bf64cc3c,70c197ba-8951-14ad-a270-b32053663da9
467827d3-b0d6-4f8d-920e-6af1bccef1f3,616e22a8-ffd8-4420-014b-57eca5595d74,e64d226d-1d88-a330-ae45-a66bd201b031
e64a91c7-05fe-4291-9286-f4695bd4c296,6674527d-75fd-317a-046a-2bd93346b719,e64d226d-1d88-a330-ae45-a66bd201b031
008a3577-894a-45f3-8cf8-f79e625cd2c9,6aa1b89f-14e7-d4e7-d8cc-ad0f9621da8a,e64d226d-1d88-a330-ae45-a66bd201b031
d885020c-55b2-4690-8bc7-5cb88111e528,686b9379-ba3d-87dc-9e0b-ba078ca762f2,e64d226d-1d88-a330-ae45-a66bd201b031
adeda67c-47f1-4a37-bc36-ab9ac7feb35a,6f369395-0f9f-5339-f126-dafa33f1a731,e64d226d-1d88-a330-ae45-a66bd201b031
998982e1-6195-433b-8358-1e7d2a93e43a,6ad3001f-3499-4162-ac7d-3efa4bf55883,e64d226d-1d88-a330-ae45-a66bd201b031
279215fe-d5a4-4a18-9461-261531494bde,6c1d2632-6ae6-4c34-b583-6b0478bbfd7a,e64d226d-1d88-a330-ae45-a66bd201b031
9eb871d3-e334-487f-9d0c-7eda67bc43c4,9400a7d0-a008-4464-9b3f-c6586a438aab,70c197ba-8951-14ad-a270-b32053663da9
4bb832b5-d1b9-44f7-b867-7e4094db3992,fcfa72f2-a759-4e06-9c65-6dbf8f4df611,70c197ba-8951-14ad-a270-b32053663da9
e264e881-b61e-44a7-9ea1-3c2bcce4d56d,94830392-ca36-4efc-814e-692f5a0ce709,70c197ba-8951-14ad-a270-b32053663da9
6ffaaf29-f317-4339-a9a0-230b27217900,fc1d7bb4-c1f8-454e-8601-38a8facc0eb5,70c197ba-8951-14ad-a270-b32053663da9
e8a962df-cde5-4b8b-a1c0-cc190f94e205,fb74034e-b0bd-433d-b331-fa6b448abbc2,70c197ba-8951-14ad-a270-b32053663da9
40a60347-a608-4fab-a045-c5a37acc4291,6bbd85c0-85ab-0550-f5af-e9d8cfc47d2b,e64d226d-1d88-a330-ae45-a66bd201b031
33fe238e-c0da-45ec-a641-042ded0c23b9,6b6d98ff-5128-4bc4-9467-8f79039787de,e64d226d-1d88-a330-ae45-a66bd201b031
f33fa058-40b1-456f-8776-66d8d338a418,6ccc0d85-d432-4c1e-b7e9-e5d20d4100ae,e64d226d-1d88-a330-ae45-a66bd201b031
b880ab11-cea6-4642-818f-a3ea28acd791,6c74898c-1ee8-434e-b9bd-39b9237b7db9,e64d226d-1d88-a330-ae45-a66bd201b031
8f37056b-fb5a-437f-9b2a-f95f2deb36e4,745e1016-d694-0562-7ed5-f54d6ecf1d8f,e64d226d-1d88-a330-ae45-a66bd201b031
1d630bd8-b273-45d9-bbc2-1ea4af4981ac,7a036435-d5d2-055f-0acc-2dcb25ee425b,e64d226d-1d88-a330-ae45-a66bd201b031
9af6d70b-4d94-4b09-8a51-7151772fd678,7b53e1a4-2a0f-40ae-9517-c4d57ad91ead,e64d226d-1d88-a330-ae45-a66bd201b031
d39dc5fe-d648-4192-abdc-784753466403,7b212a62-5739-934b-86b6-eea527e90ff7,e64d226d-1d88-a330-ae45-a66bd201b031
a90421f2-953a-4400-ac9a-0ff96f4e6614,7f3d3e23-3440-42bb-8b74-e455906fdfa0,e64d226d-1d88-a330-ae45-a66bd201b031
8de922e2-ff3b-4a95-b91d-f839711cf0d9,80c469b7-a7c3-4cd2-ace1-d285ab661a64,e64d226d-1d88-a330-ae45-a66bd201b031
f373b08a-e7f1-420c-b6ee-92987f74ddf8,7cd3aafd-d303-4679-92d4-db2fee673bbe,e64d226d-1d88-a330-ae45-a66bd201b031
3bd541a0-dc9b-459a-b4b6-e95f56fd91c3,7d06bd00-2386-7a04-0e39-23b4037fac2b,e64d226d-1d88-a330-ae45-a66bd201b031
f873aeb4-566f-4d68-bc41-65861d8a114a,7fce2368-4290-403a-9dd2-d3520a200fbe,e64d226d-1d88-a330-ae45-a66bd201b031
235ca1ea-a172-4ecc-93f5-7b12defa174d,810358f4-0ba3-46e7-8a1a-f0cd272cc7e1,e64d226d-1d88-a330-ae45-a66bd201b031
01fb4f57-2ea9-4fa0-98a6-703479968750,81d40968-4759-a599-e118-904202dd019b,e64d226d-1d88-a330-ae45-a66bd201b031
b1eb9dab-ecd0-469d-9c4a-a851b48aadc4,8399c2c0-7c96-8a07-2b3a-dd20074024ee,e64d226d-1d88-a330-ae45-a66bd201b031
edceefb4-f171-4798-bb24-6048e92419eb,823c23dd-703d-89ad-1c26-b74c0984abda,e64d226d-1d88-a330-ae45-a66bd201b031
091f4735-1530-468b-960a-323efd0b56bc,880732d1-9a6f-46ba-8d25-d73864ad230b,e64d226d-1d88-a330-ae45-a66bd201b031
f969d988-8ba0-4dc6-a22a-38750ac49f72,9a58300f-34f3-4d51-8f64-3f62e8b114a6,e64d226d-1d88-a330-ae45-a66bd201b031
d7b78585-e833-4c1a-b138-f3cae07760fd,9beb9f82-ac94-46ef-9382-0c63ce83c296,e64d226d-1d88-a330-ae45-a66bd201b031
52f05b02-b2b0-41f4-b3b9-b6c1507af82f,9d184094-477a-4876-b05f-750eef2f0023,e64d226d-1d88-a330-ae45-a66bd201b031
8ff30f89-c815-4fc1-ba1b-159b688f0bd3,a0b7ccbe-f2e6-4d78-88f6-10bdd8eade26,e64d226d-1d88-a330-ae45-a66bd201b031
5a701350-b169-4778-b165-2ffbb8c3686f,a41aa784-c387-42bd-8aae-6cf1babba24b,e64d226d-1d88-a330-ae45-a66bd201b031
d9b72e53-b3b1-457d-8fd3-67222f520596,a7de498f-5083-7a4b-58c6-8fda0f3f359b,e64d226d-1d88-a330-ae45-a66bd201b031
3d8fdd96-ebe2-4ec7-81c9-293d50c23844,aad29db7-93ab-458e-8e0a-1a1132e13006,e64d226d-1d88-a330-ae45-a66bd201b031
94b520a6-d6b0-4db6-bf47-526fd11cf201,a9778840-bb1e-6874-7b55-f9ebc4cc7b9a,e64d226d-1d88-a330-ae45-a66bd201b031
4f057dee-f650-49fa-a4e6-ac22ef8a2d69,a9c06bc1-b328-643c-dd9f-85bcd5bc7af1,e64d226d-1d88-a330-ae45-a66bd201b031
ae110546-461b-4ee9-adbd-cfeb6801e3fc,a7b27627-d566-6b19-5970-54b7f85ee5f7,e64d226d-1d88-a330-ae45-a66bd201b031
a7fe16bc-de7b-4c9a-9067-2fcd09a83003,adbacf3f-a986-6489-4270-02236f2fc39d,e64d226d-1d88-a330-ae45-a66bd201b031
793bbac8-de1c-4299-beea-75bb07ea7512,ac759b2e-96c3-9595-d111-dc32b0b5963e,e64d226d-1d88-a330-ae45-a66bd201b031
fdfa833d-74a5-4cd5-a037-312eb56a22ac,adbaea61-d2b2-4cf0-a4c1-c6bcab2b5752,e64d226d-1d88-a330-ae45-a66bd201b031
70bd1bf1-6bdb-4067-bada-bde8a08f9717,ade89935-3148-4ce0-9c27-99447b9374c0,e64d226d-1d88-a330-ae45-a66bd201b031
48a1692f-6fbd-477c-9e73-cdfe71d4fba3,b1ebca68-24ed-4779-82d6-d4a12a4b01f9,e64d226d-1d88-a330-ae45-a66bd201b031
4dd5ccb1-5c88-4bb6-9797-192b3e0ffbf1,b99d96f0-7e97-48a3-b587-b58b37f895fc,e64d226d-1d88-a330-ae45-a66bd201b031
ff9cf7e9-861d-49a6-8f8a-a51c8acccb9f,b49101fb-84dd-441b-a73a-6c2956b7d916,e64d226d-1d88-a330-ae45-a66bd201b031
65582b6f-1601-4c25-ba02-304ed6d9ebf3,c51ef431-37cf-1957-d81c-fe1986547ee6,e64d226d-1d88-a330-ae45-a66bd201b031
e7929f2f-263c-4bf8-b8c4-e7d80bb07540,bffc7ba4-05f3-4579-99fe-861e6beb1579,e64d226d-1d88-a330-ae45-a66bd201b031
67e3e6f4-ce99-44a7-bfea-de82223788a1,ca50bfe7-e12f-434f-8311-13f7be36aaea,e64d226d-1d88-a330-ae45-a66bd201b031
f0d7b9fc-57f2-45b8-b35c-b85ba44d3022,c99c79d6-8837-cd20-27bd-08f079c88c88,e64d226d-1d88-a330-ae45-a66bd201b031
de5c4fd3-61d6-48cc-ac84-ef0185bcb782,ca7bd602-7bcd-1f1a-644d-04b46d837401,e64d226d-1d88-a330-ae45-a66bd201b031
44012382-0dc8-4232-80ee-7157fbfd848d,cd587f90-cd11-4f58-abb8-cfc865768f49,e64d226d-1d88-a330-ae45-a66bd201b031
305e7c22-ef7d-4172-abfc-68349162493c,cdad1449-d836-aad2-b1ee-bebf54e48633,e64d226d-1d88-a330-ae45-a66bd201b031
0970e020-5d7b-4773-b1f2-0ca34676cd11,d68e83ec-1587-481d-be54-31c1a88fb57d,e64d226d-1d88-a330-ae45-a66bd201b031
1178fa31-adf0-4403-bcd9-e2e572ffe118,d4a27a00-9cc5-4af6-a687-041cc3a68b68,e64d226d-1d88-a330-ae45-a66bd201b031
fd327ad9-afe7-4c62-bc73-fc55526f0812,d5ef9e52-c987-8e9f-6dba-3a5448846e9a,e64d226d-1d88-a330-ae45-a66bd201b031
b639ee62-2573-4955-8749-1433178a2227,d2ba6679-9d93-02c4-caf9-a0510e0b9a14,e64d226d-1d88-a330-ae45-a66bd201b031
35c77b94-0518-4d54-9ed9-2a7b1b31b96e,d73539eb-1669-55bf-43d2-8d593e939ffb,e64d226d-1d88-a330-ae45-a66bd201b031
5c09601c-7dd5-484b-9860-30aa49a3d9ee,da69088f-3c61-b3b3-d16e-11598c1ec23a,e64d226d-1d88-a330-ae45-a66bd201b031
505e3cb0-6e54-4fb0-8a0b-18dda45be24a,d6def186-6387-4da2-bcf7-c406a8a9e2ff,e64d226d-1d88-a330-ae45-a66bd201b031
23418fcd-f29c-45fb-83f7-d7a241cd7639,da9c711c-fb2a-421e-8fa7-9b72813eed8e,e64d226d-1d88-a330-ae45-a66bd201b031
6ad70e4b-a5d3-478e-a4f0-239c36bd9730,e77fc4f0-34b6-41d6-a056-31b4eb3d2205,e64d226d-1d88-a330-ae45-a66bd201b031
efa6b076-3419-4bad-9054-ee346de3f84b,e5a413e4-84a7-5adf-ee06-83b0b64510ee,e64d226d-1d88-a330-ae45-a66bd201b031
e48d4911-9a24-473c-b325-edf4fc871cac,e56921a1-bd4b-5cdf-e188-f91c5f3a3499,e64d226d-1d88-a330-ae45-a66bd201b031
f6b5dc17-943c-405f-83ed-d58d6b110169,e82a2720-04cb-4a37-98e9-c53e511f5847,e64d226d-1d88-a330-ae45-a66bd201b031
cd705013-cbd7-4d54-abc1-e7a8376c1c6a,e22afcb6-60a0-cd6b-b01a-7b8f894a8070,e64d226d-1d88-a330-ae45-a66bd201b031
13bf7b90-0f15-40ef-80e3-5e0055335854,e8501301-126d-4613-af08-a5c915cd4bea,e64d226d-1d88-a330-ae45-a66bd201b031
e3a19f06-ff1c-4d7b-8bf8-63f7fa119e24,ecdda53f-7cad-9c26-6352-3d425f2f170d,e64d226d-1d88-a330-ae45-a66bd201b031
43a8cc79-6831-4cc4-b451-ffe3257a00ee,eab41a3d-7a41-c52b-e480-18327fe2d4a3,e64d226d-1d88-a330-ae45-a66bd201b031
6cc589c7-0201-402f-8971-03578fa5afee,e92a5195-8476-6c7c-1baf-2a278fa637a7,e64d226d-1d88-a330-ae45-a66bd201b031
5968738d-be38-48ba-8300-578256b5b842,e9a0044f-f1de-4d0b-0169-1dcd3b9dc539,e64d226d-1d88-a330-ae45-a66bd201b031
c6447c2a-0c72-4cd6-a07c-fc5a80c1cdb1,f0f4bda6-365d-49d7-a946-a5b2c23ee0c4,e64d226d-1d88-a330-ae45-a66bd201b031
0f54e43e-1804-491c-ba59-9b1448633605,3e6d5344-7c4e-0527-ffff-8d54e76d5749,1e35ee58-8dc3-c03b-f223-0a2e9bde90b4
2e0ad5c8-aec9-412a-a2ca-4636410db443,a0e8e9b9-cd67-47a3-9759-139233d5a7eb,70c197ba-8951-14ad-a270-b32053663da9
3dd03c29-b21b-437e-b3cb-ed6ac0a2e96e,03e7bb7a-1f8f-0e53-f66f-d76dded00691,e64d226d-1d88-a330-ae45-a66bd201b031
1bdd285e-adea-42f3-a375-39921d2b4a52,0ae84218-86a1-40ec-ae87-c095dbeea90b,8578e802-08ab-1d2b-e599-c3b247d9165c
c020f081-ee89-4f12-b6ca-bf1d7024de25,0c221799-bc4b-4bdc-a30e-68ed3211fd4a,e64d226d-1d88-a330-ae45-a66bd201b031
1d2884c9-2545-45d1-a9ab-c4cc8f8c872f,08188951-8c38-4436-b0d8-e21a969a32e0,e64d226d-1d88-a330-ae45-a66bd201b031
d9cc9108-6bfa-4f47-9e51-9e75f5a020d5,07e6f4e6-55c4-426b-af58-2dc2c345876c,1e35ee58-8dc3-c03b-f223-0a2e9bde90b4
2453637b-a76f-4867-9817-34d647ff642f,5c7be472-4ef8-6123-f0e9-98ad59fd540f,e64d226d-1d88-a330-ae45-a66bd201b031
3f38eca3-2926-404e-a224-1a0c5e75376e,fe941cb2-95d7-45a2-8b01-a00419deb19a,e64d226d-1d88-a330-ae45-a66bd201b031
efb3f9eb-45ac-4913-961c-91ae858dcfe8,fe3fbe06-ec2d-457e-a39d-ace78e92f7ed,e64d226d-1d88-a330-ae45-a66bd201b031
54ff472e-728d-4411-82bd-7c67e4b8e6b3,0e968de1-5e04-485d-8fc2-dbba81c39ba9,e64d226d-1d88-a330-ae45-a66bd201b031
eed2e8e3-0304-4971-b96c-aad0514db3d9,dec2a372-af78-456f-b010-611bcac196cb,e64d226d-1d88-a330-ae45-a66bd201b031
6d63f965-bb0e-4946-bf2f-dd72dc3b24ee,f7823228-ee2b-405f-b49f-d009e08676cc,e64d226d-1d88-a330-ae45-a66bd201b031
8222d3ec-9fbd-42bd-a253-8b4f09c9396a,f81ad394-5aa2-f57a-9ea7-05dd363c8145,e64d226d-1d88-a330-ae45-a66bd201b031
5b26cd7d-846b-4aea-99bf-7f3e8445798e,e0e56510-f0f1-410e-bf8a-eff442fb8e45,e64d226d-1d88-a330-ae45-a66bd201b031
35aa77dd-d996-4212-85de-c0b3df74019b,76234bb7-94c5-840f-56d6-07cacf23281d,8578e802-08ab-1d2b-e599-c3b247d9165c
8c5fc1b6-4835-4984-8ac1-30aab48fb31a,5048623f-63ec-4db2-b46a-a46eee8a7635,816af09f-efed-c920-43c3-042bc9696f0d
fc6d6677-dd4f-4ef6-adb8-933eed3d8f44,8bc036dd-26f7-4743-9d95-d2bd57b19e90,c68f5fed-d4be-afb9-559d-66dd16c6e466
6f745b0d-15c4-428e-a588-05997372f950,91867815-beb4-4640-90ae-53521ff03e1a,816af09f-efed-c920-43c3-042bc9696f0d
5be108b8-3349-4168-9c27-6146ebeec3d1,77bc03eb-64d6-4c86-ac3f-ce084f6643a1,7c1dc1c9-d59c-6826-b507-6bb38dfb5ee4
cc3cf224-73cc-484a-a56c-cea1e45fb36a,fd2a633e-8f38-480e-89df-d96b596a0407,89f190f4-0d7e-fafe-5bab-dd5dfd647cb2
962349f3-3b3f-4282-93fd-2da3f6429bf0,3238b03d-e578-4ce4-9373-9d0ac4c5ebc4,816af09f-efed-c920-43c3-042bc9696f0d
449d13c7-c85d-4fc8-9c2f-ced348fb2bd7,64d963fc-851f-4238-aae1-25b06ba04e9f,c68f5fed-d4be-afb9-559d-66dd16c6e466
cd98cfe5-24b8-44fb-b227-b76ae472b885,e93af9c9-45d3-402a-b750-ed12ff7b4506,816af09f-efed-c920-43c3-042bc9696f0d
5df3bc10-f8ff-4e83-be40-04017d153cf4,e359798c-1553-4c1e-860c-c9fcf21180f2,c68f5fed-d4be-afb9-559d-66dd16c6e466
7bef5a58-b518-448c-9137-4986ed3eb620,0e690617-6f02-4f43-b010-27e246a32672,816af09f-efed-c920-43c3-042bc9696f0d
501d12a1-bd91-4584-a1ad-ae6a1e974e2b,1060b8ea-5100-4d3f-b577-c9fbf6868de4,816af09f-efed-c920-43c3-042bc9696f0d
258f60f6-a94b-4720-bdbb-d7b4d44cff0b,52096cd7-7649-46b8-8b42-6e96148ff532,816af09f-efed-c920-43c3-042bc9696f0d
2aa25b48-9eb2-457c-a156-5cff608d1c05,f0bbe4bb-207a-4689-b24b-0234b40309b4,7c1dc1c9-d59c-6826-b507-6bb38dfb5ee4
a19fd1b4-c477-4da6-be6c-28360a252124,aee2f833-0865-4622-9039-4ef18693e8a4,816af09f-efed-c920-43c3-042bc9696f0d
66dcd130-3883-4510-b8ca-9ff4d1f2a083,fea93369-22b7-4920-ae2f-9b14295936cc,7c1dc1c9-d59c-6826-b507-6bb38dfb5ee4
117603a7-f753-4872-a490-e686a3cc0f59,6eb8450e-17ba-4dd4-8c8b-1bfe945f5c7d,7c1dc1c9-d59c-6826-b507-6bb38dfb5ee4
b7ce0af9-eb23-4816-861c-c677b7fe7bc2,862e71ea-cbdf-63ef-cd20-cc42c5b3736c,1e35ee58-8dc3-c03b-f223-0a2e9bde90b4
f97ec5f2-2017-4331-a049-fac0b4594012,4dd13113-da1a-40bb-b6eb-11b60ab99a20,c68f5fed-d4be-afb9-559d-66dd16c6e466
5f56a7c8-0717-41c2-8187-56388e0ddb97,1646cd50-d305-432b-a91d-7539f0a49dbd,816af09f-efed-c920-43c3-042bc9696f0d
741bbefd-b969-45c3-9d23-214bff7790a4,962a285f-06dd-4c7d-b0a7-0d3de2692f6e,816af09f-efed-c920-43c3-042bc9696f0d
7b3bb305-21ad-4b6b-ae4b-ac448267f484,355e0f59-32a7-4afe-abe7-c891a20652a7,7c1dc1c9-d59c-6826-b507-6bb38dfb5ee4
3954ef69-4fe0-4cae-834f-0b3b312f8cf2,ea23b35d-9886-4a97-b9ee-bb6f4776b886,7c1dc1c9-d59c-6826-b507-6bb38dfb5ee4
9e5d416c-0fd3-400b-a975-0f6577ef0a5f,f9f32a6a-850c-4de5-a41a-995ba48ecd44,7c1dc1c9-d59c-6826-b507-6bb38dfb5ee4
c58d3f69-d521-4fe5-be0b-a90bf6edfdac,00350919-dbef-4687-8ea3-5c62967019c0,816af09f-efed-c920-43c3-042bc9696f0d
149a5d9c-111f-4c73-aa58-2614b355231c,5be260c2-f0e8-45a4-8a86-d5a15fa7534e,7c1dc1c9-d59c-6826-b507-6bb38dfb5ee4
c83928ec-58b6-4786-a6d5-2f55a25222c1,6e6c5af5-1c3b-4b47-b734-9bc87c9536a2,7c1dc1c9-d59c-6826-b507-6bb38dfb5ee4
970ff536-71cf-40de-ac80-4881475edbc2,5a490da2-83f8-468e-a524-f7c523f32fe1,816af09f-efed-c920-43c3-042bc9696f0d
5f3bc6d3-ec4c-4e5b-9f45-9bff17783484,c43a9813-8f45-418a-94e9-e16f6ac3bb4a,7c1dc1c9-d59c-6826-b507-6bb38dfb5ee4
2aee5d26-626b-4b4e-9002-b68f6dc3b032,67a86fbc-a229-4e3f-a19a-d93732ecaa01,816af09f-efed-c920-43c3-042bc9696f0d
3009b719-6b27-4c4a-915b-de7cf349a669,81163c7a-ffcd-40e4-b966-ecb5732d4eaa,7c1dc1c9-d59c-6826-b507-6bb38dfb5ee4
bde9503b-7320-45e9-8d01-4296be149196,f0dd8663-65d7-4fe7-91ee-5edef8c407cc,816af09f-efed-c920-43c3-042bc9696f0d
9d49d8bb-2a69-4b69-85d7-3cda107a85a6,5887fb4a-9bf4-4d5c-afaa-81255fb7e17e,89f190f4-0d7e-fafe-5bab-dd5dfd647cb2
d9381d81-31ac-4ee2-aa0c-7344a6f985dc,3074425b-cf61-4696-9a12-b70a3bea23c6,816af09f-efed-c920-43c3-042bc9696f0d
37efd5ba-e465-4dec-ba28-5a6f127127b5,351e5fff-6acd-4f9e-8425-8140c16f9ddf,816af09f-efed-c920-43c3-042bc9696f0d
879411fe-097c-4122-a2aa-6ce46f96fcfb,10b3a340-9930-4cdd-b63e-8fb67332b52a,7c1dc1c9-d59c-6826-b507-6bb38dfb5ee4
594e2cf8-96f9-4bd9-850c-19372d571850,6346d3d3-d090-410d-8d27-bd5d011be2a9,c68f5fed-d4be-afb9-559d-66dd16c6e466
d77ce052-4bc3-4df6-835e-cbfbf88532f4,fa351f5e-b5a9-4ec8-b75b-b467c11a655e,7c1dc1c9-d59c-6826-b507-6bb38dfb5ee4
35409d02-8016-4708-98f8-8c1d2ce860f6,3a04e0a4-089f-4d52-b936-401cdf7e24d6,816af09f-efed-c920-43c3-042bc9696f0d
cdf7e8a8-6351-46c5-8f95-cb009129e6d2,e8ede248-71e3-4d86-94af-dae63ff6c51a,7c1dc1c9-d59c-6826-b507-6bb38dfb5ee4
5631a0d2-33e1-4efd-b725-d7243363f393,4a1424ef-d039-4fa9-a0be-3d8cd99c076c,7c1dc1c9-d59c-6826-b507-6bb38dfb5ee4
dc4ac56b-2597-46a8-966f-e112e59f1783,900837a6-d998-4e53-992a-43ba1a2fbbea,c68f5fed-d4be-afb9-559d-66dd16c6e466
63a61984-d007-4257-861c-70c6f4354f1e,8caa7983-025b-4525-84e4-e1392fb61daf,c68f5fed-d4be-afb9-559d-66dd16c6e466
f9ccf9b7-44b8-4e47-94b5-f20e89765e82,14b784b2-bb52-467a-aafb-d4620e3a88a4,7c1dc1c9-d59c-6826-b507-6bb38dfb5ee4
b1bb64e1-4add-491d-9426-c3b9bd9320e2,a119de8a-f458-40df-ac08-cac53672894e,c68f5fed-d4be-afb9-559d-66dd16c6e466
524ad3a2-e400-4012-881d-6fc9154a294d,63190a12-b0e7-4193-8231-cdb46622dcb3,89f190f4-0d7e-fafe-5bab-dd5dfd647cb2
6a264c11-e97e-4ae6-b862-63de2710bab7,789b14b4-8d0e-460d-bfd3-c43ea008a2f5,816af09f-efed-c920-43c3-042bc9696f0d
2d0cc10c-10a2-4b7e-a655-a0b1fc1f85cf,1f195857-c003-4142-a885-240bf3065ec4,c68f5fed-d4be-afb9-559d-66dd16c6e466
d1a3fd1e-b3cb-49a4-9fba-b4ba66c12e57,c44214be-1fc6-44cd-8b19-861805990591,89f190f4-0d7e-fafe-5bab-dd5dfd647cb2
741dd676-9a00-4bfb-bce2-e91edccafb8f,94e9de3e-a62f-4449-b767-88195eb2a9d4,c68f5fed-d4be-afb9-559d-66dd16c6e466
cf4439b3-94bb-471c-9a3a-960bce670465,d5df60fc-800c-4446-9825-59373d61662f,816af09f-efed-c920-43c3-042bc9696f0d
98206466-c7cb-452b-9303-1a265016d8e2,62994821-15d3-480a-99d2-0131a5113f90,89f190f4-0d7e-fafe-5bab-dd5dfd647cb2
409ec2cf-20aa-417e-a60f-9b2e77c0d584,67eab93f-48b2-4a4d-8096-c22f2d99e80c,89f190f4-0d7e-fafe-5bab-dd5dfd647cb2
6d68f310-4c52-42c6-8393-0fcec1782c33,7ecb7feb-09a2-42aa-ba32-5dbddc3d5c3e,89f190f4-0d7e-fafe-5bab-dd5dfd647cb2
edb024d8-b7e0-4548-9b72-51575ecacdc6,ed9432db-e254-4f23-98a4-7b61923ff42d,c68f5fed-d4be-afb9-559d-66dd16c6e466
bb4eb77a-31f7-4fdd-8a91-48e800f3cdf1,5c1c8e63-19b5-44da-a45e-832c88ceba94,7c1dc1c9-d59c-6826-b507-6bb38dfb5ee4
19f5c564-8eb2-47f2-a9f8-27dd1e569719,643a5824-fba5-4bac-b9c4-a796688986c5,816af09f-efed-c920-43c3-042bc9696f0d
48c308c4-d2bd-4af0-a59a-095c80df3637,41ae84c3-7a21-444f-88e3-86eebf7bda3d,89f190f4-0d7e-fafe-5bab-dd5dfd647cb2
878c12b9-c553-48fc-bbb6-85973e5503b0,4ec860ba-66ce-448f-b753-5c5cd94e5b99,816af09f-efed-c920-43c3-042bc9696f0d
9b741879-e158-4d4f-9b73-8a047becfb4c,5da9fb70-2766-4383-a45e-9d6258b93dfa,c68f5fed-d4be-afb9-559d-66dd16c6e466
ec71d51d-b67b-4c39-b6c5-840f7c1ec361,88ad7575-de51-4d53-8061-c9d0326b9e60,816af09f-efed-c920-43c3-042bc9696f0d
ea46a6d8-cb11-4892-99fc-cece44df8dca,9bb4220e-d33f-4800-8509-78dcd5f9edb9,89f190f4-0d7e-fafe-5bab-dd5dfd647cb2
6b415d3d-9432-4b79-b3ce-af865a3d20f2,cfe9f6ff-8dcf-498e-8321-96c1d146053d,c68f5fed-d4be-afb9-559d-66dd16c6e466
26558c50-29a7-453c-98ba-e9df4418e5bd,fb401b4a-c16f-4172-b01a-e8a2c46f6283,89f190f4-0d7e-fafe-5bab-dd5dfd647cb2
e70dc28c-6400-45eb-9eac-2f0c5ecf09b8,ee3fd373-63c6-4518-8c0d-2049f821c3cd,89f190f4-0d7e-fafe-5bab-dd5dfd647cb2
7332f555-d08d-4faa-b293-225e324efa2a,b628724e-54b9-4973-8745-fd4610af8727,89f190f4-0d7e-fafe-5bab-dd5dfd647cb2
ba1aac9e-363d-48e6-8c29-5d5933c94328,731375a6-2e32-4f39-8730-6c6881cf2729,89f190f4-0d7e-fafe-5bab-dd5dfd647cb2
69d1a4d9-bbc3-4dda-b276-2a04185a72c7,ee07908d-cf18-40ee-9de0-172df6406b78,89f190f4-0d7e-fafe-5bab-dd5dfd647cb2
f61d6176-58bb-4af8-b934-5c3cb4e6c45c,85d6f49b-db48-40b9-8736-70aed315a195,c68f5fed-d4be-afb9-559d-66dd16c6e466
4f53bab6-d50a-4190-91b9-3f9a5b421bbb,51692833-d5f0-4b8c-8501-c9e564caf80d,7c1dc1c9-d59c-6826-b507-6bb38dfb5ee4
17a282b1-23d1-4056-9494-b54515f27cb6,57b05a1c-5869-4b7c-8855-9571d6e3f45c,89f190f4-0d7e-fafe-5bab-dd5dfd647cb2
ba587130-0acd-4d5f-bd58-4ca5551be3d0,1138c6b6-dfcc-408f-9361-63ebdeea15be,816af09f-efed-c920-43c3-042bc9696f0d
d304e043-3902-485f-8d30-bfe7403e6b94,7410a8ff-d530-4d6e-89ec-6a3252da77fe,7c1dc1c9-d59c-6826-b507-6bb38dfb5ee4
a1245cda-f5da-4545-a43b-d898eb9f3845,f90311c3-571f-49c0-9754-869a88b5a0b6,7c1dc1c9-d59c-6826-b507-6bb38dfb5ee4
d59e4d7e-ba58-427e-bbb6-7918eda27a5e,fc0df031-c601-4003-a199-37cd0253a008,c68f5fed-d4be-afb9-559d-66dd16c6e466
d2cd583a-953b-4f94-ad60-56c0f76ffbc6,46c5699f-0a54-4073-b34f-36a0a6687c1f,89f190f4-0d7e-fafe-5bab-dd5dfd647cb2
c73d1d78-752f-40c5-85a9-424e699c9dd4,7642b17b-e563-41fa-8087-c341847a4ff1,89f190f4-0d7e-fafe-5bab-dd5dfd647cb2
416eca2b-8eb3-4848-bb74-14eb1a95357d,b8932478-59ac-4bb9-8099-17bc13bdd5bc,7c1dc1c9-d59c-6826-b507-6bb38dfb5ee4
d5142a53-7d2c-4b7f-89b0-f7f8a90f4876,5ddc506c-d7b9-4001-ba49-830b30e9656d,816af09f-efed-c920-43c3-042bc9696f0d
c66e5586-6a34-4d66-a369-b51157233e51,13f1866a-963a-445c-82a3-adbbd45f9775,816af09f-efed-c920-43c3-042bc9696f0d
5a7ce798-0a51-4764-a952-68594668bd44,b769412a-a540-406e-b0a9-92bd2d72ac16,816af09f-efed-c920-43c3-042bc9696f0d
4ca2c5f4-8dc3-49b3-a6db-c3154acc7c5a,a8b81c75-a364-48b7-a0bc-6c0d609f6afb,7c1dc1c9-d59c-6826-b507-6bb38dfb5ee4
349ab261-627b-4af0-88f1-16b9c7332bef,52466ef1-19a2-4e6f-8c22-776d2657ea05,816af09f-efed-c920-43c3-042bc9696f0d
0988eb45-ef01-4a41-9e0b-7294d0c7c306,cb650cca-dcac-4fd5-8df2-01274d115290,c68f5fed-d4be-afb9-559d-66dd16c6e466
14747934-80ab-472d-9545-b0c02e73de55,d3443140-7fa2-4365-b02e-9dbf3e252625,816af09f-efed-c920-43c3-042bc9696f0d
23a6c9a5-401f-4b7f-b712-86159bbbfe41,35661533-f203-4210-8ad1-3e78041f0134,7c1dc1c9-d59c-6826-b507-6bb38dfb5ee4
6376c908-e8e2-4ad9-b363-809a7f5f7a0e,27026f4a-9747-4a72-911e-de4dcb56c0cb,89f190f4-0d7e-fafe-5bab-dd5dfd647cb2
81d2a282-92e8-48b8-b3db-caeedb17adc2,ed2272ed-7bde-4971-9511-a9b14f7793e9,7c1dc1c9-d59c-6826-b507-6bb38dfb5ee4
036847a7-0cf3-4da7-addb-ea33dadeaf85,23626841-6bea-4b5c-a3eb-8289865d69a5,7c1dc1c9-d59c-6826-b507-6bb38dfb5ee4
9b54208e-1a34-4da3-bc12-545306ef521f,1cf5e720-b4b3-454b-80ce-75e3a0ff7442,816af09f-efed-c920-43c3-042bc9696f0d
0b4151b7-bd5f-4287-b451-8f0920045a6a,d1ffb7e3-d087-4e05-a84f-96f4b07e2594,89f190f4-0d7e-fafe-5bab-dd5dfd647cb2
8e89a912-9820-4db3-ab2d-d5f5c77a7cb6,78b98734-51f9-4727-8ee1-41c70604aeb5,89f190f4-0d7e-fafe-5bab-dd5dfd647cb2
c5a92627-1d0c-4cca-9fb8-82fb7aea16d1,d291b85e-5adc-4e2d-92f3-a02204e55188,89f190f4-0d7e-fafe-5bab-dd5dfd647cb2
79f41498-27c4-42d8-b0d3-1458884b0a33,47c52a16-fbed-4c93-8cbf-19b358068e83,816af09f-efed-c920-43c3-042bc9696f0d
e95e978f-e324-4dcd-858d-f185f3ec8d52,1de546ad-7bcf-4b67-b5db-f954a4c22f0f,7c1dc1c9-d59c-6826-b507-6bb38dfb5ee4
199ed684-2fa2-4920-9517-8dcc89ead0f0,0f6c8f0e-f07d-486f-a5a2-30fae1fa297b,816af09f-efed-c920-43c3-042bc9696f0d
3dc97156-67b8-4c7a-a859-a4e0179ca021,37936fa8-dbfb-4c62-a7cb-795e0a9434bf,89f190f4-0d7e-fafe-5bab-dd5dfd647cb2
24ff9fe9-d716-4246-82e5-342ade76624b,2441597f-9de3-4c45-8aff-fdb010906c7e,816af09f-efed-c920-43c3-042bc9696f0d
5fe9235f-e56d-487e-8f7e-aef89cbe9533,af708dbf-e7dd-43b5-8fe5-ca45c4bb20ac,89f190f4-0d7e-fafe-5bab-dd5dfd647cb2
39f75649-a1f4-4d5a-8e5f-b2cb2dd692e7,06bbec06-75fe-4150-9ac7-04642811a5ea,c68f5fed-d4be-afb9-559d-66dd16c6e466
e270636f-09d4-4e3b-9784-bd8445bf46b7,ccd74793-4bb6-4342-b611-c057964dba5b,816af09f-efed-c920-43c3-042bc9696f0d
e92d5c02-2ae1-4396-9cc0-e1c47ee05a30,508267a5-46af-4201-bb8d-d0bdc040daac,c68f5fed-d4be-afb9-559d-66dd16c6e466
4a89b70b-e052-4705-baab-5d0c9a6d64e5,ff44fdea-f8a7-4d47-a953-8d389a06d0db,816af09f-efed-c920-43c3-042bc9696f0d
3f962b0e-23a5-4200-ac9f-aee9816d2400,017d7826-3a6e-4784-b40f-40170bebe5f1,816af09f-efed-c920-43c3-042bc9696f0d
910399d2-729e-4674-be23-531cffcc1815,b389fdcf-fcb7-423b-b962-ed50d88fb0e6,816af09f-efed-c920-43c3-042bc9696f0d
b995f463-b104-4e70-9c4b-56d0134a3b95,eeee68ff-4087-42a4-bcb2-2a188e87b716,89f190f4-0d7e-fafe-5bab-dd5dfd647cb2
5108430d-2f3c-4f1c-bbd9-9d0e896ee894,cd561dff-bfe1-41e8-a6e3-16336df2925a,816af09f-efed-c920-43c3-042bc9696f0d
3fd1baea-4cec-49ab-9930-7622a8320fe4,cba5561d-b015-416e-ae31-a07cf05934a1,7c1dc1c9-d59c-6826-b507-6bb38dfb5ee4
fedcff71-5aec-4daa-b195-e9586be3b810,3604de49-6f45-4191-93e6-7d57db8f2156,89f190f4-0d7e-fafe-5bab-dd5dfd647cb2
7ba44ebb-fea3-490e-8e94-c29831b0542c,698f62b9-30e1-4dd7-901f-fe3c14650b6d,816af09f-efed-c920-43c3-042bc9696f0d
f2e2b754-3b97-4c92-b429-06b7ec306610,f9b272ef-683c-4907-b0e8-7a129fb528ff,816af09f-efed-c920-43c3-042bc9696f0d
c670024e-d9c9-45f5-bb23-a188ceaa8d52,d610a9e0-1bb3-4fb7-a3bc-095d6fcce85d,c68f5fed-d4be-afb9-559d-66dd16c6e466
9fc045f4-004d-4819-9079-586498d3722c,7e074220-eb6f-4b97-8bf9-e7d24c15229d,816af09f-efed-c920-43c3-042bc9696f0d
1d8630dc-6a69-4af4-93fc-9a6c9e93526e,131e4274-83bb-4749-9b0a-1f6c31c0f00f,89f190f4-0d7e-fafe-5bab-dd5dfd647cb2
22815ac2-0393-4d74-8d0c-c64ff8f76ca4,fe92f5c7-c392-4e54-90fa-11f78b48258e,816af09f-efed-c920-43c3-042bc9696f0d
656d668b-0e2a-49ed-9965-1e75188586ee,c6f9b5fa-6731-420c-a16e-f56ebdbcd257,c68f5fed-d4be-afb9-559d-66dd16c6e466
dcfaf2bd-5b40-4664-8e61-199d9ea5fc8e,663d2a31-079b-48b8-9578-f51b5d814547,89f190f4-0d7e-fafe-5bab-dd5dfd647cb2
07f03a1b-f7c9-4406-b938-bb3323341961,1badd9bb-9160-4459-8698-0fcb7f89719e,816af09f-efed-c920-43c3-042bc9696f0d
db556f13-9b01-4fe3-9de1-9f13b58a909f,41940a79-d23c-42cb-81e1-7755d3036cfc,c68f5fed-d4be-afb9-559d-66dd16c6e466
fa449d22-7356-495c-ae2b-a0dfa9aee04b,336e3417-cb41-490f-bc2d-c4036d5fd3d0,7c1dc1c9-d59c-6826-b507-6bb38dfb5ee4
28e6cf24-c09d-46a0-b9f2-a1f33b5721d3,b7056aa5-e50a-4c0f-8561-ef4f8e309255,c68f5fed-d4be-afb9-559d-66dd16c6e466
00e16fc3-fa72-42f6-a3b2-f6e03c221966,dba54427-66b5-4f78-b5fd-58a956281142,89f190f4-0d7e-fafe-5bab-dd5dfd647cb2
d374d535-257c-4b9e-9890-547196e46b55,42dbd40a-148e-4fad-950b-0bb6cb47f0ff,89f190f4-0d7e-fafe-5bab-dd5dfd647cb2
11044665-9820-4ff2-912a-92a6a29d2f78,6213242b-96dd-48c7-8be0-fbf6bf308e80,c68f5fed-d4be-afb9-559d-66dd16c6e466
b97cfe7e-263c-4446-b340-effaa31b743d,6d148020-cee3-4db9-92db-7af25da94871,7c1dc1c9-d59c-6826-b507-6bb38dfb5ee4
2cbedbf1-20ff-40af-b328-d12009c69bde,a9a940d7-3e08-40db-ba6d-b5f73da99339,7c1dc1c9-d59c-6826-b507-6bb38dfb5ee4
ba545197-8167-4b24-961c-76200606e3f9,bbab5c10-09f0-4a8f-b173-dd92a8b01f20,c68f5fed-d4be-afb9-559d-66dd16c6e466
ff34bf84-0718-4576-8d11-080706f842ce,2a39b6f9-26e0-4ecc-952c-de074569fab4,89f190f4-0d7e-fafe-5bab-dd5dfd647cb2
fe3a68ed-116f-4499-a2c3-d21ae6d5ca2d,3b526b87-8ca1-406d-91ce-1dda02c0febc,89f190f4-0d7e-fafe-5bab-dd5dfd647cb2
4500c781-9573-4da7-9611-c775e4bad7de,f8ba43f8-d8fa-4929-b9ab-8824fa120669,816af09f-efed-c920-43c3-042bc9696f0d
2e03cb2c-c52e-48a9-8998-adb6b022d61c,f052c138-72fc-4f03-b061-e1a3b60c16f9,816af09f-efed-c920-43c3-042bc9696f0d
bdc95b42-2b2c-4f4a-82ea-a6c62cd3463c,9b414546-e7b8-4046-9cb5-1e0210edd386,c68f5fed-d4be-afb9-559d-66dd16c6e466
77b48abe-0c9a-4a5f-813b-7041a6c5b19d,4c10e7c2-1a8a-4c51-9217-fbe1db5df597,7c1dc1c9-d59c-6826-b507-6bb38dfb5ee4
7354b0f3-57aa-4b1a-baaa-eaaba77bdce8,d591ebc9-7497-460a-b396-bdd65b958f9a,89f190f4-0d7e-fafe-5bab-dd5dfd647cb2
3cd78fd5-20b3-43e8-8ef1-8c8215d2f43a,b37405f1-7e3a-4c47-86a1-5a55f6cd51aa,816af09f-efed-c920-43c3-042bc9696f0d
99cf9e4a-2450-45e5-93db-3bf1e5705854,429b066c-4a7d-4dd0-a165-59e62f169b01,89f190f4-0d7e-fafe-5bab-dd5dfd647cb2
7f60c98c-f1ee-43f0-bc67-8aab31c884fe,fe10719a-4c42-41fc-baef-3b1a898a4535,89f190f4-0d7e-fafe-5bab-dd5dfd647cb2
4d313ac1-ec93-4ff9-b46b-13562775e0d0,f45e968b-a54e-4634-9c9d-2e7d73b2be75,c68f5fed-d4be-afb9-559d-66dd16c6e466
117ec949-836c-4281-a8cb-2f399ad189c0,f9e36793-8fa5-4609-9bd4-4e94dac303e5,816af09f-efed-c920-43c3-042bc9696f0d
c44b1547-e6dc-4d26-b4d9-4b10df225243,120b713b-337a-4f7e-835f-f0479e84a6c4,7c1dc1c9-d59c-6826-b507-6bb38dfb5ee4
8d7a0f34-db70-4d7b-ac25-465c5bcc7c24,8af3bdcc-6404-45cc-95b3-ad734adb7c00,816af09f-efed-c920-43c3-042bc9696f0d
2d385734-8ae9-4fec-b7b1-53902e2d81ea,9106166d-1418-4ed2-aca6-3d1259bfb30f,89f190f4-0d7e-fafe-5bab-dd5dfd647cb2
c33364de-8837-4ec0-8ee6-4ce1425312d0,d82b9ce9-678c-4090-b905-2b3ee7756250,7c1dc1c9-d59c-6826-b507-6bb38dfb5ee4
07dd1303-f91e-4109-aa51-00f030894c45,5748a6c9-7dd3-41c8-935b-70a345e29cb8,816af09f-efed-c920-43c3-042bc9696f0d
a68cf5a5-332d-4c32-94c4-2af022ce4894,fffbb494-0cdd-4d93-abd7-dedcb72c540a,89f190f4-0d7e-fafe-5bab-dd5dfd647cb2
a78fda7a-a036-469b-8a81-cf1867cd6295,87850dd0-f1ce-4a28-b331-7ee8dee4ffa7,816af09f-efed-c920-43c3-042bc9696f0d
16590629-f03d-4b6b-ae4b-596b9fc409e4,c3514c15-6456-48ff-8319-ecb253ecb9dd,89f190f4-0d7e-fafe-5bab-dd5dfd647cb2
395e43d1-4e68-4b51-a972-c6acbe83746d,529123d4-d5d7-45d9-954d-113ac66b3a4e,816af09f-efed-c920-43c3-042bc9696f0d
92485f64-b0c4-4611-8514-39507bdbcc08,7a5d4645-cdba-4533-a15f-ee3696331d08,7c1dc1c9-d59c-6826-b507-6bb38dfb5ee4
48ba5315-c9aa-4954-a225-bed3045b801f,b6b89d35-7e3f-4b9f-9302-0b384a051f94,c68f5fed-d4be-afb9-559d-66dd16c6e466
79798896-9b67-4e32-ba89-1fed35c010c3,08cb109d-690b-43da-889c-74c4d466b141,89f190f4-0d7e-fafe-5bab-dd5dfd647cb2
a0039229-24c9-4f53-97c2-fe8c9bf30c1b,94ecceaf-90b1-4f78-95dd-00f8ad14b147,c68f5fed-d4be-afb9-559d-66dd16c6e466
4878a0ca-1282-4212-b5fe-6681c5c40356,133cf979-09c3-42c4-a46e-3993183f5790,816af09f-efed-c920-43c3-042bc9696f0d
2316b7ac-d4ed-48fd-959f-91675800c630,8c680c95-0e55-49c7-a6fb-f1ec8ea3fe6a,c68f5fed-d4be-afb9-559d-66dd16c6e466
8bbfb69e-104c-42d5-b5db-cc80c4ee6774,7fdbd6fa-07a1-4ac2-8393-9c19718adbb2,7c1dc1c9-d59c-6826-b507-6bb38dfb5ee4
af8aff71-dfaa-48dd-99bd-98d6c3aa573c,a2841550-b324-4966-a828-ac812b01a4af,89f190f4-0d7e-fafe-5bab-dd5dfd647cb2
b82560cf-ad1c-49b8-b9b7-7944428d8455,8b858850-696f-4990-b8cb-a01530efcfc8,7c1dc1c9-d59c-6826-b507-6bb38dfb5ee4
757a1c2d-0b49-4821-9379-f90339e87ace,6a4dfeec-0a88-476e-96f4-50331ce41584,816af09f-efed-c920-43c3-042bc9696f0d
072b552f-47e8-4cfa-a1f9-3a66daabf528,fda0fd52-9a6d-471b-b556-d1e4e2279594,89f190f4-0d7e-fafe-5bab-dd5dfd647cb2
dd79db71-c831-49c7-a19c-ad9a0c2c886d,02800781-7e88-41d7-a460-56bdf5d7bac1,7c1dc1c9-d59c-6826-b507-6bb38dfb5ee4
2aba232e-f461-4cab-8aa2-7785e69c0319,8eea13aa-50de-40b1-96b9-bc1ae2f573b1,816af09f-efed-c920-43c3-042bc9696f0d
d5847096-f34a-45ad-8450-a1d0513cbef5,68a203cd-a26c-4ae3-9ed2-5bf6e053999f,c68f5fed-d4be-afb9-559d-66dd16c6e466
15dfeb7b-70ff-4718-a664-a0ba17ce2723,ce4e6514-8526-4ac0-9d8f-1f3bd71a7ac8,816af09f-efed-c920-43c3-042bc9696f0d
e2b04d4f-b2ed-412a-a542-88ceedd7d4bb,d1cb5e92-fb0e-42ba-96c4-6ba9681dc83c,89f190f4-0d7e-fafe-5bab-dd5dfd647cb2
6fd63fd5-1e66-4459-9d77-b6d76d55f55a,0e66fb1c-521c-4eb4-97ba-808a75d8295a,c68f5fed-d4be-afb9-559d-66dd16c6e466
e1ea9244-02d6-46cb-bdc5-e09b382ab78c,21b60f9d-d211-4367-a235-7f01f47c1814,7c1dc1c9-d59c-6826-b507-6bb38dfb5ee4
8368c20d-5420-4899-b3ec-41f203acbb38,4297842c-3740-466e-936c-736dd04f7fa0,7c1dc1c9-d59c-6826-b507-6bb38dfb5ee4
b0f6a9ca-dd41-428d-bad4-9dfe866ceb83,3da65965-888b-43ed-884c-eaa7b821a5ce,89f190f4-0d7e-fafe-5bab-dd5dfd647cb2
19806adb-9659-4015-b746-118e422653bf,5cd3ff05-6ba4-429d-82bf-903d67a56ed6,816af09f-efed-c920-43c3-042bc9696f0d
38d7ebfa-76ad-451d-ac0b-417a72081b80,8850b329-7725-4029-8e9a-95fff02b5053,7c1dc1c9-d59c-6826-b507-6bb38dfb5ee4
1561bb0f-f987-41a6-a635-3de4931befb0,09701c38-0e6d-463c-800e-0d69728bce01,816af09f-efed-c920-43c3-042bc9696f0d
03840007-7d91-4122-a295-9a8c0e1ed4fa,13c21403-7de8-4cb3-a66b-46df241e9fc9,816af09f-efed-c920-43c3-042bc9696f0d
a6d7842a-15f9-41d3-bfb9-04df8a3763bf,ebf90991-7c07-4ae9-b44a-0cd8a223b69f,89f190f4-0d7e-fafe-5bab-dd5dfd647cb2
739ae66a-5101-456f-9f9b-81b3c4a4ec08,62b1b87a-719a-4684-bf12-7690491fca57,816af09f-efed-c920-43c3-042bc9696f0d
2f07eb06-fc47-4eff-9579-6ba199c09251,b363c3c0-0fc6-49e7-83fc-1d9784e7530a,89f190f4-0d7e-fafe-5bab-dd5dfd647cb2
edec0eef-aa9a-4b66-b8fd-216acb9c7a5a,f8149aff-5265-4bf4-970b-7c8890e6be44,7c1dc1c9-d59c-6826-b507-6bb38dfb5ee4
d0afb438-7ad0-4c87-aaca-d2c659916806,5bfc640f-58a4-4da4-afd3-67e455ef82eb,c68f5fed-d4be-afb9-559d-66dd16c6e466
4c535762-eefb-49f2-b9b0-6576731b2a5a,56cf200a-efa4-436c-8048-156d11e5c8bc,89f190f4-0d7e-fafe-5bab-dd5dfd647cb2
cebe5117-1589-46f7-8c77-d36703672ea8,771bae10-36b5-467e-a8db-c766ad1cef1f,89f190f4-0d7e-fafe-5bab-dd5dfd647cb2
ef3144c7-b233-444a-a7e3-2e5a161650c7,f9891f10-e399-4150-9be6-a2d7afa5595e,7c1dc1c9-d59c-6826-b507-6bb38dfb5ee4
0f8c068d-6f1d-40a9-8f8b-07fa9613ef1e,fb7514da-bcea-4aef-ad3c-fc4ad2ef6cc3,816af09f-efed-c920-43c3-042bc9696f0d
13367103-defd-4783-9007-f606b5793409,44a2d92a-81d6-405d-8585-b68f3594b6a5,89f190f4-0d7e-fafe-5bab-dd5dfd647cb2
8dd7055a-91f5-4662-8747-03ce3c81e0e3,ba4f55a6-b22c-4228-8c56-c8660c9e82b1,816af09f-efed-c920-43c3-042bc9696f0d
9bcdddda-8633-4eb8-8a1c-56937d2f0367,8d80138d-c6f0-42ee-a4d6-6a691fef2e52,816af09f-efed-c920-43c3-042bc9696f0d
18cf0db3-e79e-456b-9a7a-c141e3f270c3,c519b0e6-6e17-409d-a989-85a12077ab19,7c1dc1c9-d59c-6826-b507-6bb38dfb5ee4
c8d65d10-ac80-4bda-b0d3-39f8c13e8ca0,37ac7a11-60a3-4a73-9c85-ec4f1f1b5c32,816af09f-efed-c920-43c3-042bc9696f0d
52ba6cf1-0715-4484-a4c8-7495073e7890,0a01037e-be75-496f-8073-7933ba2cfbdc,89f190f4-0d7e-fafe-5bab-dd5dfd647cb2
43891be5-e7e2-4f12-bfec-c5c68f1a1299,8958feab-3314-4364-a21e-0f427a957b76,816af09f-efed-c920-43c3-042bc9696f0d
bb5e15f3-5c72-44e5-b646-3352065cfeb1,97b145b7-caf9-4222-98c8-c0a2f36b196b,c68f5fed-d4be-afb9-559d-66dd16c6e466
abd99b25-6637-4d9c-8e5b-a6ad2e5f2903,fefb837b-a67d-44c7-9ebc-d458902d10eb,816af09f-efed-c920-43c3-042bc9696f0d
1a29d54c-4c34-4690-8d2b-a38212cdaded,538b1a5f-b5aa-4090-840e-f4b05d117d5b,816af09f-efed-c920-43c3-042bc9696f0d
49af376e-424a-4258-8969-cabd8d6b48c1,9007bcc5-77f2-4097-b91c-126db7e7ae46,816af09f-efed-c920-43c3-042bc9696f0d
859ed390-9d7e-4ed3-a31e-9d2915b0032f,a32cf349-d14c-40c4-ba0f-a6d252eb1a52,89f190f4-0d7e-fafe-5bab-dd5dfd647cb2
a3040c0a-99a5-42a1-b5e0-f7436a3691ad,4f318266-861c-438a-a701-c38add32c5c1,816af09f-efed-c920-43c3-042bc9696f0d
36d5a11d-2e7e-4cda-abf1-3d9624c33587,30bfc3c4-7a61-456c-90f9-bfb095ea3068,7c1dc1c9-d59c-6826-b507-6bb38dfb5ee4
63a94ced-6585-4e9a-98eb-96f3ac55c114,e332f963-5739-4194-82b9-6f472aa1a023,816af09f-efed-c920-43c3-042bc9696f0d
7e6a7e87-2120-4f7e-b6bc-692f174e3d2f,49ffeb1c-0e36-4b02-a85d-d21e58275097,89f190f4-0d7e-fafe-5bab-dd5dfd647cb2
95c9bc53-e490-4df6-a611-ca809e949732,b274acfe-ab17-456f-bada-8461925f751c,816af09f-efed-c920-43c3-042bc9696f0d
d03f2545-00e0-4ac2-a9ca-b4f41cf4c359,8ba7c68c-edf8-499f-840e-7fceb3789caf,c68f5fed-d4be-afb9-559d-66dd16c6e466
db806ac5-6cc6-426b-8750-bde5fcab23ee,ba62fdb3-5986-4320-8c7b-b494f3ce8d30,7c1dc1c9-d59c-6826-b507-6bb38dfb5ee4
b86f19d5-be22-476d-b27f-4cf7487590d7,adf3361e-5c9b-413f-93ce-4bd67f8dc477,7c1dc1c9-d59c-6826-b507-6bb38dfb5ee4
1085f855-035e-4d5a-8a87-2680718c24ec,5a82c60b-216f-42d1-819c-0b36ae882901,816af09f-efed-c920-43c3-042bc9696f0d
67c2d135-a5f2-4fc8-a2df-d2b84e9d2020,c6998fcb-2e23-45ce-855c-e63e5da7bb75,816af09f-efed-c920-43c3-042bc9696f0d
29453c09-b122-4aeb-a262-3cfa1ad21dfb,ace91ec6-7caa-4359-8f99-cdcc9962bf5b,816af09f-efed-c920-43c3-042bc9696f0d
4c587149-8200-480c-a109-220c52b53225,bc107ad6-2b2f-4d60-a797-c1d6f9b1c033,816af09f-efed-c920-43c3-042bc9696f0d
0b4de7fc-8f9d-4944-b56e-0797b80e66a0,4555c1b2-78b8-4091-a85b-a7557cb55c3a,816af09f-efed-c920-43c3-042bc9696f0d
8f9ebb6f-5248-46d7-b49c-1d480041e669,caa76b00-a033-49f4-8a56-6c4e4310b5a7,7c1dc1c9-d59c-6826-b507-6bb38dfb5ee4
32d64c72-16bc-49b5-bffb-9d8509bd6e64,331acd8c-37b4-408b-86d1-5ee3b63878fb,89f190f4-0d7e-fafe-5bab-dd5dfd647cb2
a6e4b754-0295-4b09-bc9a-96623b7cfbd3,ff3b876a-a070-408d-baa2-8bfdb87e534a,816af09f-efed-c920-43c3-042bc9696f0d
2fb69f71-f1cd-4668-b8d7-18a9670e0de2,aac299fb-beae-455a-b5b8-db32c07edb1a,7c1dc1c9-d59c-6826-b507-6bb38dfb5ee4
707b1418-029f-4a79-bc7a-7538ab3f655e,6ff9ce8e-a69e-43c6-8e65-7d283f2ca495,7c1dc1c9-d59c-6826-b507-6bb38dfb5ee4
8149c328-88d6-4e6c-87f0-25146a90ecc6,8ddc2c15-fb28-42c1-aab5-eba1dc435556,c68f5fed-d4be-afb9-559d-66dd16c6e466
82370860-d18b-4e2a-97b0-5f44048cc1af,7b71ac6d-3634-4cce-b0fb-f7e93a96576d,c68f5fed-d4be-afb9-559d-66dd16c6e466
96dfa22b-d78e-4cd5-9102-c405efb5aca4,291c0557-bfee-4539-a333-fb6ab206aaf3,89f190f4-0d7e-fafe-5bab-dd5dfd647cb2
ee37b770-6b86-4874-a7ff-22b094f06300,4160618e-7353-4b8a-b300-dda66f4cd2ba,7c1dc1c9-d59c-6826-b507-6bb38dfb5ee4
77c4f339-dd47-42c4-aa09-ae2df7023cfa,57667a3f-192a-4dd9-b5c1-b6d1517140dd,89f190f4-0d7e-fafe-5bab-dd5dfd647cb2
2a1562ac-00e7-496b-9ca6-8c6eaa9ace34,deed20c5-a364-4972-a08f-91be026bffd6,816af09f-efed-c920-43c3-042bc9696f0d
a0b0c468-86f6-4873-b0a3-115dc50b65d9,0cd6f4df-7da1-4990-9c98-88c6ce027813,c68f5fed-d4be-afb9-559d-66dd16c6e466
8b1364e4-cf4d-4cdc-abad-308d4655728c,acce8ead-af73-4b4e-9713-ae86c47ab076,816af09f-efed-c920-43c3-042bc9696f0d
88be0328-87e1-49d7-a9c9-93bf1c8a239d,4e3529a6-1029-463b-b877-e3277013377e,89f190f4-0d7e-fafe-5bab-dd5dfd647cb2
d8b5c504-d4b1-4e9f-b56b-f1cb777d3ecd,86e3d000-30b6-445f-b757-85b1127caa87,816af09f-efed-c920-43c3-042bc9696f0d
5d80d8d0-4b9d-4003-87fb-88275c3d7bc5,c1da9ced-b824-4d0b-9142-0cabc75767b9,89f190f4-0d7e-fafe-5bab-dd5dfd647cb2
21826d17-c938-4250-898c-76c154d78cd6,9dba4362-5570-477c-8c36-03be79a2e022,c68f5fed-d4be-afb9-559d-66dd16c6e466
387ddaf5-c2c0-4e55-b43e-b71483616f91,4fd9a009-1a50-4d8e-bc6e-f1bb3a3c535e,7c1dc1c9-d59c-6826-b507-6bb38dfb5ee4
b19c1226-740f-44e5-91c4-20c11b0a34c8,6776bc14-b154-4898-8179-30dfa413899c,89f190f4-0d7e-fafe-5bab-dd5dfd647cb2
65176e62-eab6-42dc-9e7d-6f4c57b7f83e,0fc683a5-afa0-4d64-95c3-ce3f3e9f2d86,816af09f-efed-c920-43c3-042bc9696f0d
945f76fe-c51f-4244-afde-fb71855b9005,4dcf9690-66cd-436c-821f-f19f1b12ce7f,c68f5fed-d4be-afb9-559d-66dd16c6e466
64ed1a6a-86b9-4006-addc-f94a5b4f74c6,f3e13970-f4c5-4642-a533-a624c5012bd0,816af09f-efed-c920-43c3-042bc9696f0d
66efb404-b944-414c-a8ec-c566012b05b5,b4922a4e-4517-401d-932d-94e9c2b441a8,816af09f-efed-c920-43c3-042bc9696f0d
c6724b1f-923c-47be-9e26-8b2d38bc528f,e2986e72-e0c1-4484-a441-d7c30f0068c4,816af09f-efed-c920-43c3-042bc9696f0d
4052b2ac-62e5-4692-91a4-b44429c8c167,dcf7d217-7be7-4678-b4f8-a0a68372de6d,c68f5fed-d4be-afb9-559d-66dd16c6e466
bb3bcec3-32dc-4b77-a6ba-2957e7010833,0f7d7f79-5746-4449-b38c-1deaee583bce,89f190f4-0d7e-fafe-5bab-dd5dfd647cb2
dca752be-0add-4991-97a6-d913e69d2140,8b42ed37-61b2-4294-927a-82cda10c827d,c68f5fed-d4be-afb9-559d-66dd16c6e466
4f3cc4c4-d75e-4095-aa1f-fec2dbad2afa,12e1adf7-260c-4899-90a9-7a0f1e76140e,89f190f4-0d7e-fafe-5bab-dd5dfd647cb2
293bec64-dd29-4dd6-a5d3-a07340650553,4eb4ba72-653f-4a76-bf4d-1310d8b974a6,7c1dc1c9-d59c-6826-b507-6bb38dfb5ee4
65bdc43e-6231-490b-b21b-82f841f73a38,0385731e-b265-435a-a701-5e0eb95c62bd,816af09f-efed-c920-43c3-042bc9696f0d
e92c2432-b478-4e44-8b0b-9e1056e53137,aa0368cd-f76c-432f-86ca-862d8d3dd632,c68f5fed-d4be-afb9-559d-66dd16c6e466
ff7bc1ef-c7cb-4e71-95f3-3761cd0e5064,7b294b63-4c79-43e6-a58d-d6b2491531b9,89f190f4-0d7e-fafe-5bab-dd5dfd647cb2
2f1c1916-c897-45e6-801e-12731ca4ed29,0cc74ffa-1a72-47c5-b189-d4e31b726212,816af09f-efed-c920-43c3-042bc9696f0d
8f5cfce3-6f0e-4052-8617-0c8cdb7d611f,0f609ae4-f05f-4160-ac05-13ddc300e489,c68f5fed-d4be-afb9-559d-66dd16c6e466
1ee4bf67-092d-4006-8b46-362fa619a009,f7454d08-e4c4-4cd7-b859-36de16325d9c,7c1dc1c9-d59c-6826-b507-6bb38dfb5ee4
f422e0b8-415a-4b67-9a4d-f60d2f350fd9,76285e8c-d2eb-471c-bf15-39f168923a57,c68f5fed-d4be-afb9-559d-66dd16c6e466
906ea56e-1063-4288-9259-bd50f4053d4d,877faf7e-a4f1-4444-a19e-62f91dfa04a8,7c1dc1c9-d59c-6826-b507-6bb38dfb5ee4
a84472ff-e75e-4b8e-b36d-30d1e691c842,057bb89b-88cb-4da9-be83-7cb47def89b1,c68f5fed-d4be-afb9-559d-66dd16c6e466
2edd2d71-82f9-4c6d-ac8c-c90f14e0bf91,de1bd016-9fca-44ac-956f-c7201032626b,c68f5fed-d4be-afb9-559d-66dd16c6e466
22039af2-0f53-4c3e-8ead-63eec7696959,2a96891d-a956-4142-8e3b-da0675f4dc9e,7c1dc1c9-d59c-6826-b507-6bb38dfb5ee4
8775e4c6-957a-42b2-9c9b-91513ba55545,e770675d-7a25-457f-846d-19865a696553,c68f5fed-d4be-afb9-559d-66dd16c6e466
3c3ecf18-a7c2-4af5-8d45-ae9391c27b58,c4d0be0e-14fb-4925-909d-c13e5e4a1468,c68f5fed-d4be-afb9-559d-66dd16c6e466
979dd5b9-4167-4cd4-a64e-89c56d78af59,37869421-8f68-443d-a821-9d36fd62d04d,816af09f-efed-c920-43c3-042bc9696f0d
f78e8307-1815-4a0b-886e-369fa532025e,45a5ed68-216c-4cbe-bd88-991ef35e2c31,89f190f4-0d7e-fafe-5bab-dd5dfd647cb2
f553165d-390b-4a05-a190-b79a7dd3ce1e,6ab759eb-6ce5-4a10-bdd8-c9ebe1029eeb,89f190f4-0d7e-fafe-5bab-dd5dfd647cb2
7f1103a8-4670-4f62-a04f-686c25281577,d67e8749-e3ce-449a-bddd-221c227345b6,7c1dc1c9-d59c-6826-b507-6bb38dfb5ee4
51daa550-9411-4b5c-953c-59127764845f,83202fde-9ef4-437d-a413-a368e90e0734,c68f5fed-d4be-afb9-559d-66dd16c6e466
3f047c07-d03b-47e3-b894-713343ac86ab,c0fb5fba-0077-4615-b547-c8b65313c08b,89f190f4-0d7e-fafe-5bab-dd5dfd647cb2
fc9c9b83-3488-4df8-b63b-abaea6c8f275,8222d629-5d4a-4133-8328-5f39c3f51e2b,816af09f-efed-c920-43c3-042bc9696f0d
dca029e2-4dc5-4e5e-8409-69ef3d7c0f12,90b6ae33-b081-4ab2-a5d5-96a3bd1e264e,89f190f4-0d7e-fafe-5bab-dd5dfd647cb2
3049d456-1728-4e56-b220-8947c14148f5,62b1af8a-7e1f-4e93-b8f4-4d09f22726c1,c68f5fed-d4be-afb9-559d-66dd16c6e466
9636bd93-0eee-45c3-84c5-9fa614450d80,1f4bb0e9-2e65-4a05-9ee1-9b1c1184608c,89f190f4-0d7e-fafe-5bab-dd5dfd647cb2
3eeb6efd-ef9e-417c-aba2-87375186348e,1f080c33-e87c-44d2-9279-82f8679812c9,c68f5fed-d4be-afb9-559d-66dd16c6e466
bbb25959-0ee8-4b44-884c-43bd861b005f,aa7af880-996b-43d6-861e-f656f931efb0,816af09f-efed-c920-43c3-042bc9696f0d
4ccb6122-7e72-44bc-999c-d772af33d268,f7cdb5b0-411a-4954-be27-3f2895a1bd00,7c1dc1c9-d59c-6826-b507-6bb38dfb5ee4
f2483837-77e1-4ff0-885f-4788d19acb22,a31cb498-602f-47ca-aa62-f59ce54b9d4b,89f190f4-0d7e-fafe-5bab-dd5dfd647cb2
c0348985-fa7d-4e9b-b096-2a715ae6b6ec,3d6d7f22-a775-4eba-9dd8-b9c1ad533d66,7c1dc1c9-d59c-6826-b507-6bb38dfb5ee4
9e4ac2e7-48df-43cf-830c-344fc168a03a,01c07202-d61a-44bf-b11a-32bbef02f4be,c68f5fed-d4be-afb9-559d-66dd16c6e466
6fd02fe7-81b3-4310-b7a5-977eefbc1857,7fc69581-8102-4efb-938c-a3f138e0fec0,89f190f4-0d7e-fafe-5bab-dd5dfd647cb2
3915f393-e656-4a8a-9184-1221d73d7b87,5b140dc4-7ba5-4a07-8fe6-49e736c31806,816af09f-efed-c920-43c3-042bc9696f0d
544d32de-d547-49eb-86b5-75cb3b67737c,b32a6ca6-f1cf-4873-b071-764f2efc87c8,7c1dc1c9-d59c-6826-b507-6bb38dfb5ee4
2040abff-b085-46c7-9e02-836cceb4dfc5,c9ffbb56-8c64-4bb7-be24-964baf886464,816af09f-efed-c920-43c3-042bc9696f0d
0e589fb5-abaa-421e-9924-eb54135b1ba2,0aa080f0-8795-44e5-be6f-18270b73f03a,c68f5fed-d4be-afb9-559d-66dd16c6e466
f77c25b4-9833-482a-9bdc-66f4807a0051,9040b903-50b0-470a-af07-a6a57a92e659,7c1dc1c9-d59c-6826-b507-6bb38dfb5ee4
12ca43b2-bbb4-4e99-a054-589624a9f884,745686f0-3cc3-410e-9f6b-10af5bdc1bbe,89f190f4-0d7e-fafe-5bab-dd5dfd647cb2
e4cd4cc9-baa9-4f22-9ab9-5df34d1e946f,3008354a-4bdb-4f6c-ad42-61f017a85e53,c68f5fed-d4be-afb9-559d-66dd16c6e466
506f27c1-7dfc-4f43-9f4c-eae3338f78bc,0a3a3037-d3ed-4dfc-90b6-6d861cefc502,89f190f4-0d7e-fafe-5bab-dd5dfd647cb2
f2389513-2205-456a-abbe-6e08fcf1e5cc,5f3516f3-ed5b-4cdb-ae39-3d1a51d97428,c68f5fed-d4be-afb9-559d-66dd16c6e466
17576298-a0b7-4e38-a329-ee032c8ef0b4,b06ff85a-db64-4c1b-8a50-cfcb5b7639a3,7c1dc1c9-d59c-6826-b507-6bb38dfb5ee4
d37a09a0-9050-4e42-b07b-b7d364c4ef01,46eede31-8526-449a-9f54-fac879fb00ee,89f190f4-0d7e-fafe-5bab-dd5dfd647cb2
7bdb5b5c-5beb-4a88-93f6-42e9dc176bbb,09c22c91-cf22-4eeb-b3b9-07ab051e4645,7c1dc1c9-d59c-6826-b507-6bb38dfb5ee4
678ab8dd-9495-4de7-831b-c0c3f0a3bf5d,7f99bdd8-b4c7-43fb-8b72-1b38efb1e6a3,7c1dc1c9-d59c-6826-b507-6bb38dfb5ee4
b83d51d6-35bc-4b75-95a8-a3e0a7b9a8f6,513d0aa6-f315-4afd-9c2b-3ae403b02879,7c1dc1c9-d59c-6826-b507-6bb38dfb5ee4
73a8f23a-e6df-49f5-8517-b1e882eb436b,09af1f47-e0b0-4d1f-80e8-0a9844283c55,7c1dc1c9-d59c-6826-b507-6bb38dfb5ee4
850966f0-0937-4840-8c52-85ba82b76146,6bfd78d1-9f15-4e3c-ba09-49cd06f4590e,c68f5fed-d4be-afb9-559d-66dd16c6e466
e718587c-94a4-44dd-828c-37b918a63a70,c3c007bb-3ac8-4d89-b43a-88ecbe53f2fa,816af09f-efed-c920-43c3-042bc9696f0d
45f8db29-5b80-4baa-92c4-643b99d86b3f,fa796068-4335-4fe7-8691-53d5a0be43eb,7c1dc1c9-d59c-6826-b507-6bb38dfb5ee4
3a25758b-c36c-4751-9343-69c9ac9f66e7,87d8f6d3-f2ce-40be-8c47-52dfdbe8c83a,7c1dc1c9-d59c-6826-b507-6bb38dfb5ee4
ce76866e-8503-4637-8363-2d261ffbf44c,d172cb2b-23d5-4458-9253-e624d82c5b7d,816af09f-efed-c920-43c3-042bc9696f0d
8addd8c9-872a-445d-a574-bd2cb8a851f7,404da0d9-0547-4108-8301-3895d1fea21c,89f190f4-0d7e-fafe-5bab-dd5dfd647cb2
813b3599-0062-4104-8421-1b409e282edf,525a3109-b987-433b-827f-647359f74939,816af09f-efed-c920-43c3-042bc9696f0d
ea379232-3c56-4bef-ba5f-d826d75177ae,8d52f311-6024-47c4-838f-2d1775ed7aa3,89f190f4-0d7e-fafe-5bab-dd5dfd647cb2
fc84475d-d981-452e-add1-21baa405dc16,d49f7e08-ed37-4640-b4ce-069952fb8747,7c1dc1c9-d59c-6826-b507-6bb38dfb5ee4
d9ba8500-2279-4c78-8b15-73d9a654cb3c,858b2a8d-d256-4ded-88d1-4b28631a67f0,89f190f4-0d7e-fafe-5bab-dd5dfd647cb2
dc78e1e1-a10b-40ed-800e-753bc9cdfb26,45c46376-811b-4a13-9d92-8451e6734960,7c1dc1c9-d59c-6826-b507-6bb38dfb5ee4
cedeabff-6748-46ac-8b49-084281122732,d22c8c30-7a55-46aa-9cb3-f73c2489c3cf,c68f5fed-d4be-afb9-559d-66dd16c6e466
bc89414f-8fb7-48b0-b5ad-bab05e6f0fc7,a8647530-6c65-47d6-b451-9ec7cdb44333,7c1dc1c9-d59c-6826-b507-6bb38dfb5ee4
7cacf9ef-17c2-42b6-87d5-bee1492e9bea,9e25940a-8a78-43a7-8ca8-efadbbfb827f,816af09f-efed-c920-43c3-042bc9696f0d
8d16a1c7-9a3f-41e1-aec3-7e45ae384e61,7f91f814-736c-431f-9f68-fb2bc7050d62,816af09f-efed-c920-43c3-042bc9696f0d
18f03130-7d15-4a50-bcce-418a188fe2d9,e731a651-576f-45ef-b70e-8ede4643fe99,89f190f4-0d7e-fafe-5bab-dd5dfd647cb2
799c8e29-242e-4542-a8b2-bb9f89d202ca,25abd1c0-5e67-4030-8304-912f48f0c76f,89f190f4-0d7e-fafe-5bab-dd5dfd647cb2
9639e001-b36b-49f3-b8ae-5aee8d0b2765,7d7e6943-3729-407e-a9df-7a41ce6f7efc,816af09f-efed-c920-43c3-042bc9696f0d
e844ddb8-b991-4710-ba3c-1c62f6f760eb,a7c7e27c-7eb3-40b0-bef9-b90c198e58b5,7c1dc1c9-d59c-6826-b507-6bb38dfb5ee4
584e9c79-4b6f-4e48-b4bc-62fa0d3727bf,75652ded-4339-417d-aa00-e2a0ddae7ffe,89f190f4-0d7e-fafe-5bab-dd5dfd647cb2
451663f3-d64e-4361-b674-6de2c803f364,1a933821-d028-4cd9-b4ff-533d885c50cb,816af09f-efed-c920-43c3-042bc9696f0d
b83f31ac-f4b9-45bd-857e-166099dd54e6,08c6e440-656e-45c4-9b2d-a32acaea7ee8,816af09f-efed-c920-43c3-042bc9696f0d
e5479a3f-16b2-470f-a798-79df1fe52db6,5f414bb0-1264-4dc0-b4ce-7e55b481a023,816af09f-efed-c920-43c3-042bc9696f0d
a1035088-c796-4c42-aa67-a2b11c08d446,e475a572-c6a7-4b3e-b87f-7cb8b7c43462,89f190f4-0d7e-fafe-5bab-dd5dfd647cb2
30ac8203-47d6-4e2d-9d89-9ed7817672c2,6e1a29bd-ff55-4046-9aae-3402f46cb61c,89f190f4-0d7e-fafe-5bab-dd5dfd647cb2
22c0313c-38fe-4189-bf77-6a1559762b80,5a07d08f-cb5e-48a4-a035-60f294eef889,7c1dc1c9-d59c-6826-b507-6bb38dfb5ee4
fe3ce5dc-25bb-4e05-b1a5-7ca89b2e4608,dea209be-cf7a-4b4d-b022-451ce1ad79ea,816af09f-efed-c920-43c3-042bc9696f0d
88661f9c-8a24-4cfa-97f6-715c1863335a,caeef5f8-a349-45e4-8371-7539e318b2c8,7c1dc1c9-d59c-6826-b507-6bb38dfb5ee4
57a09457-d5bc-4ada-a75d-67ee5409a4f6,45fffcaf-7b35-4156-bca8-42fe67d80717,7c1dc1c9-d59c-6826-b507-6bb38dfb5ee4
4a8be1b0-a235-4791-a485-4c03e7973758,a0d139f0-05bc-4f35-82dc-a5dab59e349b,7c1dc1c9-d59c-6826-b507-6bb38dfb5ee4
872a58dd-ed92-4394-ac71-26f9ec7fb3e0,f0a1902e-b363-4609-beaa-f3a5d99640b1,c68f5fed-d4be-afb9-559d-66dd16c6e466
c90ee2a4-6697-411b-a020-3dd4415ec4a0,04ffd58f-ea07-42ec-987e-471572030856,7c1dc1c9-d59c-6826-b507-6bb38dfb5ee4
8b7ec977-34aa-4d6c-9478-c04299dc8b2a,91ebed30-b9bf-4ad0-8c90-ce6debfc5db1,89f190f4-0d7e-fafe-5bab-dd5dfd647cb2
e7d97554-9e26-43c6-a599-0ab8b41b7bed,49789f6c-f18f-4562-b318-702cdbf79fab,89f190f4-0d7e-fafe-5bab-dd5dfd647cb2
53a942f6-f366-48ac-9728-e9c724802f0a,ba07c3d1-329b-445f-949c-8c4e1ddc68cc,89f190f4-0d7e-fafe-5bab-dd5dfd647cb2
11574fe8-0ca1-4160-b9db-941084798eca,9d521f8a-40b2-4a12-ba55-085c9f059f96,816af09f-efed-c920-43c3-042bc9696f0d
c86d3e8f-3336-46f9-80d1-c6e072d8bc66,3e88e6c2-9eab-49c6-a320-2772bbd77b81,c68f5fed-d4be-afb9-559d-66dd16c6e466
629cb0e1-33a8-44ca-bc22-7b076a3c8cb5,b42d50ce-4d80-43af-bc2b-3a34d54a1589,89f190f4-0d7e-fafe-5bab-dd5dfd647cb2
fdb86e8f-41e2-415e-ba7e-57d13da0ae86,b0ca4c7d-3696-47fa-b42a-09e600eed908,816af09f-efed-c920-43c3-042bc9696f0d
9f48d154-95a0-4b94-ab13-6611b84c2118,dba30c7a-1e49-470d-bdfb-9fa050fdb7ae,c68f5fed-d4be-afb9-559d-66dd16c6e466
3286bf8d-eee5-48b4-97f9-1fef746ddca5,e6b09344-52d4-405e-8430-7827593e2296,816af09f-efed-c920-43c3-042bc9696f0d
fbd4caec-58ec-4af4-9839-da6af0247eae,f9fc8a91-0f52-45f1-9d66-9a3d4a3c1350,c68f5fed-d4be-afb9-559d-66dd16c6e466
8b0e3ea4-aded-4bfa-b096-cb4574626c93,b62cf000-c826-4080-9960-59c9b0e446bd,c68f5fed-d4be-afb9-559d-66dd16c6e466
34aded19-80f5-4773-8cd8-ec40ff52c3dc,d3a7c68c-55d8-4218-bdf1-63582c7136d2,89f190f4-0d7e-fafe-5bab-dd5dfd647cb2
56252514-4a7f-4883-a8db-a3480c06944e,d14597bd-5d20-4172-905c-942394e2e77e,c68f5fed-d4be-afb9-559d-66dd16c6e466
aea2a702-00d5-4bdf-a19e-26157f0d4066,a71da446-64e2-4b78-93e1-77fe86dce8e2,7c1dc1c9-d59c-6826-b507-6bb38dfb5ee4
2a19e261-0fab-4ed4-b097-7f208ee5861f,1726e372-3b3c-454e-9356-32ee44b0c11a,89f190f4-0d7e-fafe-5bab-dd5dfd647cb2
e05953e5-59ae-4f5c-8e7f-49b9c0c715ad,9e108637-5075-4504-bad5-431676e7d705,7c1dc1c9-d59c-6826-b507-6bb38dfb5ee4
d988822f-b069-4050-9c84-4c6f691376e6,3559267d-af85-48a1-8150-ae7792d8bf3b,816af09f-efed-c920-43c3-042bc9696f0d
bbcde79d-d5c9-4140-bef2-0483930d47f8,1aa38761-2d35-4a9a-892f-71e8b846806b,816af09f-efed-c920-43c3-042bc9696f0d
34c93bab-3bbb-4cf9-b69e-a27a75680e4a,3b831b9a-7e91-401d-adac-be95e3a18806,816af09f-efed-c920-43c3-042bc9696f0d
5df370d2-f88b-41c5-ac01-83f284f43dd7,0c938413-647b-40d7-8820-a314861cf474,816af09f-efed-c920-43c3-042bc9696f0d
5a8578ba-c5b5-4b17-bccb-83e4da50493a,ec15aa89-fbc3-4c20-b0f8-58afc1b99111,89f190f4-0d7e-fafe-5bab-dd5dfd647cb2
9b8323d8-a0ec-4581-b3b3-a49b94271df5,9ae174b2-c111-4f9e-8dad-2c66906390c2,816af09f-efed-c920-43c3-042bc9696f0d
31d1b909-ff67-4d25-b3b9-d61107d60f77,30ab8654-f0a7-4c21-8c2e-8d4b8e9ca321,7c1dc1c9-d59c-6826-b507-6bb38dfb5ee4
509a3276-6e63-400d-8fea-7399f8dfb0d3,476de998-4805-423f-949a-a211b0e34745,816af09f-efed-c920-43c3-042bc9696f0d
bbfd6f41-a5e0-4f76-9e3d-d393ed074d28,66635d54-680e-4f9b-bfe0-2f78fa382ea0,89f190f4-0d7e-fafe-5bab-dd5dfd647cb2
b3abbab5-5ef0-4743-9258-8e38c4496f31,4f4b7a9c-000c-45ec-ba10-26545bcf6392,89f190f4-0d7e-fafe-5bab-dd5dfd647cb2
a5e4d82f-c2af-4ee7-ac46-50a06188a3e2,deaabe80-c5ea-456d-9101-6f3c38020ed8,89f190f4-0d7e-fafe-5bab-dd5dfd647cb2
eb002415-785f-4d30-9b21-65934f010687,869db2ce-948c-4a0a-8684-61fa1afe48f3,89f190f4-0d7e-fafe-5bab-dd5dfd647cb2
0d9ea67e-7f9b-4389-9b97-91a48d299de7,a4904fc6-bfda-41ba-b2de-1aa03cafa3e3,c68f5fed-d4be-afb9-559d-66dd16c6e466
6517bcb2-170b-45f4-b4d5-792a773d4caa,b55e4f2a-5eda-40d1-8ac0-0ff3756e054e,89f190f4-0d7e-fafe-5bab-dd5dfd647cb2
c6f8dee3-2093-48c5-89ec-a8f598f6444b,37a27ed6-767e-4020-9961-5effb9883d39,7c1dc1c9-d59c-6826-b507-6bb38dfb5ee4
271738ff-3bff-4afc-ac3d-0f0ce3afa9f3,b0da2d4a-8f78-4590-8e3c-117e13dcb31e,7c1dc1c9-d59c-6826-b507-6bb38dfb5ee4
c2523c2c-1881-4b62-bbf7-b76b3ff5e7e4,4ab56fbf-063b-419e-8372-7537a0846d75,89f190f4-0d7e-fafe-5bab-dd5dfd647cb2
8b380001-9ff0-4fde-956c-615487d2c907,56e0c105-345a-4f04-8fa2-5add622d49cc,7c1dc1c9-d59c-6826-b507-6bb38dfb5ee4
40a4ca3d-d276-4f34-9a86-bd5b508c8e7d,b806f80e-e8d4-41f4-80ae-5cbcb36d0c34,c68f5fed-d4be-afb9-559d-66dd16c6e466
340fc219-f714-422e-9fc6-beeec0aa90ff,bb96448f-3889-48da-a10d-f2ee5d406ce0,816af09f-efed-c920-43c3-042bc9696f0d
fad651f5-acf0-4261-843d-01c1ce7c1e6d,03f6ede8-c0d6-4591-8048-c3e10b23003b,89f190f4-0d7e-fafe-5bab-dd5dfd647cb2
be10c82c-4d6b-4d97-934c-693e3f221d74,813d33be-8973-447a-8ffe-6df71f335f13,816af09f-efed-c920-43c3-042bc9696f0d
11297700-8393-4771-a23e-38325b1a7a60,a7b876f1-d725-48cf-afdb-a487d29c1314,89f190f4-0d7e-fafe-5bab-dd5dfd647cb2
e81ae361-39ca-4257-ba19-c3c87628d52d,68a9bef5-ae4b-437f-9c95-ff6c29cf8e9e,89f190f4-0d7e-fafe-5bab-dd5dfd647cb2
28248a4a-84e5-492a-9ef2-6a6cb0102eda,64b1f023-9d3b-4a89-a77d-35adcab6622e,c68f5fed-d4be-afb9-559d-66dd16c6e466
de6016a2-c744-4c9c-94d0-50f7801c9043,64be8c85-4d0e-4b41-8fc5-aa55728c8c98,816af09f-efed-c920-43c3-042bc9696f0d
a1047535-1c9f-4074-8f05-7e6ee2391a12,9c6a69c8-04cf-4e3e-8959-33162cae982c,816af09f-efed-c920-43c3-042bc9696f0d
8d5e2c2a-4918-4b69-9642-29853afe2191,20773ccc-ed8c-4ffe-a415-ada9a4f5adf4,7c1dc1c9-d59c-6826-b507-6bb38dfb5ee4
2edad09f-ef71-47d5-8c4f-025bcf4aef00,ee6fed00-7150-40dc-a4f1-060684c837c3,c68f5fed-d4be-afb9-559d-66dd16c6e466
e6a74fd1-7fd4-4539-9467-40c5a4d97445,21152e8e-69b1-4514-9a21-1a83a6294b39,7c1dc1c9-d59c-6826-b507-6bb38dfb5ee4
aaf6e551-2a14-4abd-9ad4-b3a49fceffe1,f922eadd-795a-4568-84f7-155d79bf2ab0,7c1dc1c9-d59c-6826-b507-6bb38dfb5ee4
7016fc97-9eb5-475d-9725-1633d5f60b04,4abe9b4d-1e64-459f-a89f-36865bc47887,c68f5fed-d4be-afb9-559d-66dd16c6e466
17943251-d9c3-4f36-9c9a-6345babf63c2,92c2552d-3799-4d86-977b-d30a3adf0e84,7c1dc1c9-d59c-6826-b507-6bb38dfb5ee4
6346e5fb-5837-48a1-966d-cd9464e5c25c,093a518b-8496-4a55-a8e1-feefec20492a,816af09f-efed-c920-43c3-042bc9696f0d
32a6a6ea-cf10-4f75-9e77-6e5cd9056e5b,343559cc-711e-4da7-970b-3c0e3c97c30d,c68f5fed-d4be-afb9-559d-66dd16c6e466
7b9f248a-bd31-44ac-a4d3-34e0ee83083b,d14b0f50-2a9c-406b-a01b-5a8ff323b5fe,816af09f-efed-c920-43c3-042bc9696f0d
25764069-ba86-4529-ad8b-005443883718,700a7a27-6f41-4651-baa9-1647aa8da42f,c68f5fed-d4be-afb9-559d-66dd16c6e466
d39cd3bb-be35-442b-9df5-9f36cbb2040a,09cc4663-d4d3-4e5c-b129-e4287d861768,816af09f-efed-c920-43c3-042bc9696f0d
74d10eb8-c82b-4807-ad6b-264964440a33,1bc9a241-cea5-4f37-8277-38a7ff9646b2,c68f5fed-d4be-afb9-559d-66dd16c6e466
c144e172-b98b-43fe-9497-2abd49149e1f,19cd6f44-1a38-4e4a-a70b-43357d2eded3,816af09f-efed-c920-43c3-042bc9696f0d
d98e39ab-7df9-4f62-a84d-f503f369ab82,65dd331d-84f1-40f3-85e9-89263ec63ce9,89f190f4-0d7e-fafe-5bab-dd5dfd647cb2
7fc848ef-03ef-41b5-8bf2-2641b563bfd4,3ba8b9f8-ed9c-414b-a13a-50f67ecb2365,c68f5fed-d4be-afb9-559d-66dd16c6e466
7707c0a2-5984-44be-9303-513c37f737a1,02072366-0c87-456d-ac6a-cab1705635c1,816af09f-efed-c920-43c3-042bc9696f0d
da7df762-2757-4069-bada-fafc506f62c5,dd07f316-e006-48c6-8766-c00eccab531e,89f190f4-0d7e-fafe-5bab-dd5dfd647cb2
6b502a4a-df26-42a3-815b-5ee2f64e436d,8fdc6976-8f78-41ea-8e2e-c0a62486eb16,816af09f-efed-c920-43c3-042bc9696f0d
08d79bcd-d79b-4cbf-a721-0490c52d7695,c9feca11-8486-46ac-9b99-8321bf8baf32,7c1dc1c9-d59c-6826-b507-6bb38dfb5ee4
9a9d16f6-0f85-4c25-b85c-504f1f28709c,acf61021-de45-4d0b-a5fd-f0c84816687a,7c1dc1c9-d59c-6826-b507-6bb38dfb5ee4
947b954f-760c-4c55-a45e-2c8082548147,322eeca8-1c02-428d-b734-592e6559fce5,89f190f4-0d7e-fafe-5bab-dd5dfd647cb2
88ac8b5b-a075-4cdc-9fa6-cdaaba2925ba,d994530c-269f-4605-8cbc-6b31c2171f67,816af09f-efed-c920-43c3-042bc9696f0d
54cd352f-6aee-46cf-8f32-60646982eb76,21d4b634-d36d-42e2-8271-52c8ee47fef9,89f190f4-0d7e-fafe-5bab-dd5dfd647cb2
d2665bb9-35f4-442e-92b0-b667e7dde64b,da9ff12b-421a-471b-86d4-076cc5ba1cea,7c1dc1c9-d59c-6826-b507-6bb38dfb5ee4
066787e7-c720-40df-86c0-5e970877d38d,2cfdfa5c-f339-4712-9652-c6a0609169db,89f190f4-0d7e-fafe-5bab-dd5dfd647cb2
2c5fb5d0-a97e-4d3d-a24a-fc7a00e39791,fb84e34d-230b-4f9e-abea-47599bac1cd5,c68f5fed-d4be-afb9-559d-66dd16c6e466
83bfe20e-d2e6-414a-ad99-d5ff8aab4c49,20602c1b-265a-420a-ba5e-1c5cd59f58d2,89f190f4-0d7e-fafe-5bab-dd5dfd647cb2
31992d20-9f95-42d5-ad71-f91e2c5b21cc,b0b1ec95-2223-4611-8b88-4cabdf7d3e0d,7c1dc1c9-d59c-6826-b507-6bb38dfb5ee4
580f7f44-9224-4bfd-a1ae-5cb6cbc57055,938ca024-0db3-4db9-9931-e625dbaad352,7c1dc1c9-d59c-6826-b507-6bb38dfb5ee4
f20f4b5e-3424-4846-91eb-b158476f60c1,f402d824-e9f0-4bdc-a087-924ef1c5103f,816af09f-efed-c920-43c3-042bc9696f0d
33dceff1-7b1b-4747-b71d-cb20272a8b7d,7f0f5bf6-efa4-4d31-a783-cf4df8fd48e3,816af09f-efed-c920-43c3-042bc9696f0d
6e61b0a7-4ccf-4963-9901-288628534119,b50d8b5c-35f1-4439-b924-577a7491075f,816af09f-efed-c920-43c3-042bc9696f0d
1e0c1f4e-79a0-4dde-8b87-9031c380249a,2f0ba125-0b0c-4469-bfc2-011505934af7,89f190f4-0d7e-fafe-5bab-dd5dfd647cb2
d743c7ec-2094-480b-94ea-df4d4cfeb1ef,e784cfd6-dd88-4e67-a4fe-182fe9ba9566,c68f5fed-d4be-afb9-559d-66dd16c6e466
68223996-7f87-48fc-8018-b0fc080da059,e8eeeea0-3f0d-4709-a44f-432db74f4c72,816af09f-efed-c920-43c3-042bc9696f0d
65088d0f-c350-4cb5-9f3b-4b75530363cc,c0c2124e-5abc-427d-8765-9c653c19cb3e,7c1dc1c9-d59c-6826-b507-6bb38dfb5ee4
d61566af-79e6-471f-b60e-2fa443b80cdf,5148abbb-ff7f-4506-b08e-384a90fc76c2,7c1dc1c9-d59c-6826-b507-6bb38dfb5ee4
dd882c6a-3880-4d53-ac20-8ad3199868ad,61b44fcb-91bf-4611-a528-54846677eba0,816af09f-efed-c920-43c3-042bc9696f0d
a2865aee-ab3c-4be8-a25a-9a64bd1c1e1b,5188a15f-5775-4b5a-93ea-ef07b582f7df,c68f5fed-d4be-afb9-559d-66dd16c6e466
7d00ca1f-b984-4e38-9beb-8c241ee16cf3,b0468057-d8dc-416b-ac51-ab88cc4fc70c,89f190f4-0d7e-fafe-5bab-dd5dfd647cb2
2bb5e2fd-4f93-4c4d-ac68-a02b74f681fe,f93d216d-9970-40f0-9615-8a0886fbf649,816af09f-efed-c920-43c3-042bc9696f0d
d651221e-aed2-44fe-af6e-a6626b8ef608,0e59ba8a-0ebe-4199-89de-d8abc664f58d,89f190f4-0d7e-fafe-5bab-dd5dfd647cb2
76493e0d-5c22-4c88-92d3-2891b5dd0820,c39f6d3c-9b93-4213-a8b3-aa2a6dbdfd99,7c1dc1c9-d59c-6826-b507-6bb38dfb5ee4
7dcb0345-39e1-423e-90a5-3a95f86e6ac5,1e3c4050-e32c-4290-aef3-1f74878c777d,7c1dc1c9-d59c-6826-b507-6bb38dfb5ee4
8f87e965-83fd-411e-aed8-f4b86134ccc6,2533d45f-a52f-4d3d-b1d0-4b54bbbc572b,7c1dc1c9-d59c-6826-b507-6bb38dfb5ee4
bcd7f313-5aa8-4202-af99-f095355dd7de,7ac1865c-c810-4ea7-a452-f28ddde3f47b,c68f5fed-d4be-afb9-559d-66dd16c6e466
3c06e49e-abcb-4338-a0f3-1c4a6a6c6a6c,6c8fbb07-a60c-467d-9ac8-6e1ce7ef0c35,816af09f-efed-c920-43c3-042bc9696f0d
ef5543ef-5a77-4dcf-9692-250a8dfe09fd,701e0e73-21c3-44b9-af3a-17126f7a3140,7c1dc1c9-d59c-6826-b507-6bb38dfb5ee4
7d54f3d5-abb3-468e-bdc1-7d929437361e,9bff271e-f81c-4915-b8eb-af9d6ca6a6ae,816af09f-efed-c920-43c3-042bc9696f0d
18a391b9-c337-480b-b8cb-27dca6500b3a,fa90c3cf-39f3-4353-a2be-3d7139d551f5,7c1dc1c9-d59c-6826-b507-6bb38dfb5ee4
f83d8eca-208d-4316-8e8d-fdb4e7bbf83f,5f2c98a0-1332-4e25-9db0-2aaa0a791eff,c68f5fed-d4be-afb9-559d-66dd16c6e466
6799f4b7-a80b-4930-afb0-fcff50f2ac6a,3a42de1a-58d8-489b-a0fc-e7011df4da1e,c68f5fed-d4be-afb9-559d-66dd16c6e466
d5679c26-7317-41c4-93e4-8ece4b9d134d,d2a4f96a-ea33-4b2a-929a-634f66a76194,816af09f-efed-c920-43c3-042bc9696f0d
9af72bb0-cc31-4e91-be28-71f58ce2fa6c,6f2f1adc-c5cc-4fac-a9ff-79ee256ed0ac,7c1dc1c9-d59c-6826-b507-6bb38dfb5ee4
91b38b86-8607-4c76-b18a-d6437fdae134,798aa382-2fcd-4c10-99ef-f4e974fd0e98,816af09f-efed-c920-43c3-042bc9696f0d
d86f5c17-cf3e-4020-95ff-7bef7737674f,2ec30181-09d5-4bde-9df6-9b49ea359438,89f190f4-0d7e-fafe-5bab-dd5dfd647cb2
b89909f4-329f-4233-a72b-0b597c75d16a,b0f64bfa-3232-409a-a125-f8396b7b9f01,c68f5fed-d4be-afb9-559d-66dd16c6e466
467827d3-b0d6-4f8d-920e-6af1bccef1f3,a0ff590f-ff48-4bc4-9454-6adce18164cc,816af09f-efed-c920-43c3-042bc9696f0d
e64a91c7-05fe-4291-9286-f4695bd4c296,6889db78-d4d1-46b8-9135-5be642dc83bb,816af09f-efed-c920-43c3-042bc9696f0d
008a3577-894a-45f3-8cf8-f79e625cd2c9,eede7345-fb6e-4749-a6c5-16e88a864744,89f190f4-0d7e-fafe-5bab-dd5dfd647cb2
d885020c-55b2-4690-8bc7-5cb88111e528,21d3b917-9e18-4aba-a51a-e8dd392b1cad,89f190f4-0d7e-fafe-5bab-dd5dfd647cb2
adeda67c-47f1-4a37-bc36-ab9ac7feb35a,df847dfb-7500-4af3-8f2c-c007355425e1,89f190f4-0d7e-fafe-5bab-dd5dfd647cb2
998982e1-6195-433b-8358-1e7d2a93e43a,0ebbe002-cbd1-433f-8019-563bb4e96ea2,89f190f4-0d7e-fafe-5bab-dd5dfd647cb2
279215fe-d5a4-4a18-9461-261531494bde,da25a43e-54e8-4f9f-94f7-785aa04953ae,7c1dc1c9-d59c-6826-b507-6bb38dfb5ee4
9eb871d3-e334-487f-9d0c-7eda67bc43c4,b6f1d426-fce5-49a9-b758-42e55dc0f67b,816af09f-efed-c920-43c3-042bc9696f0d
4bb832b5-d1b9-44f7-b867-7e4094db3992,fa276f5d-bb39-49c6-bfa5-235f1edeb0af,c68f5fed-d4be-afb9-559d-66dd16c6e466
e264e881-b61e-44a7-9ea1-3c2bcce4d56d,68344d51-3376-4041-a8ae-1c6eff20e3d3,7c1dc1c9-d59c-6826-b507-6bb38dfb5ee4
6ffaaf29-f317-4339-a9a0-230b27217900,f426d913-b866-4d5b-9452-ad1f23d667f5,89f190f4-0d7e-fafe-5bab-dd5dfd647cb2
e8a962df-cde5-4b8b-a1c0-cc190f94e205,e3840003-9553-4083-a90a-08c55359afe0,89f190f4-0d7e-fafe-5bab-dd5dfd647cb2
40a60347-a608-4fab-a045-c5a37acc4291,540199ec-f514-4d62-9a1b-6ab5f8ea90f8,7c1dc1c9-d59c-6826-b507-6bb38dfb5ee4
33fe238e-c0da-45ec-a641-042ded0c23b9,3fbb02d4-b8b4-4471-b2a8-44672b0e9d34,816af09f-efed-c920-43c3-042bc9696f0d
f33fa058-40b1-456f-8776-66d8d338a418,48168fbd-fd96-4288-991b-0b5a5da84d7d,c68f5fed-d4be-afb9-559d-66dd16c6e466
b880ab11-cea6-4642-818f-a3ea28acd791,28df9a78-cbf4-490c-8965-ccaf8b48e8df,7c1dc1c9-d59c-6826-b507-6bb38dfb5ee4
8f37056b-fb5a-437f-9b2a-f95f2deb36e4,776471ab-7595-4774-bfa3-084fbd80cc33,816af09f-efed-c920-43c3-042bc9696f0d
1d630bd8-b273-45d9-bbc2-1ea4af4981ac,cb2d3d97-1cb4-4a2a-8618-949cab368cfa,c68f5fed-d4be-afb9-559d-66dd16c6e466
9af6d70b-4d94-4b09-8a51-7151772fd678,cd3db7d6-cd72-4d40-92c3-17605c8dbf0a,89f190f4-0d7e-fafe-5bab-dd5dfd647cb2
d39dc5fe-d648-4192-abdc-784753466403,cc9a3295-b319-43e3-9454-ab9634636596,7c1dc1c9-d59c-6826-b507-6bb38dfb5ee4
a90421f2-953a-4400-ac9a-0ff96f4e6614,455b0d32-4fc5-4781-a188-4cb597d2d785,7c1dc1c9-d59c-6826-b507-6bb38dfb5ee4
8de922e2-ff3b-4a95-b91d-f839711cf0d9,b1a77c5f-4e09-4aee-986c-b29f96e93621,816af09f-efed-c920-43c3-042bc9696f0d
f373b08a-e7f1-420c-b6ee-92987f74ddf8,6a17ece9-2a3f-43b5-a458-820cc7448dbc,816af09f-efed-c920-43c3-042bc9696f0d
3bd541a0-dc9b-459a-b4b6-e95f56fd91c3,b4306027-67fb-4848-a4e5-fbe9efb1205c,816af09f-efed-c920-43c3-042bc9696f0d
f873aeb4-566f-4d68-bc41-65861d8a114a,743302c9-1d7e-4100-af8b-523682f19cbe,816af09f-efed-c920-43c3-042bc9696f0d
235ca1ea-a172-4ecc-93f5-7b12defa174d,6e5486e5-2718-4600-bc50-38942cbc73eb,816af09f-efed-c920-43c3-042bc9696f0d
01fb4f57-2ea9-4fa0-98a6-703479968750,e87e25c0-2a5d-48e7-975e-26e6bf6b29b8,7c1dc1c9-d59c-6826-b507-6bb38dfb5ee4
b1eb9dab-ecd0-469d-9c4a-a851b48aadc4,75389524-facd-417a-a86d-2c8fc096da64,c68f5fed-d4be-afb9-559d-66dd16c6e466
edceefb4-f171-4798-bb24-6048e92419eb,38021467-8e38-4d02-9a14-78b77b6f3d21,816af09f-efed-c920-43c3-042bc9696f0d
091f4735-1530-468b-960a-323efd0b56bc,16b50380-8931-452d-b884-1bb928ce57f4,816af09f-efed-c920-43c3-042bc9696f0d
f969d988-8ba0-4dc6-a22a-38750ac49f72,1934d92b-5228-43bd-bf57-7017f7195172,c68f5fed-d4be-afb9-559d-66dd16c6e466
d7b78585-e833-4c1a-b138-f3cae07760fd,715c4037-644d-4e34-a075-35a773322054,89f190f4-0d7e-fafe-5bab-dd5dfd647cb2
52f05b02-b2b0-41f4-b3b9-b6c1507af82f,6436275e-b087-4206-bb0d-b33d5626122d,816af09f-efed-c920-43c3-042bc9696f0d
8ff30f89-c815-4fc1-ba1b-159b688f0bd3,d24ecefa-0c14-4eb9-b3d1-361cb282f343,89f190f4-0d7e-fafe-5bab-dd5dfd647cb2
5a701350-b169-4778-b165-2ffbb8c3686f,fc8bc1c6-0891-4c49-a4dd-61bfc0e2c502,7c1dc1c9-d59c-6826-b507-6bb38dfb5ee4
d9b72e53-b3b1-457d-8fd3-67222f520596,43a7d362-8ca0-4c2c-b12c-1af9e42bf90f,89f190f4-0d7e-fafe-5bab-dd5dfd647cb2
3d8fdd96-ebe2-4ec7-81c9-293d50c23844,f719d7f0-ab04-419c-98b9-e81f42a3cdc9,c68f5fed-d4be-afb9-559d-66dd16c6e466
94b520a6-d6b0-4db6-bf47-526fd11cf201,cac942b3-124f-4704-bea2-9c4664691068,89f190f4-0d7e-fafe-5bab-dd5dfd647cb2
4f057dee-f650-49fa-a4e6-ac22ef8a2d69,56379e72-2fad-4f70-9ec0-124534199de8,c68f5fed-d4be-afb9-559d-66dd16c6e466
ae110546-461b-4ee9-adbd-cfeb6801e3fc,d66e3b2c-6cb3-415f-8513-9cad6cf6df25,816af09f-efed-c920-43c3-042bc9696f0d
a7fe16bc-de7b-4c9a-9067-2fcd09a83003,93b15b9c-248e-4814-91ba-280313475336,89f190f4-0d7e-fafe-5bab-dd5dfd647cb2
793bbac8-de1c-4299-beea-75bb07ea7512,d6d55528-fbe1-40fd-bbd1-c4355390dcbf,7c1dc1c9-d59c-6826-b507-6bb38dfb5ee4
fdfa833d-74a5-4cd5-a037-312eb56a22ac,4291d405-2c60-4417-8b2f-cae62870f81d,89f190f4-0d7e-fafe-5bab-dd5dfd647cb2
70bd1bf1-6bdb-4067-bada-bde8a08f9717,b34ff77f-4e20-4382-8e24-345ab534f92e,89f190f4-0d7e-fafe-5bab-dd5dfd647cb2
48a1692f-6fbd-477c-9e73-cdfe71d4fba3,7f50585d-b676-4e70-89d6-e85c78244c3f,89f190f4-0d7e-fafe-5bab-dd5dfd647cb2
4dd5ccb1-5c88-4bb6-9797-192b3e0ffbf1,f0108e3a-9281-424e-92b2-8180d6a06f44,89f190f4-0d7e-fafe-5bab-dd5dfd647cb2
ff9cf7e9-861d-49a6-8f8a-a51c8acccb9f,c40e5182-8ba6-4bd5-9116-529889e6e5b4,7c1dc1c9-d59c-6826-b507-6bb38dfb5ee4
65582b6f-1601-4c25-ba02-304ed6d9ebf3,e68d3b33-26a1-45d4-9a00-01ca4b019a5d,89f190f4-0d7e-fafe-5bab-dd5dfd647cb2
e7929f2f-263c-4bf8-b8c4-e7d80bb07540,199b3e79-f9b6-408b-8776-bd06e8f6234c,816af09f-efed-c920-43c3-042bc9696f0d
67e3e6f4-ce99-44a7-bfea-de82223788a1,a88de44c-2acc-4107-a38b-b77fc1a512c6,816af09f-efed-c920-43c3-042bc9696f0d
f0d7b9fc-57f2-45b8-b35c-b85ba44d3022,5c645f74-20f0-49c0-a9f1-aa4abe943f79,89f190f4-0d7e-fafe-5bab-dd5dfd647cb2
de5c4fd3-61d6-48cc-ac84-ef0185bcb782,31a53544-034e-40da-8c53-c23e9af0c318,89f190f4-0d7e-fafe-5bab-dd5dfd647cb2
44012382-0dc8-4232-80ee-7157fbfd848d,fb18eb69-08db-4a35-ba01-3e3f381afdc3,7c1dc1c9-d59c-6826-b507-6bb38dfb5ee4
305e7c22-ef7d-4172-abfc-68349162493c,6e75a7f6-e44f-4aa9-b163-240970cb7b94,816af09f-efed-c920-43c3-042bc9696f0d
0970e020-5d7b-4773-b1f2-0ca34676cd11,01c8360d-56ab-4be4-9766-2bfa16f4ba3a,816af09f-efed-c920-43c3-042bc9696f0d
1178fa31-adf0-4403-bcd9-e2e572ffe118,ebc1a181-9cfd-4b4f-93a0-f51617b19d3d,89f190f4-0d7e-fafe-5bab-dd5dfd647cb2
fd327ad9-afe7-4c62-bc73-fc55526f0812,797c903b-2463-4059-a5ba-31ca75f5b357,816af09f-efed-c920-43c3-042bc9696f0d
b639ee62-2573-4955-8749-1433178a2227,2526476e-bc06-4c8a-b8a4-d51a9d5d6225,89f190f4-0d7e-fafe-5bab-dd5dfd647cb2
35c77b94-0518-4d54-9ed9-2a7b1b31b96e,6748246e-2352-4c19-9bf2-98a61df9d9b3,816af09f-efed-c920-43c3-042bc9696f0d
5c09601c-7dd5-484b-9860-30aa49a3d9ee,5f426187-5d35-419e-b4c5-f47c5f3eebba,89f190f4-0d7e-fafe-5bab-dd5dfd647cb2
505e3cb0-6e54-4fb0-8a0b-18dda45be24a,5aacb103-7c05-46b2-b112-3c49c97a4603,816af09f-efed-c920-43c3-042bc9696f0d
23418fcd-f29c-45fb-83f7-d7a241cd7639,f6bf7397-4abd-4f44-95dc-f22930d5b02a,816af09f-efed-c920-43c3-042bc9696f0d
6ad70e4b-a5d3-478e-a4f0-239c36bd9730,c0b5f926-8e7a-4e9c-9564-373758ccec56,c68f5fed-d4be-afb9-559d-66dd16c6e466
efa6b076-3419-4bad-9054-ee346de3f84b,5adce5aa-755d-46b8-8706-17c6973cc881,816af09f-efed-c920-43c3-042bc9696f0d
e48d4911-9a24-473c-b325-edf4fc871cac,c72397c1-a7d4-4a42-ba10-b9e14dc16db9,c68f5fed-d4be-afb9-559d-66dd16c6e466
f6b5dc17-943c-405f-83ed-d58d6b110169,d030f723-4d18-47b3-aaf6-93d70049061d,89f190f4-0d7e-fafe-5bab-dd5dfd647cb2
cd705013-cbd7-4d54-abc1-e7a8376c1c6a,90c41dd5-5524-4b3b-8ace-d7b7f59af064,c68f5fed-d4be-afb9-559d-66dd16c6e466
13bf7b90-0f15-40ef-80e3-5e0055335854,e663623d-ad3d-4241-9e4b-cf40a4b53861,7c1dc1c9-d59c-6826-b507-6bb38dfb5ee4
e3a19f06-ff1c-4d7b-8bf8-63f7fa119e24,ba2141d0-a0c3-4d82-bae2-fed77555bdcf,89f190f4-0d7e-fafe-5bab-dd5dfd647cb2
43a8cc79-6831-4cc4-b451-ffe3257a00ee,9e7cede2-cc4c-45c1-8f07-91e303b35912,c68f5fed-d4be-afb9-559d-66dd16c6e466
6cc589c7-0201-402f-8971-03578fa5afee,b117262c-3376-4c9d-ae40-ad6876aa06ed,816af09f-efed-c920-43c3-042bc9696f0d
5968738d-be38-48ba-8300-578256b5b842,4a6f6646-a2fa-433e-b6dc-2b84fc58ba61,7c1dc1c9-d59c-6826-b507-6bb38dfb5ee4
c6447c2a-0c72-4cd6-a07c-fc5a80c1cdb1,81eec049-93d4-474b-8772-d9c99daf0dbf,c68f5fed-d4be-afb9-559d-66dd16c6e466
0f54e43e-1804-491c-ba59-9b1448633605,b5bc0667-2eec-4920-a27e-76fb2f9371e3,816af09f-efed-c920-43c3-042bc9696f0d
2e0ad5c8-aec9-412a-a2ca-4636410db443,5b8f71e1-264b-439b-ab7d-b6cf180d43b9,89f190f4-0d7e-fafe-5bab-dd5dfd647cb2
3dd03c29-b21b-437e-b3cb-ed6ac0a2e96e,58995a55-c6be-40df-bba0-bb18be2b06b6,c68f5fed-d4be-afb9-559d-66dd16c6e466
1bdd285e-adea-42f3-a375-39921d2b4a52,4d061830-a12b-41ed-b838-606fba93fe5f,816af09f-efed-c920-43c3-042bc9696f0d
c020f081-ee89-4f12-b6ca-bf1d7024de25,7b9d9d27-b16f-4297-889b-309def992f7b,89f190f4-0d7e-fafe-5bab-dd5dfd647cb2
1d2884c9-2545-45d1-a9ab-c4cc8f8c872f,5ffcbdc7-f344-428d-879d-acba69d09609,89f190f4-0d7e-fafe-5bab-dd5dfd647cb2
d9cc9108-6bfa-4f47-9e51-9e75f5a020d5,1a7c0f00-801e-40cc-a04b-363bde570522,7c1dc1c9-d59c-6826-b507-6bb38dfb5ee4
2453637b-a76f-4867-9817-34d647ff642f,99bf9504-3064-4304-992e-ac81504fbd76,816af09f-efed-c920-43c3-042bc9696f0d
3f38eca3-2926-404e-a224-1a0c5e75376e,40250626-8b4a-468f-a44e-d27133d64115,816af09f-efed-c920-43c3-042bc9696f0d
efb3f9eb-45ac-4913-961c-91ae858dcfe8,d8d1f396-0ddc-44a0-881d-9638a188f048,816af09f-efed-c920-43c3-042bc9696f0d
54ff472e-728d-4411-82bd-7c67e4b8e6b3,bfaa6141-63af-4ea0-9362-9267a46aa677,816af09f-efed-c920-43c3-042bc9696f0d
eed2e8e3-0304-4971-b96c-aad0514db3d9,beb46c03-7ca6-4c78-badc-fae6eef3c677,7c1dc1c9-d59c-6826-b507-6bb38dfb5ee4
6d63f965-bb0e-4946-bf2f-dd72dc3b24ee,21eac0ce-b753-4009-8dba-51230593edc1,89f190f4-0d7e-fafe-5bab-dd5dfd647cb2
8222d3ec-9fbd-42bd-a253-8b4f09c9396a,a59d5e61-903f-4b1b-b355-ee485bdddf64,816af09f-efed-c920-43c3-042bc9696f0d
5b26cd7d-846b-4aea-99bf-7f3e8445798e,f0ab65b8-969a-434b-823b-a9e884d0799c,c68f5fed-d4be-afb9-559d-66dd16c6e466
35aa77dd-d996-4212-85de-c0b3df74019b,1ff9b611-9ca7-4df5-a14c-0d45cd1745bd,89f190f4-0d7e-fafe-5bab-dd5dfd647cb2
8c5fc1b6-4835-4984-8ac1-30aab48fb31a,fbc0662d-f29e-4eb0-b374-688e75339a71,89f190f4-0d7e-fafe-5bab-dd5dfd647cb2
fc6d6677-dd4f-4ef6-adb8-933eed3d8f44,d954649f-9720-4ecf-a7b5-15b5f9120a8c,c68f5fed-d4be-afb9-559d-66dd16c6e466
6f745b0d-15c4-428e-a588-05997372f950,83933a1e-9c45-431b-afea-bb36b96db24d,89f190f4-0d7e-fafe-5bab-dd5dfd647cb2
5be108b8-3349-4168-9c27-6146ebeec3d1,9c6789dc-1035-4af0-9d4e-8fcbfa3eadf3,89f190f4-0d7e-fafe-5bab-dd5dfd647cb2
cc3cf224-73cc-484a-a56c-cea1e45fb36a,a6e05697-722f-4bbc-beb2-23bd5620a8da,89f190f4-0d7e-fafe-5bab-dd5dfd647cb2
962349f3-3b3f-4282-93fd-2da3f6429bf0,62f247dc-908a-4a66-b128-61c1e0a2a61f,816af09f-efed-c920-43c3-042bc9696f0d
449d13c7-c85d-4fc8-9c2f-ced348fb2bd7,d2d94a62-2620-40b8-a9bb-d9684b9e2c4f,7c1dc1c9-d59c-6826-b507-6bb38dfb5ee4
cd98cfe5-24b8-44fb-b227-b76ae472b885,cea3a751-c047-4242-accb-dcd40cc39656,c68f5fed-d4be-afb9-559d-66dd16c6e466
5df3bc10-f8ff-4e83-be40-04017d153cf4,2d978210-6ab3-4269-9812-0c510669ce83,89f190f4-0d7e-fafe-5bab-dd5dfd647cb2
7bef5a58-b518-448c-9137-4986ed3eb620,87890edc-b001-4156-9b08-dcb8826fc91a,7c1dc1c9-d59c-6826-b507-6bb38dfb5ee4
501d12a1-bd91-4584-a1ad-ae6a1e974e2b,24233559-cd4b-4c2e-a764-a51d21651e6b,c68f5fed-d4be-afb9-559d-66dd16c6e466
258f60f6-a94b-4720-bdbb-d7b4d44cff0b,45c7c64f-4e63-4cd1-85f9-2752e282923e,7c1dc1c9-d59c-6826-b507-6bb38dfb5ee4
2aa25b48-9eb2-457c-a156-5cff608d1c05,629c9e34-7c59-4767-9034-e99bd9783ecb,7c1dc1c9-d59c-6826-b507-6bb38dfb5ee4
a19fd1b4-c477-4da6-be6c-28360a252124,4d4c9654-80cf-4292-abf0-d42414e7f7b6,7c1dc1c9-d59c-6826-b507-6bb38dfb5ee4
66dcd130-3883-4510-b8ca-9ff4d1f2a083,fcd86a0f-6439-4bc7-b49c-a5354a8caa3e,7c1dc1c9-d59c-6826-b507-6bb38dfb5ee4
117603a7-f753-4872-a490-e686a3cc0f59,a2716197-6302-4667-8291-202cad55330a,c68f5fed-d4be-afb9-559d-66dd16c6e466
b7ce0af9-eb23-4816-861c-c677b7fe7bc2,c569c4d0-352b-4cec-929b-0e55e28deafe,89f190f4-0d7e-fafe-5bab-dd5dfd647cb2
f97ec5f2-2017-4331-a049-fac0b4594012,c12af21a-a928-4654-ba9d-79df2566be71,89f190f4-0d7e-fafe-5bab-dd5dfd647cb2
5f56a7c8-0717-41c2-8187-56388e0ddb97,2a21a567-5523-41bb-9e6f-3ea5ee29b9c4,c68f5fed-d4be-afb9-559d-66dd16c6e466
741bbefd-b969-45c3-9d23-214bff7790a4,777e634c-8661-c281-24cd-eb673385f298,1e35ee58-8dc3-c03b-f223-0a2e9bde90b4
7b3bb305-21ad-4b6b-ae4b-ac448267f484,0e2bfd3a-2f81-42bc-9abb-9ab9214575b1,89f190f4-0d7e-fafe-5bab-dd5dfd647cb2
3954ef69-4fe0-4cae-834f-0b3b312f8cf2,214dc4d3-358d-447b-a88f-7df771798205,c68f5fed-d4be-afb9-559d-66dd16c6e466
9e5d416c-0fd3-400b-a975-0f6577ef0a5f,4f80b6dd-aa9d-4626-ad8b-276d77b37245,7c1dc1c9-d59c-6826-b507-6bb38dfb5ee4
c58d3f69-d521-4fe5-be0b-a90bf6edfdac,b40e74a9-16fb-40a4-8f0e-0bdd416682be,c68f5fed-d4be-afb9-559d-66dd16c6e466
149a5d9c-111f-4c73-aa58-2614b355231c,8d83ccd7-eb23-417b-811d-5356d67d7f0c,89f190f4-0d7e-fafe-5bab-dd5dfd647cb2
c83928ec-58b6-4786-a6d5-2f55a25222c1,1a61f32c-23b8-49b5-aa49-921c179b7f94,816af09f-efed-c920-43c3-042bc9696f0d
970ff536-71cf-40de-ac80-4881475edbc2,e2a53d9c-44f2-4093-822b-f6003c1b80c1,c68f5fed-d4be-afb9-559d-66dd16c6e466
5f3bc6d3-ec4c-4e5b-9f45-9bff17783484,f97ba648-cbfb-4eb6-9960-0a4cef02bb9a,c68f5fed-d4be-afb9-559d-66dd16c6e466
2aee5d26-626b-4b4e-9002-b68f6dc3b032,961be722-60d7-4e38-92b6-9a6f873037a6,816af09f-efed-c920-43c3-042bc9696f0d
3009b719-6b27-4c4a-915b-de7cf349a669,8d60de38-ca0c-409d-8f85-87e0ba5bba86,816af09f-efed-c920-43c3-042bc9696f0d
bde9503b-7320-45e9-8d01-4296be149196,14c1ed33-cb8a-47b7-85fd-f08bf946a8c9,7c1dc1c9-d59c-6826-b507-6bb38dfb5ee4
9d49d8bb-2a69-4b69-85d7-3cda107a85a6,52f0e544-a360-4cd3-9638-bf1a812f8d74,c68f5fed-d4be-afb9-559d-66dd16c6e466
d9381d81-31ac-4ee2-aa0c-7344a6f985dc,290c5f14-6fff-4b0c-a029-66c35360d8eb,c68f5fed-d4be-afb9-559d-66dd16c6e466
37efd5ba-e465-4dec-ba28-5a6f127127b5,0a2e1301-8549-45f1-9ec3-64c9ce2be433,89f190f4-0d7e-fafe-5bab-dd5dfd647cb2
879411fe-097c-4122-a2aa-6ce46f96fcfb,f37f39e9-6d0f-46cf-9e2c-7fcf4a467a53,c68f5fed-d4be-afb9-559d-66dd16c6e466
594e2cf8-96f9-4bd9-850c-19372d571850,69757d1b-4a95-4adc-a2c9-c336a7b449c1,816af09f-efed-c920-43c3-042bc9696f0d
d77ce052-4bc3-4df6-835e-cbfbf88532f4,31cbc77e-0b09-4bc4-83c4-68414d3d3f48,89f190f4-0d7e-fafe-5bab-dd5dfd647cb2
35409d02-8016-4708-98f8-8c1d2ce860f6,9d7b0702-e136-4b41-ab3e-46e2360e8324,89f190f4-0d7e-fafe-5bab-dd5dfd647cb2
cdf7e8a8-6351-46c5-8f95-cb009129e6d2,7ee41a5c-ddbb-4d2d-ac7c-bd8a78d44830,89f190f4-0d7e-fafe-5bab-dd5dfd647cb2
5631a0d2-33e1-4efd-b725-d7243363f393,d20047bf-dc9a-4f0d-bfe4-0f47494e140f,816af09f-efed-c920-43c3-042bc9696f0d
dc4ac56b-2597-46a8-966f-e112e59f1783,8e6ab0dd-6553-4572-9754-3a9a634a87dc,816af09f-efed-c920-43c3-042bc9696f0d
63a61984-d007-4257-861c-70c6f4354f1e,82eae327-41fd-45ad-b391-79c0f16e3de3,c68f5fed-d4be-afb9-559d-66dd16c6e466
f9ccf9b7-44b8-4e47-94b5-f20e89765e82,359da9cc-be44-4ab0-97ad-16401911a247,c68f5fed-d4be-afb9-559d-66dd16c6e466
b1bb64e1-4add-491d-9426-c3b9bd9320e2,27467b16-2bf1-4de8-b43c-1bea055605b5,816af09f-efed-c920-43c3-042bc9696f0d
524ad3a2-e400-4012-881d-6fc9154a294d,308e8cd5-458b-4533-bcd1-b058b945c378,89f190f4-0d7e-fafe-5bab-dd5dfd647cb2
6a264c11-e97e-4ae6-b862-63de2710bab7,0029db4c-d1f5-466a-ba21-bd8f0838493c,7c1dc1c9-d59c-6826-b507-6bb38dfb5ee4
2d0cc10c-10a2-4b7e-a655-a0b1fc1f85cf,20e4e0b7-5b88-4784-87a5-8ce77206abac,89f190f4-0d7e-fafe-5bab-dd5dfd647cb2
d1a3fd1e-b3cb-49a4-9fba-b4ba66c12e57,74446510-6e92-4ddf-993a-9fecfedc172f,816af09f-efed-c920-43c3-042bc9696f0d
741dd676-9a00-4bfb-bce2-e91edccafb8f,3a647be2-5b1e-4e8d-8a6b-7aafd34ddb6d,7c1dc1c9-d59c-6826-b507-6bb38dfb5ee4
cf4439b3-94bb-471c-9a3a-960bce670465,8bd5c732-7b7d-4a68-8b14-249ddccde8e6,816af09f-efed-c920-43c3-042bc9696f0d
98206466-c7cb-452b-9303-1a265016d8e2,fb0e7210-40af-4e16-89eb-5f74ed0a46fd,816af09f-efed-c920-43c3-042bc9696f0d
409ec2cf-20aa-417e-a60f-9b2e77c0d584,ef3a9f76-01ad-4a26-bbb8-544f196eec23,c68f5fed-d4be-afb9-559d-66dd16c6e466
6d68f310-4c52-42c6-8393-0fcec1782c33,bd674a7f-9168-4165-8770-620ecc0c0965,c68f5fed-d4be-afb9-559d-66dd16c6e466
edb024d8-b7e0-4548-9b72-51575ecacdc6,65bab91b-4cea-41ae-8411-a65446ed1ef5,c68f5fed-d4be-afb9-559d-66dd16c6e466
bb4eb77a-31f7-4fdd-8a91-48e800f3cdf1,672850ce-993c-40bd-883e-e9880f875b2c,89f190f4-0d7e-fafe-5bab-dd5dfd647cb2
19f5c564-8eb2-47f2-a9f8-27dd1e569719,c5d4202c-4e5c-40e1-83ea-ad095f9eb461,89f190f4-0d7e-fafe-5bab-dd5dfd647cb2
48c308c4-d2bd-4af0-a59a-095c80df3637,f1d01ddf-e4ff-4243-b1fa-cbd00e7a3e31,816af09f-efed-c920-43c3-042bc9696f0d
878c12b9-c553-48fc-bbb6-85973e5503b0,c4b72343-16b3-44aa-8581-f54692e271fb,7c1dc1c9-d59c-6826-b507-6bb38dfb5ee4
9b741879-e158-4d4f-9b73-8a047becfb4c,6663c38e-1e57-4f7d-81e6-46d9b1217a3d,89f190f4-0d7e-fafe-5bab-dd5dfd647cb2
ec71d51d-b67b-4c39-b6c5-840f7c1ec361,43265288-ce4b-4814-a26c-02f76f305945,816af09f-efed-c920-43c3-042bc9696f0d
ea46a6d8-cb11-4892-99fc-cece44df8dca,7ff71fec-9fd2-4a77-b833-ded0e0c86ee5,7c1dc1c9-d59c-6826-b507-6bb38dfb5ee4
6b415d3d-9432-4b79-b3ce-af865a3d20f2,45c59ad1-ca54-4dbb-83ed-84ee147d5d78,89f190f4-0d7e-fafe-5bab-dd5dfd647cb2
26558c50-29a7-453c-98ba-e9df4418e5bd,120eefb8-71f3-41b1-a091-bfa77fc23856,89f190f4-0d7e-fafe-5bab-dd5dfd647cb2
e70dc28c-6400-45eb-9eac-2f0c5ecf09b8,5a0ab261-bf64-40a7-a29c-bd8f8c948745,c68f5fed-d4be-afb9-559d-66dd16c6e466
7332f555-d08d-4faa-b293-225e324efa2a,05e2774d-1ae8-4520-a8f2-ef4f1babe7c7,89f190f4-0d7e-fafe-5bab-dd5dfd647cb2
ba1aac9e-363d-48e6-8c29-5d5933c94328,385ffb67-bd0e-4a04-bb2c-af9a50673a95,816af09f-efed-c920-43c3-042bc9696f0d
69d1a4d9-bbc3-4dda-b276-2a04185a72c7,535c12dc-732a-4c06-9707-82af6d9ba569,816af09f-efed-c920-43c3-042bc9696f0d
f61d6176-58bb-4af8-b934-5c3cb4e6c45c,c8c9e3fa-c7e1-4850-9450-95f79e180c3f,816af09f-efed-c920-43c3-042bc9696f0d
4f53bab6-d50a-4190-91b9-3f9a5b421bbb,26f915d1-d08e-4e73-91c1-378801361f3c,c68f5fed-d4be-afb9-559d-66dd16c6e466
17a282b1-23d1-4056-9494-b54515f27cb6,093e2dd1-7fac-4764-b15a-7ce65cec684d,89f190f4-0d7e-fafe-5bab-dd5dfd647cb2
ba587130-0acd-4d5f-bd58-4ca5551be3d0,ac28a65e-5a83-47d3-b777-72cd3d697948,7c1dc1c9-d59c-6826-b507-6bb38dfb5ee4
d304e043-3902-485f-8d30-bfe7403e6b94,6ab698b9-f42b-4743-88b1-01902a97038b,7c1dc1c9-d59c-6826-b507-6bb38dfb5ee4
a1245cda-f5da-4545-a43b-d898eb9f3845,52b13e0f-4833-4482-a838-cda54069771e,816af09f-efed-c920-43c3-042bc9696f0d
d59e4d7e-ba58-427e-bbb6-7918eda27a5e,4bb0bfee-19df-4145-b2e7-4c5c10adc0b6,7c1dc1c9-d59c-6826-b507-6bb38dfb5ee4
d2cd583a-953b-4f94-ad60-56c0f76ffbc6,f783ba25-1dfe-49b1-b008-80620a59b33e,816af09f-efed-c920-43c3-042bc9696f0d
c73d1d78-752f-40c5-85a9-424e699c9dd4,b080223e-2b16-44fe-8be0-969ef7dc5411,c68f5fed-d4be-afb9-559d-66dd16c6e466
416eca2b-8eb3-4848-bb74-14eb1a95357d,b197c775-85ee-432b-be87-0a06fc26872b,816af09f-efed-c920-43c3-042bc9696f0d
d5142a53-7d2c-4b7f-89b0-f7f8a90f4876,369447cb-8cb3-4882-bfd5-74a393437006,89f190f4-0d7e-fafe-5bab-dd5dfd647cb2
c66e5586-6a34-4d66-a369-b51157233e51,a79b71c6-6aee-4698-9cda-725a54d2aace,7c1dc1c9-d59c-6826-b507-6bb38dfb5ee4
5a7ce798-0a51-4764-a952-68594668bd44,bf0d4789-a0c9-47d9-a80e-86c6d2cf7483,7c1dc1c9-d59c-6826-b507-6bb38dfb5ee4
4ca2c5f4-8dc3-49b3-a6db-c3154acc7c5a,9cef3771-f179-435b-9e89-a7ecbacaa6be,89f190f4-0d7e-fafe-5bab-dd5dfd647cb2
349ab261-627b-4af0-88f1-16b9c7332bef,a3e090fe-10a5-4733-85cc-09cf372d1f6f,c68f5fed-d4be-afb9-559d-66dd16c6e466
0988eb45-ef01-4a41-9e0b-7294d0c7c306,2183a823-46b8-4f19-aa4a-0be44ebfce52,816af09f-efed-c920-43c3-042bc9696f0d
14747934-80ab-472d-9545-b0c02e73de55,a7fa792b-ea49-461d-9e9c-3a25d509dbb1,89f190f4-0d7e-fafe-5bab-dd5dfd647cb2
23a6c9a5-401f-4b7f-b712-86159bbbfe41,2ac873be-d857-44ef-b844-d46c1ac1748d,c68f5fed-d4be-afb9-559d-66dd16c6e466
6376c908-e8e2-4ad9-b363-809a7f5f7a0e,e9617fc2-20ba-4f96-9e90-f278128aa1ba,c68f5fed-d4be-afb9-559d-66dd16c6e466
81d2a282-92e8-48b8-b3db-caeedb17adc2,d3455fa1-639f-4810-b739-a80c2df967fd,89f190f4-0d7e-fafe-5bab-dd5dfd647cb2
036847a7-0cf3-4da7-addb-ea33dadeaf85,e1a3c39a-0559-45e1-ae01-a61b07e6d52f,89f190f4-0d7e-fafe-5bab-dd5dfd647cb2
9b54208e-1a34-4da3-bc12-545306ef521f,11cc6cab-f808-4db7-8f5f-8964856fbfe3,7c1dc1c9-d59c-6826-b507-6bb38dfb5ee4
0b4151b7-bd5f-4287-b451-8f0920045a6a,e6680ee5-45e5-4fee-8c6f-24663916ebee,7c1dc1c9-d59c-6826-b507-6bb38dfb5ee4
8e89a912-9820-4db3-ab2d-d5f5c77a7cb6,22721a73-8373-4d1f-a3ca-ec866344364d,c68f5fed-d4be-afb9-559d-66dd16c6e466
c5a92627-1d0c-4cca-9fb8-82fb7aea16d1,ecce943b-6de2-4993-a513-6c49dc4575ba,c68f5fed-d4be-afb9-559d-66dd16c6e466
79f41498-27c4-42d8-b0d3-1458884b0a33,04d92c89-e780-4d47-b567-813604ea1e87,c68f5fed-d4be-afb9-559d-66dd16c6e466
e95e978f-e324-4dcd-858d-f185f3ec8d52,800e347c-5a16-4375-8cde-d8feadb138af,816af09f-efed-c920-43c3-042bc9696f0d
199ed684-2fa2-4920-9517-8dcc89ead0f0,acd1d923-6e49-4647-bbb5-dab9f0b5c088,c68f5fed-d4be-afb9-559d-66dd16c6e466
3dc97156-67b8-4c7a-a859-a4e0179ca021,ac4fb3e2-637a-4a04-9df3-3b45dd7cc8b0,c68f5fed-d4be-afb9-559d-66dd16c6e466
24ff9fe9-d716-4246-82e5-342ade76624b,4a4fc8ed-ee21-4873-bf32-6d2d6f5d80f8,7c1dc1c9-d59c-6826-b507-6bb38dfb5ee4
5fe9235f-e56d-487e-8f7e-aef89cbe9533,d4466fc7-eb76-497f-8395-31f8edd70565,c68f5fed-d4be-afb9-559d-66dd16c6e466
39f75649-a1f4-4d5a-8e5f-b2cb2dd692e7,ef30cd10-545b-4f83-b673-8501ee6c7e62,7c1dc1c9-d59c-6826-b507-6bb38dfb5ee4
e270636f-09d4-4e3b-9784-bd8445bf46b7,54bc9028-f920-496d-894b-1893d201e6fd,89f190f4-0d7e-fafe-5bab-dd5dfd647cb2
e92d5c02-2ae1-4396-9cc0-e1c47ee05a30,27c25ba9-51dc-48d4-aa07-9c94612c3807,c68f5fed-d4be-afb9-559d-66dd16c6e466
4a89b70b-e052-4705-baab-5d0c9a6d64e5,9be0eb97-5063-42d5-ba90-128519f84cf8,7c1dc1c9-d59c-6826-b507-6bb38dfb5ee4
3f962b0e-23a5-4200-ac9f-aee9816d2400,05d87094-f99f-44b1-9deb-e5e8f8462bac,7c1dc1c9-d59c-6826-b507-6bb38dfb5ee4
910399d2-729e-4674-be23-531cffcc1815,a721cd8e-fac9-4d06-886a-19781830261c,89f190f4-0d7e-fafe-5bab-dd5dfd647cb2
b995f463-b104-4e70-9c4b-56d0134a3b95,8df524b7-0dfb-433f-a992-63d5f65f1ce4,7c1dc1c9-d59c-6826-b507-6bb38dfb5ee4
5108430d-2f3c-4f1c-bbd9-9d0e896ee894,d94285c6-eb44-43b6-862e-8ff9add9dffc,89f190f4-0d7e-fafe-5bab-dd5dfd647cb2
3fd1baea-4cec-49ab-9930-7622a8320fe4,bacd073e-8e2b-4605-b60f-f5e32c86b1c5,816af09f-efed-c920-43c3-042bc9696f0d
fedcff71-5aec-4daa-b195-e9586be3b810,b96829b5-633a-4d44-8818-0b3adf87df9b,89f190f4-0d7e-fafe-5bab-dd5dfd647cb2
7ba44ebb-fea3-490e-8e94-c29831b0542c,39348cbc-ea95-4361-bd7f-caa7cf6cba30,89f190f4-0d7e-fafe-5bab-dd5dfd647cb2
f2e2b754-3b97-4c92-b429-06b7ec306610,cf4dc3d3-15c6-46d1-a3aa-838103fea899,89f190f4-0d7e-fafe-5bab-dd5dfd647cb2
c670024e-d9c9-45f5-bb23-a188ceaa8d52,f18bacf6-cacb-44d0-8a5c-cc5ea8f73a1f,7c1dc1c9-d59c-6826-b507-6bb38dfb5ee4
9fc045f4-004d-4819-9079-586498d3722c,9664dc10-a38a-4c0b-9b20-a5b778d7020a,c68f5fed-d4be-afb9-559d-66dd16c6e466
1d8630dc-6a69-4af4-93fc-9a6c9e93526e,fb6ac423-368b-409e-b9a6-e9de0eb9dd1d,89f190f4-0d7e-fafe-5bab-dd5dfd647cb2
22815ac2-0393-4d74-8d0c-c64ff8f76ca4,948fe3a5-ec5e-4e89-9acf-05ec74da8e4c,c68f5fed-d4be-afb9-559d-66dd16c6e466
656d668b-0e2a-49ed-9965-1e75188586ee,1d843f7b-3a35-4a3a-a0e0-082ac9c92860,816af09f-efed-c920-43c3-042bc9696f0d
dcfaf2bd-5b40-4664-8e61-199d9ea5fc8e,426af4e3-58a2-4c43-8b90-ac7ba693f115,816af09f-efed-c920-43c3-042bc9696f0d
07f03a1b-f7c9-4406-b938-bb3323341961,2b1ec218-4955-4b8e-84f7-e9501f710125,7c1dc1c9-d59c-6826-b507-6bb38dfb5ee4
db556f13-9b01-4fe3-9de1-9f13b58a909f,c7a9bc8e-2e44-487d-97b4-6f6c51ce3bab,7c1dc1c9-d59c-6826-b507-6bb38dfb5ee4
fa449d22-7356-495c-ae2b-a0dfa9aee04b,7d8470e9-acf9-4b9f-9e86-064df5f6fa2e,7c1dc1c9-d59c-6826-b507-6bb38dfb5ee4
28e6cf24-c09d-46a0-b9f2-a1f33b5721d3,4487b4fd-ece6-451c-8abb-c31513b9cce6,816af09f-efed-c920-43c3-042bc9696f0d
00e16fc3-fa72-42f6-a3b2-f6e03c221966,50271adf-862f-4b05-9584-6fc40e792064,816af09f-efed-c920-43c3-042bc9696f0d
d374d535-257c-4b9e-9890-547196e46b55,efbf9cc9-3fd6-4ee7-9c33-da0b4a4fb1b1,89f190f4-0d7e-fafe-5bab-dd5dfd647cb2
11044665-9820-4ff2-912a-92a6a29d2f78,a56ca5aa-bdfa-471a-8b84-b247557b9dd6,816af09f-efed-c920-43c3-042bc9696f0d
b97cfe7e-263c-4446-b340-effaa31b743d,792219a1-51a0-44cc-9464-1a386abcc227,816af09f-efed-c920-43c3-042bc9696f0d
2cbedbf1-20ff-40af-b328-d12009c69bde,5d57a3e1-f86e-4920-890e-0f1647347d33,89f190f4-0d7e-fafe-5bab-dd5dfd647cb2
ba545197-8167-4b24-961c-76200606e3f9,a8973880-6ecc-4510-9d8d-f9e0e7e2e518,c68f5fed-d4be-afb9-559d-66dd16c6e466
ff34bf84-0718-4576-8d11-080706f842ce,f6c29aef-a03d-4468-abef-3076a8f83090,c68f5fed-d4be-afb9-559d-66dd16c6e466
fe3a68ed-116f-4499-a2c3-d21ae6d5ca2d,535bf870-b67d-452b-a95d-fe1856093336,89f190f4-0d7e-fafe-5bab-dd5dfd647cb2
4500c781-9573-4da7-9611-c775e4bad7de,24fa8e1c-6c40-4e8c-8f0e-6d075d41c8e2,89f190f4-0d7e-fafe-5bab-dd5dfd647cb2
2e03cb2c-c52e-48a9-8998-adb6b022d61c,dcb6481a-c47a-4bd7-af8d-9694f9103c1f,c68f5fed-d4be-afb9-559d-66dd16c6e466
bdc95b42-2b2c-4f4a-82ea-a6c62cd3463c,622b2568-a476-431d-8fec-f0d9d21d1352,c68f5fed-d4be-afb9-559d-66dd16c6e466
77b48abe-0c9a-4a5f-813b-7041a6c5b19d,54e1d934-8e4c-489e-8c5b-71274e3a21b4,7c1dc1c9-d59c-6826-b507-6bb38dfb5ee4
7354b0f3-57aa-4b1a-baaa-eaaba77bdce8,0912a0a2-3dbd-4827-a1cf-a02025ff03f1,c68f5fed-d4be-afb9-559d-66dd16c6e466
3cd78fd5-20b3-43e8-8ef1-8c8215d2f43a,047aca64-2113-49f3-bef3-f6269b0d7314,816af09f-efed-c920-43c3-042bc9696f0d
99cf9e4a-2450-45e5-93db-3bf1e5705854,7449f91f-5377-4f60-a2fd-ecf3733c19ec,c68f5fed-d4be-afb9-559d-66dd16c6e466
7f60c98c-f1ee-43f0-bc67-8aab31c884fe,f69ad694-de52-447e-ae36-a8c347bb38e3,7c1dc1c9-d59c-6826-b507-6bb38dfb5ee4
4d313ac1-ec93-4ff9-b46b-13562775e0d0,23bba3ae-e2a4-4e4b-a1ec-ced30a2c8636,c68f5fed-d4be-afb9-559d-66dd16c6e466
117ec949-836c-4281-a8cb-2f399ad189c0,402311be-72db-4f4d-9435-12d92bdb9c11,89f190f4-0d7e-fafe-5bab-dd5dfd647cb2
c44b1547-e6dc-4d26-b4d9-4b10df225243,21f8ff8a-9872-437c-8b8d-239106b1a66f,c68f5fed-d4be-afb9-559d-66dd16c6e466
8d7a0f34-db70-4d7b-ac25-465c5bcc7c24,7815b51e-7a3e-4718-a4c0-6ddb82def10d,c68f5fed-d4be-afb9-559d-66dd16c6e466
2d385734-8ae9-4fec-b7b1-53902e2d81ea,0711d8f3-096e-43af-85aa-d014466e7f8f,816af09f-efed-c920-43c3-042bc9696f0d
c33364de-8837-4ec0-8ee6-4ce1425312d0,7aba4efe-9203-4887-a332-e1bc602c80fa,89f190f4-0d7e-fafe-5bab-dd5dfd647cb2
07dd1303-f91e-4109-aa51-00f030894c45,5317e98d-2778-4be1-b4ae-53747e1ced37,89f190f4-0d7e-fafe-5bab-dd5dfd647cb2
a68cf5a5-332d-4c32-94c4-2af022ce4894,0fda5796-5afe-4f0b-af5d-058c44f59afb,7c1dc1c9-d59c-6826-b507-6bb38dfb5ee4
a78fda7a-a036-469b-8a81-cf1867cd6295,6058255a-f8a1-4814-9e6e-c9ae38e9cd1b,816af09f-efed-c920-43c3-042bc9696f0d
16590629-f03d-4b6b-ae4b-596b9fc409e4,e776a632-b949-46c0-b9f5-b12c1e749f09,816af09f-efed-c920-43c3-042bc9696f0d
395e43d1-4e68-4b51-a972-c6acbe83746d,02b5b437-8584-43b9-a2fe-80d76bd569eb,c68f5fed-d4be-afb9-559d-66dd16c6e466
92485f64-b0c4-4611-8514-39507bdbcc08,50309784-2066-4790-af0d-accc3c13d03f,89f190f4-0d7e-fafe-5bab-dd5dfd647cb2
48ba5315-c9aa-4954-a225-bed3045b801f,085a5ad4-f6b0-4e6f-b4f8-09b83ea2ff1d,89f190f4-0d7e-fafe-5bab-dd5dfd647cb2
79798896-9b67-4e32-ba89-1fed35c010c3,a736d737-751f-4839-a5b6-f6d7b75daad7,7c1dc1c9-d59c-6826-b507-6bb38dfb5ee4
a0039229-24c9-4f53-97c2-fe8c9bf30c1b,d90f80b7-ab10-4eb1-b35f-835d4ee82d47,816af09f-efed-c920-43c3-042bc9696f0d
4878a0ca-1282-4212-b5fe-6681c5c40356,cf794c35-8823-4ca4-9fb5-edb1819cad87,c68f5fed-d4be-afb9-559d-66dd16c6e466
2316b7ac-d4ed-48fd-959f-91675800c630,cdcee2fe-cad5-499a-8863-9bf73a136984,816af09f-efed-c920-43c3-042bc9696f0d
8bbfb69e-104c-42d5-b5db-cc80c4ee6774,963e4fa4-2e34-4ed3-97d6-c11aff2174d2,7c1dc1c9-d59c-6826-b507-6bb38dfb5ee4
af8aff71-dfaa-48dd-99bd-98d6c3aa573c,6b8c4844-6779-448f-a330-0394240dcd5d,7c1dc1c9-d59c-6826-b507-6bb38dfb5ee4
b82560cf-ad1c-49b8-b9b7-7944428d8455,d19595e0-36b9-48d3-be8e-36b219dce140,816af09f-efed-c920-43c3-042bc9696f0d
757a1c2d-0b49-4821-9379-f90339e87ace,87b1aef9-4bb5-4fc4-b9d8-858ac6ec65d4,c68f5fed-d4be-afb9-559d-66dd16c6e466
072b552f-47e8-4cfa-a1f9-3a66daabf528,4bc8e0de-3d30-46ae-b1cc-9b619f8a1495,c68f5fed-d4be-afb9-559d-66dd16c6e466
dd79db71-c831-49c7-a19c-ad9a0c2c886d,5dde9188-1595-40e0-a123-e3f3b1caf3aa,816af09f-efed-c920-43c3-042bc9696f0d
2aba232e-f461-4cab-8aa2-7785e69c0319,4a58849d-808c-4ef6-86bc-3ef0d5e5d7ae,c68f5fed-d4be-afb9-559d-66dd16c6e466
d5847096-f34a-45ad-8450-a1d0513cbef5,aba5c2dd-40da-4060-9be1-36549b6badbe,816af09f-efed-c920-43c3-042bc9696f0d
15dfeb7b-70ff-4718-a664-a0ba17ce2723,831ae452-2634-4fc6-96a2-1d353ea877f0,89f190f4-0d7e-fafe-5bab-dd5dfd647cb2
e2b04d4f-b2ed-412a-a542-88ceedd7d4bb,6a2862ba-4504-417c-b9e0-ab89a9b37198,816af09f-efed-c920-43c3-042bc9696f0d
6fd63fd5-1e66-4459-9d77-b6d76d55f55a,f8bf1525-3fa8-49a3-a694-893d05896464,c68f5fed-d4be-afb9-559d-66dd16c6e466
e1ea9244-02d6-46cb-bdc5-e09b382ab78c,03a6f518-da88-4bb4-a44a-4942c392d59d,7c1dc1c9-d59c-6826-b507-6bb38dfb5ee4
8368c20d-5420-4899-b3ec-41f203acbb38,9df9ef8b-5306-4ba4-a63e-62c2fa5b89d5,816af09f-efed-c920-43c3-042bc9696f0d
b0f6a9ca-dd41-428d-bad4-9dfe866ceb83,5ca3d756-c602-40a5-9fb4-48e0a88042f2,89f190f4-0d7e-fafe-5bab-dd5dfd647cb2
19806adb-9659-4015-b746-118e422653bf,9622fd94-c562-49cb-8e26-7178dcf8e61b,c68f5fed-d4be-afb9-559d-66dd16c6e466
38d7ebfa-76ad-451d-ac0b-417a72081b80,baaf81e5-3f23-416b-9079-62134f57ac47,816af09f-efed-c920-43c3-042bc9696f0d
1561bb0f-f987-41a6-a635-3de4931befb0,5f86cca7-121b-411f-8e12-9a5ab89952ec,7c1dc1c9-d59c-6826-b507-6bb38dfb5ee4
03840007-7d91-4122-a295-9a8c0e1ed4fa,e12a5b3e-d9de-473c-879a-7666ddebcfee,7c1dc1c9-d59c-6826-b507-6bb38dfb5ee4
a6d7842a-15f9-41d3-bfb9-04df8a3763bf,56da8a94-140d-4aa8-8d5c-b17cef40a493,c68f5fed-d4be-afb9-559d-66dd16c6e466
739ae66a-5101-456f-9f9b-81b3c4a4ec08,05a2f668-fc1d-4cb7-b030-f9b2d0f2cf68,816af09f-efed-c920-43c3-042bc9696f0d
2f07eb06-fc47-4eff-9579-6ba199c09251,ed887d52-f508-4a3b-99d4-58dbbfb68098,816af09f-efed-c920-43c3-042bc9696f0d
469708d9-c078-4d83-b480-86040b2eb256,11ce5aeb-7ce3-41c9-923e-1a0f293292a1,7c1dc1c9-d59c-6826-b507-6bb38dfb5ee4
c9616e70-4518-4eda-911e-ace7a873f2f6,ca12fc7c-b946-4393-890e-bc20fde18cfa,89f190f4-0d7e-fafe-5bab-dd5dfd647cb2
f82d2c79-f640-4af9-abb9-aa4725df305e,b353b852-d26c-4de4-abcc-3e67aaf86c78,816af09f-efed-c920-43c3-042bc9696f0d
c159e73f-d288-4670-bbc8-d34b44ed4783,1863400b-02ed-4bb8-bf5f-b8615665e87c,c68f5fed-d4be-afb9-559d-66dd16c6e466
d3c3903d-dd00-4bda-8e2f-5099c025553a,0ce358f0-0373-4df4-a590-22b069905c0e,7c1dc1c9-d59c-6826-b507-6bb38dfb5ee4
08fb8199-79c8-48f0-82d8-0eb80982dc6d,c7407d3f-55c9-4d1b-b4a7-ccd0543f81dc,89f190f4-0d7e-fafe-5bab-dd5dfd647cb2
7bede503-d180-47ec-8802-5864ca695eb9,8be1f195-b591-4831-a073-fed050058827,89f190f4-0d7e-fafe-5bab-dd5dfd647cb2
03d9ff65-c794-4204-8d12-addf73b90c76,b51edf16-8f4c-4932-bf27-61f83d46faf4,816af09f-efed-c920-43c3-042bc9696f0d
5c8b84c2-6c0c-41c7-bd7b-cae786e98f7e,0b1692a1-563e-4e9a-9510-3373d270daf7,7c1dc1c9-d59c-6826-b507-6bb38dfb5ee4
0b12e630-ce09-433a-8fb5-b77a4b0ac404,2f00b872-9386-47d9-8f63-5d6c87674424,c68f5fed-d4be-afb9-559d-66dd16c6e466
bc4d2217-3eb0-452c-ad74-d2da1dae91c7,f5226c65-7ad6-4169-8c94-025671b60366,c68f5fed-d4be-afb9-559d-66dd16c6e466
93279459-23de-441e-8dae-a89d5ba66a87,7bacbe0e-1ccb-41bf-98b0-fb8cb8f6ceb2,c68f5fed-d4be-afb9-559d-66dd16c6e466
f0bd0a19-f1e1-43d0-a7c5-9645f45fee59,0eb2dfe4-dda4-4ad5-ac38-da4a91b02d87,89f190f4-0d7e-fafe-5bab-dd5dfd647cb2
e7276a06-2e10-4d88-8f48-d18fac7e720a,9ead882e-9519-4464-8cdd-8d61f4b749a3,7c1dc1c9-d59c-6826-b507-6bb38dfb5ee4
cb8e5ab2-1532-4a3a-9464-d8a1e7b4ccf9,c85a17d7-7718-41d3-9502-d652d44e673a,816af09f-efed-c920-43c3-042bc9696f0d
4bb3dba4-3061-4129-b475-6f08da8cf137,349479af-be1f-45c0-a6ac-d8d709be6d5b,7c1dc1c9-d59c-6826-b507-6bb38dfb5ee4
94e47bd8-c434-464f-be5d-acfd3c5d40e2,b72e6366-6701-48c9-8267-6573d2408e0b,c68f5fed-d4be-afb9-559d-66dd16c6e466
995e8b33-f7e3-4774-8590-249efb5d86a6,f43f8ba0-7c24-46b4-ae1f-f41dfe07fd3c,c68f5fed-d4be-afb9-559d-66dd16c6e466
16a39331-d8b0-4838-b5ed-0c8c4f6dd300,b75c25a9-e07e-484d-898f-5e75520d8ba1,7c1dc1c9-d59c-6826-b507-6bb38dfb5ee4
85f23f62-851b-42ce-93c1-20589ab9237a,8cd2e894-eed5-4c38-83b1-777931cbb956,816af09f-efed-c920-43c3-042bc9696f0d
fd771ac3-83a1-483d-8211-25905ebca70a,e66f2871-3cca-4ddf-8c25-e7d7c688ee01,7c1dc1c9-d59c-6826-b507-6bb38dfb5ee4
52a8830c-ec79-4830-b7cf-dc3b2865acc1,ea507cae-6121-408e-9a51-f6cb6bc1d1fc,816af09f-efed-c920-43c3-042bc9696f0d
9a838420-e3eb-434d-8f39-60a8dc04fac0,e35bc0bc-59a9-42b0-add3-505a9fcff5d2,816af09f-efed-c920-43c3-042bc9696f0d
a8d4f977-9769-43fe-9b68-ba6d271d147f,740fc9c8-8904-40c5-b694-464f550facba,816af09f-efed-c920-43c3-042bc9696f0d
b573cc71-5573-4b14-90ba-5d4930e92c2d,35b19af6-2f66-4e26-bc15-d1464b32a0e9,c68f5fed-d4be-afb9-559d-66dd16c6e466
1f3abebe-2f6f-409f-9ede-180b47ee0d60,e40bccb1-5dab-4dec-a96e-2a1e4c027843,c68f5fed-d4be-afb9-559d-66dd16c6e466
d32bb870-a6b9-4641-ae0e-080a3f2620aa,020cb677-6706-43aa-a5c1-2a491cc61967,816af09f-efed-c920-43c3-042bc9696f0d
395586b6-24e6-43e9-ac7b-216b4e4db526,fc143c3a-34b7-4fc4-98bc-f5ae06d757c2,c68f5fed-d4be-afb9-559d-66dd16c6e466
a1b9342f-7569-4bc2-9760-52c8905f1abb,fa3b40d7-5676-4d05-850c-ed3ef3f554ac,c68f5fed-d4be-afb9-559d-66dd16c6e466
dd001402-e40d-44d9-bc67-0060368eb382,3f9fa00d-d5a0-4232-94e0-9cc29cba3f3b,c68f5fed-d4be-afb9-559d-66dd16c6e466
6d8ac77b-ab05-49cb-a8d9-779c6c39e438,a6700154-1861-4f75-a826-648c9445c002,89f190f4-0d7e-fafe-5bab-dd5dfd647cb2
ccb53604-f5b3-4ed0-8f4d-2ecd3a4f07cc,2eb4f18b-5bbf-4b99-aac8-7c654fc9ad58,7c1dc1c9-d59c-6826-b507-6bb38dfb5ee4
13dea547-4a51-491b-85a9-1ab5ec625d87,e0e364e5-a02c-4d5c-89a4-f210894f3e41,89f190f4-0d7e-fafe-5bab-dd5dfd647cb2
a336f03e-e41e-4883-a03a-207511a99b12,f86677e6-2266-4325-9c58-58569a2d67ba,7c1dc1c9-d59c-6826-b507-6bb38dfb5ee4
c551b691-cdad-4eab-b8ef-c38c7396036b,c834e46c-6d5a-4630-bcd9-211b42d85144,816af09f-efed-c920-43c3-042bc9696f0d
b42bd25b-0891-4c07-ad86-20430634bc9a,b0433722-fd7c-492d-a49d-ae4afc1f03f0,c68f5fed-d4be-afb9-559d-66dd16c6e466
e60953f5-3474-4947-a7f3-dad8f3e5a02e,6fc48db6-9c86-4c6f-b738-c8f6f413f486,c68f5fed-d4be-afb9-559d-66dd16c6e466
c792217d-e216-4017-88d1-d9c685786019,60d36d5d-2628-4ea7-bad4-3439d1feaff6,89f190f4-0d7e-fafe-5bab-dd5dfd647cb2
9b24af02-5fb6-42a6-93ac-309ccb5d451a,0b381a20-0028-456d-96b8-50e8806ecbc3,816af09f-efed-c920-43c3-042bc9696f0d
150a0803-929c-4613-8a8b-c1102071159d,fbd50b11-4542-444d-baff-b1c6ee212ba1,89f190f4-0d7e-fafe-5bab-dd5dfd647cb2
1e21b9c1-fe3b-400f-87d8-4cac1c445350,6eddc6ef-62e6-4752-90cf-4ea0988533c5,816af09f-efed-c920-43c3-042bc9696f0d
2c86dd2e-c48a-403b-8184-f88404da6d6b,f35d177a-54fb-4679-81cc-e7c769ac005c,c68f5fed-d4be-afb9-559d-66dd16c6e466
c7961cfe-4977-473e-8cc7-38bb2c2a0f68,9fc29aa1-a6d0-48f3-9419-e89306fea664,816af09f-efed-c920-43c3-042bc9696f0d
9fe1e476-a0c4-4cb4-bcc3-ef4566cd5443,0b5e049a-1966-4136-a9ed-508c8316eac9,c68f5fed-d4be-afb9-559d-66dd16c6e466
24f523af-655b-4088-a435-3cfe35f553c6,4943c819-1c8b-45fd-aaa9-69c9defa93a1,816af09f-efed-c920-43c3-042bc9696f0d
eef99015-58be-491b-ab70-e9c8782138b4,2de20244-93ac-4256-93a5-8ba709ce39c9,7c1dc1c9-d59c-6826-b507-6bb38dfb5ee4
029b1bb7-1db4-408b-88ab-c9df532186e0,410523f5-980e-41fd-80dd-a2a831b3b05b,89f190f4-0d7e-fafe-5bab-dd5dfd647cb2
e7574af3-52e0-4799-b93b-efb207c1a710,69deda57-e09c-4af7-b3de-a10e641b9d9a,89f190f4-0d7e-fafe-5bab-dd5dfd647cb2
89676023-7505-4300-823b-43ae44d92557,4931fc21-0fdc-49a2-a3ef-edc74e5530c9,c68f5fed-d4be-afb9-559d-66dd16c6e466
cab3e376-8296-401e-a2d9-67f6fa8bf590,c6aaa43c-484b-4ab1-9d31-8728f50f92ac,7c1dc1c9-d59c-6826-b507-6bb38dfb5ee4
aeedbec3-cf49-489e-8379-207caf7ac2ac,cd9c6988-3f2f-458b-ac94-5da2766a4bcf,816af09f-efed-c920-43c3-042bc9696f0d
3eddcfa3-34ae-41c6-a715-72eed8bf0016,533b6d42-e025-4694-9abd-1ec1602f63e4,816af09f-efed-c920-43c3-042bc9696f0d
7c92bb9d-04a4-4b80-9889-415f033aa94c,5df9b45e-d9fb-4dcf-9244-3fae77f4b65a,c68f5fed-d4be-afb9-559d-66dd16c6e466
4d923aa2-bf9d-441c-b04c-696b491b7449,e5503251-58a8-4919-bbcb-a72734a0d24d,816af09f-efed-c920-43c3-042bc9696f0d
94f1d7e2-73b9-4175-87f2-3eae9b9eb3df,a9ce8bd3-e9cf-4d90-ad85-6d710f118cdc,7c1dc1c9-d59c-6826-b507-6bb38dfb5ee4
bb72db5f-2c2a-4d91-93bf-51a96806b862,3b6bbd2c-109a-4436-8e07-632e036e2d77,7c1dc1c9-d59c-6826-b507-6bb38dfb5ee4
70886351-880c-464c-bd12-a4fe956eb78b,800f69ca-53bb-4fef-abd6-fff26afda5fc,7c1dc1c9-d59c-6826-b507-6bb38dfb5ee4
1ceaf4bd-5d2b-4bd9-8a8b-c8c7a3deb84a,d5e6455c-fe35-48fe-b532-0cf9c92b08fb,c68f5fed-d4be-afb9-559d-66dd16c6e466
8d03a852-0452-48c4-adc5-109964aeb0f7,aa90b458-b84a-4973-94b5-f901b2215102,c68f5fed-d4be-afb9-559d-66dd16c6e466
ede6a4a0-45da-4ebb-8552-ab05dc480701,7c3eafbf-75e1-42a6-9eb0-5515399e9b04,c68f5fed-d4be-afb9-559d-66dd16c6e466
40816c89-b340-4894-90ef-590a1f04a350,e0a42b55-49f2-4c02-8d5b-495c190bbebb,816af09f-efed-c920-43c3-042bc9696f0d
ddddd9b9-0cbb-4f91-bdd9-e7dd17d05289,590a4e29-534a-415b-b97c-55c9599fd49c,816af09f-efed-c920-43c3-042bc9696f0d
6e1e2c10-6e6e-4bc5-947f-2d55a4badb58,f67ab56f-daf7-483f-9f72-d56e36e361d2,816af09f-efed-c920-43c3-042bc9696f0d
4f07c726-a9f4-40db-bb0a-8949cfbe5ade,7181e5e9-c447-4696-830b-df01c7ba6e07,816af09f-efed-c920-43c3-042bc9696f0d
1e0b5b2f-0036-4563-8eda-5be4090519f1,b71429a6-d4bc-4877-924b-542b23dcc95a,816af09f-efed-c920-43c3-042bc9696f0d
bd91d3f9-8257-411f-9da4-e0ebf0aca2a8,009a109f-75ce-4ac8-ba85-c294a7249469,89f190f4-0d7e-fafe-5bab-dd5dfd647cb2
24d7efb7-4ff1-4a6b-8522-80578c3eea5a,c4389d5d-f9cd-496e-8e5d-1ad142c888c1,89f190f4-0d7e-fafe-5bab-dd5dfd647cb2
fde213f6-d1b5-4198-99b2-2231d9eb7b58,9960f1b1-cd1f-4133-be21-1b40be093925,816af09f-efed-c920-43c3-042bc9696f0d
7d67776a-5403-4b8b-a89b-1e8488121797,f140f3d0-a1f7-40ff-bc2d-80de4a0ca38a,89f190f4-0d7e-fafe-5bab-dd5dfd647cb2
579c9db4-7423-4c6a-b3c2-477afb6bc053,16106190-f52e-4f4c-b3c3-58e394e413ea,7c1dc1c9-d59c-6826-b507-6bb38dfb5ee4
5c55010c-2cfd-4587-8e38-8bd6ca8ab4e9,47298b9a-7d83-4d3b-be7c-0306e323bcfd,c68f5fed-d4be-afb9-559d-66dd16c6e466
00ec74e4-24b8-482e-b552-319a6e074848,5e0bd71b-ef0d-4565-8b22-dbda7c8f9db4,7c1dc1c9-d59c-6826-b507-6bb38dfb5ee4
fd2b81a2-b489-43ea-a5dc-28724f10c2b6,b14f69f0-5d33-4f2c-895b-8ef8b42db9ec,c68f5fed-d4be-afb9-559d-66dd16c6e466
e37eea3c-3364-412a-bdec-09980f67ea9b,6dfa4a75-8401-42e3-b107-8b81f670e7b4,7c1dc1c9-d59c-6826-b507-6bb38dfb5ee4
d5188bb0-0b27-45c6-903d-ddebdfa20ff1,079c05c3-23a5-478e-b3b1-69d028b48087,816af09f-efed-c920-43c3-042bc9696f0d
7b9102b3-45ae-4117-829f-0b07cc517bed,8c278f49-a8f2-47c4-9b40-aa93e9bfe8d9,c68f5fed-d4be-afb9-559d-66dd16c6e466
7dd84c0f-b656-49d9-95fd-09dfe13fcee9,6ac0382a-0618-4f53-ad8d-362db646b0e5,7c1dc1c9-d59c-6826-b507-6bb38dfb5ee4
52f8999a-f285-4a87-a474-a80b196fc7f0,6201f764-e6b8-4887-94d9-16e90a4d1150,7c1dc1c9-d59c-6826-b507-6bb38dfb5ee4
e9f1c67c-4ce3-423f-9154-dc28d2e56f2e,2afadd2c-735f-49c7-9ed7-6597933a4ab6,816af09f-efed-c920-43c3-042bc9696f0d
52fbbd36-cb65-48b5-88cf-09108d9283cd,96f1f76b-9d2d-4a45-b2b0-73dfcc779cac,89f190f4-0d7e-fafe-5bab-dd5dfd647cb2
29cee929-f2a0-4d32-a50a-3c44470f240f,93f576ae-9ca1-46bd-a41d-317d0a0d33e8,c68f5fed-d4be-afb9-559d-66dd16c6e466
87b23304-60fe-4c2a-8244-056af7aa82c2,b9b47029-19ee-4c37-8888-b14d3e2a3872,816af09f-efed-c920-43c3-042bc9696f0d
616d2c0f-4c77-46b0-9beb-b842baa1844c,e1e5dc5b-fcf9-4a80-9f41-6094890f5cda,c68f5fed-d4be-afb9-559d-66dd16c6e466
46e9b436-3749-4af1-b8b0-6337766d64fc,ffe2f05d-183b-4e2f-8a27-6a7c8a10427d,89f190f4-0d7e-fafe-5bab-dd5dfd647cb2
826cd527-33d9-4291-b463-87c32ce3863a,f43b16a5-44f6-4abc-9f11-e588d6f0035f,816af09f-efed-c920-43c3-042bc9696f0d
a8a2e117-8370-428e-83db-b7c7ef1afc36,385c1775-9f83-43aa-8fef-5987581a6b74,816af09f-efed-c920-43c3-042bc9696f0d
f5ebbcac-63ec-4e6b-a729-372d68a93bc8,41f0dcbd-3b27-4f24-b350-27d9dec2a472,816af09f-efed-c920-43c3-042bc9696f0d
79bbc2d4-8246-4ca3-96c0-d211f7fcba5d,dd8fd99f-8b58-4a9b-9f1e-f79bab6ccf03,89f190f4-0d7e-fafe-5bab-dd5dfd647cb2
1db18620-ef3d-4a9c-a7c2-afecf856b47f,52e1af76-c475-4ede-af08-e15c49401dad,816af09f-efed-c920-43c3-042bc9696f0d
c85a20ea-9dd3-4aec-b4ee-70465b2927a2,651048d2-6e8a-4f18-84fd-70155f96d441,89f190f4-0d7e-fafe-5bab-dd5dfd647cb2
dfbc9745-4442-4d52-9e0a-66d892600a32,736c227f-9198-4ff8-94f3-1161b2a0a0a3,816af09f-efed-c920-43c3-042bc9696f0d
ce5c8a71-2470-4b61-8e0b-5edcdf50bfbe,e4937050-c49e-49c2-a330-46d93e54ec74,89f190f4-0d7e-fafe-5bab-dd5dfd647cb2
cb345c0f-73f2-4e35-953a-9244be5cf815,6e36d18f-c95b-4ff9-98b1-f5b628636cfb,c68f5fed-d4be-afb9-559d-66dd16c6e466
0b71d20b-66fb-4caa-ad43-56dd8547be00,58132dc3-3be4-4120-82fc-3771791234ac,816af09f-efed-c920-43c3-042bc9696f0d
283dbc4a-f58b-4aac-a58b-4ceb1e9306bf,1ff029b0-386e-4c17-8b23-42d3e6a6fb1d,7c1dc1c9-d59c-6826-b507-6bb38dfb5ee4
ebe07152-3e38-452f-a722-3251dd61a26b,1f205d4f-a94f-4b50-8056-73cc1550b6e4,816af09f-efed-c920-43c3-042bc9696f0d
847a72cc-d5ed-4899-bca4-ebcc6b27f03d,36b434f0-8f29-4d16-bb17-cf45c1ddf144,816af09f-efed-c920-43c3-042bc9696f0d
3c9a981d-b728-43ad-8c06-3a2cd84aae33,d82f32ad-aa68-41bb-8dce-7291068b4d6d,89f190f4-0d7e-fafe-5bab-dd5dfd647cb2
4c16ef88-8805-4251-a43b-ccbcd031ffa7,6d326200-7e32-43b2-92c7-8a7289376d5a,c68f5fed-d4be-afb9-559d-66dd16c6e466
e6ce9845-a9b3-47c0-bb40-9d64ab9c3041,0523742d-03fb-4732-9dc7-037ee79e863e,89f190f4-0d7e-fafe-5bab-dd5dfd647cb2
7aba4b11-c0bd-44bc-8311-716b98a050c4,a13483fd-f5db-4306-bf05-ba5cce5c0cfd,7c1dc1c9-d59c-6826-b507-6bb38dfb5ee4
d3d8a6f9-4dd8-4e60-8793-0f0cc9d76e4e,873d7994-bf56-49cf-bf5d-798cd13cd4c3,816af09f-efed-c920-43c3-042bc9696f0d
9103198f-8a62-4578-ba88-8f41aedb491d,514b7ec5-a052-436b-9d3a-c36a9ced48b8,c68f5fed-d4be-afb9-559d-66dd16c6e466
f40603b9-c24d-45aa-ace3-4c0ffe99a7fc,2d971fcb-d5a6-4b3c-ba59-5969da58ff06,816af09f-efed-c920-43c3-042bc9696f0d
80bb838b-dd4d-47e2-a409-8862d0a22dc9,538146e2-aae4-489e-a34a-429c7bb009c8,89f190f4-0d7e-fafe-5bab-dd5dfd647cb2
130a4f5f-0526-4504-88d0-72bbd0550e9f,af52ba27-f67a-40b7-8e0e-3da94e274a9c,89f190f4-0d7e-fafe-5bab-dd5dfd647cb2
723010f9-23ea-4b4e-a71a-250fda3c818d,983b91dd-0d35-4314-9723-d2cbd70b9f0b,89f190f4-0d7e-fafe-5bab-dd5dfd647cb2
514cdccd-db98-4f14-a9ae-8a1dc106dcd7,d65fbc36-e799-4357-bffe-8f4357a9c2b0,89f190f4-0d7e-fafe-5bab-dd5dfd647cb2
c554eb1c-15b4-4e96-9c3e-ce264a5049fc,60509515-e0a0-43da-80b6-448e4d6caf3f,89f190f4-0d7e-fafe-5bab-dd5dfd647cb2
f65be496-e867-44b7-8b30-23af56724c2f,90fd09a8-d9f5-4707-a953-f88ff25e0030,89f190f4-0d7e-fafe-5bab-dd5dfd647cb2
ab3ef0e9-9ce3-4ae3-a403-2e28c7dad66f,8a53ad09-65ce-4ce9-ae77-993948bb582e,89f190f4-0d7e-fafe-5bab-dd5dfd647cb2
f0d60613-acfb-462c-a3d6-397db86e227b,d0cc8649-dd21-49fa-b242-c1d709ddd722,7c1dc1c9-d59c-6826-b507-6bb38dfb5ee4
52a65b11-0a4f-4c03-888c-55ac5e5a9ce4,35246677-4428-4dc8-9314-433d987d1d39,7c1dc1c9-d59c-6826-b507-6bb38dfb5ee4
08d42201-2352-4014-b11c-79e002176d5d,98d700d8-bc01-422b-8b2f-58e7608ca465,89f190f4-0d7e-fafe-5bab-dd5dfd647cb2
e7e92029-6be5-4bfa-88ab-cc9bb361496b,f200ae4c-088a-40a7-80d8-2edf48520e87,816af09f-efed-c920-43c3-042bc9696f0d
ef3f0778-2af3-449c-82cb-abe55f45f9a8,459dada9-5d0b-4282-bc0c-e444b45c8c1f,89f190f4-0d7e-fafe-5bab-dd5dfd647cb2
6440eb88-9b8f-4969-b8e3-9ee1cba1c40e,281730de-7626-4ec4-a379-f259a2725a00,816af09f-efed-c920-43c3-042bc9696f0d
23821cd0-c1a0-46ae-99dd-ad017bb45304,33cb7050-ca5f-41c7-8900-2a6260942bae,c68f5fed-d4be-afb9-559d-66dd16c6e466
a98db8b0-056d-4469-94f4-0b0d4972fcc1,6586056a-d916-408e-83d0-26b2223e4187,89f190f4-0d7e-fafe-5bab-dd5dfd647cb2
b00d97c9-19df-4dbb-a3f4-7206ce6b974e,770ad596-4281-4d55-862c-2874f426abbc,89f190f4-0d7e-fafe-5bab-dd5dfd647cb2
ec0702c2-8668-47ed-be2d-da75dcc4e7fa,d82eca2b-2213-41da-b21c-cc2f886018a1,89f190f4-0d7e-fafe-5bab-dd5dfd647cb2
9680c7f5-6cc1-466e-972c-996a4979b39c,badf7e4b-c4ea-4191-b145-6b3c9a614cbf,89f190f4-0d7e-fafe-5bab-dd5dfd647cb2
5394bdc0-9df9-4260-8163-9d07c51c61e5,f995a8d0-0880-423e-bd29-6ff7b070e266,c68f5fed-d4be-afb9-559d-66dd16c6e466
acbd7531-f37e-4d2e-8488-6d4d3a8046de,f546b965-28d2-4bed-9dfa-51b4a92ace9a,7c1dc1c9-d59c-6826-b507-6bb38dfb5ee4
da2b48be-77d6-4d47-b94e-e12cab2c7098,cdcf2521-bb99-4cf9-98e1-3814e4fa327d,816af09f-efed-c920-43c3-042bc9696f0d
8e79d2e4-11ba-4c1c-95e6-744a2285dafa,dfe2045f-c664-4109-be73-4c82f56db6aa,c68f5fed-d4be-afb9-559d-66dd16c6e466
68642033-c279-4e0b-9da2-5e458566e45a,3e26c51f-39a8-455d-8386-cc3cb6fcd79a,89f190f4-0d7e-fafe-5bab-dd5dfd647cb2
114d0860-7bb0-4328-ba63-18b499aed63b,2de29ee0-7c7b-4ea2-aa47-a5ef4d757157,c68f5fed-d4be-afb9-559d-66dd16c6e466
a43897a2-ee33-4389-be0f-7972c666d4ea,fb5e4f9d-8ccd-4426-bf2c-034c002b8be0,816af09f-efed-c920-43c3-042bc9696f0d
01bc68be-f97e-459d-ac79-6c4a6c7ff1d8,bdd7ee55-de95-4bc7-9547-6572aa0c6f4b,c68f5fed-d4be-afb9-559d-66dd16c6e466
da49c4cf-e15c-4692-84bc-6a87185b1bfa,e7c3aa08-a687-416f-a8e2-3aba9204b29a,816af09f-efed-c920-43c3-042bc9696f0d
80819d47-7db0-4437-b5a3-818a5cc294f8,615bec0f-7345-4748-af0f-0d02c51efe1b,816af09f-efed-c920-43c3-042bc9696f0d
b2bf71c1-f3f8-4a50-a133-dcede6e647cb,1fe4614b-a851-4e84-ab1e-03262272f437,7c1dc1c9-d59c-6826-b507-6bb38dfb5ee4
63f5eac5-6452-4068-a744-d01789b24428,bdf2230b-6428-4725-a289-91160360d9d5,89f190f4-0d7e-fafe-5bab-dd5dfd647cb2
8017608b-c7ba-4032-a04d-e5005bbf989c,573e17d3-2551-43e3-8e7a-0e135d4c84db,816af09f-efed-c920-43c3-042bc9696f0d
9df79bb2-1bb3-47a8-83f6-f8245ce0474f,894808d2-e681-4add-9f8f-5984b681d631,816af09f-efed-c920-43c3-042bc9696f0d
67ab5306-4a16-4738-b254-c750978f66bf,3294ea69-fb82-4159-a3de-dd7562dff322,816af09f-efed-c920-43c3-042bc9696f0d
d268a0c7-ac59-48ab-9545-db3d52ca9dca,054d7988-2dfd-4991-90ca-f8d28b23e1d6,c68f5fed-d4be-afb9-559d-66dd16c6e466
bb05686d-527a-4406-813a-607340c75089,32db3934-53b0-4fca-82ea-59df7e153e1b,c68f5fed-d4be-afb9-559d-66dd16c6e466
7404bd6c-1f71-4b7c-a955-a74761977c00,4725414f-44a1-4c3a-91fd-f9131d5034ba,89f190f4-0d7e-fafe-5bab-dd5dfd647cb2
190b80e1-83ff-4f3b-ab93-e62371bba980,8fd0619d-5497-4be1-abaf-cc87961dac2e,89f190f4-0d7e-fafe-5bab-dd5dfd647cb2
3020f30d-a800-4172-922d-f19ef7a491bc,07b39d49-3bdb-424f-9cc5-75dc3099b29a,89f190f4-0d7e-fafe-5bab-dd5dfd647cb2
1de93268-f248-45e5-aa9b-8c547f70986c,47f6ff82-69fa-4c2a-954e-9db09d933424,89f190f4-0d7e-fafe-5bab-dd5dfd647cb2
2c8e5ee0-6cf3-45ff-8f42-f2d4d6f34b56,46b65385-fb4d-49b1-8caf-cba9da47de8a,7c1dc1c9-d59c-6826-b507-6bb38dfb5ee4
0b7f49f8-4bf7-43d9-bd54-04dae1f3b4a5,bdc330e7-c2e5-4075-a0d7-7e7f4a590402,c68f5fed-d4be-afb9-559d-66dd16c6e466
e4941ce3-71ec-4e18-b34f-0e6acdb7e968,612138d0-f827-489b-bb5d-fb5c64bc7677,89f190f4-0d7e-fafe-5bab-dd5dfd647cb2
348f1900-328a-4e47-9ffe-70a1866fe02e,fd31715b-19d4-4beb-aeee-25a758c207ad,89f190f4-0d7e-fafe-5bab-dd5dfd647cb2
6efd19b6-e397-4eef-b86d-d48fd2a79154,29d78ac5-f1d4-4445-b429-2dc4a49528fd,816af09f-efed-c920-43c3-042bc9696f0d
236da76d-6da9-4041-a6bd-69a69fa99bae,de890790-e086-4da9-8a3e-80e30869ba31,c68f5fed-d4be-afb9-559d-66dd16c6e466
44237601-fb65-4750-8b7e-0087c4667d79,ad5e5320-8275-4abf-ba05-5e1f89b48f88,89f190f4-0d7e-fafe-5bab-dd5dfd647cb2
176143a9-e9b2-4f8c-925a-9f6be970afff,6ca64cea-719b-45ba-a189-26f95cdb2bb9,816af09f-efed-c920-43c3-042bc9696f0d
0d3dea6c-9ee8-4183-be28-3099ec068983,7b9f5b89-441c-4b31-accd-b1768e8ea70e,7c1dc1c9-d59c-6826-b507-6bb38dfb5ee4
9fdc32b5-2590-44ff-97cc-7339e9ffe8f8,14f41edb-61a8-481b-9788-9d962a78b3e2,89f190f4-0d7e-fafe-5bab-dd5dfd647cb2
fbd032c5-f144-45d0-b0c4-84d29c59eb5a,30d669c9-a99c-40ae-97d4-fe926363f643,7c1dc1c9-d59c-6826-b507-6bb38dfb5ee4
4953c27e-c03f-4b87-8af1-0d95db6b9e3e,14633746-706e-442f-8f46-c2128835bc95,c68f5fed-d4be-afb9-559d-66dd16c6e466
85437d37-48ac-48ce-bc10-89fb034aa887,3e2b36cf-3dfe-49d4-864d-780c2d6bf1df,7c1dc1c9-d59c-6826-b507-6bb38dfb5ee4
d0412322-c350-461c-a05f-6ba367af5d4c,d9360281-20d4-49e2-8b3e-37d8661adb61,7c1dc1c9-d59c-6826-b507-6bb38dfb5ee4
8a074930-e924-4ec9-88bc-12296b6e33f4,8fa1db80-53ef-4f79-b637-5dc9d1f9c293,89f190f4-0d7e-fafe-5bab-dd5dfd647cb2
d31543f5-f577-420e-a045-ec3f348cda80,da820b94-519e-44a5-9de0-e5ab04d841d3,89f190f4-0d7e-fafe-5bab-dd5dfd647cb2
b8f615ea-56ff-4472-b180-0d6c69115ecf,998c2973-d78d-4845-a904-33a5153ed71e,89f190f4-0d7e-fafe-5bab-dd5dfd647cb2
baf87efb-8044-4c3e-9267-6983ffcf7635,cbd456e9-b903-445c-9d5c-e35cf9dbd546,89f190f4-0d7e-fafe-5bab-dd5dfd647cb2
1bfcb229-5e17-4cfd-83de-69a356c9725d,b18956eb-8d2e-435d-90ec-7f09753f0407,89f190f4-0d7e-fafe-5bab-dd5dfd647cb2
b18f43fa-2d1a-41ac-9baf-f1b4fe5a185c,eb123e44-2c1a-4584-b6ba-49edeffdcb6f,816af09f-efed-c920-43c3-042bc9696f0d
989fff88-3b91-4bd2-8175-a1267d096a2a,d0791df5-bdd8-4885-a208-140faf9966c1,89f190f4-0d7e-fafe-5bab-dd5dfd647cb2
d84f8a67-b438-44c6-955b-b94389bae4b0,fa6e7b56-a402-4b02-b42d-2437264a601b,89f190f4-0d7e-fafe-5bab-dd5dfd647cb2
152a8a67-5365-4fa4-a784-2b7ad7f844c1,6260b435-5ffb-4f83-b6f3-c2255bc4f4f4,89f190f4-0d7e-fafe-5bab-dd5dfd647cb2
cf2475c0-0f4c-4005-a57c-b447acf1f491,25420a3f-5cae-4d88-bc43-14aef55e9660,7c1dc1c9-d59c-6826-b507-6bb38dfb5ee4
c66cfce4-7555-4689-94e3-4dc32dd44841,0fb5ffa1-e52c-40e8-8add-b8867490bc88,7c1dc1c9-d59c-6826-b507-6bb38dfb5ee4
7b6f555b-df28-4250-ac33-88946b61f3b9,69763efa-237a-424b-8d40-0b7da5aba656,816af09f-efed-c920-43c3-042bc9696f0d
7cb50419-5186-4e3f-98e1-88f1635971e1,1bab3678-703d-446a-9bcd-9aeeb0bb44fa,c68f5fed-d4be-afb9-559d-66dd16c6e466
c6146603-ac6a-4af0-8937-1c7781c75870,f13a937b-a410-4ecc-a0dd-1bb95dab6751,c68f5fed-d4be-afb9-559d-66dd16c6e466
7ff4b7ae-249c-4b49-b13d-7d100a060f3b,b121be8c-ddfe-42ed-bc90-b0a971455da5,7c1dc1c9-d59c-6826-b507-6bb38dfb5ee4
ea163049-72e2-4e93-a2bc-bf465af3dfa4,ec6848d9-46c4-4ab7-9ef3-589470c6e397,7c1dc1c9-d59c-6826-b507-6bb38dfb5ee4
b293ad60-d62a-4dfe-a041-b21d1dcb2771,ab2ed163-65c5-4714-9996-29f1c5fdc810,7c1dc1c9-d59c-6826-b507-6bb38dfb5ee4
ea651a6f-5fce-45da-91f5-ee04c52e98b0,200d6c6a-b56d-4f53-ad96-3eba694048d5,816af09f-efed-c920-43c3-042bc9696f0d
b615e2c5-f86d-417b-a01b-02ae8cf4f2fe,7f0898be-dbf8-4267-839a-4898f1ee1c21,816af09f-efed-c920-43c3-042bc9696f0d
83e13003-7865-486a-ba0b-4fa1cba79836,a357c927-d4f6-4916-bb33-48f1197cd125,89f190f4-0d7e-fafe-5bab-dd5dfd647cb2
f21b93a6-811a-4642-9b7a-841377aa04da,5eb7ff58-9cde-4c63-be8e-5649d3861dc7,816af09f-efed-c920-43c3-042bc9696f0d
9f329d08-3334-4525-a8e9-5bf623d5a295,e79bfe17-0226-414c-bc16-0484578d438c,89f190f4-0d7e-fafe-5bab-dd5dfd647cb2
385efd58-a5f2-46ad-bbd2-5290f80385d9,c2ca2059-642b-4769-818f-44c2f8a92448,89f190f4-0d7e-fafe-5bab-dd5dfd647cb2
ec0923c2-ea69-4f36-ad8c-839542f924d2,1c4d3560-37ba-49dc-94a0-28644f23d06d,c68f5fed-d4be-afb9-559d-66dd16c6e466
171db53f-6634-4f10-b3f8-b95ef074711a,88a090c8-9d0f-41dd-a4a4-b098356ffff5,c68f5fed-d4be-afb9-559d-66dd16c6e466
7137d8f5-dffa-46fd-8546-bb251a1ee3b0,5f7f75f2-cf13-430f-9671-503ce49e6911,816af09f-efed-c920-43c3-042bc9696f0d
da5830ee-2998-47bd-896f-f284d1a797c0,3300c29d-4834-488f-8ff3-89cea1adfbc2,89f190f4-0d7e-fafe-5bab-dd5dfd647cb2
a1148f97-ac9a-4832-8b0c-15a5e02390ba,aae001ec-02eb-4864-8d95-b72b534a9cdf,816af09f-efed-c920-43c3-042bc9696f0d
7989a5fc-ea1d-4a43-9fd9-00d6df00725f,a637d8dd-a962-41a7-8176-5beb3bc8e8ff,89f190f4-0d7e-fafe-5bab-dd5dfd647cb2
5e0b4b64-9c2c-4499-a3ad-65986a790d76,33b1c0c3-1df8-48d8-8702-68e908c03867,816af09f-efed-c920-43c3-042bc9696f0d
a4b76955-829e-4f3e-bca6-ea70a6e45833,4198c9dc-ceac-4738-a7d7-1cc1e75905ed,89f190f4-0d7e-fafe-5bab-dd5dfd647cb2
c8127bd2-fdd4-4846-81e1-8d8573ceb11b,c01750ef-b10d-448e-9f11-26e45286f6a7,89f190f4-0d7e-fafe-5bab-dd5dfd647cb2
055df6d3-eb42-4681-8049-8ea02b6a00d3,3b68da47-1153-4585-8314-1ca0561a97cc,c68f5fed-d4be-afb9-559d-66dd16c6e466
29f5dff2-18d5-4ce8-80e0-728e00c67fc5,6e5842be-7206-45e3-b322-ff4b99a67325,89f190f4-0d7e-fafe-5bab-dd5dfd647cb2
6c98bc61-9ba8-4dda-9ed6-f2649c9957f8,38bbbd17-fc49-41e6-9e12-1cab4f1eb6d6,7c1dc1c9-d59c-6826-b507-6bb38dfb5ee4
5e751e57-192f-435b-85db-b777704b6cc6,663125b8-84d8-4625-97b9-883d23c26cef,7c1dc1c9-d59c-6826-b507-6bb38dfb5ee4
bb3dd854-118e-4cff-8e81-1808d1299bcc,b1fa3aaa-c49f-46af-a62d-00b1efc0308d,89f190f4-0d7e-fafe-5bab-dd5dfd647cb2
58aeda9e-5b2b-4956-a96b-f2b4e7112788,6fe70d88-342f-4ad7-9bf9-718a3f02cae9,816af09f-efed-c920-43c3-042bc9696f0d
44ccc9d7-6a41-4aa0-97f8-9b2bfac3d7dd,3e993821-3286-43f7-8dbf-cfbccfa02d89,7c1dc1c9-d59c-6826-b507-6bb38dfb5ee4
97bcae48-a78b-4944-9644-a36be101e58e,62244214-bf89-470a-b817-effc0ccbd243,89f190f4-0d7e-fafe-5bab-dd5dfd647cb2
ddee0c96-d575-4273-a385-3a024cc90cfe,0e4bfd68-6277-4679-a078-9fbf48c79215,89f190f4-0d7e-fafe-5bab-dd5dfd647cb2
60cb7d48-4ded-494e-b799-bbabb5c3e893,411e8135-e2a3-4f84-b821-7a4ad6e9854c,7c1dc1c9-d59c-6826-b507-6bb38dfb5ee4
470404d4-692b-4f39-8900-1aa61f5b64c6,e52a0257-f496-48db-b2bb-ca274daf53b5,c68f5fed-d4be-afb9-559d-66dd16c6e466
aec3a0ac-c201-4f20-a090-337762beb387,2efe51c4-2f3b-454f-839e-db3948cc645a,c68f5fed-d4be-afb9-559d-66dd16c6e466
5a84a8c5-58ee-4546-a662-f85020a0b6db,19a136e6-b997-4d98-b1b6-1bd905324ac9,c68f5fed-d4be-afb9-559d-66dd16c6e466
5031594e-4beb-4415-a157-b5fdcd5f066b,de126780-d92f-47b1-ad30-82ca4e7d1188,89f190f4-0d7e-fafe-5bab-dd5dfd647cb2
bf8d1cd8-c784-4e61-8e25-83797bb126f0,73f1f9aa-1164-4beb-b3fe-8f38a5a3bc48,c68f5fed-d4be-afb9-559d-66dd16c6e466
d2221f13-1649-45aa-ba96-ed144d1132c9,bc651155-1084-4dc0-a72c-04806a619e4c,c68f5fed-d4be-afb9-559d-66dd16c6e466
ce09960d-81b6-4fbe-888c-e074d5632a85,9b319991-0393-46df-8fc2-1583e5f55e3b,c68f5fed-d4be-afb9-559d-66dd16c6e466
e2f1e5a4-1525-42e8-b962-500360cb67bc,c76018b0-5357-42e5-94d4-a5d22e6be31a,816af09f-efed-c920-43c3-042bc9696f0d
a0a4b5c7-4d2f-477a-a707-9cc6089dbff8,3d64fcb2-fb50-47d7-8ff0-7c83bea4fc2f,c68f5fed-d4be-afb9-559d-66dd16c6e466
e1b72b25-0d05-4ab9-84fd-ecf09f59aad2,55307c25-2a69-46fb-b5bf-882a0ea17aa2,89f190f4-0d7e-fafe-5bab-dd5dfd647cb2
dae9114d-26ba-4b2b-882a-6b1df816febd,3c61340b-3bab-4a47-a68c-ff3d03cc66dc,c68f5fed-d4be-afb9-559d-66dd16c6e466
b884c93c-e7bb-4134-83e7-30d209796c2e,50c4126c-6935-4314-af84-d4513c212b34,c68f5fed-d4be-afb9-559d-66dd16c6e466
838c4b35-5f84-49db-8e70-9844d642f338,c5ac5875-62e0-48af-8a38-9b2a5933acbf,7c1dc1c9-d59c-6826-b507-6bb38dfb5ee4
667511c2-8866-49f1-b8f2-f72c1788f6ea,ed960ef8-4d98-491f-ab10-fc4df7b64ec8,89f190f4-0d7e-fafe-5bab-dd5dfd647cb2
bc3fa0bd-6631-4eb5-a674-34f8e6053761,564840a0-2efc-4ceb-abf7-6870a827f939,7c1dc1c9-d59c-6826-b507-6bb38dfb5ee4
b035d9aa-51c2-422a-bd49-ca1190088c47,1a0d4cf7-ee87-4e69-af4b-c8edbafb5d6f,89f190f4-0d7e-fafe-5bab-dd5dfd647cb2
92c5900c-c72a-4619-b75e-af69b0090268,7bcc32ed-6495-43a9-9e21-8c4776d009b2,7c1dc1c9-d59c-6826-b507-6bb38dfb5ee4
2b1ab71e-490b-40c7-9a73-21215750e093,84a1b25a-3005-49b4-906c-c937b36e0a99,816af09f-efed-c920-43c3-042bc9696f0d
e76c8c44-7d97-4916-9dea-8f8faa931fbd,7e3ff5f1-d6ba-4d4d-ab35-bc3773c75556,816af09f-efed-c920-43c3-042bc9696f0d
aa3be1b4-ee66-4bb7-8e86-34ad3afdfd8f,cf2dbcb2-814a-4220-8e89-4d846655bb4a,816af09f-efed-c920-43c3-042bc9696f0d
2901e2ad-d38b-4cff-b677-b9a3cfafef20,a86d4a27-23a8-49c9-99e3-c027b2e30eb4,89f190f4-0d7e-fafe-5bab-dd5dfd647cb2
9718c4d1-3785-4390-9fcc-fc817aca78ea,c94b115e-af80-42ee-a26c-c3117dd4b52e,7c1dc1c9-d59c-6826-b507-6bb38dfb5ee4
5117206c-9548-4163-940d-946c7b9a11cd,f1472b7f-dedb-4014-a646-29ebdc034ce1,c68f5fed-d4be-afb9-559d-66dd16c6e466
60f96be3-02ac-46c6-8667-288479453255,cd08ddeb-fd3c-48b3-92dc-535b221b8450,c68f5fed-d4be-afb9-559d-66dd16c6e466
46d74166-85d4-436e-89d1-b50f09b7eea4,a8a8de39-9881-4158-8224-05f842f2ca13,c68f5fed-d4be-afb9-559d-66dd16c6e466
d0d8ceee-c58e-496a-957d-95654a8d07cc,4084b045-5609-4733-9e5a-67998afc9025,c68f5fed-d4be-afb9-559d-66dd16c6e466
4ec0f435-5c54-4895-b7a4-04638f8f3991,1b721411-a9a4-4cdd-9fd8-c9c80e1955da,c68f5fed-d4be-afb9-559d-66dd16c6e466
cda1c7b5-6ce8-4dfd-801a-8313ae57fdbe,d1dbb87d-653c-459d-a9ab-c4d28ed21b57,816af09f-efed-c920-43c3-042bc9696f0d
9a592fd5-ccd9-4e5f-b336-72b8d6ee9dfa,c1e99c23-4a38-4fef-b4cc-47c74762dc6f,816af09f-efed-c920-43c3-042bc9696f0d
b59977d3-b26f-49c4-9671-68c5ffadc1be,d23268e9-9428-426b-9035-86b11c1cf3d2,89f190f4-0d7e-fafe-5bab-dd5dfd647cb2
939097e7-e5b0-465d-b1cc-c3201417b72a,09513a9f-37bf-42d9-b6ea-12a8abac7057,c68f5fed-d4be-afb9-559d-66dd16c6e466
97555ffa-26f5-4ec8-8b4f-531c9f60af1e,f4e0a298-e9eb-4462-8d75-99bf866ec86b,c68f5fed-d4be-afb9-559d-66dd16c6e466
130ed2c7-15bc-4901-b6d1-bb5c77022dbf,b3ccc3ad-cee6-41af-82e2-cf8ffc77ee13,89f190f4-0d7e-fafe-5bab-dd5dfd647cb2
25af4c3e-9d80-46dd-956c-5367f74d3b09,50f4bc71-0c0d-4537-a0f6-ae29ac4b2fb0,c68f5fed-d4be-afb9-559d-66dd16c6e466
8c2de1cb-cb44-447d-a03a-b16d48c967ae,7b4d9e1f-335f-4e27-9d94-0890ab272654,7c1dc1c9-d59c-6826-b507-6bb38dfb5ee4
b3f27158-84fb-468f-b777-7733befa8ce0,0985843e-0a0c-4f8b-9721-e88faf7b64a3,7c1dc1c9-d59c-6826-b507-6bb38dfb5ee4
4295f42f-d365-4629-a59f-0b6257ec4511,9fdc9fe0-e39e-499c-b647-24413d4e4caa,7c1dc1c9-d59c-6826-b507-6bb38dfb5ee4
1c39c0c0-8b3a-4eda-a19b-4d41f5074a69,4666ed15-cde2-42e7-9a4e-4563ad91774b,7c1dc1c9-d59c-6826-b507-6bb38dfb5ee4
aed44ad1-83ec-4078-a478-ac000776c268,e0b1563c-3a09-4019-80eb-307f422955cd,816af09f-efed-c920-43c3-042bc9696f0d
d4ef873a-d28d-468f-9b10-c6c57f55087f,c8cc3ddc-d1df-4478-86d8-9de08c4ccfb3,89f190f4-0d7e-fafe-5bab-dd5dfd647cb2
7a0a7b4c-9e03-49a0-8b5b-beac3188c716,e8dc9e68-fabd-47ad-8435-a978925d5f09,89f190f4-0d7e-fafe-5bab-dd5dfd647cb2
f48ce1fa-b910-450b-930f-4440a88732ba,996c4cea-fcb7-4e2a-b33c-63cd317a5f47,816af09f-efed-c920-43c3-042bc9696f0d
b82fe7d1-277e-4bb4-b060-145ed1a56bfb,2e63cf2e-6ed4-407f-81a0-7c60c8092e28,816af09f-efed-c920-43c3-042bc9696f0d
68a26ee9-5671-49a7-8f70-97904f48cb58,6e5bf85f-1740-43bd-b9ef-9f207e720e30,89f190f4-0d7e-fafe-5bab-dd5dfd647cb2
87a8ec07-43ff-47b6-ac90-c832fbd4d5e2,aaf3a4d2-a6d7-488c-9435-7e58d9f6ed8d,816af09f-efed-c920-43c3-042bc9696f0d
3bf3531d-aa19-4a47-a5ef-9dcd19ef864a,4f97aa14-0404-4788-b3d1-b8fb69c62b03,89f190f4-0d7e-fafe-5bab-dd5dfd647cb2
b3b93c58-984d-422c-b702-f257eb0eb361,eecc6a7b-8bea-47bd-a42f-2675cbdf9fd9,89f190f4-0d7e-fafe-5bab-dd5dfd647cb2
24d2e49e-8b99-449f-bef0-719e0925d020,4af93c30-cd40-4306-9179-26813cf86181,89f190f4-0d7e-fafe-5bab-dd5dfd647cb2
6b1d99c7-0a38-4671-a4a6-75b5f6a2edac,03ec01fc-4609-44e7-91ee-726de5c52869,c68f5fed-d4be-afb9-559d-66dd16c6e466
0550e6ad-9146-4a14-8bc4-e5d765d7cab4,b7ff334e-36e5-4021-9c3d-4459e159b74d,816af09f-efed-c920-43c3-042bc9696f0d
15a59d27-26f1-491b-b333-2899c7c7f2b5,11c882e2-bd79-418c-9151-36012b488624,816af09f-efed-c920-43c3-042bc9696f0d
f31b7c01-b089-42ed-94e4-4b4b3c46bb2c,5dee538d-cf44-49ad-be98-00d266863090,89f190f4-0d7e-fafe-5bab-dd5dfd647cb2
84419d93-63b8-4ed9-9a68-3eeed80b90fc,20bf07b3-1c57-4972-b31f-fe15ef4ecd52,816af09f-efed-c920-43c3-042bc9696f0d
5f9898bc-4c91-48d9-8f8b-cafc6d7339ce,7ae06210-f63f-4455-94c5-b859b5521e5b,89f190f4-0d7e-fafe-5bab-dd5dfd647cb2
d9f89b4d-7704-4d08-9b57-ed36dc9e600e,f8d8d346-1c24-4ba3-b924-d7384cc976d1,c68f5fed-d4be-afb9-559d-66dd16c6e466
4524eeaf-441e-4c84-abc6-5554b3713713,8794c62b-8ecc-47f7-9588-eba96bab06f4,816af09f-efed-c920-43c3-042bc9696f0d
12c391ef-39ea-4ee3-abbd-ee3182ecbcdf,0d6b2c25-cb58-46c7-bd71-7116a3093730,816af09f-efed-c920-43c3-042bc9696f0d
65cab84e-de00-4a68-a575-e3cc0bb09c85,60fc5a09-8409-464b-8820-b9c1d431edd1,c68f5fed-d4be-afb9-559d-66dd16c6e466
243b7f3d-59dd-446b-bebf-9aca7a77de9e,63843625-a697-4ab3-ac4e-08ba63cf3745,7c1dc1c9-d59c-6826-b507-6bb38dfb5ee4
3e7f31a6-b623-4a7b-a3ac-c781b39f1d8d,a92df8d4-0a52-4031-94d0-d69a36abaaf2,c68f5fed-d4be-afb9-559d-66dd16c6e466
7ff730e1-0919-44a5-89dd-9797c211c910,71734be1-2222-4df2-8203-8a18f8eddf91,c68f5fed-d4be-afb9-559d-66dd16c6e466
4b3db08c-7b2c-4404-8dc5-be0de1f4d935,278a1158-51ba-4bff-be30-7b19404440ab,89f190f4-0d7e-fafe-5bab-dd5dfd647cb2
8da47499-d595-4aa2-a80d-88d6ad643080,00734540-060a-4934-a215-bfa03f15ca34,816af09f-efed-c920-43c3-042bc9696f0d
71cbea77-ed40-4621-a5c7-4dcf0d9cc004,e0192849-8fb3-43e8-b21f-63d89b67e84e,7c1dc1c9-d59c-6826-b507-6bb38dfb5ee4
5b475706-ea06-4d3c-b2ef-6960f013b01c,82ba528e-66dc-486e-99ba-2aa2890ae29c,c68f5fed-d4be-afb9-559d-66dd16c6e466
70ecb3c5-8258-4ef2-94c7-3c4bb7914e2f,5eab2e0c-b5e9-4a67-acc1-d432f34060fe,816af09f-efed-c920-43c3-042bc9696f0d
1d4c1bdf-80b0-4c8e-b8c7-197613495ae4,2eb52278-cc10-489e-bf11-728de93e74d4,816af09f-efed-c920-43c3-042bc9696f0d
f052baff-e57c-4447-bd06-330f3f93e785,ac93ab06-618d-47cb-b6c3-6b26b24f5eef,89f190f4-0d7e-fafe-5bab-dd5dfd647cb2
1434a0b5-c35e-423a-ad15-09ee6b4b6abd,3fba322e-da63-44a4-9b20-780c98bfb4b4,c68f5fed-d4be-afb9-559d-66dd16c6e466
0397d4f6-f977-41f2-b2e8-c1c599de32c7,1ce8f771-b903-484f-bcc7-1f6b346eba61,7c1dc1c9-d59c-6826-b507-6bb38dfb5ee4
f681287d-2671-4782-84cd-65cb69c61396,50b77891-a6ce-4b46-b14f-82e45600ba6e,816af09f-efed-c920-43c3-042bc9696f0d
f9f1cf87-090c-4cf4-95f2-7c198f82497e,3e1c6383-6cb8-42e8-a055-959315c2d873,89f190f4-0d7e-fafe-5bab-dd5dfd647cb2
6142a2d2-49dd-471f-9f6a-962735fb1462,d979c0ef-8272-41dc-8b16-198b4bb9fc90,c68f5fed-d4be-afb9-559d-66dd16c6e466
26879d34-7472-4418-89ae-0e53aa4e0351,4c7dcb7a-ca57-405f-b843-66d52239bbdc,816af09f-efed-c920-43c3-042bc9696f0d
9ae5645b-67d2-47e8-90ee-82fcc840974c,8b888aee-f769-426c-af9d-80257028dbb8,7c1dc1c9-d59c-6826-b507-6bb38dfb5ee4
8caacd6b-644b-4a63-bf7a-e84878fbe18a,19f442e0-a055-4ba5-baae-af1ca6b86ad1,7c1dc1c9-d59c-6826-b507-6bb38dfb5ee4
21f7b91d-db03-4b7a-ae22-9ea657676787,e76dca59-9ed6-40e4-8624-e634b925bbad,7c1dc1c9-d59c-6826-b507-6bb38dfb5ee4
ceb060cd-11e9-41f4-8ec5-92be361d81f7,63f8fa08-0c1b-4d6f-987e-17766314a393,816af09f-efed-c920-43c3-042bc9696f0d
7d13895e-adbf-428a-bfd0-63575e9a3e56,e39447d2-77ac-42c3-bd77-883125ee7ab2,816af09f-efed-c920-43c3-042bc9696f0d
afcdcf72-b1b3-46b3-bc93-72d4b1774e2f,38050dbe-8871-4b62-a296-6a323399ae20,816af09f-efed-c920-43c3-042bc9696f0d
b6279361-3f15-4e75-8ef4-a032a5f77ed1,0070dfbe-8ecb-40b8-a3be-3f18c75348d9,c68f5fed-d4be-afb9-559d-66dd16c6e466
dfc14550-8a1f-4881-8323-26ac66eaefac,5aeaa5d5-50df-46d3-9aa7-207af3952c2b,c68f5fed-d4be-afb9-559d-66dd16c6e466
467a7fc1-8db2-40cc-9bf4-f5119d627c39,2781f33b-17c3-484f-96c5-b3ef3dbbafb9,7c1dc1c9-d59c-6826-b507-6bb38dfb5ee4
5c7d9a6b-bd84-4118-9ca5-b085af5d3267,204618cd-9092-4ad3-b938-ba94d78db039,7c1dc1c9-d59c-6826-b507-6bb38dfb5ee4
31061c1c-3d1d-42d4-998c-da06ab22f856,3c48e84a-629e-4b13-9362-33fe8ed17f96,89f190f4-0d7e-fafe-5bab-dd5dfd647cb2
02700f79-b9e9-4611-a5aa-1ea46a408fdd,5d2cc997-426e-48ed-a2e2-d1d83dee7803,816af09f-efed-c920-43c3-042bc9696f0d
6ebd86d0-c787-4747-8651-b71f0a405fe5,85d139f0-5dc7-4fa3-9aa4-03d8c6c927f0,816af09f-efed-c920-43c3-042bc9696f0d
405f9054-0596-4c2a-8c85-e2ff845b5f1f,0c34c387-2517-44c6-a324-1d80f039d80a,816af09f-efed-c920-43c3-042bc9696f0d
3809eacd-2e13-45d7-bb0d-1983baa2523b,e9d4453d-e150-496f-8491-ab3fb9bf4ebe,c68f5fed-d4be-afb9-559d-66dd16c6e466
82947fdc-bc5c-4606-9e26-6b02a0087fd1,3431432a-737b-4add-bcc8-7e441295103e,7c1dc1c9-d59c-6826-b507-6bb38dfb5ee4
4325872d-baa5-42e0-84fd-d9096a9965de,bec76b0c-7de5-4281-9e7b-6ebde3ae629b,7c1dc1c9-d59c-6826-b507-6bb38dfb5ee4
79b59e82-eda5-49ed-be93-c95fad2afd27,77c8b330-21cb-4c33-b04c-71379194cebe,816af09f-efed-c920-43c3-042bc9696f0d
1b214bbc-0ce1-4932-b849-76b118b29fd3,2acd2cc1-6773-4793-8398-665aa9ce3c5a,c68f5fed-d4be-afb9-559d-66dd16c6e466
501fd7b8-3172-42bf-9306-e4f766d5d62d,9bf67dfa-ec30-4f4d-8531-9cba24d6c48b,7c1dc1c9-d59c-6826-b507-6bb38dfb5ee4
3010af93-9e2b-49c1-a77a-4a05a5bf1385,f041d06f-8bdd-4e28-9d2c-913eb3dc51d4,7c1dc1c9-d59c-6826-b507-6bb38dfb5ee4
6b4eed8c-464a-424e-bd2b-5c738d029ef0,dedeca2d-13a2-42f8-a41d-1a9b51c551c7,816af09f-efed-c920-43c3-042bc9696f0d
f93f4fdb-a01b-4f26-8e72-c36c873880b0,521f14ef-25d1-49d4-9ba5-bd372bd59b19,c68f5fed-d4be-afb9-559d-66dd16c6e466
09198d90-94c5-46dc-b9c0-48474792b8e5,ba6bd7ee-2701-4350-b80f-46ba45d4bf4a,89f190f4-0d7e-fafe-5bab-dd5dfd647cb2
fc088e68-c23f-4c7a-8221-705516012956,36271ae7-1f32-4529-b899-422065fb405f,89f190f4-0d7e-fafe-5bab-dd5dfd647cb2
87fcf98a-20e1-4fdd-9b58-c5c25fdf9aaa,31e35dcd-cd73-434a-9319-828dc3d9fa67,7c1dc1c9-d59c-6826-b507-6bb38dfb5ee4
16521c46-c44f-4d96-8d70-e4766b32e10c,f633b6de-4ab6-4618-bc4c-f27c90fb36c4,816af09f-efed-c920-43c3-042bc9696f0d
e9c54c88-7f98-4e8b-9c85-c8590c6a5d98,2affa2b0-4d8e-4a8d-9a70-0b647c50003d,c68f5fed-d4be-afb9-559d-66dd16c6e466
dc3da5aa-c6a7-4a85-a1c3-a2b4fbecb23a,75572698-e951-419b-8838-95de99504f4b,816af09f-efed-c920-43c3-042bc9696f0d
4b34b25c-0c6e-4953-8065-fd2d21fd119a,4994a7b1-81e4-46e5-93c5-bfd6c110ae71,c68f5fed-d4be-afb9-559d-66dd16c6e466
3f2df140-fbe3-406b-a058-1f0665edfe43,0d4ec18e-4815-4958-82aa-cd9b80935263,816af09f-efed-c920-43c3-042bc9696f0d
19559837-be20-4dff-9178-857594e32280,39d23fac-d13a-4c1c-841a-3f2bf7078282,816af09f-efed-c920-43c3-042bc9696f0d
a58e1c20-3efd-4df4-a471-c1d35ad45b42,1209fe21-8897-429f-aa62-36338e83d743,816af09f-efed-c920-43c3-042bc9696f0d
4b3c5216-1a8c-4889-a2d5-4bcaa91b1647,1b3f104b-4755-4943-829b-52d24ff9ee89,89f190f4-0d7e-fafe-5bab-dd5dfd647cb2
e21cd384-ae6a-46d3-9bca-c74a42c3ef4f,d47bf9eb-017e-46cd-84dd-2edf303e43da,89f190f4-0d7e-fafe-5bab-dd5dfd647cb2
2d851e34-1de4-4df2-bf9a-26678825bc9f,bf935f2b-63d2-4680-abda-21473a388b99,7c1dc1c9-d59c-6826-b507-6bb38dfb5ee4
95290ae7-548a-4d94-b441-236246233872,08d7287e-341b-4e2a-b0be-171352b11683,7c1dc1c9-d59c-6826-b507-6bb38dfb5ee4
4904467c-c622-4dc9-9a36-471444b622f7,4eb1773b-50e4-47f0-b3db-51dbb6d11925,816af09f-efed-c920-43c3-042bc9696f0d
b70ef8f6-6caa-4af1-ba0a-95f8195606d7,67229729-1eac-4c74-aab8-f63ed4a69227,7c1dc1c9-d59c-6826-b507-6bb38dfb5ee4
30415d6f-733e-4df2-84e2-fb00dc87d881,36547fbb-a66b-4861-b6f3-7ff6f09436ee,89f190f4-0d7e-fafe-5bab-dd5dfd647cb2
49deecb7-ac46-4c74-9b1c-37769b7360a0,118f6d6b-fb0d-4a8a-914f-25321bca4032,816af09f-efed-c920-43c3-042bc9696f0d
0d57cace-5740-4390-aae3-0ef67122390e,d788ff15-bb62-493b-ad69-7c715fa8b933,89f190f4-0d7e-fafe-5bab-dd5dfd647cb2
51edc022-2cff-4f54-aefc-44570aa13dc8,2f951009-1b84-4817-b995-85fc8478f55b,89f190f4-0d7e-fafe-5bab-dd5dfd647cb2
74e199d4-6364-43c2-adb3-c6b3cf3c7242,256f39a5-718a-40c6-b6b0-aa1e125aec78,816af09f-efed-c920-43c3-042bc9696f0d
1109ec2a-c1dc-486a-a4fb-e33e6e96945e,ff12e59a-656d-4210-b47c-2b23ddc532c5,7c1dc1c9-d59c-6826-b507-6bb38dfb5ee4
f5731c1d-b141-49f3-ad64-1076e117e2df,d3fdd1a7-8cda-4aa7-8582-e1496d319c75,816af09f-efed-c920-43c3-042bc9696f0d
743ef44a-2eea-4f3c-b5a1-12a88e4a1393,c289a23d-b108-4c06-a6a1-fb04d742c981,816af09f-efed-c920-43c3-042bc9696f0d
33806261-6399-4d5a-a7dd-7bc3c44d8a76,46a5fbd5-59c1-46d0-aa08-cfa72ab3e84d,89f190f4-0d7e-fafe-5bab-dd5dfd647cb2
da9a8efe-b26b-43b5-837a-9c54272484f4,a030eecc-38e6-457a-805f-3703ec3972d3,c68f5fed-d4be-afb9-559d-66dd16c6e466
b9005c65-8fcb-4dd5-a15d-908f227a1565,5203d674-0463-448b-acb3-761798dade95,89f190f4-0d7e-fafe-5bab-dd5dfd647cb2
c08fe494-76d5-4905-a00f-0884e63bfa6d,154bca04-43d2-4836-8710-d6d8dfc746c8,89f190f4-0d7e-fafe-5bab-dd5dfd647cb2
3a83d8fd-803d-4f69-8546-7aa5c833b06d,cc601ca8-3e6c-4b96-ac24-6d688976ef71,816af09f-efed-c920-43c3-042bc9696f0d
96ed2bd9-18c3-49ec-8f36-b721cf49cf15,dfcf072e-81d4-46c2-9624-29e70dd1a349,816af09f-efed-c920-43c3-042bc9696f0d
06e6dbcb-9192-41be-b830-bf321d3ac625,5a8d19cf-5875-45e9-9049-067b9936f109,89f190f4-0d7e-fafe-5bab-dd5dfd647cb2
987eb35c-b158-42e0-a0c0-930d27bf5717,f80325a8-c0da-4ae4-b404-540a114e615c,816af09f-efed-c920-43c3-042bc9696f0d
dc28bc42-0b19-4517-b695-540d6139d462,20fca22b-4c34-447d-8b22-c0a0cbea2573,c68f5fed-d4be-afb9-559d-66dd16c6e466
83330d4d-aaa9-4152-b816-6fc5bddef580,764d90da-cd18-4853-bd3f-40661362c1d1,7c1dc1c9-d59c-6826-b507-6bb38dfb5ee4
b9f2a801-4a4b-485d-acea-82ac8082b872,45891ad6-6be0-4849-9bfd-e0c258f5de16,7c1dc1c9-d59c-6826-b507-6bb38dfb5ee4
ec0e8538-b248-4b4f-9d1a-3cdcb9f62110,79c2b27c-3eaf-4681-94f5-0be1086a5a0b,c68f5fed-d4be-afb9-559d-66dd16c6e466
518f2bee-080a-4e7c-b81e-83389fc3fe8e,0059d5a3-44ae-4bb4-8dfe-5ec1105b15d0,89f190f4-0d7e-fafe-5bab-dd5dfd647cb2
8d3add6b-b0c3-45df-a16c-45ad1ec7180d,97a7de7b-f246-456d-aa30-af8feb4ea400,c68f5fed-d4be-afb9-559d-66dd16c6e466
7a4ba076-de50-4bf1-99a8-d1a57cadcd44,8191cd1a-d563-4e54-a2b8-1b8f299b8210,816af09f-efed-c920-43c3-042bc9696f0d
da1ab7af-5a80-4d8b-8747-8f7417b48d2a,023efc49-81ad-473b-bcb8-b153ee07688f,7c1dc1c9-d59c-6826-b507-6bb38dfb5ee4
5d2a4ce6-98ab-4535-86a5-ed7afbbe4381,7adcd3fe-6188-42ba-ac64-3302f5d56302,c68f5fed-d4be-afb9-559d-66dd16c6e466
0c51e5cb-78d6-4376-ac89-966f88152826,a814c769-db3a-4f8d-be32-737c6285ad38,89f190f4-0d7e-fafe-5bab-dd5dfd647cb2
f551b1c1-11e9-4ecf-966e-4abaaf12b4e5,fc78215e-cbcb-48c2-9bfd-75b8fea9afac,816af09f-efed-c920-43c3-042bc9696f0d
74697e4e-1075-4d99-bec3-26a6c844d750,a1843f87-7819-4dc3-8680-cf908bc5603b,c68f5fed-d4be-afb9-559d-66dd16c6e466
0bbb72a6-2edf-4364-9356-5362c79cb272,6de69c92-2df1-4e81-9186-6989bfea27a0,816af09f-efed-c920-43c3-042bc9696f0d
76193494-4938-4c88-940b-3e126aa7a476,0647511c-461c-4e8d-98bc-a3caeae118d8,89f190f4-0d7e-fafe-5bab-dd5dfd647cb2
5c3803e6-cc2a-4e25-a563-bed1c2842521,091f9b99-92d5-4339-b34d-589646e7a9c7,c68f5fed-d4be-afb9-559d-66dd16c6e466
51d0af4a-3567-4441-bd3b-cae5b731a718,ab14d63a-0aae-41f5-bf45-98a8b830a76e,89f190f4-0d7e-fafe-5bab-dd5dfd647cb2
9afabc66-50e7-4b94-8b05-a21bb42f1a18,e4fc1665-bd7a-4f95-86ac-8308855d7e63,89f190f4-0d7e-fafe-5bab-dd5dfd647cb2
8457770b-86c7-4eb1-a4f5-af004a33ed2a,6dc27d3f-21bc-4b15-9c78-0a61c7e1fe43,7c1dc1c9-d59c-6826-b507-6bb38dfb5ee4
82390929-dd7a-49c5-84e3-f24c26141db5,58c509a3-997c-4a37-b1e5-01646ebb02cd,7c1dc1c9-d59c-6826-b507-6bb38dfb5ee4
8b484ca3-2779-4aaa-82d0-6cb0d3b6245b,7c5ac75a-4b0e-4558-ace0-748bc88eeca9,7c1dc1c9-d59c-6826-b507-6bb38dfb5ee4
e9023f4d-97fb-4cb7-9248-acecbeeebbbe,c5846433-f511-4df4-85a1-4ca70502cdba,816af09f-efed-c920-43c3-042bc9696f0d
5c05e18a-bca5-4bde-a42f-2d7f6c65590c,db4b1987-6166-4ff5-a2d0-9c463e1a3597,c68f5fed-d4be-afb9-559d-66dd16c6e466
9663f34c-f4b6-475d-9274-987250933a55,c4cc389f-e0be-4cd8-9ba2-450d490e1639,c68f5fed-d4be-afb9-559d-66dd16c6e466
63ce2fad-f366-4a13-ba79-eddf1a1b5c7d,69f74b0b-d7cf-ea04-3435-92e35aa28e7b,816af09f-efed-c920-43c3-042bc9696f0d
3827c2ad-19df-4c1e-80a6-e69e3a96eb70,4cc47543-592e-e08c-7374-760c5c628808,8578e802-08ab-1d2b-e599-c3b247d9165c
03d53b9b-f438-4c81-b399-03b488033c55,e6707f56-b86a-f9bd-60b6-23bb5ea55f2b,89f190f4-0d7e-fafe-5bab-dd5dfd647cb2
8312d342-949c-4426-b21b-db0162d298a7,4269cb53-aeff-1576-c683-cb734793f3e2,70c197ba-8951-14ad-a270-b32053663da9
51e15245-7253-41a7-a8e2-842bdf9fb5be,a3a4f299-275e-4717-9bf3-6a6b42818ddf,89f190f4-0d7e-fafe-5bab-dd5dfd647cb2
24d889b2-51ca-4b18-8352-b9192519abc8,94dd920e-94da-42ba-8444-e3723e618b0b,89f190f4-0d7e-fafe-5bab-dd5dfd647cb2
4b2619f5-bd86-438a-8f37-2a298f2cf94f,804abf84-9039-4570-9d9a-5e531c003cf4,7c1dc1c9-d59c-6826-b507-6bb38dfb5ee4
d5363a34-0d34-4d78-a344-998b18fd28d1,324c1782-eb22-46a8-8ef5-04cf484689c4,c68f5fed-d4be-afb9-559d-66dd16c6e466
8ecc6a9a-6947-461e-8de5-3a8678af6ee6,acc15d91-11e3-484d-83d9-8a7d3f8abba0,89f190f4-0d7e-fafe-5bab-dd5dfd647cb2
28d6b55b-6424-4752-a1a2-09efd74d54f0,43c8747a-6229-41b0-8ed0-08d87e523a92,89f190f4-0d7e-fafe-5bab-dd5dfd647cb2
a4651ee3-e4cb-4ad0-a5bc-7a5a940ccdb9,b463290b-8854-43d7-8a33-cd11db286e05,89f190f4-0d7e-fafe-5bab-dd5dfd647cb2
1435d257-9da3-413b-9faf-73d078c9886f,2a236712-6519-448c-919c-0ffb29ab0fb4,816af09f-efed-c920-43c3-042bc9696f0d
62f1a42f-32a2-4bc0-9796-a312450d1dc9,66569434-4c13-4ba7-bd7d-63500f9ff2c2,7c1dc1c9-d59c-6826-b507-6bb38dfb5ee4
4f391593-3172-497c-8a6f-e1d56a5d38fd,21aa89ef-3f02-4a4f-8701-ffde057b1793,7c1dc1c9-d59c-6826-b507-6bb38dfb5ee4
2aa0db0c-db1a-43c7-817b-e6a253f96e59,04c66dc2-3eee-4f63-b9c7-71f74698ec59,89f190f4-0d7e-fafe-5bab-dd5dfd647cb2
03f14ad5-700f-4dc6-8246-9646382cbd8f,2e549af4-8c94-4665-a43c-0d656a6c99d0,7c1dc1c9-d59c-6826-b507-6bb38dfb5ee4
2cadde9b-4b8a-4761-8055-e767f0f01b34,267c37d2-7027-4d4e-8f91-83f81d9883b7,c68f5fed-d4be-afb9-559d-66dd16c6e466
3e7170c7-f6cd-4025-8530-428822ca63ce,bf8716e1-6c49-48e1-8d22-c15e3fb0d56e,89f190f4-0d7e-fafe-5bab-dd5dfd647cb2
a50a810d-4b56-4823-a036-342681d25691,cc26675a-4593-42af-b980-fa10b6fc4b6b,c68f5fed-d4be-afb9-559d-66dd16c6e466
d23271f4-a017-4a88-867a-f8b713d6bb01,180d5bdf-deee-40b6-94dc-3f92244b518c,7c1dc1c9-d59c-6826-b507-6bb38dfb5ee4
ce7f35df-fd42-4bf6-96d1-febdb2a7e3a1,c2c5ae6c-163f-461f-8edf-4ad7352854c9,816af09f-efed-c920-43c3-042bc9696f0d
1c184a44-a490-47f2-8da2-f1461cc84825,72e8a50a-f2cf-4b61-b771-a055fb1af264,816af09f-efed-c920-43c3-042bc9696f0d
8548dc92-f1b2-4708-8160-cec8280392bd,65f2b948-fc6f-4a43-8214-c83a322068b0,816af09f-efed-c920-43c3-042bc9696f0d
d3edf561-4b0a-4956-b2b6-bfbe0b0b0672,74de537d-6acd-46f5-be36-26e53a38c176,89f190f4-0d7e-fafe-5bab-dd5dfd647cb2
a196fa84-c20c-4364-830b-4c31518bfc53,1a4980ab-771e-4b15-8469-ff3582eab601,89f190f4-0d7e-fafe-5bab-dd5dfd647cb2
566af57f-8b64-4847-a98d-6fe7cd6a7612,ad81349f-f277-43a0-8d30-bd0c0a9cd252,7c1dc1c9-d59c-6826-b507-6bb38dfb5ee4
365a3613-e16b-4cf7-b1cc-154b0a8e8bc6,b2198eac-56ba-4526-8cb7-db7b36f7871f,8578e802-08ab-1d2b-e599-c3b247d9165c
cd9b38dc-e4a7-4ccf-bf8d-2aaecda517a7,5733473d-4910-4fd0-95b5-373032aca881,816af09f-efed-c920-43c3-042bc9696f0d
e785792a-279c-48ca-9787-0b4f553e02f4,893ecbf9-231a-43af-8b76-afc719f971d4,89f190f4-0d7e-fafe-5bab-dd5dfd647cb2
ba42538b-a1f5-4b7d-9c35-301766354d09,3d6da61c-15ea-4993-8134-6dff2c846907,c68f5fed-d4be-afb9-559d-66dd16c6e466
5cb90fc9-3500-49e4-9745-51e2808f16fc,175af957-9a52-4be4-b89f-eb5c32947d74,816af09f-efed-c920-43c3-042bc9696f0d
36b99bad-a2e3-4101-abbc-3fced03cb905,3308c727-f9e6-49c8-8dce-a0d4bd39a8b4,c68f5fed-d4be-afb9-559d-66dd16c6e466
fa0db2cc-c5c0-4205-bdeb-9c41a97f057c,dc227ca1-492a-49bb-bb5f-f16463fd86ee,7c1dc1c9-d59c-6826-b507-6bb38dfb5ee4
e9d12a2f-52b7-4f7c-afc2-674633728207,02c29bb0-003e-4619-90b1-c643b7bb85b3,816af09f-efed-c920-43c3-042bc9696f0d
3c7137b0-50f1-4621-91c9-0f7f252e9499,86ac2869-760e-447e-af25-d97714a4fe31,c68f5fed-d4be-afb9-559d-66dd16c6e466
c90a8d70-42a9-49fd-940f-b842c4b56367,fd07450a-4884-48ed-aa71-5b0dc39cc42e,89f190f4-0d7e-fafe-5bab-dd5dfd647cb2
7619cfcc-37e6-4d97-a6be-e22a9a89b2c3,7639aedc-fc51-4df0-bdd5-8ca9169948d2,816af09f-efed-c920-43c3-042bc9696f0d
5d88b7c8-9e59-4926-bb25-a770828ddca8,376d6fd0-5f77-4962-a5d3-cab1df1a1100,c68f5fed-d4be-afb9-559d-66dd16c6e466
becf1db3-e610-4575-b08f-f0b8cbdb0ab8,4c3fe73b-fdb6-45ff-af31-b44d9cf59667,89f190f4-0d7e-fafe-5bab-dd5dfd647cb2
9bc11fb3-2e5c-4cf2-bc8a-c25b8adc59ab,37863ed2-ec30-468b-ade6-4ef6efd7eb82,816af09f-efed-c920-43c3-042bc9696f0d
8e54a540-5a78-4fbd-956c-8569eabc18a0,5ed30bf3-0ab4-4562-a9f5-02bf8cf90c7a,89f190f4-0d7e-fafe-5bab-dd5dfd647cb2
19614321-c337-4882-88ef-411c90dadc80,ae6a6c87-650f-4d58-927b-c50100b47d1f,c68f5fed-d4be-afb9-559d-66dd16c6e466
7e64b99a-46c0-4273-8cc7-83a8d7763746,0bacb92a-451c-4250-abed-26a10a55788c,89f190f4-0d7e-fafe-5bab-dd5dfd647cb2
955ea8f1-dace-4dc3-835c-b046e301f5d9,ad165209-68c4-4c77-89c9-82cae8df875a,c68f5fed-d4be-afb9-559d-66dd16c6e466
98ff6032-7c69-49e9-a408-e9bc98d5e729,8e7e62b2-71bd-42ac-94db-2211da54f5e3,c68f5fed-d4be-afb9-559d-66dd16c6e466
d846da47-1380-40fe-aa9c-fb1c2c0e5ec5,d3cdb8bb-173b-4ccf-9afd-fa45bb773a42,c68f5fed-d4be-afb9-559d-66dd16c6e466
6d728b83-e1d8-4707-b2de-8f4e4d614bff,119a9282-5d77-4d48-b846-834675ba1158,816af09f-efed-c920-43c3-042bc9696f0d
351866df-41ad-4d8e-98cf-080f9296ebd9,3fcff8e8-32c7-45bf-afc8-bda1d703787a,89f190f4-0d7e-fafe-5bab-dd5dfd647cb2
3a880a29-427d-40e3-9443-01da046ccab2,1b770aae-3ba3-4ca0-89bd-0009d6aa928e,89f190f4-0d7e-fafe-5bab-dd5dfd647cb2
f7f415b3-48d7-4591-bb86-95d3d5fcd02b,473c867e-b6ac-4ecd-8439-29d54c8ad66a,89f190f4-0d7e-fafe-5bab-dd5dfd647cb2
168f8c3d-5d34-4cb4-a9be-e363254396e8,a339a66f-3642-44d2-b73f-877da4bbd36d,816af09f-efed-c920-43c3-042bc9696f0d
c587c30a-283c-4781-8fa5-b7a0cd42005f,688497cc-f93e-4c1e-b6a1-120732c008f3,7c1dc1c9-d59c-6826-b507-6bb38dfb5ee4
46f865cd-9e2c-4d57-8c56-b0fa33a6acd5,55e9c80b-e7fd-4336-9e62-2db282bde3b9,816af09f-efed-c920-43c3-042bc9696f0d
2d8c2d04-28a3-4c92-901f-7de949c6ae93,9d06f1b4-7de3-4f9b-acb5-2a9cb3b2023a,c68f5fed-d4be-afb9-559d-66dd16c6e466
b3099057-3b96-4568-bb76-615314c28d2a,60188f20-b39e-4868-b0f7-f383cf55e0fa,89f190f4-0d7e-fafe-5bab-dd5dfd647cb2
cdd5d77f-7fce-4de6-a3c0-f0fe306a2a95,2d4c6794-6967-48e7-a1bb-24e90580f060,816af09f-efed-c920-43c3-042bc9696f0d
87e47ba5-bd8b-4216-ba8d-6212316eaed5,c7290f07-56e5-46f3-858f-c6720d0c18d3,7c1dc1c9-d59c-6826-b507-6bb38dfb5ee4
a4132783-9b87-4f27-bf5a-87acbaaece45,b220cd75-25d2-40c6-bdbf-a42385f2535a,c68f5fed-d4be-afb9-559d-66dd16c6e466
f8b26997-68bd-4aa4-8ca9-1052f60f9f20,24aa6bc4-df0b-4ff9-9c8c-41e0aadbb184,89f190f4-0d7e-fafe-5bab-dd5dfd647cb2
1e48598b-5d1a-46d6-8315-af8f49cf940f,447cc56c-2701-459a-8454-99fb42acd3fd,89f190f4-0d7e-fafe-5bab-dd5dfd647cb2
e95ac7e0-33e9-4234-8870-518872edfe1a,6b7d2cbe-d897-4b32-ac4f-80d1fd257666,89f190f4-0d7e-fafe-5bab-dd5dfd647cb2
5f3a3129-05cb-4284-85ae-552670f31cec,314a674e-36c2-4ded-aa0c-2ec3004be218,7c1dc1c9-d59c-6826-b507-6bb38dfb5ee4
0bf1da02-5f99-4410-9fff-01dae1ecbae3,e272b4ce-cb84-4dee-a992-951e2cf1d412,89f190f4-0d7e-fafe-5bab-dd5dfd647cb2
437262fb-d35f-4b84-ae37-e25fd46d98a8,bcb84d6a-158d-4823-b3c5-5f45cf13949c,89f190f4-0d7e-fafe-5bab-dd5dfd647cb2
5b9f4b7a-4979-41d9-a1f4-57f3bcf96962,2e85e27a-6fef-4aba-9f2c-74ba87c14f76,7c1dc1c9-d59c-6826-b507-6bb38dfb5ee4
b00637af-a306-4d5d-922a-adc10dc59079,0ae12123-5ec8-41b1-b9ea-3d518290004c,89f190f4-0d7e-fafe-5bab-dd5dfd647cb2
f68ea097-6351-448a-bb62-2d2f5771aacc,ea760d87-1ff0-482d-8535-e1a127de4513,7c1dc1c9-d59c-6826-b507-6bb38dfb5ee4
c104ff2f-8811-472b-9b8d-8c998d19729f,43b645d1-e662-4230-a798-a6180ec5d28a,7c1dc1c9-d59c-6826-b507-6bb38dfb5ee4
b042d9b8-fee3-4bf2-a267-40802bd4e2e4,f5a1256f-8b20-42e4-a71c-c18b5b9332fc,816af09f-efed-c920-43c3-042bc9696f0d
578dc1b9-4fc7-41dd-8ce1-ade76304e577,f6d102d9-e083-4fd3-99c1-9af4cbda09d0,89f190f4-0d7e-fafe-5bab-dd5dfd647cb2
49935228-0939-4c07-b031-fd4bf6060cf5,761de1ba-dd6f-4ed1-9f58-18993736d14f,89f190f4-0d7e-fafe-5bab-dd5dfd647cb2
eff568cd-97d8-41af-af65-cac1e2866792,1493e469-5ca4-4a9d-8871-aa7b076a0d05,89f190f4-0d7e-fafe-5bab-dd5dfd647cb2
63a301e7-5a8c-4695-9f08-5c37259abe33,9e1b63f8-be35-47aa-90fb-be6914d90ee3,816af09f-efed-c920-43c3-042bc9696f0d
7f826e01-9df1-4ad3-b690-3b9edff84e02,e20e0ae1-77f0-4aba-8039-76e93fb50021,89f190f4-0d7e-fafe-5bab-dd5dfd647cb2
abac099d-5d06-4bca-9075-002df6f5f4c4,c173d8f2-575e-4081-a72c-90f29663c90f,7c1dc1c9-d59c-6826-b507-6bb38dfb5ee4
81b8f239-2fb3-4a15-abb6-c87491686824,89281c04-b17f-4193-810c-dfda73afb045,89f190f4-0d7e-fafe-5bab-dd5dfd647cb2
93eabc4a-6866-4def-b6ce-683c98c394b8,a5c45924-ad32-4431-999b-2c6d6b58427b,816af09f-efed-c920-43c3-042bc9696f0d
60cb551d-6dac-46e4-869d-83d95357f575,d98c1cc3-44fe-49ef-84f7-24a08f2ab5a0,816af09f-efed-c920-43c3-042bc9696f0d
66e31a4f-5739-4b93-a01e-d62f5c0b6116,19041506-e7cc-4d8b-9301-9662c9fec0b9,7c1dc1c9-d59c-6826-b507-6bb38dfb5ee4
8c0a4422-eb4a-4825-9aaf-f24bc8a5ccd7,caea0df0-87c7-4cb5-aefb-fb795a11f0d1,7c1dc1c9-d59c-6826-b507-6bb38dfb5ee4
33aeea02-9daa-4828-b3c0-92eb0aad45c5,138b6d0a-a9b0-4ed0-ac1b-6f37c37ac068,89f190f4-0d7e-fafe-5bab-dd5dfd647cb2
9b286c57-53a9-4b0d-854a-3b7b616630b1,d5607426-8a5c-4298-b248-f573baecc6a4,7c1dc1c9-d59c-6826-b507-6bb38dfb5ee4
4d2f6bfa-f2ec-49b6-a38f-723fbec8062e,4d534ff4-7f0a-4c8b-8ba1-e4d3534031b7,7c1dc1c9-d59c-6826-b507-6bb38dfb5ee4
21b6b695-a083-4802-9235-39639dec81b5,c1af38fc-1960-4b22-88a9-cc960d123603,7c1dc1c9-d59c-6826-b507-6bb38dfb5ee4
09fbfdbb-2ae9-4264-9246-898270c32ba1,fa2da983-8cdb-482c-b556-56be7c4411c4,7c1dc1c9-d59c-6826-b507-6bb38dfb5ee4
8ea6eadf-47f7-40c8-bbd7-0d9126b06a47,6bc6e3d1-2b2e-4cda-b1d2-ec2304d89500,89f190f4-0d7e-fafe-5bab-dd5dfd647cb2
9b83d184-88fb-4e7c-90a0-31bb7b8bc044,528c843f-ebcb-456d-80b1-7d15a52264d9,7c1dc1c9-d59c-6826-b507-6bb38dfb5ee4
7528c1a2-4a56-4f6a-8400-0a4218022f82,acda4a5e-2c79-4811-8075-379dde343b04,c68f5fed-d4be-afb9-559d-66dd16c6e466
69827af7-894d-49ca-9707-225fe18d32e9,abab541b-9d0a-427e-a15f-435092b0c97c,7c1dc1c9-d59c-6826-b507-6bb38dfb5ee4
23ffacb4-e6b5-49d6-94a2-8db59ecdd42d,a1c6657c-9ab0-446f-9928-992351341f3e,c68f5fed-d4be-afb9-559d-66dd16c6e466
dbac35c1-1847-48c6-b437-e8c7c09731ed,b4e34c11-0380-4176-af76-73a8bc1692cf,c68f5fed-d4be-afb9-559d-66dd16c6e466
7ef3864f-74ea-461d-9807-ce82dc25a040,d89936cb-7c6b-4995-b790-521a62de8319,89f190f4-0d7e-fafe-5bab-dd5dfd647cb2
60494822-581e-45ea-b1df-48b5f54f04b4,d9be5d4d-e868-43b3-8e0e-b983166c666a,89f190f4-0d7e-fafe-5bab-dd5dfd647cb2
4ccde013-6991-4c9f-ba85-774906141686,2b07a7b2-226f-47c6-a1e2-bdc202e796f1,c68f5fed-d4be-afb9-559d-66dd16c6e466
b830450b-8e47-4ed0-a977-432c6ad8d7f1,36acee4a-74ff-4eea-a337-d8c48c77471a,89f190f4-0d7e-fafe-5bab-dd5dfd647cb2
40e0847a-99fc-4ea9-b834-4b77e624d392,75880666-6606-4690-9a28-bc4c25063b61,7c1dc1c9-d59c-6826-b507-6bb38dfb5ee4
f7006de9-2d86-4380-b5ed-89154b2196ef,1561c19d-e73c-423c-9ca0-6bc46d4be7ca,c68f5fed-d4be-afb9-559d-66dd16c6e466
863b0e74-4a74-4fc8-b9a2-5f46b2e4b9df,7f0d2e9c-6056-4567-9d91-31fdb432efe6,816af09f-efed-c920-43c3-042bc9696f0d
49a49497-12ae-4dc4-b0fb-ff2bcf9b14f5,c9e94599-9a33-460f-919f-f021ab3be591,c68f5fed-d4be-afb9-559d-66dd16c6e466
dbb1cfcc-bf6b-44fc-b851-15e6f00c1b51,7745d2a9-8fc5-4a61-942e-2264083b27f9,89f190f4-0d7e-fafe-5bab-dd5dfd647cb2
109ebe84-6d2d-477a-9d72-bfbcad3f4716,dfb5f796-bf49-4961-941d-94a85953c4b5,89f190f4-0d7e-fafe-5bab-dd5dfd647cb2
69a72cac-ca7c-415f-9d35-20458d086929,b7fff48b-3a65-413c-8166-fd4bb40b95ea,816af09f-efed-c920-43c3-042bc9696f0d
252d872e-8a6b-4c50-9e9e-6378a667fee8,b1da425e-feba-4849-944f-718135dc5093,c68f5fed-d4be-afb9-559d-66dd16c6e466
db860ffa-27b8-4fab-b86d-936e25cb6ea8,b9fb5949-2df7-49bf-bdcb-2bfb4897b4dc,7c1dc1c9-d59c-6826-b507-6bb38dfb5ee4
b596d8c8-ae14-4242-a0eb-1a06f6839689,e98d3100-1f0f-4624-a519-6a96600cb727,c68f5fed-d4be-afb9-559d-66dd16c6e466
40b500fe-f037-4d12-98de-3ec1e10c1f14,54d65e95-aafb-4e78-8532-ce34a021b32a,c68f5fed-d4be-afb9-559d-66dd16c6e466
8ff969d6-dcbd-4111-b2fd-dd7f6464c4db,426eb7b6-a813-4232-bf3c-24f8be1417c8,816af09f-efed-c920-43c3-042bc9696f0d
3e09b7e8-7d12-486d-b8fd-d952e9932ae7,bdf051ca-36ef-4226-ac06-f1cc8e41f56f,c68f5fed-d4be-afb9-559d-66dd16c6e466
5fa8ab4a-a54b-441c-a31c-9cfaf0ef0a99,ae2c8ab9-de1c-4ffc-a623-cad46f02c2cc,c68f5fed-d4be-afb9-559d-66dd16c6e466
640dbc3d-9438-4520-a4d9-4d2da9ffa718,0036a10a-66d3-4ba9-9cfc-f39095552371,7c1dc1c9-d59c-6826-b507-6bb38dfb5ee4
572a985f-ba98-481f-b040-f9c6d537f168,4635d688-be1c-4817-a5f9-d2fe0f31e8d4,c68f5fed-d4be-afb9-559d-66dd16c6e466
2c176c67-042d-4333-bc9c-da8546fe48f0,d7ca04fe-4e32-4a86-b143-722457e7f4d6,816af09f-efed-c920-43c3-042bc9696f0d
8b91b812-0ade-4565-a20b-17e9507e11eb,6d0458fa-abd7-49c7-92cd-84f6f5bbdbce,c68f5fed-d4be-afb9-559d-66dd16c6e466
77d85941-245a-4ff6-8312-6c3c0dabdcf5,b837cc85-d87f-4e4b-8af3-6879c98e73fd,c68f5fed-d4be-afb9-559d-66dd16c6e466
7198619e-6ae1-4604-8a93-ed29225f1c57,c283bb11-55a0-4225-a3aa-ddcaf9acd461,816af09f-efed-c920-43c3-042bc9696f0d
292f57f6-4417-4f1d-b31e-b4f3cfc7d87f,81a42781-0122-4389-b689-59b68221c146,89f190f4-0d7e-fafe-5bab-dd5dfd647cb2
ccde6460-ba59-4eab-a881-7ebafda4ac8d,ce532889-b9d6-49ee-b533-a8e791d15d9f,7c1dc1c9-d59c-6826-b507-6bb38dfb5ee4
91a26750-3559-4fe2-ab32-e63b23a2eeaa,5064d24d-f4c8-45c2-811d-a6305406b368,89f190f4-0d7e-fafe-5bab-dd5dfd647cb2
68f7f078-241f-400c-a7ee-d7612b40d32f,570e3888-6829-49ce-85de-82d24574317e,c68f5fed-d4be-afb9-559d-66dd16c6e466
63f6b3fa-534a-4d74-9acb-8215cfaddc5a,1d543a99-ac70-4516-aa28-b1dc94416411,89f190f4-0d7e-fafe-5bab-dd5dfd647cb2
6f929a6e-4b4a-466c-aa0a-82afdc9d755c,ba6f98fd-9599-4bdc-a079-494a1bf939cc,816af09f-efed-c920-43c3-042bc9696f0d
3ae6d7a8-3297-41e7-aeed-a6bcecb4eb1a,f6b06c90-01cd-41b9-8e03-bd26ee7d52d8,816af09f-efed-c920-43c3-042bc9696f0d
7b90a387-9f98-449c-905d-5b27b3e20212,9608f2bf-0a94-425e-ae8e-306415c930fa,c68f5fed-d4be-afb9-559d-66dd16c6e466
7359ef4f-5e97-44b8-b5ac-6ab016e1feb1,a7707bad-d080-428f-855e-c906f6e23571,816af09f-efed-c920-43c3-042bc9696f0d
6aa7699c-8697-4304-a683-401c0e67882a,acc67267-0ba1-4379-abd7-6d60b23b35bf,89f190f4-0d7e-fafe-5bab-dd5dfd647cb2
f5f74017-33cc-4177-9630-b30f62129e51,63e55af8-1368-4e49-8355-c7fd4876c56d,c68f5fed-d4be-afb9-559d-66dd16c6e466
9e997c4f-7243-4e46-b697-2ab5ea6cf8bf,5e95e248-c41c-41cb-b0d7-941a83607b12,c68f5fed-d4be-afb9-559d-66dd16c6e466
8cbf26f5-ce37-4aaa-ad2f-a3b296fefac9,2160142b-c4b9-438d-85e1-34d95448549d,c68f5fed-d4be-afb9-559d-66dd16c6e466
7d8da130-e8f6-4f9f-96a3-3b69ca56ae20,ec60b759-ec7c-46b5-a934-4bc599cfed04,7c1dc1c9-d59c-6826-b507-6bb38dfb5ee4
0aec7d28-63d2-4645-8aa6-0c5a3d7ce184,588790fd-4fa8-4dfa-abef-8e45382c1632,816af09f-efed-c920-43c3-042bc9696f0d
0fe24c67-680d-4275-bbe7-386fab18b366,a721e373-1222-48ad-9034-3f3aedf5d098,7c1dc1c9-d59c-6826-b507-6bb38dfb5ee4
b4b7d915-4e8e-4337-aa4e-0b61d85b821b,4504c6e0-cc3a-4dbd-afff-f8a1d2c5c7f7,7c1dc1c9-d59c-6826-b507-6bb38dfb5ee4
27b20a5a-cb5a-4c57-ab48-c4e859333885,3ac38f4b-3961-4418-be78-20f8d95f7231,89f190f4-0d7e-fafe-5bab-dd5dfd647cb2
b5454f68-dd51-458f-9827-48d6e95f2fe6,d5db24c0-1686-41a3-b35a-d1d2473b7324,7c1dc1c9-d59c-6826-b507-6bb38dfb5ee4
80756753-effa-4e2b-b6ca-1d498fb2fa0c,14584c13-1196-4787-b985-9eb117570852,89f190f4-0d7e-fafe-5bab-dd5dfd647cb2
ae9b6576-d253-451f-af65-43fd729aa614,2d6e5b4d-2a1a-4ebe-a0c4-cc53a2bbf20a,89f190f4-0d7e-fafe-5bab-dd5dfd647cb2
818a557d-64a6-4e5e-a115-c196e1301aa6,af0ee5ac-a249-4bde-a4f3-38d897ce63ad,89f190f4-0d7e-fafe-5bab-dd5dfd647cb2
d5093438-9d39-4745-bfc6-1e3cf0cc257c,dff1515a-fc93-4f5d-b4f8-c887ca336fb2,7c1dc1c9-d59c-6826-b507-6bb38dfb5ee4
9201f970-ec3c-44fe-aace-4a2d4ca55214,b1e16652-f479-4ad1-acb0-c1f86d7ffeea,c68f5fed-d4be-afb9-559d-66dd16c6e466
fb0eecaf-0244-483e-b325-da93c6d436e9,7ab52b85-a81d-4f77-964b-fb01935c8766,89f190f4-0d7e-fafe-5bab-dd5dfd647cb2
3f87a9c7-d047-4bc7-aa3e-ef51f9e3be88,d3b40e50-41c5-4407-9e23-c954f079543e,89f190f4-0d7e-fafe-5bab-dd5dfd647cb2
b57c8a6a-980d-441d-ab18-bac71fd8b5f2,041d6042-65b9-4bf1-a735-87d4531e855e,89f190f4-0d7e-fafe-5bab-dd5dfd647cb2
1401e184-ff24-4eb3-936b-b35f43cb3a6d,630c5bee-0c66-4034-a6f7-d235951fc6a3,816af09f-efed-c920-43c3-042bc9696f0d
98a848de-8e43-4442-baa9-d42838614db0,9124fbaa-43fd-49d2-a299-f184b884c992,7c1dc1c9-d59c-6826-b507-6bb38dfb5ee4
5856fda2-fd00-43c7-95e3-8fd6c0bb681c,17a73992-1722-4aad-93a4-49971cb71a6c,89f190f4-0d7e-fafe-5bab-dd5dfd647cb2
a6c06e41-a65a-4c2c-ab1d-51e94877594f,71c434c1-a689-4755-af99-ca23536a069a,89f190f4-0d7e-fafe-5bab-dd5dfd647cb2
8e3391c9-3bad-4155-b98f-cf9c80e4b59a,eeb5338a-6bc5-4740-90e9-32cf592080aa,89f190f4-0d7e-fafe-5bab-dd5dfd647cb2
7035e9e3-3853-4a03-93e9-bcbbb043a3fa,7c5f9a2c-a00c-48c6-96ec-9d2ea9b3ef5c,c68f5fed-d4be-afb9-559d-66dd16c6e466
ccea3c59-e31a-4f45-84c5-bb452f7a5309,1caf95b3-fd45-4ea6-afb0-dec44cb0e6eb,7c1dc1c9-d59c-6826-b507-6bb38dfb5ee4
9866fb40-c389-4c2e-9c1a-3ef267480aea,5ae981a8-3667-4ac4-9394-56a32c08eae5,816af09f-efed-c920-43c3-042bc9696f0d
d9603ba9-72b9-49a8-a266-87f27afe907c,a8498983-7799-4678-82a4-e6e0fbc0c321,89f190f4-0d7e-fafe-5bab-dd5dfd647cb2
827ad1f7-3f18-44a1-b361-ab2cafd2d8dc,0b419e93-217e-4c8d-ba98-35cf9a8072d7,89f190f4-0d7e-fafe-5bab-dd5dfd647cb2
afc538fa-19c7-4fb2-ab75-1f287539529a,f9e5c7af-7365-4395-bb80-dcd9d5a65cc9,816af09f-efed-c920-43c3-042bc9696f0d
5ec5bc47-d785-450e-967c-93f297b91ed0,86f7bc3c-b7f1-4f44-93b8-1a96be1f5e59,89f190f4-0d7e-fafe-5bab-dd5dfd647cb2
ee7229e2-a860-4b82-8139-eec4b93d3d4b,64af46cb-c56b-4012-ba33-a25ffa7b6aa1,c68f5fed-d4be-afb9-559d-66dd16c6e466
172ae938-e12b-47ac-ad33-0328bf31a7fe,109c74a6-fd5e-47db-a9b8-18c27da7877d,89f190f4-0d7e-fafe-5bab-dd5dfd647cb2
577fa124-1663-4232-bb16-99d396b4143d,94ea9a7e-4d7c-4905-934c-1aa58c40b2fe,816af09f-efed-c920-43c3-042bc9696f0d
14562c6a-17ab-475c-984e-f55b55455fa9,a4d9ed21-a3d4-41b9-b8ed-182a98d00f0b,816af09f-efed-c920-43c3-042bc9696f0d
cd42e99d-3921-4a8f-bdd6-17d3cf76b909,82690555-b9f7-4f93-bc8c-3dcb3d37c3ee,816af09f-efed-c920-43c3-042bc9696f0d
65a2561e-e929-4850-ab3a-3c80a1cf4f87,1f43b3e1-8b73-484a-bce4-336753d7b3b9,816af09f-efed-c920-43c3-042bc9696f0d
e30db355-4180-4afb-8c9f-4b7b9620dd70,602bc977-3b2f-453b-813e-65bae4b723c9,816af09f-efed-c920-43c3-042bc9696f0d
b26edbe8-20df-4b63-8fe8-01933a6b11b0,35d3b4ea-1fea-477c-9ad0-682f6904a0ad,c68f5fed-d4be-afb9-559d-66dd16c6e466
a54be0e5-07eb-4be0-9588-9097542f1534,47ca34de-2c02-49b5-95d4-33f658365856,816af09f-efed-c920-43c3-042bc9696f0d
82ba5204-d2ca-4684-b1cf-c67a80b80cac,e51520ed-c014-4c54-96f3-afce91f3b379,816af09f-efed-c920-43c3-042bc9696f0d
a22fce78-ef95-4a33-9a35-ee053ae3cb9e,dd97efed-b127-426f-b67e-a7eef25495f2,7c1dc1c9-d59c-6826-b507-6bb38dfb5ee4
5201d967-21e3-48f5-938c-0dcb19312053,95d0bd7b-23c4-4295-8344-d6d2d5c3511f,89f190f4-0d7e-fafe-5bab-dd5dfd647cb2
98eda3d1-1068-4ef2-819d-78dab8d80019,f058ce8d-f8f2-418a-9022-4d7aadff34bb,816af09f-efed-c920-43c3-042bc9696f0d
b54c0978-030d-4d87-ab80-cd1f2f684e81,76bad70d-b8b4-401c-a612-aa07c712f478,89f190f4-0d7e-fafe-5bab-dd5dfd647cb2
64c0002b-900e-4168-8e32-6ce8872f1de1,cd8262f6-3b55-462f-9f6d-46b2677e7073,c68f5fed-d4be-afb9-559d-66dd16c6e466
e9275b53-711d-4106-bd74-c7b92f9b60d5,6c2478c3-00d9-4a41-8df1-a657a2993086,816af09f-efed-c920-43c3-042bc9696f0d
49e1188d-a6af-4055-a180-5816370da98c,9bc9b20d-dcec-419b-9a9f-9b2b7fd29048,89f190f4-0d7e-fafe-5bab-dd5dfd647cb2
4b938a80-91eb-4011-8724-1d6774caaa4f,ea951824-ad63-4dd9-a07f-313c2a883c66,7c1dc1c9-d59c-6826-b507-6bb38dfb5ee4
1c4d2d31-9ded-42e3-9820-a931397f7299,423eae62-209f-431f-aad7-af8310856e7f,89f190f4-0d7e-fafe-5bab-dd5dfd647cb2
4b351f75-d88d-4fb6-9971-dc4dc1f17bad,e73e1be9-c19f-46c5-881d-d7a1e2fe36f6,c68f5fed-d4be-afb9-559d-66dd16c6e466
28f8d157-8b6b-4c7e-951e-4df5189814e1,c262178f-fccb-4754-b014-6668bce4ef33,c68f5fed-d4be-afb9-559d-66dd16c6e466
354fcd39-6d8d-492b-b8f4-cb70527eec6c,eed1d253-eb84-4ad1-80e7-6e049a123739,89f190f4-0d7e-fafe-5bab-dd5dfd647cb2
aa57b045-f364-495e-af2a-682731048b9c,0e5eade5-8c34-454f-80c5-54dcb369cf14,89f190f4-0d7e-fafe-5bab-dd5dfd647cb2
3cab73ad-7351-4feb-9cd7-15ec0d9f5c55,d5683caa-0029-4ef3-afa5-47b895697f82,89f190f4-0d7e-fafe-5bab-dd5dfd647cb2
aa0d7dd5-8418-45c6-ba00-e831a1c56193,70d0de93-1cd1-4d65-9650-4222294b8730,c68f5fed-d4be-afb9-559d-66dd16c6e466
a5f12c11-7ac1-4e9c-bf8a-8bcb68ac8fed,f74cac06-55c2-48f3-b628-4795098faa69,816af09f-efed-c920-43c3-042bc9696f0d
e1f95399-35ce-41c9-b31d-1ab1072ec2b3,2a77ad39-6cd6-4685-a868-d0e2afeeeede,816af09f-efed-c920-43c3-042bc9696f0d
17610f97-321e-4069-a99f-78ae7d0afc87,85f47329-51f8-4a65-a847-8459f8a8d168,816af09f-efed-c920-43c3-042bc9696f0d
3cb6eb86-bc63-4c30-9507-f6e1e13a9818,e78eaee0-680e-4f95-9f2d-a01f85cdf388,89f190f4-0d7e-fafe-5bab-dd5dfd647cb2
16cf2fc8-faab-41cd-a890-a20eb3ddb92a,5b46e2d4-656a-4ca6-ad14-b8c3de1d5dd1,c68f5fed-d4be-afb9-559d-66dd16c6e466
b7a93e56-0a8c-4588-b80a-f1019858df86,ccd63087-65f9-472b-a2b8-081725f51e65,816af09f-efed-c920-43c3-042bc9696f0d
a66c93dc-4d98-4e31-b764-678beaf18ccf,b239262f-447e-4a28-8998-05bbea17bb6e,7c1dc1c9-d59c-6826-b507-6bb38dfb5ee4
8402d473-87dd-48b3-a2eb-842b53c29ede,7e4424df-f9a6-45d7-bcfe-2317e1219924,c68f5fed-d4be-afb9-559d-66dd16c6e466
656917b2-874a-40b4-9b31-0bd466bc75a4,c8df85c4-45e0-4b0d-9cb0-43d7e195641a,7c1dc1c9-d59c-6826-b507-6bb38dfb5ee4
a97d1345-56bb-462d-a000-a6d4e502f767,6082477a-0d7d-48d2-be38-9c2d8308aec5,c68f5fed-d4be-afb9-559d-66dd16c6e466
73005cf0-93a2-4e3c-91dc-b676919e56ee,e31bd037-9ef5-4e8c-94d3-0ac89f29f787,816af09f-efed-c920-43c3-042bc9696f0d
03088087-7134-4061-838b-eb15682eecc9,e921871f-b2f6-4464-af76-51255bb2a9fd,89f190f4-0d7e-fafe-5bab-dd5dfd647cb2
22acb687-604a-43f5-966b-a5e6d579bef7,97455f39-a1b2-4dac-8f02-90174db98ef2,816af09f-efed-c920-43c3-042bc9696f0d
1f2faf92-6f3e-488b-ad6d-d05587739494,ce230097-1167-4641-90da-350795cd3094,89f190f4-0d7e-fafe-5bab-dd5dfd647cb2
c8e9ff04-0455-413e-bf02-61554c72f6a3,b914327c-236c-4230-b591-7c249d35a922,c68f5fed-d4be-afb9-559d-66dd16c6e466
1f1d59b3-48ad-4541-b9bd-9ac934b1c93c,0dd4cfd7-9b38-41d4-bb1f-339e02c20204,816af09f-efed-c920-43c3-042bc9696f0d
f95543a0-8a61-4cde-be25-04cb521e8a9b,5a8e6bee-9617-475e-9391-976f530b9068,89f190f4-0d7e-fafe-5bab-dd5dfd647cb2
bf44a6aa-21c9-4184-a3ba-b553bd43027f,0fd3fbde-66a3-4b34-aa21-f14949c267ed,c68f5fed-d4be-afb9-559d-66dd16c6e466
e2b557b4-1d6b-4bbc-9140-f0722c012eec,970c431c-9d2c-41d4-99b0-5574c470e994,7c1dc1c9-d59c-6826-b507-6bb38dfb5ee4
24388753-c08f-4bc4-b30e-1dac87eeaa24,9fdac7a9-66d1-4111-a76f-90fa858b15df,89f190f4-0d7e-fafe-5bab-dd5dfd647cb2
2d8a0c1e-9c4d-4751-905c-0cf2cf2f1161,0f3d5ca3-df05-4933-bb97-58460e1bc8de,816af09f-efed-c920-43c3-042bc9696f0d
bcf08eb9-9b86-49c6-b376-4463a7956195,961f4e02-43af-4e56-a63e-4c6dcc6541e3,89f190f4-0d7e-fafe-5bab-dd5dfd647cb2
4e24f2ec-2373-4ed7-8303-8fb2f04e0121,fe1e432e-754c-4447-800a-2ef28a9fc5b8,816af09f-efed-c920-43c3-042bc9696f0d
66ae243c-44d3-48ad-a59a-a167450294b5,eb99e3cb-ddb3-4442-9b91-20a2f9c48e9f,7c1dc1c9-d59c-6826-b507-6bb38dfb5ee4
797ca398-c2eb-4607-ad25-53500d43a17c,ad679883-2473-4f12-962e-73c5d8875b45,816af09f-efed-c920-43c3-042bc9696f0d
23ee9cd7-d473-4578-93cd-f4c45b4ec8ba,d5294775-a2eb-4860-9f7a-d9a7966da4f8,c68f5fed-d4be-afb9-559d-66dd16c6e466
3c1ce5a0-d1a1-4813-83d0-e6a1008296c9,1c69ea51-1a05-46c5-bade-5b1f3d0bd20e,816af09f-efed-c920-43c3-042bc9696f0d
1f086b23-1d81-4913-8ff0-eb917c53fe7f,10ee2848-bf1d-49f7-82d4-bb35a11c4326,89f190f4-0d7e-fafe-5bab-dd5dfd647cb2
5a692fb0-c646-4943-b09d-d691bc7007ec,058c31d0-a210-43dd-b1fd-b0030b882a77,816af09f-efed-c920-43c3-042bc9696f0d
a148643a-9403-4ef0-a888-1ebb2264520b,e19a353b-dfdd-4a90-acd0-8151cf1acc61,c68f5fed-d4be-afb9-559d-66dd16c6e466
1ad0574a-9d18-45ad-bcdb-68ce9512219a,a625db63-964a-45d1-83fc-c91107017348,7c1dc1c9-d59c-6826-b507-6bb38dfb5ee4
7e24fb17-c8dc-4139-bec5-5d8ae2c0d344,08681d4b-604c-4b05-8837-ba7302787701,c68f5fed-d4be-afb9-559d-66dd16c6e466
4ac8c836-4844-4652-8ccc-1edd0563446a,c9af3b85-761e-4664-b0f9-cd041cf76be1,89f190f4-0d7e-fafe-5bab-dd5dfd647cb2
87c01c6e-57e1-47cd-8bd2-749ea7ef7144,a119b5a4-678d-48d5-b052-6dcadd4ae9e8,7c1dc1c9-d59c-6826-b507-6bb38dfb5ee4
d5eb8bbe-e7b7-4593-a103-ae684ffcbdf4,0c051def-a922-4ec6-a35d-1f38d12ed145,816af09f-efed-c920-43c3-042bc9696f0d
6ef7efc8-f4db-4781-b3ac-a4cc8e01dfeb,4f34cb44-2441-4e1a-bdda-f21b99b5cf1c,89f190f4-0d7e-fafe-5bab-dd5dfd647cb2
b1728afa-6eb1-4cf7-9d22-77b4013d4a8e,16383644-0545-4a8f-9db9-0c40ca4140bc,7c1dc1c9-d59c-6826-b507-6bb38dfb5ee4
a2db31ba-70ef-463d-bb2f-f2dd4e80f4bb,d3820c14-c3fb-4482-8680-eb75fead5f4d,7c1dc1c9-d59c-6826-b507-6bb38dfb5ee4
4f1f48cb-03fe-448d-9908-a2313965951e,2e36e059-76a0-4344-98ae-1891a09ff3df,7c1dc1c9-d59c-6826-b507-6bb38dfb5ee4
ea2e87a2-4074-45ae-a59b-3de3f2056e72,e1b07370-c12a-4917-9afe-5399eb6bee67,c68f5fed-d4be-afb9-559d-66dd16c6e466
26eec46b-954f-42ff-91d7-ad4381ae0783,8836a421-eeae-46ee-8f80-1b8ada49b6e2,816af09f-efed-c920-43c3-042bc9696f0d
3c0d8920-0e38-4bd1-a3ca-54790bb7bc0a,510ca522-4861-4a2a-97bd-e2b627665f85,816af09f-efed-c920-43c3-042bc9696f0d
9676779d-9d74-4e57-b7c0-358fe5fea68a,325f22d0-66fa-4ee3-8dd7-60c9e63a4915,816af09f-efed-c920-43c3-042bc9696f0d
c97b16d1-06b1-4840-a3ea-573ac27fd478,f1850cd9-6585-40ce-8b61-0a1e23878b98,7c1dc1c9-d59c-6826-b507-6bb38dfb5ee4
2c2cb36f-eaa0-4805-a74b-173887838788,dcec7f54-4111-40d5-81a5-c6ac13e063de,c68f5fed-d4be-afb9-559d-66dd16c6e466
86c5bacb-31fe-46e0-ab7d-32eac9eac88f,17ac3b0e-d874-4d15-be4b-f9c0e4235e0c,7c1dc1c9-d59c-6826-b507-6bb38dfb5ee4
286f1362-46fc-4a0b-9ed2-e27764fb42e8,c40c497f-b949-4179-a670-0249d2839a2a,7c1dc1c9-d59c-6826-b507-6bb38dfb5ee4
3b5c5949-ba9b-4157-910f-4d1ebda7df23,61f3e1f9-4b59-4ae0-ba7c-68b1f559e3c5,c68f5fed-d4be-afb9-559d-66dd16c6e466
82955cab-f0fc-4f98-93e2-41559fb74ec8,f4316bd1-61a1-4b0f-ad44-82999b74c020,816af09f-efed-c920-43c3-042bc9696f0d
6e3a7ed8-cdff-4765-b4cb-754cd70d56d8,221421ba-ef97-4b38-af76-debeba56ee80,89f190f4-0d7e-fafe-5bab-dd5dfd647cb2
7d2a6f3f-c699-488d-a066-51568efaabdd,2bca6cf3-0eb5-4388-a9a0-319ed7c2d9b4,7c1dc1c9-d59c-6826-b507-6bb38dfb5ee4
e964b822-77ed-4b9d-8ae8-b790959f0d93,c88fd3b4-f003-4f2a-9b89-e5a35d8c146c,816af09f-efed-c920-43c3-042bc9696f0d
ea40516d-515e-4ef8-a9ba-8da398fc321a,6c6da051-3e13-4aef-b52c-62b77ac4b5a0,c68f5fed-d4be-afb9-559d-66dd16c6e466
c044a660-b30f-4847-8e5d-4d41d82633f6,567690f0-703c-45cf-bc93-cf4ef3919a32,816af09f-efed-c920-43c3-042bc9696f0d
2d0b4f6d-9a09-42d8-a2d8-0544cdeb0266,f06d9d54-6006-417c-817b-07b8b08a6fd6,89f190f4-0d7e-fafe-5bab-dd5dfd647cb2
9c8e5b74-41dd-4d93-b595-79d168df2bb0,29b27dc3-317a-4cc3-806f-e59417b7e20e,89f190f4-0d7e-fafe-5bab-dd5dfd647cb2
03b3bb05-a53c-4e87-a523-3b177377d4ce,65bcf9b4-ecda-4c81-8c00-4cf60f02d36e,816af09f-efed-c920-43c3-042bc9696f0d
66682ac0-7f5e-491a-bd4f-fe41ba89c1ea,916de64e-f51f-4dbc-923a-9ecc0ce5eeba,8578e802-08ab-1d2b-e599-c3b247d9165c
c16e206f-a892-4e4c-8d5a-56a0c30b089f,ad04b053-ba7c-4681-97ad-2d9a731c082e,7c1dc1c9-d59c-6826-b507-6bb38dfb5ee4
9e4785b9-52bd-4c3f-ae4d-6710ffe57a77,b142761b-ee0d-4162-9f19-21431bfddb87,c68f5fed-d4be-afb9-559d-66dd16c6e466
a82742f9-6886-47b8-b056-8f7af5b30c3a,f5c02326-2ce3-4a87-a9c5-781ed23d137b,89f190f4-0d7e-fafe-5bab-dd5dfd647cb2
ef21a899-d874-4909-abc7-8d267de69f1d,1a579b06-f9ef-4ccc-a1b5-1dbf9e48cbc6,816af09f-efed-c920-43c3-042bc9696f0d
ba6b63de-ec37-4b83-bd4e-a231f2567b49,aa1cb07f-473f-4257-b97b-b1dfcab3f59e,816af09f-efed-c920-43c3-042bc9696f0d
6035e49a-5f04-4cbf-ac5b-af88e46ec8f1,8384331a-611c-41eb-a482-5b9737bd53fc,c68f5fed-d4be-afb9-559d-66dd16c6e466
c7abd101-538f-43e3-8904-f80615073ddc,87af51bd-cb83-43d7-b235-8b5f8644ac6c,c68f5fed-d4be-afb9-559d-66dd16c6e466
8e53017a-2051-4795-b12a-a309dd7b9e71,60ed00a8-5db8-40b5-ad7a-4355747484a3,89f190f4-0d7e-fafe-5bab-dd5dfd647cb2
76c0d331-07e5-46c0-85a5-41be65bd28c7,762ed785-3331-4014-b0c0-16884cca0119,816af09f-efed-c920-43c3-042bc9696f0d
31ed90dc-5d92-47e4-a440-2222c41f0ed9,3b9c1c19-9eea-4386-a098-db9cf1728450,89f190f4-0d7e-fafe-5bab-dd5dfd647cb2
8c057710-920f-4bd5-be6d-7c8c9d261ee5,93bd2ef7-9222-4341-8989-3df9cd5a6c6b,89f190f4-0d7e-fafe-5bab-dd5dfd647cb2
8ac9d83d-966a-4846-8792-cce14eaa1fdf,55486381-2774-4e6d-8d75-363673e9d773,89f190f4-0d7e-fafe-5bab-dd5dfd647cb2
b7ef8869-a358-4d48-8e32-44269c7d5ebb,b227e8f8-2323-472f-b23c-58e7ab4e9aeb,89f190f4-0d7e-fafe-5bab-dd5dfd647cb2
684d9fcc-f015-4a28-afc4-ee145159c937,f83842d8-00be-4524-b261-e1b02a3753a9,89f190f4-0d7e-fafe-5bab-dd5dfd647cb2
f28bf389-c400-4ffb-8e19-6198985801f9,e8607ec6-63f2-4eda-b9ca-f6fdb1bfd143,89f190f4-0d7e-fafe-5bab-dd5dfd647cb2
11ee4fb2-aa88-4f61-91d6-5dfd32c885df,9ebc8eb6-6bf7-46db-95bc-d6f4f2f586f6,7c1dc1c9-d59c-6826-b507-6bb38dfb5ee4
b1bb8274-6009-4140-b59b-30f08c395a4e,741c4bf7-d841-4686-87bc-3a84a50c8098,7c1dc1c9-d59c-6826-b507-6bb38dfb5ee4
86a0bc42-cf5e-4eb4-b96d-4fc50d6c4550,3d715daf-6c75-4b2e-bc11-c67c79af347e,816af09f-efed-c920-43c3-042bc9696f0d
58a2e498-80b9-43d9-8c12-f46ed10f1c1c,1453822b-bd89-4682-af2b-32af6532abf5,7c1dc1c9-d59c-6826-b507-6bb38dfb5ee4
702a605b-69c5-4308-b628-0764376e9bc9,e3b57479-e552-4cd5-9458-efed0bcc5779,7c1dc1c9-d59c-6826-b507-6bb38dfb5ee4
af6e30cd-a491-445e-acb6-95f1f0a81ac7,118f12c4-5595-4921-ae5d-981356f10f48,c68f5fed-d4be-afb9-559d-66dd16c6e466
45820444-b80f-4cca-98c0-def562e26642,a0579846-0982-406b-bbba-f185d01c56ee,7c1dc1c9-d59c-6826-b507-6bb38dfb5ee4
ece15a9a-c7f7-4c04-9da6-aa1350ca1cf9,6a92365c-f849-4bad-a4ca-4487b3f7aa2d,816af09f-efed-c920-43c3-042bc9696f0d
f22c9682-aaf4-46d4-9b48-072f1ad33f1a,b62fbe39-6e59-4045-84bf-6fd2e1887d7a,89f190f4-0d7e-fafe-5bab-dd5dfd647cb2
bdd2e15b-15ed-437f-b3e3-d782f828168e,ae349d37-4451-4f1f-9815-d3ab2d1056df,89f190f4-0d7e-fafe-5bab-dd5dfd647cb2
1f3d1464-5862-4e5a-bb06-2b62ab798c86,4ee7a1e0-2ad1-445a-84ac-4301918d66d6,c68f5fed-d4be-afb9-559d-66dd16c6e466
10aa8439-19d3-49c2-888b-c3fc41e81367,f52de3c6-e085-4938-b20e-b5ae2d8ed219,c68f5fed-d4be-afb9-559d-66dd16c6e466
3270ffd8-4c2f-4842-9a87-3390ce3437ad,ad993ccb-37f4-4ef4-a34d-3c2b9e634813,89f190f4-0d7e-fafe-5bab-dd5dfd647cb2
80210c17-4b99-47a8-9ddc-260e697a1c73,737907ef-2ca4-455b-b042-2851bb0f2236,c68f5fed-d4be-afb9-559d-66dd16c6e466
ec2a81b0-85d6-4399-a427-87163b46ae97,f9e0e4c6-8daf-444f-9f77-3375180cd496,7c1dc1c9-d59c-6826-b507-6bb38dfb5ee4
a5b42b12-b25d-49c5-890d-4c47572b3f2d,92f12ef7-666d-4ba7-480b-c441c839a96c,c68f5fed-d4be-afb9-559d-66dd16c6e466
61bd0b58-9b65-4580-8ffd-2f7c4410c46c,9f79aa4f-f404-d6b8-bc7a-353dbe4cb312,c68f5fed-d4be-afb9-559d-66dd16c6e466
37529a19-102c-4a91-8b2e-bca02896f906,e5890e70-4cd6-94d4-318f-c93e03aa94a4,816af09f-efed-c920-43c3-042bc9696f0d
50925c81-0aab-45f8-95f7-70fa7418f05f,bada1600-347c-ae0f-b3f7-2451dc92f27b,7c1dc1c9-d59c-6826-b507-6bb38dfb5ee4
0d50cf85-4559-4c8f-855f-449a954499e7,4c795c2d-9fb7-3d44-6d24-440b9aa5fada,c68f5fed-d4be-afb9-559d-66dd16c6e466
6ebf51bf-45b4-4f82-8de2-d88f4e2b8edc,84ebf49f-0c72-4ea6-a9a9-83a7548273ea,c68f5fed-d4be-afb9-559d-66dd16c6e466
c2e9588c-33ed-4458-b421-0084434c2c72,5a89d275-843f-42b1-87a4-093a5c60c342,89f190f4-0d7e-fafe-5bab-dd5dfd647cb2
e82cc488-e538-4936-936c-411f80015bb8,188494ae-84ff-4b9c-a87d-aebb9ecb0b33,816af09f-efed-c920-43c3-042bc9696f0d
3841954d-099f-466b-8271-0f05f26f4b38,72627ce5-959b-4052-8326-9066ef366c41,816af09f-efed-c920-43c3-042bc9696f0d
54a8d730-172a-4c56-b9a7-2d31e76dfef4,ae6be281-1627-54a5-9e69-5f9e9a751fad,8578e802-08ab-1d2b-e599-c3b247d9165c
3d8cd674-ebf4-4476-a048-89ffb13b787f,459d1d84-0326-8ecd-5292-f6ba7878e779,89f190f4-0d7e-fafe-5bab-dd5dfd647cb2
d579fdf2-3ea4-4b86-8181-9809de7d021e,29e6a74e-af97-138a-496b-92c7e2af39c6,816af09f-efed-c920-43c3-042bc9696f0d
c38585cd-e99c-467b-b67a-6e5ae369d672,b463a73e-6ab0-6361-3072-ec4552658a01,1e35ee58-8dc3-c03b-f223-0a2e9bde90b4
20705197-8707-4034-b433-7c7271d631e7,994c8e8e-dc2d-0146-859b-918c6e97751d,1e35ee58-8dc3-c03b-f223-0a2e9bde90b4
972ba37a-019d-47f1-8a2c-14460d6a6fba,195f5cb4-5c73-8674-cbd3-4936c2f3a3dc,e64d226d-1d88-a330-ae45-a66bd201b031
fc918303-cd91-41dc-a4f8-fc00adf25e1f,b3dc56dd-4e80-f97e-b817-febf00f3d32d,c68f5fed-d4be-afb9-559d-66dd16c6e466
3b697fb7-f6dc-4f6c-832e-f89048f77de3,4fb27a20-d808-01dc-8c15-a1b6df57ff2c,e64d226d-1d88-a330-ae45-a66bd201b031
f52988f0-c209-464a-911e-eb4d08e1a63b,04f30e29-a472-453f-492d-7b62d18057d2,7c1dc1c9-d59c-6826-b507-6bb38dfb5ee4
7bf8bb29-dbc4-48b7-a00b-bad35f438444,1ede6c52-cace-1dd7-fbd4-b51716c8e958,89f190f4-0d7e-fafe-5bab-dd5dfd647cb2
c44e44b3-8d77-4fd6-b0d8-07f333a83c5d,7a66e8e5-d487-e284-5914-d5e970304309,e64d226d-1d88-a330-ae45-a66bd201b031
2faa2afb-1d1e-4191-ab30-bc5ac44942c9,6bf262d6-e676-112c-d099-782b01569b1f,c68f5fed-d4be-afb9-559d-66dd16c6e466
ce458c4b-e28a-40c9-899a-a27771dd4c74,2eae1ae1-0245-1267-f04e-6e0d64351175,e64d226d-1d88-a330-ae45-a66bd201b031
840b9410-812f-4e4e-bb4c-5a905ef900c0,ca00d0d1-082d-ceba-cba1-15a4269eedb1,c68f5fed-d4be-afb9-559d-66dd16c6e466
d88b6154-88ae-4bb8-ba7a-fe2912c5831b,5ae3cbf5-7ff5-ff0f-6c81-bc6c3d6f8ed3,e64d226d-1d88-a330-ae45-a66bd201b031
1b54e672-33d5-4d86-ae8f-ec54b1607b45,6a402dfd-6164-25bc-2fd3-eefd4d35185a,8578e802-08ab-1d2b-e599-c3b247d9165c
eaf241ad-65e7-4259-bb2d-409eb28556f9,4deff295-db62-2b93-346a-9fa4a881fea7,816af09f-efed-c920-43c3-042bc9696f0d
ff75ffcc-fd9a-4624-a091-fb7fd1373097,54502675-b4d6-8d3d-a579-b5ac64785442,e64d226d-1d88-a330-ae45-a66bd201b031
50ecdfb0-6a38-49a4-89b7-06c779ae8ce8,847d54a8-ac3e-4932-938a-abc3846b6422,e64d226d-1d88-a330-ae45-a66bd201b031
e93c0b66-d5da-4f9c-9e0a-bc9618483923,e26d1019-2b08-491a-878b-233bfa8258d4,e64d226d-1d88-a330-ae45-a66bd201b031
f48678f1-e9d8-4128-a90c-825c79e32f9a,13586d5e-dacd-49b4-bc16-15202acc7592,8578e802-08ab-1d2b-e599-c3b247d9165c
4caea8c4-f0e8-427d-b49e-971a5aa7bf2f,814c48ca-79cb-43e8-81af-ce00bc05bf93,8578e802-08ab-1d2b-e599-c3b247d9165c
77ce2382-8ce1-4d09-ac23-34f28c52fe80,bd6a5e81-5f06-43d3-b4b5-bf5996d98ad3,8578e802-08ab-1d2b-e599-c3b247d9165c
67d6d688-75bf-4e35-ad88-dd49fadb8c44,1693ea7a-d88e-9838-89b8-c67931a3313d,8578e802-08ab-1d2b-e599-c3b247d9165c
0a01147b-ec8b-401c-a029-f7b3a875ffeb,403a3279-ae76-156b-9741-12e38431caf9,8578e802-08ab-1d2b-e599-c3b247d9165c
33bb2b0d-be8b-4cf5-8d3b-ad0d6c996d8b,f56b8d40-f670-4d61-9bee-c8bc7b3fb214,8578e802-08ab-1d2b-e599-c3b247d9165c
692c5169-3367-4bbe-8322-bd097f0634da,f9c5d58b-07de-4d9b-81da-54fc6e00aff8,8578e802-08ab-1d2b-e599-c3b247d9165c
454ae189-78b8-46c8-a5e3-127f76646490,37ee75ba-fa4c-44bf-a848-d591acf91918,8578e802-08ab-1d2b-e599-c3b247d9165c
cc74c53a-5dcc-4b46-8f6f-3e1d17748169,48be3940-657b-4724-a139-2c12418012dd,8578e802-08ab-1d2b-e599-c3b247d9165c
1d997ded-c16c-4680-9fb2-4a553ba7d81e,039b24af-6b3d-4b76-8fe2-8c2f513f391a,8578e802-08ab-1d2b-e599-c3b247d9165c
f8792d29-f330-4f88-b669-8a9761800879,39968465-18ae-7a52-41d1-ee59e591c96a,8578e802-08ab-1d2b-e599-c3b247d9165c
e9864162-d8fa-47e2-a467-8a1c2974f9b5,3f0e8517-18cc-d034-30d9-7688fd9971bd,8578e802-08ab-1d2b-e599-c3b247d9165c
b127d4c7-1757-41ea-ae9f-24d25acace49,0eb398b9-5fbe-44ba-a59c-0be969f79766,8578e802-08ab-1d2b-e599-c3b247d9165c
f01d1cf0-0c76-4c73-8ef6-50acbcba6f8b,5623c211-5e6c-4af9-eb5b-bfc7619fad48,89f190f4-0d7e-fafe-5bab-dd5dfd647cb2
37b5b71a-492f-406f-9bbe-769f4ea98e07,34279005-d725-3ac4-e64a-d311bf75eada,8578e802-08ab-1d2b-e599-c3b247d9165c
6a170b9d-c288-421d-8ebf-09c983bef4bc,ff3678b4-55ee-a129-6bfc-8487f3ece501,8578e802-08ab-1d2b-e599-c3b247d9165c
0a0a76e1-d5f7-4a0f-9efd-421e608487a7,5139109f-d2c2-417d-983a-d0ba8d0abd9e,8578e802-08ab-1d2b-e599-c3b247d9165c
7f5372d7-4822-417a-a790-ed4198d55385,224db144-b303-4940-a96a-b5187744f16f,8578e802-08ab-1d2b-e599-c3b247d9165c
41655f66-bdfc-4ec1-b573-27519ae2852f,3be7ea5b-6bb6-42c2-be14-aca3c1656781,8578e802-08ab-1d2b-e599-c3b247d9165c
ada71d84-19d0-4e79-9c83-b81b420f45f7,6e73977a-d679-f4bf-f3c8-aef47d6cbe7a,8578e802-08ab-1d2b-e599-c3b247d9165c
1cf390ce-e9b4-4007-b67e-38fca6e22b39,64c5ebe8-28e6-4672-8a53-e97529371b9b,8578e802-08ab-1d2b-e599-c3b247d9165c
844534ed-2add-4bdb-b733-c1817637ef1a,647239c9-54ca-4ab1-a6f3-b3c47c207bf3,8578e802-08ab-1d2b-e599-c3b247d9165c
10173eb8-97fb-45d2-ba9a-1cc9cda213b3,747067f9-14a9-4ad5-8daf-d5087542c39b,8578e802-08ab-1d2b-e599-c3b247d9165c
3024f9de-c994-42c4-88bc-2e6d662ddb76,5aa7013b-e06b-46e0-a956-19dd19712e97,8578e802-08ab-1d2b-e599-c3b247d9165c
da7a3566-98b7-4b86-a137-463a6f788a9d,86b341c7-2706-41bd-80b6-cd9fe2dbe588,8578e802-08ab-1d2b-e599-c3b247d9165c
787f5a43-8eb2-4683-ae29-e6017394053d,5c2aab53-6b38-daf2-4d75-8cb83bcacc85,8578e802-08ab-1d2b-e599-c3b247d9165c
0e20d245-ae97-4736-8698-b6603593d3ba,8acf4ae8-3779-6bc3-c0ed-3ad7d3353801,8578e802-08ab-1d2b-e599-c3b247d9165c
29d62805-2e42-4e1d-adce-e41d649ed9ec,9fc75212-fbd7-4bf7-b909-c681a459494e,8578e802-08ab-1d2b-e599-c3b247d9165c
1da49b87-cdcd-436b-b102-009d91932847,523b6cd0-9586-46de-9f0f-2d086e0c8959,8578e802-08ab-1d2b-e599-c3b247d9165c
2c57238a-a7c5-4a6f-8a6b-781b2f1842aa,9ca52ca9-1870-e637-3861-77642afefc8b,8578e802-08ab-1d2b-e599-c3b247d9165c
1e9ac579-863e-4544-b4b6-d3f3a8605004,9cdba383-5f4d-4443-934f-163634d39260,8578e802-08ab-1d2b-e599-c3b247d9165c
a3354d5e-f158-40a6-95d4-5246bce5a143,9e1900fb-d11e-6050-806d-61254cc17b25,8578e802-08ab-1d2b-e599-c3b247d9165c
18787de5-5e0c-48a5-9bb7-7f0bb49b7e93,962c4b78-54f6-4ff5-aa65-7061cf051c40,8578e802-08ab-1d2b-e599-c3b247d9165c
51736ed6-46e6-488f-ae52-eaa8712c30bb,728bfd99-e5e6-ee25-37d9-eeb1b366303d,8578e802-08ab-1d2b-e599-c3b247d9165c
7753d5a4-10e7-42e7-918e-f65ed31926b8,54e7be7e-182b-0f01-b847-84b6c317557d,8578e802-08ab-1d2b-e599-c3b247d9165c
1b73d329-e645-4ebc-a734-a6929c3c273e,da5d6ef2-d2ad-4533-9076-aa09fd31c2e4,8578e802-08ab-1d2b-e599-c3b247d9165c
5bda6332-f75b-4bc5-a073-4a4d069426ff,d7c4e3bd-ccbc-4487-a098-a3a759772774,8578e802-08ab-1d2b-e599-c3b247d9165c
b3c7e6f4-611d-4151-a419-cbb7e60daf57,d67fb55f-d589-4188-f237-7ad95af5b272,8578e802-08ab-1d2b-e599-c3b247d9165c
9ddf6190-d1af-41c7-9886-844f9b72d23d,badcceaa-4fb4-208a-f97d-ba30a93bfde6,8578e802-08ab-1d2b-e599-c3b247d9165c
497b8f08-37c3-4c53-bb1c-2eb164667956,e4c17d1d-3e78-e86d-880a-4acb5bd27bc3,8578e802-08ab-1d2b-e599-c3b247d9165c
c912d523-0ee4-4b58-899b-2a56c750bc68,bacfe61e-567a-84d4-2ee6-ccfc880cfbd8,8578e802-08ab-1d2b-e599-c3b247d9165c
bc22e8ce-7388-44cc-b417-f612df6aeaf2,ba13b719-0b68-456a-bb09-e98768223036,8578e802-08ab-1d2b-e599-c3b247d9165c
0719b6b9-8d5c-4c71-88d7-0c8ba808beeb,aa008501-2048-229c-70a4-3beb7820e672,8578e802-08ab-1d2b-e599-c3b247d9165c
e39e49e9-f654-4f98-a059-a75906014cbd,dfe1f97c-cc2d-4d0d-853c-5c2c14865792,8578e802-08ab-1d2b-e599-c3b247d9165c
4c715e9d-eb66-4ccc-906d-ab0a77b0ac72,aaf2ca59-ca56-4735-b160-ca258d27ddc4,8578e802-08ab-1d2b-e599-c3b247d9165c
ff0732ed-b1c0-419a-b0cb-f892b4f5d775,df1e0374-015b-408a-b1e4-17553cb7cb6c,8578e802-08ab-1d2b-e599-c3b247d9165c
04fca6ce-7486-4de6-b17b-e2f914ac01bf,d81de71f-9e8e-7324-b9d3-977d181552fb,8578e802-08ab-1d2b-e599-c3b247d9165c
7bce29cb-27f4-470d-9d21-8117226b0164,d56e6eae-6d8a-4a1c-b021-01923c620b02,8578e802-08ab-1d2b-e599-c3b247d9165c
3430c2e0-8f45-4d9b-b77d-8c45404bad74,c902ff4e-5ba5-46f2-9139-baf08c0aa36f,8578e802-08ab-1d2b-e599-c3b247d9165c
55ebe964-d82f-414c-8b64-957d18dbe4b3,a8b2e7f3-1b8f-1682-0618-dd014b10ca8c,8578e802-08ab-1d2b-e599-c3b247d9165c
ca96b2a7-c605-4adc-bfc7-e599531ad976,712bf81c-9fc2-4a9e-98e4-395af5ee5854,8578e802-08ab-1d2b-e599-c3b247d9165c
c116bb72-4202-4167-bc1a-355f15e45ebc,e9a5afbd-a153-488f-b60f-9d60c7256803,8578e802-08ab-1d2b-e599-c3b247d9165c
f54293c8-7778-48c4-861b-c7e1eca09ecc,e2eca9de-c716-4018-a1cc-5ab3952b865f,8578e802-08ab-1d2b-e599-c3b247d9165c
cd38a0d1-53d2-44a7-8333-d037fe5b172c,ff3dc5b2-61a0-40d9-a242-94499a408eba,8578e802-08ab-1d2b-e599-c3b247d9165c
f2fb00d5-d556-4fbd-87ce-fc932d4ecd58,ff74de92-95c2-d999-2044-9270258a33df,8578e802-08ab-1d2b-e599-c3b247d9165c
d80fd1e9-10f0-407f-97e1-0fdd5690c789,f1d8ce61-9ee5-ad2c-72d3-b6fc90280bbe,8578e802-08ab-1d2b-e599-c3b247d9165c
4a66f0b3-33fd-4907-afd2-1e646be9acbe,f7d94987-0f4f-4d00-96ea-0fecc010ef18,8578e802-08ab-1d2b-e599-c3b247d9165c
c9b3aec1-a4c6-4309-a600-a9de593df85f,f8524824-049b-4462-b0f8-df5324e95ed8,8578e802-08ab-1d2b-e599-c3b247d9165c
bb809050-eb45-4db5-8795-bd9133817e77,f4a9cb54-36fe-445d-b280-f68fe0e6a20d,8578e802-08ab-1d2b-e599-c3b247d9165c
b2e67242-8f03-4305-a75b-32494979eab8,ef83ac08-aa78-780d-ea59-f1075a9fc600,8578e802-08ab-1d2b-e599-c3b247d9165c
7052f1a2-3391-46be-b634-ded36701e9f4,ee83be75-8390-aaa5-f263-fadc59a1352d,8578e802-08ab-1d2b-e599-c3b247d9165c
57c8b585-e8f6-42fe-be77-f52b3cbbfda0,7a96fcc6-72d0-99c9-17d4-0ddc6bacf170,8578e802-08ab-1d2b-e599-c3b247d9165c
c839510f-7f74-4b95-ae80-846a9a01d15e,d5f89e44-480f-1977-9b11-94290e5c4d02,e64d226d-1d88-a330-ae45-a66bd201b031
97bbb5c3-da90-435c-8a74-c580e1c3b02a,67383250-f8a1-470a-439b-5e2367c8acfb,1e35ee58-8dc3-c03b-f223-0a2e9bde90b4
4a26577f-c7d0-4301-b5d0-5b6d8080c66c,689d524a-f769-2b56-1c4f-e229c1d033e4,8578e802-08ab-1d2b-e599-c3b247d9165c
40dbedec-ac1d-4613-9745-9514921ec01d,fb63c3a9-9a75-ed98-9f69-d281c2420d79,8578e802-08ab-1d2b-e599-c3b247d9165c
de9a99ac-2acc-4f06-93df-c8f6ae6da64e,a8c3ca42-7e39-d11b-7df0-364f633858b4,8578e802-08ab-1d2b-e599-c3b247d9165c
671332fc-f776-4a21-9600-a0e8bde951a5,aac78fed-ca4b-0535-1947-806f7ab19097,8578e802-08ab-1d2b-e599-c3b247d9165c
3b2ffecf-1d9a-4d87-acb3-1f736be8abe4,0d5026f5-09de-192f-19c2-679e374e69f1,8578e802-08ab-1d2b-e599-c3b247d9165c
b50d65c2-e0c7-4621-80fc-6935c043e4e3,cc8b94cb-85cb-2dc6-ac57-0d4cc4bb0886,8578e802-08ab-1d2b-e599-c3b247d9165c
e87d126c-8738-4baa-bba7-73a6049d3744,8e555ab6-ad5b-97a1-a63c-e73d63c10d68,8578e802-08ab-1d2b-e599-c3b247d9165c
b1cc7114-ccdb-4fcb-98f0-0e5241871611,c51967f8-6d0d-f6cd-05ca-d4768acec662,8578e802-08ab-1d2b-e599-c3b247d9165c
,,
,,
,,
,,
,,
,,
,,
,,
,,
,,
,,
,,
,,
,,
,,
,,
,,
,,
,,
,,
,,
,,
,,
,,
,,
,,
,,
,,
,,
,,
,,
,,
,,
,,
,,
,,
,,
,,
,,
,,
,,
,,
,,
,,
,,
,,
,,
,,
,,
,,
,,
,,
,,
,,
,,
,,
,,
,,
,,
,,
,,
,,
,,
,,
,,
,,
,,
,,
,,
,,
,,
,,
,,
,,
,,
,,
,,
,,
,,
,,
,,
,,
,,
,,
,,
,,
,,
,,
,,
,,
,,
,,
,,
,,
,,
,,
,,
,,
,,
,,
,,
,,
,,
,,
,,
,,
,,
,,
,,
,,
,,
,,
,,
,,
,,
,,
,,
,,
,,
,,
,,
,,
,,
,,
,,
,,
,,
,,
,,
,,
,,
,,
,,
,,
,,
,,
,,
,,
,,
,,
,,
,,
,,
,,
,,
,,
,,
,,
,,
,,
,,
,,
,,
,,
,,
,,
,,
,,
,,
,,
,,
,,
,,
,,
,,
,,
,,
,,
,,
,,
,,
,,
,,
,,
,,
,,
,,
,,
,,
,,
,,
,,
,,
,,
,,
,,
,,
,,
,,
,,
,,
,,
,,
,,
,,
,,
,,
,,
,,
,,
,,
,,
,,
,,
,,
,,
,,
,,
,,
,,
,,
,,
,,
,,
,,
,,
,,
,,
,,
,,
,,
,,
,,
,,
,,
,,
,,
,,
,,
,,
,,
,,
,,
,,
,,
,,
,,
,,
,,
,,
,,
,,
,,
,,
,,
,,
,,
,,
,,
,,
,,
,,
,,
,,
,,
,,
