pkid,name,description,dialplanwizardgenid,clause,resettoggle,tkreset,tkpartitionusage
34f57d8d-17b3-4e1c-8cb8-bb675546fa14,FXS-SME-SIP-INBOUND_css,FXS-SME-SIP-INBOUND_css,,FXS-SME_SIP-INBOUND_par:7-FXF-CORP-URI_par,f,2,99
ec1746f2-303a-66fa-ce42-5322b669a44b,FXF-ORL-APP-css,ORL CSS to be Applied to the Lines,,BLOCKED-GENERAL-par:FXF-ORL-APP-par:1-FXF-SITE-911_par:1-FXF-SITE-internal_par:2-FXF-SITE-LOCAL_par:1-FXF_SpeedDial_par:3-FXF-SITE-LD-SME_par:4-FXF-SITE-International_par:6-VMPilot_par,f,2,99
b855ba05-29d0-c2da-6957-a121050b3406,FSC-HYCA-APP-css,HYCA CSS to be Applied to the Lines,,BLOCKED-GENERAL-par:1-FXF-SITE-911_par:FSC-HYCA-APP-par:1-FXF-SITE-internal_par:2-FXF-SITE-LOCAL_par:3-FXF-SITE-LD-SME_par:4-FXF-SITE-International_par:6-VMPilot_par,f,2,99
f9e7f0c3-ea8f-49dc-0803-53a40368ed01,FXF-ANB-APP-css,ANB CSS to be Applied to the Lines,,BLOCKED-GENERAL-par:1-FXF-SITE-911_par:FXF-ANB-APP-par:1-FXF-SITE-internal_par:1-FXF_SpeedDial_par:2-FXF-SITE-LOCAL_par:3-FXF-SITE-LD-SME_par:4-FXF-SITE-International_par:6-VMPilot_par,f,2,99
3f64d228-1169-7809-f5bb-b4588aa9353b,FXF-ABY-APP-css,ABY CSS to be Applied to the Lines,,BLOCKED-GENERAL-par:1-FXF-SITE-911_par:FXF-ABY-APP-par:1-FXF-SITE-internal_par:1-FXF_SpeedDial_par:2-FXF-SITE-LOCAL_par:3-FXF-SITE-LD-SME_par:4-FXF-SITE-International_par:6-VMPilot_par,f,2,99
28422e92-83ea-b392-652c-7f7bdd7feb81,FXF-WNJ-APP-css,WNJ CSS to be Applied to the Lines,,BLOCKED-GENERAL-par:1-FXF-SITE-911_par:FXF-WNJ-APP-par:1-FXF-SITE-internal_par:1-FXF_SpeedDial_par:2-FXF-SITE-LOCAL_par:3-FXF-SITE-LD-SME_par:4-FXF-SITE-International_par:6-VMPilot_par,f,2,99
33a582c5-3f76-8f8e-7952-0c83f325bf50,FSC-ULJV-APP-css,ULJV CSS to be Applied to the Lines,,BLOCKED-GENERAL-par:1-FXF-SITE-911_par:FSC-ULJV-APP-par:1-FXF-SITE-internal_par:2-FXF-SITE-LOCAL_par:3-FXF-SITE-LD-SME_par:4-FXF-SITE-International_par:6-VMPilot_par,f,2,99
8105fe11-af77-a14e-19ca-d67185c7dd15,FXF-DLH-APP-css,DLH CSS to be Applied to the Lines,,BLOCKED-GENERAL-par:1-FXF-SITE-911_par:FXF-DLH-APP-par:1-FXF-SITE-internal_par:2-FXF-SITE-LOCAL_par:1-FXF_SpeedDial_par:3-FXF-SITE-LD-SME_par:4-FXF-SITE-International_par:6-VMPilot_par,f,2,99
9a371bfa-21d0-aaa1-0833-3f5026d41523,FXF-PHX-APP-css,PHX CSS to be Applied to the Lines,,BLOCKED-GENERAL-par:1-FXF-SITE-911_par:FXF-PHX-APP-par:1-FXF-SITE-internal_par:1-FXF_SpeedDial_par:2-FXF-SITE-LOCAL_par:3-FXF-SITE-LD-SME_par:4-FXF-SITE-International_par:6-VMPilot_par,f,2,99
c7539029-784e-083a-632e-236b75af5948,FXF-SBG-APP-css,FXF Site Application Routing,,FXF-SBG-APP-par:1-FXF-SITE-911_par:1-FXF-SITE-internal_par:1-FXF_SpeedDial_par:2-FXF-SITE-LOCAL_par:3-FXF-SITE-LD-SME_par:4-FXF-SITE-International_par:6-VMPilot_par,f,2,99
a9fc3e08-835c-60c2-ebe9-306d517e72a0,FXF-PRS-APP-css,PRS CSS to be Applied to the Lines,,BLOCKED-GENERAL-par:1-FXF-SITE-911_par:FXF-PRS-APP-par:1-FXF-SITE-internal_par:1-FXF_SpeedDial_par:2-FXF-SITE-LOCAL_par:3-FXF-SITE-LD-SME_par:4-FXF-SITE-International_par:6-VMPilot_par,f,2,99
6e92532b-aaaf-0be0-3948-30e56cd51c40,FXF-LAL-Mail-css,Lakeland Elevator Ring Down CSS,,FXF-LAL-MAIL-par:1-FXF-SITE-internal_par,f,2,99
ad635c15-53be-f6c9-5b61-2d2bfcccd3e9,FXF-CGX-APP-css,CGX CSS to be Applied to the Lines,,BLOCKED-GENERAL-par:FXF-CGX-APP-par:1-FXF-SITE-911_par:1-FXF-SITE-internal_par:1-FXF_SpeedDial_par:2-FXF-SITE-LOCAL_par:3-FXF-SITE-LD-SME_par:4-FXF-SITE-International_par:6-VMPilot_par,f,2,99
e5f33220-5262-bf19-2c20-2379b3f56ab5,FXF-BRY-APP-css,BRY CSS to be Applied to the Lines,,BLOCKED-GENERAL-par:1-FXF-SITE-911_par:FXF-BRY-APP-par:1-FXF-SITE-internal_par:1-FXF_SpeedDial_par:2-FXF-SITE-LOCAL_par:3-FXF-SITE-LD-SME_par:4-FXF-SITE-International_par:6-VMPilot_par,f,2,99
c74a8585-752b-3afb-9e75-7b61f31db949,FXF-DAY-APP-css,DAY CSS to be Applied to the Lines,,BLOCKED-GENERAL-par:FXF-DAY-APP-par:1-FXF-SITE-911_par:1-FXF-SITE-internal_par:1-FXF_SpeedDial_par:2-FXF-SITE-LOCAL_par:3-FXF-SITE-LD-SME_par:4-FXF-SITE-International_par:6-VMPilot_par,f,2,99
8eb780af-fe2a-44ca-1502-c27dc73c7256,FXF-FAY-APP-css,FAY CSS to be Applied to the Lines,,BLOCKED-GENERAL-par:1-FXF-SITE-911_par:FXF-FAY-APP-par:1-FXF-SITE-internal_par:1-FXF_SpeedDial_par:2-FXF-SITE-LOCAL_par:3-FXF-SITE-LD-SME_par:4-FXF-SITE-International_par:6-VMPilot_par,f,2,99
37f4c90b-933f-b7fb-be19-cd1af515bf36,FXF-PHN-APP-css,PHN CSS to be Applied to the Lines,,BLOCKED-GENERAL-par:1-FXF-SITE-911_par:1-FXF-SITE-internal_par:FXF-PHN-APP-par:1-FXF_SpeedDial_par:2-FXF-SITE-LOCAL_par:3-FXF-SITE-LD-SME_par:4-FXF-SITE-International_par:6-VMPilot_par,f,2,99
534f08e4-8466-79a5-be0f-1a19f1f007f4,FXF-HOT-APP-css,HOT CSS to be Applied to the Lines,,BLOCKED-GENERAL-par:1-FXF-SITE-911_par:FXF-HOT-APP-par:1-FXF-SITE-internal_par:2-FXF-SITE-LOCAL_par:1-FXF_SpeedDial_par:3-FXF-SITE-LD-SME_par:4-FXF-SITE-International_par:6-VMPilot_par,f,2,99
0917cf66-bff1-7a1c-872c-edbc3742c0ed,FXF-TAC-APP-css,TAC CSS to be Applied to the Lines,,BLOCKED-GENERAL-par:FXF-TAC-APP-par:1-FXF-SITE-internal_par:1-FXF_SpeedDial_par:2-FXF-SITE-LOCAL_par:3-FXF-SITE-LD-SME_par:4-FXF-SITE-International_par:6-VMPilot_par,f,2,99
70512c4c-6c7b-65ed-2f5c-ffa321d4a0e1,FXF-RKI-APP-css,RKI CSS to be Applied to the Lines,,BLOCKED-GENERAL-par:FXF-RKI-APP-par:1-FXF-SITE-911_par:1-FXF-SITE-internal_par:1-FXF_SpeedDial_par:2-FXF-SITE-LOCAL_par:3-FXF-SITE-LD-SME_par:4-FXF-SITE-International_par:6-VMPilot_par,f,2,99
34c0863e-0545-e286-1b2c-18a5b7934ddf,FXF-PAS-APP-css,FXF Site Application Routing,,FXF-PAS-APP-par:1-FXF-SITE-911_par:1-FXF-SITE-internal_par:1-FXF_SpeedDial_par:2-FXF-SITE-LOCAL_par:3-FXF-SITE-LD-SME_par:4-FXF-SITE-International_par:6-VMPilot_par,f,2,99
4fb71d01-db8c-6596-a258-d19c8da2114d,FXF-AVO-APP-css,FXF Site Application Routing,,1-FXF-SITE-911_par:1-FXF-SITE-internal_par:FXF-AVO-APP-par:1-FXF_SpeedDial_par:2-FXF-SITE-LOCAL_par:3-FXF-SITE-LD-SME_par:4-FXF-SITE-International_par:6-VMPilot_par,f,2,99
30ddc420-e14e-aafa-ba7f-e3100eec7ce3,FXF-BOS-APP-css,BOS CSS to be Applied to the Lines,,BLOCKED-GENERAL-par:1-FXF-SITE-911_par:1-FXF-SITE-internal_par:FXF-BOS-APP-par:2-FXF-SITE-LOCAL_par:1-FXF_SpeedDial_par:3-FXF-SITE-LD-SME_par:4-FXF-SITE-International_par:6-VMPilot_par,f,2,99
dc61c42c-0c69-0210-2346-23e170d59b48,FSC-MONG-APP-css,MONG CSS to be Applied to the Lines,,BLOCKED-GENERAL-par:1-FXF-SITE-911_par:FSC-MONG-APP-par:1-FXF-SITE-internal_par:2-FXF-SITE-LOCAL_par:3-FXF-SITE-LD-SME_par:4-FXF-SITE-International_par:6-VMPilot_par,f,2,99
66fd80ef-6910-b5e4-7d97-1c6f6d6cd916,FXF-COU-APP-css,COU CSS to be Applied to the Lines,,BLOCKED-GENERAL-par:1-FXF-SITE-911_par:FXF-COU-APP-par:1-FXF-SITE-internal_par:1-FXF_SpeedDial_par:2-FXF-SITE-LOCAL_par:3-FXF-SITE-LD-SME_par:4-FXF-SITE-International_par:6-VMPilot_par,f,2,99
96b5ed88-b99f-680b-e1ac-1eeb6dc46790,FXF-PET-APP-css,FXF Site Application Routing,,BLOCKED-GENERAL-par:1-FXF-SITE-911_par:1-FXF-SITE-internal_par:FXF-PET-APP-par:1-FXF_SpeedDial_par:2-FXF-SITE-LOCAL_par:3-FXF-SITE-LD-SME_par:4-FXF-SITE-International_par:6-VMPilot_par,f,2,99
745d18ff-8d92-bebb-0bec-a1c23f0f1ddb,FXF-TGO-APP-css,TGO CSS to be Applied to the Lines,,FXF-TGO-APP-par:1-FXF-SITE-911_par:1-FXF-SITE-internal_par:1-FXF_SpeedDial_par:2-FXF-SITE-LOCAL_par:3-FXF-SITE-LD-SME_par:4-FXF-SITE-International_par:6-VMPilot_par,f,2,99
fc1efe0b-90bf-e427-747f-374e0371024f,FXF-OKC-APP-css,FXF Site Application Routing,,FXF-OKC-APP-par:BLOCKED-GENERAL-par:1-FXF-SITE-911_par:1-FXF-SITE-internal_par:1-FXF_SpeedDial_par:2-FXF-SITE-LOCAL_par:3-FXF-SITE-LD-SME_par:4-FXF-SITE-International_par:6-VMPilot_par,f,2,99
5e04ac8a-3094-652b-c9f2-fbbca7e0aebd,FXF-NAT-APP-css,FXF Site Application Routing,,FXF-NAT-APP-par:1-FXF-SITE-911_par:1-FXF-SITE-internal_par:1-FXF_SpeedDial_par:2-FXF-SITE-LOCAL_par:3-FXF-SITE-LD-SME_par:4-FXF-SITE-International_par:6-VMPilot_par,f,2,99
1607459e-870a-8735-ac81-15dfc1d1ab6a,BLOCKED-GENERAL-css,Enterprise-Policy Denied Numbers Blocked CSS,,BLOCKED-GENERAL-par,f,2,99
cf09c129-a8aa-0532-2704-8994a2362dff,FXF-SYR-APP-css,SYR CSS to be Applied to the Lines,,BLOCKED-GENERAL-par:1-FXF-SITE-911_par:FXF-SYR-APP-par:1-FXF-SITE-internal_par:1-FXF_SpeedDial_par:2-FXF-SITE-LOCAL_par:3-FXF-SITE-LD-SME_par:4-FXF-SITE-International_par:6-VMPilot_par,f,2,99
18105ca7-674e-7ab1-b5b1-4623586c9d9e,XFORM-MGCP-DNIS-OUT-css,Localize Egress PSTN DNIS to match telco Req,,XFORM-MGCP-DNIS-OUT-par,f,2,99
ea9bc65c-a1d3-b677-6029-941f627267c6,FXF-HRL-APP-css,HRL CSS to be Applied to the Lines,,BLOCKED-GENERAL-par:1-FXF-SITE-911_par:FXF-HRL-APP-par:1-FXF-SITE-internal_par:1-FXF_SpeedDial_par:2-FXF-SITE-LOCAL_par:3-FXF-SITE-LD-SME_par:4-FXF-SITE-International_par:6-VMPilot_par,f,2,99
13ffb935-e5ae-d962-4055-a84ebbe6df29,FXF-WNP-APP-css,WNP CSS to be Applied to the Lines,,BLOCKED-GENERAL-par:1-FXF-SITE-911_par:FXF-WNP-APP-par:1-FXF-SITE-internal_par:1-FXF_SpeedDial_par:2-FXF-SITE-LOCAL_par:3-FXF-SITE-LD-SME_par:4-FXF-SITE-International_par:6-VMPilot_par,f,2,99
c1203aca-27bb-973f-6095-afc61df4af9f,FXF-NWA-APP-css,FXF Site Application Routing,,FXF-NWA-APP-par:1-FXF-SITE-911_par:1-FXF-SITE-internal_par:1-FXF_SpeedDial_par:2-FXF-SITE-LOCAL_par:3-FXF-SITE-LD-SME_par:4-FXF-SITE-International_par:6-VMPilot_par,f,2,99
96f9c840-7822-0180-ae6d-116f51e0ef77,FSC-ULIL-APP-css,ULIL CSS to be Applied to the Lines,,BLOCKED-GENERAL-par:1-FXF-SITE-911_par:FSC-ULIL-APP-par:1-FXF-SITE-internal_par:2-FXF-SITE-LOCAL_par:3-FXF-SITE-LD-SME_par:4-FXF-SITE-International_par:6-VMPilot_par,f,2,99
5b9abe87-95e1-4875-efff-0fb01c1e18d4,FXF-RDU-GW_css,,,FXF-RDU-GW_par,f,2,99
47d32864-5557-4b9d-fc46-435dcdde139b,FXF-DTR-APP-css,FXF Site Application Routing,,BLOCKED-GENERAL-par:FXF-DTR-APP-par:1-FXF-SITE-911_par:1-FXF-SITE-internal_par:1-FXF_SpeedDial_par:2-FXF-SITE-LOCAL_par:3-FXF-SITE-LD-SME_par:4-FXF-SITE-International_par:6-VMPilot_par,f,2,99
da623bf6-9a5c-4c11-dbb2-37989d37eed8,XFORM-MGCP-ANI-OUT-css,Localize Egress PSTN ANI to match telco Req,,XFORM-MGCP-ANI-OUT-par,f,2,99
7e0a9137-9970-30d5-3232-16e19adc2292,FXF-SFL-APP-css,SFL CSS to be Applied to the Lines,,BLOCKED-GENERAL-par:1-FXF-SITE-911_par:FXF-SFL-APP-par:1-FXF-SITE-internal_par:1-FXF_SpeedDial_par:2-FXF-SITE-LOCAL_par:3-FXF-SITE-LD-SME_par:4-FXF-SITE-International_par:6-VMPilot_par,f,2,99
6ef7fe70-bd25-a025-66de-b8a3ed63c769,FXF-911_css,FXF 911 Calling,,1-FXF-SITE-911_par,f,2,99
5fbbf212-e311-5d56-cbfc-011ad5fd61a9,FXF-HBG-APP-css,HBG CSS to be Applied to the Lines,,BLOCKED-GENERAL-par:1-FXF-SITE-911_par:FXF-HBG-APP-par:1-FXF-SITE-internal_par:1-FXF_SpeedDial_par:2-FXF-SITE-LOCAL_par:3-FXF-SITE-LD-SME_par:4-FXF-SITE-International_par:6-VMPilot_par,f,2,99
fd269e1d-1f10-3a1e-e2a7-96a5fa9a7210,FXF-LVM-APP-css,LVM CSS to be Applied to the Lines,,BLOCKED-GENERAL-par:FXF-LVM-APP-par:1-FXF-SITE-911_par:1-FXF-SITE-internal_par:1-FXF_SpeedDial_par:2-FXF-SITE-LOCAL_par:3-FXF-SITE-LD-SME_par:4-FXF-SITE-International_par:6-VMPilot_par,f,2,99
39f39760-6851-4100-09d4-9515794c5521,FXF-GBO-APP-css,GBO CSS to be Applied to the Lines,,BLOCKED-GENERAL-par:FXF-GBO-APP-par:1-FXF-SITE-911_par:1-FXF-SITE-internal_par:1-FXF_SpeedDial_par:2-FXF-SITE-LOCAL_par:3-FXF-SITE-LD-SME_par:4-FXF-SITE-International_par:6-VMPilot_par,f,2,99
b9f1bc38-8417-f029-e556-a48e302494c1,FXF-RSG-APP-css,RSG CSS to be Applied to the Lines,,BLOCKED-GENERAL-par:1-FXF-SITE-911_par:FXF-RSG-APP-par:1-FXF-SITE-internal_par:2-FXF-SITE-LOCAL_par:1-FXF_SpeedDial_par:3-FXF-SITE-LD-SME_par:4-FXF-SITE-International_par:6-VMPilot_par,f,2,99
d128bf39-02db-c967-fc00-499c94c752e7,FXF-SBN-APP-css,SBN CSS to be Applied to the Lines,,BLOCKED-GENERAL-par:1-FXF-SITE-911_par:FXF-SBN-APP-par:1-FXF-SITE-internal_par:1-FXF_SpeedDial_par:2-FXF-SITE-LOCAL_par:3-FXF-SITE-LD-SME_par:4-FXF-SITE-International_par:6-VMPilot_par,f,2,99
d017c8e3-e8e1-b9a0-5fa3-51cf59dab856,FXF-MSN-APP-css,MSN CSS to be Applied to the Lines,,BLOCKED-GENERAL-par:1-FXF-SITE-911_par:FXF-MSN-APP-par:1-FXF-SITE-internal_par:1-FXF_SpeedDial_par:2-FXF-SITE-LOCAL_par:3-FXF-SITE-LD-SME_par:4-FXF-SITE-International_par:6-VMPilot_par,f,2,99
e975a9af-215f-e5aa-c8c2-29531ed716e7,FXF-FNT-APP-css,FNT CSS to be Applied to the Lines,,BLOCKED-GENERAL-par:1-FXF-SITE-911_par:FXF-FNT-APP-par:1-FXF-SITE-internal_par:1-FXF_SpeedDial_par:2-FXF-SITE-LOCAL_par:3-FXF-SITE-LD-SME_par:4-FXF-SITE-International_par:6-VMPilot_par,f,2,99
f1c31561-e62e-bcd2-9004-ac2390a5a8f7,FXF-FAR-APP-css,FXF Site Application Routing,,FXF-FAR-APP-par:1-FXF-SITE-911_par:1-FXF-SITE-internal_par:1-FXF_SpeedDial_par:2-FXF-SITE-LOCAL_par:3-FXF-SITE-LD-SME_par:4-FXF-SITE-International_par:6-VMPilot_par,f,2,99
70841b5b-6b56-73fd-9fa7-53dd7d3fbb26,FXF-PER-APP-css,PER CSS to be Applied to the Lines,,BLOCKED-GENERAL-par:1-FXF-SITE-internal_par:1-FXF-SITE-911_par:FXF-PER-APP-par:1-FXF_SpeedDial_par:2-FXF-SITE-LOCAL_par:3-FXF-SITE-LD-SME_par:4-FXF-SITE-International_par:6-VMPilot_par,f,2,99
7bcafb73-c481-0cdd-d4f7-cdc2b67735a1,FXF-WAT-APP-css,WAT CSS to be Applied to the Lines,,BLOCKED-GENERAL-par:1-FXF-SITE-911_par:FXF-WAT-APP-par:1-FXF_SpeedDial_par:1-FXF-SITE-internal_par:2-FXF-SITE-LOCAL_par:3-FXF-SITE-LD-SME_par:4-FXF-SITE-International_par:6-VMPilot_par,f,2,99
a211ff4f-8477-5b9e-35f6-9d7116c6ede9,FXF-LIN-APP-css,LIN CSS to be Applied to the Lines,,BLOCKED-GENERAL-par:1-FXF-SITE-911_par:FXF-LIN-APP-par:1-FXF-SITE-internal_par:1-FXF_SpeedDial_par:2-FXF-SITE-LOCAL_par:3-FXF-SITE-LD-SME_par:4-FXF-SITE-International_par:6-VMPilot_par,f,2,99
40f6920f-7122-b5e9-e451-55a4fadce240,FSC-TRPA-APP-css,TRPA CSS to be Applied to the Lines,,BLOCKED-GENERAL-par:1-FXF-SITE-911_par:FSC-TRPA-APP-par:1-FXF-SITE-internal_par:2-FXF-SITE-LOCAL_par:3-FXF-SITE-LD-SME_par:4-FXF-SITE-International_par:6-VMPilot_par,f,2,99
135a381d-4966-8610-7474-c2cc2d45def4,FXF-PVD-APP-css,PVD CSS to be Applied to the Lines,,BLOCKED-GENERAL-par:1-FXF-SITE-911_par:FXF-PVD-APP-par:1-FXF-SITE-internal_par:1-FXF_SpeedDial_par:2-FXF-SITE-LOCAL_par:3-FXF-SITE-LD-SME_par:4-FXF-SITE-International_par:6-VMPilot_par,f,2,99
28aa48cf-5f65-f5fc-8fa7-23eea95308e3,FXF-BMM-APP-css,BMM CSS to be Applied to the Lines,,BLOCKED-GENERAL-par:1-FXF-SITE-911_par:FXF-BMM-APP-par:1-FXF-SITE-internal_par:1-FXF_SpeedDial_par:2-FXF-SITE-LOCAL_par:3-FXF-SITE-LD-SME_par:4-FXF-SITE-International_par:6-VMPilot_par,f,2,99
cd74723f-0a63-8d2a-3653-83b7179791fb,FXF-EAB-APP-css,EAB CSS to be Applied to the Lines,,1-FXF-SITE-911_par:FXF-EAB-APP-par:1-FXF-SITE-internal_par:1-FXF_SpeedDial_par:2-FXF-SITE-LOCAL_par:3-FXF-SITE-LD-SME_par:4-FXF-SITE-International_par:6-VMPilot_par,f,2,99
cfa57e7a-ff1c-049b-f538-0ec7601e63ae,FXF-OSK-APP-css,OSK CSS to be Applied to the Lines,,BLOCKED-GENERAL-par:1-FXF-SITE-911_par:FXF-OSK-APP-par:1-FXF-SITE-internal_par:2-FXF-SITE-LOCAL_par:1-FXF_SpeedDial_par:3-FXF-SITE-LD-SME_par:4-FXF-SITE-International_par:6-VMPilot_par,f,2,99
cab98f13-2e70-074e-f420-9beedfd55aed,INBOUND_ICT_CSS,Inbound Calling Search Space for ICT,,1-FXF-SITE-internal_par:1-FXF_SpeedDial_par,f,2,99
996f7f24-1482-8064-8825-8f03c99fbdf8,FXF-NORMALIZE-css,Normalizes 11-Digit LD to 10-Digit LD,,FXF-INTERNAL-par:FXF-NORMALIZE-par,f,2,99
b348b17b-fa70-83f4-665d-892c68b93ef3,FXF-Global-PSTN_SME_css,FXF PSTN Calls to Global Route List Calling,,FXF-PSTN_SME_Par:1-FXF-SITE-internal_par,f,2,99
87ed001e-793b-63f3-ca8f-aece0a66d954,FXF-ODS-APP-css,FXF Site Application Routing,,BLOCKED-GENERAL-par:1-FXF-SITE-911_par:1-FXF-SITE-internal_par:FXF-ODS-APP-par:1-FXF_SpeedDial_par:2-FXF-SITE-LOCAL_par:3-FXF-SITE-LD-SME_par:4-FXF-SITE-International_par:6-VMPilot_par,f,2,99
4b2a5b0a-ff1e-9e1f-97c0-f4daf043ae26,FXF-ONG-APP-css,FXF Site Application Routing,,FXF-ONG-APP-par:1-FXF-SITE-911_par:1-FXF-SITE-internal_par:1-FXF_SpeedDial_par:2-FXF-SITE-LOCAL_par:3-FXF-SITE-LD-SME_par:4-FXF-SITE-International_par:6-VMPilot_par,f,2,99
2a2c34e4-7564-5354-0183-182cdf4173b5,FXF-FXCC-SEC_css,FXCC Security Paging CSS,,FXF-FXCC-APP_par:FXCCsecurityPage-par:FXCC-LOCAL_par:1-FXF-SITE-internal_par:FXCC-911_par:FXCC-LD-SME_par:FXCC-INTERNATIONAL_par:6-VMPilot_par,f,2,99
7508366a-7c3f-6a3e-fe84-b80f736f5e61,FXF-GVN-APP-css,FXF Site Application Routing,,BLOCKED-GENERAL-par:1-FXF-SITE-911_par:1-FXF-SITE-internal_par:FXF-GVN-APP-par:2-FXF-SITE-LOCAL_par:1-FXF_SpeedDial_par:3-FXF-SITE-LD-SME_par:4-FXF-SITE-International_par:6-VMPilot_par,f,2,99
42709de2-7cda-13cc-b0fa-6caaec73a606,FXF-NSL-APP-css,FXF Site Application Routing,,1-FXF-SITE-911_par:FXF-NSL-APP_par:1-FXF-SITE-internal_par:1-FXF_SpeedDial_par:2-FXF-SITE-LOCAL_par:3-FXF-SITE-LD-SME_par:4-FXF-SITE-International_par:6-VMPilot_par,f,2,99
68a288e6-2786-db4d-9992-df0c2335792f,FXF-NSD-APP-css,FXF Site Application Routing,,FXF-NSD-APP-par:1-FXF-SITE-911_par:1-FXF-SITE-internal_par:1-FXF_SpeedDial_par:2-FXF-SITE-LOCAL_par:3-FXF-SITE-LD-SME_par:4-FXF-SITE-International_par:6-VMPilot_par,f,2,99
e80c448f-bc22-d0f6-908c-c415ca6bb8e5,FXF-DCU-APP-css,DCU CSS to be Applied to the Lines,,BLOCKED-GENERAL-par:FXF-DCU-APP-par:1-FXF-SITE-911_par:1-FXF-SITE-internal_par:1-FXF_SpeedDial_par:2-FXF-SITE-LOCAL_par:3-FXF-SITE-LD-SME_par:4-FXF-SITE-International_par:6-VMPilot_par,f,2,99
8b43c7ec-b589-e833-b754-09152f58b8e4,FXF-ZZV-APP-css,FXF Site Application Routing,,FXF-ZZV-APP-par:1-FXF-SITE-911_par:1-FXF-SITE-internal_par:1-FXF_SpeedDial_par:2-FXF-SITE-LOCAL_par:3-FXF-SITE-LD-SME_par:4-FXF-SITE-International_par:6-VMPilot_par,f,2,99
b7d8a27c-c59f-339f-96a2-2ca50804b7cd,FXF-AVL-APP-css,AVL CSS to be Applied to the Lines,,BLOCKED-GENERAL-par:1-FXF-SITE-911_par:FXF-AVL-APP-par:1-FXF-SITE-internal_par:1-FXF_SpeedDial_par:2-FXF-SITE-LOCAL_par:3-FXF-SITE-LD-SME_par:4-FXF-SITE-International_par:6-VMPilot_par,f,2,99
d02fad6c-d71e-b2c3-869a-63c231da4bab,FXF-MDW-APP-css,MDW CSS to be Applied to the Lines,,BLOCKED-GENERAL-par:1-FXF-SITE-911_par:FXF-MDW-APP-par:1-FXF-SITE-internal_par:1-FXF_SpeedDial_par:2-FXF-SITE-LOCAL_par:3-FXF-SITE-LD-SME_par:4-FXF-SITE-International_par:6-VMPilot_par,f,2,99
6fa9f3ed-f15e-4d3c-775a-cc3761b5da8d,FXF-PLB-APP-css,FXF Site Application Routing,,FXF-PLB-APP-par:1-FXF-SITE-911_par:1-FXF-SITE-internal_par:1-FXF_SpeedDial_par:2-FXF-SITE-LOCAL_par:3-FXF-SITE-LD-SME_par:4-FXF-SITE-International_par:6-VMPilot_par,f,2,99
097434f2-e680-45e6-b63e-f2116b62f362,FXF-BLS-APP-css,FXF Site Application Routing,,FXF-BLS-APP-par:1-FXF-SITE-911_par:1-FXF-SITE-internal_par:1-FXF_SpeedDial_par:2-FXF-SITE-LOCAL_par:3-FXF-SITE-LD-SME_par:4-FXF-SITE-International_par:6-VMPilot_par,f,2,99
5359a2a5-0c95-50d9-138b-7b235ecd3248,FXF-EUG-APP-css,EUG CSS to be Applied to the Lines,,BLOCKED-GENERAL-par:1-FXF-SITE-911_par:FXF-EUG-APP-par:1-FXF-SITE-internal_par:1-FXF_SpeedDial_par:2-FXF-SITE-LOCAL_par:3-FXF-SITE-LD-SME_par:4-FXF-SITE-International_par:6-VMPilot_par,f,2,99
1f2a0afa-d321-c1cc-50ac-1d2e1f2a6da8,FXF-PST-APP-css,PST CSS to be Applied to the Lines,,BLOCKED-GENERAL-par:1-FXF-SITE-911_par:FXF-PST-APP-par:1-FXF-SITE-internal_par:2-FXF-SITE-LOCAL_par:1-FXF_SpeedDial_par:3-FXF-SITE-LD-SME_par:4-FXF-SITE-International_par:6-VMPilot_par,f,2,99
991d1698-ef9a-77e5-c6c3-040188c693d9,FXF-GLD-APP-css,GLD CSS to be Applied to the Lines,,BLOCKED-GENERAL-par:1-FXF-SITE-911_par:1-FXF-SITE-internal_par:FXF-GLD-APP-par:1-FXF_SpeedDial_par:2-FXF-SITE-LOCAL_par:3-FXF-SITE-LD-SME_par:4-FXF-SITE-International_par:6-VMPilot_par,f,2,99
489e8669-e3fc-51b3-1d98-6e60699379cf,FXF-RAP-APP-css,RAP CSS to be Applied to the Lines,,BLOCKED-GENERAL-par:1-FXF-SITE-911_par:FXF-RAP-APP-par:1-FXF-SITE-internal_par:1-FXF_SpeedDial_par:2-FXF-SITE-LOCAL_par:3-FXF-SITE-LD-SME_par:4-FXF-SITE-International_par:6-VMPilot_par,f,2,99
bcae008f-5ef1-4518-1a31-0f369c779298,FXF-WTL-APP-css,WTL CSS to be Applied to the Lines,,BLOCKED-GENERAL-par:1-FXF-SITE-911_par:FXF-WTL-APP-par:1-FXF-SITE-internal_par:1-FXF_SpeedDial_par:2-FXF-SITE-LOCAL_par:3-FXF-SITE-LD-SME_par:4-FXF-SITE-International_par:6-VMPilot_par,f,2,99
5453c9f8-3a95-c59b-e0e3-eb1d47a6fde9,FXF-EVT-APP-css,FXF Site Application Routing,,FXF-EVT-APP-par:1-FXF-SITE-911_par:1-FXF-SITE-internal_par:1-FXF_SpeedDial_par:2-FXF-SITE-LOCAL_par:3-FXF-SITE-LD-SME_par:4-FXF-SITE-International_par:6-VMPilot_par,f,2,99
4102c3a7-ba56-4128-e2a4-b621c4cbbb3c,FXF-VLD-APP-css,VLD CSS to be Applied to the Lines,,BLOCKED-GENERAL-par:1-FXF-SITE-911_par:FXF-VLD-APP-par:1-FXF-SITE-internal_par:1-FXF_SpeedDial_par:2-FXF-SITE-LOCAL_par:3-FXF-SITE-LD-SME_par:4-FXF-SITE-International_par:6-VMPilot_par,f,2,99
3650681f-dcc7-9248-99de-a5a1716b82db,FXF-WME-APP-css,FXF Site Application Routing,,FXF-WME-APP-par:1-FXF-SITE-911_par:1-FXF-SITE-internal_par:1-FXF_SpeedDial_par:2-FXF-SITE-LOCAL_par:3-FXF-SITE-LD-SME_par:4-FXF-SITE-International_par:6-VMPilot_par,f,2,99
de337974-af8b-b89b-8bbf-0dbbaf4c23c2,FSC-COMS-APP-css,COMS CSS to be Applied to the Lines,,BLOCKED-GENERAL-par:1-FXF-SITE-911_par:FSC-COMS-APP-par:1-FXF-SITE-internal_par:2-FXF-SITE-LOCAL_par:3-FXF-SITE-LD-SME_par:4-FXF-SITE-International_par:6-VMPilot_par,f,2,99
fc2d468c-7220-e37f-c4ea-8ee8b569bd76,FXF-OWA-APP-css,OWA CSS to be Applied to the Lines,,BLOCKED-GENERAL-par:1-FXF-SITE-911_par:FXF-OWA-APP-par:1-FXF-SITE-internal_par:1-FXF_SpeedDial_par:2-FXF-SITE-LOCAL_par:3-FXF-SITE-LD-SME_par:4-FXF-SITE-International_par:6-VMPilot_par,f,2,99
1087abc6-0d95-af19-e5e1-2fb708e8d862,FXF-TUL-APP-css,TUL CSS to be Applied to the Lines,,BLOCKED-GENERAL-par:FXF-TUL-APP-par:1-FXF-SITE-911_par:1-FXF-SITE-internal_par:1-FXF_SpeedDial_par:2-FXF-SITE-LOCAL_par:3-FXF-SITE-LD-SME_par:4-FXF-SITE-International_par:6-VMPilot_par,f,2,99
8d27c291-3a02-337f-09db-6f4399984929,FXF-LNY-APP-css,LNY CSS to be Applied to the Lines,,BLOCKED-GENERAL-par:1-FXF-SITE-911_par:FXF-LNY-APP-par:1-FXF-SITE-internal_par:1-FXF_SpeedDial_par:2-FXF-SITE-LOCAL_par:3-FXF-SITE-LD-SME_par:4-FXF-SITE-International_par:6-VMPilot_par,f,2,99
f82fc139-4768-11a6-2456-359dba88a5b4,FXF-SMN-APP-css,FXF Site Application Routing,,FXF-SMN-APP-par:1-FXF-SITE-911_par:1-FXF-SITE-internal_par:1-FXF_SpeedDial_par:2-FXF-SITE-LOCAL_par:3-FXF-SITE-LD-SME_par:4-FXF-SITE-International_par:6-VMPilot_par,f,2,99
06844d5f-c1c1-bdce-3af4-f15d594556c8,FXF-ROW-APP-css,ROW CSS to be Applied to the Lines,,BLOCKED-GENERAL-par:1-FXF-SITE-911_par:1-FXF-SITE-internal_par:FXF-ROW-APP-par:2-FXF-SITE-LOCAL_par:1-FXF_SpeedDial_par:3-FXF-SITE-LD-SME_par:4-FXF-SITE-International_par:6-VMPilot_par,f,2,99
49c93341-fe44-80ae-73d2-688c72bb2123,FXF-MON-APP-css,MON CSS to be Applied to the Lines,,1-FXF-SITE-911_par:FXF-MON-APP-par:1-FXF-SITE-internal_par:1-FXF_SpeedDial_par:2-FXF-SITE-LOCAL_par:3-FXF-SITE-LD-SME_par:4-FXF-SITE-International_par:6-VMPilot_par,f,2,99
736d7e3a-4bb2-974f-4c6c-aea44e19ba3b,FXF-MID-APP-css,FXF Site Application Routing,,FXF-MID-APP-par:1-FXF-SITE-911_par:1-FXF-SITE-internal_par:1-FXF_SpeedDial_par:2-FXF-SITE-LOCAL_par:3-FXF-SITE-LD-SME_par:4-FXF-SITE-International_par:6-VMPilot_par,f,2,99
e70b0de1-4300-c3be-ed6f-95a75eb059c3,FXF-HROSC-APP-css,FXF Site Application Routing,,FXF-HROSC-APP-par,f,2,99
052a9378-b164-90f1-975f-a6e38cca998d,FXF-CJE-APP-css,FXF Site Application Routing,,1-FXF-SITE-911_par:FXF-CJE-APP-par:1-FXF-SITE-internal_par:1-FXF_SpeedDial_par:2-FXF-SITE-LOCAL_par:3-FXF-SITE-LD-SME_par:4-FXF-SITE-International_par:6-VMPilot_par,f,2,99
9aaf3eec-7556-0c5d-8d2a-10c46ae4e07e,FXF-KCY-APP-css,KCY CSS to be Applied to the Lines,,BLOCKED-GENERAL-par:FXF-KCY-APP-par:1-FXF-SITE-911_par:1-FXF-SITE-internal_par:1-FXF_SpeedDial_par:2-FXF-SITE-LOCAL_par:3-FXF-SITE-LD-SME_par:4-FXF-SITE-International_par:6-VMPilot_par,f,2,99
482fae1d-5f66-2a76-e86e-4972578386aa,FXF-STK-APP-css,STK CSS to be Applied to the Lines,,BLOCKED-GENERAL-par:FXF-STK-APP-par:1-FXF-SITE-911_par:1-FXF-SITE-internal_par:1-FXF_SpeedDial_par:2-FXF-SITE-LOCAL_par:3-FXF-SITE-LD-SME_par:4-FXF-SITE-International_par:6-VMPilot_par,f,2,99
64a4767b-4fc5-d529-9fff-0ef7f0e9c2b5,FXF-POR-APP-css,POR CSS to be Applied to the Lines,,BLOCKED-GENERAL-par:FXF-POR-APP-par:1-FXF-SITE-911_par:1-FXF-SITE-internal_par:1-FXF_SpeedDial_par:2-FXF-SITE-LOCAL_par:3-FXF-SITE-LD-SME_par:4-FXF-SITE-International_par:6-VMPilot_par,f,2,99
11f31566-ab25-0f76-332a-4b76ee670cda,FXF-BOL-APP-css,FXF Site Application Routing,,1-FXF-SITE-911_par:1-FXF-SITE-internal_par:FXF-BOL-APP-par:1-FXF_SpeedDial_par:2-FXF-SITE-LOCAL_par:3-FXF-SITE-LD-SME_par:4-FXF-SITE-International_par:6-VMPilot_par,f,2,99
6cdb70c3-7cdc-2c10-0625-b5e1526c3af2,FXF-ENI-APP-css,ENI CSS to be Applied to the Lines,,BLOCKED-GENERAL-par:1-FXF-SITE-911_par:FXF-ENI-APP-par:1-FXF-SITE-internal_par:1-FXF_SpeedDial_par:2-FXF-SITE-LOCAL_par:3-FXF-SITE-LD-SME_par:4-FXF-SITE-International_par:6-VMPilot_par,f,2,99
6676c5f7-06d1-7e9f-2ee5-09464c38a13e,FXF-GRI-APP-css,GRI CSS to be Applied to the Lines,,FXF-GRI-APP-par:FXF-GRI-PARK:BLOCKED-GENERAL-par:1-FXF-SITE-911_par:1-FXF-SITE-internal_par:1-FXF_SpeedDial_par:2-FXF-SITE-LOCAL_par:3-FXF-SITE-LD-SME_par:4-FXF-SITE-International_par:6-VMPilot_par,f,2,99
9d3fddf7-5294-0b29-7824-6a141d8c5257,FXF-SWA-APP-css,FXF Site Application Routing,,FXF-SWA-APP-par:1-FXF-SITE-911_par:1-FXF-SITE-internal_par:1-FXF_SpeedDial_par:2-FXF-SITE-LOCAL_par:3-FXF-SITE-LD-SME_par:4-FXF-SITE-International_par:6-VMPilot_par,f,2,99
44f5d9f7-7689-6cd0-63ee-93fe9f23e526,FXF-LGO-APP-css,FXF Site Application Routing,,1-FXF-SITE-911_par:FXF-LGO-APP-par:1-FXF-SITE-internal_par:1-FXF_SpeedDial_par:2-FXF-SITE-LOCAL_par:3-FXF-SITE-LD-SME_par:4-FXF-SITE-International_par:6-VMPilot_par,f,2,99
069ff435-f11c-6be8-867f-de057f1211e5,FXF-IVN-APP-css,IVN CSS to be Applied to the Lines,,BLOCKED-GENERAL-par:1-FXF-SITE-911_par:FXF-IVN-APP-par:1-FXF-SITE-internal_par:1-FXF_SpeedDial_par:2-FXF-SITE-LOCAL_par:3-FXF-SITE-LD-SME_par:4-FXF-SITE-International_par:6-VMPilot_par,f,2,99
71fe8687-4794-6fa8-23a6-2f9dce99bfb0,FXF-FTA-APP-css,FTA CSS to be Applied to the Lines,,BLOCKED-GENERAL-par:FXF-FTA-APP-par:1-FXF-SITE-911_par:1-FXF-SITE-internal_par:1-FXF_SpeedDial_par:2-FXF-SITE-LOCAL_par:3-FXF-SITE-LD-SME_par:4-FXF-SITE-International_par:6-VMPilot_par,f,2,99
05b628d4-2f35-ee1a-0c05-ce45444c5de3,FXF-BRL-APP-css,BRL CSS to be Applied to the Lines,,BLOCKED-GENERAL-par:1-FXF-SITE-911_par:FXF-BRL-APP-par:1-FXF-SITE-internal_par:1-FXF_SpeedDial_par:2-FXF-SITE-LOCAL_par:3-FXF-SITE-LD-SME_par:4-FXF-SITE-International_par:6-VMPilot_par,f,2,99
cdab7f47-6c02-a077-2601-c6cad3f4c016,FSC-JTCA-APP-css,JTCA CSS to be Applied to the Lines,,BLOCKED-GENERAL-par:1-FXF-SITE-911_par:FSC-JTCA-APP-par:1-FXF-SITE-internal_par:2-FXF-SITE-LOCAL_par:3-FXF-SITE-LD-SME_par:4-FXF-SITE-International_par:6-VMPilot_par,f,2,99
c8c1bde0-2f39-3605-712d-6ff73ff62693,FXF-SDO-APP-css,SDO CSS to be Applied to the Lines,,BLOCKED-GENERAL-par:1-FXF-SITE-911_par:FXF-SDO-APP-par:1-FXF-SITE-internal_par:1-FXF_SpeedDial_par:2-FXF-SITE-LOCAL_par:3-FXF-SITE-LD-SME_par:4-FXF-SITE-International_par:6-VMPilot_par,f,2,99
41137b0e-e322-2086-ae7b-39049d74c7eb,FXF-SLC-APP-css,SLC CSS to be Applied to the Lines,,BLOCKED-GENERAL-par:1-FXF-SITE-911_par:FXF-SLC-APP-par:1-FXF-SITE-internal_par:1-FXF_SpeedDial_par:2-FXF-SITE-LOCAL_par:3-FXF-SITE-LD-SME_par:4-FXF-SITE-International_par:6-VMPilot_par,f,2,99
8cb359e9-36c8-0a65-147d-55680b37c109,FXF-OTW-APP-css,OTW CSS to be Applied to the Lines,,1-FXF-SITE-911_par:FXF-OTW-APP-par:1-FXF-SITE-internal_par:1-FXF_SpeedDial_par:2-FXF-SITE-LOCAL_par:3-FXF-SITE-LD-SME_par:4-FXF-SITE-International_par:6-VMPilot_par,f,2,99
91c44382-cce2-169a-ad67-d591041df5bd,FXF-SAL-APP-css,FXF Site Application Routing,,1-FXF-SITE-911_par:FXF-SAL-APP_par:1-FXF-SITE-internal_par:1-FXF_SpeedDial_par:2-FXF-SITE-LOCAL_par:3-FXF-SITE-LD-SME_par:4-FXF-SITE-International_par:6-VMPilot_par,f,2,99
b64809ba-6269-bade-91cf-a51170319f0c,FXF-POS-APP-css,POS CSS to be Applied to the Lines,,BLOCKED-GENERAL-par:1-FXF-SITE-911_par:FXF-POS-APP-par:1-FXF-SITE-internal_par:1-FXF_SpeedDial_par:2-FXF-SITE-LOCAL_par:3-FXF-SITE-LD-SME_par:4-FXF-SITE-International_par:6-VMPilot_par,f,2,99
b4c462de-a2c8-6c12-051f-ffe95c6110f6,FXF-NNW-APP-css,FXF Site Application Routing,,FXF-NNW-APP-par:1-FXF-SITE-911_par:1-FXF-SITE-internal_par:1-FXF_SpeedDial_par:2-FXF-SITE-LOCAL_par:3-FXF-SITE-LD-SME_par:4-FXF-SITE-International_par:6-VMPilot_par,f,2,99
125b968b-dd69-e086-44bf-6ae98dfaba6d,FXF-GNA-APP-css,GNA CSS to be Applied to the Lines,,BLOCKED-GENERAL-par:1-FXF-SITE-911_par:FXF-GNA-APP-par:1-FXF-SITE-internal_par:1-FXF_SpeedDial_par:2-FXF-SITE-LOCAL_par:3-FXF-SITE-LD-SME_par:4-FXF-SITE-International_par:6-VMPilot_par,f,2,99
6220fc23-d129-f3ab-9235-8e1d3227ff0b,FXF-BJI-APP-css,BJI CSS to be Applied to the Lines,,BLOCKED-GENERAL-par:1-FXF-SITE-911_par:FXF-BJI-APP-par:1-FXF-SITE-internal_par:2-FXF-SITE-LOCAL_par:1-FXF_SpeedDial_par:3-FXF-SITE-LD-SME_par:4-FXF-SITE-International_par:6-VMPilot_par,f,2,99
628e993f-1976-88e8-2027-0d54c3f6e9d0,FXF-FRO-APP-css,FRO CSS to be Applied to the Lines,,BLOCKED-GENERAL-par:1-FXF-SITE-911_par:FXF-FRO-APP-par:1-FXF-SITE-internal_par:1-FXF_SpeedDial_par:2-FXF-SITE-LOCAL_par:3-FXF-SITE-LD-SME_par:4-FXF-SITE-International_par:6-VMPilot_par,f,2,99
b6c65397-854b-a556-4696-d752c957c515,FXF-YNG-APP-css,YNG CSS to be Applied to the Lines,,BLOCKED-GENERAL-par:FXF-YNG-APP-par:1-FXF-SITE-911_par:1-FXF-SITE-internal_par:1-FXF_SpeedDial_par:2-FXF-SITE-LOCAL_par:3-FXF-SITE-LD-SME_par:4-FXF-SITE-International_par:6-VMPilot_par,f,2,99
c4316e13-0e7b-6c2c-65cb-841ac136c597,FXF-NWB-APP-css,NWB CSS to be Applied to the Lines,,BLOCKED-GENERAL-par:1-FXF-SITE-911_par:FXF-NWB-APP-par:1-FXF-SITE-internal_par:1-FXF_SpeedDial_par:2-FXF-SITE-LOCAL_par:3-FXF-SITE-LD-SME_par:4-FXF-SITE-International_par:6-VMPilot_par,f,2,99
1338b709-9588-6beb-d566-e35b309ee5a2,FXF-CBR-APP-css,FXF CBR CSS to be Applied to the Lines,,BLOCKED-GENERAL-par:1-FXF-SITE-911_par:FXF-CBR-APP-par:1-FXF-SITE-internal_par:1-FXF_SpeedDial_par:2-FXF-SITE-LOCAL_par:3-FXF-SITE-LD-SME_par:4-FXF-SITE-International_par:6-VMPilot_par,f,2,99
3b5e3222-0c75-238d-3bc3-f23645817990,FXF-SLV-APP-css,FXF Site Application Routing,,FXF-SLV-APP-par:1-FXF-SITE-911_par:1-FXF-SITE-internal_par:1-FXF_SpeedDial_par:2-FXF-SITE-LOCAL_par:3-FXF-SITE-LD-SME_par:4-FXF-SITE-International_par:6-VMPilot_par,f,2,99
1b8d0ea8-a794-cff6-e585-b4e898aa1bb4,FXF-RGH-APP-css,FXF Site Application Routing,,FXF-RGH-APP-par:1-FXF-SITE-911_par:1-FXF-SITE-internal_par:1-FXF_SpeedDial_par:2-FXF-SITE-LOCAL_par:3-FXF-SITE-LD-SME_par:4-FXF-SITE-International_par:6-VMPilot_par,f,2,99
0ddea741-52fd-b427-1460-0fedc103337e,FSC-GWIN-APP-css,GWIN CSS to be Applied to the Lines,,BLOCKED-GENERAL-par:1-FXF-SITE-911_par:FSC-GWIN-APP-par:1-FXF-SITE-internal_par:2-FXF-SITE-LOCAL_par:3-FXF-SITE-LD-SME_par:4-FXF-SITE-International_par:6-VMPilot_par,f,2,99
2749a9f9-07f8-1864-3db3-c6797f2e38dc,FXF-STX-APP-css,STX CSS to be Applied to the Lines,,BLOCKED-GENERAL-par:1-FXF-SITE-911_par:FXF-STX-APP-par:1-FXF-SITE-internal_par:1-FXF_SpeedDial_par:2-FXF-SITE-LOCAL_par:3-FXF-SITE-LD-SME_par:4-FXF-SITE-International_par:6-VMPilot_par,f,2,99
37ade643-d6cd-2fac-eac7-0dcc4df846fe,FXF-BSE-APP-css,BSE CSS to be Applied to the Lines,,BLOCKED-GENERAL-par:1-FXF-SITE-911_par:FXF-BSE-APP-par:1-FXF-SITE-internal_par:1-FXF_SpeedDial_par:2-FXF-SITE-LOCAL_par:3-FXF-SITE-LD-SME_par:4-FXF-SITE-International_par:6-VMPilot_par,f,2,99
25ef4101-6d8d-4ae2-e66a-8e5fc43b1fc6,FXF-CUB-APP-css,CUB CSS to be Applied to the Lines,,BLOCKED-GENERAL-par:1-FXF-SITE-911_par:FXF-CUB-APP-par:1-FXF-SITE-internal_par:1-FXF_SpeedDial_par:2-FXF-SITE-LOCAL_par:3-FXF-SITE-LD-SME_par:4-FXF-SITE-International_par:6-VMPilot_par,f,2,99
2195bf2e-9c76-1d56-3e81-40bad37bf099,FXF-WBA-APP-css,FXF Site Application Routing,,FXF-WBA-APP-par:1-FXF-SITE-911_par:1-FXF-SITE-internal_par:1-FXF_SpeedDial_par:2-FXF-SITE-LOCAL_par:3-FXF-SITE-LD-SME_par:4-FXF-SITE-International_par:6-VMPilot_par,f,2,99
5cbddaec-1aff-fd67-e921-d674a21c4b5a,Direct-RT-to-VM-css,Direct-RT-to-VM-css,,VM-Forwarding-par,f,2,99
582d22fa-449d-dffc-2fd6-e1de32afa6c8,FXF-CHA-APP_css,CHA CSS to be Applied to the Lines,,BLOCKED-GENERAL-par:1-FXF-SITE-911_par:FXF-CHA-APP-par:1-FXF-SITE-internal_par:1-FXF_SpeedDial_par:2-FXF-SITE-LOCAL-CAN_par:3-FXF-SITE-LD-SME_par:4-FXF-SITE-International_par:6-VMPilot_par,f,2,99
ce0ad011-d957-d824-aaf4-0cb0c6fc4266,FXCC-911_css,FXF 911 Calling,,CO-LO-E911-EGW_par,f,2,99
0760193e-31cc-cf28-dc5c-a00675806b38,FXF-DOT-APP-css,FXF Site Application Routing,,FXF-DOT-APP-par:1-FXF-SITE-911_par:1-FXF-SITE-internal_par:1-FXF_SpeedDial_par:2-FXF-SITE-LOCAL_par:3-FXF-SITE-LD-SME_par:4-FXF-SITE-International_par:6-VMPilot_par,f,2,99
ee8196ab-8f38-5ca0-dbe2-d4cc9e413dc8,FXF-LAW-APP-css,LAW CSS to be Applied to the Lines,,BLOCKED-GENERAL-par:1-FXF-SITE-911_par:FXF-LAW-APP-par:1-FXF-SITE-internal_par:1-FXF_SpeedDial_par:2-FXF-SITE-LOCAL_par:3-FXF-SITE-LD-SME_par:4-FXF-SITE-International_par:6-VMPilot_par,f,2,99
cbdd9364-6883-8098-f347-9c531ed05c4c,FXF-ALT-APP-css,ALT CSS to be Applied to the Lines,,BLOCKED-GENERAL-par:1-FXF-SITE-911_par:FXF-ALT-APP-par:1-FXF-SITE-internal_par:1-FXF_SpeedDial_par:2-FXF-SITE-LOCAL_par:3-FXF-SITE-LD-SME_par:4-FXF-SITE-International_par:6-VMPilot_par,f,2,99
d7d1f66b-5a0b-4ca4-89a7-d694bef9088a,FSC-CRAP-APP-css,CRAP CSS to be Applied to the Lines,,BLOCKED-GENERAL-par:1-FXF-SITE-911_par:FSC-CRAP-APP-par:1-FXF-SITE-internal_par:2-FXF-SITE-LOCAL_par:3-FXF-SITE-LD-SME_par:4-FXF-SITE-International_par:6-VMPilot_par,f,2,99
a2a11e40-3a2c-9932-de0a-800cbc37a0f0,FSC-FDCA-APP-css,FDCA CSS to be Applied to the Lines,,BLOCKED-GENERAL-par:1-FXF-SITE-911_par:FSC-FDCA-APP-par:1-FXF-SITE-internal_par:2-FXF-SITE-LOCAL_par:3-FXF-SITE-LD-SME_par:4-FXF-SITE-International_par:6-VMPilot_par,f,2,99
9af8109d-c488-18f4-847d-652ecc39d29e,FSC-PLOH-APP-css,PLOH CSS to be Applied to the Lines,,BLOCKED-GENERAL-par:1-FXF-SITE-911_par:FSC-PLOH-APP-par:1-FXF-SITE-internal_par:2-FXF-SITE-LOCAL_par:3-FXF-SITE-LD-SME_par:4-FXF-SITE-International_par:6-VMPilot_par,f,2,99
62ac4793-ab65-1968-54f4-cd71d699f825,FXF-JBR-APP-css,JBR CSS to be Applied to the Lines,,BLOCKED-GENERAL-par:1-FXF-SITE-911_par:FXF-JBR-APP-par:1-FXF-SITE-internal_par:1-FXF_SpeedDial_par:2-FXF-SITE-LOCAL_par:3-FXF-SITE-LD-SME_par:4-FXF-SITE-International_par:6-VMPilot_par,f,2,99
b37e0829-301c-3321-26f8-0a6c3cbae4c7,FXF-MDL-APP-css,MDL CSS to be Applied to the Lines,,BLOCKED-GENERAL-par:1-FXF-SITE-911_par:FXF-MDL-APP-par:1-FXF-SITE-internal_par:1-FXF_SpeedDial_par:2-FXF-SITE-LOCAL_par:3-FXF-SITE-LD-SME_par:4-FXF-SITE-International_par:6-VMPilot_par,f,2,99
9d9324ed-c294-1eff-3d4e-054d84cac55b,FXF-AGS-APP-css,AGS CSS to be Applied to the Lines,,BLOCKED-GENERAL-par:1-FXF-SITE-911_par:FXF-AGS-APP-par:1-FXF-SITE-internal_par:1-FXF_SpeedDial_par:2-FXF-SITE-LOCAL_par:3-FXF-SITE-LD-SME_par:4-FXF-SITE-International_par:6-VMPilot_par,f,2,99
a08e5a84-7cf6-61fd-bad7-ea6475fecca2,FXF-NDA-APP-css,NDA CSS to be Applied to the Lines,,BLOCKED-GENERAL-par:1-FXF-SITE-911_par:FXF-NDA-APP-par:1-FXF-SITE-internal_par:1-FXF_SpeedDial_par:2-FXF-SITE-LOCAL_par:3-FXF-SITE-LD-SME_par:4-FXF-SITE-International_par:6-VMPilot_par,f,2,99
de56e75b-2371-3e25-743c-47bf5b680197,FXF-HUR-APP-css,FXF Site Application Routing,,FXF-HUR-APP-par:1-FXF-SITE-911_par:1-FXF-SITE-internal_par:1-FXF_SpeedDial_par:2-FXF-SITE-LOCAL_par:3-FXF-SITE-LD-SME_par:4-FXF-SITE-International_par:6-VMPilot_par,f,2,99
c6d15fd9-52be-0b45-89aa-88d2661a7497,FSC-ARGA-APP-css,ARGA CSS to be Applied to the Lines,,BLOCKED-GENERAL-par:1-FXF-SITE-911_par:FSC-ARGA-APP-par:1-FXF-SITE-internal_par:2-FXF-SITE-LOCAL_par:3-FXF-SITE-LD-SME_par:4-FXF-SITE-International_par:6-VMPilot_par,f,2,99
21260de4-9f40-dc8d-aa97-f990c4299d08,FXF-LBB-APP-css,LBB CSS to be Applied to the Lines,,BLOCKED-GENERAL-par:1-FXF-SITE-911_par:FXF-LBB-APP-par:1-FXF-SITE-internal_par:2-FXF-SITE-LOCAL_par:1-FXF_SpeedDial_par:3-FXF-SITE-LD-SME_par:4-FXF-SITE-International_par:6-VMPilot_par,f,2,99
7892ff5e-4b7f-0023-e3c6-0e38b1f3a93a,FXF-FED-APP-css,FXF Site Application Routing,,FXF-FED-APP-par:1-FXF-SITE-911_par:1-FXF-SITE-internal_par:1-FXF_SpeedDial_par:2-FXF-SITE-LOCAL_par:3-FXF-SITE-LD-SME_par:4-FXF-SITE-International_par:6-VMPilot_par,f,2,99
a9cff8c9-0b7a-4aa5-31b7-e8813646992a,FXF-LVS-APP-css,LVS CSS to be Applied to the Lines,,BLOCKED-GENERAL-par:1-FXF-SITE-911_par:FXF-LVS-APP-par:1-FXF-SITE-internal_par:1-FXF_SpeedDial_par:2-FXF-SITE-LOCAL_par:3-FXF-SITE-LD-SME_par:4-FXF-SITE-International_par:6-VMPilot_par,f,2,99
30a592f2-1f9f-4215-3bfd-1c29e1e8cd4d,FXF-SNO-APP-css,SNO CSS to be Applied to the Lines,,BLOCKED-GENERAL-par:1-FXF-SITE-911_par:FXF-SNO-APP-par:1-FXF-SITE-internal_par:1-FXF_SpeedDial_par:2-FXF-SITE-LOCAL_par:3-FXF-SITE-LD-SME_par:6-VMPilot_par:BLOCKED-INTL-par,f,2,99
fe4127b9-582c-113e-2a1a-3f20be889cd5,FSC-HARZ-APP-Block_css,HARZ CSS  for Internal Only,,BLOCKED-GENERAL-par:1-FXF-SITE-911_par:FSC-HARZ-APP-par,f,2,99
7132c000-e6e2-6f85-2c2b-099463b96b27,FXF-SJC-APP-css,SJC CSS to be Applied to the Lines,,BLOCKED-GENERAL-par:1-FXF-SITE-911_par:FXF-SJC-APP-par:1-FXF_SpeedDial_par:1-FXF-SITE-internal_par:2-FXF-SITE-LOCAL_par:3-FXF-SITE-LD-SME_par:4-FXF-SITE-International_par:6-VMPilot_par,f,2,99
9c953450-fb47-9a58-d111-ffbe3a1d740c,FSC-STRK-APP-css,STRK CSS to be Applied to the Lines,,BLOCKED-GENERAL-par:1-FXF-SITE-911_par:FSC-STRK-APP-par:1-FXF-SITE-internal_par:2-FXF-SITE-LOCAL_par:3-FXF-SITE-LD-SME_par:4-FXF-SITE-International_par:6-VMPilot_par,f,2,99
b0e75df3-2c67-7d09-328e-01e540c1cce3,FXF-CCI-APP-css,CCI CSS to be Applied to the Lines,,BLOCKED-GENERAL-par:FXF-CCI-APP-par:1-FXF-SITE-911_par:1-FXF-SITE-internal_par:1-FXF_SpeedDial_par:2-FXF-SITE-LOCAL_par:3-FXF-SITE-LD-SME_par:4-FXF-SITE-International_par:6-VMPilot_par,f,2,99
c66b370b-77c0-c9c7-af20-d4949fc6c4a9,FSC-CDC2-APP-css,CDC2 CSS to be Applied to the Lines,,BLOCKED-GENERAL-par:1-FXF-SITE-911_par:FSC-CDC2-APP-par:1-FXF-SITE-internal_par:2-FXF-SITE-LOCAL_par:3-FXF-SITE-LD-SME_par:4-FXF-SITE-International_par:6-VMPilot_par,f,2,99
465d04a1-3c7a-0622-b0e3-ccbf6a9b8014,FXF-LAL-Elevator-css,Lakeland Elevator Ring Down CSS,,FXF-LAL-ELEVATOR-par:1-FXF-SITE-internal_par,f,2,99
bd7519c7-6591-3dc8-7380-e0e47a222ec6,FXF-GTF-APP-css,Local site Intra-site dialing control,,BLOCKED-GENERAL-par:1-FXF-SITE-911_par:FXF-GTF-APP-par:1-FXF-SITE-internal_par:1-FXF_SpeedDial_par:2-FXF-SITE-LOCAL_par:3-FXF-SITE-LD-SME_par:4-FXF-SITE-International_par:6-VMPilot_par,f,2,99
be822979-2060-2c87-0746-ba70136667b5,FXF-MOD-APP_css,FXF Site Application Routing,,FXF-MOD-APP_par:1-FXF-SITE-internal_par:1-FXF-SITE-911_par:1-FXF_SpeedDial_par:2-FXF-SITE-LOCAL_par:3-FXF-SITE-LD-SME_par:4-FXF-SITE-International_par,f,2,99
3174c1d3-308c-54d4-5849-2b105f738462,FXF-RFD-APP-css,RFD CSS to be Applied to the Lines,,BLOCKED-GENERAL-par:1-FXF-SITE-911_par:FXF-RFD-APP-par:1-FXF-SITE-internal_par:1-FXF_SpeedDial_par:2-FXF-SITE-LOCAL_par:3-FXF-SITE-LD-SME_par:4-FXF-SITE-International_par:6-VMPilot_par,f,2,99
878ff033-b1f9-52c7-5825-70066b8a9c47,FXF-SFT-APP-css,SFT CSS to be Applied to the Lines,,BLOCKED-GENERAL-par:1-FXF-SITE-911_par:FXF-SFT-APP-par:1-FXF-SITE-internal_par:1-FXF_SpeedDial_par:2-FXF-SITE-LOCAL_par:3-FXF-SITE-LD-SME_par:4-FXF-SITE-International_par:6-VMPilot_par,f,2,99
48732bd7-0405-0d82-b736-5fb6abd7b9df,FSC-DELB-APP-css,DELB CSS to be Applied to the Lines,,BLOCKED-GENERAL-par:1-FXF-SITE-911_par:FSC-DELB-APP-par:1-FXF-SITE-internal_par:2-FXF-SITE-LOCAL_par:3-FXF-SITE-LD-SME_par:4-FXF-SITE-International_par:6-VMPilot_par,f,2,99
6dea8007-b95b-3bd6-01b6-50776ce926aa,FXF-AKR-APP-css,AKR CSS to be Applied to the Lines,,BLOCKED-GENERAL-par:1-FXF-SITE-911_par:FXF-AKR-APP-par:1-FXF-SITE-internal_par:1-FXF_SpeedDial_par:2-FXF-SITE-LOCAL_par:3-FXF-SITE-LD-SME_par:4-FXF-SITE-International_par:6-VMPilot_par,f,2,99
64b78f19-34e4-809b-942e-a4de325e11da,FSC-FTWS-APP-css,FTWS CSS to be Applied to the Lines,,BLOCKED-GENERAL-par:FSC-FTWS-APP-par:CO-LO-E911-EGW_par:1-FXF-SITE-internal_par:2-FXF-SITE-LOCAL_par:3-FXF-SITE-LD-SME_par:4-FXF-SITE-International_par:6-VMPilot_par,f,2,99
a8272226-b588-6abe-ec20-68e8660c8278,FXF-JXN-APP-css,FXF Site Application Routing,,BLOCKED-GENERAL-par:1-FXF-SITE-911_par:1-FXF-SITE-internal_par:FXF-JXN-APP-par:1-FXF_SpeedDial_par:2-FXF-SITE-LOCAL_par:3-FXF-SITE-LD-SME_par:4-FXF-SITE-International_par:6-VMPilot_par,f,2,99
e2aec92f-f876-8e89-7070-c738541b3cc5,FXF-BIS-APP-css,BIS CSS to be Applied to the Lines,,BLOCKED-GENERAL-par:1-FXF-SITE-911_par:FXF-BIS-APP-par:1-FXF-SITE-internal_par:1-FXF_SpeedDial_par:2-FXF-SITE-LOCAL_par:3-FXF-SITE-LD-SME_par:4-FXF-SITE-International_par:6-VMPilot_par,f,2,99
8c8272de-fec2-1c3f-6d3f-024f11cfb4d1,FXF--APP-css,CSS to be Applied to the Lines,,BLOCKED-GENERAL-par:1-FXF-SITE-911_par:FXF--APP-par:1-FXF-SITE-internal_par:1-FXF_SpeedDial_par:2-FXF-SITE-LOCAL_par:3-FXF-SITE-LD-SME_par:4-FXF-SITE-International_par:6-VMPilot_par,f,2,99
43f3ab22-01d5-d584-1dd5-6671ed3c9719,FXF-AMA-APP-css,AMA CSS to be Applied to the Lines,,BLOCKED-GENERAL-par:1-FXF-SITE-911_par:FXF-AMA-APP-par:1-FXF-SITE-internal_par:1-FXF_SpeedDial_par:2-FXF-SITE-LOCAL_par:3-FXF-SITE-LD-SME_par:4-FXF-SITE-International_par:6-VMPilot_par,f,2,99
be36aaea-f693-ddf9-ffdc-eb55c8cb4e5a,FXF-MRO-APP-css,MRO CSS to be Applied to the Lines,,BLOCKED-GENERAL-par:1-FXF-SITE-911_par:1-FXF-SITE-internal_par:FXF-MRO-APP-par:2-FXF-SITE-LOCAL_par:1-FXF_SpeedDial_par:3-FXF-SITE-LD-SME_par:4-FXF-SITE-International_par:6-VMPilot_par,f,2,99
537f641a-818f-f897-a3c5-72f185204d85,FXF-NFT-APP-css,FXF Site Application Routing,,FXF-NFT-APP_par:1-FXF-SITE-internal_par:1-FXF-SITE-911_par:1-FXF_SpeedDial_par:2-FXF-SITE-LOCAL_par:3-FXF-SITE-LD-SME_par:4-FXF-SITE-International_par:6-VMPilot_par,f,2,99
89bf3c71-2a12-f9a9-6cd0-cb3a6f2a6cc1,FXF-SDA-APP-css,FXF Site Application Routing,,FXF-SDA-911TFN-par:1-FXF-SITE-911_par:FXF-SDA-APP-par:1-FXF-SITE-internal_par:1-FXF_SpeedDial_par:2-FXF-SITE-LOCAL_par:3-FXF-SITE-LD-SME_par:4-FXF-SITE-International_par:6-VMPilot_par,f,2,99
7b482c3d-941e-285f-c559-74103c8eaec7,FXF-ROC-APP-css,FXF Site Application Routing,,FXF-ROC-APP-par:1-FXF-SITE-911_par:1-FXF-SITE-internal_par:1-FXF_SpeedDial_par:2-FXF-SITE-LOCAL_par:3-FXF-SITE-LD-SME_par:4-FXF-SITE-International_par:6-VMPilot_par,f,2,99
e3683f98-e772-1d7e-5b7a-3f20e49f3cb6,FXF-IMT-APP-css,FXF Site Application Routing,,1-FXF-SITE-911_par:FXF-IMT-APP-par:1-FXF-SITE-internal_par:1-FXF_SpeedDial_par:2-FXF-SITE-LOCAL_par:3-FXF-SITE-LD-SME_par:4-FXF-SITE-International_par:6-VMPilot_par,f,2,99
3b0bb1f5-0dac-0a0a-e995-eb2538390389,FXF-SHV-APP-css,SHV CSS to be Applied to the Lines,,BLOCKED-GENERAL-par:FXF-SHV-APP-par:1-FXF-SITE-911_par:1-FXF-SITE-internal_par:1-FXF_SpeedDial_par:2-FXF-SITE-LOCAL_par:3-FXF-SITE-LD-SME_par:4-FXF-SITE-International_par:6-VMPilot_par,f,2,99
894a870d-86f7-c871-c4a7-014896c1f305,FXF-HMS-APP-css,FXF Site Application Routing,,1-FXF-SITE-internal_par:FXF-HMS-APP-par:1-FXF-SITE-911_par:1-FXF_SpeedDial_par:2-FXF-SITE-LOCAL_par:3-FXF-SITE-LD-SME_par:4-FXF-SITE-International_par:6-VMPilot_par,f,2,99
3adb083a-1765-f3de-87f5-854f7b38e9d6,FXF-PHL-APP-css,FXF Site Application Routing,,1-FXF-SITE-911_par:FXF-PHL-APP-par:1-FXF-SITE-internal_par:1-FXF_SpeedDial_par:2-FXF-SITE-LOCAL_par:3-FXF-SITE-LD-SME_par:4-FXF-SITE-International_par:6-VMPilot_par,f,2,99
f15601c3-0338-4ea9-4579-9e9ecf36f8a5,FXF-STG-APP-css,STG Local site Intra-site dialing control,,1-FXF-SITE-internal_par:BLOCKED-GENERAL-par:1-FXF-SITE-911_par:FXF-STG-APP-par:1-FXF_SpeedDial_par:2-FXF-SITE-LOCAL_par:3-FXF-SITE-LD-SME_par:4-FXF-SITE-International_par:6-VMPilot_par,f,2,99
8d386789-dfd6-473e-5e45-80a9701ad7a9,FXF-VBE-APP-css,VBE CSS to be Applied to the Lines,,BLOCKED-GENERAL-par:1-FXF-SITE-911_par:FXF-VBE-APP-par:1-FXF-SITE-internal_par:1-FXF_SpeedDial_par:2-FXF-SITE-LOCAL_par:3-FXF-SITE-LD-SME_par:4-FXF-SITE-International_par:6-VMPilot_par,f,2,99
c4583f9b-e98b-efe6-e99d-ecbd51a4623f,FXF-GSP-APP-css,GSP CSS to be Applied to the Lines,,BLOCKED-GENERAL-par:1-FXF-SITE-911_par:FXF-GSP-APP-par:1-FXF-SITE-internal_par:1-FXF_SpeedDial_par:2-FXF-SITE-LOCAL_par:3-FXF-SITE-LD-SME_par:4-FXF-SITE-International_par:6-VMPilot_par,f,2,99
632285a3-8185-4cbf-5ec3-5a1ef9654166,FXF-TER-APP-css,TER CSS to be Applied to the Lines,,BLOCKED-GENERAL-par:1-FXF-SITE-911_par:FXF-TER-APP-par:1-FXF-SITE-internal_par:1-FXF_SpeedDial_par:2-FXF-SITE-LOCAL_par:3-FXF-SITE-LD-SME_par:4-FXF-SITE-International_par:6-VMPilot_par,f,2,99
5298f725-cf99-ccd3-8a14-b0770dc51993,FXF-GWS-APP-css,GWS CSS to be Applied to the Lines,,BLOCKED-GENERAL-par:1-FXF-SITE-911_par:FXF-GWS-APP-par:1-FXF_SpeedDial_par:1-FXF-SITE-internal_par:2-FXF-SITE-LOCAL_par:3-FXF-SITE-LD-SME_par:4-FXF-SITE-International_par:6-VMPilot_par,f,2,99
f45b2d7e-e26e-75fe-19b9-55b1f59480bd,FXF-MEM-APP-css,MEM CSS to be Applied to the Lines,,BLOCKED-GENERAL-par:1-FXF-SITE-911_par:FXF-MEM-APP-par:1-FXF-SITE-internal_par:1-FXF_SpeedDial_par:2-FXF-SITE-LOCAL_par:3-FXF-SITE-LD-SME_par:4-FXF-SITE-International_par:6-VMPilot_par,f,2,99
14e9d5ee-8cf8-32ae-c074-e83451a7943f,FXF-EKC-APP-css,FXF Site Application Routing,,FXF-EKC-APP-par:1-FXF-SITE-911_par:1-FXF-SITE-internal_par:1-FXF_SpeedDial_par:2-FXF-SITE-LOCAL_par:3-FXF-SITE-LD-SME_par:4-FXF-SITE-International_par:6-VMPilot_par,f,2,99
5e3eb697-f21e-3570-18c2-e52865699e8a,FXF-GAR-APP-css,GAR CSS to be Applied to the Lines,,BLOCKED-GENERAL-par:FXF-GAR-APP-par:1-FXF-SITE-911_par:1-FXF-SITE-internal_par:1-FXF_SpeedDial_par:2-FXF-SITE-LOCAL_par:3-FXF-SITE-LD-SME_par:4-FXF-SITE-International_par:6-VMPilot_par,f,2,99
01f29fc0-5a09-ecd4-f9d1-17a5af5f495d,FXF-ESD-APP_css,FXF Site Application Routing,,FXF-ESD-APP_par,f,2,99
184e8e5b-54f0-62a5-1756-de8383bd238e,FXF-WPX-APP-css,WPX CSS to be Applied to the Lines,,BLOCKED-GENERAL-par:1-FXF-SITE-911_par:FXF-WPX-APP-par:1-FXF-SITE-internal_par:1-FXF_SpeedDial_par:2-FXF-SITE-LOCAL_par:3-FXF-SITE-LD-SME_par:4-FXF-SITE-International_par:6-VMPilot_par,f,2,99
14f1217e-5e35-84a8-ff58-251a3d38beab,FXF-MNA-APP-css,FXF Site Application Routing,,1-FXF-SITE-911_par:FXF-MNA-APP-par:1-FXF-SITE-internal_par:1-FXF_SpeedDial_par:2-FXF-SITE-LOCAL_par:3-FXF-SITE-LD-SME_par:4-FXF-SITE-International_par:6-VMPilot_par,f,2,99
aa7aa4a5-c494-8490-0aa0-1dc9e3aecc89,FXF-KKE-APP-css,KKE CSS to be Applied to the Lines,,BLOCKED-GENERAL-par:1-FXF-SITE-911_par:FXF-KKE-APP-par:1-FXF-SITE-internal_par:2-FXF-SITE-LOCAL_par:1-FXF_SpeedDial_par:3-FXF-SITE-LD-SME_par:4-FXF-SITE-International_par:6-VMPilot_par,f,2,99
9f7a2d87-693e-bf27-c14c-b4280572a4b2,FXF-SFV-APP-css,SFV CSS to be Applied to the Lines,,BLOCKED-GENERAL-par:1-FXF-SITE-911_par:FXF-SFV-APP-par:1-FXF-SITE-internal_par:1-FXF_SpeedDial_par:2-FXF-SITE-LOCAL_par:3-FXF-SITE-LD-SME_par:4-FXF-SITE-International_par:6-VMPilot_par,f,2,99
00fc9fd2-245c-39dd-f43f-9e57db872aa3,FSC-WGPA-APP-css,WGPA CSS to be Applied to the Lines,,BLOCKED-GENERAL-par:1-FXF-SITE-911_par:FSC-WGPA-APP-par:3-FXF-SITE-LD-SME_par:4-FXF-SITE-International_par:6-VMPilot_par:1-FXF-SITE-internal_par:2-FXF-SITE-LOCAL_par,f,2,99
c5a26384-f535-9095-9335-a2f447a6fbc7,FXF-STE-APP-css,STE CSS to be Applied to the Lines,,BLOCKED-GENERAL-par:1-FXF-SITE-911_par:FXF-STE-APP-par:1-FXF-SITE-internal_par:1-FXF_SpeedDial_par:2-FXF-SITE-LOCAL_par:3-FXF-SITE-LD-SME_par:4-FXF-SITE-International_par:6-VMPilot_par,f,2,99
e10aee57-14a0-fac2-1e74-5ffefde1090c,FXF-HGR-APP-css,HGR CSS to be Applied to the Lines,,BLOCKED-GENERAL-par:1-FXF-SITE-911_par:FXF-HGR-APP-par:1-FXF-SITE-internal_par:1-FXF_SpeedDial_par:2-FXF-SITE-LOCAL_par:3-FXF-SITE-LD-SME_par:4-FXF-SITE-International_par:6-VMPilot_par,f,2,99
4583aca0-f32d-ffbf-9b08-41a10aa8825b,FXF-SPO-APP-css,FXF Site Application Routing,,FXF-SPO-APP-par:1-FXF-SITE-911_par:1-FXF-SITE-internal_par:1-FXF_SpeedDial_par:2-FXF-SITE-LOCAL_par:3-FXF-SITE-LD-SME_par:4-FXF-SITE-International_par:6-VMPilot_par,f,2,99
e6643bd7-aa64-3969-1e2b-8fe23ab7a05b,FXF-WNY-APP-css,WNY CSS to be Applied to the Lines,,BLOCKED-GENERAL-par:1-FXF-SITE-911_par:FXF-WNY-APP-par:1-FXF-SITE-internal_par:1-FXF_SpeedDial_par:2-FXF-SITE-LOCAL_par:3-FXF-SITE-LD-SME_par:4-FXF-SITE-International_par:6-VMPilot_par,f,2,99
bad49a3c-28eb-ba76-1da6-dedfacdc6047,FXF-VMpilot_css,VM Pilot,,VMRestricted_par:6-VMPilot_par,f,2,99
1ea45380-d2ef-ae7f-1bb4-82b3653ab1c4,FXF-WPT-APP-css,WPT CSS to be Applied to the Lines,,BLOCKED-GENERAL-par:1-FXF-SITE-911_par:FXF-WPT-APP-par:1-FXF-SITE-internal_par:1-FXF_SpeedDial_par:2-FXF-SITE-LOCAL_par:3-FXF-SITE-LD-SME_par:4-FXF-SITE-International_par:6-VMPilot_par,f,2,99
ff59ee56-2920-c64c-6370-bbab6a7859d7,FXF-FSM-APP-css,FXF Site Application Routing,,FXF-FSM-APP-par:1-FXF-SITE-911_par:1-FXF-SITE-internal_par:1-FXF_SpeedDial_par:2-FXF-SITE-LOCAL_par:3-FXF-SITE-LD-SME_par:4-FXF-SITE-International_par:6-VMPilot_par,f,2,99
cc9f04a2-43e2-3804-6056-24bf0c9f8d98,FXF-CGT-APP-css,CGT CSS to be Applied to the Lines,,BLOCKED-GENERAL-par:1-FXF-SITE-911_par:FXF-CGT-APP-par:1-FXF-SITE-internal_par:1-FXF_SpeedDial_par:2-FXF-SITE-LOCAL_par:3-FXF-SITE-LD-SME_par:4-FXF-SITE-International_par:6-VMPilot_par,f,2,99
7980d815-63b5-dd1e-55b8-a4d9c8ce2087,FSC-CPMA-APP-css,CPMA CSS to be Applied to the Lines,,BLOCKED-GENERAL-par:1-FXF-SITE-911_par:FSC-CPMA-APP-par:1-FXF-SITE-internal_par:2-FXF-SITE-LOCAL_par:3-FXF-SITE-LD-SME_par:4-FXF-SITE-International_par:6-VMPilot_par,f,2,99
3890b5f2-c22f-7fcf-78fe-9ec872cacf84,FXF-SNW-APP-css,FXF Site Application Routing,,FXF-SNW-APP-par:1-FXF-SITE-911_par:1-FXF-SITE-internal_par:1-FXF_SpeedDial_par:2-FXF-SITE-LOCAL_par:3-FXF-SITE-LD-SME_par:4-FXF-SITE-International_par:6-VMPilot_par,f,2,99
30c467f1-6499-e5b5-9274-bd076dc3c5a3,FXF-SAV-APP-css,SAV CSS to be Applied to the Lines,,BLOCKED-GENERAL-par:1-FXF-SITE-911_par:FXF-SAV-APP-par:1-FXF-SITE-internal_par:1-FXF_SpeedDial_par:2-FXF-SITE-LOCAL_par:3-FXF-SITE-LD-SME_par:4-FXF-SITE-International_par:6-VMPilot_par,f,2,99
70b9aea2-fecd-08df-122e-6a267c430929,FXF-SITE-internal_css,FXF Site Internal Calling,,1-FXF-SITE-internal_par:6-VMPilot_par,f,2,99
c176e61e-b705-de2a-bf42-484d8aa4a4b2,FXF-LIT-APP-css,LIT CSS to be Applied to the Lines,,BLOCKED-GENERAL-par:FXF-LIT-APP-par:1-FXF-SITE-911_par:1-FXF-SITE-internal_par:2-FXF-SITE-LOCAL_par:1-FXF_SpeedDial_par:3-FXF-SITE-LD-SME_par:4-FXF-SITE-International_par:6-VMPilot_par,f,2,99
b81d6d73-e61c-849d-801a-ff7114824b42,FXF-WNC-APP-css,WNC CSS to be Applied to the Lines,,BLOCKED-GENERAL-par:1-FXF-SITE-911_par:FXF-WNC-APP-par:1-FXF-SITE-internal_par:1-FXF_SpeedDial_par:2-FXF-SITE-LOCAL_par:3-FXF-SITE-LD-SME_par:4-FXF-SITE-International_par:6-VMPilot_par,f,2,99
f50f8994-28fa-36c2-8310-dfcfdd186241,FXF-EFH-APP-css,EFH CSS to be Applied to the Lines,,BLOCKED-GENERAL-par:FXF-EFH-APP-par:1-FXF-SITE-911_par:1-FXF-SITE-internal_par:1-FXF_SpeedDial_par:2-FXF-SITE-LOCAL_par:3-FXF-SITE-LD-SME_par:4-FXF-SITE-International_par:6-VMPilot_par:FXF-LD-par,f,2,99
95026035-ba9c-21b4-f188-5b17a4ded353,FXF-FMY-APP-css,FMY CSS to be Applied to the Lines,,BLOCKED-GENERAL-par:1-FXF-SITE-911_par:FXF-FMY-APP-par:1-FXF-SITE-internal_par:2-FXF-SITE-LOCAL_par:1-FXF_SpeedDial_par:3-FXF-SITE-LD-SME_par:4-FXF-SITE-International_par:6-VMPilot_par,f,2,99
3ecd2df5-d065-1769-3a25-05f9847e2959,FXF-LMA-APP-css,LMA CSS to be Applied to the Lines,,BLOCKED-GENERAL-par:1-FXF-SITE-911_par:FXF-LMA-APP-par:1-FXF-SITE-internal_par:1-FXF_SpeedDial_par:2-FXF-SITE-LOCAL_par:3-FXF-SITE-LD-SME_par:4-FXF-SITE-International_par:6-VMPilot_par,f,2,99
f1ba03f3-a2da-cd00-98e7-2797d68dcc83,FXF-NJX-APP-css,NJX CSS to be Applied to the Lines,,BLOCKED-GENERAL-par:1-FXF-SITE-911_par:FXF-NJX-APP-par:1-FXF-SITE-internal_par:1-FXF_SpeedDial_par:2-FXF-SITE-LOCAL_par:3-FXF-SITE-LD-SME_par:4-FXF-SITE-International_par:6-VMPilot_par,f,2,99
a13ba127-89be-b4e7-341a-0893f8bc93c9,FXF-EBO-APP-css,FXF Site Application Routing,,1-FXF-SITE-911_par:FXF-EBO-APP-par:1-FXF-SITE-internal_par:1-FXF_SpeedDial_par:2-FXF-SITE-LOCAL_par:3-FXF-SITE-LD-SME_par:4-FXF-SITE-International_par:6-VMPilot_par,f,2,99
669eaf6a-ade5-cf34-f36d-3443c0103eb0,FXF-TOL-APP-css,FXF Site Application Routing,,FXF-TOL-911-par:1-FXF-SITE-internal_par:FXF-TOL-APP-par:1-FXF_SpeedDial_par:2-FXF-SITE-LOCAL_par:3-FXF-SITE-LD-SME_par:4-FXF-SITE-International_par:6-VMPilot_par,f,2,99
0f82d90e-f03a-41e3-21fc-5829795aef0c,FXF-FLG-APP-css,FLG CSS to be Applied to the Lines,,1-FXF-SITE-911_par:FXF-FLG-APP-par:1-FXF-SITE-internal_par:1-FXF_SpeedDial_par:2-FXF-SITE-LOCAL_par:3-FXF-SITE-LD-SME_par:4-FXF-SITE-International_par:6-VMPilot_par,f,2,99
e5e46d08-f2cc-a6fe-1405-6f961425dec2,FXF-VNL-APP-css,FXF Site Application Routing,,FXF-VNL-APP-par:1-FXF-SITE-911_par:1-FXF-SITE-internal_par:1-FXF_SpeedDial_par:2-FXF-SITE-LOCAL_par:3-FXF-SITE-LD-SME_par:4-FXF-SITE-International_par:6-VMPilot_par,f,2,99
dd4bb1f1-6431-fa24-92b3-df56770245df,FXF-DSM-APP-css,DSM CSS to be Applied to the Lines,,BLOCKED-GENERAL-par:FXF-DSM-APP-par:1-FXF-SITE-911_par:1-FXF-SITE-internal_par:1-FXF_SpeedDial_par:2-FXF-SITE-LOCAL_par:3-FXF-SITE-LD-SME_par:4-FXF-SITE-International_par:6-VMPilot_par,f,2,99
5b1dcbfa-99ef-bef6-51bc-4b0b68f305e8,FXF-WWV-APP-css,WWV CSS to be Applied to the Lines,,BLOCKED-GENERAL-par:1-FXF-SITE-911_par:FXF-WWV-APP-par:1-FXF-SITE-internal_par:1-FXF_SpeedDial_par:2-FXF-SITE-LOCAL_par:3-FXF-SITE-LD-SME_par:4-FXF-SITE-International_par:6-VMPilot_par,f,2,99
e7009f1b-a770-b877-eadf-fc9f4e594e09,FSC-UCIL-APP-css,UCIL CSS to be Applied to the Lines,,BLOCKED-GENERAL-par:1-FXF-SITE-911_par:FSC-UCIL-APP-par:1-FXF-SITE-internal_par:2-FXF-SITE-LOCAL_par:3-FXF-SITE-LD-SME_par:4-FXF-SITE-International_par:6-VMPilot_par,f,2,99
8d67fc5b-27bf-e7b2-d3ad-d8337b74df93,FXF-WMD-APP-css,FXF Site Application Routing,,FXF-WMD-APP-par:1-FXF-SITE-911_par:1-FXF-SITE-internal_par:1-FXF_SpeedDial_par:2-FXF-SITE-LOCAL_par:3-FXF-SITE-LD-SME_par:4-FXF-SITE-International_par:6-VMPilot_par,f,2,99
6ce31245-f25f-aacb-7bd8-4985d08bcdd7,FXF-HTS-APP-css,HTS CSS to be Applied to the Lines,,BLOCKED-GENERAL-par:1-FXF-SITE-911_par:FXF-HTS-APP-par:1-FXF-SITE-internal_par:1-FXF_SpeedDial_par:2-FXF-SITE-LOCAL_par:3-FXF-SITE-LD-SME_par:4-FXF-SITE-International_par:6-VMPilot_par,f,2,99
87db00bb-bee7-ed53-31cb-fe93282b090e,FSC-KLNV-APP-css,KLNV CSS to be Applied to the Lines,,BLOCKED-GENERAL-par:1-FXF-SITE-911_par:FSC-KLNV-APP-par:1-FXF-SITE-internal_par:2-FXF-SITE-LOCAL_par:3-FXF-SITE-LD-SME_par:4-FXF-SITE-International_par:6-VMPilot_par,f,2,99
cfe94951-3618-c173-ba5b-d172862bf43e,FXS-ATT-SME-css,OFF-CLUSTER routing via SME,,FXS-ATT-SME-par:1-FXF-SITE-internal_par:Global Learned Enterprise Patterns:4-FXF-SITE-International_par,f,2,99
60a5f4ab-7264-8973-18a0-3b681864ee03,FXF-NPT-APP-css,NPT CSS to be Applied to the Lines,,BLOCKED-GENERAL-par:1-FXF-SITE-911_par:FXF-NPT-APP-par:1-FXF-SITE-internal_par:1-FXF_SpeedDial_par:2-FXF-SITE-LOCAL_par:3-FXF-SITE-LD-SME_par:4-FXF-SITE-International_par:6-VMPilot_par,f,2,99
cac63d78-2f8a-2aac-6472-24b16692456e,FXF-CLR-APP-css,FXF Site Application Routing,,1-FXF-SITE-911_par:FXF-CLR-APP_par:1-FXF-SITE-internal_par:1-FXF_SpeedDial_par:2-FXF-SITE-LOCAL_par:3-FXF-SITE-LD-SME_par:4-FXF-SITE-International_par:6-VMPilot_par,f,2,99
efdc9b4b-3559-317e-3d7a-8f49511059a4,FXF-OTM-APP-css,OTM CSS to be Applied to the Lines,,1-FXF-SITE-911_par:FXF-OTM-APP-par:1-FXF-SITE-internal_par:1-FXF_SpeedDial_par:2-FXF-SITE-LOCAL_par:3-FXF-SITE-LD-SME_par:4-FXF-SITE-International_par:6-VMPilot_par,f,2,99
4380ec9f-55a3-0d94-d382-6475c6c754fe,FXF-YAK-APP-css,YAK CSS to be Applied to the Lines,,1-FXF-SITE-911_par:FXF-YAK-APP-par:1-FXF-SITE-internal_par:1-FXF_SpeedDial_par:2-FXF-SITE-LOCAL_par:3-FXF-SITE-LD-SME_par:4-FXF-SITE-International_par:6-VMPilot_par,f,2,99
cc676796-e1fb-e741-b574-a50043d4949c,FXF-FTW-APP-css,FTW Local site Intra-site dialing control,,BLOCKED-GENERAL-par:FXF-FTW-APP-par:1-FXF-SITE-911_par:1-FXF-SITE-internal_par:1-FXF_SpeedDial_par:2-FXF-SITE-LOCAL_par:3-FXF-SITE-LD-SME_par:4-FXF-SITE-International_par:6-VMPilot_par,f,2,99
c375a960-10d9-c90f-1507-325fe6ebf5ae,FXF-SBO-APP-css,SBO CSS to be Applied to the Lines,,BLOCKED-GENERAL-par:FXF-SBO-APP-par:1-FXF-SITE-911_par:1-FXF-SITE-internal_par:1-FXF_SpeedDial_par:2-FXF-SITE-LOCAL_par:3-FXF-SITE-LD-SME_par:4-FXF-SITE-International_par:6-VMPilot_par,f,2,99
54d98ba9-3a9e-c302-1284-227bcaeaf70f,FSC-CPKS-APP-css,CPKS CSS to be Applied to the Lines,,BLOCKED-GENERAL-par:1-FXF-SITE-911_par:FSC-CPKS-APP-par:1-FXF-SITE-internal_par:2-FXF-SITE-LOCAL_par:3-FXF-SITE-LD-SME_par:4-FXF-SITE-International_par:6-VMPilot_par,f,2,99
41b349a5-441f-f3a5-4dd4-9771ed57b770,FXF-BTR-APP-css,BTR Local site Intra-site dialing control,,BLOCKED-GENERAL-par:1-FXF-SITE-911_par:1-FXF-SITE-internal_par:FXF-BTR-APP-par:2-FXF-SITE-LOCAL_par:1-FXF_SpeedDial_par:3-FXF-SITE-LD-SME_par:4-FXF-SITE-International_par:6-VMPilot_par,f,2,99
613e62aa-231e-ee06-f80d-2163d20ec393,FXF-SAC-APP-css,SAC CSS to be Applied to the Lines,,BLOCKED-GENERAL-par:FXF-SAC-APP-par:1-FXF-SITE-911_par:1-FXF-SITE-internal_par:1-FXF_SpeedDial_par:2-FXF-SITE-LOCAL_par:3-FXF-SITE-LD-SME_par:4-FXF-SITE-International_par:6-VMPilot_par,f,2,99
d2598762-1779-d35b-f081-60d3afa1145e,FXF-JOP-APP-css,JOP CSS to be Applied to the Lines,,BLOCKED-GENERAL-par:1-FXF-SITE-911_par:FXF-JOP-APP-par:1-FXF-SITE-internal_par:1-FXF_SpeedDial_par:2-FXF-SITE-LOCAL_par:3-FXF-SITE-LD-SME_par:4-FXF-SITE-International_par:6-VMPilot_par,f,2,99
2d2b1875-5e60-9d20-2c40-498b0e263012,FXF-HWO-APP-css,FXF Site Application Routing,,FXF-HWO-APP-par:1-FXF-SITE-911_par:1-FXF-SITE-internal_par:1-FXF_SpeedDial_par:2-FXF-SITE-LOCAL_par:3-FXF-SITE-LD-SME_par:4-FXF-SITE-International_par:6-VMPilot_par,f,2,99
bbfbde5b-09fc-c77d-5668-4bce06f3696c,FXF-FRE-APP-css,FXF Site Application Routing,,FXF-FRE-APP-par:1-FXF-SITE-internal_par:1-FXF_SpeedDial_par:3-FXF-SITE-LD-SME_par,f,2,99
22ea23c8-75e7-3863-5651-943d709436d2,FXF-CTH-APP-css,FXF Site Application Routing,,FXF-CTH-APP-par:1-FXF-SITE-911_par:1-FXF-SITE-internal_par:1-FXF_SpeedDial_par:2-FXF-SITE-LOCAL_par:3-FXF-SITE-LD-SME_par:4-FXF-SITE-International_par:6-VMPilot_par,f,2,99
c186f33a-b858-508b-648e-93f26eab3027,FXF-HZ1-APP_css,FXF Site Application Routing,,FXF-HZ1-APP_par:1-FXF-SITE-911_par:1-FXF-SITE-internal_par:1-FXF_SpeedDial_par:6-VMPilot_par:2-FXF-SITE-LOCAL_par:3-FXF-SITE-LD-SME_par:4-FXF-SITE-International_par,f,2,99
678faf7c-956e-4722-3ba4-0aa0f326d814,FXF-TPA-APP-css,TPA CSS to be Applied to the Lines,,BLOCKED-GENERAL-par:FXF-TPA-APP-par:1-FXF-SITE-911_par:1-FXF-SITE-internal_par:1-FXF_SpeedDial_par:2-FXF-SITE-LOCAL_par:3-FXF-SITE-LD-SME_par:4-FXF-SITE-International_par:6-VMPilot_par,f,2,99
32076e92-9fe5-3fc8-2ca3-bd3607011db9,FXF-DPL-APP-css,DPL CSS to be Applied to the Lines,,BLOCKED-GENERAL-par:FXF-DPL-APP-par:1-FXF-SITE-911_par:1-FXF-SITE-internal_par:1-FXF_SpeedDial_par:2-FXF-SITE-LOCAL_par:3-FXF-SITE-LD-SME_par:4-FXF-SITE-International_par:6-VMPilot_par,f,2,99
0907d677-4866-7163-2526-d3734bdaee2d,FXF-LVW-APP-css,FXF Site Application Routing,,FXF-LVW-APP-par:1-FXF-SITE-911_par:1-FXF-SITE-internal_par:1-FXF_SpeedDial_par:2-FXF-SITE-LOCAL_par:3-FXF-SITE-LD-SME_par:4-FXF-SITE-International_par:6-VMPilot_par,f,2,99
c2649996-360b-39e6-4cf0-9b8f49023128,FXF-ETO-APP-css,ETO CSS to be Applied to the Lines,,1-FXF-SITE-911_par:FXF-ETO-APP-par:1-FXF-SITE-internal_par:1-FXF_SpeedDial_par:2-FXF-SITE-LOCAL_par:3-FXF-SITE-LD-SME_par:4-FXF-SITE-International_par:6-VMPilot_par,f,2,99
cdca0404-3597-3e38-f6b2-024740ef00dd,FSC-CPTS-APP-css,CPTS CSS to be Applied to the Lines,,BLOCKED-GENERAL-par:1-FXF-SITE-911_par:FSC-CPTS-APP-par:1-FXF-SITE-internal_par:2-FXF-SITE-LOCAL_par:3-FXF-SITE-LD-SME_par:4-FXF-SITE-International_par:6-VMPilot_par,f,2,99
6ff5729e-96b8-799f-c8d9-1126c1796756,FXF-JAX-APP-css,JAX CSS to be Applied to the Lines,,BLOCKED-GENERAL-par:1-FXF-SITE-911_par:FXF-JAX-APP-par:1-FXF-SITE-internal_par:1-FXF_SpeedDial_par:2-FXF-SITE-LOCAL_par:3-FXF-SITE-LD-SME_par:4-FXF-SITE-International_par:6-VMPilot_par,f,2,99
0dff075f-4517-5d40-d7d1-b2cf3d0bcf83,FXF-LUG-APP-css,LUG CSS to be Applied to the Lines,,1-FXF-SITE-911_par:FXF-LUG-APP-par:1-FXF-SITE-internal_par:1-FXF_SpeedDial_par:2-FXF-SITE-LOCAL_par:3-FXF-SITE-LD-SME_par:4-FXF-SITE-International_par:6-VMPilot_par,f,2,99
1bfaf1a2-7723-92ca-88ee-cb32d4464a76,FXF-ZON-APP-css,ZON CSS to be Applied to the Lines,,BLOCKED-GENERAL-par:FXF-ZON-APP-par:1-FXF-SITE-911_par:1-FXF-SITE-internal_par:2-FXF-SITE-LOCAL_par:1-FXF_SpeedDial_par:3-FXF-SITE-LD-SME_par:4-FXF-SITE-International_par:6-VMPilot_par,f,2,99
96b5f4f2-2aad-9233-5b3d-0c043bf6b46a,FXF-BWG-APP-css,BWG CSS to be Applied to the Lines,,BLOCKED-GENERAL-par:1-FXF-SITE-911_par:FXF-BWG-APP-par:1-FXF-SITE-internal_par:1-FXF_SpeedDial_par:2-FXF-SITE-LOCAL_par:3-FXF-SITE-LD-SME_par:4-FXF-SITE-International_par:6-VMPilot_par,f,2,99
4e7e289b-2a87-decd-5c93-e61346371546,FXF-TXK-APP-css,TXK CSS to be Applied to the Lines,,BLOCKED-GENERAL-par:1-FXF-SITE-911_par:FXF-TXK-APP-par:1-FXF-SITE-internal_par:1-FXF_SpeedDial_par:2-FXF-SITE-LOCAL_par:3-FXF-SITE-LD-SME_par:4-FXF-SITE-International_par:6-VMPilot_par,f,2,99
eb6c9dc4-4e1a-b43a-3a5b-6f48f10f66ee,FXF-WSP-APP-css,WSP CSS to be Applied to the Lines,,BLOCKED-GENERAL-par:1-FXF-SITE-911_par:FXF-WSP-APP-par:1-FXF-SITE-internal_par:1-FXF_SpeedDial_par:2-FXF-SITE-LOCAL_par:3-FXF-SITE-LD-SME_par:4-FXF-SITE-International_par:6-VMPilot_par,f,2,99
d96ab8a6-2063-4651-8b86-183267d8ad75,FXF-GRR-APP-css,FXF Site Application Routing,,1-FXF-SITE-911_par:FXF-GRR-APP-par:1-FXF-SITE-internal_par:1-FXF_SpeedDial_par:2-FXF-SITE-LOCAL_par:3-FXF-SITE-LD-SME_par:4-FXF-SITE-International_par:6-VMPilot_par,f,2,99
f9ca0731-bf68-a6a8-e586-cd0df3e00195,FXF-CHS-APP-css,CHS CSS to be Applied to the Lines,,BLOCKED-GENERAL-par:1-FXF-SITE-911_par:FXF-CHS-APP-par:1-FXF-SITE-internal_par:1-FXF_SpeedDial_par:2-FXF-SITE-LOCAL_par:3-FXF-SITE-LD-SME_par:4-FXF-SITE-International_par:6-VMPilot_par,f,2,99
88f50a3e-a200-4410-c3b6-88da39e605ef,FSC-GBWI-APP-css,GBWI CSS to be Applied to the Lines,,BLOCKED-GENERAL-par:1-FXF-SITE-911_par:FSC-GBWI-APP-par:1-FXF-SITE-internal_par:2-FXF-SITE-LOCAL_par:3-FXF-SITE-LD-SME_par:4-FXF-SITE-International_par:6-VMPilot_par,f,2,99
d27a0193-1deb-d408-e79e-e943083a9eab,FXF-LOU-APP-css,LOU CSS to be Applied to the Lines,,BLOCKED-GENERAL-par:FXF-LOU-APP-par:1-FXF-SITE-911_par:1-FXF-SITE-internal_par:1-FXF_SpeedDial_par:2-FXF-SITE-LOCAL_par:3-FXF-SITE-LD-SME_par:4-FXF-SITE-International_par:6-VMPilot_par,f,2,99
dcb765ba-f330-103c-71a0-2517dffbae71,FSC-USCC-APP-css,USCC CSS to be Applied to the Lines,,BLOCKED-GENERAL-par:1-FXF-SITE-911_par:FSC-USCC-APP-par:1-FXF-SITE-internal_par:2-FXF-SITE-LOCAL_par:3-FXF-SITE-LD-SME_par:4-FXF-SITE-International_par:6-VMPilot_par,f,2,99
89181216-6ebd-01d9-9e5a-c22f53d958bf,FSC-RKCA-APP-css,RKCA CSS to be Applied to the Lines,,BLOCKED-GENERAL-par:1-FXF-SITE-911_par:FSC-RKCA-APP-par:1-FXF-SITE-internal_par:2-FXF-SITE-LOCAL_par:3-FXF-SITE-LD-SME_par:4-FXF-SITE-International_par:6-VMPilot_par,f,2,99
c26bf1c6-5043-20c4-674b-d57582307e8d,FXF-MIE-APP-css,FXF Site Application Routing,,FXF-MIE-APP-par:1-FXF-SITE-911_par:1-FXF-SITE-internal_par:1-FXF_SpeedDial_par:2-FXF-SITE-LOCAL_par:3-FXF-SITE-LD-SME_par:4-FXF-SITE-International_par:6-VMPilot_par,f,2,99
1afc3385-9976-7ca6-9b68-3d7ad40a95c4,FSC-KNCA-APP-css,KNCA CSS to be Applied to the Lines,,BLOCKED-GENERAL-par:1-FXF-SITE-911_par:FSC-KNCA-APP-par:1-FXF-SITE-internal_par:2-FXF-SITE-LOCAL_par:3-FXF-SITE-LD-SME_par:4-FXF-SITE-International_par:6-VMPilot_par,f,2,99
d62ccfda-d56e-6761-2bb1-8184a370edf9,FSC-PLPA-APP2-css,PLPA APP CSS for Internal calling only,,BLOCKED-GENERAL-par:1-FXF-SITE-911_par:FSC-PLPA-APP-par:1-FXF-SITE-internal_par:6-VMPilot_par,f,2,99
e8b57e8d-e9b7-1dd9-2837-7b464ba27767,FXF-ELH-APP-css,ELH CSS to be Applied to the Lines,,BLOCKED-GENERAL-par:1-FXF-SITE-911_par:FXF-ELH-APP-par:1-FXF-SITE-internal_par:1-FXF_SpeedDial_par:2-FXF-SITE-LOCAL_par:3-FXF-SITE-LD-SME_par:4-FXF-SITE-International_par:6-VMPilot_par,f,2,99
cec3a65a-fa13-c5cf-8998-91fe396cb809,FXF-MKO-APP-css,MKO CSS to be Applied to the Lines,,BLOCKED-GENERAL-par:1-FXF-SITE-911_par:FXF-MKO-APP-par:1-FXF-SITE-internal_par:1-FXF_SpeedDial_par:2-FXF-SITE-LOCAL_par:3-FXF-SITE-LD-SME_par:4-FXF-SITE-International_par:6-VMPilot_par,f,2,99
bf4e7f0d-9e5b-0e16-7bcb-73870a0ec51c,FXF-KMZ-APP-css,FXF Site Application Routing,,1-FXF-SITE-911_par:1-FXF-SITE-internal_par:FXF-KMZ-APP-par:1-FXF_SpeedDial_par:2-FXF-SITE-LOCAL_par:3-FXF-SITE-LD-SME_par:4-FXF-SITE-International_par:6-VMPilot_par,f,2,99
8dccd1c0-ccce-c88b-e179-997307437fa2,PhoneRepStaging_css,Phone Replacement Calling Search Space,,PhoneRepStaging_pt:CO-LO-E911-EGW_par,f,2,99
1ddb6405-837e-3281-86d8-0802d2f549a6,FXF-IND-APP-css,IND CSS to be Applied to the Lines,,BLOCKED-GENERAL-par:1-FXF-SITE-911_par:FXF-IND-APP-par:1-FXF-SITE-internal_par:1-FXF_SpeedDial_par:2-FXF-SITE-LOCAL_par:3-FXF-SITE-LD-SME_par:4-FXF-SITE-International_par:6-VMPilot_par,f,2,99
4a6a75f0-7097-b337-b3fe-228f2d015db3,FXF-EGB-APP-css,FXF Site Application Routing,,FXF-EGB-APP-par:1-FXF-SITE-911_par:1-FXF-SITE-internal_par:1-FXF_SpeedDial_par:2-FXF-SITE-LOCAL_par:3-FXF-SITE-LD-SME_par:4-FXF-SITE-International_par:6-VMPilot_par,f,2,99
f1379309-cf44-9201-106a-43d6f767d31f,FXF-ERI-APP-css,FXF Site Application Routing,,FXF-ERI-APP-par:1-FXF-SITE-911_par:1-FXF-SITE-internal_par:1-FXF_SpeedDial_par:2-FXF-SITE-LOCAL_par:3-FXF-SITE-LD-SME_par:4-FXF-SITE-International_par:6-VMPilot_par,f,2,99
23cfdad0-7451-072a-e87f-3e0990223318,FXF-MKE-APP-css,MKE CSS to be Applied to the Lines,,BLOCKED-GENERAL-par:FXF-MKE-APP-par:1-FXF-SITE-911_par:1-FXF-SITE-internal_par:1-FXF_SpeedDial_par:2-FXF-SITE-LOCAL_par:3-FXF-SITE-LD-SME_par:4-FXF-SITE-International_par:6-VMPilot_par,f,2,99
dda285e0-d498-f27b-649d-d8511538ab0c,FXF-LAG-APP-css,LAG CSS to be Applied to the Lines,,BLOCKED-GENERAL-par:1-FXF-SITE-911_par:FXF-LAG-APP-par:1-FXF-SITE-internal_par:1-FXF_SpeedDial_par:2-FXF-SITE-LOCAL_par:3-FXF-SITE-LD-SME_par:4-FXF-SITE-International_par:6-VMPilot_par,f,2,99
76db1973-0d18-ebd4-c616-b9aafa8aa97f,FXF-NHC-APP-css,NHC CSS to be Applied to the Lines,,BLOCKED-GENERAL-par:1-FXF-SITE-911_par:FXF-NHC-APP-par:1-FXF-SITE-internal_par:1-FXF_SpeedDial_par:2-FXF-SITE-LOCAL_par:3-FXF-SITE-LD-SME_par:4-FXF-SITE-International_par:6-VMPilot_par,f,2,99
25c61e90-3067-5864-8128-d4efae6db1c8,FXF-SJM-APP-css,SJM CSS to be Applied to the Lines,,BLOCKED-GENERAL-par:1-FXF-SITE-911_par:FXF-SJM-APP-par:1-FXF-SITE-internal_par:1-FXF_SpeedDial_par:2-FXF-SITE-LOCAL_par:3-FXF-SITE-LD-SME_par:4-FXF-SITE-International_par:6-VMPilot_par,f,2,99
8eafa8f5-71fc-53f1-bcda-5c654a3ad7bc,FXF-RSV-APP-css,RSV CSS to be Applied to the Lines,,BLOCKED-GENERAL-par:1-FXF-SITE-911_par:FXF-RSV-APP-par:1-FXF-SITE-internal_par:1-FXF_SpeedDial_par:2-FXF-SITE-LOCAL_par:3-FXF-SITE-LD-SME_par:4-FXF-SITE-International_par:6-VMPilot_par,f,2,99
d6e44140-d18a-8ba1-ebea-3a8e3915257f,FXF-STC-APP-css,FXF Site Application Routing,,FXF-STC-APP-par:1-FXF-SITE-911_par:1-FXF-SITE-internal_par:1-FXF_SpeedDial_par:2-FXF-SITE-LOCAL_par:3-FXF-SITE-LD-SME_par:4-FXF-SITE-International_par:6-VMPilot_par,f,2,99
9276b493-f54d-859b-bb50-acc80775ddb1,FXF-OCF-APP-css,FXF Site Application Routing,,1-FXF-SITE-911_par:FXF-OCF-APP-par:1-FXF-SITE-internal_par:1-FXF_SpeedDial_par:2-FXF-SITE-LOCAL_par:3-FXF-SITE-LD-SME_par:4-FXF-SITE-International_par:6-VMPilot_par,f,2,99
60fb555f-5fa9-8347-1a3c-698cd9a3e1b2,FXF-BHM-APP-css,BHM CSS to be Applied to the Lines,,BLOCKED-GENERAL-par:FXF-BHM-APP-par:1-FXF-SITE-911_par:1-FXF-SITE-internal_par:1-FXF_SpeedDial_par:2-FXF-SITE-LOCAL_par:3-FXF-SITE-LD-SME_par:4-FXF-SITE-International_par:6-VMPilot_par,f,2,99
460cbbce-f628-6921-4905-5a0d618f1328,FXF-CDA-APP-css,CDA CSS to be Applied to the Lines,,BLOCKED-GENERAL-par:1-FXF-SITE-911_par:FXF-CDA-APP-par:1-FXF-SITE-internal_par:1-FXF_SpeedDial_par:2-FXF-SITE-LOCAL_par:3-FXF-SITE-LD-SME_par:4-FXF-SITE-International_par:6-VMPilot_par,f,2,99
2193b6a2-59d3-f03b-2280-dc5dec181aee,FXF-ELK-APP_css,FXF Site Application Routing,,CO-LO-E911-EGW_par:FXF-ELK-APP_par:1-FXF-SITE-internal_par:1-FXF_SpeedDial_par:2-FXF-SITE-LOCAL_par:3-FXF-SITE-LD-SME_par:4-FXF-SITE-International_par:6-VMPilot_par,f,2,99
a9e564f7-4927-4b2b-b54e-426de8bdfd1b,FSC-MDX1-APP-css,MDX1 CSS to be Applied to the Lines,,BLOCKED-GENERAL-par:1-FXF-SITE-911_par:FSC-MDX1-APP-par:1-FXF-SITE-internal_par:2-FXF-SITE-LOCAL_par:3-FXF-SITE-LD-SME_par:4-FXF-SITE-International_par:6-VMPilot_par,f,2,99
557269a6-9b42-59d1-6cfd-85a6efdeac69,FXF-ARN-APP-css,FXF Site Application Routing,,1-FXF-SITE-911_par:FXF-ARN-APP-par:1-FXF-SITE-internal_par:1-FXF_SpeedDial_par:2-FXF-SITE-LOCAL-CAN_par:3-FXF-SITE-LD-SME_par:4-FXF-SITE-International_par:6-VMPilot_par,f,2,99
d3c740a1-8274-c5e4-1fdd-d613c7582241,FXF-WMN-APP-css,WMN CSS to be Applied to the Lines,,BLOCKED-GENERAL-par:1-FXF-SITE-911_par:FXF-WMN-APP-par:1-FXF-SITE-internal_par:1-FXF_SpeedDial_par:2-FXF-SITE-LOCAL_par:3-FXF-SITE-LD-SME_par:4-FXF-SITE-International_par:6-VMPilot_par,f,2,99
03b377eb-7cbd-468b-9ce0-8272ceae0a1b,FXF-STR-APP-css,STR CSS to be Applied to the Lines,,BLOCKED-GENERAL-par:1-FXF-SITE-911_par:FXF-STR-APP-par:1-FXF-SITE-internal_par:1-FXF_SpeedDial_par:2-FXF-SITE-LOCAL_par:3-FXF-SITE-LD-SME_par:4-FXF-SITE-International_par:6-VMPilot_par,f,2,99
b93c7d38-76d1-3ec0-5775-22cdce6fc297,FXF-LD_css,FXF Long Distance PSTN Calling,,1-FXF-SITE-internal_par:2-FXF-SITE-LOCAL_par:3-FXF-SITE-LD_par,f,2,99
3c384259-af54-33ac-58b8-b98ee4842307,FSC-FDSC-APP-css,FDSC CSS to be Applied to the Lines,,BLOCKED-GENERAL-par:1-FXF-SITE-911_par:FSC-FDSC-APP-par:1-FXF-SITE-internal_par:2-FXF-SITE-LOCAL_par:3-FXF-SITE-LD-SME_par:4-FXF-SITE-International_par:6-VMPilot_par,f,2,99
7826d4a0-de75-ce35-9bef-726777392103,FXF-MSL-APP-css,FXF Site Application Routing,,1-FXF-SITE-911_par:FXF-MSL-APP-par:1-FXF-SITE-internal_par:1-FXF_SpeedDial_par:2-FXF-SITE-LOCAL_par:3-FXF-SITE-LD-SME_par:4-FXF-SITE-International_par:6-VMPilot_par,f,2,99
28cded2e-b548-2c29-07f6-11fd7f0f2db4,E911-EGW_css,E911 Calls to EGW,,E911-EGW_par:1-FXF-SITE-internal_par,f,2,99
0f7d11b9-9c29-73b7-c105-d392d597763b,FXF-WPB-APP-css,Local site Intra-site dialing control,,BLOCKED-GENERAL-par:1-FXF-SITE-911_par:FXF-WPB-APP-par:1-FXF-SITE-internal_par:1-FXF_SpeedDial_par:2-FXF-SITE-LOCAL_par:3-FXF-SITE-LD-SME_par:4-FXF-SITE-International_par:6-VMPilot_par,f,2,99
5dcf5085-d96b-8242-0ed0-581cf295304d,FXF-SVG-APP-css,FXF Site Application Routing,,FXF-SVG-APP-par:1-FXF-SITE-911_par:1-FXF-SITE-internal_par:1-FXF_SpeedDial_par:2-FXF-SITE-LOCAL_par:3-FXF-SITE-LD-SME_par:4-FXF-SITE-International_par:6-VMPilot_par,f,2,99
186dbe5a-53d6-7926-fda1-ab86d0ea28c5,FXF-MFD-APP-css,MFD CSS to be Applied to the Lines,,BLOCKED-GENERAL-par:1-FXF-SITE-911_par:FXF-MFD-APP-par:1-FXF-SITE-internal_par:1-FXF_SpeedDial_par:2-FXF-SITE-LOCAL_par:3-FXF-SITE-LD-SME_par:4-FXF-SITE-International_par:6-VMPilot_par,f,2,99
cbf2dc40-b339-f520-8ed9-917804310729,FXF-BGR-APP-css,BGR CSS to be Applied to the Lines,,BLOCKED-GENERAL-par:1-FXF-SITE-911_par:FXF-BGR-APP-par:1-FXF-SITE-internal_par:1-FXF_SpeedDial_par:2-FXF-SITE-LOCAL_par:3-FXF-SITE-LD-SME_par:4-FXF-SITE-International_par:6-VMPilot_par,f,2,99
f9401893-a469-0d22-f09e-034b69d209ce,FXF-NEW-APP-css,NEW CSS to be Applied to the Lines,,BLOCKED-GENERAL-par:FXF-NEW-APP-par:1-FXF-SITE-911_par:1-FXF-SITE-internal_par:1-FXF_SpeedDial_par:2-FXF-SITE-LOCAL_par:3-FXF-SITE-LD-SME_par:4-FXF-SITE-International_par:6-VMPilot_par,f,2,99
d8f0d7a6-ee79-cb81-74e2-4a4ef6cc0405,FXF-RNJ-APP-css,RNJ CSS to be Applied to the Lines,,BLOCKED-GENERAL-par:1-FXF-SITE-911_par:1-FXF-SITE-internal_par:FXF-RNJ-APP-par:2-FXF-SITE-LOCAL_par:1-FXF_SpeedDial_par:3-FXF-SITE-LD-SME_par:4-FXF-SITE-International_par:6-VMPilot_par,f,2,99
e014c20a-f953-9137-8877-f09e8d26aa2f,FSC-CPAZ-APP-css,CPAZ CSS to be Applied to the Lines,,BLOCKED-GENERAL-par:1-FXF-SITE-911_par:FSC-CPAZ-APP-par:1-FXF-SITE-internal_par:2-FXF-SITE-LOCAL_par:3-FXF-SITE-LD-SME_par:4-FXF-SITE-International_par:6-VMPilot_par,f,2,99
027fd53f-9d28-bd50-beb8-ed2cc23e3806,FXF-SHM-APP-css,FXF Site Application Routing,,FXF-SHM-APP-par:1-FXF-SITE-911_par:1-FXF-SITE-internal_par:1-FXF_SpeedDial_par:2-FXF-SITE-LOCAL_par:3-FXF-SITE-LD-SME_par:4-FXF-SITE-International_par:6-VMPilot_par,f,2,99
cfc981d2-e13d-500d-77ca-616939d7dcd9,FXF-HFD-APP-css,HFD CSS to be Applied to the Lines,,BLOCKED-GENERAL-par:FXF-HFD-APP-par:1-FXF-SITE-911_par:1-FXF-SITE-internal_par:1-FXF_SpeedDial_par:2-FXF-SITE-LOCAL_par:3-FXF-SITE-LD-SME_par:4-FXF-SITE-International_par:6-VMPilot_par,f,2,99
ef8e8524-c614-fe3b-87ca-f9a367d527d7,FXF-AHN-APP-css,AHN CSS to be Applied to the Lines,,BLOCKED-GENERAL-par:1-FXF-SITE-911_par:FXF-AHN-APP-par:1-FXF-SITE-internal_par:1-FXF_SpeedDial_par:2-FXF-SITE-LOCAL_par:3-FXF-SITE-LD-SME_par:4-FXF-SITE-International_par:6-VMPilot_par,f,2,99
003326f5-0d98-bd7c-68b1-383cf6e9ee13,FXF-CGR-APP-css,FXF Site Application Routing,,1-FXF-SITE-911_par:1-FXF-SITE-internal_par:FXF-CGR-APP-par:1-FXF_SpeedDial_par:2-FXF-SITE-LOCAL_par:3-FXF-SITE-LD-SME_par:4-FXF-SITE-International_par:6-VMPilot_par,f,2,99
159ed8a4-a98e-a83e-80c3-dc79fea45352,FXF-RDU-APP-css,RDU CSS to be Applied to the Lines,,BLOCKED-GENERAL-par:1-FXF-SITE-911_par:FXF-RDU-APP-par:1-FXF-SITE-internal_par:1-FXF_SpeedDial_par:2-FXF-SITE-LOCAL_par:3-FXF-SITE-LD-SME_par:4-FXF-SITE-International_par:6-VMPilot_par,f,2,99
9b28c03b-f6fc-0434-b4ba-355d43301f39,FXF-PBF-APP-css,PBF CSS to be Applied to the Lines,,BLOCKED-GENERAL-par:1-FXF-SITE-911_par:FXF-PBF-APP-par:1-FXF-SITE-internal_par:2-FXF-SITE-LOCAL_par:1-FXF_SpeedDial_par:3-FXF-SITE-LD-SME_par:4-FXF-SITE-International_par:6-VMPilot_par,f,2,99
08d674f9-b92c-26ca-8d1c-c1e6d5f21cf3,FXF-DRT-APP-css,DRT CSS to be Applied to the Lines,,BLOCKED-GENERAL-par:1-FXF-SITE-911_par:FXF-DRT-APP-par:1-FXF-SITE-internal_par:1-FXF_SpeedDial_par:2-FXF-SITE-LOCAL_par:3-FXF-SITE-LD-SME_par:4-FXF-SITE-International_par:6-VMPilot_par,f,2,99
77a5b24d-20fa-d8f9-0c71-a6751bae19ec,FXF-FLO-APP-css,FLO CSS to be Applied to the Lines,,BLOCKED-GENERAL-par:1-FXF-SITE-911_par:FXF-FLO-APP-par:1-FXF-SITE-internal_par:1-FXF_SpeedDial_par:2-FXF-SITE-LOCAL_par:3-FXF-SITE-LD-SME_par:4-FXF-SITE-International_par:6-VMPilot_par,f,2,99
c20bb315-1647-fe81-d931-15d32a21dbf0,FXF-EDA-APP-css,EDA CSS to be Applied to the Lines,,BLOCKED-GENERAL-par:FXF-EDA-APP-par:1-FXF-SITE-911_par:1-FXF-SITE-internal_par:2-FXF-SITE-LOCAL_par:1-FXF_SpeedDial_par:3-FXF-SITE-LD-SME_par:4-FXF-SITE-International_par:6-VMPilot_par,f,2,99
af832c44-60d8-f026-4fbe-5cac65a97173,FXF-CLX-APP-css,CLX CSS to be Applied to the Lines,,BLOCKED-GENERAL-par:1-FXF-SITE-911_par:1-FXF-SITE-internal_par:FXF-CLX-APP-par:1-FXF_SpeedDial_par:2-FXF-SITE-LOCAL_par:3-FXF-SITE-LD-SME_par:4-FXF-SITE-International_par:6-VMPilot_par,f,2,99
1f34ed7e-6e8b-6832-1342-1c8acfd5d598,FXF-OMA-APP-css,OMA CSS to be Applied to the Lines,,BLOCKED-GENERAL-par:1-FXF-SITE-911_par:FXF-OMA-APP-par:1-FXF-SITE-internal_par:1-FXF_SpeedDial_par:2-FXF-SITE-LOCAL_par:3-FXF-SITE-LD-SME_par:4-FXF-SITE-International_par:6-VMPilot_par,f,2,99
1737f962-ff31-41cd-673a-3906dfdd9530,VMRestricted_css,VM Outdialing,,VMRestricted_par:6-VMPilot_par:1-FXF-SITE-internal_par:VM_Outdial_par,f,2,99
2d13f5b2-9249-a8c4-4bb9-ecf84f5d18da,FSC-MTSR-APP-css,MTSR CSS to be Applied to the Lines,,BLOCKED-GENERAL-par:1-FXF-SITE-911_par:FSC-MTSR-APP-par:1-FXF-SITE-internal_par:2-FXF-SITE-LOCAL_par:3-FXF-SITE-LD-SME_par:4-FXF-SITE-International_par:6-VMPilot_par,f,2,99
c59b637d-36ac-b317-6325-2d1a48df03e9,FXF-EPH-APP-css,FXF Site Application Routing,,FXF-EPH-APP-par:1-FXF-SITE-911_par:1-FXF-SITE-internal_par:1-FXF_SpeedDial_par:2-FXF-SITE-LOCAL_par:3-FXF-SITE-LD-SME_par:4-FXF-SITE-International_par:6-VMPilot_par,f,2,99
86f74a08-1b1c-3d92-d7db-f93035a647e4,FXF-CUSP_css,FXF calls to CUSP (David Nester Test),,FXF-CUSP_par:1-FXF-SITE-internal_par,f,2,99
88fad650-ee6f-2005-f412-bcbc630e74ce,FSC-PLPA-APP-css,PLPA CSS to be Applied to the Lines,,BLOCKED-GENERAL-par:1-FXF-SITE-911_par:FSC-PLPA-APP-par:1-FXF-SITE-internal_par:2-FXF-SITE-LOCAL_par:3-FXF-SITE-LD-SME_par:4-FXF-SITE-International_par:6-VMPilot_par,f,2,99
a0af4e41-14bf-442d-8293-446780063481,FXF-JKT-APP-css,FXF Site Application Routing,,BLOCKED-GENERAL-par:1-FXF-SITE-911_par:1-FXF-SITE-internal_par:FXF-JKT-APP-par:2-FXF-SITE-LOCAL_par:1-FXF_SpeedDial_par:3-FXF-SITE-LD-SME_par:4-FXF-SITE-International_par:6-VMPilot_par,f,2,99
0a963fef-4cdf-2f1f-7f34-be398a45c8d6,FXF-MOB-APP-css,FXF Site Application Routing,,FXF-MOB-APP-par:1-FXF-SITE-911_par:1-FXF-SITE-internal_par:1-FXF_SpeedDial_par:2-FXF-SITE-LOCAL_par:3-FXF-SITE-LD-SME_par:4-FXF-SITE-International_par:6-VMPilot_par,f,2,99
96fefb82-6fe6-9960-288a-88ecadc2c81a,FXF-WWC-APP_css,FXF Site Application Routing,,FXF-WWC-APP_par,f,2,99
42eb1ed5-e4a1-ba17-835a-edea32996a6e,FSC-FTWN-APP-css,FTWN CSS to be Applied to the Lines,,BLOCKED-GENERAL-par:FSC-FTWN-APP-par:CO-LO-E911-EGW_par:1-FXF-SITE-internal_par:2-FXF-SITE-LOCAL_par:3-FXF-SITE-LD-SME_par:4-FXF-SITE-International_par:6-VMPilot_par,f,2,99
a4620620-467d-e91a-8a01-945c421611f5,FXF-NPL-APP-css,NPL CSS to be Applied to the Lines,,BLOCKED-GENERAL-par:1-FXF-SITE-911_par:FXF-NPL-APP-par:1-FXF-SITE-internal_par:2-FXF-SITE-LOCAL_par:1-FXF_SpeedDial_par:3-FXF-SITE-LD-SME_par:4-FXF-SITE-International_par:6-VMPilot_par,f,2,99
0af062c2-6a9f-6fcd-ee2e-276754ce8180,FXF-SJU-APP-css,SJU CSS to be Applied to the Lines,,FXF-SJU-GW-911-par:FXF-SJU-APP-par:1-FXF-SITE-internal_par:1-FXF_SpeedDial_par:FXF-SJU-GW-LOCAL-par:FXF-SJU-ATTSME-par:4-FXF-SITE-International_par:6-VMPilot_par,f,2,99
a870d8e2-033e-6238-f8ea-eab0b208c0a5,FSC-TMTX-APP-css,TMTX CSS to be Applied to the Lines,,BLOCKED-GENERAL-par:FSC-TMTX-APP-par:1-FXF-SITE-911_par:1-FXF-SITE-internal_par:2-FXF-SITE-LOCAL_par:3-FXF-SITE-LD-SME_par:4-FXF-SITE-International_par:6-VMPilot_par,f,2,99
6fa45c67-f902-788d-74e3-204c14b12f57,FXF-LON-APP-css,FXF Site Application Routing,,1-FXF-SITE-911_par:FXF-LON-APP_par:1-FXF-SITE-internal_par:1-FXF_SpeedDial_par:2-FXF-SITE-LOCAL_par:3-FXF-SITE-LD-SME_par:4-FXF-SITE-International_par:6-VMPilot_par,f,2,99
dea5a1ef-10e2-8168-2db7-95324f70c8fb,FXF-JKM-APP-css,JKM CSS to be Applied to the Lines,,BLOCKED-GENERAL-par:FXF-JKM-APP-par:1-FXF-SITE-911_par:1-FXF-SITE-internal_par:1-FXF_SpeedDial_par:2-FXF-SITE-LOCAL_par:3-FXF-SITE-LD-SME_par:4-FXF-SITE-International_par:6-VMPilot_par,f,2,99
be365544-4d76-b19a-2364-245364da0de7,FXF-CNG-APP-css,CNG CSS to be Applied to the Lines,,BLOCKED-GENERAL-par:1-FXF-SITE-911_par:FXF-CNG-APP-par:1-FXF-SITE-internal_par:1-FXF_SpeedDial_par:2-FXF-SITE-LOCAL_par:3-FXF-SITE-LD-SME_par:4-FXF-SITE-International_par:6-VMPilot_par,f,2,99
affe76bf-196c-568a-e743-a9fbeae626bc,FXF-GBD-APP-css,GBD CSS to be Applied to the Lines,,BLOCKED-GENERAL-par:1-FXF-SITE-911_par:1-FXF-SITE-internal_par:FXF-GBD-APP-par:1-FXF_SpeedDial_par:2-FXF-SITE-LOCAL_par:3-FXF-SITE-LD-SME_par:4-FXF-SITE-International_par:6-VMPilot_par,f,2,99
c9fc7227-1657-9dc6-f72b-61a9e2ad5162,FXF-SGO-APP-css,SGO CSS to be Applied to the Lines,,BLOCKED-GENERAL-par:1-FXF-SITE-911_par:FXF-SGO-APP-par:1-FXF-SITE-internal_par:1-FXF_SpeedDial_par:2-FXF-SITE-LOCAL_par:3-FXF-SITE-LD-SME_par:4-FXF-SITE-International_par:6-VMPilot_par,f,2,99
90a2be22-6174-e9c9-96d5-43a21ffbdacc,FXF-SPEEDDIAL-css,FXF Speed Dial CSS,,1-FXF-SITE-internal_par,f,2,99
651717ba-acb3-43fd-b9bd-d4e9a968fefe,FXF-NKY-APP-css,NKY CSS to be Applied to the Lines,,BLOCKED-GENERAL-par:1-FXF-SITE-911_par:FXF-NKY-APP-par:1-FXF-SITE-internal_par:1-FXF_SpeedDial_par:2-FXF-SITE-LOCAL_par:3-FXF-SITE-LD-SME_par:4-FXF-SITE-International_par:6-VMPilot_par,f,2,99
29f923c8-db25-56e4-8556-2121eef21996,FXF-SLG-APP-css,SLG CSS to be Applied to the Lines,,1-FXF-SITE-911_par:FXF-SLG-APP-par:1-FXF_SpeedDial_par:1-FXF-SITE-internal_par:2-FXF-SITE-LOCAL_par:3-FXF-SITE-LD-SME_par:4-FXF-SITE-International_par:6-VMPilot_par,f,2,99
69c2c168-9468-40b2-c48e-3f594e7abc4b,FXF-BGM-APP-css,BGM CSS to be Applied to the Lines,,BLOCKED-GENERAL-par:1-FXF-SITE-911_par:FXF-BGM-APP-par:1-FXF-SITE-internal_par:1-FXF_SpeedDial_par:2-FXF-SITE-LOCAL_par:3-FXF-SITE-LD-SME_par:4-FXF-SITE-International_par:6-VMPilot_par,f,2,99
30edfd47-0886-ad4d-3f52-7845546ea676,FXF-MED-APP-css,MED CSS to be Applied to the Lines,,BLOCKED-GENERAL-par:1-FXF-SITE-911_par:FXF-MED-APP-par:1-FXF-SITE-internal_par:1-FXF_SpeedDial_par:2-FXF-SITE-LOCAL_par:3-FXF-SITE-LD-SME_par:4-FXF-SITE-International_par:6-VMPilot_par,f,2,99
91bdc56d-b168-ae36-d3a9-b24fcdc04943,FXF-MNT-APP-css,FXF Site Application Routing,,FXF-MNT-APP-par:1-FXF-SITE-911_par:1-FXF-SITE-internal_par:1-FXF_SpeedDial_par:2-FXF-SITE-LOCAL_par:3-FXF-SITE-LD-SME_par:4-FXF-SITE-International_par:6-VMPilot_par,f,2,99
6329522f-d369-5777-5d96-8c41c24df647,FXF-ATO-APP-css,ATO CSS to be Applied to the Lines,,BLOCKED-GENERAL-par:1-FXF-SITE-911_par:FXF-ATO-APP-par:1-FXF-SITE-internal_par:1-FXF_SpeedDial_par:2-FXF-SITE-LOCAL_par:3-FXF-SITE-LD-SME_par:4-FXF-SITE-International_par:6-VMPilot_par,f,2,99
b747735a-d609-5ff1-5c86-8c2ef856c318,FXF-BTE-APP-css,FXF Site Application Routing,,FXF-BTE-APP-par:1-FXF-SITE-911_par:1-FXF-SITE-internal_par:1-FXF_SpeedDial_par:2-FXF-SITE-LOCAL_par:3-FXF-SITE-LD-SME_par:4-FXF-SITE-International_par:6-VMPilot_par,f,2,99
d9363dc5-9d77-e5ea-de7f-412cf3363723,FSC-HALM-APP-css,HALM CSS to be Applied to the Lines,,BLOCKED-GENERAL-par:1-FXF-SITE-911_par:FSC-HALM-APP-par:1-FXF-SITE-internal_par:2-FXF-SITE-LOCAL_par:3-FXF-SITE-LD-SME_par:4-FXF-SITE-International_par:6-VMPilot_par,f,2,99
607ec460-94a0-8468-dad3-8450f7d31df5,FXF-LNK-APP-css,LNK CSS to be Applied to the Lines,,BLOCKED-GENERAL-par:1-FXF-SITE-911_par:FXF-LNK-APP-par:1-FXF-SITE-internal_par:2-FXF-SITE-LOCAL_par:1-FXF_SpeedDial_par:3-FXF-SITE-LD-SME_par:4-FXF-SITE-International_par:6-VMPilot_par,f,2,99
a36da49d-2694-fc16-8442-3e6ccec2fa4f,FXF-MER-APP-css,MER CSS to be Applied to the Lines,,BLOCKED-GENERAL-par:1-FXF-SITE-911_par:FXF-MER-APP-par:1-FXF-SITE-internal_par:1-FXF_SpeedDial_par:2-FXF-SITE-LOCAL_par:3-FXF-SITE-LD-SME_par:4-FXF-SITE-International_par:6-VMPilot_par,f,2,99
b55e7854-2044-8b90-19c6-7219485af899,FSC-MEMT-APP-css,MEMT CSS to be Applied to the Lines,,BLOCKED-GENERAL-par:1-FXF-SITE-911_par:FSC-MEMT-APP-par:1-FXF-SITE-internal_par:2-FXF-SITE-LOCAL_par:3-FXF-SITE-LD-SME_par:4-FXF-SITE-International_par:6-VMPilot_par,f,2,99
5e79b4f3-191f-d90a-2287-c4bc7e33ab31,FXF-HROAIR-APP-css,HROAIR CSS to be Applied to the Lines,,1-FXF-SITE-911_par:FXF-HROAIR-APP-par:1-FXF-SITE-internal_par:1-FXF_SpeedDial_par:2-FXF-SITE-LOCAL_par:3-FXF-SITE-LD-SME_par:4-FXF-SITE-International_par:6-VMPilot_par,f,2,99
901234ab-b1b6-971f-7e7c-5d706d25b7eb,FXF-UnityOutbound-css,Unity Outbound CSS,,BLOCKED-GENERAL-par:1-FXF-SITE-internal_par:2-FXF-SITE-LOCAL_par:3-FXF-SITE-LD-SME_par:6-VMPilot_par,f,2,99
01b08837-ceef-900e-6687-df8f69765127,FXF-FCY-APP-css,FCY CSS to be Applied to the Lines,,BLOCKED-GENERAL-par:1-FXF-SITE-911_par:FXF-FCY-APP-par:1-FXF-SITE-internal_par:1-FXF_SpeedDial_par:2-FXF-SITE-LOCAL_par:3-FXF-SITE-LD-SME_par:4-FXF-SITE-International_par:6-VMPilot_par,f,2,99
b09acc00-7094-784f-7267-fe87214c132b,FXF-BKF-APP-css,FXF Site Application Routing,,FXF-BKF-APP-par:1-FXF-SITE-911_par:1-FXF-SITE-internal_par:1-FXF_SpeedDial_par:2-FXF-SITE-LOCAL_par:3-FXF-SITE-LD-SME_par:4-FXF-SITE-International_par:6-VMPilot_par,f,2,99
56a0ed52-f93a-84f2-71d2-12695b8e65f9,FSC-DELO-APP-css,DELO CSS to be Applied to the Lines,,BLOCKED-GENERAL-par:1-FXF-SITE-911_par:FSC-DELO-APP-par:1-FXF-SITE-internal_par:2-FXF-SITE-LOCAL_par:3-FXF-SITE-LD-SME_par:4-FXF-SITE-International_par:6-VMPilot_par,f,2,99
e11f7222-17bd-3b61-d866-05927a9126f2,FXF-GLR-APP-css,FXF Site Application Routing,,FXF-GLR-APP-par:1-FXF-SITE-911_par:1-FXF-SITE-internal_par:1-FXF_SpeedDial_par:2-FXF-SITE-LOCAL_par:3-FXF-SITE-LD-SME_par:4-FXF-SITE-International_par:6-VMPilot_par,f,2,99
da0e4b3b-697a-b403-844a-1d9897bd0a4a,FXF-CHN-APP-css,CHN CSS to be Applied to the Lines,,BLOCKED-GENERAL-par:1-FXF-SITE-911_par:FXF-CHN-APP-par:1-FXF-SITE-internal_par:2-FXF-SITE-LOCAL_par:1-FXF_SpeedDial_par:3-FXF-SITE-LD-SME_par:4-FXF-SITE-International_par:6-VMPilot_par,f,2,99
d21ddb23-3210-9b40-23a8-8142f2dec1c8,FXF-SED-APP-css,FXF Site Application Routing,,FXF-SED-APP-par:1-FXF-SITE-911_par:1-FXF-SITE-internal_par:1-FXF_SpeedDial_par:2-FXF-SITE-LOCAL_par:3-FXF-SITE-LD-SME_par:4-FXF-SITE-International_par:6-VMPilot_par,f,2,99
ff8488ca-16c8-1869-c473-006014b145da,FXF-NOL-APP-css,FXF Site Application Routing,,FXF-NOL-APP-par:1-FXF-SITE-911_par:1-FXF-SITE-internal_par:1-FXF_SpeedDial_par:2-FXF-SITE-LOCAL_par:3-FXF-SITE-LD-SME_par:4-FXF-SITE-International_par:6-VMPilot_par,f,2,99
129b7cbb-ae4d-67d4-2423-660de8d5d058,FXF-EKA-APP-css,FXF Site Application Routing,,1-FXF-SITE-911_par:FXF-EKA-APP_par:1-FXF-SITE-internal_par:1-FXF_SpeedDial_par:2-FXF-SITE-LOCAL_par:3-FXF-SITE-LD-SME_par:4-FXF-SITE-International_par:6-VMPilot_par,f,2,99
ec3301d0-bca9-2709-14ac-aadfc97ac672,FXF-DEN-APP-css,DEN CSS to be Applied to the Lines,,BLOCKED-GENERAL-par:1-FXF-SITE-911_par:FXF-DEN-APP-par:1-FXF-SITE-internal_par:1-FXF_SpeedDial_par:2-FXF-SITE-LOCAL_par:3-FXF-SITE-LD-SME_par:4-FXF-SITE-International_par:6-VMPilot_par,f,2,99
44a5755d-418d-0a55-3c05-51b9173e27c5,FXF-WTO-APP-css,WTO CSS to be Applied to the Lines,,1-FXF-SITE-911_par:FXF-WTO-APP-par:1-FXF-SITE-internal_par:1-FXF_SpeedDial_par:2-FXF-SITE-LOCAL_par:3-FXF-SITE-LD-SME_par:4-FXF-SITE-International_par:6-VMPilot_par,f,2,99
f28a2343-482f-ca3f-ed71-c9c824eccdac,FXF-ANH-APP-css,ANH CSS to be Applied to the Lines,,BLOCKED-GENERAL-par:FXF-ANH-APP-par:1-FXF-SITE-911_par:1-FXF-SITE-internal_par:1-FXF_SpeedDial_par:2-FXF-SITE-LOCAL_par:3-FXF-SITE-LD-SME_par:4-FXF-SITE-International_par:6-VMPilot_par,f,2,99
e882753c-08b5-686f-d75d-78b75ff84512,FXF-PCA-APP-css,PCA CSS to be Applied to the Lines,,BLOCKED-GENERAL-par:1-FXF-SITE-911_par:FXF-PCA-APP-par:1-FXF-SITE-internal_par:1-FXF_SpeedDial_par:2-FXF-SITE-LOCAL_par:3-FXF-SITE-LD-SME_par:4-FXF-SITE-International_par:6-VMPilot_par,f,2,99
23e7b48f-4552-d6f4-838e-60a6c6a8ae90,FXF-HKY-APP-css,FXF Site Application Routing,,FXF-HKY-APP-par:1-FXF-SITE-911_par:1-FXF-SITE-internal_par:1-FXF_SpeedDial_par:2-FXF-SITE-LOCAL_par:3-FXF-SITE-LD-SME_par:4-FXF-SITE-International_par:6-VMPilot_par,f,2,99
37714496-ee97-a0ed-35dd-8af3fe93740f,FXF-ROA-APP-css,FXF Site Application Routing,,BLOCKED-GENERAL-par:FXF-ROA-APP-par:1-FXF-SITE-911_par:1-FXF-SITE-internal_par:1-FXF_SpeedDial_par:2-FXF-SITE-LOCAL_par:3-FXF-SITE-LD-SME_par:4-FXF-SITE-International_par:6-VMPilot_par,f,2,99
bf7d10ba-cbde-0e18-5ff2-20c99b86f484,FXF-MRL-APP-css,FXF Site Application Routing,,FXF-MRL-APP-par:1-FXF-SITE-911_par:1-FXF-SITE-internal_par:1-FXF_SpeedDial_par:2-FXF-SITE-LOCAL_par:3-FXF-SITE-LD-SME_par:4-FXF-SITE-International_par:6-VMPilot_par,f,2,99
a628a93b-0ef5-5d70-c28e-ee8c3540d806,FXF-OXN-APP-css,FXF Site Application Routing,,FXF-OXN-APP-par:1-FXF-SITE-911_par:1-FXF-SITE-internal_par:1-FXF_SpeedDial_par:2-FXF-SITE-LOCAL_par:3-FXF-SITE-LD-SME_par:4-FXF-SITE-International_par:6-VMPilot_par,f,2,99
770aab84-8037-fa70-195b-8dd4cc96c538,FXF-EAU-APP-css,EAU CSS to be Applied to the Lines,,BLOCKED-GENERAL-par:1-FXF-SITE-911_par:FXF-EAU-APP-par:1-FXF-SITE-internal_par:1-FXF_SpeedDial_par:2-FXF-SITE-LOCAL_par:3-FXF-SITE-LD-SME_par:4-FXF-SITE-International_par:6-VMPilot_par,f,2,99
4d663160-e078-7042-0675-ced0c4442aa2,FXF-MCW-APP-css,FXF Site Application Routing,,FXF-MCW-APP-par:1-FXF-SITE-911_par:1-FXF-SITE-internal_par:1-FXF_SpeedDial_par:2-FXF-SITE-LOCAL_par:3-FXF-SITE-LD-SME_par:4-FXF-SITE-International_par:6-VMPilot_par,f,2,99
3f4088c9-2ab4-6bbf-5bc7-c130963d89e0,FXF-CKB-APP-css,CKB CSS to be Applied to the Lines,,BLOCKED-GENERAL-par:1-FXF-SITE-911_par:FXF-CKB-APP-par:1-FXF-SITE-internal_par:1-FXF_SpeedDial_par:2-FXF-SITE-LOCAL_par:3-FXF-SITE-LD-SME_par:4-FXF-SITE-International_par:6-VMPilot_par,f,2,99
6bb7fd25-088d-80b5-956b-93234d14e187,FXF-NAS-APP-css,NAS CSS to be Applied to the Lines,,BLOCKED-GENERAL-par:FXF-NAS-APP-par:1-FXF-SITE-911_par:1-FXF-SITE-internal_par:1-FXF_SpeedDial_par:2-FXF-SITE-LOCAL_par:3-FXF-SITE-LD-SME_par:4-FXF-SITE-International_par:6-VMPilot_par,f,2,99
e99c20b8-a24e-dfc5-d219-e383f3dd6bed,FXF-KNG-APP-css,FXF Site Application Routing,,FXF-KNG-APP-par:1-FXF-SITE-911_par:1-FXF-SITE-internal_par:1-FXF_SpeedDial_par:2-FXF-SITE-LOCAL_par:3-FXF-SITE-LD-SME_par:4-FXF-SITE-International_par:6-VMPilot_par,f,2,99
7cc9a9d3-8a24-fbcd-5085-12ebc223a00f,FXS-SME-INBOUND-INTERNAL-css,Inbound routing from ATT SME,,1-FXF-SITE-internal_par:FXE-FIELD-A-INTERNAL_par:FXE-GlobalDID-par:2-FXF-SITE-LOCAL_par:3-FXF-SITE-LD-SME_par:6-VMPilot_par:1-FXF_SpeedDial_par:FXE-Field-A-IAHS-APP_par,f,2,99
3792b43f-7b45-8d6b-9f66-3e44573c96d1,FXF-PKB-APP-css,FXF Site Application Routing,,Captel-APP-par:FXF-PKB-APP-par:1-FXF-SITE-911_par:1-FXF-SITE-internal_par:1-FXF_SpeedDial_par:2-FXF-SITE-LOCAL_par:3-FXF-SITE-LD-SME_par:4-FXF-SITE-International_par:6-VMPilot_par,f,2,99
be85935d-fe2d-745b-c2d7-c310a259f892,FXF-LAF-APP-css,LAF CSS to be Applied to the Lines,,BLOCKED-GENERAL-par:1-FXF-SITE-911_par:FXF-LAF-APP-par:1-FXF-SITE-internal_par:1-FXF_SpeedDial_par:2-FXF-SITE-LOCAL_par:3-FXF-SITE-LD-SME_par:4-FXF-SITE-International_par:6-VMPilot_par,f,2,99
956a6f92-ea42-3821-ab80-8cb40154a679,FXF-FWA-APP-css,FXF Site Application Routing,,FXF-FWA-APP-par:1-FXF-SITE-911_par:1-FXF-SITE-internal_par:1-FXF_SpeedDial_par:2-FXF-SITE-LOCAL_par:3-FXF-SITE-LD-SME_par:4-FXF-SITE-International_par:6-VMPilot_par,f,2,99
32347a8d-14f4-2c55-28bf-d88b9955996c,FSC-FTWS-GW-css,FSC FTWS Gateway Css,,FSC-FTWS-GW-LOCAL-par,f,2,99
4d0ec8d9-e886-32b7-d310-c1b740692bbc,FXF-LFK-APP-css,FXF Site Application Routing,,FXF-LFK-APP-par:1-FXF-SITE-911_par:1-FXF-SITE-internal_par:1-FXF_SpeedDial_par:2-FXF-SITE-LOCAL_par:3-FXF-SITE-LD-SME_par:4-FXF-SITE-International_par:6-VMPilot_par,f,2,99
89678216-ae8b-a2dd-512f-9235dd4f37f0,FXF-CMH-APP-css,CMH CSS to be Applied to the Lines,,BLOCKED-GENERAL-par:1-FXF-SITE-911_par:FXF-CMH-APP-par:1-FXF-SITE-internal_par:1-FXF_SpeedDial_par:2-FXF-SITE-LOCAL_par:3-FXF-SITE-LD-SME_par:4-FXF-SITE-International_par:6-VMPilot_par,f,2,99
cbdc2838-926f-b7e1-3de9-04f0b31c44bb,FXF-LEX-APP-css,LEX CSS to be Applied to the Lines,,BLOCKED-GENERAL-par:1-FXF-SITE-911_par:FXF-LEX-APP-par:1-FXF-SITE-internal_par:1-FXF_SpeedDial_par:2-FXF-SITE-LOCAL_par:3-FXF-SITE-LD-SME_par:4-FXF-SITE-International_par:6-VMPilot_par,f,2,99
a08fa2f2-23cf-3d30-ffd5-66790d4fd439,FXF-ATL-APP-css,ATL CSS to be Applied to the Lines,,BLOCKED-GENERAL-par:1-FXF-SITE-911_par:FXF-ATL-APP-par:1-FXF-SITE-internal_par:1-FXF_SpeedDial_par:2-FXF-SITE-LOCAL_par:3-FXF-SITE-LD-SME_par:4-FXF-SITE-International_par:6-VMPilot_par,f,2,99
9a44ab03-74a9-6a9e-7caf-ecc025eb7996,FXF-CHV-APP-css,CHV CSS to be Applied to the Lines,,BLOCKED-GENERAL-par:1-FXF-SITE-911_par:FXF-CHV-APP-par:1-FXF-SITE-internal_par:1-FXF_SpeedDial_par:2-FXF-SITE-LOCAL_par:3-FXF-SITE-LD-SME_par:4-FXF-SITE-International_par:6-VMPilot_par,f,2,99
11ee0b7f-2316-9a2c-3574-0701fbb4f76e,FXF-NHS-APP-css,FXF Site Application Routing,,1-FXF-SITE-911_par:FXF-NHS-APP-par:1-FXF-SITE-internal_par:1-FXF_SpeedDial_par:2-FXF-SITE-LOCAL_par:3-FXF-SITE-LD-SME_par:4-FXF-SITE-International_par:6-VMPilot_par,f,2,99
0ba11682-78d5-5464-b6d6-00a1557f34f1,FSC-VZIN-APP-css,VZIN CSS to be Applied to the Lines,,BLOCKED-GENERAL-par:1-FXF-SITE-911_par:FSC-VZIN-APP-par:1-FXF-SITE-internal_par:2-FXF-SITE-LOCAL_par:3-FXF-SITE-LD-SME_par:4-FXF-SITE-International_par:6-VMPilot_par,f,2,99
8fdb27fd-3e4d-7b9a-5413-7faea30acfe0,FXF-CRP-APP-css,FXF Site Application Routing,,FXF-CRP-APP-par:1-FXF-SITE-911_par:1-FXF-SITE-internal_par:1-FXF_SpeedDial_par:2-FXF-SITE-LOCAL_par:3-FXF-SITE-LD-SME_par:4-FXF-SITE-International_par:6-VMPilot_par,f,2,99
00c33f38-337a-5d74-fb87-e96ca2399608,FXF-QBC-APP-css,FXF Site Application Routing,,1-FXF-SITE-911_par:FXF-QBC-APP-par:1-FXF-SITE-internal_par:1-FXF_SpeedDial_par:2-FXF-SITE-LOCAL_par:3-FXF-SITE-LD-SME_par:4-FXF-SITE-International_par:6-VMPilot_par,f,2,99
94756ee0-3807-5588-8d82-59764f0a80da,FXF-JOT-APP-css,JOT CSS to be Applied to the Lines,,BLOCKED-GENERAL-par:1-FXF-SITE-911_par:FXF-JOT-APP-par:1-FXF-SITE-internal_par:1-FXF_SpeedDial_par:2-FXF-SITE-LOCAL_par:3-FXF-SITE-LD-SME_par:4-FXF-SITE-International_par:6-VMPilot_par,f,2,99
be26bff6-61ee-dcaf-67b9-3a9f5ab55d0b,FXF-BNH-APP-css,FXF Site Application Routing,,1-FXF-SITE-911_par:1-FXF-SITE-internal_par:FXF-BNH-APP_par:1-FXF_SpeedDial_par:2-FXF-SITE-LOCAL_par:3-FXF-SITE-LD-SME_par:4-FXF-SITE-International_par:6-VMPilot_par,f,2,99
4a08c3e0-d4ce-2bbd-eb94-61d036e408ca,FXF-HSG-APP-css,HSG CSS to be Applied to the Lines,,BLOCKED-GENERAL-par:1-FXF-SITE-911_par:FXF-HSG-APP-par:1-FXF-SITE-internal_par:1-FXF_SpeedDial_par:2-FXF-SITE-LOCAL_par:3-FXF-SITE-LD-SME_par:4-FXF-SITE-International_par:6-VMPilot_par,f,2,99
64308bd9-d5fb-2903-6083-a7127bf67dc4,FXF-BND-APP-css,FXF Site Application Routing,,1-FXF-SITE-911_par:1-FXF-SITE-internal_par:FXF-BND-APP_par:1-FXF_SpeedDial_par:2-FXF-SITE-LOCAL_par:3-FXF-SITE-LD-SME_par:4-FXF-SITE-International_par:6-VMPilot_par,f,2,99
0f6d3131-a998-4898-ff5c-9495eaa033bc,FXF-NOG-APP-css,NOG CSS to be Applied to the Lines,,BLOCKED-GENERAL-par:1-FXF-SITE-911_par:FXF-NOG-APP-par:1-FXF-SITE-internal_par:1-FXF_SpeedDial_par:2-FXF-SITE-LOCAL_par:3-FXF-SITE-LD-SME_par:4-FXF-SITE-International_par:6-VMPilot_par,f,2,99
d7b9a2ab-ca8e-481d-a4e5-984736681c8c,FSC-AMPL-APP-css,AMPL CSS to be Applied to the Lines,,BLOCKED-GENERAL-par:1-FXF-SITE-911_par:FSC-AMPL-APP-par:1-FXF-SITE-internal_par:2-FXF-SITE-LOCAL_par:3-FXF-SITE-LD-SME_par:4-FXF-SITE-International_par:6-VMPilot_par,f,2,99
ac108d8a-03df-7846-6247-94165358d7b6,FXF-QCY-APP_css,FXF Site Application Routing,,1-FXF-SITE-911_par:FXF-QCY-APP_par:1-FXF-SITE-internal_par:1-FXF_SpeedDial_par:2-FXF-SITE-LOCAL_par:3-FXF-SITE-LD-SME_par:4-FXF-SITE-International_par:6-VMPilot_par,f,2,99
70f7c6f3-f48b-8215-291b-5d0b6d607a8e,FXF-NEM-APP-css,NEM CSS to be Applied to the Lines,,1-FXF-SITE-911_par:FXF-NEM-APP-par:1-FXF-SITE-internal_par:1-FXF_SpeedDial_par:2-FXF-SITE-LOCAL_par:3-FXF-SITE-LD-SME_par:4-FXF-SITE-International_par:6-VMPilot_par,f,2,99
bc673344-9d98-da28-edf8-6f6061c779d8,FXF-CPG-APP-css,CPG CSS to be Applied to the Lines,,BLOCKED-GENERAL-par:1-FXF-SITE-911_par:FXF-CPG-APP-par:1-FXF-SITE-internal_par:1-FXF_SpeedDial_par:2-FXF-SITE-LOCAL_par:3-FXF-SITE-LD-SME_par:4-FXF-SITE-International_par:6-VMPilot_par,f,2,99
963c9b75-1356-856c-c923-aab93a1202dd,FXF-AUS-APP-css,AUS CSS to be Applied to the Lines,,BLOCKED-GENERAL-par:1-FXF-SITE-911_par:FXF-AUS-APP-par:1-FXF-SITE-internal_par:1-FXF_SpeedDial_par:2-FXF-SITE-LOCAL_par:3-FXF-SITE-LD-SME_par:4-FXF-SITE-International_par:6-VMPilot_par,f,2,99
2a2bde4c-e152-fb65-09d8-9df01a6d6b96,FXF-VBC-APP-css,VBC at WTO CSS to be Applied to the Lines,,FXF-VBC-APP-par:1-FXF-SITE-911_par:1-FXF-SITE-internal_par:1-FXF_SpeedDial_par:2-FXF-SITE-LOCAL-CAN_par:3-FXF-SITE-LD-SME_par:4-FXF-SITE-International_par:6-VMPilot_par,f,2,99
0191f509-51d0-60be-2537-0c9b5d99046c,FXF-WCV-APP-css,WCV CSS to be Applied to the Lines,,BLOCKED-GENERAL-par:1-FXF-SITE-911_par:FXF-WCV-APP-par:1-FXF-SITE-internal_par:1-FXF_SpeedDial_par:2-FXF-SITE-LOCAL_par:3-FXF-SITE-LD-SME_par:4-FXF-SITE-International_par:6-VMPilot_par,f,2,99
1d911028-6b90-d987-399e-fae3593fa649,FXF-RED-APP-css,FXF Site Application Routing,,1-FXF-SITE-911_par:FXF-RED-APP_par:1-FXF-SITE-internal_par:1-FXF_SpeedDial_par:2-FXF-SITE-LOCAL_par:3-FXF-SITE-LD-SME_par:4-FXF-SITE-International_par:6-VMPilot_par,f,2,99
770a9ea9-870a-b4a4-9610-d1d19d6d5c19,FXF-COS-APP-css,FXF Site Application Routing,,1-FXF-SITE-911_par:FXF-COS-APP-par:1-FXF-SITE-internal_par:1-FXF_SpeedDial_par:2-FXF-SITE-LOCAL_par:3-FXF-SITE-LD-SME_par:4-FXF-SITE-International_par:6-VMPilot_par,f,2,99
8c3c98d3-a917-9339-3136-32ff569c0277,FSC-HIXS-APP-css,HIXS CSS to be Applied to the Lines,,BLOCKED-GENERAL-par:1-FXF-SITE-911_par:FSC-HIXS-APP-par:1-FXF-SITE-internal_par:2-FXF-SITE-LOCAL_par:3-FXF-SITE-LD-SME_par:4-FXF-SITE-International_par:6-VMPilot_par,f,2,99
d90d0af2-1945-73a3-a8e3-777bf0e81c22,FXF-STN-APP-css,STN CSS to be Applied to the Lines,,BLOCKED-GENERAL-par:1-FXF-SITE-911_par:FXF-STN-APP-par:1-FXF-SITE-internal_par:1-FXF_SpeedDial_par:2-FXF-SITE-LOCAL_par:3-FXF-SITE-LD-SME_par:4-FXF-SITE-International_par:6-VMPilot_par,f,2,99
54891c56-fb22-cd55-2dcf-9f37d88dd347,FXF-AQE-APP-css,AQE CSS to be Applied to the Lines,,BLOCKED-GENERAL-par:1-FXF-SITE-911_par:FXF-AQE-APP-par:1-FXF-SITE-internal_par:1-FXF_SpeedDial_par:2-FXF-SITE-LOCAL_par:3-FXF-SITE-LD-SME_par:4-FXF-SITE-International_par:6-VMPilot_par,f,2,99
15a49fb3-8368-a10a-7ea0-8e0e0ba51d15,FXF-MPV-APP-css,MPV CSS to be Applied to the Lines,,BLOCKED-GENERAL-par:FXF-MPV-APP-par:1-FXF-SITE-911_par:1-FXF-SITE-internal_par:1-FXF_SpeedDial_par:2-FXF-SITE-LOCAL_par:3-FXF-SITE-LD-SME_par:4-FXF-SITE-International_par:6-VMPilot_par,f,2,99
9a209f12-d0ce-c9ce-4c72-a82251555c2b,FXF-HOB-APP-css,HOB CSS to be Applied to the Lines,,BLOCKED-GENERAL-par:1-FXF-SITE-911_par:FXF-HOB-APP-par:1-FXF-SITE-internal_par:1-FXF_SpeedDial_par:2-FXF-SITE-LOCAL_par:3-FXF-SITE-LD-SME_par:4-FXF-SITE-International_par:6-VMPilot_par,f,2,99
eab3343c-539e-c2f7-29f8-80c662c04e97,FXF-CSR-APP-css,FXF Site Application Routing,,FXF-CSR-APP-par:1-FXF-SITE-911_par:1-FXF-SITE-internal_par:1-FXF_SpeedDial_par:2-FXF-SITE-LOCAL_par:3-FXF-SITE-LD-SME_par:4-FXF-SITE-International_par:6-VMPilot_par,f,2,99
2ff19e04-f28b-691b-9327-0f12f4313550,FXF-ALX-APP-css,ALX CSS to be Applied to the Lines,,BLOCKED-GENERAL-par:1-FXF-SITE-911_par:FXF-ALX-APP-par:1-FXF-SITE-internal_par:1-FXF_SpeedDial_par:2-FXF-SITE-LOCAL_par:3-FXF-SITE-LD-SME_par:4-FXF-SITE-International_par:6-VMPilot_par,f,2,99
030ae3dd-24fc-e632-1b44-0279850084bc,FXF-BHP-APP-css,FXF Site Application Routing,,1-FXF-SITE-911_par:FXF-BHP-APP-par:1-FXF-SITE-internal_par:1-FXF_SpeedDial_par:2-FXF-SITE-LOCAL_par:3-FXF-SITE-LD-SME_par:4-FXF-SITE-International_par:6-VMPilot_par,f,2,99
02059998-6cbf-2738-abde-7b44b31efca0,FXF-HRO-PSTN-css,FXF Harrison Calls to Global Route List,,FXF-HRO-PSTN-par,f,2,99
7d1c0ccf-eefe-392a-2d8f-43b1ce5714e6,FXF-FLAB-APP_css,FXF Site Application Routing,,1-FXF-SITE-911_par:1-FXF-SITE-internal_par:1-FXF_SpeedDial_par:2-FXF-SITE-LOCAL_par:3-FXF-SITE-LD-SME_par:4-FXF-SITE-International_par:6-VMPilot_par,f,2,99
0dcc3edd-3666-db4d-4679-24a3e0d1552a,FXF-KNX-APP-css,KNX CSS to be Applied to the Lines,,BLOCKED-GENERAL-par:FXF-KNX-APP-par:1-FXF-SITE-911_par:1-FXF-SITE-internal_par:1-FXF_SpeedDial_par:2-FXF-SITE-LOCAL_par:3-FXF-SITE-LD-SME_par:4-FXF-SITE-International_par:6-VMPilot_par,f,2,99
bbf763a9-fdb0-064e-83b7-eca1face3abb,FXF-CGY-APP-css,CGY CSS to be Applied to the Lines,,1-FXF-SITE-911_par:FXF-CGY-APP-par:1-FXF-SITE-internal_par:1-FXF_SpeedDial_par:2-FXF-SITE-LOCAL_par:3-FXF-SITE-LD-SME_par:4-FXF-SITE-International_par:6-VMPilot_par,f,2,99
633a8a0b-151a-a6e1-e8cc-bcaa38dfbdc2,FXF-NSP-APP-css,NSP CSS to be Applied to the Lines,,BLOCKED-GENERAL-par:1-FXF-SITE-911_par:FXF-NSP-APP-par:1-FXF-SITE-internal_par:1-FXF_SpeedDial_par:2-FXF-SITE-LOCAL_par:3-FXF-SITE-LD-SME_par:4-FXF-SITE-International_par:6-VMPilot_par,f,2,99
a647b981-fbbd-21ee-97be-6d69b7acb5bb,FXF-LOCAL_css,FXF Local PSTN Calling,,1-FXF-SITE-internal_par:2-FXF-SITE-LOCAL_par,f,2,99
2e45fec0-0c56-74ca-46ac-4a85d9e6a89d,FXF-PRU-APP-css,PRU CSS to be Applied to the Lines,,BLOCKED-GENERAL-par:1-FXF-SITE-911_par:FXF-PRU-APP-par:1-FXF-SITE-internal_par:1-FXF_SpeedDial_par:2-FXF-SITE-LOCAL_par:3-FXF-SITE-LD-SME_par:4-FXF-SITE-International_par:6-VMPilot_par,f,2,99
71ff28b7-18b1-fa21-e20a-73c5fef7995b,FXF-MOT-APP-css,MOT CSS to be Applied to the Lines,,1-FXF-SITE-911_par:1-FXF-SITE-internal_par:FXF-MOT-APP-par:1-FXF_SpeedDial_par:2-FXF-SITE-LOCAL_par:3-FXF-SITE-LD-SME_par:4-FXF-SITE-International_par:6-VMPilot_par,f,2,99
5bfd840a-069b-b635-3ab5-b2b3019f8a45,FXF-TWF-APP-css,FXF Site Application Routing,,BLOCKED-GENERAL-par:FXF-TWF-APP-par:1-FXF-SITE-911_par:1-FXF-SITE-internal_par:1-FXF_SpeedDial_par:2-FXF-SITE-LOCAL_par:3-FXF-SITE-LD-SME_par:4-FXF-SITE-International_par:6-VMPilot_par,f,2,99
e23cd595-466d-ed2f-7f53-df44abf32a2e,XFORM-PHONES-ANI-IN-css,Localize Caller ID for calls arriving at the phone,,XFORM-PHONES-ANI-IN-par,f,2,99
130a5165-aa1e-11b8-6710-ee429e7850a0,FXF-NEA-APP-css,NEA CSS to be Applied to the Lines,,BLOCKED-GENERAL-par:1-FXF-SITE-911_par:FXF-NEA-APP-par:1-FXF-SITE-internal_par:1-FXF_SpeedDial_par:2-FXF-SITE-LOCAL_par:3-FXF-SITE-LD-SME_par:4-FXF-SITE-International_par:6-VMPilot_par,f,2,99
ae92ea8b-5a7c-5efb-9ead-e653b8f0cc29,FXF-TOP-APP-css,TOP CSS to be Applied to the Lines,,1-FXF-SITE-internal_par:1-FXF-SITE-911_par:FXF-TOP-APP-par:1-FXF_SpeedDial_par:2-FXF-SITE-LOCAL_par:3-FXF-SITE-LD-SME_par:4-FXF-SITE-International_par:6-VMPilot_par,f,2,99
75e69120-0490-0c7f-a834-ee6ad858316e,FXF-KLP-APP-css,KLP CSS to be Applied to the Lines,,BLOCKED-GENERAL-par:1-FXF-SITE-911_par:FXF-KLP-APP-par:1-FXF-SITE-internal_par:2-FXF-SITE-LOCAL_par:1-FXF_SpeedDial_par:3-FXF-SITE-LD-SME_par:4-FXF-SITE-International_par:6-VMPilot_par,f,2,99
9dbccab0-8963-4329-7f03-eaa5d8cf3e51,FXF-TUC-APP-css,TUC CSS to be Applied to the Lines,,BLOCKED-GENERAL-par:1-FXF-SITE-911_par:FXF-TUC-APP-par:1-FXF-SITE-internal_par:1-FXF_SpeedDial_par:2-FXF-SITE-LOCAL_par:3-FXF-SITE-LD-SME_par:4-FXF-SITE-International_par:6-VMPilot_par,f,2,99
4ade8636-8f37-9210-4986-dfb34b471b52,FXF-NHU-APP-css,NHU CSS to be Applied to the Lines,,BLOCKED-GENERAL-par:1-FXF-SITE-911_par:FXF-NHU-APP-par:1-FXF-SITE-internal_par:1-FXF_SpeedDial_par:2-FXF-SITE-LOCAL_par:3-FXF-SITE-LD-SME_par:4-FXF-SITE-International_par:6-VMPilot_par,f,2,99
3288c4cb-a67f-fd0f-f463-385ab9575101,FXF-CIN-APP-css,FXF Site Application Routing,,FXF-CIN-APP-par:1-FXF-SITE-911_par:1-FXF-SITE-internal_par:1-FXF_SpeedDial_par:2-FXF-SITE-LOCAL_par:3-FXF-SITE-LD-SME_par:4-FXF-SITE-International_par:6-VMPilot_par,f,2,99
0cadc1ca-2dcd-6a3d-cf5a-e1e573c27fcd,FXF-YRK-APP-css,YRK CSS to be Applied to the Lines,,BLOCKED-GENERAL-par:1-FXF-SITE-911_par:FXF-YRK-APP-par:1-FXF-SITE-internal_par:1-FXF_SpeedDial_par:2-FXF-SITE-LOCAL_par:3-FXF-SITE-LD-SME_par:4-FXF-SITE-International_par:6-VMPilot_par,f,2,99
bad5e720-63d5-cd3f-f291-560428b2259e,FXF-AUR-APP-css,AUR CSS to be Applied to the Lines,,BLOCKED-GENERAL-par:1-FXF-SITE-911_par:FXF-AUR-APP-par:1-FXF-SITE-internal_par:1-FXF_SpeedDial_par:2-FXF-SITE-LOCAL_par:3-FXF-SITE-LD-SME_par:4-FXF-SITE-International_par:6-VMPilot_par,f,2,99
7bd1be48-842a-6978-8d5b-36d94ac4ed10,FXF-WLI-APP-css,WLI CSS to be Applied to the Lines,,BLOCKED-GENERAL-par:1-FXF-SITE-911_par:FXF-WLI-APP-par:1-FXF-SITE-internal_par:1-FXF_SpeedDial_par:2-FXF-SITE-LOCAL_par:3-FXF-SITE-LD_par:4-FXF-SITE-International_par:6-VMPilot_par,f,2,99
69d6409a-ee51-3e7a-d354-ab8b17e24726,FXF-CLE-APP-css,CLE CSS to be Applied to the Lines,,BLOCKED-GENERAL-par:FXF-CLE-APP-par:1-FXF-SITE-911_par:1-FXF-SITE-internal_par:1-FXF_SpeedDial_par:2-FXF-SITE-LOCAL_par:3-FXF-SITE-LD-SME_par:4-FXF-SITE-International_par:6-VMPilot_par:VM_Outdial_par,f,2,99
179f30bd-a130-0673-70d7-1f580466c2df,FXF-CLT-APP-css,CLT CSS to be Applied to the Lines,,BLOCKED-GENERAL-par:1-FXF-SITE-911_par:FXF-CLT-APP-par:1-FXF-SITE-internal_par:1-FXF_SpeedDial_par:2-FXF-SITE-LOCAL_par:3-FXF-SITE-LD-SME_par:4-FXF-SITE-International_par:6-VMPilot_par,f,2,99
645bd94b-0778-a681-f0dd-03bea56b677c,FXF-CHI-APP-css,FXF Site Application Routing,,1-FXF-SITE-911_par:FXF-CHI-APP_par:1-FXF-SITE-internal_par:1-FXF_SpeedDial_par:2-FXF-SITE-LOCAL_par:3-FXF-SITE-LD-SME_par:4-FXF-SITE-International_par:6-VMPilot_par,f,2,99
719e41b7-6890-8c88-9d14-abb6f7d0ba0c,FSC-SEAR-APP-css,SEAR CSS to be Applied to the Lines,,BLOCKED-GENERAL-par:1-FXF-SITE-911_par:FSC-SEAR-APP-par:1-FXF-SITE-internal_par:2-FXF-SITE-LOCAL_par:3-FXF-SITE-LD-SME_par:4-FXF-SITE-International_par:6-VMPilot_par,f,2,99
c8b2b8f6-156a-109e-531f-f37ae0a97c58,FXF-CRW-APP-css,CRW CSS to be Applied to the Lines,,BLOCKED-GENERAL-par:1-FXF-SITE-911_par:FXF-CRW-APP-par:1-FXF-SITE-internal_par:1-FXF_SpeedDial_par:2-FXF-SITE-LOCAL_par:3-FXF-SITE-LD-SME_par:4-FXF-SITE-International_par:6-VMPilot_par,f,2,99
98d670aa-9c96-b94d-a808-b750aa36ff0b,FXF-NORMALIZE-MGCP-css,Normalizes 11-Digit LD to 10-Digit LD for MGCP,,FXF-INTERNAL-par:FXF-NORMALIZE-MGCP-par,f,2,99
58bd2f62-2679-592e-4e42-f502927c81d6,FXF-ALB-APP-css,ALB CSS to be Applied to the Lines,,BLOCKED-GENERAL-par:1-FXF-SITE-911_par:FXF-ALB-APP-par:1-FXF-SITE-internal_par:1-FXF_SpeedDial_par:2-FXF-SITE-LOCAL_par:3-FXF-SITE-LD-SME_par:4-FXF-SITE-International_par:6-VMPilot_par,f,2,99
854f8761-e9f5-4023-4c8a-0290cb2cc983,FSC-MDMS-APP-css,MDMS CSS to be Applied to the Lines,,BLOCKED-GENERAL-par:1-FXF-SITE-911_par:FSC-MDMS-APP-par:1-FXF-SITE-internal_par:2-FXF-SITE-LOCAL_par:3-FXF-SITE-LD-SME_par:4-FXF-SITE-International_par:6-VMPilot_par,f,2,99
9c2728c6-3acb-83b1-b1e3-9591f5167f2c,FXF-WTK-APP-css,FXF Site Application Routing,,FXF-WTK-APP-par:1-FXF-SITE-911_par:1-FXF-SITE-internal_par:1-FXF_SpeedDial_par:2-FXF-SITE-LOCAL_par:3-FXF-SITE-LD-SME_par:4-FXF-SITE-International_par:6-VMPilot_par,f,2,99
294ab927-4764-ecf7-a68d-9b61e25b3b71,FXF-GJN-APP-css,GJN CSS to be Applied to the Lines,,BLOCKED-GENERAL-par:1-FXF-SITE-911_par:FXF-GJN-APP-par:1-FXF-SITE-internal_par:1-FXF_SpeedDial_par:2-FXF-SITE-LOCAL_par:3-FXF-SITE-LD-SME_par:4-FXF-SITE-International_par:6-VMPilot_par,f,2,99
80deeb2c-f134-c50c-bfd8-50e7085da9da,FXF-RNO-APP-css,RNO CSS to be Applied to the Lines,,BLOCKED-GENERAL-par:1-FXF-SITE-911_par:FXF-RNO-APP-par:1-FXF-SITE-internal_par:1-FXF_SpeedDial_par:2-FXF-SITE-LOCAL_par:3-FXF-SITE-LD-SME_par:4-FXF-SITE-International_par:6-VMPilot_par,f,2,99
7d0df5af-6f38-aa6b-d549-0dbd82401168,FXF-LBL-APP-css,FXF Site Application Routing,,FXF-LBL-APP-par:1-FXF-SITE-911_par:1-FXF-SITE-internal_par:1-FXF_SpeedDial_par:2-FXF-SITE-LOCAL_par:3-FXF-SITE-LD-SME_par:4-FXF-SITE-International_par:6-VMPilot_par,f,2,99
bb89d2d2-8852-cb60-d0c8-d8654c8d044a,FXF-Global-PSTN_css,FXF PSTN Calls to Global Route List Calling,,FXF-PSTN_Par:1-FXF-SITE-internal_par:FXS-SME-Global_par:Global Learned E164 Numbers:Global Learned E164 Patterns:Global Learned Enterprise Numbers:Global Learned Enterprise Patterns,f,2,99
e186ee61-64af-f4ee-7383-54c9cc2ddb0f,FXF-SGF-APP-css,SGF CSS to be Applied to the Lines,,BLOCKED-GENERAL-par:1-FXF-SITE-911_par:FXF-SGF-APP-par:1-FXF-SITE-internal_par:1-FXF_SpeedDial_par:2-FXF-SITE-LOCAL_par:3-FXF-SITE-LD-SME_par:4-FXF-SITE-International_par:6-VMPilot_par,f,2,99
b12a081c-aa7e-426d-972e-4da6ad2b147c,FXF-RSP-APP-css,RSP CSS to be Applied to the Lines,,BLOCKED-GENERAL-par:1-FXF-SITE-911_par:FXF-RSP-APP-par:1-FXF-SITE-internal_par:1-FXF_SpeedDial_par:2-FXF-SITE-LOCAL_par:3-FXF-SITE-LD-SME_par:4-FXF-SITE-International_par:6-VMPilot_par,f,2,99
ba0bf36d-7ae2-a628-f0f8-d1151f048f10,FXF-BMT-APP-css,BMT CSS to be Applied to the Lines,,BLOCKED-GENERAL-par:1-FXF-SITE-911_par:FXF-BMT-APP-par:1-FXF-SITE-internal_par:1-FXF_SpeedDial_par:2-FXF-SITE-LOCAL_par:3-FXF-SITE-LD-SME_par:4-FXF-SITE-International_par:6-VMPilot_par,f,2,99
6000a735-9cab-3d3c-bf0a-99522c69d4c3,FXF-WRN-APP-css,WRN CSS to be Applied to the Lines,,BLOCKED-GENERAL-par:1-FXF-SITE-911_par:FXF-WRN-APP-par:1-FXF-SITE-internal_par:1-FXF_SpeedDial_par:2-FXF-SITE-LOCAL_par:3-FXF-SITE-LD-SME_par:4-FXF-SITE-International_par:6-VMPilot_par,f,2,99
2b1b438f-13a8-5089-6bc3-14a02f51a8ef,FXF-SUX-APP-css,SUX CSS to be Applied to the Lines,,1-FXF-SITE-911_par:FXF-SUX-APP-par:1-FXF-SITE-internal_par:1-FXF_SpeedDial_par:2-FXF-SITE-LOCAL_par:3-FXF-SITE-LD-SME_par:4-FXF-SITE-International_par:6-VMPilot_par,f,2,99
6f5b94de-0988-2b3e-1043-783bde41455b,FSC-CMOP-APP-css,CMOP CSS to be Applied to the Lines,,BLOCKED-GENERAL-par:1-FXF-SITE-911_par:FSC-CMOP-APP-par:1-FXF-SITE-internal_par:2-FXF-SITE-LOCAL_par:3-FXF-SITE-LD-SME_par:4-FXF-SITE-International_par:6-VMPilot_par,f,2,99
66ec4371-194d-a288-65d2-7c7ab801417c,FXF-WHT-APP-css,WHT CSS to be Applied to the Lines,,BLOCKED-GENERAL-par:1-FXF-SITE-911_par:FXF-WHT-APP-par:1-FXF-SITE-internal_par:1-FXF_SpeedDial_par:2-FXF-SITE-LOCAL_par:3-FXF-SITE-LD-SME_par:4-FXF-SITE-International_par:6-VMPilot_par,f,2,99
4232ad8d-0776-6780-d4cd-71e801eba8d8,FXF-CWY-APP-css,CWY CSS to be Applied to the Lines,,BLOCKED-GENERAL-par:1-FXF-SITE-911_par:FXF-CWY-APP-par:1-FXF-SITE-internal_par:1-FXF_SpeedDial_par:2-FXF-SITE-LOCAL_par:3-FXF-SITE-LD-SME_par:4-FXF-SITE-International_par:6-VMPilot_par,f,2,99
ca62b6f1-7660-b083-2c35-42fb1148858d,FXF-MVN-APP-css,MVN CSS to be Applied to the Lines,,BLOCKED-GENERAL-par:1-FXF-SITE-911_par:FXF-MVN-APP-par:1-FXF-SITE-internal_par:1-FXF_SpeedDial_par:2-FXF-SITE-LOCAL_par:3-FXF-SITE-LD-SME_par:4-FXF-SITE-International_par:6-VMPilot_par,f,2,99
8702cb95-212e-4e25-2b5b-5981a6c980ba,FXF-LRD-APP-css,LRD CSS to be Applied to the Lines,,BLOCKED-GENERAL-par:1-FXF-SITE-911_par:FXF-LRD-APP-par:1-FXF-SITE-internal_par:1-FXF_SpeedDial_par:2-FXF-SITE-LOCAL_par:3-FXF-SITE-LD-SME_par:4-FXF-SITE-International_par:6-VMPilot_par,f,2,99
06a88c49-674d-468f-5616-b5ba743b66e0,FXF-SEA-APP-css,FXF Site Application Routing,,1-FXF-SITE-911_par:1-FXF-SITE-internal_par:FXF-SEA-APP-par:1-FXF_SpeedDial_par:2-FXF-SITE-LOCAL_par:3-FXF-SITE-LD-SME_par:4-FXF-SITE-International_par:6-VMPilot_par,f,2,99
33d21b67-32dc-a262-9efb-eadf89ca1638,FXF-PLD-APP-css,PLD CSS to be Applied to the Lines,,BLOCKED-GENERAL-par:1-FXF-SITE-911_par:FXF-PLD-APP-par:1-FXF-SITE-internal_par:1-FXF_SpeedDial_par:2-FXF-SITE-LOCAL_par:3-FXF-SITE-LD-SME_par:4-FXF-SITE-International_par:6-VMPilot_par,f,2,99
d6085078-296c-1640-0533-30cfcde9a6fc,FXF-CDS-APP-css,FXF CDS Calling Search Space,,BLOCKED-GENERAL-par:1-FXF-SITE-911_par:FXF-CDS-APP-par:1-FXF-SITE-internal_par:1-FXF_SpeedDial_par:2-FXF-SITE-LOCAL_par:3-FXF-SITE-LD-SME_par:4-FXF-SITE-International_par:6-VMPilot_par,f,2,99
92422347-6494-1dfe-e4a8-945dfcbc3327,MGCP-SITE-css,OFF-NET routing via either SME or local MGCP,,MGCP-SITE-par,f,2,99
835e7a31-c88c-29f5-1e6e-0292a6493e3c,FXF-SDV-APP-css,FXF Site Application Routing,,1-FXF-SITE-911_par:FXF-SDV-APP-par:1-FXF-SITE-internal_par:1-FXF_SpeedDial_par:2-FXF-SITE-LOCAL_par:3-FXF-SITE-LD-SME_par:4-FXF-SITE-International_par:6-VMPilot_par,f,2,99
fe92a332-f815-d5aa-eddd-17def8012750,FSC-FTWG-APP-css,FTWG CSS to be Applied to the Lines,,BLOCKED-GENERAL-par:FSC-FTWG-APP-par:CO-LO-E911-EGW_par:1-FXF-SITE-internal_par:FSC-FTWS-GW-LOCAL-par:2-FXF-SITE-LOCAL_par:3-FXF-SITE-LD-SME_par:4-FXF-SITE-International_par:6-VMPilot_par,f,2,99
4d6f061c-e24d-1a69-9cb8-b474af634e6c,FXF-MAN-APP-css,FXF Site Application Routing,,1-FXF-SITE-911_par:FXF-MAN-APP-par:1-FXF-SITE-internal_par:1-FXF_SpeedDial_par:2-FXF-SITE-LOCAL_par:3-FXF-SITE-LD-SME_par:4-FXF-SITE-International_par:6-VMPilot_par,f,2,99
e84b0eb4-88fe-a908-b437-8a24100e13a2,FXF-WOR-APP-css,FXF Site Application Routing,,FXF-WOR-APP-par:1-FXF-SITE-911_par:1-FXF-SITE-internal_par:1-FXF_SpeedDial_par:2-FXF-SITE-LOCAL_par:3-FXF-SITE-LD-SME_par:4-FXF-SITE-International_par:6-VMPilot_par,f,2,99
600006c2-5c19-24e1-5aaf-aa24fa3fc52a,FXF-KPT-APP-css,KPT CSS to be Applied to the Lines,,BLOCKED-GENERAL-par:1-FXF-SITE-911_par:FXF-KPT-APP-par:1-FXF-SITE-internal_par:2-FXF-SITE-LOCAL_par:1-FXF_SpeedDial_par:3-FXF-SITE-LD-SME_par:4-FXF-SITE-International_par:6-VMPilot_par,f,2,99
3011ec0b-89ad-e404-0997-a2a7612378c9,FXF-HMT-APP-css,HMT CSS to be Applied to the Lines,,1-FXF-SITE-911_par:FXF-HMT-APP-par:1-FXF-SITE-internal_par:1-FXF_SpeedDial_par:2-FXF-SITE-LOCAL_par:3-FXF-SITE-LD-SME_par:4-FXF-SITE-International_par:6-VMPilot_par,f,2,99
1f5f9154-8bb0-6b72-9cba-b2ea5b23b666,FXF-GDV-APP-css,GDV CSS to be Applied to the Lines,,BLOCKED-GENERAL-par:1-FXF-SITE-911_par:FXF-GDV-APP-par:1-FXF_SpeedDial_par:1-FXF-SITE-internal_par:2-FXF-SITE-LOCAL_par:3-FXF-SITE-LD-SME_par:4-FXF-SITE-International_par:6-VMPilot_par,f,2,99
a3882c5c-8fe8-9ec7-0991-77e37691dabb,FXF-HOU-APP-css,HOU CSS to be Applied to the Lines,,BLOCKED-GENERAL-par:FXF-HOU-APP-par:1-FXF-SITE-911_par:1-FXF-SITE-internal_par:1-FXF_SpeedDial_par:2-FXF-SITE-LOCAL_par:3-FXF-SITE-LD-SME_par:4-FXF-SITE-International_par:6-VMPilot_par,f,2,99
607c6276-a6cb-71a7-2206-72c7ebb031d9,FXF-VCT-APP-css,VCT CSS to be Applied to the Lines,,BLOCKED-GENERAL-par:1-FXF-SITE-911_par:FXF-VCT-APP-par:1-FXF-SITE-internal_par:1-FXF_SpeedDial_par:2-FXF-SITE-LOCAL_par:3-FXF-SITE-LD-SME_par:4-FXF-SITE-International_par:6-VMPilot_par,f,2,99
9f1fd5e2-469d-5b45-f15b-f9c7fe1dea32,FXF-MCN-APP-css,MCN CSS to be Applied to the Lines,,BLOCKED-GENERAL-par:1-FXF-SITE-911_par:FXF-MCN-APP-par:1-FXF-SITE-internal_par:2-FXF-SITE-LOCAL_par:1-FXF_SpeedDial_par:3-FXF-SITE-LD-SME_par:4-FXF-SITE-International_par:6-VMPilot_par,f,2,99
52a66aff-d6c4-238e-2d1c-f7e4b1b63c8c,FXF-SBR-APP-css,SBR CSS to be Applied to the Lines,,BLOCKED-GENERAL-par:1-FXF-SITE-911_par:FXF-SBR-APP-par:1-FXF-SITE-internal_par:1-FXF_SpeedDial_par:2-FXF-SITE-LOCAL_par:3-FXF-SITE-LD-SME_par:4-FXF-SITE-International_par:6-VMPilot_par,f,2,99
87590d0a-ba02-62c3-83bd-39ab9642022e,FSC-BAYR-APP-css,BAYR CSS to be Applied to the Lines,,BLOCKED-GENERAL-par:1-FXF-SITE-911_par:FSC-BAYR-APP-par:1-FXF-SITE-internal_par:2-FXF-SITE-LOCAL_par:3-FXF-SITE-LD-SME_par:4-FXF-SITE-International_par:6-VMPilot_par,f,2,99
848434c1-62b3-1485-8299-d87fc515b086,FXF-SLN-APP-css,SLN CSS to be Applied to the Lines,,BLOCKED-GENERAL-par:1-FXF-SITE-911_par:FXF-SLN-APP-par:1-FXF-SITE-internal_par:1-FXF_SpeedDial_par:2-FXF-SITE-LOCAL_par:3-FXF-SITE-LD-SME_par:4-FXF-SITE-International_par:6-VMPilot_par,f,2,99
3b7ec83e-6da2-7614-6475-bcb8a709db12,FXF-MGM-APP-css,MGM CSS to be Applied to the Lines,,BLOCKED-GENERAL-par:1-FXF-SITE-911_par:FXF-MGM-APP-par:1-FXF-SITE-internal_par:1-FXF_SpeedDial_par:2-FXF-SITE-LOCAL_par:3-FXF-SITE-LD-SME_par:4-FXF-SITE-International_par:6-VMPilot_par,f,2,99
ad775413-6eb0-8594-541f-3e6bbdc9b4e1,FXF-ENJ-APP-css,FXF Site Application Routing,,1-FXF-SITE-911_par:FXF-ENJ-APP-par:1-FXF-SITE-internal_par:1-FXF_SpeedDial_par:2-FXF-SITE-LOCAL_par:3-FXF-SITE-LD-SME_par:4-FXF-SITE-International_par:6-VMPilot_par,f,2,99
c5bc5a4c-94eb-2511-67f3-ed70baaca25e,XFORM-PHONES-ANI-OUT-css,Localize Caller ID for calls going to PSTN,,XFORM-SIP-ANI-OUT-par,f,2,99
2197a3e3-fa45-6934-9b62-6161cd0753b9,FXF-LCH-APP-css,LCH CSS to be Applied to the Lines,,BLOCKED-GENERAL-par:1-FXF-SITE-911_par:FXF-LCH-APP-par:1-FXF-SITE-internal_par:1-FXF_SpeedDial_par:2-FXF-SITE-LOCAL_par:3-FXF-SITE-LD-SME_par:4-FXF-SITE-International_par:6-VMPilot_par,f,2,99
217dc019-ffc9-d77a-4fc0-dfb2d38675d4,FSC-HARZ-APP-css,HARZ CSS to be Applied to the Lines,,BLOCKED-GENERAL-par:1-FXF-SITE-911_par:FSC-HARZ-APP-par:1-FXF-SITE-internal_par:2-FXF-SITE-LOCAL_par:3-FXF-SITE-LD-SME_par:4-FXF-SITE-International_par:6-VMPilot_par,f,2,99
7ef3b79c-d473-c7ea-212b-023d2db4cfaf,FXF-ELP-APP-css,FXF Site Application Routing,,FXF-ELP-APP-par:1-FXF-SITE-911_par:1-FXF-SITE-internal_par:1-FXF_SpeedDial_par:2-FXF-SITE-LOCAL_par:3-FXF-SITE-LD-SME_par:4-FXF-SITE-International_par:6-VMPilot_par,f,2,99
6cebf2d7-86c0-9e3c-6deb-52237f427ad8,FXF-WFT-APP-css,WFT CSS to be Applied to the Lines,,BLOCKED-GENERAL-par:1-FXF-SITE-911_par:FXF-WFT-APP-par:1-FXF-SITE-internal_par:2-FXF-SITE-LOCAL_par:1-FXF_SpeedDial_par:3-FXF-SITE-LD-SME_par:4-FXF-SITE-International_par:6-VMPilot_par,f,2,99
56b82e17-296a-918d-a090-635657a2a357,FXF-PIT-APP-css,PIT CSS to be Applied to the Lines,,BLOCKED-GENERAL-par:1-FXF-SITE-911_par:FXF-PIT-APP-par:1-FXF-SITE-internal_par:1-FXF_SpeedDial_par:2-FXF-SITE-LOCAL_par:3-FXF-SITE-LD-SME_par:4-FXF-SITE-International_par:6-VMPilot_par,f,2,99
324fc8df-0c2a-01d6-d3bb-b378f2c19716,FXF-POC-APP_css,FXF Site Application Routing,,1-FXF-SITE-911_par:FXF-POC-APP_par:1-FXF-SITE-internal_par:1-FXF_SpeedDial_par:2-FXF-SITE-LOCAL_par:3-FXF-SITE-LD-SME_par:4-FXF-SITE-International_par:6-VMPilot_par,f,2,99
ae8140b3-e9c9-d645-a067-8e7417441814,FXF-LOW-APP-css,LOW CSS to be Applied to the Lines,,BLOCKED-GENERAL-par:FXF-LOW-APP-par:1-FXF-SITE-911_par:1-FXF-SITE-internal_par:1-FXF_SpeedDial_par:2-FXF-SITE-LOCAL_par:3-FXF-SITE-LD-SME_par:4-FXF-SITE-International_par:6-VMPilot_par,f,2,99
0790d89f-db53-9a97-7e66-3e023e4184e8,FXF-GRB-APP-css,GRB CSS to be Applied to the Lines,,BLOCKED-GENERAL-par:1-FXF-SITE-911_par:FXF-GRB-APP-par:1-FXF-SITE-internal_par:1-FXF_SpeedDial_par:2-FXF-SITE-LOCAL_par:3-FXF-SITE-LD-SME_par:4-FXF-SITE-International_par:6-VMPilot_par,f,2,99
d5356bf2-2595-852f-bbcf-28b718c0d318,FXF-RCH-APP-css,RCH CSS to be Applied to the Lines,,BLOCKED-GENERAL-par:1-FXF-SITE-911_par:FXF-RCH-APP-par:1-FXF-SITE-internal_par:1-FXF_SpeedDial_par:2-FXF-SITE-LOCAL_par:3-FXF-SITE-LD-SME_par:4-FXF-SITE-International_par:6-VMPilot_par,f,2,99
9f6d1068-fe7d-eba6-d789-da02cbf5b364,FXF-MSP-APP-css,MSP CSS to be Applied to the Lines,,BLOCKED-GENERAL-par:FXF-MSP-APP-par:1-FXF-SITE-911_par:1-FXF-SITE-internal_par:1-FXF_SpeedDial_par:2-FXF-SITE-LOCAL_par:3-FXF-SITE-LD-SME_par:4-FXF-SITE-International_par:6-VMPilot_par,f,2,99
0df08c9a-9bd8-b51e-d933-0c89c30c6035,FXF-SLO-APP-css,Local site Intra-site dialing control,,BLOCKED-GENERAL-par:1-FXF-SITE-911_par:FXF-SLO-APP-par:1-FXF-SITE-internal_par:1-FXF_SpeedDial_par:2-FXF-SITE-LOCAL_par:3-FXF-SITE-LD-SME_par:4-FXF-SITE-International_par:6-VMPilot_par,f,2,99
6d536dad-ce21-27ff-3bec-636769975f64,FXF-WMR-APP-css,WMR CSS to be Applied to the Lines,,BLOCKED-GENERAL-par:1-FXF-SITE-911_par:FXF-WMR-APP-par:1-FXF-SITE-internal_par:1-FXF_SpeedDial_par:2-FXF-SITE-LOCAL_par:3-FXF-SITE-LD-SME_par:4-FXF-SITE-International_par:6-VMPilot_par,f,2,99
07bf0472-baf9-fed2-01e5-9e163b47866c,FXF-OAK-APP-css,OAK CSS to be Applied to the Lines,,BLOCKED-GENERAL-par:FXF-OAK-APP-par:1-FXF-SITE-911_par:1-FXF-SITE-internal_par:1-FXF_SpeedDial_par:2-FXF-SITE-LOCAL_par:3-FXF-SITE-LD-SME_par:4-FXF-SITE-International_par:6-VMPilot_par,f,2,99
046803e7-46c1-2814-0540-3ecf4cf6d9d3,FXF-TYR-APP-css,TYR CSS to be Applied to the Lines,,BLOCKED-GENERAL-par:1-FXF-SITE-911_par:FXF-TYR-APP-par:1-FXF-SITE-internal_par:1-FXF_SpeedDial_par:2-FXF-SITE-LOCAL_par:3-FXF-SITE-LD-SME_par:4-FXF-SITE-International_par:6-VMPilot_par,f,2,99
7580825c-2c75-0285-239b-55270c6f7460,FXF-XFORM-MGCP-STRIP-PLUS,,,XFORM-MGCP-STRIP-PLUS,f,2,99
b122fb8a-69c3-e03f-a037-7d006399957c,FXF-WNZ-APP-css,WNZ CSS to be Applied to the Lines,,BLOCKED-GENERAL-par:1-FXF-SITE-911_par:FXF-WNZ-APP-par:1-FXF-SITE-internal_par:1-FXF_SpeedDial_par:2-FXF-SITE-LOCAL_par:3-FXF-SITE-LD-SME_par:4-FXF-SITE-International_par:6-VMPilot_par,f,2,99
ee7b0943-c012-de79-6ec9-44c12ec0ed63,FXF-NPX-APP-css,NPX CSS to be Applied to the Lines,,BLOCKED-GENERAL-par:1-FXF-SITE-911_par:FXF-NPX-APP-par:1-FXF-SITE-internal_par:2-FXF-SITE-LOCAL_par:1-FXF_SpeedDial_par:3-FXF-SITE-LD-SME_par:4-FXF-SITE-International_par:6-VMPilot_par,f,2,99
077b1723-9100-708b-7b7f-07e76f41b038,FXF-CRB-APP-css,CRB CSS to be Applied to the Lines,,BLOCKED-GENERAL-par:1-FXF-SITE-911_par:FXF-CRB-APP-par:1-FXF-SITE-internal_par:1-FXF_SpeedDial_par:2-FXF-SITE-LOCAL_par:3-FXF-SITE-LD-SME_par:4-FXF-SITE-International_par:6-VMPilot_par,f,2,99
5cf33d4d-2066-4ac5-9775-0d3cb92e7bc2,FXF-BUF-APP-css,BUF CSS to be Applied to the Lines,,BLOCKED-GENERAL-par:1-FXF-SITE-911_par:FXF-BUF-APP-par:1-FXF-SITE-internal_par:1-FXF_SpeedDial_par:2-FXF-SITE-LOCAL_par:3-FXF-SITE-LD-SME_par:4-FXF-SITE-International_par:6-VMPilot_par,f,2,99
63437f52-d1ed-51c1-8d51-ac01853f8b2e,FSC-CPSC-APP-css,CPSC CSS to be Applied to the Lines,,BLOCKED-GENERAL-par:1-FXF-SITE-911_par:FSC-CPSC-APP-par:1-FXF-SITE-internal_par:2-FXF-SITE-LOCAL_par:3-FXF-SITE-LD-SME_par:4-FXF-SITE-International_par:6-VMPilot_par,f,2,99
ea84460b-34c6-d71c-d993-ac704ea1418b,FXF-WIM-APP-css,WIM CSS to be Applied to the Lines,,BLOCKED-GENERAL-par:1-FXF-SITE-911_par:FXF-WIM-APP-par:1-FXF-SITE-internal_par:1-FXF_SpeedDial_par:2-FXF-SITE-LOCAL_par:3-FXF-SITE-LD-SME_par:4-FXF-SITE-International_par:6-VMPilot_par,f,2,99
592653e2-1fce-0fe5-85bc-9068a956a59e,FSC-AIR-APP-css,AIR CSS to be Applied to the Lines,,BLOCKED-GENERAL-par:1-FXF-SITE-911_par:FSC-AIR-APP-par:1-FXF-SITE-internal_par:2-FXF-SITE-LOCAL_par:3-FXF-SITE-LD-SME_par:4-FXF-SITE-International_par:6-VMPilot_par,f,2,99
ca61272a-8a9f-f682-4cff-0cbede7bc2d7,FSC-PLCA-APP-css,PLCA CSS to be Applied to the Lines,,BLOCKED-GENERAL-par:1-FXF-SITE-911_par:FSC-PLCA-APP-par:1-FXF-SITE-internal_par:2-FXF-SITE-LOCAL_par:3-FXF-SITE-LD-SME_par:4-FXF-SITE-International_par:6-VMPilot_par,f,2,99
b3bd404f-c429-d4f3-3ce7-69ebce477b61,FXF-SLM-APP-css,Local site Intra-site dialing control,,BLOCKED-GENERAL-par:1-FXF-SITE-911_par:1-FXF-SITE-internal_par:FXF-SLM-APP-par:2-FXF-SITE-LOCAL_par:1-FXF_SpeedDial_par:3-FXF-SITE-LD-SME_par:4-FXF-SITE-International_par:6-VMPilot_par,f,2,99
d500b033-f6d0-99ca-bc56-ee1335bb162a,FSC-SCHQ-APP-css,SCHQ CSS to be Applied to the Lines,,BLOCKED-GENERAL-par:1-FXF-SITE-911_par:FSC-SCHQ-APP-par:1-FXF-SITE-internal_par:2-FXF-SITE-LOCAL_par:3-FXF-SITE-LD-SME_par:4-FXF-SITE-International_par:6-VMPilot_par,f,2,99
f34ce96c-a28c-802f-7eb5-aa31c5be8f14,FXF-ABI-APP-css,ABI CSS to be Applied to the Lines,,BLOCKED-GENERAL-par:1-FXF-SITE-911_par:FXF-ABI-APP-par:1-FXF-SITE-internal_par:1-FXF_SpeedDial_par:2-FXF-SITE-LOCAL_par:3-FXF-SITE-LD-SME_par:4-FXF-SITE-International_par:6-VMPilot_par,f,2,99
b46b94c6-b5f3-c89d-822c-2507d07ecbbf,FXF-STL-APP-css,STL CSS to be Applied to the Lines,,BLOCKED-GENERAL-par:FXF-STL-APP-par:1-FXF-SITE-911_par:1-FXF-SITE-internal_par:1-FXF_SpeedDial_par:2-FXF-SITE-LOCAL_par:3-FXF-SITE-LD-SME_par:4-FXF-SITE-International_par:6-VMPilot_par,f,2,99
b7397f9e-0d78-8eee-c84d-b5d752323b37,FXF-YUM-APP-css,YUM CSS to be Applied to the Lines,,BLOCKED-GENERAL-par:1-FXF-SITE-911_par:FXF-YUM-APP-par:1-FXF-SITE-internal_par:1-FXF_SpeedDial_par:2-FXF-SITE-LOCAL_par:3-FXF-SITE-LD-SME_par:4-FXF-SITE-International_par:6-VMPilot_par,f,2,99
e6a987f8-623d-16cb-8d13-2051361825b3,FXF-FMT-APP-css,FMT CSS to be Applied to the Lines,,BLOCKED-GENERAL-par:1-FXF-SITE-911_par:FXF-FMT-APP-par:1-FXF-SITE-internal_par:2-FXF-SITE-LOCAL_par:1-FXF_SpeedDial_par:3-FXF-SITE-LD-SME_par:4-FXF-SITE-International_par:6-VMPilot_par,f,2,99
a626767b-2eac-a4d1-3260-a0b752c11402,FXF-TUP-APP-css,TUP CSS to be Applied to the Lines,,BLOCKED-GENERAL-par:1-FXF-SITE-911_par:FXF-TUP-APP-par:1-FXF-SITE-internal_par:1-FXF_SpeedDial_par:2-FXF-SITE-LOCAL_par:3-FXF-SITE-LD-SME_par:4-FXF-SITE-International_par:6-VMPilot_par,f,2,99
ecc8b691-1e2a-35c2-0cd3-c2edf50c0098,FSC-PTOH-APP-css,PTOH CSS to be Applied to the Lines,,BLOCKED-GENERAL-par:1-FXF-SITE-911_par:FSC-PTOH-APP-par:1-FXF-SITE-internal_par:2-FXF-SITE-LOCAL_par:3-FXF-SITE-LD-SME_par:4-FXF-SITE-International_par:6-VMPilot_par,f,2,99
fe4a631f-4523-68ff-4c5d-edcec7d43939,FXF-EVV-APP-css,EVV CSS to be Applied to the Lines,,BLOCKED-GENERAL-par:FXF-EVV-APP-par:1-FXF-SITE-911_par:1-FXF-SITE-internal_par:1-FXF_SpeedDial_par:2-FXF-SITE-LOCAL_par:3-FXF-SITE-LD-SME_par:4-FXF-SITE-International_par:6-VMPilot_par,f,2,99
4c23303d-7ac6-2eab-1fde-253bd32fdb45,FSC-CPTN-APP-css,CPTN CSS to be Applied to the Lines,,BLOCKED-GENERAL-par:1-FXF-SITE-911_par:FSC-CPTN-APP-par:1-FXF-SITE-internal_par:2-FXF-SITE-LOCAL_par:3-FXF-SITE-LD-SME_par:4-FXF-SITE-International_par:6-VMPilot_par,f,2,99
668f4837-eac3-fb5a-02fd-d0b150945a95,FSC-KLOH-APP-css,KLOH CSS to be Applied to the Lines,,BLOCKED-GENERAL-par:1-FXF-SITE-911_par:FSC-KLOH-APP-par:1-FXF-SITE-internal_par:2-FXF-SITE-LOCAL_par:3-FXF-SITE-LD-SME_par:4-FXF-SITE-International_par:6-VMPilot_par,f,2,99
6c39670f-7044-7b5a-698c-cf0167c7cede,FXF-KTL-APP-css,KTL CSS to be Applied to the Lines,,1-FXF-SITE-911_par:FXF-KTL-APP-par:1-FXF-SITE-internal_par:1-FXF_SpeedDial_par:2-FXF-SITE-LOCAL_par:3-FXF-SITE-LD-SME_par:4-FXF-SITE-International_par:6-VMPilot_par,f,2,99
49a1021e-fc53-779d-9084-45c7bfabe473,FXF-DBQ-APP-css,FXF Site Application Routing,,1-FXF-SITE-911_par:FXF-DBQ-APP_par:1-FXF-SITE-internal_par:1-FXF_SpeedDial_par:2-FXF-SITE-LOCAL_par:3-FXF-SITE-LD-SME_par:4-FXF-SITE-International_par:6-VMPilot_par,f,2,99
1a3d62e8-8aca-aab3-42d8-13d1e361dba5,FXF-DRS-APP-css,DRS CSS to be Applied to the Lines,,BLOCKED-GENERAL-par:1-FXF-SITE-911_par:FXF-DRS-APP-par:1-FXF-SITE-internal_par:1-FXF_SpeedDial_par:2-FXF-SITE-LOCAL_par:3-FXF-SITE-LD-SME_par:4-FXF-SITE-International_par:6-VMPilot_par,f,2,99
573b505e-2c90-3439-b61d-ae97e27374cf,30-DAY-DELETE-CSS,Phones to be deleted in 30 Days,,,f,2,99
f6441537-a850-a350-0424-1a2faed2838b,FXF-WCO-APP-css,FXF Site Application Routing,,FXF-WCO-APP-par:1-FXF-SITE-911_par:1-FXF-SITE-internal_par:1-FXF_SpeedDial_par:2-FXF-SITE-LOCAL_par:3-FXF-SITE-LD-SME_par:4-FXF-SITE-International_par:6-VMPilot_par,f,2,99
ba36ba5c-cf7a-dcc7-19f5-2a96ce459cb2,FXF-LFT-APP-css,FXF Site Application Routing,,FXF-LFT-APP-par:1-FXF-SITE-911_par:1-FXF-SITE-internal_par:1-FXF_SpeedDial_par:2-FXF-SITE-LOCAL_par:3-FXF-SITE-LD-SME_par:4-FXF-SITE-International_par:6-VMPilot_par,f,2,99
ec30b865-cf1a-4f50-ad67-6511cbaa1b0d,FXF-BLY-APP-css,FXF Site Application Routing,,1-FXF-SITE-911_par:FXF-BLY-APP-par:1-FXF-SITE-internal_par:1-FXF_SpeedDial_par:2-FXF-SITE-LOCAL_par:3-FXF-SITE-LD-SME_par:4-FXF-SITE-International_par:6-VMPilot_par,f,2,99
24a1909d-873c-b449-2f3a-0a3b2358ca8c,FXF-DAL-APP-css,DAL CSS to be Applied to the Lines,,BLOCKED-GENERAL-par:1-FXF-SITE-911_par:FXF-DAL-APP-par:1-FXF-SITE-internal_par:1-FXF_SpeedDial_par:2-FXF-SITE-LOCAL_par:3-FXF-SITE-LD-SME_par:4-FXF-SITE-International_par:6-VMPilot_par,f,2,99
4c6ef350-6c5c-38ed-3c82-9fc484b5accd,FXF-SBM-APP-css,SBM CSS to be Applied to the Lines,,BLOCKED-GENERAL-par:1-FXF-SITE-911_par:1-FXF-SITE-internal_par:FXF-SBM-APP-par:1-FXF_SpeedDial_par:2-FXF-SITE-LOCAL_par:3-FXF-SITE-LD-SME_par:4-FXF-SITE-International_par:6-VMPilot_par,f,2,99
255bf103-ddcb-c817-f343-c49268c4ad91,FXLG-MSP-APP-css,FedEx Logistics MSP Site Specific Line Level CSS,,1-FXF-SITE-911_par:1-FXF-SITE-internal_par:FXLG-MSP-APP-par:1-LOGISTICS-SpeedDial-par:2-FXF-SITE-LOCAL_par:3-FXF-SITE-LD-SME_par:4-FXF-SITE-International_par:6-VMPilot_par:7-FXF-CORP-URI_par,f,2,99
3b18a414-b58e-a546-1f10-2e89fa3a6bcf,FXLG-HRN-APP-css,FedEx Logistics HRN Site Specific Line Level CSS,,1-FXF-SITE-911_par:1-FXF-SITE-internal_par:FXLG-HRN-APP-par:1-LOGISTICS-SpeedDial-par:2-FXF-SITE-LOCAL_par:3-FXF-SITE-LD-SME_par:4-FXF-SITE-International_par:6-VMPilot_par:7-FXF-CORP-URI_par,f,2,99
49af4db6-854a-a6b3-9db3-705a9e5979a4,FXLG-SSM-APP-css,FedEx Logistics SSM Site Specific Line Level CSS,,1-FXF-SITE-911_par:1-FXF-SITE-internal_par:FXLG-SSM-APP-par:1-LOGISTICS-SpeedDial-par:2-FXF-SITE-LOCAL_par:3-FXF-SITE-LD-SME_par:4-FXF-SITE-International_par:6-VMPilot_par:7-FXF-CORP-URI_par,f,2,99
f94969c0-fa9b-9ea4-453b-4122c7d36d2f,FXLG-HOU-APP-css,FedEx Logistics HOU Site Specific Line Level CSS,,1-FXF-SITE-911_par:1-FXF-SITE-internal_par:FXLG-HOU-APP-par:1-LOGISTICS-SpeedDial-par:2-FXF-SITE-LOCAL_par:3-FXF-SITE-LD-SME_par:4-FXF-SITE-International_par:6-VMPilot_par:7-FXF-CORP-URI_par,f,2,99
55ab1590-fa01-39f0-eab1-4fcd1562301e,FXF-HRO-APP-css,FXF Harrison Application Routing,,CO-LO-E911-EGW_par:FXF-HRO-APP-par:1-FXF-SITE-internal_par:1-FXF_SpeedDial_par:2-FXF-SITE-LOCAL_par:3-FXF-SITE-LD-SME_par:4-FXF-SITE-International_par:6-VMPilot_par:7-FXF-CORP-URI_par,f,2,99
66d28027-021f-cb40-e997-41f45850111b,FXLG-LAR-APP-css,FedEx Logistics LAR Site Specific Line Level CSS,,1-FXF-SITE-911_par:1-FXF-SITE-internal_par:FXLG-LAR-APP-par:1-LOGISTICS-SpeedDial-par:2-FXF-SITE-LOCAL_par:3-FXF-SITE-LD-SME_par:4-FXF-SITE-International_par:6-VMPilot_par:7-FXF-CORP-URI_par,f,2,99
78c6cd53-c7eb-dba6-c742-6e3318e287ed,FXLG-IND-APP-css,FedEx Logistics IND Site Specific Line Level CSS,,1-FXF-SITE-911_par:1-FXF-SITE-internal_par:FXLG-IND-APP-par:1-LOGISTICS-SpeedDial-par:2-FXF-SITE-LOCAL_par:3-FXF-SITE-LD-SME_par:4-FXF-SITE-International_par:6-VMPilot_par:7-FXF-CORP-URI_par,f,2,99
f4ce2fda-09dc-b70a-944a-45758cc304e9,FXLG-XBC-APP-css,FedEx Logistics XBC Site Specific Line Level CSS,,1-FXF-SITE-911_par:1-FXF-SITE-internal_par:FXLG-XBC-APP-par:1-LOGISTICS-SpeedDial-par:2-FXF-SITE-LOCAL_par:3-FXF-SITE-LD-SME_par:4-FXF-SITE-International_par:6-VMPilot_par:7-FXF-CORP-URI_par,f,2,99
f436749a-9242-81ae-4ce7-effdd929e126,FXLG-OSG-APP-css,FedEx Logistics OSG Site Specific Line Level CSS,,1-FXF-SITE-911_par:1-FXF-SITE-internal_par:FXLG-OSG-APP-par:1-LOGISTICS-SpeedDial-par:2-FXF-SITE-LOCAL_par:3-FXF-SITE-LD-SME_par:4-FXF-SITE-International_par:6-VMPilot_par:7-FXF-CORP-URI_par,f,2,99
f300ec90-f57e-24bd-3684-efc81550357f,FXLG-RVW-APP-css,FedEx Logistics RVW Site Specific Line Level CSS,,1-FXF-SITE-911_par:1-FXF-SITE-internal_par:FXLG-RVW-APP-par:1-LOGISTICS-SpeedDial-par:2-FXF-SITE-LOCAL_par:3-FXF-SITE-LD-SME_par:4-FXF-SITE-International_par:6-VMPilot_par:7-FXF-CORP-URI_par,f,2,99
9616fc3d-0676-d467-3457-e8bf99f827aa,FXLG-COL-APP-css,FedEx Logistics COL Site Specific Line Level CSS,,1-FXF-SITE-911_par:1-FXF-SITE-internal_par:FXLG-COL-APP-par:1-LOGISTICS-SpeedDial-par:2-FXF-SITE-LOCAL_par:3-FXF-SITE-LD-SME_par:4-FXF-SITE-International_par:6-VMPilot_par:7-FXF-CORP-URI_par,f,2,99
98e06b6e-bd17-6764-2d19-13a5933b594b,FXLG-SFO-APP-css,FedEx Logistics SFO Site Specific Line Level CSS,,1-FXF-SITE-911_par:1-FXF-SITE-internal_par:FXLG-SFO-APP-par:1-LOGISTICS-SpeedDial-par:2-FXF-SITE-LOCAL_par:3-FXF-SITE-LD-SME_par:4-FXF-SITE-International_par:6-VMPilot_par:7-FXF-CORP-URI_par,f,2,99
8014e1ca-deea-eff9-f368-70f0cd021d79,FXLG-MIA-APP-css,FedEx Logistics MIA Site Specific Line Level CSS,,1-FXF-SITE-911_par:1-FXF-SITE-internal_par:FXLG-MIA-APP-par:1-LOGISTICS-SpeedDial-par:2-FXF-SITE-LOCAL_par:3-FXF-SITE-LD-SME_par:4-FXF-SITE-International_par:6-VMPilot_par:7-FXF-CORP-URI_par,f,2,99
a0b3ad3b-f210-8e5c-a595-c36ea0b655f5,FXLG-SGF-APP-css,FedEx Logistics SGF Site Specific Line Level CSS,,1-FXF-SITE-911_par:1-FXF-SITE-internal_par:FXLG-SGF-APP-par:1-LOGISTICS-SpeedDial-par:2-FXF-SITE-LOCAL_par:3-FXF-SITE-LD-SME_par:4-FXF-SITE-International_par:6-VMPilot_par:7-FXF-CORP-URI_par,f,2,99
abea00a1-b5e0-cd2d-bd13-d0b506748626,FSC-KIND-APP-css,KIND CSS to be Applied to the Lines,,BLOCKED-GENERAL-par:1-FXF-SITE-911_par:FSC-KIND-APP-par:1-FXF-SITE-internal_par:2-FXF-SITE-LOCAL_par:3-FXF-SITE-LD-SME_par:4-FXF-SITE-International_par:6-VMPilot_par:7-FXF-CORP-URI_par,f,2,99
b3a4024f-027d-c0bb-7df8-956aa66ce18a,FXLG-DEAR-APP-css,FedEx Logistics DEAR Site Specific Line Level CSS,,1-FXF-SITE-911_par:1-FXF-SITE-internal_par:FXLG-DEAR-APP-par:1-LOGISTICS-SpeedDial-par:2-FXF-SITE-LOCAL_par:3-FXF-SITE-LD-SME_par:4-FXF-SITE-International_par:6-VMPilot_par:7-FXF-CORP-URI_par,f,2,99
ec4d07f3-bc49-c95a-bc35-01e7b0496c8d,FXLG-STL-APP-css,FedEx Logistics STL Site Specific Line Level CSS,,1-FXF-SITE-911_par:1-FXF-SITE-internal_par:FXLG-STL-APP-par:1-LOGISTICS-SpeedDial-par:2-FXF-SITE-LOCAL_par:3-FXF-SITE-LD-SME_par:4-FXF-SITE-International_par:6-VMPilot_par:7-FXF-CORP-URI_par,f,2,99
ec22307c-2d24-6888-0632-347f6c2df532,FXLG-HNL-APP-css,FedEx Logistics HNL Site Specific Line Level CSS,,1-FXF-SITE-911_par:1-FXF-SITE-internal_par:FXLG-HNL-APP-par:1-LOGISTICS-SpeedDial-par:2-FXF-SITE-LOCAL_par:3-FXF-SITE-LD-SME_par:4-FXF-SITE-International_par:6-VMPilot_par:7-FXF-CORP-URI_par,f,2,99
eb74eb85-f1cf-cdcf-e52c-dbd06550b9eb,FXF-FXCC-APP_css,FXCC Site Application Routing,,FXF-FXCC-APP_par:1-FXF-SITE-internal_par:2-FXF-SITE-LOCAL_par:3-FXF-SITE-LD-SME_par:4-FXF-SITE-International_par:6-VMPilot_par:7-FXF-CORP-URI_par,f,2,99
cd083fd1-9b6c-d957-532e-9ef2b17d9791,FXLG-WTX-APP-css,FedEx Logistics WTX Site Specific Line Level CSS,,1-FXF-SITE-911_par:1-FXF-SITE-internal_par:FXLG-WTX-APP-par:1-LOGISTICS-SpeedDial-par:2-FXF-SITE-LOCAL_par:3-FXF-SITE-LD-SME_par:4-FXF-SITE-International_par:6-VMPilot_par:7-FXF-CORP-URI_par,f,2,99
e36fb481-e5c3-a4f7-dc3a-55ec2a06ca95,FXF-CAD-APP-css,FXF Site Application Routing,,FXF-CAD-APP_par:1-FXF_SpeedDial_par:1-FXF-SITE-911_par:1-FXF-SITE-internal_par:2-FXF-SITE-LOCAL_par:3-FXF-SITE-LD-SME_par:4-FXF-SITE-International_par:6-VMPilot_par:7-FXF-CORP-URI_par,f,2,99
c00c5233-b592-b942-9966-192f36f04367,FXF-NDV-APP-css,NDV CSS to be Applied to the Lines,,1-FXF-SITE-911_par:1-FXF-SITE-internal_par:1-FXF_SpeedDial_par:FXF-NDV-APP-par:2-FXF-SITE-LOCAL_par:3-FXF-SITE-LD-SME_par:4-FXF-SITE-International_par:6-VMPilot_par:7-FXF-CORP-URI_par,f,2,99
e6dec9b1-6d62-23ad-2d4e-8a67385ab67b,FXLG-TUP-APP-css,FedEx Logistics TUP Site Specific Line Level CSS,,1-FXF-SITE-911_par:1-FXF-SITE-internal_par:FXLG-TUP-APP-par:1-LOGISTICS-SpeedDial-par:2-FXF-SITE-LOCAL_par:3-FXF-SITE-LD-SME_par:4-FXF-SITE-International_par:6-VMPilot_par:7-FXF-CORP-URI_par,f,2,99
f2a4ecb7-1830-5400-f6f0-3894e9f7f389,FXLG-NSLC-APP-css,FedEx Logistics NSLC Site Specific Line Level CSS,,1-FXF-SITE-911_par:1-FXF-SITE-internal_par:FXLG-NSLC-APP-par:1-LOGISTICS-SpeedDial-par:2-FXF-SITE-LOCAL_par:3-FXF-SITE-LD-SME_par:4-FXF-SITE-International_par:6-VMPilot_par:7-FXF-CORP-URI_par,f,2,99
e841c1ef-f433-e59c-5464-e6f87c6bfbf1,FXLG-HQ-APP-css,FedEx Logistics HQ Site Specific Line Level CSS,,1-FXF-SITE-911_par:1-FXF-SITE-internal_par:FXLG-HQ-APP-par:1-LOGISTICS-SpeedDial-par:2-FXF-SITE-LOCAL_par:3-FXF-SITE-LD-SME_par:4-FXF-SITE-International_par:6-VMPilot_par:7-FXF-CORP-URI_par,f,2,99
f8907dc4-2785-b25c-c267-57217d92da4f,FXLG-LAX-APP-css,FedEx Logistics LAX Site Specific Line Level CSS,,1-FXF-SITE-911_par:1-FXF-SITE-internal_par:FXLG-LAX-APP-par:1-LOGISTICS-SpeedDial-par:2-FXF-SITE-LOCAL_par:3-FXF-SITE-LD-SME_par:4-FXF-SITE-International_par:6-VMPilot_par:7-FXF-CORP-URI_par,f,2,99
0675988d-50bc-88fc-bb4a-70190ad8cbaf,FXLG-CHA2-APP-css,FedEx Logistics CHA2 Site Specific Line Level CSS,,FXLG-CHA2-911-par:1-FXF-SITE-internal_par:FXLG-CHA2-APP-par:1-LOGISTICS-SpeedDial-par:3-FXF-SITE-LD-SME_par:4-FXF-SITE-International_par:6-VMPilot_par:7-FXF-CORP-URI_par:2-FXF-SITE-LOCAL-CAN_par:FXF-PSTN_Par,f,2,99
e41d7d3a-3a09-4579-1ae0-624afb4ab4c6,FXLG-BLA-APP-css,FedEx Logistics BLA Site Specific Line Level CSS,,1-FXF-SITE-911_par:1-FXF-SITE-internal_par:FXLG-BLA-APP-par:1-LOGISTICS-SpeedDial-par:2-FXF-SITE-LOCAL_par:3-FXF-SITE-LD-SME_par:4-FXF-SITE-International_par:6-VMPilot_par:7-FXF-CORP-URI_par,f,2,99
07e7b8be-6098-b51e-1691-346be6c8b12e,FXLG-ATL-APP-css,FedEx Logistics ATL Site Specific Line Level CSS,,1-FXF-SITE-911_par:1-FXF-SITE-internal_par:FXLG-ATL-APP-par:1-LOGISTICS-SpeedDial-par:2-FXF-SITE-LOCAL_par:3-FXF-SITE-LD-SME_par:4-FXF-SITE-International_par:6-VMPilot_par:7-FXF-CORP-URI_par,f,2,99
096d3f68-534c-aa2a-8e73-14191b831b05,FXLG-PLR-APP-css,FedEx Logistics PLR Site Specific Line Level CSS,,1-FXF-SITE-911_par:1-FXF-SITE-internal_par:FXLG-PLR-APP-par:1-LOGISTICS-SpeedDial-par:2-FXF-SITE-LOCAL_par:3-FXF-SITE-LD-SME_par:4-FXF-SITE-International_par:6-VMPilot_par:7-FXF-CORP-URI_par,f,2,99
d64f6e79-2dcb-8316-3419-3ebd0a35db77,FSC-GRN-APP-css,GRN CSS to be Applied to the Lines,,BLOCKED-GENERAL-par:1-FXF-SITE-911_par:FSC-GRN-APP-par:1-FXF-SITE-internal_par:2-FXF-SITE-LOCAL_par:3-FXF-SITE-LD-SME_par:4-FXF-SITE-International_par:6-VMPilot_par:7-FXF-CORP-URI_par,f,2,99
0f9ac625-729f-2057-f9a6-7948622398e4,FXF-MAU-APP-css,MAU CSS to be Applied to the Lines,,BLOCKED-GENERAL-par:FXF-MAU-APP-par:1-FXF-SITE-911_par:1-FXF-SITE-internal_par:1-FXF_SpeedDial_par:2-FXF-SITE-LOCAL_par:3-FXF-SITE-LD-SME_par:4-FXF-SITE-International_par:6-VMPilot_par:7-FXF-CORP-URI_par,f,2,99
1155c1f1-5e71-6591-eb09-cc3993b84aa9,FXLG-BRN-APP-css,FedEx Logistics BRN Site Specific Line Level CSS,,1-FXF-SITE-911_par:1-FXF-SITE-internal_par:FXLG-BRN-APP-par:1-LOGISTICS-SpeedDial-par:2-FXF-SITE-LOCAL_par:3-FXF-SITE-LD-SME_par:4-FXF-SITE-International_par:6-VMPilot_par:7-FXF-CORP-URI_par,f,2,99
cf6f04fb-45b8-f689-c5db-b71a5d4794e1,FXF-LAL-APP-css,FXF Site Application Routing,,FXF-LAL-APP-par:CO-LO-E911-EGW_par:1-FXF-SITE-internal_par:1-FXF_SpeedDial_par:2-FXF-SITE-LOCAL_par:3-FXF-SITE-LD-SME_par:4-FXF-SITE-International_par:6-VMPilot_par:7-FXF-CORP-URI_par,f,2,99
198e7a9d-1f56-e6f8-ac8d-b1e9c1ec3246,FXLG-MKL-APP-css,FedEx Logistics MKL Site Specific Line Level CSS,,1-FXF-SITE-911_par:1-FXF-SITE-internal_par:FXLG-MKL-APP-par:1-LOGISTICS-SpeedDial-par:2-FXF-SITE-LOCAL_par:3-FXF-SITE-LD-SME_par:4-FXF-SITE-International_par:6-VMPilot_par:7-FXF-CORP-URI_par,f,2,99
264f4111-ac45-2696-208f-3e2c3e1c4104,FXLG-SEA-APP-css,FedEx Logistics SEA Site Specific Line Level CSS,,1-FXF-SITE-911_par:1-FXF-SITE-internal_par:FXLG-SEA-APP-par:1-LOGISTICS-SpeedDial-par:2-FXF-SITE-LOCAL_par:3-FXF-SITE-LD-SME_par:4-FXF-SITE-International_par:6-VMPilot_par:7-FXF-CORP-URI_par,f,2,99
cd73cf62-3cdc-e875-dc47-a723de4f48ce,FXLG-CHI-APP-css,FedEx Logistics CHI Site Specific Line Level CSS,,1-FXF-SITE-911_par:1-FXF-SITE-internal_par:FXLG-CHI-APP-par:1-LOGISTICS-SpeedDial-par:2-FXF-SITE-LOCAL_par:3-FXF-SITE-LD-SME_par:4-FXF-SITE-International_par:6-VMPilot_par:7-FXF-CORP-URI_par,f,2,99
2c0389b7-075d-2734-9a79-c57e57ac57d4,FXLG-MVS-APP-css,FedEx Logistics MVS Site Specific Line Level CSS,,1-FXF-SITE-911_par:1-FXF-SITE-internal_par:FXLG-MVS-APP-par:1-LOGISTICS-SpeedDial-par:2-FXF-SITE-LOCAL_par:3-FXF-SITE-LD-SME_par:4-FXF-SITE-International_par:6-VMPilot_par:7-FXF-CORP-URI_par,f,2,99
3278c0d8-f37b-1d1d-1552-bebc960c74e1,FXLG-ELP-APP-css,FedEx Logistics ELP Site Specific Line Level CSS,,1-FXF-SITE-911_par:1-FXF-SITE-internal_par:FXLG-ELP-APP-par:1-LOGISTICS-SpeedDial-par:2-FXF-SITE-LOCAL_par:3-FXF-SITE-LD-SME_par:4-FXF-SITE-International_par:6-VMPilot_par:7-FXF-CORP-URI_par,f,2,99
cad45597-e183-4e65-6788-5fe902efb900,FXLG-COOP-APP-css,FedEx Logistics COOP Site Specific Line Level CSS,,1-FXF-SITE-911_par:1-FXF-SITE-internal_par:FXLG-COOP-APP-par:1-LOGISTICS-SpeedDial-par:2-FXF-SITE-LOCAL_par:3-FXF-SITE-LD-SME_par:4-FXF-SITE-International_par:6-VMPilot_par:7-FXF-CORP-URI_par,f,2,99
3b3a6f52-a9b7-4064-10e2-7082e86a4482,FXLG-CCT-APP-css,FedEx Logistics CCT Site Specific Line Level CSS,,1-FXF-SITE-911_par:1-FXF-SITE-internal_par:FXLG-CCT-APP-par:1-LOGISTICS-SpeedDial-par:2-FXF-SITE-LOCAL_par:3-FXF-SITE-LD-SME_par:4-FXF-SITE-International_par:6-VMPilot_par:7-FXF-CORP-URI_par,f,2,99
401686de-3da0-cb99-2553-5824925cda98,FXLG-ROS-APP-css,FedEx Logistics ROS1 Site Specific Line Level CSS,,1-FXF-SITE-911_par:1-FXF-SITE-internal_par:FXLG-ROS-APP-par:1-LOGISTICS-SpeedDial-par:2-FXF-SITE-LOCAL_par:3-FXF-SITE-LD-SME_par:4-FXF-SITE-International_par:6-VMPilot_par:7-FXF-CORP-URI_par,f,2,99
c3016225-1a37-7807-9210-bd7b2bb092ca,FXLG-DEN-APP-css,FedEx Logistics DEN Site Specific Line Level CSS,,1-FXF-SITE-911_par:1-FXF-SITE-internal_par:FXLG-DEN-APP-par:1-LOGISTICS-SpeedDial-par:2-FXF-SITE-LOCAL_par:3-FXF-SITE-LD-SME_par:4-FXF-SITE-International_par:6-VMPilot_par:7-FXF-CORP-URI_par,f,2,99
4087f7b2-6767-57fb-4733-6a0142da1a78,FXLG-JFK-APP-css,FedEx Logistics JFK Site Specific Line Level CSS,,1-FXF-SITE-911_par:1-FXF-SITE-internal_par:FXLG-JFK-APP-par:1-LOGISTICS-SpeedDial-par:2-FXF-SITE-LOCAL_par:3-FXF-SITE-LD-SME_par:4-FXF-SITE-International_par:6-VMPilot_par:7-FXF-CORP-URI_par,f,2,99
4200f712-5b24-d84a-ebe7-1bb07e293e02,FXF-BZM-APP-css,BZM CSS to be Applied to the Lines,,BLOCKED-GENERAL-par:1-FXF-SITE-911_par:FXF-BZM-APP-par:1-FXF-SITE-internal_par:1-FXF_SpeedDial_par:2-FXF-SITE-LOCAL_par:3-FXF-SITE-LD-SME_par:4-FXF-SITE-International_par:6-VMPilot_par:7-FXF-CORP-URI_par,f,2,99
c27bd5f4-5400-8403-d998-0e53fbe904f9,FXLG-CHL-APP-css,FedEx Logistics CHL Site Specific Line Level CSS,,1-FXF-SITE-911_par:1-FXF-SITE-internal_par:FXLG-CHL-APP-par:1-LOGISTICS-SpeedDial-par:2-FXF-SITE-LOCAL_par:3-FXF-SITE-LD-SME_par:4-FXF-SITE-International_par:6-VMPilot_par:7-FXF-CORP-URI_par,f,2,99
4d9554ea-a37a-d448-a74e-a5470305bdfb,FXLG-OTA-APP-css,FedEx Logistics OTA Site Specific Line Level CSS,,1-FXF-SITE-911_par:1-FXF-SITE-internal_par:FXLG-OTA-APP-par:1-LOGISTICS-SpeedDial-par:2-FXF-SITE-LOCAL_par:3-FXF-SITE-LD-SME_par:4-FXF-SITE-International_par:6-VMPilot_par:7-FXF-CORP-URI_par,f,2,99
4f9f21b4-22a5-a321-1fc5-c7eee99d6cbc,FXLG-JBR-APP-css,FedEx Logistics JBR Site Specific Line Level CSS,,1-FXF-SITE-911_par:1-FXF-SITE-internal_par:FXLG-JBR-APP-par:1-LOGISTICS-SpeedDial-par:2-FXF-SITE-LOCAL_par:3-FXF-SITE-LD-SME_par:4-FXF-SITE-International_par:6-VMPilot_par:7-FXF-CORP-URI_par,f,2,99
be2baf7c-7eee-b7e4-81da-92f6b19fab1d,FSC-HQ-APP-css,HQ CSS to be Applied to the Lines,,BLOCKED-GENERAL-par:CO-LO-E911-EGW_par:FSC-HQ-APP-par:1-FXF-SITE-internal_par:2-FXF-SITE-LOCAL_par:3-FXF-SITE-LD-SME_par:4-FXF-SITE-International_par:6-VMPilot_par:7-FXF-CORP-URI_par,f,2,99
55b31221-5a4f-cfd1-9c2a-329fdbe6dc01,FXLG-ROM-APP-css,FedEx Logistics ROM Site Specific Line Level CSS,,1-FXF-SITE-911_par:1-FXF-SITE-internal_par:FXLG-ROM-APP-par:1-LOGISTICS-SpeedDial-par:2-FXF-SITE-LOCAL_par:3-FXF-SITE-LD-SME_par:4-FXF-SITE-International_par:6-VMPilot_par:7-FXF-CORP-URI_par,f,2,99
56afbe0f-96dc-4bd9-8baf-d589c40527ff,FXLG-VAN-APP-css,FedEx Logistics VAN Site Specific Line Level CSS,,1-FXF-SITE-911_par:1-FXF-SITE-internal_par:FXLG-VAN-APP-par:1-LOGISTICS-SpeedDial-par:2-FXF-SITE-LOCAL_par:3-FXF-SITE-LD-SME_par:4-FXF-SITE-International_par:6-VMPilot_par:7-FXF-CORP-URI_par,f,2,99
bdee972a-99e1-5a6d-ceb2-83c86699bce1,FXLG-PCY-APP-css,FedEx Logistics PCY Site Specific Line Level CSS,,1-FXF-SITE-911_par:1-FXF-SITE-internal_par:FXLG-PCY-APP-par:1-LOGISTICS-SpeedDial-par:2-FXF-SITE-LOCAL_par:3-FXF-SITE-LD-SME_par:4-FXF-SITE-International_par:6-VMPilot_par:7-FXF-CORP-URI_par,f,2,99
5b0826b2-1057-c7e5-5960-87d7c375e3d6,FXLG-DAL-APP-css,FedEx Logistics DAL Site Specific Line Level CSS,,1-FXF-SITE-911_par:1-FXF-SITE-internal_par:FXLG-DAL-APP-par:1-LOGISTICS-SpeedDial-par:2-FXF-SITE-LOCAL_par:3-FXF-SITE-LD-SME_par:4-FXF-SITE-International_par:6-VMPilot_par:7-FXF-CORP-URI_par,f,2,99
5daaf0fb-374c-ce07-3b19-f1febd6cab00,FXLG-TYN-APP-css,FedEx Logistics TYN Site Specific Line Level CSS,,1-FXF-SITE-911_par:1-FXF-SITE-internal_par:FXLG-TYN-APP-par:1-LOGISTICS-SpeedDial-par:2-FXF-SITE-LOCAL_par:3-FXF-SITE-LD-SME_par:4-FXF-SITE-International_par:6-VMPilot_par:7-FXF-CORP-URI_par,f,2,99
bdd0e180-2104-9355-2b8b-5924927e0f66,FXLG-NOR-APP-css,FedEx Logistics NOR Site Specific Line Level CSS,,1-FXF-SITE-911_par:1-FXF-SITE-internal_par:FXLG-NOR-APP-par:1-LOGISTICS-SpeedDial-par:2-FXF-SITE-LOCAL_par:3-FXF-SITE-LD-SME_par:4-FXF-SITE-International_par:6-VMPilot_par:7-FXF-CORP-URI_par,f,2,99
6c9623ba-0f34-7a29-bbb1-9ec9e0f3323d,FXLG-BOS-APP-css,FedEx Logistics BOS Site Specific Line Level CSS,,1-FXF-SITE-911_par:1-FXF-SITE-internal_par:FXLG-BOS-APP-par:1-LOGISTICS-SpeedDial-par:2-FXF-SITE-LOCAL_par:3-FXF-SITE-LD-SME_par:4-FXF-SITE-International_par:6-VMPilot_par:7-FXF-CORP-URI_par,f,2,99
84dfb8af-76b0-6795-3186-ef6a3b537001,FXLG-WIN-APP-css,FedEx Logistics WIN Site Specific Line Level CSS,,1-FXF-SITE-911_par:1-FXF-SITE-internal_par:FXLG-WIN-APP-par:1-LOGISTICS-SpeedDial-par:2-FXF-SITE-LOCAL_par:3-FXF-SITE-LD-SME_par:4-FXF-SITE-International_par:6-VMPilot_par:7-FXF-CORP-URI_par,f,2,99
bc638510-43de-0600-d139-b4e51e0283aa,FXLG-SWE-APP-css,FedEx Logistics SWE Site Specific Line Level CSS,,1-FXF-SITE-911_par:1-FXF-SITE-internal_par:FXLG-SWE-APP-par:1-LOGISTICS-SpeedDial-par:2-FXF-SITE-LOCAL_par:3-FXF-SITE-LD-SME_par:4-FXF-SITE-International_par:6-VMPilot_par:7-FXF-CORP-URI_par,f,2,99
87dbf7e2-ded2-998d-86bc-ab6beea36f04,FXLG-CPM-APP-css,FedEx Logistics CPM1 Site Specific Line Level CSS,,1-FXF-SITE-911_par:1-FXF-SITE-internal_par:FXLG-CPM-APP-par:1-LOGISTICS-SpeedDial-par:2-FXF-SITE-LOCAL_par:3-FXF-SITE-LD-SME_par:4-FXF-SITE-International_par:6-VMPilot_par:7-FXF-CORP-URI_par,f,2,99
88387f8a-c4d5-e351-8baf-eee6c2b6b407,FXLG-MMP-APP-css,FedEx Logistics MMP Site Specific Line Level CSS,,1-FXF-SITE-911_par:1-FXF-SITE-internal_par:FXLG-MMP-APP-par:1-LOGISTICS-SpeedDial-par:2-FXF-SITE-LOCAL_par:3-FXF-SITE-LD-SME_par:4-FXF-SITE-International_par:6-VMPilot_par:7-FXF-CORP-URI_par,f,2,99
bbbca004-04c4-4020-ef1c-0baa8dcf6cf7,FXLG-CHR-APP-css,FedEx Logistics CHR Site Specific Line Level CSS,,1-FXF-SITE-911_par:1-FXF-SITE-internal_par:FXLG-CHR-APP-par:1-LOGISTICS-SpeedDial-par:2-FXF-SITE-LOCAL_par:3-FXF-SITE-LD-SME_par:4-FXF-SITE-International_par:6-VMPilot_par:7-FXF-CORP-URI_par,f,2,99
9929c71d-2190-1b8b-07b0-c429a7129bec,FXLG-FHI-APP-css,FedEx Logistics FHI Site Specific Line Level CSS,,1-FXF-SITE-911_par:1-FXF-SITE-internal_par:FXLG-FHI-APP-par:1-LOGISTICS-SpeedDial-par:2-FXF-SITE-LOCAL_par:3-FXF-SITE-LD-SME_par:4-FXF-SITE-International_par:6-VMPilot_par:7-FXF-CORP-URI_par,f,2,99
9fe223c2-6fcb-a8d6-3108-e0d0a0e34ef5,FXLG-MCA-APP-css,FedEx Logistics MCA Site Specific Line Level CSS,,1-FXF-SITE-911_par:1-FXF-SITE-internal_par:FXLG-MCA-APP-par:1-LOGISTICS-SpeedDial-par:2-FXF-SITE-LOCAL_par:3-FXF-SITE-LD-SME_par:4-FXF-SITE-International_par:6-VMPilot_par:7-FXF-CORP-URI_par,f,2,99
b91cd673-8431-3416-3a4c-e7bb419b9fad,FXLG-MTP-APP-css,FedEx Logistics MTP Site Specific Line Level CSS,,1-FXF-SITE-911_par:1-FXF-SITE-internal_par:FXLG-MTP-APP-par:1-LOGISTICS-SpeedDial-par:2-FXF-SITE-LOCAL_par:3-FXF-SITE-LD-SME_par:4-FXF-SITE-International_par:6-VMPilot_par:7-FXF-CORP-URI_par,f,2,99
a320e177-e674-4113-1c9f-dd8af957fe0e,FXLG-LOS-APP-css,FedEx Logistics LOS Site Specific Line Level CSS,,1-FXF-SITE-911_par:1-FXF-SITE-internal_par:FXLG-LOS-APP-par:1-LOGISTICS-SpeedDial-par:2-FXF-SITE-LOCAL_par:3-FXF-SITE-LD-SME_par:4-FXF-SITE-International_par:6-VMPilot_par:7-FXF-CORP-URI_par,f,2,99
ac7af56c-65ba-8287-2262-fbeb6eab7227,FXLG-CHA1-APP-css,FedEx Logistics CHA1 Site Specific Line Level CSS,,1-FXF-SITE-911_par:1-FXF-SITE-internal_par:FXLG-CHA1-APP-par:1-LOGISTICS-SpeedDial-par:3-FXF-SITE-LD-SME_par:4-FXF-SITE-International_par:6-VMPilot_par:7-FXF-CORP-URI_par:2-FXF-SITE-LOCAL-CAN_par,f,2,99
ae405eb5-ccd2-ea6a-ef96-de93a00faa2c,FXLG-PHO-APP-css,FedEx Logistics PHO Site Specific Line Level CSS,,CO-LO-E911-EGW_par:1-FXF-SITE-internal_par:FXLG-PHO-APP-par:1-LOGISTICS-SpeedDial-par:2-FXF-SITE-LOCAL_par:3-FXF-SITE-LD-SME_par:6-VMPilot_par:7-FXF-CORP-URI_par:4-FXF-SITE-International_par,f,2,99
1e1e1b74-a624-d8cc-34b5-80361508462d,FXF-CUC-INBOUND-css,Inbound routing from CUC,,VMRestricted_par:1-FXF-SITE-internal_par:6-VMPilot_par:VM_Outdial_par:2-FXF-SITE-LOCAL_par:FXE-FIELD-A-INTERNAL_par:NA-Local_par:FXE-FIELD-A-CUC-NORMALIZE-par:VM-IN-DIAL-par:FXE-FIELD-A-RDUR-APP_par:FXE-GlobalDID-par:FXE-GlobalExt-par:FXE-CANPSTNNational-par:FXE-GlobCTI-par:FXE-CUC-8-To-10-TP-PT,f,2,99
eeba249c-1f96-7946-c73a-4b5e0db394cf,XFORM-EGEA-MGCP-ANI_css,Applied to site gateway configuration in CUCM,,XFORM-EGEA-MGCP-ANI_par,f,2,99
27766926-7813-4fd5-1e65-fa3c7c572d3f,FXE-PIRA_CngPTP-xform-OUT_css,FXE-PIRA Transforms numbers as they leave GW,,FXE-PIRA_CngPTP-xform-OUT_par,f,2,99
9edb66c2-4eb6-f937-0256-2b3a56dd576b,XFORM-FTCA-MGCP-DNIS_css,Applied to site gateway configuration in CUCM,,XFORM-FTCA-MGCP-DNIS_par,f,2,99
362605ee-e4c5-5b6f-cf63-bbdc9f6819c8,ISNA_911_css,911 for ISNA,,ISNA_911_par,f,2,99
5def76b6-a82e-5465-70c0-fa10b87eedcb,FXE-FIELD-A-PKBA-APP_css,PKBA CSS Applied to the phone lines and Gateway,,BLOCKED-GENERAL_par:FXE-FIELD-A-PKBA-APP_par:FXE-FIELD-A-INTERNAL_par,f,2,99
d2939112-b993-377b-e0c0-183676d1686d,XFORM-MCEA-MGCP-DNIS_css,MCEA Applied to site gateway configuration in CUCM,,XFORM-MCEA-MGCP-DNIS_par,f,2,99
29c3ccf7-3018-288f-fd3c-614ee59d7f67,FXE-FIELD-A-WRIA-8569332166_css,WRIA Kims' Private Lines Outbound,,BLOCKED-GENERAL_par:FXE-WRIA-8569332166_par:FXE-FIELD-A-WRIA-APP_par:FXE-FIELD-A-INTERNAL_par,f,2,99
7e9a096b-ae16-35b7-fe0d-4b75dfd263c7,XFORM-ABER-MGCP-DNIS_css,Applied to site gateway configuration in CUCM,,XFORM-ABER-MGCP-DNIS_par,f,2,99
a6ba5ad1-9f16-454e-a794-ace643a3fc06,XFORM-ABQA-MGCP-ANI_css,Applied to site gateway configuration in CUCM,,XFORM-ABQA-MGCP-ANI_par,f,2,99
4feea75c-1a98-2933-2775-bdec81a3d18e,FXE-FIELD-A-MPRA-APP_css,MPRA CSS to be Placed on the Lines at the Site,,BLOCKED-GENERAL_par:FXE-FIELD-A-MPRA-APP_par:FXE-FIELD-A-INTERNAL_par,f,2,99
0207bc68-cd32-a356-1d6e-3cfe08b8ba89,FXE-FIELD-A-CVNA-APP_css,CSS Applied to the phone lines and Gateway,,FXE-FIELD-A-CVNA-APP_par:BLOCKED-GENERAL_par:FXE-FIELD-A-INTERNAL_par,f,2,99
e6e6f331-9896-86b2-29b2-7d9fc630978c,DTWR-UR_css,"""DTWR internal, local, LD and international calls""",,DTWR_Internal_par:NA-Local_par:NA-LD_par:NA-International_par,f,2,99
d1bc468c-4bf4-2944-3150-cbc59c9be9ff,XFORM-IKKA-MGCP-DNIS_css,IKKA Applied to site gateway configuration in CUCM,,XFORM-IKKA-MGCP-DNIS_par,f,2,99
572fd83c-3805-6542-a933-53f36acf5a08,FXE-FIELD-A-ROAA-APP_css,ROAA CSS to be Placed on the Lines at the Site,,BLOCKED-GENERAL_par:FXE-FIELD-A-ROAA-APP_par:FXE-FIELD-A-INTERNAL_par,f,2,99
00eed039-601f-1ac7-cd57-161713382931,XFORM-RHIA-MGCP-DNIS_css,Applied to site gateway configuration in CUCM,,XFORM-RHIA-MGCP-DNIS_par,f,2,99
8dab020e-c766-0141-4a47-87ad5056118a,XFORM-HHRB-MGCP-DNIS_css,HHRB Applied to site gateway configuration in CUCM,,XFORM-HHRB-MGCP-DNIS_par,f,2,99
cd54a732-c588-6891-ec1f-27bb33b43b8d,FXE-MOTA_CngPTP-xform-GW-IN_css,FXE-MOTA Transform Incoming GW CLID,,FXE-MOTA_CngPTP-Xform-GW-IN_par,f,2,99
601f256f-6eca-decc-f749-da9f52f2a437,FXE-FIELD-A-BURR-APP_css,BURR CSS Applied to the phone lines and Gateway,,FXE-FIELD-A-BURR-APP_par:BLOCKED-GENERAL_par:FXE-FIELD-A-INTERNAL_par,f,2,99
eef42f15-1e48-eb65-6953-2cf029dcaa88,DTWR-LD_css,DTWR internal and local and LD calls,,DTWR_Internal_par:NA-Local_par:NA-LD_par,f,2,99
e956112d-6d3a-83cb-4d34-66801351e5af,FXE-HTSR-UR_css,"""FXE-HTSR internal,local,LD and international calls""",,FXE-HTSR_internal_par:NA-Local_par:NA-LD_par:NA-International_par,f,2,99
a368f61d-62d3-fa94-d423-f28d5461670a,XFORM-HYAA-MGCP-DNIS_css,Applied to site gateway configuration in CUCM,,XFORM-HYAA-MGCP-DNIS_par,f,2,99
dbc92bb9-8fa3-b3ba-6f4c-dd841c6a8796,FXG-FIELD-A-0517-APP_css,0517 CSS to be Placed on the Lines at the Site,,BLOCKED-GENERAL_par:FXG-FIELD-A-0517-APP_par:FXE-FIELD-A-INTERNAL_par,f,2,99
43ea435c-3a80-db35-7780-69544b93d7a1,FXE-FIELD-A-CVGRT-Gate-css,CVGRT CSS to be Placed on the Gate,,CVGRT_Gate_par,f,2,99
88d5622a-6237-e725-7b0e-307cbf8f0d2e,FXE-FIELD-A-EARA-APP_css,EARA CSS to be Placed on the Lines at the Site,,BLOCKED-GENERAL_par:FXE-FIELD-A-EARA-APP_par:FXE-FIELD-A-INTERNAL_par,f,2,99
d4c0f3cd-c0f8-d577-0549-32b44a702495,FXE-FIELD-A-LGCA-APP_css,LGCCA CSS Applied to the phone lines and Gateway,,BLOCKED-GENERAL_par:FXE-FIELD-A-LGCA-APP_par:FXE-FIELD-A-INTERNAL_par,f,2,99
e735b850-bd32-d677-284e-bd0011fec058,FXE-FIELD-A-ODWA2-APP_css,ODWA2 CSS Applied to the phone lines and Gateway,,BLOCKED-GENERAL_par:FXE-FIELD-A-INTERNAL_par:FXE-FIELD-A-ODWA2-APP_par,f,2,99
7a18b6a1-e98c-d8bf-6df4-438a712cb8a8,FXE-FIELD-A-TIKA-APP_css,TIKA CSS to be Placed on the Lines at the Site,,BLOCKED-GENERAL_par:FXE-FIELD-A-TIKA-APP_par:FXE-FIELD-A-INTERNAL_par,f,2,99
42e5cdc5-e58f-4a40-658a-8336756bb54f,FXE-FIELD-A-LAXIP-APP_css,LAXIP CSS Applied to the phone lines and Gateway,,BLOCKED-GENERAL_par:FXE-FIELD-A-LAXIP-APP_par:FXE-FIELD-A-INTERNAL_par,f,2,99
dda7e0d1-9e34-f343-a6e0-d037b4c2d99d,XFORM-LGCA-MGCP-DNIS_css,Applied to site gateway configuration in CUCM,,XFORM-LGCA-MGCP-DNIS_par,f,2,99
2e9c7799-48d4-1a94-0ede-bd8b1da770fe,XFORM-FTYWK-MGCP-DNIS_css,Applied to site gateway configuration in CUCM,,XFORM-FTYWK-MGCP-DNIS_par,f,2,99
1ceffd02-c771-d90d-7389-99ca4cff2894,XFORM-STKA-MGCP-DNIS_css,Applied to site gateway configuration in CUCM,,XFORM-STKA-MGCP-DNIS_par,f,2,99
561a9ca9-644b-a153-cc35-8ab2c218df9e,XFORM-CRXA-MGCP-DNIS_css,Applied to site gateway configuration in CUCM,,XFORM-CRXA-MGCP-DNIS-par,f,2,99
c1e957bf-1b44-10fd-c872-253c04f0e6bf,XFORM-LOGA-MGCP-DNIS_css,LOGA Applied to site gateway configuration in CUCM,,XFORM-LOGA-MGCP-DNIS_par,f,2,99
a7b7f89e-018a-79d2-4d61-4c00c3f218be,FXE-FIELD-A-PIMA-APP_css,PIMA CSS Applied to the phone lines and Gateway,,BLOCKED-GENERAL_par:FXE-FIELD-A-PIMA-APP_par:FXE-FIELD-A-INTERNAL_par,f,2,99
0fc7334f-4a2b-f56a-bd51-fa7d00452dec,XFORM-AVOA-MGCP-DNIS_css,Applied to site gateway configuration in CUCM,,XFORM-AVOA-MGCP-DNIS_par,f,2,99
ebde19f3-28de-f1b7-0dd2-1b6d114d0caf,FXE-FIELD-A-AOHA-APP_css,AOHA CSS to be Placed on the Lines at the Site,,BLOCKED-GENERAL_par:FXE-FIELD-A-AOHA-APP_par:FXE-FIELD-A-INTERNAL_par,f,2,99
dd1679d4-f77e-bfb4-bc50-316aec851a1d,FXE-FIELD-A-BOIA-APP-css,BOIA CSS to be Placed on the Lines at the Site,,BLOCKED-GENERAL_par:FXE-FIELD-A-BOIA-APP-par:FXE-FIELD-A-INTERNAL_par,f,2,99
8438e30b-80f1-22a4-551a-6753f8d80652,FXE-SLCR_internal_css,Internal for SLCR,,FXE-SLCR_internal_par,f,2,99
43e0a294-6c92-b6f0-7cf3-d294f6f302d1,FXE-FIELD-A-SMFRT-APP_css,SMFRT CSS to be Placed on the Lines at the Site,,BLOCKED-GENERAL_par:FXE-FIELD-A-SMFRT-APP_par:FXE-FIELD-A-INTERNAL_par,f,2,99
6b2a0073-93fb-6d43-b657-4f7d0d273bd7,HLNA-Local_css,HLNA internal and local calls,,HLNA_Internal_par:NA-Local_par,f,2,99
06d9a4e7-0d5c-098e-bb15-109f7f924ffc,FXE-FIELD-A-TUSR-APP_css,TUSR CSS to be Placed on the Lines at the Site,,BLOCKED-GENERAL_par:FXE-FIELD-A-TUSR-APP_par:FXE-FIELD-A-INTERNAL_par,f,2,99
63994213-04c7-fd6d-5d22-63fa0f68e141,FXE-MCORT-LD_css,FXE-MCORT internal and local and LD calls,,FXE-FIELD-A-MCORT-APP_par:NA-Local_par:NA-LD_par,f,2,99
b5714942-8e71-2786-9ac2-fb74c63fdd42,FXE-FIELD-A-MSYWK-APP_css,GEGR CSS Applied to the phone lines and Gateway,,BLOCKED-GENERAL_par:FXE-FIELD-A-MSYWK-APP_par:FXE-FIELD-A-INTERNAL_par,f,2,99
1dec32ad-a651-a41b-0a93-9d8964ef1ab1,FXE-FIELD-A-CVGR-APP-css,CVGR CSS to be Placed on the Lines at the Site,,BLOCKED-GENERAL_par:FXE-FIELD-A-CVGR-APP-par,f,2,99
de62b40b-811a-c020-e131-8a280c412d6e,FXE-FIELD-A-FLOA-APP_css,FLOA CSS Applied to the phone lines and Gateway,,BLOCKED-GENERAL_par:FXE-FIELD-A-FLOA-APP_par:FXE-FIELD-A-INTERNAL_par,f,2,99
8ce5442e-99cc-a666-1bf7-be5bbdcd1442,FXE-FIELD-A-BUFME-APP_css,BUFME CSS to be Placed on the Lines at the Site,,BLOCKED-GENERAL_par:FXE-FIELD-A-BUFR-APP-par:FXE-FIELD-A-BUFME-APP_PAR:FXE-FIELD-A-INTERNAL_par,f,2,99
97549bc5-0044-19ee-6841-10e73f90950f,FXE-FIELD-A-BTFA-APP_css,BTFA CSS to be Placed on the Lines at the Site,,BLOCKED-GENERAL_par:FXE-FIELD-A-BTFA-APP_par:FXE-FIELD-A-INTERNAL_par,f,2,99
2dea64b2-d99d-af9d-db00-5c0aba69432b,XFORM-BLMA-ANI-OUT-css,Applied to site gateway configuration in CUCM,,XFORM-BLMA-ANI-OUT_par,f,2,99
7c4ef586-865d-d475-2918-a756d9748306,FXE-FIELD-A-AUSR-APP_css,AUSR CSS to be Placed on the Lines at the Site,,BLOCKED-GENERAL_par:FXE-FIELD-A-AUSR-APP_par:FXE-FIELD-A-INTERNAL_par,f,2,99
fe059768-ad13-e873-8396-07666b2bbfcd,XFORM-FARA-MGCP-DNIS_css,Applied to site gateway configuration in CUCM,,XFORM-FARA-MGCP-DNIS_par,f,2,99
da12e994-7ff3-8532-cf3c-61fcd6d4d9f9,XFORM-BKWA-MGCP-ANI_css,Applied to site gateway configuration in CUCM,,XFORM-BKWA-MGCP-ANI_par,f,2,99
a547298c-3df3-dfc5-816e-be548ea17cef,FXE-FIELD-A-CMHA-APP_css,CMHA CSS Applied to the phone lines and Gateway,,BLOCKED-GENERAL_par:FXE-FIELD-A-CMHA-APP_par:FXE-FIELD-A-INTERNAL_par,f,2,99
675c8db0-1176-792e-168d-8b020a858439,FXE-FIELD-A-CLWA-APP_css,CLWA CSS Applied to the phone lines and Gateway,,BLOCKED-GENERAL_par:FXE-FIELD-A-CLWA-APP_par:FXE-FIELD-A-INTERNAL_par:CLWA_holding_par,f,2,99
567c9dda-57e1-9fcc-27a2-c2fbe891dad4,FXE-DRTA-911_css,911 for DRTA,,NA-911_par,f,2,99
2dc86916-4bc8-a334-05d0-68e1a74e3767,DCLEG_CngPTP-xform-GW-OUT_css,DCLEG Transform numbers as they leave the local GW,,DCLEG_CngPTP-xform-GW-OUT_par,f,2,99
19fe7819-de09-92f5-e18d-c14f8c50e457,FXE-FIELD-A-TYSR-APP_css,TYSR CSS to be Placed on the Lines at the Site,,BLOCKED-GENERAL_par:FXE-FIELD-A-TYSR-APP_par:FXE-FIELD-A-INTERNAL_par,f,2,99
97353606-7008-2185-fa8d-73eb3bdb73e1,FXE-FIELD-A-ISMA-APP_css,ISMA CSS to be Placed on the Lines at the Site,,BLOCKED-GENERAL_par:FXE-FIELD-A-ISMA-APP_par:FXE-FIELD-A-INTERNAL_par,f,2,99
be6a2b54-e1ae-ec3e-bec6-d66451825f54,FXE-FIELD-A-LAXT7-APP_css,LAXT7 CSS to be Placed on the Lines at the Site,,BLOCKED-GENERAL_par:FXE-FIELD-A-LAXT7-APP_par:FXE-FIELD-A-INTERNAL_par,f,2,99
d0776d8d-cf4b-852e-36ed-7fa91f7450dc,FXE-FIELD-A-MTOA-APP_css,MTOA CSS to be Placed on the Lines at the Site,,BLOCKED-GENERAL_par:FXE-FIELD-A-MTOA-APP_par:FXE-FIELD-A-INTERNAL_par,f,2,99
d803043f-72b2-d197-784f-630310a21e9c,FXE-FIELD-A-TPLA-APP_css,TPLA CSS to be Placed on the Lines at the Site,,BLOCKED-GENERAL_par:FXE-FIELD-A-TPLA-APP_par:FXE-FIELD-A-INTERNAL_par,f,2,99
e7104ea4-56ca-1e70-88ed-e1d73cc5cda1,FXE-FIELD-A-FBTA-APP-css,FBTA CSS to be Placed on the Lines at the Site,,BLOCKED-GENERAL_par:FXE-FIELD-A-FBTA-APP-par:FXE-FIELD-A-INTERNAL_par,f,2,99
b2778e3d-7a4c-a0d6-2f9d-f6ced290625e,HSVRT_internal_css,Internal for HSVRT,,FXE-FIELD-A-HSVRT-APP_par,f,2,99
6264d938-cf02-bf53-0f63-d0b698de7a91,FXE-BFIWK_CngPTP-xform-GW-OUT_css,FXE-BFIWK Trans numbers as they leave the local GW,,FXE-BFIWK_CngPTP-Xform-GW-OUT_par,f,2,99
8c7a5d7d-f55f-1cc7-6215-94afd0709b0c,FXE-FIELD-A-MWHA2-APP_css,MWHA2 CSS to be Placed on the Lines at the Site,,BLOCKED-GENERAL_par:FXE-FIELD-A-MWHA2-APP_par:FXE-FIELD-A-INTERNAL_par,f,2,99
f00809f2-30b4-7335-9182-78969f2f2543,FXE-FIELD-A-ABQR-APP_css,ABQR CSS Applied to the phone lines and Gateway,,BLOCKED-GENERAL_par:FXE-FIELD-A-ABQR-APP_par:FXE-FIELD-A-INTERNAL_par,f,2,99
c7791ac8-f8cf-376a-efd1-121d114f17ad,FXE-FIELD-A-CLDA-APP_css,CLDA CSS Applied to the phone lines and Gateway,,BLOCKED-GENERAL_par:FXE-FIELD-A-CLDA-APP_par:FXE-FIELD-A-INTERNAL_par,f,2,99
87e72e45-fe82-c9d0-6d5c-afce68793ca3,XFORM-VNYA-MGCP-DNIS_css,Applied to site gateway configuration in CUCM,,XFORM-VNYA-MGCP-DNIS_par,f,2,99
719ef695-9f99-c03b-57cc-735702b40477,XFORM-SEA-MGCP-DNIS_css,Applied to site gateway configuration in CUCM,,XFORM-SEA-MGCP-DNIS_par,f,2,99
529551eb-de81-0c77-0d5d-1a9c182517e5,FXE-FIELD-A-JSTA-APP_css,JSTA CSS Applied to the phone lines and Gateway,,BLOCKED-GENERAL_par:FXE-FIELD-A-JSTA-APP_par:FXE-FIELD-A-INTERNAL_par,f,2,99
74095d74-6973-997d-180a-d610685a8d7c,XFORM-BTMA-MGCP-DNIS_css,Applied to site gateway configuration in CUCM,,XFORM-BTMA-MGCP-DNIS_par,f,2,99
98622aac-9da3-e63a-0245-ce5ba6ac6fa8,FXE-FIELD-A-FOKA-APP_css,FOKA CSS Applied to the phone lines and Gateway,,BLOCKED-GENERAL_par:FXE-FIELD-A-FOKA-APP_par:FXE-FIELD-A-INTERNAL_par,f,2,99
dc39be29-9e32-2221-ec6e-14040e031bc7,FXE-FIELD-A-FIDA-APP_css,FIDA CSS Applied to the phone lines and Gateway,,BLOCKED-GENERAL_par:FXE-FIELD-A-FIDA-APP_par:FXE-FIELD-A-INTERNAL_par,f,2,99
f6f72b5d-8489-97a7-a9bb-920c6b8bc0e6,FXE-FIELD-A-GCYA-APP_css,GCYA CSS to be Placed on the Lines at the Site,,BLOCKED-GENERAL_par:FXE-FIELD-A-GCYA-APP_par:FXE-FIELD-A-INTERNAL_par,f,2,99
1cef1604-d8d7-8070-8a70-1730dde8b74c,XFORM-LCKRT-MGCP-DNIS_css,Applied to site gateway configuration in CUCM,,XFORM-LCKRT-MGCP-DNIS_par,f,2,99
69e98cff-170a-2ee4-11d9-dfc7e42d18fb,FXE-FIELD-A-DFWD-APP_css,DFWD CSS to be Placed on the Lines at the Site,,BLOCKED-GENERAL_par:FXE-FIELD-A-DFWD-APP_par:FXE-FIELD-A-INTERNAL_par,f,2,99
02443487-dc25-5721-18b6-b2e5c9248287,FXE-PDXRT_CngPTP-xform-GW-OUT_css,FXE-PDXRT Trans numbers as they leave the local GW,,FXE-PDXRT_CngPTP-xform-GW-OUT_par,f,2,99
fffdd461-9226-06fb-1a09-d8da5838c2aa,FNTR_911_css,911 for FNTR,,FNTR_911_par:FXE-FIELD-A-FNTR-APP_par,f,2,99
3eb9bde9-5b37-5ce9-5ad6-d4b4fb97bc48,XFORM-SCFA-MGCP-DNIS_css,Applied to site PRI gateway configuration in CUCM,,XFORM-SCFA-MGCP-DNIS_par,f,2,99
0a2e3e26-9edb-f3b9-eda2-7422f6c79d70,FXE-FIELD-A-NOTA-APP_css,NOTA CSS to be Placed on the Lines at the Site,,BLOCKED-GENERAL_par:FXE-FIELD-A-NOTA-APP_par:FXE-FIELD-A-INTERNAL_par,f,2,99
76f2352a-8356-c678-8ea5-933e4d2fd794,XFORM-CVOA-MGCP-ANI_css,CVOA Applied to site gateway configuration in CUCM,,XFORM-CVOA-MGCP-ANI_par,f,2,99
de141ec4-76e1-c19f-ac29-47023eb4b313,XFORM-ACKA-MGCP-DNIS_css,Applied to site gateway configuration in CUCM,,XFORM-ACKA-MGCP-DNIS_par,f,2,99
510f3dd4-0851-8eca-1274-06c88d767b52,FXE-FIELD-A-MCOS-APP_E911_css,MCOS E911CSS,,BLOCKED-GENERAL_par:CO-LO-E911-EGW_par:FXE-FIELD-A-MCOS-APP_par:FXE-FIELD-A-INTERNAL_par,f,2,99
ecc0793a-f261-e411-7800-55a7f0b207f7,FXE-FIELD-A-SFOE-APP_css,SFOE CSS Applied to the phone lines and Gateway,,BLOCKED-GENERAL_par:FXE-FIELD-A-SFOE-APP_par:FXE-FIELD-A-INTERNAL_par,f,2,99
c5cb35e1-efc2-3863-60ad-5e23a1a2f601,FXE-MCORT_CngPTP-xform-GW-OUT_css,FXE-MCORT Trans numbers as they leave the local GW,,FXE-MCORT_CngPTP-xform-GW-OUT_par,f,2,99
938cc126-564d-491a-1e7c-c6881ce289a6,FXE-FIELD-A-MSNR-APP_css,MSNR CSS to be Placed on the Lines at the Site,,BLOCKED-GENERAL_par:FXE-FIELD-A-MSNR-APP_par:FXE-FIELD-A-INTERNAL_par,f,2,99
e25873df-0cbd-8aba-f6b5-3b8784c14b5e,XFORM-MCODC-DNIS-OUT-css,,,XFORM-MCODC-DNIS-OUT-par,f,2,99
a220fba3-ae23-1247-f8a6-fc048bc3330e,FXE-FIELD-A-FILA-APP_css,FILA CSS to be Placed on the Lines at the Site,,BLOCKED-GENERAL_par:FXE-FIELD-A-FILA-APP_par:FXE-FIELD-A-INTERNAL_par,f,2,99
9b7cf929-b57c-5479-96d0-a8c36a88ff8b,XFORM-AVLA-MGCP-DNIS_css,Applied to site gateway configuration in CUCM,,XFORM-AVLA-MGCP-DNIS_par,f,2,99
55daa271-9c4a-b576-c359-18fadfba7742,XFORM-NZWA-MGCP-DNIS_css,Applied to site gateway configuration in CUCM,,,f,2,99
234ffc99-4d1f-5eda-3d9b-e0e679f7be91,XFORM-DETA-MGCP-DNIS_css,Applied to site gateway configuration in CUCM,,XFORM-DETA-MGCP-DNIS_par,f,2,99
e5fa977d-0349-4799-4ee4-9da8d95ab5c2,FXE-DALA_CngPTP-xform-IN_css,DALA Transform Incoming CLID,,FXE-DALA_CngPTP-Xform-IN_par,f,2,99
d74bf025-3a5c-9447-e450-ec2aa7840c0d,XFORM-CVAA-MGCP-DNIS_css,Applied to site gateway configuration in CUCM,,XFORM-CVAA-MGCP-DNIS_par,f,2,99
d93d5153-330e-9a01-44c7-540954ec718f,FXE-FIELD-A-MDTRT-APP_css,MDTRT CSS Applied to the phone lines and Gateway,,BLOCKED-GENERAL_par:FXE-FIELD-A-MDTRT-APP_par:FXE-FIELD-A-INTERNAL_par,f,2,99
e57a2565-9af1-da9e-22e5-40206215d193,FXE-FIELD-A-MFRA-APP_css,MFRA CSS Applied to the phone lines and Gateway,,BLOCKED-GENERAL_par:FXE-FIELD-A-MFRA-APP_par:FXE-FIELD-A-INTERNAL_par,f,2,99
1d678f7c-bda9-0957-89e5-e2528aa689a4,FXE-FIELD-A-AOOA-APP_css,AOOA CSS Applied to the phone lines and Gateway,,BLOCKED-GENERAL_par:FXE-FIELD-A-AOOA-APP_par:FXE-FIELD-A-INTERNAL_par,f,2,99
0e0e013e-fdb9-fa41-58a6-681c1b54b0ac,FXE-Field-A-MCORT-APP_css,FXE-MCORT Internal Calls,,BLOCKED-GENERAL_par:FXE-FIELD-A-MCORT-APP_par:FXE-FIELD-A-INTERNAL_par,f,2,99
caa3bed4-57ed-3626-6060-189d2a323b73,XFORM-FAYA-MGCP-ANI_css,FAYA Applied to site gateway configuration in CUCM,,XFORM-FAYA-MGCP-ANI_par,f,2,99
a393c522-92b0-0d47-aaa0-d715c4674152,FXE-FIELD-A-RHIA-APP_css,RHIA CSS to be Placed on the Lines at the Site,,BLOCKED-GENERAL_par:FXE-FIELD-A-RHIA-APP_par:FXE-FIELD-A-INTERNAL_par,f,2,99
88a0b5c1-aba7-a413-bf89-8fed5025277f,FXE-FIELD-A-ICTMX-APP_css,ICTMX CSS Applied to the phone lines and Gateway,,BLOCKED-GENERAL_par:FXE-FIELD-A-ICTMX-APP_par:FXE-FIELD-A-INTERNAL_par,f,2,99
bb59a853-727e-fcf4-150b-5cf0697d137e,FXE-FIELD-A-FEPA-APP_css,FEPA CSS to be Placed on the Lines at the Site,,BLOCKED-GENERAL_par:FXE-FIELD-A-FEPA-APP_par:FXE-FIELD-A-INTERNAL_par,f,2,99
b4a84043-5c06-9aa6-3f52-3892d051d424,FXE-FIELD-A-FPRA-APP_css,FPRA CSS to be Placed on the Lines at the Site,,BLOCKED-GENERAL_par:FXE-FIELD-A-FPRA-APP_par:FXE-FIELD-A-INTERNAL_par,f,2,99
d74316de-3321-86d7-8342-009e1182399b,FXE-FIELD-A-BOIR-APP-css,BOIR CSS to be Placed on the Lines at the Site,,BLOCKED-GENERAL_par:FXE-FIELD-A-BOIR-APP-par,f,2,99
accc5478-e4dd-05df-3f73-7821a6bd86d6,FXE-FIELD-A-ESPA-APP_css,ESPA CSS to be Placed on the Lines at the Site,,BLOCKED-GENERAL_par:FXE-FIELD-A-ESPA-APP_par:FXE-FIELD-A-INTERNAL_par,f,2,99
dd227b4a-a128-2604-6610-629e5f2035cd,FXE-FIELD-A-LIHA-APP_css,LIHA CSS to be Placed on the Lines at the Site,,BLOCKED-GENERAL_par:FXE-FIELD-A-LIHA-APP_par:FXE-FIELD-A-INTERNAL_par,f,2,99
839bb126-48be-28ea-b821-abea55b4d0b9,XFORM-APAA-MGCP-DNIS_css,Applied to site gateway configuration in CUCM,,XFORM-APAA-MGCP-DNIS_par,f,2,99
b308a64d-d242-9683-079f-849f2fe686dc,FXE-FIELD-TWFA_internal_css,Internal for FXE-TWFA,,FXE-FIELD-A-TWFA-APP_par,f,2,99
5fa074c0-65c8-2738-72d7-b29daf901f01,FXE-FIELD-A-LAWA-APP_css,LAWA CSS Applied to the phone lines and Gateway,,BLOCKED-GENERAL_par:FXE-FIELD-A-LAWA-APP_par:FXE-FIELD-A-INTERNAL_par,f,2,99
c24a5e01-29f4-aa15-8bbe-c4718d05a6c2,XFORM-ONP-MGCP-DNIS_css,Applied to site gateway configuration in CUCM,,XFORM-ONP-MGCP-DNIS_par,f,2,99
ffcc8201-b41f-1548-3812-38fcacfdf750,XFORM-JOTA-MGCP-DNIS_css,Applied to site gateway configuration in CUCM,,XFORM-JOTA-MGCP-DNIS_par,f,2,99
9e464633-f5b3-52ba-afff-825bc3f13a6d,FXE-FIELD-A-ROCR-APP_css,ROCR CSS Applied to the phone lines and Gateway,,BLOCKED-GENERAL_par:FXE-FIELD-A-ROCR-APP_par:FXE-FIELD-A-INTERNAL_par,f,2,99
a7941254-3e3f-ddf9-e76f-186cf9efe51c,XFORM-ROCA-DNIS-OUT-css,,,XFORM-ROCA-DNIS-OUT-par,f,2,99
ef15fd18-0631-da6d-ceea-e21abf23441c,SHVR_internal_css,Internal for SHVR,,SHVR_Internal_par,f,2,99
445c444c-64ad-1a30-9a4b-b2c34a7235a0,FXE-FIELD-A-LMTA-APP_css,LMTA CSS Applied to the phone lines and Gateway,,BLOCKED-GENERAL_par:FXE-FIELD-A-LMTA-APP_par:FXE-FIELD-A-INTERNAL_par,f,2,99
8b2a39b5-7545-ce48-767b-55eae7762c5a,XFORM-BMIA-MGCP-DNIS_css,Applied to site gateway configuration in CUCM,,XFORM-BMIA-MGCP-DNIS_par,f,2,99
aed0d5fd-51a5-14ea-d0cd-0c439a68fcfa,FXE-FIELD-A-RWIA-APP_css,RWIA CSS to be Placed on the Lines at the Site,,BLOCKED-GENERAL_par:FXE-FIELD-A-RWIA-APP_par:FXE-FIELD-A-INTERNAL_par,f,2,99
f8a54197-b551-94ba-b38d-6899f58e7ed9,XFORM-COIA-MGCP-DNIS_css,Applied to site gateway configuration in CUCM,,XFORM-COIA-MGCP-DNIS_par,f,2,99
9e1b1bf8-db58-0de0-a508-1b921f258934,XFORM-OFK-MGCP-DNIS_css,Applied to site gateway configuration in CUCM,,XFORM-OFK-MGCP-DNIS_par,f,2,99
757a7881-559e-7753-3415-5328d959109e,FXE-FIELD-A-DPAA-APP_css,DPAA CSS to be Placed on the Lines at the Site,,BLOCKED-GENERAL_par:FXE-FIELD-A-DPAA-APP_par:FXE-FIELD-A-INTERNAL_par,f,2,99
0b499041-d1d8-96f6-2cdd-484bc9a286ef,FXE-SJCRT_CngPTP-xform-IN_css,SJCRT Transform Incoming CLID,,FXE-SJCRT_CngPTP-Xform-IN_par,f,2,99
aa77deed-16aa-7a11-7371-2ab16c36b87f,XFORM-BFIA-MGCP-DNIS_css,Applied to site gateway configuration in CUCM,,XFORM-BFIA-MGCP-DNIS_par,f,2,99
b9092e5d-11dc-ebfa-15c2-ebcfdedf0b2d,XFORM-AUSA-MGCP-DNIS_css,Applied to site gateway configuration in CUCM,,XFORM-AUSA-DNIS_par,f,2,99
313fe81e-8116-d5ce-075f-4b69fcb77a27,FXE-FIELD-A-NORMALIZE-css,Normalizes 11-Digit LD to 10-Digit LD,,FXE-FIELD-A-INTERNAL_par:FXE-FIELD-A-NORMALIZE-par,f,2,99
5f011faf-c350-1f0f-23c8-d4f9f2c32f92,FXE-FIELD-A-MTCA-APP_css,MTCA CSS to be Placed on the Lines at the Site,,BLOCKED-GENERAL_par:FXE-FIELD-A-MTCA-APP_par:FXE-FIELD-A-INTERNAL_par,f,2,99
75916835-ea04-edcd-b82c-440701ebe568,XFORM-BTVA-ANI-OUT-css,Applied to site gateway configuration in CUCM,,XFORM-BTVA-MGCP-ANI_par,f,2,99
485ba080-3f69-d9db-b913-788e63d3c510,FXE-FIELD-A-PSPA-APP_css,PSPA CSS Applied to the phone lines and Gateway,,BLOCKED-GENERAL_par:FXE-FIELD-A-PSPA-APP_par:FXE-FIELD-A-INTERNAL_par,f,2,99
2a5847f6-428d-8eb9-a0c1-a7866e6407bb,XFORM-MKGA-MGCP-DNIS_css,Applied to site gateway configuration in CUCM,,XFORM-MKGA-MGCP-DNIS_par,f,2,99
e34d2da7-953a-ce91-5df6-5e7d4fe5508f,FXE-FIELD-A-SDFA-APP_css,SDFA CSS to be Placed on the Lines at the Site,,BLOCKED-GENERAL_par:FXE-FIELD-A-SDFA-APP_par:FXE-FIELD-A-INTERNAL_par,f,2,99
3a32ad5d-f887-6cac-b322-e46579b839ea,XFORM-WTCA-MGCP-DNIS_css,Applied to site gateway configuration in CUCM,,,f,2,99
918a3e6b-6ff0-1d87-660d-501d9687deb8,FXE-FIELD-A-XSDA-APP_css,XSDA CSS to be Placed on the Lines at the Site,,FXE-FIELD-A-XSDA-APP_par:FXE-FIELD-A-INTERNAL_par:BLOCKED-GENERAL_par,f,2,99
53b68695-026c-09b8-d0d9-22ba017dbbd0,XFORM-STJSC-MGCP-DNIS_css,Applied to site gateway configuration in CUCM,,XFORM-STJSC-MGCP-DNIS_par,f,2,99
8f9e6d66-83c2-0ab4-8695-b5179d339852,XFORM-ABYA-MGCP-DNIS_css,Applied to site gateway configuration in CUCM,,XFORM-ABYA-MGCP-DNIS_par,f,2,99
1d2ee965-d659-0688-43fc-b84d10a81dab,FXE-FIELD-A-OWAA-APP_css,OWAA CSS Applied to the phone lines and Gateway,,BLOCKED-GENERAL_par:FXE-FIELD-A-OWAA-APP_par:FXE-FIELD-A-INTERNAL_par,f,2,99
f515ce75-e824-2f05-0f27-dfc3695c7673,XFORM-PKBA-MGCP-ANI_css,Applied to site gateway configuration in CUCM,,XFORM-PKBA-MGCP-ANI_par,f,2,99
3d8e89b8-4e30-37f6-ceba-065c715b3487,XFORM-CTXA-MGCP-DNIS_css,Applied to site gateway configuration in CUCM,,XFORM-CTXA-MGCP-DNIS_par,f,2,99
2fa43d0a-8498-617f-b4b5-b7219c4fdf38,XFORM-BJJA-MGCP-DNIS_css,Applied to site gateway configuration in CUCM,,XFORM-BJJA-MGCP-DNIS_par,f,2,99
517cd7a8-9d29-3038-9b43-ba9a942f2b89,FXE-FIELD-A-CLER-APP_css,CLER CSS to be Placed on the Lines at the Site,,BLOCKED-GENERAL_par:FXE-FIELD-A-CLER-APP_par:FXE-FIELD-A-INTERNAL_par,f,2,99
2804b78e-cf38-455f-79c0-f727b381c0d6,XFORM-FMEA-MGCP-DNIS_css,Applied to site gateway configuration in CUCM,,XFORM-FMEA-MGCP-DNIS_par,f,2,99
0e210ac5-98b7-d4be-5e4a-7ddc0cfae8b5,NYCSL_PSTN_css,"""Internal, External for NYCSL""",,FXE-FIELD-A-NYCSL-APP_par:NYCSL_PSTN_par,f,2,99
2907099f-31a0-92ac-f30b-5736f5b896df,XFORM-TYSRT-MGCP-DNIS_css,Applied to site gateway configuration in CUCM,,XFORM-TYSRT-MGCP-DNIS_par,f,2,99
3475c701-c68b-1e76-6b6e-f8abe8c06af7,XFORM-ORDRT-MGCP-DNIS_css,Applied to site gateway configuration in CUCM,,XFORM-ORDRT-MGCP-DNIS_par,f,2,99
be270a1f-da08-a531-3ae1-c0c63950410b,FXE-FIELD-A-MZZA-APP_css,MZZA CSS to be Placed on the Lines at the Site,,BLOCKED-GENERAL_par:FXE-FIELD-A-MZZA-APP_par:FXE-FIELD-A-INTERNAL_par,f,2,99
efff5a37-91e3-fea0-cd09-b652d8ef4ad3,FXE-PDXRT-911_css,911 for FXE-PDXRT,,NA-911_par,f,2,99
de00727d-54ad-14b7-5ea0-875583cf482c,XFORM-COEA-MGCP-ANI_css,COEA Applied to site gateway configuration in CUCM,,XFORM-COEA-MGCP-ANI_par,f,2,99
9c45fac3-9019-ca36-e464-23704915952a,STLRT_CngPTP-xform-IN_css,STLRT Transform Incoming CLID,,STLRT_CngPTP-Xform-IN_par,f,2,99
b97be723-26c2-c9ed-d70d-fbd22152a0b4,FXE-FIELD-A-SMXA-APP_css,SMXA CSS Applied to the phone lines and Gateway,,BLOCKED-GENERAL_par:FXE-FIELD-A-SMXA-APP_par:FXE-FIELD-A-INTERNAL_par,f,2,99
8918c547-82aa-6634-3abf-224726378e6e,FXE-MOTA_CngPTP-xform-GW-OUT_css,MOTA Transforms numbers as they leave the local GW,,FXE-MOTA_CngPTP-Xform-GW-OUT_par,f,2,99
46a56ac2-5b01-06a9-35ca-0b5b30c2925c,FXE-FIELD-A-SPSA-APP_css,SPSA CSS to be Placed on the Lines at the Site,,BLOCKED-GENERAL_par:FXE-FIELD-A-SPSA-APP_par:FXE-FIELD-A-INTERNAL_par,f,2,99
f111ba15-ca45-86b1-ae04-287e1f90857e,FXE-FIELD-A-CCDA-APP_css,CCDA CSS Applied to the phone lines and Gateway,,BLOCKED-GENERAL_par:FXE-FIELD-A-CCDA-APP_par:FXE-FIELD-A-INTERNAL_par,f,2,99
1ab8d529-82d2-3125-4174-505f7d21590d,FXE-FIELD-A-LVKA-APP_css,LVKA CSS to be Placed on the Lines at the Site,,BLOCKED-GENERAL_par:FXE-FIELD-A-LVKA-APP_par:FXE-FIELD-A-INTERNAL_par,f,2,99
4986ba81-ce89-11c0-7058-62845c7e6e02,XFORM-ALNA-MGCP-ANI_css,Applied to site gateway configuration in CUCM,,XFORM-ALNA-MGCP-ANI_par,f,2,99
9555d6a3-4f28-f597-9f2c-1356f613737c,XFORM-ANBA-MGCP-DNIS_css,Applied to site gateway configuration in CUCM,,XFORM-ANBA-DNIS_par,f,2,99
5b89d318-821e-c2f4-dfb1-46938bd40d96,XFORM-LAXIP-MGCP-DNIS_css,Applied to site gateway configuration in CUCM,,XFORM-LAXIP-MGCP-DNIS_par,f,2,99
91783faa-4ad2-efcc-3b98-9a94d5e2f498,FXE-FIELD-A-NCQA-APP_css,NCQA CSS to be Placed on the Lines at the Site,,BLOCKED-GENERAL_par:FXE-FIELD-A-NCQA-APP_par:FXE-FIELD-A-INTERNAL_par,f,2,99
59196a8a-b841-db2c-6624-28ca77b285e3,XFORM-GTFR-MGCP-DNIS_css,Applied to site gateway configuration in CUCM,,XFORM-GTFR-MGCP-DNIS_par,f,2,99
8150d82d-18bf-92a0-5977-27fc89762458,XFORM-CHSA-MGCP-DNIS_css,Applied to site gateway configuration in CUCM,,XFORM-CHSA-MGCP-DNIS_par,f,2,99
8cf504c9-f005-09d2-16aa-55cb9de2776f,FXE-FIELD-A-BMIR-APP_css,BMIR CSS Applied to the phone lines and Gateway,,BLOCKED-GENERAL_par:FXE-BMIR_internal_par:FXE-FIELD-A-BMIR-APP_par:FXE-FIELD-A-INTERNAL_par,f,2,99
df176ea8-b61a-7335-b49d-57c471e50007,XFORM-SMFVK-MGCP-DNIS_css,SMFVK Applied to site gateway configuration in CUC,,XFORM-SMFVK-MGCP-DNIS_par,f,2,99
80956513-fc46-cbd4-30ee-d690c3507cb0,XFORM-FCAA-MGCP-ANI_css,FCAA Applied to site gateway configuration in CUCM,,XFORM-FCAA-MGCP-ANI_par,f,2,99
9bab807e-9a3a-d069-c477-5cdd2025ebc1,XFORM-ASEA-MGCP-ANI_css,Applied to site gateway configuration in CUCM,,XFORM-ASEA-MGCP-ANI_par,f,2,99
b44fe48d-6f66-fc55-f230-2ac4278aaf24,FXE-FIELD-A-HLNA-APP_css,HLNA CSS to be Placed on the Lines at the Site,,BLOCKED-GENERAL_par:FXE-FIELD-A-HLNA-APP_par:FXE-FIELD-A-INTERNAL_par,f,2,99
ba89c0ef-8588-dce0-95ec-7f9787377482,FXE-FIELD-A-SGRA2-APP_css,SGRA2 CSS Applied to the phone lines and Gateway,,BLOCKED-GENERAL_par:FXE-FIELD-A-SGRA2-APP_par:FXE-FIELD-A-INTERNAL_par,f,2,99
4266f5a0-3b98-ab62-21ca-4ac1367bdf51,FXE-FIDA_International_css,FIDA International css,,FXE-FIELD-A-FIDA-APP_par:NA-Local_par:NA-LD_par:NA-International_par,f,2,99
3b602ed4-08d6-8336-e960-7406fe2c709d,FXE-FIELD-A-SBSA-APP_css,SBSA CSS to be Placed on the Lines at the Site,,BLOCKED-GENERAL_par:FXE-FIELD-A-SBSA-APP_par:FXE-FIELD-A-INTERNAL_par,f,2,99
562b9eb1-d432-f674-3e50-e898ee8fdc17,FXE-FIELD-A-MSNR1-APP_css,MSNR1 CSS to be Placed on the Lines at the Site,,BLOCKED-GENERAL_par:FXE-FIELD-A-MSNR1-APP_par:FXE-FIELD-A-INTERNAL_par,f,2,99
6f78a519-d242-f6b0-3b4d-7c9be1d67d18,XFORM-MOBA-MGCP-ANI_css,MOBA Applied to site gateway configuration in CUCM,,XFORM-MOBA-MGCP-ANI_par,f,2,99
d9be8fba-e8f4-5e6e-103b-24a0d86b7e91,XFORM-ATLR-MGCP-DNIS_css,Applied to site gateway configuration in CUCM,,XFORM-ATLR-MGCP-DNIS_par,f,2,99
0b553aed-8571-a482-8af7-e05951583406,FXE-FIELD-A-OLVA-APP_css,OLVA CSS to be Placed on the Lines at the Site,,BLOCKED-GENERAL_par:FXE-FIELD-A-OLVA-APP_par:FXE-FIELD-A-INTERNAL_par,f,2,99
9218ede2-2533-be45-0bb2-cebd03e8a7cd,XFORM-OGDVM-MGCP-DNIS_css,Applied to site gateway configuration in CUCM,,XFORM-OGDVM-MGCP-DNIS_par,f,2,99
e438c958-6591-da77-3e03-9066753971cb,FXE-FIELD-A-OMAVMX-APP-css,OMAVMX CSS to be Placed on the Lines at the Site,,BLOCKED-GENERAL_par:FXE-FIELD-A-INTERNAL_par:FXE-FIELD-A-OMAVMX-APP-par,f,2,99
b0af8120-c75c-1771-8b79-7d824fc751ed,XFORM-PDTA-MGCP-DNIS_css,Applied to site gateway configuration in CUCM,,XFORM-PDTA-MGCP-DNIS_par,f,2,99
baa397fb-f610-2ae2-b3e6-b636359320d9,XFORM-COSA-MGCP-ANI_css,Applied to site gateway configuration in CUCM,,XFORM-COSA-MGCP-ANI_par,f,2,99
f610f04d-4d85-cf49-455f-7f6ed8b12593,OAKRO_911_css,911 for OAKRO,,OAKRO_911_par,f,2,99
58d28248-7d26-5d76-ab82-d57afd5b1778,FXE-MCORT_CngPTP-xform-GW-IN_css,FXE-MCORT Transform Incoming GW CLID,,FXE-MCORT_CngPTP-Xform-GW-IN_par,f,2,99
36ed9b03-2b10-492f-bf3e-b95fb0257c94,FXE-FIELD-A-USCA-APP_css,USCA CSS to be Placed on the Lines at the Site,,BLOCKED-GENERAL_par:FXE-FIELD-A-USCA-APP_par:FXE-FIELD-A-INTERNAL_par,f,2,99
4a6224db-dd84-3c39-5c49-2729b0bd9bfb,SME-css,OFF-CLUSTER routing via SME,,SME-par,f,2,99
9dca73a3-1847-b4d7-bcf2-394b80f7fdd7,FXE-FIELD-A-ALNA-APP_css,ALNA CSS to be Placed on the Lines at the Site,,FXE-FIELD-A-ALNA-APP_par:BLOCKED-GENERAL_par:FXE-FIELD-A-INTERNAL_par,f,2,99
7201b0b1-cdca-ebab-4a50-606d16cdf5e1,FXE-FIELD-A-ARTA-APP-css,ARTA CSS to be Placed on the Lines at the Site,,BLOCKED-GENERAL_par:FXE-FIELD-A-ARTA-APP-par:FXE-FIELD-A-INTERNAL_par,f,2,99
c888fab4-15b4-4d71-a464-0773eadab0c7,FXE-FIELD-A-PIHA-APP-css,PIHACSS to be Placed on the Lines at the Site,,BLOCKED-GENERAL_par:FXE-FIELD-A-PIHA-APP-par:FXE-FIELD-A-INTERNAL_par,f,2,99
79c4e0bb-d13d-7700-86d4-271ec065dc01,FXE-FIELD-A-LGUA-APP_css,LGUA CSS Applied to the phone lines and Gateway,,BLOCKED-GENERAL_par:FXE-FIELD-A-LGUA-APP_par:FXE-FIELD-A-INTERNAL_par,f,2,99
8044e072-8041-0757-be14-fd4f333eaf7f,FXE-MSYWK-911_css,911 for MSYWK,,NA-911_par,f,2,99
08cc6888-3b1a-829a-606d-59cfcce94e4b,FXE-JGLRC_CngPTP-xform-GW-IN_css,FXE-JGLRC Transform Incoming GW CLID,,FXE-JGLRC_CngPTP-Xform-GW-IN_par,f,2,99
8adbc353-94d5-0a31-3af2-79b296135f9d,FXE-FIELD-A-GCKA-APP_css,GCKA CSS to be Placed on the Lines at the Site,,BLOCKED-GENERAL_par:FXE-FIELD-A-GCKA-APP_par:FXE-FIELD-A-INTERNAL_par,f,2,99
e73f0357-0ebc-ca55-67ba-60f5151d851a,FXE-FIELD-A-YNGA-APP_css,YNGA CSS to be Placed on the Lines at the Site,,BLOCKED-GENERAL_par:FXE-FIELD-A-YNGA-APP-par:FXE-FIELD-A-INTERNAL_par,f,2,99
fcdc31d5-8636-af6f-1fa5-ee20ddf80dea,FXE-FIELD-A-LRUA-APP_css,LRUA CSS to be Placed on the Lines at the Site,,BLOCKED-GENERAL_par:FXE-FIELD-A-LRUA-APP_par:FXE-FIELD-A-INTERNAL_par,f,2,99
0c07f21c-8214-6757-a585-0e3ca459b543,FXE-FIELD-A-DAYR-APP_css,DAYR CSS to be Placed on the Lines at the Site,,BLOCKED-GENERAL_par:FXE-FIELD-A-DAYR-APP_par:FXE-FIELD-A-INTERNAL_par,f,2,99
d4e92a89-d27e-f948-f68c-8270e7d54823,MQYA_CngPTP-xform-OUT_css,MQYA Transforms numbers as they leave the local GW,,MQYA_CngPTP-xform-OUT_par,f,2,99
1337a78f-b58c-e01c-72c9-888d3794ed21,XFORM-BWIR1-MGCP-DNIS_css,Applied to site gateway configuration in CUCM,,XFORM-BWIR1-MGCP-DNIS_par,f,2,99
9a0f5df5-6644-070c-d2dd-ea5bf3157991,FXE-FIELD-A-COSDC-LD-css,,,FXE-FIELD-A-COSDC-911-PT:FXE-FIELD-A-COSDC-LOCAL-PT:FXE-FIELD-A-COSDC-TOLL-PT:FXE-FIELD-A-COSDC-LD-PT,f,2,99
05103655-a186-1d07-6d33-f019edb5df3c,FXE-FIELD-A-DTWR-APP_css,DTWR CSS to be Placed on the Lines at the Site,,BLOCKED-GENERAL_par:FXE-FIELD-A-DTWR-APP_par:FXE-FIELD-A-INTERNAL_par:DTWPC-Page-No-Delay_par,f,2,99
5adc6035-b66d-91fd-32a7-a2350ae92df3,FXE-SJCRT_CngPTP-xform-OUT_css,SJCRT Transform numbers as they leave the local GW,,FXE-SJCRT_CngPTP-xform-OUT_par,f,2,99
6163b5f2-0b13-d230-8913-eec7546c104e,FXE-FIELD-A-OBEA-APP_css,OBEA CSS Applied to the phone lines and Gateway,,BLOCKED-GENERAL_par:FXE-FIELD-A-OBEA-APP_par:FXE-FIELD-A-INTERNAL_par,f,2,99
f647dbd3-47f3-d3ed-c89d-9c97dacb59db,FXE-FIELD-A-MYRA-APP_css,MYRA CSS to be Placed on the Lines at the Site,,BLOCKED-GENERAL_par:FXE-FIELD-A-MYRA-APP_par:FXE-FIELD-A-INTERNAL_par,f,2,99
559bd742-2cf6-465b-01ad-d4a60623f422,XFORM-PLNA-MGCP-DNIS_css,Applied to site gateway configuration in CUCM,,XFORM-PLNA-MGCP-DNIS_par,f,2,99
d82367bd-492d-31a8-75c5-280b91c00f54,FXE-FIELD-A-SEA-APP_css,SEA CSS Applied to the phone lines and Gateway,,BLOCKED-GENERAL_par:FXE-FIELD-A-SEA-APP_par:FXE-FIELD-A-INTERNAL_par,f,2,99
365af1d5-2631-f62f-d5d9-e424ae6d9ee9,SBAA_PSTN_css,"""Internal, External for SBAA""",,SBAA_Internal_par:SBAA_PSTN_par,f,2,99
6b09f2f7-bade-09ba-e759-277e2aa4fdc7,XFORM-ATYA-MGCP-ANI_css,Applied to site gateway configuration in CUCM,,XFORM-ATYA-MGCP-ANI_par,f,2,99
3b377061-90af-3c54-a55a-8d3b20d5ed7c,FXE-FIELD-A-DAGA-APP_css,DAGA CSS Applied to the phone lines and Gateway,,BLOCKED-GENERAL_par:FXE-FIELD-A-DAGA-APP_par:FXE-FIELD-A-INTERNAL_par,f,2,99
06263c75-f1c4-e942-c3fa-ee30c73fe71a,FXE-FIELD-A-OBKA-APP_css,OBKA CSS to be Placed on the Lines at the Site,,BLOCKED-GENERAL_par:FXE-FIELD-A-OBKA-APP_par:FXE-FIELD-A-INTERNAL_par,f,2,99
ad3d1b5a-e59e-ec3e-cdf0-2a7702f6ac87,XFORM-DCAA-MGCP-DNIS_css,Applied to site gateway configuration in CUCM,,,f,2,99
d5a0ba36-7f25-4b17-c6c6-3d67595d8b72,FXE-FIELD-A-HNBA-APP_css,HNBA CSS to be Placed on the Lines at the Site,,BLOCKED-GENERAL_par:FXE-FIELD-A-HNBA-APP_par:FXE-FIELD-A-INTERNAL_par,f,2,99
b908f65e-36f2-ca32-cfcf-9823acf9ade7,XFORM-OAKA-MGCP-DNIS_css,Applied to site gateway configuration in CUCM,,XFORM-OAKA-MGCP-DNIS_par,f,2,99
5e26c17c-a1ac-2c1c-4e30-90ccdc65026c,GEGR_internal_css,Internal for GEGR,,FXE-FIELD-A-GEGR-APP_par,f,2,99
64fa0855-4e61-b18e-f083-e66285162122,EWRGS_CngPTP-xform-OUT_css,EWRG Transforms numbers as they leave the local GW,,EWRGS_CngPTP-xform-OUT_par,f,2,99
8f81c888-63f6-321a-8032-1f9344e1e26a,FXE-FIELD-A-ICTMX2-APP_css,ICTMX2 CSS to be Placed on the Lines at the Site,,BLOCKED-GENERAL_par:FXE-FIELD-A-INTERNAL_par,f,2,99
6c16cbbd-1c25-9425-ea0e-6a84517ba12b,FXE-FIELD-A-DFWR-APP_css,DFWR CSS to be Placed on the Lines at the Site,,BLOCKED-GENERAL_par:FXE-FIELD-A-DFWR-APP_par:FXE-FIELD-A-INTERNAL_par,f,2,99
c8033592-37b8-3499-f747-f5262c00c3b4,XFORM-PVDA-MGCP-DNIS_css,Applied to site gateway configuration in CUCM,,XFORM-PVDA-MGCP-DNIS_par,f,2,99
93e390d9-6638-dc31-7ebe-418789e8e741,XFORM-DIKA-MGCP-ANI_css,Applied to site gateway configuration in CUCM,,XFORM-DIKA-MGCP-ANI_par,f,2,99
21da2eeb-1b1c-2214-a3db-440f336b58f9,CHAR_PSTN_css,"""Internal, External for CHAR""",,CHAR_Internal_par:CHAR_PSTN_par,f,2,99
351d0d3e-6cf7-3d52-cfe8-b5a29089210b,MPZA_CngPTP-xform-GW-OUT_css,MPZA Transforms numbers as they leave the local GW,,MPZA_CngPTP-xform-GW-OUT_par,f,2,99
1fa7b090-eed6-8d5e-8eb0-96e2c4b5dac4,FXE-FIELD-A-GNVA-APP_css,GNVA CSS Applied to the phone lines and Gateway,,BLOCKED-GENERAL_par:FXE-FIELD-A-GNVA-APP_par:FXE-FIELD-A-INTERNAL_par,f,2,99
8fe7a7a4-7dda-61c3-a531-7542a966af93,XFORM-USCA-MGCP-PREFIX9-DNIS_css,Applied to site gateway configuration in CUCM,,,f,2,99
a90f0d70-6c9c-25f9-1bfd-a2698484ccff,MPZA_CngPTP-xform-OUT_css,MPZA Transforms numbers as they leave the local GW,,MPZA_CngPTP-xform-OUT_par,f,2,99
aa6242d2-9337-e732-e629-9578a9d1717d,JDTA_CngPTP-xform-OUT_css,JDTA Transforms numbers as they leave the local GW,,JDTA_CngPTP-xform-OUT_par,f,2,99
8eb1ee34-a36e-440f-2f88-d960e61dd052,FXE-HTSR_CngPTP-xform-OUT_css,HTSR Transform numbers as they leave the local GW,,FXE-HTSR_CngPTP-xform-OUT_par,f,2,99
8266f94a-ceda-269e-7f3a-e9f9da6239d2,FXE-FIELD-A-BHMR-APP-css,BHMR CSS to be Placed on the Lines at the Site,,BLOCKED-GENERAL_par:FXE-FIELD-A-BHMR-APP-par:FXE-FIELD-A-INTERNAL_par,f,2,99
cca8f60a-3dc6-043b-a06b-fe7e9d1dc61f,XFORM-PSCA-MGCP-DNIS_css,Applied to site gateway configuration in CUCM,,XFORM-PSCA-MGCP-DNIS_par,f,2,99
f15f24b5-1598-85c1-34b7-35d08ce5da5f,OMAR_911_css,911 for OMAR,,OMAR_911_par,f,2,99
ddd6a66d-6e1b-5bd1-1b3c-47ef87dcd8eb,XFORM-MIA-MGCP-ANI_css,Applied to site gateway configuration in CUCM,,XFORM-MIA-MGCP-ANI_par,f,2,99
78f12535-38de-9d89-ddfe-11434c6fe567,FXE-FIELD-A-GNVA1-APP_css,GNVA1 CSS to be Placed on the Lines at the Site,,BLOCKED-GENERAL_par:FXE-FIELD-A-GNVA1-APP_par:FXE-FIELD-A-INTERNAL_par,f,2,99
bb64e3ea-8d60-f753-b425-0a25ecb60cc1,XFORM-OWAA-MGCP-ANI_css,Applied to site gateway configuration in CUCM,,XFORM-OWAA-MGCP-ANI_par,f,2,99
0b1c7bd5-417f-5d86-b047-698970e38cc2,FXE-FIELD-A-NIRA-APP_css,NIRA CSS to be Placed on the Lines at the Site,,BLOCKED-GENERAL_par:FXE-FIELD-A-NIRA-APP_par:FXE-FIELD-A-INTERNAL_par,f,2,99
f21a1069-deb3-443e-1b46-92a6232e1abb,ORDVK_PSTN_css,"""Internal, External for ORDVK""",,ORDVK_PSTN_par:ORDVK_Internal_par,f,2,99
082cfeb0-2359-9766-e20f-2aaebb9b8b74,FXE-FIELD-A-MPBA-APP_css,MPBA CSS to be Placed on the Lines at the Site,,BLOCKED-GENERAL_par:FXE-FIELD-A-MPBA-APP_par:FXE-FIELD-A-INTERNAL_par,f,2,99
3d4748f4-8d61-fd3e-3272-8b46a4d644b2,FXE-FIELD-A-ASEA-NO-LD-APP_css,ASEA CSS Applied to the phone lines blocking LD,,BLOCKED-GENERAL_par:BLOCKED-LD_par:FXE-FIELD-A-ASEA-APP_par:FXE-FIELD-A-INTERNAL_par,f,2,99
f20cf21d-aae1-cea0-4511-8c34460def18,XFORM-MGWA-MGCP-ANI_css,Applied to site gateway configuration in CUCM,,XFORM-MGWA-MGCP-ANI_par,f,2,99
7534bb2e-afc4-b4c6-b0f2-c025df62d347,Global-PSTN_css,All PSTN Calls to Global Route List,,NA-PSTN_Par,f,2,99
90ee5c44-8d10-f230-7375-5c914267c5a1,FXE-FIELD-DLDWK_Local_css,DLDWK Local css,,FXE-FIELD-DLDWK_internal_par:NA-Local_par,f,2,99
1f84e914-56c9-2b79-7846-f67b1dd3ea3f,STLRT-UR_css,"""STLRT internal, local, LD and international calls""",,STLRT_Internal_par:NA-Local_par:NA-LD_par:NA-International_par,f,2,99
58d86616-b417-2050-d622-4a25a145eb16,XFORM-MJXA-ANI-OUT_css,Applied to site gateway configuration in CUCM,,XFORM-MJXA-ANI-OUT_par,f,2,99
a25efac6-333b-56a6-286e-91bc15102b5d,BEDWK_internal_css,Internal for BEDWK,,BEDWK_internal_par,f,2,99
ffd26cd1-e2df-a1fd-11aa-62964977854c,XFORM-DECA-MGCP-DNIS_css,Applied to site gateway configuration in CUCM,,XFORM-DECA-MGCP-DNIS_par,f,2,99
26910b91-c179-9762-cb9a-0a9a8a20280e,FXE-FIELD-A-GMVA-APP_css,GMVA CSS to be Placed on the Lines at the Site,,BLOCKED-GENERAL_par:FXE-FIELD-A-GMVA-APP_par:FXE-FIELD-A-INTERNAL_par,f,2,99
e85c8a9d-6f6d-159f-8115-11ac757593fc,XFORM-MCNA-MGCP-DNIS_css,Applied to site gateway configuration in CUCM,,XFORM-MCNA-MGCP-DNIS_par,f,2,99
8fb55b4a-b907-b615-82fc-e8d2b4d166e0,FXE-FIELD-A-ABYA-APP_css,ABYA CSS Applied to the phone lines and Gateway,,BLOCKED-GENERAL_par:FXE-FIELD-A-ABYA-APP_par:FXE-FIELD-A-INTERNAL_par,f,2,99
fb24ae91-4223-2d57-2585-ab6064245d71,FXE-FIELD-A-BAFA-APP_css,BAFA CSS Applied to the phone lines and Gateway,,BLOCKED-GENERAL_par:FXE-FIELD-A-BAFA-APP_par:FXE-FIELD-A-INTERNAL_par,f,2,99
417d15e9-b4b3-968e-787c-782e3f723135,FXE-FIELD-A-RDUR-APP_css,RDUR CSS to be Placed on the Lines at the Site,,BLOCKED-GENERAL_par:FXE-FIELD-A-RDUR-APP_par:FXE-FIELD-A-INTERNAL_par,f,2,99
504575f7-db95-98c8-7b59-09538b232d61,FXE-FIELD-A-JEMA-APP_css,JEMA CSS Applied to the phone lines and Gateway,,BLOCKED-GENERAL_par:FXE-FIELD-A-JEMA-APP_par:FXE-FIELD-A-INTERNAL_par,f,2,99
4e439ae8-d0a7-18c7-2987-ae5af7f87ec0,XFORM-MVNA-MGCP-DNIS_css,MVNA Applied to site gateway configuration in CUCM,,XFORM-MVNA-MGCP-DNIS-par,f,2,99
a11f54eb-c3d8-96d5-de12-455e87a62562,XFORM-NYCS-MGCP-DNIS_css,Applied to site gateway configuration in CUCM,,XFORM-NYCS-MGCP-DNIS_par,f,2,99
cf9b2434-4199-8893-9363-38d9068b19ac,DFWVK_International-Star_css,DFWVK International Star css,,DFWVK_911_par:DFWVK_internal_par:DFWVK-International-Star_par:DFWVK-LD-Star_par:DFWVK-Local-Star_par,f,2,99
84122f56-66cf-1e80-7a1f-dddd7fa9f5a0,FXE-FIELD-A-HOBA-APP_css,HOBA CSS to be Placed on the Lines at the Site,,BLOCKED-GENERAL_par:FXE-FIELD-A-HOBA-APP_par:FXE-FIELD-A-INTERNAL_par,f,2,99
97971b8d-50f4-ac7d-d362-09a18221fe66,FXE-FIELD-LBFA_International_css,LBFA International css,,FXE-FIELD-A-LBFA-APP_par:NA-Local_par:NA-LD_par:NA-International_par,f,2,99
b063e124-5b67-1393-b47c-750a26f988a9,XFORM-SJCR-MGCP-DNIS_css,Applied to site gateway configuration in CUCM,,XFORM-SJCR-MGCP-DNIS_par,f,2,99
e240fc87-39cb-63a5-d1f3-dacb8c6ea894,CHAR_911_css,911 for CHAR,,CHAR_911_par,f,2,99
9b84d57b-a875-3323-94c5-414611a98c53,FXE-FIELD-A-MSCA-APP_css,MSCA CSS to be Placed on the Lines at the Site,,BLOCKED-GENERAL_par:FXE-FIELD-A-MSCA-APP_par:FXE-FIELD-A-INTERNAL_par,f,2,99
d9208b9d-1ab9-da7f-bb42-c59b81fb2c69,XFORM-GONA-MGCP-DNIS_css,Applied to site gateway configuration in CUCM,,XFORM-GONA-MGCP-DNIS_par,f,2,99
09a8b83d-4668-a181-7e84-aba0a612d7b8,FXE-PIRA_911_css,911 for FXE-PIRA,,NA-911_par,f,2,99
a3e4f6b7-134d-d32c-a7d3-b41bc518d621,XFORM-HSVA-MGCP-DNIS_css,Applied to site gateway configuration in CUCM,,XFORM-HSVA-MGCP-DNIS_par,f,2,99
aefa3572-3881-3c6c-ae0d-353330db01ac,FXE-FIELD-A-ITOA2-APP_css,ITOA2 CSS to be Placed on the Lines at the Site,,BLOCKED-GENERAL_par:FXE-FIELD-A-ITOA2-APP_par:FXE-FIELD-A-INTERNAL_par,f,2,99
d7f8b412-9e3a-713a-52e3-1deecebee8f6,STLRT-911_css,911 for STLRT,,NA-911_par,f,2,99
6200f883-f101-b3ed-3eec-9a68ae9b0526,XFORM-BRDA-MGCP-DNIS_css,Applied to site gateway configuration in CUCM,,XFORM-BRDA-MGCP-DNIS_par,f,2,99
1570131a-cf25-adb0-02ae-7ad3b2146a42,FXE-FIELD-A-COAA-APP_css,COAA CSS to be Placed on the Lines at the Site,,BLOCKED-GENERAL_par:FXE-FIELD-A-COAA-APP_par:FXE-FIELD-A-INTERNAL_par,f,2,99
e424bc24-a6ff-f188-86c2-3fa4035d6670,XFORM-BLIA-MGCP-DNIS_css,BLIA Applied to site gateway configuration in CUCM,,XFORM-BLIA-MGCP-DNIS_par,f,2,99
b43ff146-baf0-422e-5939-dac98e7b7697,FXE-LAX200S_internal_css,Internal for LAX200S,,FXE-LAX200S_internal_par,f,2,99
527c3ebe-8736-fb55-3017-5bb68643ac72,FXE-FIELD-A-STCA-APP_css,STCA CSS to be Placed on the Lines at the Site,,FXE-FIELD-A-STCA-APP_par:FXE-FIELD-A-INTERNAL_par:BLOCKED-GENERAL_par,f,2,99
be575082-b6f9-6d86-318f-cd9dc134f354,XFORM-XSDA-MGCP-DNIS_css,Applied to site gateway configuration in CUCM,,XFORM-XSDA-MGCP-DNIS_par,f,2,99
3ae94784-20b8-e526-9733-05f17c601fcf,FXE-FIELD-A-CLERT-APP-css,CLERT CSS to be Placed on the Lines at the Site,,BLOCKED-GENERAL_par:FXE-FIELD-A-CLERT-APP-par:FXE-FIELD-A-INTERNAL_par,f,2,99
80dae55f-11a5-b2b4-45bc-d8f22b89e06e,FXE-FIELD-A-MGEA-APP-css,MGEA CSS to be Placed on the Lines at the Site,,BLOCKED-GENERAL_par:FXE-FIELD-A-MGEA-APP-par,f,2,99
61b428dd-e5c8-3cf3-bf51-8ecd986250bd,FXE-FIELD-A-FLLR-APP_css,FLLR CSS to be Placed on the Lines at the Site,,BLOCKED-GENERAL_par:FXE-FIELD-A-FLLR-APP_par:FXE-FIELD-A-INTERNAL_par,f,2,99
272499d3-7286-a603-2e2e-4e698c025d1f,XFORM-MDTA-MGCP-DNIS_css,Applied to site gateway configuration in CUCM,,XFORM-MDTA-MGCP-DNIS_par,f,2,99
f7519931-98d6-b8fd-3bde-aec915c5b988,XFORM-AMAA-MGCP-DNIS_css,Applied to site gateway configuration in CUCM,,XFORM-AMAA-MGCP-DNIS_par,f,2,99
82af53a5-ad1d-c00c-b038-c133292731c5,FXE-FIELD-A-PWMR-APP_css,PWMR CSS Applied to the phone lines and Gateway,,BLOCKED-GENERAL_par:FXE-FIELD-A-PWMR-APP_par:FXE-FIELD-A-INTERNAL_par,f,2,99
38719b59-ff7e-a2ac-44bb-31d1b0601d9f,XFORM-AGSA-MGCP-ANI_css,Applied to site gateway configuration in CUCM,,XFORM-AGSA-MGCP-ANI_par,f,2,99
cf7cf43f-e634-7f0c-cebc-53eb0edcfcb0,EWRRT-Local_css,EWRRT internal and local calls,,EWRRT_Internal_par:NA-Local_par,f,2,99
8de5a7d8-d55d-1f83-1372-d01aee2ce229,MQYA-LD_css,MQYA internal and local and LD calls,,MQYA_Internal_par:NA-Local_par:NA-LD_par,f,2,99
e1bb700c-94d4-6b55-53b5-a90001a0c81e,FXE-FIELD-A-CPRA-APP_css,CSS Applied to the phone lines and Gateway,,FXE-FIELD-A-CPRA-APP_par:BLOCKED-GENERAL_par:FXE-FIELD-A-INTERNAL_par,f,2,99
6d91f0e2-fa0d-c7ed-5172-74728c79bd33,FXE-DALA_LD_css,DALA LD css,,FXE-DALA_internal_par:NA-Local_par:NA-LD_par:FXE-FIELD-A-DALA-APP_par:FXE-FIELD-A-INTERNAL_par,f,2,99
e4a1e71a-e343-7692-bc71-ae54c7a6c7c7,FXE-FIELD-A-PSMA-APP_css,PSMA CSS to be Placed on the Lines at the Site,,BLOCKED-GENERAL_par:FXE-FIELD-A-PSMA-APP_par:FXE-FIELD-A-INTERNAL_par,f,2,99
e8cb2aaf-f235-df84-1d2c-ab8e9aeb8ba0,FXE-FIELD-A-LBEA-APP_css,Internal for LBEA,,BLOCKED-GENERAL_par:FXE-FIELD-A-INTERNAL_par:FXE-FIELD-A-LBEA-APP_par,f,2,99
4659f9a2-dc20-a1f7-6b62-caa715ca20f0,FXE-SJCRT_Local_css,SJCRT Local css,,FXE-FIELD-A-SJCRT-APP_par:NA-Local_par,f,2,99
0bd3fbfa-4c3f-943d-7d72-96878e5ee9f6,FXE-FIELD-A-PHLRT-APP_css,PHLRT CSS to be Placed on the Lines at the Site,,BLOCKED-GENERAL_par:FXE-FIELD-A-PHLRT-APP_par:FXE-FIELD-A-INTERNAL_par,f,2,99
f6f3aef0-4e36-6b0d-7c91-c4f459bfd574,FXE-FIDA_internal_css,Internal for FIDA,,FXE-FIELD-A-FIDA-APP_par,f,2,99
71879cf8-6f4a-8426-b1b8-8ae9f77b2821,XFORM-SUAA-MGCP-DNIS_css,Applied to site gateway configuration in CUCM,,XFORM-SUAA-MGCP-DNIS_par,f,2,99
0258bae1-9d98-bd3f-ab05-965c7a9a4ca7,FXE-FIELD-A-LBFD-APP_css,LBFD CSS Applied to the phone lines and Gateway,,BLOCKED-GENERAL_par:FXE-FIELD-A-LBFD-APP_par:FXE-FIELD-A-INTERNAL_par,f,2,99
2098b894-76ce-e952-00a8-04f1ba4b2d10,FXE-FIELD-A-SAVA-APP_css,SAVA CSS Applied to the phone lines and Gateway,,BLOCKED-GENERAL_par:FXE-FIELD-A-SAVA-APP_par:FXE-FIELD-A-INTERNAL_par,f,2,99
9e487312-ad23-8f55-e5b4-110930bd96c5,FXE-FIELD-A-CLUA-APP_css,CLUA CSS to be Placed on the Lines at the Site,,BLOCKED-GENERAL_par:FXE-FIELD-A-CLUA-APP_par:FXE-FIELD-A-INTERNAL_par,f,2,99
ff90ed36-6b21-a757-7116-596a306bcb2f,MTJA_internal_css,Internal for MTJA,,FXE-FIELD-A-MTJA-APP_par,f,2,99
6803c9a9-e003-00d3-55c7-3ec757817b12,FXE-FIELD-A-WWDA-APP-css,WWDA CSS to be Placed on the Lines at the Site,,BLOCKED-GENERAL_par:FXE-FIELD-A-WWDA-APP_par:FXE-FIELD-A-INTERNAL_par,f,2,99
b53fcbed-f0b7-cd97-ff72-36a5821cfc06,JREA_internal_css,Internal for JREA,,FXE-FIELD-A-JREA-APP_par,f,2,99
f54d1e9c-40d7-cab4-1fd5-8b0af5e7ef3a,FXE-FIELD-A-ISPA-APP_css,ISPA CSS to be Placed on the Lines at the Site,,BLOCKED-GENERAL_par:FXE-FIELD-A-ISPA-APP_par:FXE-FIELD-A-INTERNAL_par,f,2,99
48c87686-aa7b-ce90-daee-8c3f4c522358,FXE-FIELD-A-COSDC-INTL-css,,,CO-LO-E911-EGW_par:FXE-FIELD-A-COSDC-TOLL-PT:FXE-FIELD-A-COSDC-LOCAL-PT:FXE-FIELD-A-COSDC-LD-PT,f,2,99
cf3610b0-0f10-6cdc-02cb-2d16022d1a99,HLNA-LD_css,HLNA internal and local and LD calls,,HLNA_Internal_par:NA-Local_par:NA-LD_par,f,2,99
add0c985-4939-7af4-b8f2-b6cfdd2bc540,XFORM-DGNA-MGCP-DNIS_css,Applied to site gateway configuration in CUCM,,XFORM-DGNA-MGCP-DNIS_par,f,2,99
75e28729-9ff5-60af-70e8-144e34f5081e,FXE-PIRA_Local_css,FXE-PIRA internal and local calls,,FXE-PIRA_internal_par:NA-Local_par,f,2,99
cc07498d-df75-0bc6-5ba7-eeccf24e170b,XFORM-WRIA-MGCP-DNIS_css,Applied to site gateway configuration in CUCM,,XFORM-WRIA-MGCP-DNIS_par,f,2,99
4d93b1cd-c753-997f-2642-30a4520d8037,FXE-FIELD-A-FYVA-APP_css,FYVA CSS Applied to the phone lines and Gateway,,BLOCKED-GENERAL_par:FXE-FIELD-A-FYVA-APP_par:FXE-FIELD-A-INTERNAL_par,f,2,99
c862f7bc-49d1-9ede-fe44-f86f8f603572,FXE-FIELD-A-BDRWK-APP_css,CSS Applied to the phone lines and Gateway,,FXE-FIELD-A-BDRWK-APP_par:FXE-FIELD-A-INTERNAL_par:BLOCKED-GENERAL_par,f,2,99
ee6ecc9d-db46-4ca1-f308-82ff7114d47c,LASR_PSTN_css,"""Internal, External for LASR""",,LASR_internal_par:LASR_PSTN_par,f,2,99
10fd6475-ad7f-8a7e-a633-795bdc06a35c,VM-pilot_css,VM pilot_css,,VM-restricted_par,f,2,99
061545e9-f160-e3a3-a1a2-9df4966b1a85,VM-RESTRICTED_css,SCCP VM port block,,VM-PORT-par,f,2,99
729b4c88-6b44-581c-461d-ca5730eb9184,XFORM-ABRA-MGCP-ANI_css,Applied to site gateway configuration in CUCM,,,f,2,99
a29b476f-97c7-707f-8dc1-b0eb43009ffe,FXE-FIELD-A-FULA-APP_css,FULA CSS Applied to the phone lines and Gateway,,BLOCKED-GENERAL_par:FXE-FIELD-A-FULA-APP_par:FXE-FIELD-A-INTERNAL_par,f,2,99
ea304d37-05f6-094f-bbb8-56bc17b08d38,XFORM-FARR-MGCP-DNIS_css,Applied to site gateway configuration in CUCM,,XFORM-FARR-MGCP-DNIS_par,f,2,99
49d23bed-0e5b-b1c2-259c-04a061f56d36,XFORM-BTFA-MGCP-DNIS_css,Applied to site gateway configuration in CUCM,,XFORM-BTFA-MGCP-DNIS_par,f,2,99
8a2f7864-d73c-86d6-9ebb-838075420032,XFORM-ZTYRT-MGCP-DNIS_css,Applied to site gateway configuration in CUCM,,XFORM-ZTYRT-MGCP-DNIS_par,f,2,99
6fca0552-e793-6fd7-da67-13d822f7d02d,XFORM-HGRA-MGCP-ANI_css,Applied to site gateway configuration in CUCM,,XFORM-HGRA-MGCP-ANI_par,f,2,99
bb859713-02fd-6041-7c2c-b2b85cfa56d5,FXE-FIELD-A-ICTA-APP_css,ICTA CSS to be Placed on the Lines at the Site,,BLOCKED-GENERAL_par:FXE-FIELD-A-ICTA-APP_par:FXE-FIELD-A-INTERNAL_par,f,2,99
dff91ae5-abf4-ef17-c930-7b057a504ba6,XFORM-DEOA-MGCP-DNIS_css,Applied to site gateway configuration in CUCM,,XFORM-DEOA-MGCP-DNIS_par,f,2,99
dccd822e-7827-6cbc-4c8d-265da59270c9,FXE-FIELD-A-WRIA-8569332249_css,WRIA John's Private Lines Outbound,,BLOCKED-GENERAL_par:FXE-WRIA-8569332249_par:FXE-FIELD-A-WRIA-APP_par:FXE-FIELD-A-INTERNAL_par,f,2,99
3634f566-5c7c-5d72-c34a-c1703ae2e48a,XFORM-336-MGCP-DNIS-css,Applied to site gateway configuration in CUCM,,XFORM-336-MGCP-DNIS-par,f,2,99
7ef61014-e541-af68-2455-392c68b075a7,FXE-FIELD-A-MCWA-APP_css,MCWA CSS Applied to the phone lines and Gateway,,BLOCKED-GENERAL_par:FXE-FIELD-A-MCWA-APP_par:FXE-FIELD-A-INTERNAL_par,f,2,99
d44e4c5e-aa66-855b-e859-47f74cd57d51,XFORM-CAER-MGCP-DNIS_css,Applied to site gateway configuration in CUCM,,XFORM-CAER-DNIS_par,f,2,99
505bf4b7-2980-29ab-4506-0a5f1d925a4c,FXE-FIELD-LBFA_internal_css,Internal for FXE-LBFA,,FXE-FIELD-A-LBFA-APP_par,f,2,99
ff9ec5f4-8c71-171a-3de3-53da09722f94,FXE-FIELD-A-BCBA-APP_css,BCBA CSS to be Placed on the Lines at the Site,,BLOCKED-GENERAL_par:FXE-FIELD-A-BCBA-APP_par:FXE-FIELD-A-INTERNAL_par,f,2,99
ec80ce6a-c3fc-8b51-8917-ec96dc0d8849,EWRRT-LD_css,EWRRT internal and local and LD calls,,EWRRT_Internal_par:NA-Local_par:NA-LD_par,f,2,99
75ef8590-1145-5c37-e5db-6b9920e9bc15,FXE-FIELD-A-PGDA-APP_css,PGDA CSS Applied to the phone lines and Gateway,,BLOCKED-GENERAL_par:FXE-FIELD-A-PGDA-APP_par:FXE-FIELD-A-INTERNAL_par,f,2,99
77a6f01f-ec83-1987-6ec2-f5223d575a94,XFORM-External-Mask-Internal-OUT_css,Send External Mask on Internal calls,,XFORM-External-Mask-Internal-OUT_par,f,2,99
3b87ce6e-e660-5e99-243d-0afae6ba4f96,FXE-LAX200S_CngPTP-xform-IN_css,LAX200S Transform Incoming CLID,,FXE-LAX200S_CngPTP-Xform-IN_par,f,2,99
128bc0e7-4087-5b36-29e2-f9d337b35a64,FXE-FIELD-A-SATWK-APP_css,SATWK CSS Applied to the phone lines and Gateway,,BLOCKED-GENERAL_par:FXE-FIELD-A-INTERNAL_par:FXE-FIELD-A-SATWK-APP_par,f,2,99
2ab8b9d2-c3f1-00e8-07dd-2cddec500cf0,FXE-FIELD-A-ACYA-APP-css,ACYA CSS to be Placed on the Lines at the Site,,BLOCKED-GENERAL_par:FXE-FIELD-A-ACYA-APP-par:FXE-FIELD-A-INTERNAL_par,f,2,99
af34abfd-da4c-c7e0-5138-7f25bb2e48ee,XFORM-CLLA-MGCP-ANI_css,CLLA Applied to site gateway configuration in CUCM,,XFORM-CLLA-MGCP-ANI_par,f,2,99
f191cb1c-a4fa-68dc-5718-9bc9b70092ba,FXE-FIELD-A-ATWA-APP_css,ATWA CSS to be Placed on the Lines at the Site,,BLOCKED-GENERAL_par:FXE-FIELD-A-ATWA-APP_par:FXE-FIELD-A-INTERNAL_par,f,2,99
816eec34-9c21-beb9-0558-fe86a1bfa922,FXE-FIELD-A-IDAA-APP_css,IDAA CSS to be Placed on the Lines at the Site,,BLOCKED-GENERAL_par:FXE-FIELD-A-IDAA-APP_par:FXE-FIELD-A-INTERNAL_par,f,2,99
8a59a0b6-879c-3bb8-30b3-3abb0085826f,XFORM-JSTA-MGCP-DNIS_css,JSTA Applied to site gateway configuration in CUCM,,XFORM-JSTA-MGCP-DNIS_par,f,2,99
5b2769d3-f50b-cc04-58e1-7acb4f751a37,XFORM-YKMA-MGCP-DNIS_css,Applied to site gateway configuration in CUCM,,,f,2,99
36cdec76-6cc8-1dbb-8e57-d6ba5c4f0a27,XFORM-MEIA-MGCP-ANI_css,Applied to site gateway configuration in CUCM,,XFORM-MEIA-MGCP-ANI_par,f,2,99
6f213de1-104d-7e04-f076-97bbd0457230,FXE-FIELD-A-LITA-APP_css,LITA CSS to be Placed on the Lines at the Site,,BLOCKED-GENERAL_par:FXE-FIELD-A-LITA-APP_par:FXE-FIELD-A-INTERNAL_par,f,2,99
f5053b78-ad56-dad6-8e0c-22efbd40ac13,STLRT-Local_css,STLRT internal and local calls,,STLRT_Internal_par:NA-Local_par,f,2,99
fb5cabc0-c206-142c-a16e-10d2aa25e849,FXE-FIELD-A-BGMA-APP_css,BGMA CSS to be Placed on the Lines at the Site,,BLOCKED-GENERAL_par:FXE-FIELD-A-BGMA-APP_par:FXE-FIELD-A-INTERNAL_par,f,2,99
b262ea58-e4d4-2465-b1a8-b2eb83c270d0,XFORM-BJIA-MGCP-DNIS_css,Applied to site gateway configuration in CUCM,,XFORM-BJIA-MGCP-DNIS_par,f,2,99
fe697cc8-c4de-a34f-367c-1caa1ae70003,XFORM-LJCA-MGCP-DNIS_css,Applied to site gateway configuration in CUCM,,XFORM-LJCA-MGCP-DNIS_par,f,2,99
791916ef-c95f-22c4-ea7c-627c2ac4658d,XFORM-BXAA-MGCP-DNIS_css,Applied to site gateway configuration in CUCM,,XFORM-BXAA-MGCP-DNIS_par,f,2,99
bba56dc2-4bd0-a51a-730a-1e3c29204780,FXE-FIELD-A-SCKA-APP_css,SCKA CSS to be Placed on the Lines at the Site,,BLOCKED-GENERAL_par:FXE-FIELD-A-SCKA-APP_par:FXE-FIELD-A-INTERNAL_par,f,2,99
3c12ac71-8b4a-e9db-c222-68edf15bdbe0,FOKA_911_css,911 for FOKA,,FOKA_911_par,f,2,99
b45a5629-d92c-c946-1220-d0bc9f62b4ef,XFORM-COAA-MGCP-DNIS_css,Applied to site gateway configuration in CUCM,,XFORM-COAA-MGCP-DNIS_par,f,2,99
513e1248-266e-6157-ef32-063c00572fab,FXE-FIELD-A-NDVA-APP_css,NDVA CSS to be Placed on the Lines at the Site,,BLOCKED-GENERAL_par:FXE-FIELD-A-NDVA-APP_par:FXE-FIELD-A-INTERNAL_par,f,2,99
077b1b03-e167-1fec-1ddd-ee0eb1ee125e,FXE-FIELD-A-SUXA-APP_css,SUXA CSS to be Placed on the Lines at the Site,,BLOCKED-GENERAL_par:FXE-FIELD-A-SUXA-APP_par:FXE-FIELD-A-INTERNAL_par,f,2,99
86b3e71c-0af7-2672-fed2-3897a4b43580,FXE-FIELD-A-RDDA-APP_css,RDDA CSS to be Placed on the Lines at the Site,,BLOCKED-GENERAL_par:FXE-FIELD-A-RDDA-APP_par:FXE-FIELD-A-INTERNAL_par,f,2,99
5710bfd0-fcc3-abfa-b2b0-a8f634428b80,FXE-FIELD-A-HYAA-APP_css,HYAA CSS to be Placed on the Lines at the Site,,BLOCKED-GENERAL_par:FXE-FIELD-A-HYAA-APP_par:FXE-FIELD-A-INTERNAL_par,f,2,99
5c3fac63-dda4-4031-f84a-d30b6260e270,FXE-SLCR_CngPTP-xform-OUT_css,SLCR Transform numbers as they leave the local GW,,FXE-SLCR_CngPTP-xform-OUT_par,f,2,99
74d2583a-2277-6f67-4d0d-6b13fc15676d,FXE-FIELD-A-POYA-APP_css,POYA CSS to be Placed on the Lines at the Site,,BLOCKED-GENERAL_par:FXE-FIELD-A-POYA-APP_par:FXE-FIELD-A-INTERNAL_par,f,2,99
fe9f5a17-f2a5-9e2d-932b-cf7cc9307436,FXE-FIELD-A-AVOA-APP_css,CSS Applied to the phone lines and Gateway,,FXE-FIELD-A-AVOA-APP_par:FXE-FIELD-A-INTERNAL_par:BLOCKED-GENERAL_par,f,2,99
59080e17-52f5-7e20-3f9b-ca9e8befc626,XFORM-CLTR1-MGCP-DNIS_css,Applied to site gateway configuration in CUCM,,XFORM-CLTR1-MGCP-DNIS_par,f,2,99
980c118c-6e5c-9bd1-2e41-850a1346adb5,FXE-FIELD-A-APGA-APP_css,APGA CSS to be Placed on the Lines at the Site,,BLOCKED-GENERAL_par:FXE-FIELD-A-APGA-APP_par:FXE-FIELD-A-INTERNAL_par,f,2,99
3db47417-8110-6d41-f827-c269bbcddaf1,FXE-FIELD-A-CAKA-APP_css,CAKA CSS to be Placed on the Lines at the Site,,BLOCKED-GENERAL_par:FXE-FIELD-A-CAKA-APP_par:FXE-FIELD-A-INTERNAL_par,f,2,99
09bd5515-7cc0-a3f6-eb1d-0a44746ca651,XFORM-IMTA-MGCP-DNIS_css,Applied to site gateway configuration in CUCM,,XFORM-IMTA-MGCP-DNIS_par,f,2,99
7987f41e-3d8f-845c-6213-ff01e0eadb3e,APVA_PSTN_css,"""Internal, External for APVA""",,FXE-FIELD-A-APVA-APP_par:APVA_PSTN_par,f,2,99
e8d8f1d6-e5e9-3227-e326-066b07cbe883,FXE-FIELD-A-SIKA-APP-css,SIKA CSS to be Placed on the Lines at the Site,,BLOCKED-GENERAL_par:FXE-FIELD-A-SIKA-APP-par:FXE-FIELD-A-INTERNAL_par,f,2,99
d6ae7ef7-37ed-3ac0-d7f3-193f869e2c89,GAO-icm_css,Intercom CSS for GAO,,GAO-icm-EoD_par,f,2,99
245eea74-e9fd-a9dc-b6c3-b26d985e3d07,FWAR2_PSTN_1_css,FWAR2 PSTN css,,FWAR2_PSTN_1_par,f,2,99
3abe2ed8-e4ef-631a-ac4b-348ad001c39d,FXE-FIELD-A-LFTA-APP-css,LFTA CSS to be Placed on the Lines at the Site,,BLOCKED-GENERAL_par:FXE-FIELD-A-LFTA-APP_par:FXE-FIELD-A-INTERNAL_par,f,2,99
99c05862-4049-13a6-7483-bb7c0a4691dc,FXE-DRTA_CngPTP-xform-IN_css,DRTA Transform Incoming CLID,,FXE-DRTA_CngPTP-Xform-IN_par,f,2,99
e902e6d0-28a8-4e63-5166-520240f9ef99,XFORM-SUSA-MGCP-DNIS_css,Applied to site gateway configuration in CUCM,,XFORM-SUSA-MGCP-DNIS_par,f,2,99
51bc8cf1-9652-c41c-f008-1c3981ac4dea,DTWR_PSTN_css,"""Internal, external for DTWR""",,DTWR_Internal_par:DTWR_PSTN_par,f,2,99
7b16276f-3caf-ca81-29bf-deeba292adf7,XFORM-0502-MGCP-DNIS_css,Applied to site gateway configuration in CUCM,,XFORM-0502-MGCP-DNIS_par,f,2,99
243fdecc-35d6-deca-b653-22e62b6c1ba5,NXXCS_911_css,911 for NXXCS,,NXXCS_911_par,f,2,99
4d749712-9379-405f-7111-32cf4b20c8e5,FXE-FIELD-A-GDMA-APP_css,GDMA CSS to be Placed on the Lines at the Site,,BLOCKED-GENERAL_par:FXE-FIELD-A-GDMA-APP_par:FXE-FIELD-A-INTERNAL_par,f,2,99
31470be0-0025-e1ec-58e2-855b4c9fde1b,FXE-FIELD-A-SJTA-APP_css,SJTA CSS Applied to the phone lines and Gateway,,BLOCKED-GENERAL_par:FXE-FIELD-A-SJTA-APP_par:FXE-FIELD-A-INTERNAL_par,f,2,99
cf92856e-88e7-8686-d357-a37ed5c390d0,FXE-IAHS_LD_css,IAHS LD css,,FXE-Field-A-IAHS-APP_par:NA-Local_par:NA-LD_par,f,2,99
a6682043-7c7b-b3f2-51a9-e38c34cf984a,XFORM-FPRA-MGCP-DNIS_css,Applied to site gateway configuration in CUCM,,XFORM-FPRA-MGCP-DNIS_par,f,2,99
e855d7b5-e953-9abd-fae0-c6244a918062,FXE-FIELD-A-MKGA-APP_css,MKGA CSS Applied to the phone lines and Gateway,,BLOCKED-GENERAL_par:FXE-FIELD-A-MKGA-APP_par:FXE-FIELD-A-INTERNAL_par,f,2,99
2fb4bc14-5d81-062e-22ec-2f74e053123d,XFORM-DVTA-MGCP-ANI_css,Applied to DVTA site gateway configuration in CUCM,,XFORM-DVTA-MGCP-ANI_par,f,2,99
2ce99947-6709-a460-2e14-0a2ef80979f1,FXE-SCFA_CngPTP-xform-GW-OUT_css,FXE-SCFA Trans numbers as they leave the local GW,,FXE-SCFA_CngPTP-xform-GW-OUT_par,f,2,99
6732108a-6281-92fd-0633-642b46402fca,FXE-FIELD-A-NIPA-APP_css,NIPA CSS to be Placed on the Lines at the Site,,BLOCKED-GENERAL_par:FXE-FIELD-A-NIPA-APP_par:FXE-FIELD-A-INTERNAL_par,f,2,99
358a889c-0051-db5e-6977-afcd2351d55d,XFORM-BZNA-MGCP-DNIS_css,Applied to site gateway configuration in CUCM,,XFORM-BZNA-MGCP-DNIS_par,f,2,99
5b2eb770-624c-c052-bb9c-0a8ba5ea64d3,FXE-LAXR-GATE-PLAR_css,LAXR Gate Call Box Ringdown CSS,,FXE-LAXR-GATE-RINGDOWN_pt:FXE-FIELD-A-LAXR-APP_par:FXE-FIELD-A-INTERNAL_par,f,2,99
0277983a-bd66-c214-99a3-1d3ebbbb44ed,FXE-FIELD-A-HHRA-APP_css,HHRA CSS Applied to the phone lines and Gateway,,FXE-FIELD-A-HHRA-APP_TOD_par:FXE-FIELD-A-HHRA-APP_par:FXE-FIELD-A-INTERNAL_par:BLOCKED-GENERAL_par,f,2,99
dbfae773-6e87-1f9a-c28f-2540c1d9f901,FXE-FIELD-SMFWK_CngPTP-xform-GW-IN_css,FXE-SMFWK Transform Incoming GW CLID,,FXE-FIELD-SMFWK_CngPTP-Xform-GW-IN_par,f,2,99
b1e11f0a-b4df-5c62-dfed-c75654e14804,FXE-FIELD-A-OSUA-APP_css,OSUA CSS to be Placed on the Lines at the Site,,BLOCKED-GENERAL_par:FXE-FIELD-A-OSUA-APP_par:FXE-FIELD-A-INTERNAL_par,f,2,99
ad6fa143-9385-166f-e403-2611b264e8c3,XFORM-LGUA-MGCP-ANI_css,Applied to LGUA site gateway configuration in CUCM,,XFORM-LGUA-MGCP-ANI_par,f,2,99
3311b7c7-96ea-8b98-54b1-e03820861043,XFORM-LITA-MGCP-DNIS_css,Applied to site gateway configuration in CUCM,,XFORM-LITA-MGCP-DNIS_par,f,2,99
de7e7654-c750-24f1-efa1-70fbbe7645c0,FXE-FIELD-A-LFKA-APP_css,LFKA CSS Applied to the phone lines and Gateway,,BLOCKED-GENERAL_par:FXE-FIELD-A-LFKA-APP_par:FXE-FIELD-A-INTERNAL_par,f,2,99
2cd8a309-1707-bd8c-387a-ecf0723d662d,XFORM-GAO-MGCP-DNIS_css,Applied to site gateway configuration in CUCM,,XFORM-GAO-MGCP-DNIS_par,f,2,99
ea551a8a-896f-4042-47cc-8e410cc5ee13,FXE-FIELD-A-UKIA-APP_css,UKIA CSS to be Placed on the Lines at the Site,,BLOCKED-GENERAL_par:FXE-FIELD-A-UKIA-APP_par:FXE-FIELD-A-INTERNAL_par,f,2,99
5efe2e7f-f12d-0dae-97c6-88bd3cb44623,FXE-FIELD-A-GRBA-APP_css,GRBA CSS Applied to the phone lines and Gateway,,BLOCKED-GENERAL_par:FXE-FIELD-A-GRBA-APP_par:FXE-FIELD-A-INTERNAL_par,f,2,99
72ce5186-e6f1-5ef7-f0f0-4da47b24f573,FXE-FIELD-A-ITHA-APP_css,ITHACSS Applied to the phone lines and Gateway,,BLOCKED-GENERAL_par:FXE-FIELD-A-ITHA-APP_par:FXE-FIELD-A-INTERNAL_par,f,2,99
40ee9c85-8004-706a-a3f5-6e81295c0bc6,XFORM-MFRA-MGCP-ANI_css,MFRA Applied to site gateway configuration in CUCM,,XFORM-MFRA-MGCP-ANI_par,f,2,99
35eccfc2-27a1-ab6f-af3b-1720b4dbe583,FXE-FIELD-A-ROCA-APP-css,ROCA CSS to be Placed on the Lines at the Site,,BLOCKED-GENERAL_par:FXE-FIELD-A-ROCA-APP-par:FXE-FIELD-A-INTERNAL_par:FXE-FIELD-A-ROCA-INTERNATIONAL-par,f,2,99
c9820636-0d73-4c5c-3a47-9eacab0f7b57,FXE-FIELD-DLDWK_CngPTP-xform-OUT_css,DLDWK Transform numbers as they leave the local GW,,FXE-FIELD-DLDWK_CngPTP-Xform-GW-out_par:FXE-FIELD-DLDWK_CngPTP-Xform-OUT_par,f,2,99
05c82c3c-31a6-bcee-3646-91660bd15ee7,FXE-FIELD-A-EUGA-APP_css,EUGA CSS to be Placed on the Lines at the Site,,BLOCKED-GENERAL_par:FXE-FIELD-A-EUGA-APP_par:FXE-FIELD-A-INTERNAL_par,f,2,99
6c2c48ac-c6d7-8e9f-e039-3be513e74a6e,XFORM-ERIA-MGCP-ANI_css,Applied to site gateway configuration in CUCM,,XFORM-ERIA-MGCP-ANI_par,f,2,99
806c411b-cb30-1314-4c78-ab89818a4da4,FXE-FIELD-A-FMNA-APP_css,CSS Applied to the phone lines and Gateway,,FXE-FIELD-A-FMNA-APP_par:FXE-FIELD-A-INTERNAL_par:BLOCKED-GENERAL_par,f,2,99
37ccc401-504f-7539-8b71-6002fd99952a,XFORM-ALOA-MGCP-ANI_css,Applied to site gateway configuration in CUCM,,XFORM-ALOA-MGCP-ANI_par,f,2,99
5234489a-06f5-6e1e-1974-a244cce657d3,FXE-FIELD-A-CVGRT-APP-css,CVGRT CSS to be Placed on the Lines at the Site,,BLOCKED-GENERAL_par:FXE-FIELD-A-CVGRT-APP-par:FXE-FIELD-A-INTERNAL_par,f,2,99
741081bb-28be-39d7-1d04-a14fd8a55e37,FXE-FIELD-A-STLRT-APP-css,STLRT CSS to be Placed on the Lines at the Site,,BLOCKED-GENERAL_par:FXE-FIELD-A-STLRT-APP-par,f,2,99
0a6dfca2-8f91-6e18-7d29-52da9678ce53,XFORM-BDRWK-MGCP-DNIS_css,Applied to site gateway configuration in CUCM,,XFORM-BDRWK-MGCP-DNIS_par,f,2,99
2a6484cd-e7dc-2d53-0b04-290dce306b1a,FXE-FIELD-A-BWIR1-APP_css,BWIR1 CSS to be Placed on the Lines at the Site,,BLOCKED-GENERAL_par:FXE-FIELD-A-BWIR1-APP_par:FXE-FIELD-A-INTERNAL_par,f,2,99
7b5d89fe-0ce1-13f3-81f3-6c7c1e07353a,FXE-FIELD-A-SBDR-APP_css,SBDR CSS to be Placed on the Lines at the Site,,BLOCKED-GENERAL_par:FXE-FIELD-A-SBDR-APP_par:FXE-FIELD-A-INTERNAL_par,f,2,99
580c1afc-aa0e-d9b2-6e2a-d563511f3022,FXE-FIELD-A-MKLA-APP_css,MKLA CSS to be Placed on the Lines at the Site,,BLOCKED-GENERAL_par:FXE-FIELD-A-MKLA-APP_par:FXE-FIELD-A-INTERNAL_par,f,2,99
d86cef29-2f2e-1890-8c18-51d6c9af8318,XFORM-GVTA-MGCP-DNIS_css,Applied to site gateway configuration in CUCM,,XFORM-GVTA-MGCP-DNIS_par,f,2,99
fae34ec9-3434-4d77-2a47-ec29cff34262,XFORM-BJCA-MGCP-DNIS_css,Applied to site gateway configuration in CUCM,,XFORM-BJCA-MGCP-DNIS_par,f,2,99
67ab3ed9-a716-bd38-2fce-68953702c940,EWRGS-Internal_css,EWRGS Internal Calls,,EWRGS_Internal_par,f,2,99
740b9341-ee11-273c-d6b8-4e67daeb30c2,XFORM-JSNA-MGCP-DNIS_css,Applied to site gateway configuration in CUCM,,XFORM-JSNA-MGCP-DNIS_par,f,2,99
fc0c75be-c200-a2a6-4bf2-76a1d9b3b1b0,SANA_internal_css,Internal for SANA,,FXE-FIELD-A-SANA-APP_par,f,2,99
2a423c46-fde2-5c4d-b666-bd7af2c4c061,XFORM-MSOA-MGCP-DNIS_css,MSOA Applied to site gateway configuration in CUCM,,XFORM-MSOA-MGCP-DNIS_par,f,2,99
9b467718-1a91-4e3e-df53-a1e898d9e79b,FXE-DENA_CngPTP-xform-OUT_css,DENA Transform numbers as they leave the local GW,,FXE-DENA_CngPTP-xform-OUT_par,f,2,99
489f1db4-01de-6439-ceed-acb4082c8f56,APVA_internal_css,Internal for APVA,,FXE-FIELD-A-APVA-APP_par,f,2,99
fee88380-761c-0b90-2d0d-067dcc17b441,XFORM-LMTA-MGCP-ANI_css,LMTA Applied to site gateway configuration in CUCM,,XFORM-LMTA-MGCP-ANI_par,f,2,99
8d0ea718-c124-ab3d-2cc3-6b75ee6fc7ea,XFORM-FLLR-MGCP-DNIS_css,Applied to site gateway configuration in CUCM,,XFORM-FLLR-MGCP-DNIS_par,f,2,99
c0757c77-22e3-c55a-ef68-ed966921f7d5,XFORM-AVWA-MGCP-DNIS_css,Applied to site gateway configuration in CUCM,,XFORM-AVWA-MGCP-DNIS_par,f,2,99
52e99bc4-4bfe-1b5c-55b8-193656270333,XFORM-ABIA-MGCP-ANI_css,Applied to site gateway configuration in CUCM,,XFORM-ABIA-MGCP-ANI_par,f,2,99
3177f232-6118-fbdd-df22-598e673f193e,FXE-FIELD-A-RFDA-APP_css,RFDA CSS to be Placed on the Lines at the Site,,BLOCKED-GENERAL_par:FXE-FIELD-A-RFDA-APP_par:FXE-FIELD-A-INTERNAL_par,f,2,99
e1b341ae-4cf7-2d94-6ea8-4dcb605922ab,FXE-FIELD-A-CHOA-APP_css,CHOA CSS to be Placed on the Lines at the Site,,BLOCKED-GENERAL_par:FXE-FIELD-A-CHOA-APP_par:FXE-FIELD-A-INTERNAL_par,f,2,99
fa1526c4-cc5d-1455-4e86-64fd80250a41,XFORM-AOOA-MGCP-DNIS_css,Applied to site gateway configuration in CUCM,,XFORM-AOOA-MGCP-DNIS_par,f,2,99
9a6480bd-eed4-1c50-a94f-567feda44dbf,XFORM-LAXRT-MGCP-DNIS_css,Applied to site gateway configuration in CUCM,,XFORM-LAXRT-MGCP-DNIS_par,f,2,99
434a613b-2f15-d0d5-9384-8ac5ff920f9d,XFORM-FXG-1638-MGCP-DNIS_css,FXG-1638 Applied to site GW configuration in CUCM,,XFORM-FXG-1638-MGCP-DNIS-par,f,2,99
b1890e2d-79ad-8bb1-d711-a86f4cb52e6b,XFORM-HVNA-MGCP-DNIS_css,Applied to site gateway configuration in CUCM,,XFORM-HVNA-DNIS_par,f,2,99
65b16758-e529-f850-f4ea-026f8dc80777,FXE-FIELD-A-HIKA-APP_css,HIKA CSS to be Placed on the Lines at the Site,,BLOCKED-GENERAL_par:FXE-FIELD-A-HIKA-APP_par:FXE-FIELD-A-INTERNAL_par,f,2,99
98a57df9-80b2-4634-9781-e72daf6340a4,EWRVK-Internal_css,EWRVK Internal Calls,,EWRVK_Internal_par,f,2,99
fa653e14-2d9c-0ba0-647f-176f4e32187a,FXE-SJCRT-911_css,911 for SJCRT,,NA-911_par,f,2,99
fd03a9bd-ee46-ee2e-457c-d74168c36e27,XFORM-JVLA-MGCP-DNIS_css,Applied to site gateway configuration in CUCM,,XFORM-JVLA-MGCP-DNIS_par,f,2,99
d657eba1-4d28-ed5b-e641-805455ed0160,FXE-FIELD-A-PHNA-APP_css,PHNA CSS Applied to the phone lines and Gateway,,BLOCKED-GENERAL_par:FXE-FIELD-A-PHNA-APP_par:FXE-FIELD-A-INTERNAL_par,f,2,99
8551f00a-6369-924d-1524-28c43ddac28d,FXE-DRTA_CngPTP-xform-GW-OUT_css,FXE-DRTA Trans numbers as they leave the local GW,,FXE-DRTA_CngPTP-xform-GW-OUT_par,f,2,99
84d27051-8b57-e995-60d2-2d9d4b81bc15,XFORM-JAXR-MGCP-DNIS_css,Applied to site gateway configuration in CUCM,,XFORM-JAXR-MGCP-DNIS_par,f,2,99
4a1caa48-6c3b-60f7-7e01-09e25ab53951,FXE-FIELD-A-LEBA-APP-css,LEBA CSS to be Placed on the Lines at the Site,,BLOCKED-GENERAL_par:FXE-FIELD-A-LEBA-APP-par:FXE-FIELD-A-INTERNAL_par,f,2,99
7ea7fda0-8ede-f395-499f-1d97b93efbc6,FXE-FIELD-A-MODA-APP_css,MODA CSS Applied to the phone lines and Gateway,,BLOCKED-GENERAL_par:FXE-FIELD-A-MODA-APP_par:FXE-FIELD-A-INTERNAL_par,f,2,99
e6d96c28-c7b7-a30f-e21d-2578eaa20c97,FXE-FIELD-A-TDJX-APP_css,TDJX CSS to be Placed on the Lines at the Site,,BLOCKED-GENERAL_par:FXE-FIELD-A-TDJX-APP_par:FXE-FIELD-A-INTERNAL_par,f,2,99
dd221b71-d590-ad8c-ed67-b0abeb535846,FXE-SLCR_CngPTP-xform-GW-OUT_css,FXE-SLCR Trans numbers as they leave the local GW,,FXE-SLCR_CngPTP-xform-GW-OUT_par,f,2,99
38de0876-d529-e8c2-a0e3-4e24cb3690bb,FXE-GAO_CngPTP-xform-GW-OUT_css,FXE-BFIWK Trans numbers as they leave the local GW,,FXE-GAO_CngPTP-xform-GW-OUT_par,f,2,99
eca8ddab-a83b-646e-4dfb-3e4bc569f17a,XFORM-FCELK-MGCP-DNIS_css,Applied to site gateway configuration in CUCM,,XFORM-FCELK-MGCP-DNIS_par,f,2,99
a3861d89-6725-600e-4b0e-dbd6a302a78f,CKBSC2_internal_css,Internal for CKBSC2,,CKBSC2_internal_par,f,2,99
c772844a-8464-43d0-4683-541784536a96,JVIS3_PSTN_css,"""Internal, External for JVIS3""",,FXE-FIELD-A-JVIS3-APP_par:JVIS3_PSTN_par,f,2,99
ee2bedb1-3b16-c601-02b1-7949e492beaa,BHMR-LD_css,BHMR internal and local and LD calls,,FXE-FIELD-A-BHMR-APP-par:NA-Local_par:NA-LD_par,f,2,99
d1de344b-dde9-ca0b-853c-d20866bc3957,DTWR_CngPTP-xform-IN_css,DTWR Transform Incoming CLID,,DTWR_CngPTP-Xform-IN_par,f,2,99
87d2b982-dab0-7756-b46e-dd358de75de0,XFORM-CLMA-MGCP-DNIS_css,CLMA Applied to site gateway configuration in CUCM,,XFORM-CLMA-MGCP-DNIS_par,f,2,99
cc8175d9-0c0c-9631-af20-e51937ca1be6,XFORM-CAER-MGCP-ANI_css,Applied to site gateway configuration in CUCM,,XFORM-CAER-ANI_par,f,2,99
6fd88801-e410-0e0f-d3f9-d0a5887b3448,LBEA_PSTN_css,"""Internal, External for LBEA""",,LBEA_PSTN_par:FXE-FIELD-A-LBEA-APP_par:VM-restricted_par,f,2,99
22802bb0-fd91-1733-8408-e02a00d56950,XFORM-EVVA-MGCP-DNIS_css,Applied to site gateway configuration in CUCM,,XFORM-EVVA-MGCP-DNIS_par,f,2,99
58e8cc68-eb87-d13e-4d0c-2fe9f736eb94,XFORM-LFKA-MGCP-DNIS_css,Applied to site gateway configuration in CUCM,,XFORM-LFKA-DNIS_par,f,2,99
44319205-ab01-b315-6fde-06955e9fffec,FXE-FIELD-A-JAXR-APP_css,JAXR CSS to be Placed on the Lines at the Site,,FXE-FIELD-A-JAXR-APP_par:FXE-FIELD-A-INTERNAL_par:BLOCKED-GENERAL_par,f,2,99
47191070-9d48-c37a-be84-a3d9d1ffe7e1,XFORM-POCA-MGCP-DNIS_css,Applied to site gateway configuration in CUCM,,XFORM-POCA-MGCP-DNIS_par,f,2,99
60652c6e-51be-89d5-47d7-6bb25e418f0a,MRIA_PSTN_css,"""Internal, External for MRIA""",,MRIA_PSTN_par:FXE-FIELD-A-MRIA-APP_par,f,2,99
e43e677b-1739-32e3-1c71-b9fe8fa1ba27,FXE-FIELD-A-SWSC-APP_css,CSS Applied to the phone lines and Gateway,,FXE-FIELD-A-SWSC-APP_par:FXE-FIELD-A-INTERNAL_par:BLOCKED-GENERAL_par,f,2,99
76a93197-3788-2a6f-5256-0e1e0c76e58b,FXE-FIELD-A-BGRA-APP_css,BGRA CSS to be Placed on the Lines at the Site,,BLOCKED-GENERAL_par:FXE-FIELD-A-BGRA-APP_par:FXE-FIELD-A-INTERNAL_par,f,2,99
be03dd2c-f6c4-61a0-6c61-88194ddb7f6f,XFORM-LJNA-MGCP-DNIS_css,Applied to site gateway configuration in CUCM,,XFORM-LJNA-MGCP-DNIS_par,f,2,99
bd41a87a-fd82-164e-2e52-9f684be8d945,EWRVK-Local_css,EWRVK internal and local calls,,EWRVK_Internal_par:NA-Local_par,f,2,99
0337f51f-b73e-c4f9-2ed8-e5d9fe658d5b,XFORM-CHAA-DNIS-OUT-css,,,XFORM-CHAA-DNIS_par,f,2,99
0471bac4-6589-1b76-0775-f251295c3277,SANA_PSTN_css,"""Internal, External for SANA""",,SANA_PSTN_par:FXE-FIELD-A-SANA-APP_par,f,2,99
415fd80f-0cba-3cc8-63b6-f3d77c1cc0df,XFORM-MCODC-ANI-OUT-css,,,XFORM-MCODC-ANI-OUT-par,f,2,99
54932aa0-2efe-7bd6-d924-33579ddf0817,XFORM-HHHA-MGCP-DNIS_css,HHHA Applied to site gateway configuration in CUCM,,XFORM-HHHA-MGCP-DNIS_par,f,2,99
b462843f-bb81-81bc-851a-a75c0fb0f047,XFORM-BRDA-MGCP-ANI_css,Applied to site gateway configuration in CUCM,,XFORM-BRDA-MGCP-ANI_par,f,2,99
43231d63-103f-97c8-3aaa-9faaea550aae,XFORM-EVAA-MGCP-DNIS_css,Applied to site gateway configuration in CUCM,,XFORM-EVAA-DNIS_par,f,2,99
79ae6466-c81e-8689-6afc-f1b92a08a5a2,XFORM-DROA-MGCP-DNIS_css,Applied to site gateway configuration in CUCM,,XFORM-DROA-MGCP-DNIS_par,f,2,99
5947976b-e977-c518-1145-14cc6e8aac55,XFORM-GRRR-MGCP-DNIS_css,GRRR Applied to site gateway configuration in CUCM,,XFORM-GRRR-MGCP-DNIS_par,f,2,99
f2656333-2e30-6300-38a0-58a120a7b8cd,FXE-FIELD-A-VISA-APP_css,VISA CSS Applied to the phone lines and Gateway,,BLOCKED-GENERAL_par:FXE-FIELD-A-VISA-APP_par:FXE-FIELD-A-INTERNAL_par,f,2,99
91dfee53-7aa5-22d5-6dc4-f3831645a90f,ORDR_internal_css,Internal for ORDR,,ORDR_Internal_par,f,2,99
b1c8e5a9-bee6-d158-9464-d96c56958031,HSVRT_911_css,911 for HSVRT,,HSVRT_911_par,f,2,99
403ef76d-aa92-c444-f26e-698832895d6f,DFWVK_CngPTP-xform-GW-OUT_css,DFWV Transforms numbers as they leave the local GW,,DFWVK_CngPTP-xform-GW-OUT_par,f,2,99
0e0341d8-1871-adaa-fba5-83f880370169,WTCA_internal_css,Internal for WTCA,,WTCA_Internal_par,f,2,99
a39c137e-d34a-6c5a-a055-0e05ce4f076e,FXE-FIELD-A-SWFR-APP_css,FXE-FIELD-A-SWFR-APP_css,,BLOCKED-GENERAL_par:FXE-FIELD-A-SWFR-APP_par:FXE-FIELD-A-INTERNAL_par,f,2,99
e01790b9-be9c-f1a1-3be9-301c6184476e,XFORM-HGRA-MGCP-DNIS_css,Applied to site gateway configuration in CUCM,,XFORM-HGRA-MGCP-DNIS_par,f,2,99
448148b1-dc1e-b7bf-1559-60f50dca87a5,EWRVK_CngPTP-xform-GW-IN_css,EWRVK Transform Incoming GW CLID,,EWRVK_CngPTP-Xform-GW-IN_par,f,2,99
93bc455b-b7b0-6bc8-591d-98618f93294f,XFORM-CDCA-MGCP-DNIS-OUT__css,,,XFORM-CDCA-MGCP-DNIS_par,f,2,99
4ed36dd6-8fe7-0e6a-41b1-6183df7015f1,STLRT-Internal_css,STLRT Internal Calls,,STLRT_Internal_par,f,2,99
58c33d50-4de6-ccf4-ee23-77c292e1dd82,XFORM-MFDA-MGCP-DNIS_css,Applied to site gateway configuration in CUCM,,XFORM-MFDA-MGCP-DNIS_par,f,2,99
c4eac303-2767-4fbf-6a5f-71c5d8f9f4f8,XFORM-ABRA-MGCP-DNIS_css,Applied to site gateway configuration in CUCM,,XFORM-ABRA-MGCP-DNIS_par,f,2,99
3210f3d0-8741-9671-2716-1984a64e7704,FXE-FIELD-A-GSPA-APP_css,GSPA CSS to be Placed on the Lines at the Site,,BLOCKED-GENERAL_par:FXE-FIELD-A-GSPA-APP_par:FXE-FIELD-A-INTERNAL_par,f,2,99
35b03f0c-9b7e-64ed-feaa-23c5eac00171,FXE-FIELD-TWFA_CngPTP-xform-GW-IN_css,FXE-TWFA Transform Incoming GW CLID,,FXE-FIELD-TWFA_CngPTP-Xform-GW-IN_par,f,2,99
c92f464e-ca48-5bff-47fc-fa333fcd47f3,NXXA_CngPTP-xform-OUT_css,NXXA Transforms numbers as they leave the local GW,,NXXA_CngPTP-xform-OUT_par,f,2,99
bc07b692-06d0-ef29-ed97-04b3227c9297,XFORM-EATA-MGCP-DNIS_css,EATA Applied to site gateway configuration in CUCM,,XFORM-EATA-MGCP-DNIS_par,f,2,99
3e91b7e0-1076-5913-c348-65c5d165738f,XFORM-LCIA-ANI-OUT-css,Applied to site gateway configuration in CUCM,,XFORM-LCIA-MGCP-ANI_par,f,2,99
8fe46f94-9121-937f-e50a-9e6cb06eac93,XFORM-AUGA-DNIS-OUT-css,Applied to site gateway configuration in CUCM,,XFORM-AUGA-MGCP-DNIS_par,f,2,99
1c63dcce-4392-3a4c-a05a-09404e3aead4,LAXH-Internal_css,LAXH Internal Calls,,LAXH_Internal_par,f,2,99
64e47a7d-9789-6447-d34e-783f940b6487,FXE-FIELD-A-COEA-APP_css,COEA CSS to be Placed on the Lines at the Site,,BLOCKED-GENERAL_par:FXE-FIELD-A-COEA-APP_par:FXE-FIELD-A-INTERNAL_par,f,2,99
3b4ad2c8-d14c-5b35-fd1f-b8ce8408f3c7,FXE-FIELD-A-LHUA-APP-css,LHUA CSS to be Placed on the Lines at the Site,,BLOCKED-GENERAL_par:FXE-FIELD-A-LHUA-APP-par:FXE-FIELD-A-INTERNAL_par,f,2,99
6cf16342-58c1-2c18-56bf-f25f5a2b19df,XFORM-ALBA-MGCP-DNIS_css,Applied to site gateway configuration in CUCM,,XFORM-ALBA-MGCP-DNIS_par,f,2,99
fef5aad3-4efc-d97c-f5f4-d575fbe1fab8,XFORM-FLLRT-MGCP-DNIS_css,Applied to site gateway configuration in CUCM,,XFORM-FLLRT-MGCP-DNIS_par,f,2,99
75dae8cc-e0b3-e389-6ff1-0ef34035fe26,BHMR-911_css,911 for BHMR,,NA-911_par,f,2,99
40521c6e-6a29-d3b3-a135-4dc1bdc0941c,DCLEG_CngPTP-xform-IN_css,DCLEG Transform Incoming CLID,,DCLEG_CngPTP-Xform-IN_par,f,2,99
333ddaa1-a326-341c-2d18-8e4910019c2d,FXE-FIELD-A-JFKR-APP_css,CSS Applied to the phone lines and Gateway,,FXE-FIELD-A-JFKR-APP_par:FXE-FIELD-A-INTERNAL_par:BLOCKED-GENERAL_par,f,2,99
79c5c969-4277-49fe-1e50-a9007acd044e,BEDWK_PSTN_css,"""Internal, external for BEDWK""",,BEDWK_internal_par:BEDWK_PSTN_par,f,2,99
8a5b2702-0b38-11cb-9e13-75d06ae56027,XFORM-ACYA-ANI-OUT-css,Applied to site gateway configuration in CUCM,,XFORM-ACYA-ANI-OUT_par,f,2,99
e7c20a85-adb2-dd41-c63d-6300ba3b6ae3,FXE-FIELD-A-LWSA-APP_css,LWSA CSS Applied to the phone lines and Gateway,,BLOCKED-GENERAL_par:FXE-FIELD-A-LWSA-APP_par:FXE-FIELD-A-INTERNAL_par,f,2,99
632c5eea-9080-23a1-6190-3d62a7ae8a08,FXE-FIELD-A-AVPA-APP_css,AVPA CSS Applied to the phone lines and Gateway,,BLOCKED-GENERAL_par:FXE-FIELD-A-AVPA-APP_par:FXE-FIELD-A-INTERNAL_par,f,2,99
1f049e20-a728-18bf-b51e-68541a858e74,XFORM-CLEB-MGCP-ANI_css,Applied to site gateway configuration in CUCM,,XFORM-CLEB-MGCP-ANI_par,f,2,99
168a2741-ed59-70d3-1200-79ca417d0d8b,EWRRT_CngPTP-xform-GW-IN_css,EWRRT Transform Incoming GW CLID,,EWRRT_CngPTP-Xform-GW-IN_paR,f,2,99
a5f4f1a0-d84d-561e-3471-90331acf1a3c,XFORM-ABQR-MGCP-ANI_css,Applied to site gateway configuration in CUCM,,XFORM-ABQR-MGCP-ANI_par,f,2,99
b1dc697b-2b8a-1ae5-0b0a-222e69b8ffcc,FXE-FIELD-A-ORDRT-APP_css,ORDRT CSS to be Placed on the Lines at the Site,,FXE-FIELD-A-ORDRT-APP_par:FXE-FIELD-A-INTERNAL_par:BLOCKED-GENERAL_par:CO-LO-E911-EGW_par,f,2,99
43401184-f654-c93d-3d42-cb73683a1a7c,XFORM-MTCA-MGCP-DNIS_css,Applied to site gateway configuration in CUCM,,XFORM-MTCA-MGCP-DNIS_par,f,2,99
3ec90eb7-36ec-ae71-ef42-47733445cd15,FXE-FIELD-A-MRYA-APP_css,MRYA CSS to be Placed on the Lines at the Site,,BLOCKED-GENERAL_par:FXE-FIELD-A-MRYA-APP_par:FXE-FIELD-A-INTERNAL_par,f,2,99
215cb14f-00a3-c9df-4f43-10e68297eb44,FXE-FIELD-A-NMZA-APP_css,NMZA CSS to be Placed on the Lines at the Site,,BLOCKED-GENERAL_par:FXE-FIELD-A-NMZA-APP_par:FXE-FIELD-A-INTERNAL_par,f,2,99
d7961da3-0e95-db38-6e60-3baa1d3c685d,FXE-FIELD-A-IXDA-APP_css,IXDA CSS to be Placed on the Lines at the Site,,BLOCKED-GENERAL_par:FXE-FIELD-A-IXDA-APP_par:FXE-FIELD-A-INTERNAL_par,f,2,99
82f35f36-bbd3-ac37-9799-0642a8c4435d,FXE-FIELD-A-PRIA-APP_css,PRIA CSS to be Placed on the Lines at the Site,,BLOCKED-GENERAL_par:FXE-FIELD-A-PRIA-APP_par:FXE-FIELD-A-INTERNAL_par,f,2,99
c8458233-152c-0e7d-4a20-c37441bf7efe,FXE-FIELD-A-OXRA-APP_css,OXRA CSS Applied to the phone lines and Gateway,,BLOCKED-GENERAL_par:FXE-FIELD-A-OXRA-APP_par:FXE-FIELD-A-INTERNAL_par,f,2,99
b891f118-5d9f-baba-7500-d3b43a297646,FXE-FIELD-A-SYRR2-APP_css,SYRR2 CSS to be Placed on the Lines at the Site,,BLOCKED-GENERAL_par:FXE-FIELD-A-SYRR2-APP-par:FXE-FIELD-A-INTERNAL_par,f,2,99
0ec9d383-884e-1cb4-5893-4ccb47cbcdec,FXE-BFIWK_CngPTP-xform-IN_css,BFIWK Transform Incoming CLID,,FXE-BFIWK_CngPTP-Xform-IN_par,f,2,99
b1d2f4ec-7d6e-1163-0676-72ebb2e7877d,FXE-FIELD-A-CLEDD-APP-css,CLEDD CSS to be Placed on the Lines at the Site,,BLOCKED-GENERAL_par:FXE-FIELD-A-CLEDD-APP-par,f,2,99
af434a7e-e2a4-6483-2e5a-131b0fa790e5,FXE-BFIWK-911_css,911 for BFIWK,,NA-911_par,f,2,99
185b9f2c-78bd-8187-d123-80854931ca47,FXE-FIELD-A-ATLR-APP_css,ATLR CSS Applied to the phone lines and Gateway,,BLOCKED-GENERAL_par:FXE-FIELD-A-ATLR-APP_par:FXE-FIELD-A-INTERNAL_par,f,2,99
5a4d9df4-4632-1451-abf2-c23b404d0a5d,BLOCKED-LOCAL-css,Allows for 911 and enterprise dn calling only,,BLOCKED-GENERAL_par:BLOCKED-SERVICES_par:BLOCKED-LOCAL_par:BLOCKED-LD_par:BLOCKED-INTL_par,f,2,99
f74e5046-28d4-a6e6-67a5-9be4cb43083e,FXE-FIELD-A-BIHA-APP_css,BIHA CSS to be Placed on the Lines at the Site,,BLOCKED-GENERAL_par:FXE-FIELD-A-BIHA-APP_par:FXE-FIELD-A-INTERNAL_par,f,2,99
c3e591e6-3307-4552-b81f-4f27db1b2e5b,FXE-FIELD-A-BVYA-APP_css,BVYA CSS to be Placed on the Lines at the Site,,BLOCKED-GENERAL_par:FXE-FIELD-A-BVYA-APP_par:FXE-FIELD-A-INTERNAL_par,f,2,99
c218358e-ea26-e71c-bfc2-00ce62b659eb,XFORM-VPSA-MGCP-DNIS_css,Applied to site gateway configuration in CUCM,,XFORM-VPSA-MGCP-DNIS_par,f,2,99
9df95135-2511-3c1a-7729-0ee8acb2702b,FXE-FIELD-A-BURA-APP_css,BURA CSS to be Placed on the Lines at the Site,,BLOCKED-GENERAL_par:FXE-FIELD-A-INTERNAL_par:FXE-Field-A-BURA-APP_par,f,2,99
140ef46d-5c75-db8c-6514-812586f0a7b0,FXE-SFOR_LD_css,FXE-SFOR internal and local and LD calls,,FXE-SFOR_internal_par:NA-Local_par:NA-LD_par,f,2,99
68e7628e-1a46-e29e-56d8-4ec1ebedc13e,FXE-FIELD-A-DROA-APP_css,DROA CSS Applied to the phone lines and Gateway,,BLOCKED-GENERAL_par:FXE-FIELD-A-DROA-APP_par:FXE-FIELD-A-INTERNAL_par,f,2,99
049d48e9-b189-4930-dd6e-02c12fa105c3,FXE-FIELD-A-PBIA-APP_css,PBIA CSS to be Placed on the Lines at the Site,,BLOCKED-GENERAL_par:FXE-FIELD-A-PBIA-APP_par:FXE-FIELD-A-INTERNAL_par,f,2,99
cec745cc-748d-cdf1-bc22-7456894466bd,FXE-HTSR_CngPTP-xform-GW-OUT_css,HTSR Transforms numbers as they leave the local GW,,FXE-HTSR_CngPTP-xform-GW-OUT_par,f,2,99
d7a07384-af3c-ee23-f2a0-fc4972ca028b,FXE-FIELD-A-DIKA-APP_css,DIKA CSS Applied to the phone lines and Gateway,,BLOCKED-GENERAL_par:FXE-FIELD-A-DIKA-APP_par:FXE-FIELD-A-INTERNAL_par,f,2,99
7f44fdea-30a1-7650-0826-82661ff12fa0,BHMR_CngPTP-xform-IN_css,BHMR Transform Incoming CLID,,BHMR_CngPTP-Xform-IN_par,f,2,99
e1ade898-9944-cb24-20b3-7abd48c6d5c6,XFORM-TLHA-MGCP-DNIS_css,Applied to site gateway configuration in CUCM,,,f,2,99
6b845f56-9297-f2ab-5880-412b79f4c59d,FXE-FIELD-A-IPTA-APP_css,IPTA CSS Applied to the phone lines and Gateway,,BLOCKED-GENERAL_par:FXE-FIELD-A-IPTA-APP_par:FXE-FIELD-A-INTERNAL_par,f,2,99
e03a16dc-7dbf-e849-5dc4-53deee4ff31b,MRIA_internal_css,Internal for MRIA,,FXE-FIELD-A-MRIA-APP_par,f,2,99
c9d7923f-adf8-b7da-befa-47dff46b134d,XFORM-SHVR-MGCP-DNIS_css,Applied to site gateway configuration in CUCM,,XFORM-SHVR-MGCP-DNIS_par,f,2,99
d3f54add-6cc3-1c4a-e7fc-1e9d82258ba0,XFORM-INTA-MGCP-DNIS_css,Applied to site gateway configuration in CUCM,,XFORM-INTA-MGCP-DNIS_par,f,2,99
010a48d2-02ca-d6ea-d17a-756c5bf81f1b,FXE-DENA_CngPTP-xform-IN_css,FXE-DENA Transform Incoming CLID,,FXE-DENA_CngPTP-Xform-IN_par,f,2,99
5fd5d851-b57d-3c03-de23-88f9e18f02ed,XFORM-MLBA-MGCP-ANI_css,Applied to site gateway configuration in CUCM,,XFORM-MLBA-MGCP-ANI_par,f,2,99
0bdce298-94c1-35e9-6ab3-718fe68f0c46,XFORM-ANI-ICT-CORP-A-css,,,XFORM-ANI-ICT-CORP-A-par,f,2,99
8a35844e-07f5-380b-3f5a-1bdc279e0c7e,EWRRT-Internal_css,EWRRT Internal Calls,,EWRRT_Internal_par,f,2,99
701c8afe-24ec-9780-66ce-a7f94c57158a,LAXH_CngPTP-xform-IN_css,LAXH Transform Incoming CLID,,LAXH_CngPTP-Xform-IN_par,f,2,99
2f595c20-ad86-c85b-32ed-9f79c3c1dadb,XFORM-MTOA-MGCP-DNIS_css,Applied to site gateway configuration in CUCM,,XFORM-MTOA-MGCP-DNIS_par,f,2,99
e94d7135-d541-b108-dc7b-ffda1be83859,XFORM-FSMA-MGCP-ANI_css,Applied to site gateway configuration in CUCM,,XFORM-FSMA-MGCP-ANI_par,f,2,99
cff2611c-6db3-45b2-72b4-7fb5fe1b423f,XFORM-DMOA-MGCP-ANI_css,Applied to site gateway configuration in CUCM,,XFORM-DMOA-MGCP-ANI_par,f,2,99
eb2d22cf-257d-9386-748c-ffd1a6b8ba56,FXE-FIELD-A-CXOA-APP_css,CXOA CSS to be Placed on the Lines at the Site,,BLOCKED-GENERAL_par:FXE-FIELD-A-CXOA-APP_par:FXE-FIELD-A-INTERNAL_par,f,2,99
38a2f55c-1fea-4cfc-f6cb-bfed6818a20d,FXE-FIELD-A-LANA-APP_css,LANA CSS to be Placed on the Lines at the Site,,BLOCKED-GENERAL_par:FXE-FIELD-A-LANA-APP_par:FXE-FIELD-A-INTERNAL_par,f,2,99
97b4b4b0-a638-f81b-bee6-c802b35baa3c,FXE-FIELD-A-FRGA-APP_css,FRGA CSS to be Placed on the Lines at the Site,,BLOCKED-GENERAL_par:FXE-FIELD-A-FRGA-APP_par:FXE-FIELD-A-INTERNAL_par,f,2,99
e35bafea-b8d4-ecf3-9b4d-874707b6dbee,FXE-FIELD-A-COSR-APP_css,COSR CSS to be Placed on the Lines at the Site,,BLOCKED-GENERAL_par:FXE-FIELD-A-COSR-APP_par:FXE-FIELD-A-INTERNAL_par,f,2,99
ff39817c-6dc2-34f4-4041-3f24ce3dc1a5,XFORM-MRYA-MGCP-DNIS_css,Applied to site gateway configuration in CUCM,,XFORM-MRYA-MGCP-DNIS_par,f,2,99
1bcf897b-c817-2388-8a56-be4871c9d32b,XFORM-GCYA-MGCP-DNIS_css,Applied to site gateway configuration in CUCM,,XFORM-GCYA-MGCP-DNIS_par,f,2,99
81adf9b7-f83c-f336-3dfd-0995958ab3e8,FXE-FIELD-A-PGVA-APP_css,PGVA CSS Applied to the phone lines and Gateway,,BLOCKED-GENERAL_par:FXE-FIELD-A-PGVA-APP_par:FXE-FIELD-A-INTERNAL_par,f,2,99
39661d71-8e0a-4ebe-04f8-4cf85a44832b,STLRT_CngPTP-xform-GW-IN_css,STLRT Transform Incoming GW CLID,,STLRT_CngPTP-Xform-GW-IN_par,f,2,99
f217f7a8-8438-1d98-c616-22d7a4bdc2ee,XFORM-SATS-MGCP-DNIS_css,Applied to site gateway configuration in CUCM,,XFORM-SATS-MGCP-DNIS_par,f,2,99
cb9897df-9688-bac6-0375-0427f2bd2b05,FXE-FIELD-A-GRRA-APP_css,GRRA CSS to be Placed on the Lines at the Site,,BLOCKED-GENERAL_par:FXE-FIELD-A-GRRA-APP_par:FXE-FIELD-A-INTERNAL_par,f,2,99
7599ae98-1ebf-4433-8a34-6a7f862591d0,FXE-MSYWK_CngPTP-xform-GW-IN_css,FXE-MSYWK Transform Incoming GW CLID,,FXE-MSYWK_CngPTP-Xform-GW-IN_par,f,2,99
348d1ec0-de10-7024-5387-fcf6db70e501,FXE-FIELD-A-UIZA-APP_css,UIZA CSS to be Placed on the Lines at the Site,,BLOCKED-GENERAL_par:FXE-FIELD-A-UIZA-APP_par:FXE-FIELD-A-INTERNAL_par,f,2,99
d8f3d3e8-6abb-6c23-d1b8-0637597f46da,FXE-FIELD-A-ACTA-APP-css,ACTA CSS to be Placed on the Lines at the Site,,BLOCKED-GENERAL_par:FXE-FIELD-A-ACTA-APP-par:FXE-FIELD-A-INTERNAL_par,f,2,99
2db46922-6b51-bd25-ff40-ef4ea63241c3,XFORM-HBGA-MGCP-ANI_css,Applied to site gateway configuration in CUCM,,XFORM-HBGA-MGCP-ANI_par,f,2,99
7aeeaad0-2655-8715-73ca-4ac521db9f41,XFORM-ANDA-MGCP-DNIS_css,Applied to site gateway configuration in CUCM,,XFORM-ANDA-MGCP-DNIS_par,f,2,99
d33d7a36-7e0a-8393-f42b-bedec2d9d1cf,GAO-icm-EoD_css,Intercom CSS for End of Dila Timer fix,,GAO-icm_par,f,2,99
4b877fe9-ce45-9dd4-55e4-508392fa9676,XFORM-BUFA-MGCP-ANI_css,Applied to site gateway configuration in CUCM,,XFORM-BUFA-MGCP-ANI_par,f,2,99
6c3707c5-3ccf-70b4-000f-cf0b869a0dca,FXE-FIELD-A-PBIR-APP_css,PBIR CSS Applied to the phone lines and Gateway,,BLOCKED-GENERAL_par:FXE-FIELD-A-PBIR-APP_par:FXE-FIELD-A-INTERNAL_par,f,2,99
6f03cbba-5b18-f564-0b46-b99dc72376b1,FXE-FIELD-A-DHNA-APP_css,DHNA CSS Applied to the phone lines and Gateway,,BLOCKED-GENERAL_par:FXE-FIELD-A-DHNA-APP_par:FXE-FIELD-A-INTERNAL_par,f,2,99
3be010c8-c9fc-3933-c72b-e585af34db73,XFORM-OAKRT-MGCP-DNIS_css,Applied to site gateway configuration in CUCM,,XFORM-OAKRT-MGCP-DNIS_par,f,2,99
1a453b99-1ffd-6871-cf67-fce25d079a0a,FXE-FIELD-A-SLEA-APP_css,SLEA CSS Applied to the phone lines and Gateway,,BLOCKED-GENERAL_par:FXE-FIELD-A-SLEA-APP_par:FXE-FIELD-A-INTERNAL_par,f,2,99
808bee68-a2a1-9b7c-9a0c-3d3d6e4befca,FXE-FIELD-A-CCRWK-APP_css,CCRWK CSS to be Placed on the Lines at the Site,,BLOCKED-GENERAL_par:FXE-FIELD-A-CCRWK-APP_par:FXE-FIELD-A-INTERNAL_par,f,2,99
b91deb01-ce76-6f66-0464-281dee35466d,XFORM-DNIS-ICT-CORP-A-css,,,XFORM-DNIS-ICT-CORP-A-par,f,2,99
c435a3af-02b5-acc0-7253-897c4ca09a01,FXE-FIELD-A-RHVA-APP_css,RHVA CSS to be Placed on the Lines at the Site,,BLOCKED-GENERAL_par:FXE-FIELD-A-RHVA-APP_par:FXE-FIELD-A-INTERNAL_par,f,2,99
66a100f9-cab3-54d2-e76c-c0c7a8443ebc,FXE-FIELD-A-DXRA-APP-css,DXRA CSS to be Placed on the Lines at the Site,,BLOCKED-GENERAL_par:FXE-FIELD-A-DXRA-APP-par:FXE-FIELD-A-INTERNAL_par,f,2,99
afec6145-00e6-1d36-0918-ffd5ff3b9c5b,XFORM-ITHA-MGCP-DNIS_css,Applied to site gateway configuration in CUCM,,XFORM-ITHA-MGCP-DNIS_par,f,2,99
4f8c7505-e058-28e1-db18-373f545e3bab,FXE-FIELD-A-BOFA-APP_css,BOFA CSS Applied to the phone lines and Gateway,,BLOCKED-GENERAL_par:FXE-FIELD-A-BOFA-APP_par:FXE-FIELD-A-INTERNAL_par,f,2,99
2a7ff820-598f-0a8c-5811-8b704716e832,FXE-SGUA_LD_css,SGUA LD css,,FXE-SGUA_internal_par:NA-Local_par:NA-LD_par,f,2,99
8f4e644e-f717-4c38-50a0-f884ca4c83d5,XFORM-CMIA-MGCP-DNIS_css,Applied to site gateway configuration in CUCM,,XFORM-CMIA-MGCP-DNIS_par,f,2,99
a6804735-756c-092c-f74b-7e260a98cab7,XFORM-LALA-MGCP-DNIS_css,LALA Applied to site gateway configuration in CUCM,,XFORM-LALA-MGCP-DNIS_par,f,2,99
92792e76-1271-9edb-2747-8b09c24571b2,FXE-FIELD-A-ROCA-GW-css,ROCA CSS to be Placed on the Gateways at the Site,,FXE-FIELD-A-INTERNAL_par,f,2,99
290c5ba4-4f45-2ad5-26d6-9bed0762c244,FXE-FIELD-A-BEDA-APP_css,BEDA CSS to be Placed on the Lines at the Site,,BLOCKED-GENERAL_par:FXE-FIELD-A-BEDA-APP_par:FXE-FIELD-A-INTERNAL_par,f,2,99
9c3788ff-a465-81e5-510c-bef4103035f4,XFORM-DROA-MGCP-ANI_css,Applied to site gateway configuration in CUCM,,XFORM-DROA-MGCP-ANI_par,f,2,99
ddb7fc3c-17a9-c5bd-90eb-38e9694604a0,XFORM-CLWA-MGCP-DNIS_css,CLWA Applied to site gateway configuration in CUCM,,XFORM-CLWA-MGCP-DNIS_par,f,2,99
d023c112-04d6-8bbb-ccfb-a5033f9ba6ff,FXE-FIELD-A-APNA-APP_css,APNA CSS Applied to the phone lines and Gateway,,BLOCKED-GENERAL_par:FXE-FIELD-A-APNA-APP_par:FXE-FIELD-A-INTERNAL_par,f,2,99
8ef72965-3b41-f251-441a-15cc9a8fc770,XFORM-VGTA-MGCP-DNIS_css,VGTA Applied to site gateway configuration in CUCM,,XFORM-VGTA-MGCP-DNIS-par,f,2,99
f618dffa-4138-8c91-2e74-3ab8a7161464,XFORM-BGMA-MGCP-DNIS_css,Applied to site gateway configuration in CUCM,,XFORM-BGMA-MGCP-DNIS_par,f,2,99
d5460c09-744b-2dba-81b8-530d57dd4b69,FXE-FIELD-A-BFLA1-APP_css,BFLA1 CSS to be Placed on the Lines at the Site,,BLOCKED-GENERAL_par:FXE-FIELD-A-BFLA1-APP_par:FXE-FIELD-A-INTERNAL_par,f,2,99
316ac46f-7288-76e1-f946-40109157cd78,FXE-MOTA_Local_css,MOTA Local css,,FXE-MOTA_internal_par:NA-Local_par,f,2,99
8744be5f-32c7-a734-dd0e-c07884e38248,FXE-FIELD-A-IKBA-APP_css,IKBA CSS Applied to the phone lines and Gateway,,BLOCKED-GENERAL_par:FXE-FIELD-A-IKBA-APP_par:FXE-FIELD-A-INTERNAL_par,f,2,99
00138b61-fcd1-57ab-fb1e-33c3942517de,XFORM-JEFA-MGCP-ANI_css,Applied to site gateway configuration in CUCM,,XFORM-JEFA-MGCP-ANI_par,f,2,99
5b7ed243-da2b-25d5-4652-3348e2f9b838,XFORM-LYHA-MGCP-ANI_css,LYHA Applied to site gateway configuration in CUCM,,XFORM-LYHA -MGCP-ANI_par,f,2,99
e6dbc59a-0e36-2fbc-5fcc-49a3d12d5cab,FXE-FIELD-A-WMHA-APP_css,WMHA CSS to be Placed on the Lines at the Site,,BLOCKED-GENERAL_par:FXE-FIELD-A-WMHA-APP_par:FXE-FIELD-A-INTERNAL_par,f,2,99
d6381022-5e19-09f9-be64-bf6a3e71ae81,FXE-DALA-911_css,911 for DALA,,NA-911_par,f,2,99
aeed68ae-65b3-cc99-477b-f898873f8338,FXE-FIELD-A-FMYA-APP_css,FMYA CSS to be Placed on the Lines at the Site,,BLOCKED-GENERAL_par:FXE-FIELD-A-FMYA-APP_par:FXE-FIELD-A-INTERNAL_par,f,2,99
4d43f5cf-8a12-78af-ad45-25ce5b91ac88,FXE-FIELD-A-SYVA-APP_css,SYVA CSS Applied to the phone lines and Gateway,,BLOCKED-GENERAL_par:FXE-FIELD-A-SYVA-APP_par:FXE-FIELD-A-INTERNAL_par,f,2,99
d1e06b56-ec7c-0cf0-9088-f0ff35bb4edf,FXE-FIELD-A-JSAT-APP_css,JSTA CSS Applied to the phone lines and Gateway,,BLOCKED-GENERAL_par:FXE-FIELD-A-JSTA-APP_par:FXE-FIELD-A-INTERNAL_par,f,2,99
8963ca19-f3c4-2b47-ecff-d2876807cb05,XFORM-MLBA-MGCP-DNIS_css,Applied to site gateway configuration in CUCM,,XFORM-MLBA-MGCP-DNIS_par,f,2,99
a9bad233-9b12-fa51-f701-c2378769b9e6,FXE-FIELD-A-CDWA-APP_css,CDWA CSS to be Placed on the Lines at the Site,,BLOCKED-GENERAL_par:FXE-FIELD-A-CDWA-APP_par:FXE-FIELD-A-INTERNAL_par,f,2,99
81ba4902-9ca1-7aa7-296d-bc4cdce91710,XFORM-TOCA-MGCP-DNIS_css,Applied to site gateway configuration in CUCM,,XFORM-TOCA-MGCP-DNIS_par,f,2,99
b76800ee-8816-4f38-214e-e176734f8a1b,XFORM-CECA-MGCP-ANI_css,CECA Applied to site gateway configuration in CUCM,,XFORM-CECA-MGCP-ANI_par,f,2,99
de3f34cd-a21c-20a9-d135-6cdc8cb4492d,FXE-FIELD-A-TYRA-APP_css,TYRA CSS to be Placed on the Lines at the Site,,BLOCKED-GENERAL_par:FXE-FIELD-A-TYRA-APP_par:FXE-FIELD-A-INTERNAL_par,f,2,99
3ec7a62f-1e31-0515-a1d1-aba23b8c9bdb,XFORM-MKER-MGCP-DNIS_css,Applied to site gateway configuration in CUCM,,XFORM-MKER-MGCP-DNIS_par,f,2,99
0d91e8aa-129c-74f8-0b2b-22580fb10929,FXE-FIELD-A-SJCRT-APP_css,SJCRT CSS Applied to the phone lines and Gateway,,BLOCKED-GENERAL_par:FXE-FIELD-A-SJCRT-APP_par:FXE-FIELD-A-INTERNAL_par,f,2,99
d0182000-8cdc-426a-1243-cabd925ad08b,FXE-FIELD-A-ESCA-APP_css,ESCA CSS to be Placed on the Lines at the Site,,BLOCKED-GENERAL_par:FXE-FIELD-A-ESCA-APP_par:FXE-FIELD-A-INTERNAL_par,f,2,99
4dcb1f5e-9d76-81b4-935c-ace9999c85c6,XFORM-AUGA-ANI-OUT-css,Applied to site gateway configuration in CUCM,,XFORM-AUGA-MGCP-ANI_par,f,2,99
bde100b0-93dc-8ee6-833a-aa7dad44707d,SHVR_PSTN_css,"""Internal, External for SHVR""",,SHVR_Internal_par:SHVR_PSTN_par,f,2,99
c2dde6ec-5cee-ffad-43c1-e3d4d1a83457,FXE-PIRA_CngPTP-xform-IN_css,FXE-PIRA Transform Incoming CLID,,FXE-PIRA_CngPTP-Xform-IN_par,f,2,99
3fb42f2d-8a1c-d112-f7d3-706a02e3ff2f,FXE-FIELD-A-DCAA-APP_css,DCAA CSS to be Placed on the Lines at the Site,,BLOCKED-GENERAL_par:FXE-FIELD-A-DCAA-APP_par:FXE-FIELD-A-INTERNAL_par,f,2,99
4c6d14a2-32e0-d493-5850-fa11f1a7bea5,FXE-FIELD-A-CLTR-APP_css,CLTR CSS to be Placed on the Lines at the Site,,BLOCKED-GENERAL_par:FXE-FIELD-A-CLTR-APP_par:FXE-FIELD-A-INTERNAL_par,f,2,99
0e583cf2-4238-29cd-c4d0-1fe48d44b2b6,XFORM-AHNA-MGCP-ANI_css,Applied to site gateway configuration in CUCM,,XFORM-AHNA-MGCP-ANI_par,f,2,99
91eea5cb-e701-5fee-7e91-3d1221bdc06c,DTWR_CngPTP-xform-GW-IN_css,DTWR Transform Incoming GW CLID,,DTWR_CngPTP-Xform-GW-IN_par,f,2,99
17299bdc-c14e-402f-a77f-72b7b8fb7334,FXE-FIELD-A-GTFR-APP_css,GTFR CSS to be Placed on the Lines at the Site,,BLOCKED-GENERAL_par:FXE-FIELD-A-GTFR-APP_par:FXE-FIELD-A-INTERNAL_par,f,2,99
7db2f2b0-ed65-98fd-c1d1-4dd294b8f5d9,FXE-FIELD-A-SFMA-APP-css,SFMA CSS to be Placed on the Lines at the Site,,FXE-FIELD-A-SFMA-APP_par:FXE-FIELD-A-INTERNAL_par:BLOCKED-GENERAL_par,f,2,99
a60a2024-d384-06e1-be40-98aea3271f1b,FXE-FIELD-A-UINA-APP_css,UINA CSS Applied to the phone lines and Gateway,,BLOCKED-GENERAL_par:FXE-FIELD-A-UINA-APP_par:FXE-FIELD-A-INTERNAL_par,f,2,99
2e176151-661f-45d7-8968-cc9585d3cacd,FXE-FIELD-A-SWFA-APP_css,SWFA CSS to be Placed on the Lines at the Site,,BLOCKED-GENERAL_par:FXE-FIELD-A-SWFA-APP_par:FXE-FIELD-A-INTERNAL_par,f,2,99
7712a362-a655-352d-e775-36f7f25c1998,MPZA-Internal_css,MPZA Internal Calls,,MPZA_Internal_par,f,2,99
58baa4da-981a-ffc4-63f0-42b5baa9515b,XFORM-JSTA-MGCP-ANI_css,JSTA Applied to site gateway configuration in CUCM,,XFORM-JSTA-MGCP-ANI_par,f,2,99
2268af2c-8ab4-2996-a383-ee699704bcef,XFORM-RIVA-MGCP-DNIS_css,Applied to site gateway configuration in CUCM,,FXE-FIELD-A-RIVA-APP_par,f,2,99
18aec568-c9b9-f202-252a-7da932930aa2,XFORM-HIBA-MGCP-ANI_css,Applied to site gateway configuration in CUCM,,XFORM-HIBA-MGCP-ANI_par,f,2,99
6c308963-5123-5a62-2447-7f09f24789e0,FXE-PIRA_UR_css,"""FXE-PIRA internal, local, LD, international""",,FXE-PIRA_internal_par:NA-Local_par:NA-LD_par:NA-International_par:FXE-PIRA_911_par:FXE-PIRA_PSTN_par,f,2,99
ae03409c-06e7-771b-131e-262e6c13fa1a,XFORM-MGEA-MGCP-DNIS-css,,,XFORM-MGEA-MGCP-DNIS-par,f,2,99
7934d5c7-9711-d90b-c201-bd80c4877fd4,FXS-FIELD-A-SME-LOCAL-css,,,SME-par:MGCP-SITE-par,f,2,99
24ffd4b8-2537-d069-98cc-725514eb8439,XFORM-ABEA-MGCP-DNIS_css,Applied to site gateway configuration in CUCM,,XFORM-ABEA-MGCP-DNIS_par,f,2,99
535dc819-3dbc-6099-6cf5-7181835fe78c,XFORM-RKWA-MGCP-ANI-OUT-css,Localize Egress PSTN ANI to match telco Req,,XFORM-RKWA-ANI-OUT-par,f,2,99
b9c8bd78-9b96-e29a-85df-da69b28a3795,FXE-FIELD-A-PAEA-APP_css,PAEA CSS Applied to the phone lines and Gateway,,BLOCKED-GENERAL_par:FXE-FIELD-A-PAEA-APP_par:FXE-FIELD-A-INTERNAL_par,f,2,99
03068ef1-75c5-043b-41fc-04fb78a8d8b6,EWRRT_CngPTP-xform-GW-OUT_css,EWRR Transforms numbers as they leave the local GW,,EWRRT_CngPTP-xform-GW-OUT_par,f,2,99
ed3639a6-69de-085a-e428-7a0283204082,FXE-FIELD-A-BMGA-APP_css,BMGA CSS to be Placed on the Lines at the Site,,BLOCKED-GENERAL_par:FXE-FIELD-A-BMGA-APP_par:FXE-FIELD-A-INTERNAL_par,f,2,99
f45daea7-78d9-2203-9806-134c49d6cb8d,FXG-FIELD-1638-APP-css,FXG-1638 CSS to be Placed on the Lines at the Site,,BLOCKED-GENERAL_par:FXG-FIELD-1638-APP-par:FXE-FIELD-A-INTERNAL_par,f,2,99
721478f2-18bd-988f-8989-9613bd1a46f0,FXE-FIELD-A-MEIA-APP_css,MEIA CSS Applied to the phone lines and Gateway,,BLOCKED-GENERAL_par:FXE-FIELD-A-MEIA-APP_par:FXE-FIELD-A-INTERNAL_par,f,2,99
32c1cbed-dd79-883f-1347-b61913fda642,JRAA-911_css,911 for JRAA,,NA-911_par,f,2,99
2ad5ffe2-7fe9-d058-4c5b-5df92fbe72c9,XFORM-DVTA-MGCP-DNIS_css,Applied to DVTA site gateway configuration in CUCM,,XFORM-DVTA-MGCP-DNIS_par,f,2,99
ff08d3e7-2f3a-9d46-54a4-c085b1abf0bb,XFORM-CICA-MGCP-DNIS_css,Applied to site gateway configuration in CUCM,,XFORM-CICA-MGCP-DNIS_par,f,2,99
c25ed480-b6ec-471e-14e6-9e3573b295c9,FXE-MCORT-Local_css,FXE-MCORT internal and local calls,,FXE-FIELD-A-MCORT-APP_par:NA-Local_par,f,2,99
654dec30-44d4-f05e-a962-343e0745693e,FXE-FIELD-A-FFTVM-APP_css,FFTVM CSS to be Placed on the Lines at the Site,,BLOCKED-GENERAL_par:FXE-FIELD-A-FFTVM-APP_par:FXE-FIELD-A-INTERNAL_par,f,2,99
2964d55e-493e-b729-e446-84493097eb9e,XFORM-AYEA-MGCP-DNIS_css,Applied to site gateway configuration in CUCM,,XFORM-AYEA-MGCP-DNIS_par,f,2,99
de70153c-fd57-b253-6d61-ec5d166d8749,XFORM-SDFA-MGCP-DNIS_css,Applied to site gateway configuration in CUCM,,XFORM-SDFA-MGCP-DNIS_par,f,2,99
cb39673f-4549-b81f-a331-9d1dc819c054,XFORM-COSR-MGCP-DNIS_css,Applied to site gateway configuration in CUCM,,XFORM-COSR-MGCP-DNIS_par,f,2,99
5edbe361-910c-a06e-f292-754fd69a9a17,XFORM-FATA-MGCP-DNIS_css,Applied to site gateway configuration in CUCM,,XFORM-FATA-MGCP-DNIS_par,f,2,99
1ad47147-7a68-ef4f-edda-ad0e43a88a3c,JDTA-LD_css,JDTA internal and local and LD calls,,JDTA_Internal_par:NA-Local_par:NA-LD_par,f,2,99
51236274-a752-c6b3-5081-ad8387bcca01,FXE-FIELD-SMFWK_CngPTP-xform-GW-OUT_css,SMFWK Transforms numbers a they leave the local GW,,FXE-FIELD-SMFWK_CngPTP-xform-GW-OUT_par,f,2,99
e29c2ffd-9bda-f939-8d23-6ff4d32f2302,FXE-FIELD-A-TVCA-APP_css,TVCA CSS to be Placed on the Lines at the Site,,BLOCKED-GENERAL_par:FXE-FIELD-A-TVCA-APP_par:FXE-FIELD-A-INTERNAL_par,f,2,99
f1ed6cdf-4dac-f039-9c7a-e2b43eff7191,XFORM-CWAA-MGCP-DNIS_css,Applied to site gateway configuration in CUCM,,XFORM-CWAA-MGCP-DNIS_par,f,2,99
525d12ca-b27d-521f-7460-f6ba84b5c2be,BHMR-Internal_css,BHMR Internal Calls,,FXE-FIELD-A-BHMR-APP-par,f,2,99
e3e4aad4-d3ec-f65a-d8b7-985f53bf45cb,XFORM-CIDR-MGCP-DNIS_css,Applied to site gateway configuration in CUCM,,XFORM-CIDR-MGCP-DNIS_par,f,2,99
4d9348ab-f4ae-53d1-efad-817dfe8cc4f7,XFORM-SYVA-MGCP-DNIS_css,Applied to site gateway configuration in CUCM,,,f,2,99
d7e54876-1a13-9776-309d-99045de2d9a0,HLNA_CngPTP-xform-OUT_css,HLNA Transforms numbers as they leave the local GW,,HLNA_CngPTP-xform-OUT_par,f,2,99
74f6f834-e912-2b04-0e3e-77202eac2146,XFORM-TDJX-MGCP-DNIS_css,Applied to site gateway configuration in CUCM,,XFORM-TDJX-MGCP-DNIS_par,f,2,99
deb7f210-2e2e-2b9c-b896-6a7319d4fc77,FXE-FIELD-A-GUPA-APP_css,GUPA CSS Applied to the phone lines and Gateway,,BLOCKED-GENERAL_par:FXE-FIELD-A-GUPA-APP_par:FXE-FIELD-A-INTERNAL_par,f,2,99
efcd8656-a09e-6b96-3759-da59939b381f,FXE-FIELD-A-MSOA2-APP_css,MSOA CSS Applied to the phone lines and Gateway,,BLOCKED-GENERAL_par:FXE-FIELD-A-MSOA2-APP_par:FXE-FIELD-A-INTERNAL_par,f,2,99
9b88d375-c53a-3d7d-dd8a-75c307b8c727,XFORM-MVYA-MGCP-DNIS_css,Applied to site gateway configuration in CUCM,,XFORM-MVYA-MGCP-DNIS_par,f,2,99
00703062-b12c-b9c8-95ff-0e1af415fe25,FXE-Field-Voicemail_css,FXE Field Unity Voicemail  Calling Search Space,,VM-restricted_par,f,2,99
52fc556b-41a1-df41-7f10-5454f8fa1b18,XFORM-MBSA-MGCP-DNIS_css,Applied to site gateway configuration in CUCM,,XFORM-MBSA-MGCP-DNIS_par,f,2,99
88d4d076-0660-289e-52bc-c83031eed2b8,XFORM-TTDA-MGCP-DNIS_css,Applied to site gateway configuration in CUCM,,XFORM-TTDA-MGCP-DNIS_par,f,2,99
9a7e5f78-1231-10ba-ac6c-45f0970bfbcc,ORDR_Hotline_6401_css,hotline to ext 6401 for ORDR,,ORDR_6401_Par,f,2,99
58358674-c733-d074-dde5-be3bae5dc032,FXE-FIELD-A-CVAA-APP_css,CVAA CSS to be Placed on the Lines at the Site,,BLOCKED-GENERAL_par:FXE-FIELD-A-CVAA-APP_par:FXE-FIELD-A-INTERNAL_par,f,2,99
140c691a-81a8-cfcf-1d39-2e3ba0db4783,ORDVK_911_css,911 for ORDVK,,ORDVK_911_par,f,2,99
3e8f23d3-3c12-fad7-2409-c051d8c93f8d,FXE-FIELD-A-NORMALIZE-STAR-css,Normalizes 11-Digit LD to 10-Digit LD,,FXE-FIELD-A-INTERNAL_par:FXE-FIELD-A-NORMALIZE-STAR-par,f,2,99
bc512765-12f1-9e94-96e1-935c3344e4b6,RKSA_PSTN_css,"""Internal, External for RKSA""",,FXE-FIELD-A-RKSA-APP_par:RKSA_PSTN_par:FXE-FIELD-A-INTERNAL_par,f,2,99
3fef97ea-97a2-fc9e-0215-c63f30713f43,XFORM-MHTR-MGCP-DNIS_css,Applied to site gateway configuration in CUCM,,XFORM-MHTR-MGCP-DNIS_par,f,2,99
8e0487a8-5af0-b996-75d7-4da0567c2e6f,FXE-FIELD-A-STLR-APP-css,STLR CSS to be Placed on the Lines at the Site,,BLOCKED-GENERAL_par:FXE-FIELD-A-STLR-APP-par,f,2,99
cd69dfab-ef59-b674-705a-5ab07ea20bae,XFORM-RAPA-MGCP-DNIS_css,Applied to site gateway configuration in CUCM,,XFORM-RAPA-MGCP-DNIS_par,f,2,99
1d245bb2-dd0d-0583-10dc-fd95aa42c6fb,FXE-FIELD-A-ALBA-APP_css,ALBA CSS to be Placed on the Lines at the Site,,BLOCKED-GENERAL_par:FXE-FIELD-A-ALBA-APP_par:FXE-FIELD-A-INTERNAL_par,f,2,99
05ac664f-be03-2435-32c9-5caebbf285bc,XFORM-BTVA-DNIS-OUT-css,Applied to site gateway configuration in CUCM,,XFORM-BTVA-MGCP-DNIS_par,f,2,99
4476e781-5c7d-82ea-f888-8d16f70b556e,XFORM-SMFE-MGCP-DNIS_css,SMFE Applied to site gateway configuration in CUCM,,,f,2,99
28e9972b-fa34-8ab0-16ca-31ae24fa1df7,XFORM-CLEWK-MGCP-DNIS_css,Applied to site gateway configuration in CUCM,,XFORM-CLEWK-MGCP-DNIS_par,f,2,99
9a30fe2b-e901-0cb3-5116-7ac9cc5c3504,FXE-FIELD-A-SDMA-APP_css,CSS Applied to the phone lines and Gateway,,FXE-FIELD-A-SDMA-APP_par:FXE-FIELD-A-INTERNAL_par:BLOCKED-GENERAL_par,f,2,99
bc755793-3b8b-47b2-b52e-cc01bf8fd158,XFORM-ELMA-MGCP-DNIS_css,Applied to site gateway configuration in CUCM,,XFORM-ELMA-MGCP-DNIS_par,f,2,99
8baf0b8c-563a-07b5-0361-e1c896ae1a56,PSPA_PSTN_css,"""Internal, External for PSPA""",,PSPA_internal_par:PSPA_PSTN_par,f,2,99
646bac3d-fc1d-c36f-50e1-266cac9491a8,XFORM-CCRWK-MGCP-DNIS_css,Applied to site gateway configuration in CUCM,,XFORM-CCRWK-MGCP-DNIS_par,f,2,99
5aef115f-4e1a-bdbc-d027-a6b1f35d37ee,FXE-LAX200S_Local_css,LAX200S Local css,,FXE-LAX200S_internal_par:NA-Local_par,f,2,99
d7265b18-c9a6-b03f-cd04-65a632376ef1,FXE-FIELD-A-PSFA-APP_css,PSFA CSS to be Placed on the Lines at the Site,,BLOCKED-GENERAL_par:FXE-FIELD-A-PSFA-APP_par:FXE-FIELD-A-INTERNAL_par,f,2,99
f1c83aa7-35eb-93fa-5ac0-f6402926c918,EWRRT-911_css,911 for EWRRT,,NA-911_par,f,2,99
f027c38a-7c49-893d-7c68-576d27a98d41,XFORM-DPAA-MGCP-DNIS_css,Applied to site gateway configuration in CUCM,,XFORM-DPAA-MGCP-DNIS_par,f,2,99
bfba9296-a468-a77f-5f42-00978a778b63,FXE-FIELD-A-BPAA-APP_css,BPAA CSS to be Placed on the Lines at the Site,,BLOCKED-GENERAL_par:FXE-FIELD-A-BPAA-APP_par:FXE-FIELD-A-INTERNAL_par,f,2,99
086bebf6-377a-f5c0-f0ca-a56f0727f504,FXE-FIELD-A-QWGA-APP_css,QWGA CSS to be Placed on the Lines at the Site,,BLOCKED-GENERAL_par:FXE-FIELD-A-QWGA-APP_par:FXE-FIELD-A-INTERNAL_par,f,2,99
2079f4a3-1095-0cf9-7b20-b7456abc89c2,XFORM-CRWA-MGCP-DNIS_css,Applied to site gateway configuration in CUCM,,XFORM-CRWA-MGCP-DNIS_par,f,2,99
cfc86a22-3eea-747a-4f15-0e4ad923ce8c,GEGR_Ringdown_phone_css,Rindown phone GEGR,,GEGR_Ringdown_phone_par,f,2,99
c26cb747-c77c-1867-aea4-1f5c62530d36,FXE-MOTA_CngPTP-xform-IN_css,FXE-MOTA Transform Incoming CLID,,FXE-MOTA_CngPTP-Xform-IN_par,f,2,99
e3db0bde-b12f-7eff-4f48-82528ddf78f0,XFORM-CLEWK-MGCP-ANI_css,Applied to site gateway configuration in CUCM,,XFORM-CLEWK-MGCP-ANI_par,f,2,99
ef2c03f5-5879-6b11-10f1-b3995a2d0e54,BURA_CngPTP-xform-OUT_css,BURA Transforms numbers as they leave the local GW,,BURA_CngPTP-xform-OUT_par,f,2,99
e556cfa6-b90d-1479-bb4a-14ab0880fabb,XFORM-BFLA-MGCP-DNIS_css,BFLA Applied to site gateway configuration in CUCM,,XFORM-BFLA-MGCP-DNIS_par,f,2,99
7ca85ecd-ca43-36d0-9bee-529c94cf3f8a,FXE-FIELD-A-ABEA-APP_css,ABEA CSS to be Placed on the Lines at the Site,,BLOCKED-GENERAL_par:FXE-FIELD-A-ABEA-APP_par:FXE-FIELD-A-INTERNAL_par,f,2,99
490fdf98-61c8-fde4-e80e-b98b058154e5,CVGR-LD_css,CVGR internal and local and LD calls,,CVGR_Internal_par:NA-Local_par:NA-LD_par,f,2,99
20e24d11-2968-e58e-12e2-dc0721d5f237,FXE-FIELD-A-KLSA-APP_css,KLSA CSS Applied to the phone lines and Gateway,,BLOCKED-GENERAL_par:CO-LO-E911-EGW_par:FXE-FIELD-A-KLSA-APP_par:FXE-FIELD-A-INTERNAL_par,f,2,99
798b2d25-0cb2-9ca9-3663-0aead07781bc,XFORM-BCBVM-MGCP-ANI_css,Applied to site gateway configuration in CUCM,,XFORM-BCBVM-MGCP-ANI_par,f,2,99
d0f71103-9ea0-a9d7-dbb2-3ece3b55ac99,FXE-FIELD-A-OXDA-APP_css,OXDA CSS Applied to the phone lines and Gateway,,FXE-FIELD-A-OXDA-APP_par:FXE-FIELD-A-INTERNAL_par:BLOCKED-GENERAL_par,f,2,99
7dd5daf3-2287-f81a-a3d7-72cecbb7bd1c,FXE-FIELD-A-SHRA-APP_css,SHRA CSS to be Placed on the Lines at the Site,,BLOCKED-GENERAL_par:FXE-FIELD-A-SHRA-APP_par:FXE-FIELD-A-INTERNAL_par,f,2,99
b0b7c002-e825-9f64-2a30-8d86354b0ca7,NXXA_CngPTP-xform-IN_css,NXXA Transform Incoming CLID,,NXXA_CngPTP-Xform-IN_par,f,2,99
6e7d7e5b-badb-b80f-437f-a31e0531a616,FXE-FIELD-A-SMFE-APP_css,SMFE CSS Applied to the phone lines and Gateway,,BLOCKED-GENERAL_par:FXE-FIELD-A-SMFE-APP_par:FXE-FIELD-A-SMFR-APP-par:FXE-FIELD-A-INTERNAL_par,f,2,99
f3b16311-99c0-f6b2-73de-149219de84a8,XFORM-CSGA-MGCP-DNIS_css,Applied to site gateway configuration in CUCM,,XFORM-CSGA-MGCP-DNIS_par,f,2,99
84fe1be4-d1e2-12bc-d863-9f0dac60c30a,XFORM-FBLA-MGCP-DNIS_css,Applied to site gateway configuration in CUCM,,XFORM-FBLA-MGCP-DNIS_par,f,2,99
8dd6b18f-10fd-b273-1ec5-3fcb83fd139c,XFORM-OXDA-MGCP-DNIS_css,Applied to site gateway configuration in CUCM,,,f,2,99
e2f212f4-0905-76c1-4989-ffe9d858e2ee,FXE-DRTA_International_css,DRTA International css,,FXE-Field-A-DRTA-APP_par:NA-Local_par:NA-LD_par:NA-International_par,f,2,99
f1719b26-cdb0-6bbc-d8f6-7c97030ebda9,BNAA_internal_css,Internal for BNAA,,FXE-FIELD-A-BNAA-APP_par,f,2,99
938003a3-2342-9750-3855-b965d3f9ac56,FXE-FIELD-A-ASTA-APP-css,ASTA CSS to be Applied to the Lines,,BLOCKED-GENERAL_par:FXE-FIELD-A-ASTA-APP-par:FXE-FIELD-A-INTERNAL_par,f,2,99
738f7f6b-98e9-9d83-f624-12ddc9069e7f,FXE-FIELD-A-COSDC-LOCAL-css,,,FXE-FIELD-A-COSDC-911-PT:FXE-FIELD-A-COSDC-LOCAL-PT:FXE-FIELD-A-COSDC-TOLL-PT,f,2,99
41c0a619-c1ea-da91-f90f-f627b2e9d558,XFORM-BHMRT-MGCP-DNIS-OUT-css,Localize Egress PSTN DNIS to match telco Req,,XFORM-BHMRT-DNIS-OUT-par,f,2,99
1a798b06-5a96-43cb-e87b-0470b19dce8a,XFORM-FNTA-MGCP-DNIS_css,Applied to site gateway configuration in CUCM,,XFORM-FNTA-MGCP-DNIS_par,f,2,99
812a65d7-f102-96a1-e070-879e7a8c1baa,FXE-FIELD-A-BISA-APP_css,BISA CSS Applied to the phone lines and Gateway,,BLOCKED-GENERAL_par:FXE-FIELD-A-BISA-APP_par:FXE-FIELD-A-INTERNAL_par,f,2,99
9209ab27-a24e-673f-fb11-f8cb56b397f2,FXE-FIELD-A-MOBA-APP_css,MOBA CSS to be Placed on the Lines at the Site,,BLOCKED-GENERAL_par:FXE-FIELD-A-MOBA-APP_par:FXE-FIELD-A-INTERNAL_par,f,2,99
f7d47630-8b0a-7e80-f66b-e611c6fec10b,FXE-FIELD-A-JHWA-APP_css,JHWA CSS Applied to the phone lines and Gateway,,BLOCKED-GENERAL_par:FXE-FIELD-A-JHWA-APP_par:FXE-FIELD-A-INTERNAL_par,f,2,99
197680c8-b10c-a349-9e88-09b4ef19caad,FXE-FIELD-A-ITOA-APP_css,ITOA CSS to be Placed on the Lines at the Site,,BLOCKED-GENERAL_par:FXE-FIELD-A-ITOA-APP_par:FXE-FIELD-A-INTERNAL_par,f,2,99
2d4fd678-6b3b-9f1b-1a61-460708ef91b4,XFORM-JANA-MGCP-DNIS_css,Applied to site gateway configuration in CUCM,,XFORM-JANA-MGCP-DNIS-par,f,2,99
c72003fe-1a36-fe90-eec9-35420d09e423,FXE-SJCRT_CngPTP-xform-GW-OUT_css,FXE-SJCRT Trans numbers as they leave the local GW,,FXE-SJCRT_CngPTP-xform-GW-OUT_par,f,2,99
c73ffcec-b1c7-7b35-892f-f7f61a721187,FXE-FIELD-A-PSCA-APP_css,PSCA CSS to be Placed on the Lines at the Site,,BLOCKED-GENERAL_par:FXE-FIELD-A-PSCA-APP_par:FXE-FIELD-A-INTERNAL_par,f,2,99
97a1640a-d323-4f38-bd1a-7e47785f329f,FXE-FIELD-A-PAHA-APP-css,PAHA CSS to be Placed on the Lines at the Site,,BLOCKED-GENERAL_par:FXE-FIELD-A-PAHA-APP-par:FXE-FIELD-A-INTERNAL_par,f,2,99
e87915b8-61c2-2ea1-4eec-3899f903690b,FXE-FIELD-A-ONTRT-APP_css,ONTRT CSS to be Placed on the Lines at the Site,,FXE-FIELD-A-ONTRT-APP_par:BLOCKED-GENERAL_par:FXE-FIELD-A-INTERNAL_par,f,2,99
1bdb5c2c-b752-ed26-0b21-fd490e28c8cf,FXE-FIELD-A-CVGR2-APP_css,CVGR2 CSS to be Placed on the Lines at the Site,,BLOCKED-GENERAL_par:FXE-FIELD-A-CVGR2_par:FXE-FIELD-A-INTERNAL_par,f,2,99
c171180f-5b42-83da-53b4-7a08d53cd708,XFORM-LAXRC-MGCP-DNIS_css,Applied to site gateway configuration in CUCM,,XFORM-LAXRC-MGCP-DNIS_par,f,2,99
70374650-236c-13c0-fe38-b976eabddcd4,FXE-SFOR_International_css,FXE-SFOR International css,,FXE-SFOR_internal_par:NA-Local_par:NA-LD_par:NA-International_par,f,2,99
6807a910-a1db-eacd-ca2b-9a0f84282325,FXE-BMIR-911_css,911 for BMIR,,NA-911_par,f,2,99
1b7db86e-073c-89cb-9da2-9d7b858c088a,XFORM-DETK-MGCP-DNIS_css,Applied to site gateway configuration in CUCM,,XFORM-DETK-MGCP-DNIS_par,f,2,99
a166689e-8ae2-fb40-1926-f1c138ce6a9a,FXE-FIELD-A-MEJA-APP_css,MEJA CSS Applied to the phone lines and Gateway,,BLOCKED-GENERAL_par:FXE-FIELD-A-MEJA-APP_par:FXE-FIELD-A-INTERNAL_par,f,2,99
fc7ed432-9a84-b962-96c5-24796212144c,MKEWK-Internal_css,MKEWK Internal Calls,,MKEWK_Internal_par,f,2,99
5309be85-1b64-9123-838c-bc11a1c3c4c3,XFORM-FSMA-MGCP-DNIS_css,Applied to site gateway configuration in CUCM,,XFORM-FSMA-MGCP-DNIS_par,f,2,99
a8ed2626-d20e-2c90-5487-31056b1cdbbe,OMAR_PSTN_css,"""Internal, External for OMAR""",,OMAR_Internal_par:OMAR_PSTN_par,f,2,99
906cf0fd-edc5-43fd-21b8-ce5d6ad1f3d7,XFORM-AGCA-MGCP-ANI_css,Applied to site gateway configuration in CUCM,,XFORM-AGCA-MGCP-ANI_par,f,2,99
2273520b-0189-ac63-823c-e953c6be5fcf,FXE-FIELD-A-LASR-APP_css,LASR CSS Applied to the phone lines and Gateway,,BLOCKED-GENERAL_par:FXE-FIELD-A-LASR-APP_par:FXE-FIELD-A-INTERNAL_par,f,2,99
8bd46d34-7b60-6bfc-29d4-539adaecb9f0,FXE-SFOR_CngPTP-xform-GW-IN_css,FXE-SFOR Transform Incoming GW CLID,,FXE-SFOR_CngPTP-Xform-GW-IN_par,f,2,99
c5aca75e-8def-2307-080b-2b55983cf489,FXE-FIELD-A-HUFA-APP_css,HUFA CSS to be Placed on the Lines at the Site,,BLOCKED-GENERAL_par:FXE-FIELD-A-HUFA-APP_par:FXE-FIELD-A-INTERNAL_par,f,2,99
655b1002-d44b-d294-6df0-334ab92f9776,FXE-FIELD-A-BJIA-APP_css,BJIA CSS to be Placed on the Lines at the Site,,FXE-FIELD-A-BJIA-APP_par:FXE-FIELD-A-INTERNAL_par:BLOCKED-GENERAL_par,f,2,99
0f0763d9-848a-685a-6c1c-9a348d7733d5,FXE-BMIR_CngPTP-xform-IN_css,BMIR Transform Incoming CLID,,FXE-BMIR_CngPTP-Xform-IN_par,f,2,99
040e289b-7303-11db-5593-87a1a6b2f068,FXE-FIELD-A-PNVA-APP_css,PNVA CSS to be Placed on the Lines at the Site,,FXE-FIELD-A-PNVA-APP_par:FXE-FIELD-A-INTERNAL_par:BLOCKED-GENERAL_par,f,2,99
3ea56d57-04d9-6419-2e13-1eb7daa824c4,FXE-FIELD-A-RUTA-APP_css,RUTA CSS to be Placed on the Lines at the Site,,BLOCKED-GENERAL_par:FXE-FIELD-A-RUTA-APP_par:FXE-FIELD-A-INTERNAL_par,f,2,99
fc764673-eaa6-237b-cf43-d432fb25bb45,IADVK_internal_css,Internal for IADVK,,IADVK_Internal_par:VM-restricted_par,f,2,99
b5fcf164-8fcc-7f2b-5c86-0ea38d7ef675,FXE-FIELD-A-FTCA-APP_css,FTCA CSS Applied to the phone lines and Gateway,,BLOCKED-GENERAL_par:FXE-FIELD-A-FTCA-APP_par:FXE-FIELD-A-INTERNAL_par,f,2,99
79e3c21b-1164-3fc4-a020-7441a02e39f7,FXE-FIELD-A-OLV-NWR-APP-css,OLV-NWR CSS to be Applied to the Lines,,BLOCKED-GENERAL_par:FXE-FIELD-A-OLV-NWR-APP-par:FXE-FIELD-A-INTERNAL_par:VM-restricted_par,f,2,99
28b50205-6fab-4306-bd1b-b5ccd98e4a8f,NXXA-LD_css,NXXA internal and local and LD calls,,FXE-FIELD-A-NXXA-APP_par:NA-Local_par:NA-LD_par,f,2,99
4e5109c9-dc06-ee59-976c-5d49576af03c,FXE-FIELD-A-RAPA-APP_css,RAPA CSS to be Placed on the Lines at the Site,,BLOCKED-GENERAL_par:FXE-FIELD-A-RAPA-APP_par:FXE-FIELD-A-INTERNAL_par,f,2,99
6127ffc2-2137-ebd6-7d40-39ece5709db6,XFORM-LAXFT-MGCP-DNIS_css,Applied to site gateway configuration in CUCM,,XFORM-LAXFT-MGCP-DNIS_par,f,2,99
55605572-aacc-97b2-7a5c-ed14e31aa9d9,FXE-FIELD-A-LFTR-APP_css,LFTR CSS to be Placed on the Lines at the Site,,BLOCKED-GENERAL_par:FXE-FIELD-A-LFTR-APP_par:FXE-FIELD-A-INTERNAL_par,f,2,99
9cff47c0-894d-7714-0a70-083bcdfaa063,FXE-FIELD-A-SBAA-APP_css,SBAA CSS Applied to the phone lines and Gateway,,BLOCKED-GENERAL_par:FXE-FIELD-A-INTERNAL_par:FXE-FIELD-A-SBAA-APP_par,f,2,99
9475e834-17b4-d315-ac44-c66cd973bd82,XFORM-MYRA-MGCP-DNIS_css,MYRA Applied to site gateway configuration in CUCM,,XFORM-MYRA-MGCP-DNIS_par,f,2,99
a18d73cb-e1e8-fc4c-01ea-b33b21c6228d,XFORM-PAER1-MGCP-DNIS_css,Applied to site gateway configuration in CUCM,,XFORM-PAER1-MGCP-DNIS_par,f,2,99
9658dcd0-0dce-125e-27db-73a017cd3c42,FXE-FIELD-A-MHTRT-APP_css,MHTRT CSS to be Placed on the Lines at the Site,,BLOCKED-GENERAL_par:FXE-FIELD-A-MHTRT-APP_par:FXE-FIELD-A-INTERNAL_par,f,2,99
e1756a37-de30-bfa2-b53a-d831f2ff1bef,FXE-FIELD-A-TRIA-APP_css,TRIA CSS to be Placed on the Lines at the Site,,BLOCKED-GENERAL_par:FXE-FIELD-A-TRIA-APP_par:FXE-FIELD-A-INTERNAL_par,f,2,99
ee0953be-fd4c-a53b-ebb5-0cab9e8db5e6,FXE-PIRA_LD_css,FXE-PIRA internal and local and LD calls,,FXE-PIRA_internal_par:NA-Local_par:NA-LD_par,f,2,99
bfe50b8e-edc8-bbec-fee8-cc6e27ef92d1,FXE-Field-A-IAHS-app_css,Internal for IAHS,,FXE-FIELD-A-INTERNAL_par:BLOCKED-GENERAL_par:FXE-Field-A-IAHS-APP_par,f,2,99
45d4a794-5951-1d52-123c-a405b095803f,XFORM-NOTA-MGCP-DNIS_css,Applied to site gateway configuration in CUCM,,XFORM-NOTA-MGCP-DNIS_par,f,2,99
9fee4cf9-05d0-48f9-c8e5-fe39717c6f2b,XFORM-BUFA-MGCP-DNIS_css,Applied to site gateway configuration in CUCM,,XFORM-BUFA-MGCP-DNIS_par,f,2,99
e900d23b-6013-da6b-98a8-d9b560e1779a,FXE-FIELD-A-OGDA-APP_css,OGDA CSS Applied to the phone lines and Gateway,,BLOCKED-GENERAL_par:FXE-FIELD-A-OGDA-APP_par:FXE-FIELD-A-INTERNAL_par,f,2,99
b4761271-ed1b-23cf-a2bc-89a4d27fe694,XFORM-DAYR-MGCP-DNIS_css,Applied to site gateway configuration in CUCM,,XFORM-DAYR-MGCP-DNIS_par,f,2,99
39e54bc4-2cf9-08f7-d974-193b2c9a92ef,FXE-BMIR_internal_css,Internal for BMIR,,FXE-BMIR_internal_par:FXE-FIELD-A-INTERNAL_par,f,2,99
517388b1-9f43-2dbd-9170-2500284f5d90,XFORM-SRFA-MGCP-DNIS_css,Applied to site gateway configuration in CUCM,,,f,2,99
c15d9186-cb8c-0970-f6da-25037da06b3c,FXE-FIELD-A-BISVM-APP_css,BISVM CSS to be Placed on the Lines at the Site,,BLOCKED-GENERAL_par:FXE-FIELD-A-BISVM-APP_par:FXE-FIELD-A-INTERNAL_par,f,2,99
30108901-a0df-ce2b-57f0-2a82e8d27b02,FXE-FIELD-A-JANA-APP_css,JANA CSS to be Placed on the Lines at the Site,,BLOCKED-GENERAL_par:FXE-FIELD-A-JANA-APP_par:FXE-FIELD-A-INTERNAL_par,f,2,99
6e114e8f-87aa-87e4-9a32-0ea413ee2708,FXE-FIELD-A-LNSA-APP_css,LNSA CSS to be Placed on the Lines at the Site,,BLOCKED-GENERAL_par:FXE-FIELD-A-LNSA-APP_par:FXE-FIELD-A-INTERNAL_par,f,2,99
9097e3dd-249f-4874-4e9f-35b5321ac3a5,FXE-FIELD-A-RKWA-APP-css,RKWA CSS to be Placed on the Lines at the Site,,BLOCKED-GENERAL_par:FXE-FIELD-A-RKWA-APP-par:FXE-FIELD-A-INTERNAL_par,f,2,99
c3e39989-9071-ccc1-185d-7933594c5f81,FNTR_internal_css,Internal for FNTR,,FXE-FIELD-A-FNTR-APP_par,f,2,99
b18ed258-3399-682a-83ab-ef605952a96f,FWAR2_911_css,FWAR2 911 css,,FWAR2_911_par:FWAR2_Internal_par,f,2,99
a61f9d72-ca7f-6ebf-ff51-755fd8eabcef,FXE-LAX200S-911_css,911 for LAX200S,,NA-911_par,f,2,99
3df409e2-b9a5-6975-24f9-bff95255a3e3,XFORM-IGM-MGCP-DNIS_css,Applied to site gateway configuration in CUCM,,XFORM-IGM-MGCP-DNIS_par,f,2,99
38e2d254-6216-7331-5573-80d450ffbe64,FXE-FIELD-A-LBBA-APP_css,LBBA CSS to be Placed on the Lines at the Site,,BLOCKED-GENERAL_par:FXE-FIELD-A-LBBA-APP_par:FXE-FIELD-A-INTERNAL_par,f,2,99
32f62361-4d37-8241-4912-20beee2fadf7,FXE-FIELD-A-MKTA-APP_css,MKTA CSS to be Placed on the Lines at the Site,,BLOCKED-GENERAL_par:FXE-FIELD-A-MKTA-APP_par:FXE-FIELD-A-INTERNAL_par,f,2,99
47c89212-ddcb-c142-ad8f-b99ece7fe1fc,FXE-FIELD-A-ILGA-APP_css,ILGA CSS to be Placed on the Lines at the Site,,BLOCKED-GENERAL_par:FXE-FIELD-A-ILGA-APP_par:FXE-FIELD-A-INTERNAL_par,f,2,99
84d96d5c-95f5-8a9d-5c18-44f08d7df483,FXE-FIELD-A-INTA-APP_css,INTA CSS to be Placed on the Lines at the Site,,BLOCKED-GENERAL_par:FXE-FIELD-A-INTA-APP_par:FXE-FIELD-A-INTERNAL_par:FXE-FIELD-A-LOCAL-par:FXE-FIELD-A-LD-par,f,2,99
303015a4-508c-9094-108d-5a499797e715,FXE-FIELD-A-OFKA-APP_css,OFKA CSS to be Placed on the Lines at the Site,,BLOCKED-GENERAL_par:FXE-FIELD-A-OFKA-APP_par:FXE-FIELD-A-INTERNAL_par,f,2,99
11f716c2-3efd-07b8-28fc-6575665d1d09,XFORM-SMXA-MGCP-DNIS_css,Applied to site gateway configuration in CUCM,,,f,2,99
ae49c368-a7b5-d603-673d-e5ddc150944f,XFORM-CLTR2-MGCP-DNIS_css,Applied to site gateway configuration in CUCM,,XFORM-CLTR2-MGCP-DNIS_par,f,2,99
78d3fd60-a5c9-412e-b7e5-315929285b8a,XFORM-ROCA-ANI-OUT-css,,,XFORM-ROCA-ANI-OUT-par,f,2,99
69b60f6f-9365-34f5-0339-e258c5e8b468,XFORM-ANI-ICT-SME-css,,,XFORM-ANI-ICT-SME-par,f,2,99
c25310b4-3faf-74a9-b6ce-b87cefb7a9b8,EWRGS-911_css,911 for EWRGS,,NA-911_par,f,2,99
9002f63d-11e3-053f-2aab-a79d14382872,XFORM-LWSA-MGCP-ANI_css,Applied to site gateway configuration in CUCM,,XFORM-LWSA-MGCP-ANI_par,f,2,99
ab74f45d-7db9-841b-f89a-8793c71682a5,EWRGS-UR_css,"""EWRGSinternal, local, LD and international calls""",,EWRGS_Internal_par:NA-Local_par:NA-LD_par:NA-International_par,f,2,99
3576f04b-cde0-50a6-ae26-eb871863d946,XFORM-BPAA-MGCP-DNIS_css,Applied to site gateway configuration in CUCM,,XFORM-BPAA-MGCP-DNIS_par,f,2,99
f94e6edd-ecb6-a68f-85f8-e8380fabc1f0,CVGR_CngPTP-xform-GW-IN_css,CVGR Transform Incoming GW CLID,,CVGR_CngPTP-Xform-GW-IN_par,f,2,99
a9b8a939-7f65-b332-fdab-f6cfdd403f99,PBIR_911_css,911 for PBIR,,PBIR_911_par,f,2,99
a6fe73c7-8d85-7217-2ff6-ffd6025f86fb,XFORM-ROAR-MGCP-DNIS_css,ROAR Applied to site gateway configuration in CUCM,,XFORM-ROAR-MGCP-DNIS_par,f,2,99
6b0b7c79-aea3-072f-d007-91b457fd1514,XFORM-BILR-MGCP-DNIS_css,Applied to site gateway configuration in CUCM,,XFORM-BILR-MGCP-DNIS_par,f,2,99
5e7d33ea-bc43-4c2a-be07-9259a8c5a03b,FXE-FIELD-A-BDLRT-APP_css,BDLRT CSS to be Placed on the Lines at the Site,,BLOCKED-GENERAL_par:FXE-FIELD-A-BDLRT-APP_par:FXE-FIELD-A-INTERNAL_par,f,2,99
36a30c32-9647-6890-f81d-f0393883af6d,BNAA_911_css,911 for BNAA,,BNAA_911_par,f,2,99
37f76aad-86f4-605c-e2d1-0b68a0550c70,FXE-HTSR-Local_css,FXE-HTSR internal and local calls,,FXE-HTSR_internal_par:NA-Local_par,f,2,99
5e2a0f4b-ddf5-4d1a-9c12-c11cd218d315,XFORM-EWNA-MGCP-DNIS_css,EWNA Applied to site gateway configuration in CUCM,,XFORM-EWNA-MGCP-DNIS_par,f,2,99
c47483b2-e9cc-0b7d-01d9-a45dba05325e,BNAA_PSTN_css,"""Internal, External for BNAA""",,BNAA_PSTN_par:FXE-FIELD-A-BNAA-APP_par,f,2,99
430d8b89-bb8d-3837-4ecf-bd6d0ff981d2,FXE-FIELD-A-CADA-APP_css,CADA CSS to be Placed on the Lines at the Site,,BLOCKED-GENERAL_par:FXE-FIELD-A-CADA-APP_par:FXE-FIELD-A-INTERNAL_par,f,2,99
fe1e40a0-c41e-242e-695a-b6981c24e4b3,FXE-FIELD-A-RDVRT-GATE-PLAR_css,,,FXE-FIELD-A-RDVRT-GATE-PLAR_par,f,2,99
02c82615-ae36-1df3-559b-f6dbc36f7588,FXE-FIELD-A-MCNA-APP_css,MCNA CSS to be Placed on the Lines at the Site,,BLOCKED-GENERAL_par:FXE-FIELD-A-MCNA-APP_par:FXE-FIELD-A-INTERNAL_par,f,2,99
3f73f42a-2e0b-4e42-2a5c-bdf289328a47,GJTA_911_css,911 for GJTA,,GJTA_911_par,f,2,99
a14d823d-7af2-990f-6a08-f5103ebc8abf,FXE-FIELD-A-MFDA-APP_css,MFDA CSS Applied to the phone lines and Gateway,,BLOCKED-GENERAL_par:FXE-FIELD-A-MFDA-APP_par:FXE-FIELD-A-INTERNAL_par,f,2,99
525bc7cd-e5ef-34be-7e6d-08c86619a177,XFORM-HMTA-MGCP-DNIS_css,HMTA Applied to site gateway configuration in CUCM,,XFORM-HMTA-MGCP-DNIS_par,f,2,99
c5287bc8-f6c3-869f-5c26-1667017e1d1e,FXE-FIELD-A-BTVR-APP-css,BTVR CSS to be Placed on the Lines at the Site,,BLOCKED-GENERAL_par:FXE-FIELD-A-INTERNAL_par:FXE-FIELD-A-BTVR-APP-par,f,2,99
153bb65f-c1d2-9341-9462-a7d79d117832,FXE-FIELD-A-BFMR-APP_css,BFMR CSS to be Placed on the Lines at the Site,,BLOCKED-GENERAL_par:FXE-FIELD-A-BFMR-APP_par:FXE-FIELD-A-INTERNAL_par,f,2,99
d860ebe1-d190-eee0-537e-1a5af3a1477b,FXE-FIELD-A-MSPR-APP_css,MSPR CSS Applied to the phone lines and Gateway,,BLOCKED-GENERAL_par:FXE-FIELD-A-MSPR-APP_par:FXE-FIELD-A-INTERNAL_par,f,2,99
f3f6f865-ee13-1988-1c1a-1e68f914244b,FXE-FIELD-A-VLDA-APP_css,VLDA CSS Applied to the phone lines and Gateway,,BLOCKED-GENERAL_par:FXE-FIELD-A-VLDA-APP_par:FXE-FIELD-A-INTERNAL_par,f,2,99
22f13a1f-9e7c-c64e-cefc-e7ee31ac9c19,FXE-FIELD-A-CAOA-APP_css,CAOA CSS to be Placed on the Lines at the Site,,FXE-FIELD-A-CAOA-APP_par:FXE-FIELD-A-INTERNAL_par,f,2,99
0dda9c9d-a8fd-570b-4953-3c01ce628276,FXE-FIELD-A-BILR-APP_css,BILR CSS to be Placed on the Lines at the Site,,BLOCKED-GENERAL_par:FXE-FIELD-A-BILR-APP_par:FXE-FIELD-A-INTERNAL_par,f,2,99
4798fadc-fd41-226a-fc24-7e7f5ab98f5e,FXE-FIELD-A-LAX200-APP_css,LAX200 CSS Applied to the phone lines and Gateway,,BLOCKED-GENERAL_par:FXE-Field-A-LAX200-APP_par:FXE-FIELD-A-INTERNAL_par,f,2,99
68b0b17b-3856-ca21-33a4-aeef0155afc4,FXE-SGUA_CngPTP-xform-IN_css,FXE-SGUA Transform Incoming CLID,,FXE-SGUA_CngPTP-Xform-IN_par,f,2,99
523b4944-ee73-dd4e-3675-958a4b1e6f76,XFORM-CKVA-MGCP-DNIS_css,Applied to site gateway configuration in CUCM,,XFORM-CKVA-MGCP-DNIS-par,f,2,99
7a2b57a3-7adf-ac37-8ac3-913638868d1f,XFORM-LUFA-MGCP-DNIS-OUT__css,,,XFORM-LUFA-MGCP-DNIS_par,f,2,99
8433bad7-bd0f-11b7-7319-6551e93a7ae8,EWRGS_CngPTP-xform-IN_css,EWRGS Transform Incoming CLID,,EWRGS_CngPTP-Xform-IN_par,f,2,99
5fe07aee-04b2-6a32-5bf4-7882a3ba6f41,XFORM-DAGA-MGCP-DNIS_css,Applied to site gateway configuration in CUCM,,XFORM-DAGA-MGCP-DNIS_par,f,2,99
288397f9-a6d6-5b19-cc9d-e5dbe87c8911,XFORM-1627-MGCP-DNIS_css,Applied to site gateway configuration in CUCM,,XFORM-1627-MGCP-DNIS_par,f,2,99
1963f080-6d49-0df3-8ad8-ef4c3e2d7f92,FXE-FIELD-A-YKMA-APP_css,YKMA CSS Applied to the phone lines and Gateway,,BLOCKED-GENERAL_par:FXE-FIELD-A-YKMA-APP_par:FXE-FIELD-A-INTERNAL_par,f,2,99
f3b3592f-0998-9692-b43d-43f69f03777a,FXE-FIELD-A-ORFR2-APP_css,ORFR2 CSS to be Placed on the Lines at the Site,,BLOCKED-GENERAL_par:FXE-FIELD-A-ORFR2-APP_par:FXE-FIELD-A-INTERNAL_par,f,2,99
1dde2b9c-d026-cc39-1117-3c8807d8d8ec,FXE-FIELD-A-LDJA-APP_css,LDJA CSS to be Placed on the Lines at the Site,,BLOCKED-GENERAL_par:FXE-FIELD-A-LDJA-APP_par:FXE-FIELD-A-INTERNAL_par,f,2,99
67832f9b-b260-e523-5126-e93b958c6859,FXE-FIELD-A-LCKR-APP_css,LCKR CSS to be Placed on the Lines at the Site,,BLOCKED-GENERAL_par:FXE-FIELD-A-LCKR-APP_par:FXE-FIELD-A-INTERNAL_par,f,2,99
9c594ac0-01bb-6fae-02b7-9c18b3ce078c,FXE-FIELD-A-IAHRT-APP_css,IAHRT CSS to be Placed on the Lines at the Site,,BLOCKED-GENERAL_par:FXE-FIELD-A-IAHRT-APP_par:FXE-FIELD-A-INTERNAL_par,f,2,99
aa05d273-9a2a-dfca-7336-0196b62624b4,XFORM-INDCA-MGCP-DNIS_css,Applied to site gateway configuration in CUCM,,XFORM-INDCA-MGCP-DNIS_par,f,2,99
5bc89128-6195-a9e5-eece-fb1824e289f2,FXE-LAX200S_CngPTP-xform-GW-OUT_css,FXE-LAX200S Trans numbers leaving the local GW,,FXE-LAX200S_CngPTP-xform-GW-OUT_par,f,2,99
45325bb8-c65e-93af-57b6-5cb83165de8f,FXE-FIELD-A-SHVR-APP_css,SHVR CSS to be Placed on the Lines at the Site,,BLOCKED-GENERAL_par:FXE-FIELD-A-SHVR-APP_par:FXE-FIELD-A-INTERNAL_par,f,2,99
7acbcdfa-a6c8-9655-84b0-eac4bd45861f,XFORM-MOBA-MGCP-DNIS_css,MOBA Applied to site gateway configuration in CUCM,,XFORM-MOBA-MGCP-DNIS_par,f,2,99
764276a8-ba12-2256-c255-1d14d000abba,FXE-FIELD-A-OMA-APP_css,OMA CSS to be Placed on the Lines at the Site,,BLOCKED-GENERAL_par:FXE-FIELD-A-OMA-APP_par:FXE-FIELD-A-INTERNAL_par,f,2,99
177bc096-09c6-46e4-506a-bd39fb6755da,FXE-FIELD-A-PVDA-APP_css,PVDA CSS to be Placed on the Lines at the Site,,BLOCKED-GENERAL_par:FXE-FIELD-A-PVDA-APP_par:FXE-FIELD-A-INTERNAL_par,f,2,99
59cf117a-c9fe-4e46-f54d-03956fec6f24,XFORM-MCIR-MGCP-ANI_css,Applied to site gateway configuration in CUCM,,XFORM-MCIR-MGCP-ANI_par,f,2,99
9f7bb6fc-6b7a-2af1-5e2b-379064319baf,FXE-FIELD-A-GADA-APP_css,GADA CSS to be Placed on the Lines at the Site,,BLOCKED-GENERAL_par:FXE-FIELD-A-GADA-APP_par:FXE-FIELD-A-INTERNAL_par,f,2,99
2cedbe5c-5199-e331-7dee-9bf5bccdf91f,FXE-FIELD-A-HIBA-APP_css,HIBA CSS Applied to the phone lines and Gateway,,BLOCKED-GENERAL_par:FXE-FIELD-A-HIBA-APP_par:FXE-FIELD-A-INTERNAL_par,f,2,99
794d82b3-9c1d-d915-3c2c-b9ef0025742a,XFORM-BFIA-MGCP-ANI_css,Applied to site gateway configuration in CUCM,,XFORM-BFIA-MGCP-ANI_par,f,2,99
128ac79c-d77c-a430-f368-acb8928e614a,XFORM-ARBA-MGCP-DNIS_css,Applied to site gateway configuration in CUCM,,XFORM-ARBA-MGCP-DNIS_par,f,2,99
ad86186d-3421-81fe-3538-0baa28347451,FXE-DALA_CngPTP-xform-GW-IN_css,FXE-DALA Transform Incoming GW CLID,,FXE-DALA_CngPTP-Xform-GW-IN_par,f,2,99
236b78e2-bbce-2aa9-db93-b8371b1a8d20,FXE-MCORT_CngPTP-xform-IN_css,FXE-MCORT Transform Incoming CLID,,FXE-MCORT_CngPTP-Xform-IN_par,f,2,99
bd7de38c-c9e6-8e85-aaf4-a64a877dce29,FXE-FIELD-A-POCA-APP_css,POCA CSS Applied to the phone lines and Gateway,,BLOCKED-GENERAL_par:FXE-FIELD-A-POCA-APP_par:FXE-FIELD-A-INTERNAL_par,f,2,99
4bc0d183-966b-89e2-d971-da66770b61d7,FXE-FIELD-A-TOAA-APP_css,TOAA CSS Applied to the phone lines and Gateway,,BLOCKED-GENERAL_par:FXE-FIELD-A-TOAA-APP_par:FXE-FIELD-A-INTERNAL_par,f,2,99
641cbc41-cd4f-70a2-d778-a9243ef60395,XFORM-MCWA-MGCP-DNIS_css,Applied to site gateway configuration in CUCM,,XFORM-MCWA-MGCP-DNIS_par,f,2,99
870343bd-f00f-2c34-ad9d-e9b7b4796790,FXE-FIELD-A-MCIR-APP-css,MCIR CSS to be Placed on the Lines at the Site,,FXE-FIELD-A-MCIR-APP-par:FXE-FIELD-A-INTERNAL_par:BLOCKED-GENERAL_par,f,2,99
16f89f1d-2d66-0cd8-6e77-c5fe9f2dbbd0,FXE-PIRA_Internal_css,FXE-PIRA Internal Calls,,FXE-PIRA_internal_par,f,2,99
57b315ae-cb31-0bc3-6b59-3d4337d7c7c9,FXE-FIELD-A-INDRT-APP_css,INDRT CSS to be Placed on the Lines at the Site,,BLOCKED-GENERAL_par:FXE-FIELD-A-INDRT-APP_par:FXE-FIELD-A-INTERNAL_par,f,2,99
7252ad5b-2ab7-e3b1-472b-bee7410690d0,FXE-FIELD-A-FBGA-APP_css,FBGA CSS Applied to the phone lines and Gateway,,BLOCKED-GENERAL_par:FXE-FIELD-A-FBGA-APP_par:FXE-FIELD-A-INTERNAL_par,f,2,99
c4284cf0-f7c5-e772-2e90-92593b769fa7,FXE-FIELD-A-JXNA-APP_css,JXNA CSS to be Placed on the Lines at the Site,,BLOCKED-GENERAL_par:FXE-FIELD-A-JXNA-APP_par:FXE-FIELD-A-INTERNAL_par,f,2,99
7cfa92a1-a8a3-6858-9052-553428530cf7,FXE-FIELD-A-BIXA-APP_css,BIXA CSS Applied to the phone lines and Gateway,,BLOCKED-GENERAL_par:FXE-FIELD-A-BIXA-APP_par:FXE-FIELD-A-INTERNAL_par,f,2,99
987cb04c-493c-4a05-54ec-6eb680425b32,XFORM-SCKA-MGCP-DNIS_css,Applied to site gateway configuration in CUCM,,XFORM-SCKA-MGCP-DNIS_par,f,2,99
d1f03d30-5189-9430-d240-804ed70861f5,FXE-FIELD-A-LAXRT-APP_css,LAXRT CSS to be Placed on the Lines at the Site,,BLOCKED-GENERAL_par:FXE-FIELD-A-LAXRT-APP_par:FXE-FIELD-A-INTERNAL_par:LAXRT-MAINLINE-LAXRT-SUN-FRI:LAXRT-MAINLINE-LAXIP-SAT,f,2,99
e67a441e-d426-4da8-cada-87099f5b0d8d,XFORM-FYVA-MGCP-DNIS_css,Applied to site gateway configuration in CUCM,,XFORM-FYVA-MGCP-DNIS_par,f,2,99
5de55326-f4cd-d2ef-36bc-02f4c688d80d,XFORM-MKTA-MGCP-DNIS_css,Applied to site gateway configuration in CUCM,,XFORM-MKTA-MGCP-DNIS_par,f,2,99
70541b5c-8650-ae4a-aabe-36c823e4864e,XFORM-MKEA-MGCP-DNIS_par,Contains per-site Called Party Transformation,,XFORM-MKEA-MGCP-DNIS_par,f,2,99
a8a3100a-10f5-3630-6aa2-d781cb06c82b,FXE-FIELD-A-AYEA-APP_css,AYEA CSS Applied to the phone lines and Gateway,,FXE-FIELD-A-AYEA-APP_par:BLOCKED-GENERAL_par:FXE-FIELD-A-INTERNAL_par,f,2,99
9b987805-8d71-27a3-ca6a-e98813642c6e,XFORM-SHRA-MGCP-DNIS_css,Applied to site gateway configuration in CUCM,,XFORM-SHRA-MGCP-DNIS_par,f,2,99
dcf62d5a-34fd-0fbe-1dad-2bf04c10f909,XFORM-SIKA-DNIS-OUT-css,Applied to site gateway configuration in CUCM,,,f,2,99
7dfa2c6b-ccb9-80d2-3853-e89f670d85a5,FXE-FIELD-A-LEEA-APP_css,LEEA CSS Applied to the phone lines and Gateway,,BLOCKED-GENERAL_par:FXE-FIELD-A-LEEA-APP_par:FXE-FIELD-A-INTERNAL_par,f,2,99
a99ac561-96c4-8995-9bea-9d26af2f62e3,FXE-FIELD-A-LOGA-APP_css,LOGA CSS Applied to the phone lines and Gateway,,BLOCKED-GENERAL_par:FXE-FIELD-A-LOGA-APP_par:FXE-FIELD-A-INTERNAL_par,f,2,99
2e8225d2-ac64-cba5-36f4-295bfe091564,XFORM-APFA-MGCP-DNIS_css,APFA Applied to site gateway configuration in CUCM,,XFORM-APFA-MGCP-DNIS_par,f,2,99
7fcae979-1edf-fee1-1c16-5e145359d656,FXE-FIDA-911_css,911 for FIDA,,NA-911_par,f,2,99
d8b14ef2-3956-538f-7ada-24f86f2d261a,FXE-FIELD-A-BTMA-APP_css,BTMA CSS to be Placed on the Lines at the Site,,BLOCKED-GENERAL_par:FXE-FIELD-A-BTMA-APP_par:FXE-FIELD-A-INTERNAL_par,f,2,99
32bcdb5c-53f3-d9a5-2510-b9c5911e4245,FXE-PDXRT-Local_css,FXE-PDXRT internal and local calls,,FXE-PDXRT_internal_par:NA-Local_par,f,2,99
2d098c8e-5d4f-408c-2dc8-00ffeb5df219,XFORM-BNHA-ANI-OUT-css,Applied to site gateway configuration in CUCM,,XFORM-BNHA-MGCP-ANI_par,f,2,99
5ddba784-e909-2612-89f9-a862988b2f7c,FXE-FIELD-A-SRWA-APP_css,SRWA CSS to be Placed on the Lines at the Site,,BLOCKED-GENERAL_par:FXE-FIELD-A-SRWA-APP_par:FXE-FIELD-A-INTERNAL_par,f,2,99
75fbc91a-3603-c9d7-c247-82a267179736,FXE-FIELD-A-JVIS3-APP_css,JVIS3 CSS Applied to the phone lines and Gateway,,BLOCKED-GENERAL_par:FXE-FIELD-A-JVIS3-APP_par:FXE-FIELD-A-INTERNAL_par,f,2,99
100cb0ff-7945-5f54-b128-5d571168e435,FXE-FIELD-DLDWK_International_css,DLDWK International css,,FXE-FIELD-DLDWK_internal_par:NA-Local_par:NA-LD_par:NA-International_par,f,2,99
86686765-a056-9378-2955-1384c34588cb,XFORM-ICTR-MGCP-DNIS_css,Applied to ICTR site gateway configuration in CUCM,,XFORM-ICTR-MGCP-DNIS_par,f,2,99
f06cb1dd-f0c2-51ae-d1d7-e81271bd8f84,BLOCKED-LD-css,"""Block INTL, LD, and Ent Policy""",,BLOCKED-GENERAL_par:BLOCKED-LD_par:BLOCKED-INTL_par,f,2,99
8da4d457-6922-50fc-33e8-9861742c53e7,XFORM-ARXA-MGCP-DNIS_css,Applied to site gateway configuration in CUCM,,XFORM-ARXA-MGCP-DNIS_par,f,2,99
67c8fc24-67d9-957b-e702-949fa9eb04a3,FXE-FIELD-A-QFEA-APP_css,QFEA CSS Applied to the phone lines and Gateway,,BLOCKED-GENERAL_par:FXE-FIELD-A-QFEA-APP_par:FXE-FIELD-A-INTERNAL_par,f,2,99
eedba8d6-2404-b398-deb4-1325914d1c2c,XFORM-SEAA-MGCP-DNIS_css,Applied to site gateway configuration in CUCM,,,f,2,99
c774c3e0-f59d-0012-0d53-30df485c4dd1,XFORM-LGUA-MGCP-DNIS_css,Applied to LGUA site gateway configuration in CUCM,,XFORM-LGUA-MGCP-DNIS_par,f,2,99
502d7451-9df7-6089-a8bc-c09205b75144,FXE-MOTA_911_css,911 for MOTA,,FXE-MOTA_911_par,f,2,99
cf2be461-327b-7386-a764-a2a4e57221e8,XFORM-CAOA-MGCP-DNIS_css,Applied to site gateway configuration in CUCM,,XFORM-CAOA-MGCP-DNIS_par,f,2,99
f02c4ff1-8766-8b4e-69a1-b86321b6e144,XFORM-LOZA-MGCP-DNIS_css,Applied to site gateway configuration in CUCM,,XFORM-LOZA-MGCP-DNIS_par,f,2,99
74c4d26f-ae71-3bd9-bd3d-d7e1ea42af87,FXE-FIELD-A-ESFA-APP_css,ESFA CSS to be Placed on the Lines at the Site,,BLOCKED-GENERAL_par:FXE-FIELD-A-ESFA-APP_par:FXE-FIELD-A-INTERNAL_par,f,2,99
990b7d6d-232e-7c33-5d10-709c03fe6679,XFORM-MJXA-DNIS-OUT_css,Applied to site gateway configuration in CUCM,,XFORM-MJXA-DNIS-OUT_par,f,2,99
cb29558d-30b0-d814-01cd-adb449e42410,XFORM-CVGR2-MGCP-DNIS_css,Applied to site gateway configuration in CUCM,,XFORM-CVGR2-MGCP-DNIS_par,f,2,99
19f32807-156e-2107-a85c-4277fee81cf4,FXE-FIELD-TWFA_911_css,911 for TWFA,,FXE-FIELD-TWFA_911_par,f,2,99
51776220-8299-1c44-3975-9b2ae27b40a3,FXE-FIELD-A-LBFA-APP_css,FXE-FIELD-A-LBFA-APP_css,,BLOCKED-GENERAL_par:FXE-FIELD-A-LBFA-APP_par:FXE-FIELD-A-INTERNAL_par,f,2,99
b80c7938-1baa-4a86-26f7-ae273e6f5b8f,FXE-FIELD-A-BFMRT-APP_css,BFMRT CSS Applied to the phone lines and Gateway,,BLOCKED-GENERAL_par:FXE-FIELD-A-BFMRT-APP_par:FXE-FIELD-A-INTERNAL_par,f,2,99
fa60d812-b6e0-1005-e090-0ab8db16b654,SANA_911_css,911 for SANA,,SANA_911_par,f,2,99
116931ba-c362-00db-558a-423ef4bfb4c7,FXE-FIELD-DLDWK_CngPTP-xform-GW-OUT_css,DLDWK Transforms numbers a they leave the local GW,,FXE-FIELD-DLDWK_CngPTP-Xform-GW-out_par,f,2,99
59a98360-340c-10f4-5736-88c77aa2ec16,XFORM-GIFA-MGCP-DNIS_css,GIFA Applied to site gateway configuration in CUCM,,XFORM-GIFA-MGCP-DNIS_par,f,2,99
d10010aa-0358-19f1-9086-01d51b42ccfb,XFORM-RUTA-MGCP-DNIS_css,Applied to site gateway configuration in CUCM,,XFORM-RUTA-MGCP-DNIS_par,f,2,99
f228a90e-3522-688c-69b7-4704d9850766,XFORM-SMFVK-MGCP-ANI_css,SMFVK Applied to site gateway configuration in CUC,,XFORM-SMFVK-MGCP-ANI_par,f,2,99
307f1043-8e4d-5033-2072-7285fd0c14f6,FXE-JGLRC_CngPTP-xform-GW-OUT_css,FXE-JGLRC Transforms numbers as they leave GW,,FXE-JGLRC_CngPTP-xform-GW-OUT_par,f,2,99
9d2f6ba0-1313-6ae7-b198-193f2e888425,XFORM-MRNA-MGCP-DNIS_css,MRNA Applied to site gateway configuration in CUCM,,XFORM-MRNA-MGCP-DNIS_par,f,2,99
7d444bff-76f4-e6a3-014f-edc953ae832f,FXE-FIELD-A-OAKR-APP-css,OAKR CSS to be Placed on the Lines at the Site,,BLOCKED-GENERAL_par:FXE-FIELD-A-OAKR-APP-par,f,2,99
e30a5a7d-09d7-d775-76f3-38ca6bfe3e7b,XFORM-MEJA-MGCP-DNIS_css,Applied to site gateway configuration in CUCM,,XFORM-MEJA-MGCP-DNIS_par,f,2,99
3fe3d9e9-4fd5-1706-7caa-a7e1f4b25fa6,FXE-FIELD-A-SYRRT-APP-css,SYRRT CSS to be Placed on the Lines at the Site,,BLOCKED-GENERAL_par:FXE-FIELD-A-SYRRT-APP-par,f,2,99
0bbce02c-2603-9324-b58b-efbbe75d34d7,XFORM-NIPA-MGCP-DNIS_css,Applied to site gateway configuration in CUCM,,XFORM-NIPA-MGCP-DNIS_par,f,2,99
9750f0ba-af95-0a6f-6335-ce8d66a1b4ac,CVGR-Internal_css,CVGR Internal Calls,,CVGR_Internal_par,f,2,99
357635c6-e84f-9ad5-1be9-9ecb2be9fcf5,XFORM-OBKS-MGCP-DNIS_css,Applied to site gateway configuration in CUCM,,XFORM-OBKS-MGCP-DNIS_par,f,2,99
535c6f91-6066-9318-ca0f-74fa3b6b3af3,FXE-FIELD-A-SDMB-APP_css,SDMB CSS to be Placed on the Lines at the Site,,BLOCKED-GENERAL_par:FXE-FIELD-A-SDMB-APP_par:FXE-FIELD-A-INTERNAL_par,f,2,99
797d784c-9fce-4361-64b7-ca133a823ef8,FXE-FIELD-A-YUMA-APP_css,YUMA CSS Applied to the phone lines and Gateway,,BLOCKED-GENERAL_par:YUMA_Internal_par:FXE-FIELD-A-INTERNAL_par,f,2,99
85e02009-6655-231f-3698-959b719bc11f,XFORM-MCOS-MGCP-DNIS_css,Applied to site gateway configuration in CUCM,,XFORM-MCOS-MGCP-DNIS_par,f,2,99
3c992348-80be-7b32-8163-1444867d31fc,FXE-MSYWK_CngPTP-xform-GW-OUT_css,FXE-MSYWK Trans numbers as they leave the local GW,,FXE-MSYWK_CngPTP-xform-GW-OUT_par,f,2,99
aff3466c-1086-4bc3-04c8-fb0f0fda8601,FXE-FIELD-A-SBYA-APP_css,SBYA CSS to be Placed on the Lines at the Site,,BLOCKED-GENERAL_par:FXE-FIELD-A-SBYA-APP_par:FXE-FIELD-A-INTERNAL_par,f,2,99
dd534d9b-8f65-6b76-8f4a-d2d7557766c3,MTJA_911_css,911 for MTJA,,MTJA_911_par,f,2,99
e9978f1b-8b3f-affe-c600-a092601e91bf,XFORM-CAKA-MGCP-DNIS_css,Applied to site gateway configuration in CUCM,,XFORM-CAKA-MGCP-DNIS_par,f,2,99
146bb375-ec49-267e-c6d2-8cbf2d6dafb2,JDTA_CngPTP-xform-IN_css,JDTA Transform Incoming CLID,,JDTA_CngPTP-Xform-IN_par,f,2,99
62515558-997b-6c49-d80d-b90bb051007a,FXE-FIELD-A-NBUA-APP_css,NBUA CSS to be Placed on the Lines at the Site,,BLOCKED-GENERAL_par:FXE-FIELD-A-NBUA-APP_par:FXE-FIELD-A-INTERNAL_par,f,2,99
9230251e-28ad-f8f7-2308-851febf7fd97,XFORM-IAHRT-MGCP-DNIS_css,Applied to site gateway configuration in CUCM,,XFORM-IAHRT-MGCP-DNIS_par,f,2,99
2a15b969-7040-1f44-8b3a-9cbec0174a0c,FXE-FIELD-A-RDUA-APP_css,RDUA CSS to be Placed on the Lines at the Site,,BLOCKED-GENERAL_par:FXE-FIELD-A-RDUA-APP_par:FXE-FIELD-A-INTERNAL_par,f,2,99
06607d0c-a4d6-29b2-2b49-cd53775783f0,XFORM-MYRA-MGCP-ANI_css,MYRA Applied to site gateway configuration in CUCM,,XFORM-MYRA-MGCP-ANI_par,f,2,99
6c171682-701f-770a-62a0-7f15c502964b,FXE-FIELD-SMFWK_CngPTP-xform-IN_css,FXE-SMFWK Transform Incoming CLID,,FXE-FIELD-SMFWK_CngPTP-Xform-IN_par,f,2,99
e4b4d16c-8ab3-c360-3783-6d65b7070bd2,XFORM-PIMA-MGCP-DNIS_css,Applied to site gateway configuration in CUCM,,XFORM-PIMA-MGCP-DNIS_par,f,2,99
6dad6ed4-dd2b-45b5-96fd-887fed2a354d,MKEWK_CngPTP-xform-IN_css,MKEWK Transform Incoming CLID,,MKEWK_CngPTP-Xform-IN_par,f,2,99
fbbc621e-47b8-6d6e-8b0a-48578b2cf1a3,FXE-FIELD-A-HHRB-APP_css,HHRB CSS to be Placed on the Lines at the Site,,FXE-FIELD-A-HHRB-APP_par:FXE-FIELD-A-INTERNAL_par:BLOCKED-GENERAL_par,f,2,99
59aea3cd-fdd6-3af6-bbdb-3c86c2f17684,FXS-SME-INBOUND-INTERNAL_css,FXS SME In and Out dialing,,FXE-FIELD-A-INTERNAL_par:FXS-SME-Global_par:DFWVK_internal_par,f,2,99
ce1d416a-3577-7501-4cf4-b6779e135417,FXE-FIELD-A-VGTA-APP-css,VGTA CSS to be Placed on the Lines at the Site,,BLOCKED-GENERAL_par:FXE-FIELD-A-VGTA-APP-par:FXE-FIELD-A-INTERNAL_par,f,2,99
c2ca1ea3-6fc3-67f4-8934-16a7bdcef657,FXE-FIELD-A-GIFA-APP_css,GIFA CSS Applied to the phone lines and Gateway,,BLOCKED-GENERAL_par:FXE-FIELD-A-GIFA-APP_par:FXE-FIELD-A-INTERNAL_par,f,2,99
3a7dcc54-709b-32b6-3839-c7ad4870c8ec,XFORM-STCA-MGCP-DNIS_css,Applied to site gateway configuration in CUCM,,,f,2,99
beed6fbf-144a-9b85-0c9f-2818213b836f,FXE-DRTA_CngPTP-xform-OUT_css,DRTA Transform numbers as they leave the local GW,,FXE-DRTA_CngPTP-xform-OUT_par,f,2,99
bdf8fc86-7113-8a45-7702-030a2bc6b1bb,XFORM-DNEA-MGCP-DNIS_css,Applied to site gateway configuration in CUCM,,XFORM-DNEA-MGCP-DNIS_par,f,2,99
f6e2adf3-bb4f-fa28-09df-41a8686e24a1,FXE-FIELD-A-PUB-APP_css,PUB CSS Applied to the phone lines and Gateway,,BLOCKED-GENERAL_par:FXE-FIELD-A-PUB-APP_par:FXE-FIELD-A-INTERNAL_par,f,2,99
4b540c11-4468-46a4-e9fb-4b5135116a27,XFORM-OGGA-MGCP-DNIS_css,Applied to site gateway configuration in CUCM,,XFORM-OGGA-MGCP-DNIS_par,f,2,99
77f307a9-9ae2-a365-cddb-b66b395da3a8,XFORM-AMWA-MGCP-DNIS_css,Applied to site gateway configuration in CUCM,,XFORM-AMWA-MGCP-DNIS_par,f,2,99
c3642db5-5de9-a71c-2ee1-246518f2761b,FXE-HTSR_CngPTP-xform-GW-IN_css,FXE-HTSR Transform Incoming GW CLID,,FXE-HTSR_CngPTP-Xform-GW-IN_par,f,2,99
9a91137e-fc5d-fdfb-b199-a55a164e5451,XFORM-LWSA-MGCP-DNIS_css,Applied to site gateway configuration in CUCM,,XFORM-LWSA-MGCP-DNIS_par,f,2,99
c958f154-2a7a-02fb-b55c-f9e6d49cd7af,XFORM-CBEA-MGCP-DNIS_css,Applied to site gateway configuration in CUCM,,XFORM-CBEA-MGCP-DNIS_par,f,2,99
617886d0-f6d9-62cf-d5a1-579234e32021,FBTA-Local_css,FBTA internal and local calls,,FBTA_internal_par:NA-Local_par,f,2,99
9f5022c7-0f94-49a2-6476-1395e1bb25bc,DCLEG_Local_css,DCLEG internal and local calls,,DCLEG_Internal_par:NA-Local_par,f,2,99
50688ab1-97cc-a450-f7eb-96d428780e21,FXE-SLCR_CngPTP-xform-IN_css,SLCR Transform Incoming CLID,,FXE-SLCR_CngPTP-Xform-IN_par,f,2,99
8c8c41d0-bd6e-9c57-2c0b-cc5ef4ddccf5,FXE-FIELD-A-ERIA-APP_css,ERIA CSS Applied to the phone lines and Gateway,,BLOCKED-GENERAL_par:FXE-FIELD-A-ERIA-APP_par:FXE-FIELD-A-INTERNAL_par,f,2,99
852aeba5-6af3-8153-2fe0-70e6b43ce9ef,FXE-BMIR_LD_css,BMIR LD css,,FXE-BMIR_internal_par:NA-Local_par:NA-LD_par,f,2,99
89e6411f-f370-9648-a978-857bf74bbcc8,XFORM-FTYA-MGCP-ANI_css,Applied to site gateway configuration in CUCM,,XFORM-FTYA-MGCP-ANI_par,f,2,99
e42bb5d5-26bc-eba7-a8c7-785219f2481b,XFORM-SANRT-MGCP-DNIS_css,Applied to site gateway configuration in CUCM,,XFORM-SANRT-MGCP-DNIS_par,f,2,99
ad761c01-9e66-c0ce-98af-455dc55b5ee1,FXE-FIELD-A-ORLA-APP_css,ORLA CSS to be Placed on the Lines at the Site,,BLOCKED-GENERAL_par:FXE-FIELD-A-ORLA-APP_par:FXE-FIELD-A-INTERNAL_par,f,2,99
02dc9bb7-68d7-ec0b-ad79-b7ff1610cfa3,FXE-JGLRC_CngPTP-xform-IN_css,FXE-JGLRC Transform Incoming CLID,,FXE-JGLRC_CngPTP-Xform-IN_par,f,2,99
32534b71-1fc8-b670-d29a-28a1df9251e5,FXE-GAO_CngPTP-xform-GW-IN_css,,,FXE-GAO_CngPTP-xform-GW-IN_par,f,2,99
dbeb1234-46f3-cd2b-a707-57dc53d64188,FXE-FIELD-A-SHVA-APP_css,SHVA CSS to be Placed on the Lines at the Site,,BLOCKED-GENERAL_par:FXE-FIELD-A-SHVA-APP_par:FXE-FIELD-A-INTERNAL_par,f,2,99
16544f4c-e6cb-14ee-baf9-fde728572c22,FXE-FIELD-A-LCHA-APP_css,LCHA CSS to be Placed on the Lines at the Site,,BLOCKED-GENERAL_par:FXE-FIELD-A-LCHA-APP_par:FXE-FIELD-A-INTERNAL_par,f,2,99
8f656059-530c-84c7-f468-f34a1745033f,FXE-FIELD-A-AUNA-APP_css,AUNA CSS Applied to the phone lines and Gateway,,BLOCKED-GENERAL_par:FXE-FIELD-A-AUNA-APP-par:FXE-FIELD-A-INTERNAL_par,f,2,99
26477e2e-ed09-bc61-785c-957e49cceb60,XFORM-MAFA-MGCP-DNIS_css,Applied to site gateway configuration in CUCM,,XFORM-MAFA-MGCP-DNIS_par,f,2,99
38eedb21-f7e7-9282-95fb-d3d3155f14a6,XFORM-BOIA-MGCP-DNIS-OUT__css,,,XFORM-BOIA-MGCP-DNIS_par,f,2,99
90691747-4ac5-b400-88bd-d23b428b4949,FXE-FIELD-A-LLXA-APP_css,LLXA CSS to be Placed on the Lines at the Site,,FXE-FIELD-A-LLXA-APP_par:BLOCKED-GENERAL_par:FXE-FIELD-A-INTERNAL_par,f,2,99
46027632-f6b7-9b00-2e88-d637ca2e1dc2,XFORM-LYHA-MGCP-DNIS_css,LYHA Applied to site gateway configuration in CUCM,,XFORM-LYHA -MGCP-DNIS_par,f,2,99
98a1b120-c8ce-d168-c3c7-e1b5fda353b3,XFORM-ITHA-MGCP-ANI_css,Applied to site gateway configuration in CUCM,,XFORM-ITHA-MGCP-ANI_par,f,2,99
8224d565-5555-5bee-d27f-b5fb3b1976f4,XFORM-HAVSC-MGCP-DNIS_css,Applied to site gateway configuration in CUCM,,XFORM-HAVSC-MGCP-DNIS_par,f,2,99
f21053ad-b14f-9453-15d3-7426079ac926,FXE-FIELD-A-BFRA-APP_css,BFRA CSS to be Placed on the Lines at the Site,,FXE-FIELD-A-BFRA-APP_par:BLOCKED-GENERAL_par:FXE-FIELD-A-INTERNAL_par,f,2,99
8f7c8684-122c-273c-0ce2-4ce939ebb5fa,XFORM-EGSWK-MGCP-DNIS_css,Applied to site gateway configuration in CUCM,,XFORM-EGSWK-MGCP-DNIS_par,f,2,99
44e86140-f2e3-eac2-80e8-2acca3f15326,XFORM-PDXB-MGCP-DNIS_css,Applied to site gateway configuration in CUCM,,XFORM-PDXB-MGCP-DNIS_par,f,2,99
34662950-bcf3-6a35-381d-5bad462facc6,XFORM-CCDA-MGCP-DNIS_css,Applied to site gateway configuration in CUCM,,XFORM-CCDA-MGCP-DNIS_par,f,2,99
2ee07cea-c5fe-9e89-43b1-86a77ede27ec,XFORM-BJAVM-MGCP-DNIS_css,Applied to site gateway configuration in CUCM,,XFORM-BJAVM-MGCP-DNIS_par,f,2,99
4f672dc5-3fee-6a2b-8e3f-51918f9fc410,XFORM-CPSSL-MGCP-DNIS_css,Applied to site gateway configuration in CUCM,,XFORM-CPSSL-MGCP-DNIS_par,f,2,99
b47741a7-891e-4d94-66b2-666e22161501,XFORM-BDRWK-MGCP-ANI_css,Applied to site gateway configuration in CUCM,,XFORM-BDRWK-MGCP-ANI_par,f,2,99
38f3d45a-2dfe-27cc-7d58-6076d1db1791,FXE-FIELD-A-DANA-APP_css,DANA CSS to be Placed on the Lines at the Site,,BLOCKED-GENERAL_par:FXE-FIELD-A-DANA-APP_par:FXE-FIELD-A-INTERNAL_par,f,2,99
1b39036c-28a9-eb2c-79b8-6dcf601d0ee6,BHMR_CngPTP-xform-GW-OUT_css,BHMR Transforms numbers as they leave the local GW,,BHMR_CngPTP-xform-GW-OUT_par,f,2,99
945039dd-af8c-e588-448c-2c21a3ad895e,FXE-MSYWK_CngPTP-xform-OUT_css,MSYWK Transform numbers as they leave the local GW,,FXE-MSYWK_CngPTP-xform-GW-OUT_par,f,2,99
36cc93b3-948f-a114-d1f8-a218280eddd2,FXE-FIELD-A-AMWA-APP_css,AMWA CSS Applied to the phone lines and Gateway,,BLOCKED-GENERAL_par:FXE-FIELD-A-AMWA-APP_par:FXE-FIELD-A-INTERNAL_par,f,2,99
56309185-d57c-1ee0-5e04-d8013b775696,XFORM-AOOA-MGCP-ANI_css,Applied to site gateway configuration in CUCM,,XFORM-AOOA-MGCP-ANI_par,f,2,99
14c25650-bea5-244a-bee1-c41053f72584,FXE-FIELD-SMFWK_International_css,SMFWK International css,,FXE-FIELD-A-SMFWK-APP_par:NA-Local_par:NA-LD_par:NA-International_par,f,2,99
6ed23078-5971-a432-1ccf-fdab72ca0d21,FXE-FIELD-A-SATS-APP_css,SATS CSS to be Placed on the Lines at the Site,,BLOCKED-GENERAL_par:FXE-FIELD-A-SATS-APP_par:FXE-FIELD-A-INTERNAL_par,f,2,99
2fd9cd5c-7fe5-78bd-7eee-4aba4ff2ddad,FXE-FIELD-A-CTXA-APP_css,CTXA CSS to be Placed on the Lines at the Site,,BLOCKED-GENERAL_par:FXE-FIELD-A-CTXA-APP_par:FXE-FIELD-A-INTERNAL_par,f,2,99
59b06b48-bcf8-f078-8003-4ad184b06d89,DTWR_CngPTP-xform-OUT_css,DTWR Transform numbers as they leave the local GW,,DTWR_CngPTP-xform-OUT_par,f,2,99
038224ea-68e2-f1de-7974-6d486b5a4408,FXE-FIELD-A-BOWA-APP_css,BOWA CSS Applied to the phone lines and Gateway,,BLOCKED-GENERAL_par:FXE-FIELD-A-BOWA-APP_par:FXE-FIELD-A-INTERNAL_par,f,2,99
363a9051-c4b8-866c-a860-8331a33695b2,FXE-FIELD-A-MFEA-APP_css,MFEA CSS to be Placed on the Lines at the Site,,BLOCKED-GENERAL_par:FXE-FIELD-A-MFEA-APP_par:FXE-FIELD-A-INTERNAL_par,f,2,99
a5b7cb7f-6336-a2d2-762b-4c2b5e486375,XFORM-FXEA-MGCP-DNIS_css,Applied to site gateway configuration in CUCM,,XFORM-FXEA-MGCP-DNIS_par,f,2,99
3da511eb-311d-31e0-5bc7-ce082aef2a3a,XFORM-BNHA-DNIS-OUT-css,Applied to site gateway configuration in CUCM,,XFORM-BNHA-MGCP-DNIS_par,f,2,99
19212e91-1f7d-c555-ac9f-d6fe45f24e2b,FXE-FIELD-A-BLMA-APP-css,BLMA CSS to be Placed on the Lines at the Site,,BLOCKED-GENERAL_par:FXE-FIELD-A-BLMA-APP-par:FXE-FIELD-A-INTERNAL_par,f,2,99
930dff57-8cf4-99bc-e985-35b90a29bca2,XFORM-SBDR-MGCP-DNIS_css,Applied to site gateway configuration in CUCM,,XFORM-SBDR-MGCP-DNIS_par,f,2,99
e3e46108-07bb-4b21-377d-aa8b2833dcfa,FXE-COSDC_UR_css,,,FXE-FIELD-A-PSCAN-ToD-On-Shore_par:FXS-LOCEFS-On-Call-TOD-Offshore_par:FXS-LOCEFS-On-Call-TOD-Onshore_par:FXS-SME-Global_par:FXE-FIELD-A-INTERNAL_par,f,2,99
39b705d1-dcc2-03d7-53fc-e32034f7a2ca,XFORM-BWGA-MGCP-ANI_css,Applied to site gateway configuration in CUCM,,XFORM-BWGA-MGCP-ANI_par,f,2,99
b1415401-b9bd-5e68-cea0-79acf0be3937,XFORM-HRLB-MGCP-DNIS_css,Applied to site gateway configuration in CUCM,,XFORM-HRLB-MGCP-DNIS_par,f,2,99
45b91638-9b71-f1c4-46c9-6588d25e5be4,FXE-IAHS_CngPTP-xform-GW-IN_css,FXE-IAHS Transform Incoming GW CLID,,FXE-IAHS_CngPTP-Xform-GW-IN_par,f,2,99
b7ab78c7-21db-23b8-2607-5b69b230ffc2,XFORM-MSNA-MGCP-DNIS_css,Applied to site gateway configuration in CUCM,,,f,2,99
2f54ba6f-13b1-f8c2-9fa4-1cc44beddb9f,FXE-FIELD-A-GGGA-APP_css,CSS Applied to the phone lines and Gateway,,FXE-FIELD-A-GGGA-APP_par:FXE-FIELD-A-INTERNAL_par:BLOCKED-GENERAL_par,f,2,99
3537e7c9-6ff4-0ee7-f2c6-6634ac161852,FXE-LAX200S_CngPTP-xform-OUT_css,LAX200S Transform numbers leaving the local GW,,FXE-LAX200S_CngPTP-xform-OUT_par,f,2,99
fdd612fd-c56a-cdd2-6e37-278ce466bafb,FXE-FIELD-A-HGRA-APP_css,HGRA CSS Applied to the phone lines and Gateway,,BLOCKED-GENERAL_par:FXE-FIELD-A-HGRA-APP_par:FXE-FIELD-A-INTERNAL_par,f,2,99
80959423-e8a5-f43b-139d-4b9e808e79cb,VM-Outdialing_css,VM outdialing_css,,VM-restricted_par:FXE-FIELD-A-INTERNAL_par:VM-IN-DIAL-par:VM-Outdial_par:FXE-FIELD-A-MDTRT-APP_par:FXE-FIELD-A-ICTR-APP_par:NA-Local_par:IADVK_Internal_par:FXE-FIELD-A-LBEA-APP_par:FXE-HTSR_internal_par:FXE-JGLRC_internal_par:FXE-FIELD-A-INTERNAL-MGCP-par:DCLEG_Internal_par:FXE-DENA_internal_par:NXXCS_PSTN_par:FXE-FIELD-A-CLEWK-APP_par:FXE-FIELD-A-HHRA-APP_par:FXE-FIELD-A-LLYA-APP_par:FXE-FIELD-A-FLLRT-APP_par:FXE-FIELD-A-BDRWK-APP_par:FXE-FIELD-A-SUAA-APP_par:FXE-FIELD-A-APAA-APP_par:FXE-FIELD-A-ABQA-APP_par:FXE-FIELD-A-BPAA-APP_par:FXE-FIELD-A-RDUR-APP_par:FXE-FIELD-A-RDUSL-APP_par:FXE-FIELD-A-FOKA-APP_par:FXE-FIELD-A-BOSR-APP_par:ORDVK_Internal_par:FXE-FIELD-A-BLIA-APP_par:FXE-SLCR_internal_par:FXE-FIELD-A-NYCSL-APP_par:MQYA_Internal_par:FXE-FIELD-A-THVA-APP_par:FXE-FIELD-A-FTYE-APP_par:ORDR_Internal_par:FXE-FIELD-A-RDVRT-APP_par:FXE-FIELD-A-OMAR-APP-par,f,2,99
f7803a58-b755-bb34-bc74-00c4952524ff,FXE-FIELD-A-MTHA-APP_css,MTHA CSS to be Placed on the Lines at the Site,,BLOCKED-GENERAL_par:FXE-FIELD-A-MTHA-APP_par:FXE-FIELD-A-INTERNAL_par,f,2,99
d72e05a4-f49e-be5d-0e46-60da43057e78,MPZA-911_css,911 for MPZA,,NA-911_par,f,2,99
7233d13c-5109-9431-b159-538bd0756604,FXE-FIELD-A-CRWA-APP_css,CRWA CSS to be Placed on the Lines at the Site,,BLOCKED-GENERAL_par:FXE-FIELD-A-CRWA-APP_par:FXE-FIELD-A-INTERNAL_par,f,2,99
26dd0c63-e3cb-27bf-dc59-c1e57f6ce6d0,ISNA_internal_css,Internal for ISNA,,ISNA_Internal_par:ISNA_911_par,f,2,99
565b35c3-b425-f953-51e6-7c7f898186fd,XFORM-BFLA1-MGCP-DNIS_css,Applied to site gateway configuration in CUCM,,XFORM-BFLA1-MGCP-DNIS_par,f,2,99
19896d6f-33ed-14f5-d00f-93ceac6384bf,XFORM-JLNA-MGCP-DNIS_css,Applied to site gateway configuration in CUCM,,XFORM-JLNA-MGCP-DNIS_par,f,2,99
31c3e34e-6d40-58ac-5fc5-708a7c6490c5,XFORM-TUPA-MGCP-DNIS_css,TUPA Applied to site gateway configuration in CUCM,,,f,2,99
aa6bcc42-c183-b4b6-b600-b64bf14628bb,FXE-FIELD-A-NORMALIZE-MGCP-css,Normalizes 11-Digit LD to 10-Digit LD for MGCP,,FXE-FIELD-A-INTERNAL_par:FXE-FIELD-A-NORMALIZE-MGCP-par,f,2,99
263c6dfa-7735-2945-c6f0-8399e5860ef2,FXE-FIELD-A-TCMA-APP_css,TCMA CSS to be Placed on the Lines at the Site,,BLOCKED-GENERAL_par:FXE-FIELD-A-TCMA-APP_par:FXE-FIELD-A-INTERNAL_par,f,2,99
36adc4e8-e095-7d01-5d48-f5b7335b047f,FXE-FIELD-A-GRRR-APP_css,GRRR CSS Applied to the phone lines and Gateway,,BLOCKED-GENERAL_par:FXE-FIELD-A-GRRR-APP_par:FXE-FIELD-A-INTERNAL_par,f,2,99
61cfbbff-7ba9-79e2-1ee6-98062b377a87,FXE-SGUA_internal_css,Internal for FXE-SGUA,,FXE-SGUA_internal_par,f,2,99
2a76bf25-839d-0555-7b4b-bf3e9f93c323,FXE-FIELD-A-MSNA-APP_css,MSNA CSS to be Placed on the Lines at the Site,,BLOCKED-GENERAL_par:FXE-FIELD-A-MSNA-APP_par:FXE-FIELD-A-INTERNAL_par,f,2,99
ab97a4e8-ee99-8c28-bd12-8dda4df33a6f,XFORM-SLCA-MGCP-DNIS_css,Applied to site gateway configuration in CUCM,,XFORM-SLCA-MGCP-DNIS_par,f,2,99
8327486b-7f34-a091-b6b9-bc8bf1fbfd20,FXE-FIELD-A-AUSA1-APP_css,AUSA1 CSS to be Placed on the Lines at the Site,,BLOCKED-GENERAL_par:FXE-FIELD-A-AUSA1-APP_par:FXE-FIELD-A-INTERNAL_par,f,2,99
67ec9bc6-492a-f0d0-4329-d9d0f5e24476,FXE-FIELD-SMFWK_911_css,911 for SMFWK,,FXE-FIELD-SMFWK_911_par,f,2,99
6dcd3778-4aa3-ad4c-a2c2-fa651d970df9,XFORM-BAFA-MGCP-DNIS_css,Applied to site gateway configuration in CUCM,,XFORM-BAFA-DNIS_par,f,2,99
22a49734-1f88-004b-7630-dc475407ceaa,XFORM-LVKA-MGCP-DNIS_css,Applied to site gateway configuration in CUCM,,XFORM-LVKA-MGCP-DNIS_par,f,2,99
e06e8dda-b549-5bce-6ee3-6d822a38a1ec,EWRVK-LD_css,EWRVK internal and local and LD calls,,EWRVK_Internal_par:NA-Local_par:NA-LD_par,f,2,99
6817af79-212b-5642-95a6-b30f9cd3e121,STLRT_CngPTP-xform-GW-OUT_css,STLR Transforms numbers as they leave the local GW,,STLRT_CngPTP-xform-GW-OUT_par,f,2,99
225b2ed0-85a4-39e5-1df6-1658b2ef3ab0,XFORM-LGBA-MGCP-DNIS_css,LGBA Applied to site gateway configuration in CUCM,,XFORM-LGBA-MGCP-DNIS_par,f,2,99
3beeae97-fabb-feb4-df51-47443f14364f,911-css,911 CSS for MGCP Sites TEMP,,911_par,f,2,99
5cc77c77-acde-c024-a486-0fa67dd8087e,FXE-DENA_CngPTP-xform-GW-IN_css,FXE-DENA Transform Incoming GW CLID,,FXE-DENA_CngPTP-Xform-GW-IN_par,f,2,99
5028f9af-58d6-22ed-2ec6-1c2d017ab788,FXE-FIELD-A-PITR-APP_css,PITR CSS to be Placed on the Lines at the Site,,FXE-FIELD-A-PITR-APP_par:FXE-FIELD-A-INTERNAL_par:BLOCKED-GENERAL_par,f,2,99
79967043-349c-d875-4c6c-e9ac391ceb80,FXE-FIELD-A-THAA-APP_css,THAA CSS to be Placed on the Lines at the Site,,BLOCKED-GENERAL_par:FXE-FIELD-A-THAA-APP_par:FXE-FIELD-A-INTERNAL_par,f,2,99
88eaef2a-dc0e-32a3-99dc-b47f584ff57e,NXXA-Internal_css,NXXA Internal Calls,,FXE-FIELD-A-NXXA-APP_par,f,2,99
61e2c8c5-5a0a-9d5f-deb5-2d4bfbbf7f05,FXE-HTSR-911_css,911 for HTSR,,NA-911_par,f,2,99
2374be09-2063-b4d8-c2d3-b3971aa4a8c4,XFORM-HBYA-MGCP-DNIS_css,Applied to site gateway configuration in CUCM,,XFORM-HBYA-MGCP-DNIS_par,f,2,99
e93d2486-af4b-17dd-0adb-8e1f64d25115,XFORM-RKWA-MGCP-DNIS-OUT-css,Localize Egress PSTN DNIS to match telco Req,,XFORM-RKWA-DNIS-OUT-par,f,2,99
79aad260-5b5f-4fb4-d607-06bb038f9987,FXE-FIELD-A-GCCA-APP_css,GCCA CSS to be Placed on the Lines at the Site,,FXE-FIELD-A-GCCA-APP_par:FXE-FIELD-A-INTERNAL_par:BLOCKED-GENERAL_par,f,2,99
90257847-ac93-2bf8-ba71-f3d6523208e2,FXE-FIELD-A-GEGR-APP_css,GEGR CSS Applied to the phone lines and Gateway,,BLOCKED-GENERAL_par:FXE-FIELD-A-GEGR-APP_par:FXE-FIELD-A-INTERNAL_par,f,2,99
6f0856b0-0e89-cfe9-60cf-42b9fdbd4cdc,EWRGS_CngPTP-xform-GW-IN_css,EWRGS Transform Incoming GW CLID,,EWRGS_CngPTP-Xform-GW-IN_par,f,2,99
0edb7d5a-0db0-3742-ba96-adccbc2303ee,FXE-FIELD-A-JEFA-APP_css,JEFA CSS Applied to the phone lines and Gateway,,BLOCKED-GENERAL_par:FXE-FIELD-A-JEFA-APP_par:FXE-FIELD-A-INTERNAL_par,f,2,99
cc0eaa04-705a-7b13-3545-926733f16e46,FXE-FIELD-A-CSNA-APP_css,CSNA CSS Applied to the phone lines and Gateway,,BLOCKED-GENERAL_par:FXE-FIELD-A-CSNA-APP_par:FXE-FIELD-A-INTERNAL_par,f,2,99
a35b1d4b-9d41-37f5-1c51-1e6b2361befc,FXE-FIELD-A-PYMA-APP_css,PYMA CSS to be Placed on the Lines at the Site,,BLOCKED-GENERAL_par:FXE-FIELD-A-PYMA-APP_par:FXE-FIELD-A-INTERNAL_par,f,2,99
ca10e86b-c71b-cdf4-7d9a-ced61ae5d7c3,FXE-MSPWK_Local_css,MSPWK Local css,,FXE-MSPWK_internal_par:NA-Local_par,f,2,99
41a1ed50-9298-628e-9590-0301a0c65aad,APVA_911_css,911 for APVA,,APVA_911_par,f,2,99
4bcadfa8-a7ee-ec53-6983-8596dbed22d8,FXE-FIELD-A-DETA-APP_css,DETA CSS Applied to the phone lines and Gateway,,BLOCKED-GENERAL_par:FXE-FIELD-A-DETA-APP_par:FXE-FIELD-A-INTERNAL_par,f,2,99
68b05b6c-5074-91b4-bd1d-bbb473dc3809,NXXCS_internal_css,Internal for NXXCS,,FXE-FIELD-A-NXXCS-APP_par,f,2,99
61dca5d7-ed94-173d-d4ae-1075d09fbde9,LKSA2_PSTN_css,"""Internal, External for LKSA2""",,FXE-FIELD-A-LKSA2-APP_par:LKSA2_PSTN_par,f,2,99
23ca6ab7-ea36-c568-68bc-389aae894bc3,FXE-FIELD-A-CHSR-APP_css,CHSR CSS Applied to the phone lines and Gateway,,BLOCKED-GENERAL_par:FXE-FIELD-A-CHSR-APP_par:FXE-FIELD-A-INTERNAL_par,f,2,99
7c0f0920-6661-43b1-a02e-0fab01dff5b0,MKEWK-Local_css,MKEWK internal and local calls,,MKEWK_Internal_par:NA-Local_par,f,2,99
42ddb923-22c5-c1af-1a21-cd78ce38dbb8,XFORM-BWGA-MGCP-DNIS_css,Applied to site gateway configuration in CUCM,,XFORM-BWGA-MGCP-DNIS-par,f,2,99
07502df5-9bc4-d918-54c5-1f4905f044cd,XFORM-PLBA-ANI-OUT-css,Applied to site gateway configuration in CUCM,,XFORM-PLBA-MGCP-ANI_par,f,2,99
9fff13dc-b78f-02b9-f769-7f1b7180c435,FXE-FIELD-A-JLNA-APP_css,JLNA CSS Applied to the phone lines and Gateway,,BLOCKED-GENERAL_par:FXE-FIELD-A-JLNA-APP_par:FXE-FIELD-A-INTERNAL_par,f,2,99
fa7e990e-3baf-3f84-63e0-d4101eec8633,FXE-MCORT_International_css,MCORT International css,,FXE-FIELD-A-MCORT-APP_par:NA-Local_par:NA-LD_par:NA-International_par,f,2,99
9ee224d3-de02-8e10-06e9-21e206a87ec9,FXE-FIELD-A-DRTA-APP_css,Internal for DRTA,,BLOCKED-GENERAL_par:FXE-Field-A-DRTA-APP_par:FXE-FIELD-A-INTERNAL_par,f,2,99
e8e5ba6f-220e-113d-1da3-cd096eab885e,MPZA-UR_css,"""MPZA internal, local, LD and international calls""",,MPZA_Internal_par:NA-Local_par:NA-LD_par:NA-International_par,f,2,99
c93d1505-1551-9fe5-89fb-ae29a2dc196a,FXE-FIELD-A-SMFVK-APP_css,SMFVK CSS to be Placed on the Lines at the Site,,BLOCKED-GENERAL_par:FXE-FIELD-A-SMFVK-APP_par:FXE-FIELD-A-INTERNAL_par,f,2,99
6656bdd8-3159-fa3e-7efe-ec6daab9f24d,FXE-FIELD-A-MQYA-APP_css,MQYA CSS to be Placed on the Lines at the Site,,BLOCKED-GENERAL_par:FXE-Field-A-MQYA-APP_par:FXE-FIELD-A-INTERNAL_par,f,2,99
cdc79a50-83f0-7675-a9f4-e4bc683fa852,FXE-FIELD-A-FSDA-APP_css,FSDA CSS Applied to the phone lines and Gateway,,BLOCKED-GENERAL_par:FXE-FIELD-A-FSDA-APP_par:FXE-FIELD-A-INTERNAL_par,f,2,99
c7f34c66-c415-834d-bf44-a7d8a91bef49,XFORM-DXRA-ANI-OUT-css,Applied to site gateway configuration in CUCM,,XFORM-DXRA-MGCP-ANI_par,f,2,99
6ce52ff1-f4dd-97e3-e824-7a9a3163a3ef,FXE-FIELD-A-ABQA-APP_css,ABQA CSS Applied to the phone lines and Gateway,,FXE-FIELD-A-ABQA-APP_par:BLOCKED-GENERAL_par:FXE-FIELD-A-INTERNAL_par:VM-restricted_par,f,2,99
6f725ebe-fb37-8dba-7b68-bea2bb7350b3,XFORM-BMGA-MGCP-DNIS_css,Applied to site gateway configuration in CUCM,,XFORM-BMGA-MGCP-DNIS_par,f,2,99
df676aec-b97e-b07b-95ae-c0ee8fa93462,FXE-FIELD-A-BFFA-APP_css,BFFA CSS to be Placed on the Lines at the Site,,BLOCKED-GENERAL_par:FXE-FIELD-A-BFFA-APP_par:FXE-FIELD-A-INTERNAL_par,f,2,99
9bfbe310-3827-f09c-2e03-b46072c206e2,FXE-FIELD-A-DLHA-APP_css,DLHA CSS to be Placed on the Lines at the Site,,BLOCKED-GENERAL_par:FXE-FIELD-A-DLHA-APP_par:FXE-FIELD-A-INTERNAL_par,f,2,99
2a74bfab-bcd0-7d12-969b-53fe72165103,XFORM-JGXA-MGCP-DNIS_css,Applied to site gateway configuration in CUCM,,XFORM-JGXA-MGCP-DNIS_par,f,2,99
642f3a59-fada-a11b-d39e-53407e5bf49d,ROCA-TESTING,,,ROCA-TESTING,f,2,99
b5b015cf-ceb3-74d1-0809-51d03736f2af,BURA_CngPTP-xform-GW-IN_css,BURA Transform Incoming GW CLID,,BURA_CngPTP-Xform-GW-IN_par,f,2,99
7ae6d37f-323f-da65-1478-2c37a4251ec3,FXE-FIELD-A-SRUA-APP_css,SRUA CSS to be Placed on the Lines at the Site,,BLOCKED-GENERAL_par:FXE-FIELD-A-SRUA-APP_par:FXE-FIELD-A-INTERNAL_par,f,2,99
09aa5419-9c6a-0ceb-a054-83b361a8922b,FXE-FIELD-A-CIUA-APP_css,CIUA CSS to be Placed on the Lines at the Site,,BLOCKED-GENERAL_par:FXE-Field-A-CIUA-app_par:FXE-FIELD-A-INTERNAL_par,f,2,99
974b1060-84d9-f034-cae5-56fe545fdf68,FXE-FIELD-A-ARXA-APP-css,ARXA CSS to be Placed on the Lines at the Site,,BLOCKED-GENERAL_par:FXE-FIELD-A-ARXA-APP-par:FXE-FIELD-A-INTERNAL_par,f,2,99
c9e534d9-c60a-d3da-2151-b98fb270b731,IADVK_PSTN_css,"""Internal, External for IADVK""",,IADVK_PSTN_par:IADVK_Internal_par:VM-restricted_par,f,2,99
4be4761a-9bd4-c735-12f4-71797450c6a8,XFORM-FYVA-MGCP-ANI_css,Applied to site gateway configuration in CUCM,,XFORM-FYVA-MGCP-ANI_par,f,2,99
f7cc56dd-6b27-06d0-54a6-dbd57888ad48,XFORM-BHMRT-MGCP-ANI-OUT-css,Localize Egress PSTN ANI to match telco Req,,XFORM-BHMRT-ANI-OUT-par,f,2,99
f50afe6a-b533-66ef-987e-580f3ca10480,FXE-FIELD-A-MIA-APP_css,CSS Applied to the phone lines and Gateway,,BLOCKED-GENERAL_par:FXE-FIELD-A-MIA-APP_par:FXE-FIELD-A-INTERNAL_par,f,2,99
b78aea28-6e79-5ca0-2713-3b833a37f15a,FXE-FIELD-A-SGFR-APP_css,SGFR CSS Applied to the phone lines and Gateway,,BLOCKED-GENERAL_par:FXE-FIELD-A-SGFR-APP_par:FXE-FIELD-A-INTERNAL_par,f,2,99
6c73700f-cd41-7ff2-267b-56d29312cf05,FXE-FIELD-A-ARBA-APP_css,ARBA CSS to be Placed on the Lines at the Site,,BLOCKED-GENERAL_par:FXE-FIELD-A-ARBA-APP_par:FXE-FIELD-A-INTERNAL_par,f,2,99
6c2c613c-d88b-89b5-ea3f-d24d8847a478,FXE-FIELD-A-BIL-APP_css,BIL CSS to be Placed on the Lines at the Site,,BLOCKED-GENERAL_par:FXE-FIELD-A-BIL-APP_par:FXE-FIELD-A-INTERNAL_par,f,2,99
0542a6d7-a31c-2513-be52-8cc5baa0ab90,FXE-FIELD-A-SOWA-APP_css,SOWA CSS Applied to the phone lines and Gateway,,BLOCKED-GENERAL_par:FXE-FIELD-A-SOWA-APP_par,f,2,99
d39966e9-1651-0b30-2f0c-261b00fda5a5,FXE-FIELD-A-MBSA-APP_css,MBSA CSS to be Placed on the Lines at the Site,,BLOCKED-GENERAL_par:FXE-FIELD-A-MBSA-APP_par:FXE-FIELD-A-INTERNAL_par,f,2,99
00224247-d1e5-c1d8-c905-860854dc9c34,FXE-BFIWK_Local_css,BFIWK Local css,,FXE-FIELD-A-BFIWK-APP_par:NA-Local_par,f,2,99
34d0778a-32cd-90d9-cddd-bed88c9393d6,FBTA-UR_css,"""FBTA internal, local, LD and international calls""",,FBTA_internal_par:NA-Local_par:NA-LD_par:NA-International_par,f,2,99
80b4afe2-fe62-c015-af16-592d016386c1,FXE-FIELD-A-TLH-APP_css,TLH CSS to be Placed on the Lines at the Site,,BLOCKED-GENERAL_par:FXE-FIELD-A-TLH-APP_par:FXE-FIELD-A-INTERNAL_par,f,2,99
1613df98-cf68-a6f6-f13f-c41ac0e4cae9,XFORM-IXDA-MGCP-DNIS_css,Applied to site gateway configuration in CUCM,,XFORM-IXDA-MGCP-DNIS_par,f,2,99
6f9d896e-d548-de0d-b465-6daccbe8d90e,XFORM-ATWA-MGCP-DNIS_css,Applied to site gateway configuration in CUCM,,XFORM-ATWA-MGCP-DNIS_par,f,2,99
837a0fff-e53c-bdee-2ffc-9dd45ea59b00,FXE-DALA_internal_css,Internal for DALA,,FXE-DALA_internal_par,f,2,99
cce1024d-f162-b978-e1b2-0f1ed9e2b95c,XFORM-FLGA-MGCP-DNIS_css,Applied to FLGA site gateway configuration in CUCM,,XFORM-FLGA-MGCP-DNIS_par,f,2,99
19d34c24-27e9-b990-4448-239967b21c46,FXE-FIDA_CngPTP-xform-IN_css,FIDA Transform Incoming CLID,,FXE-FIDA_CngPTP-Xform-IN_par,f,2,99
9d6f64aa-589b-33c0-4225-96bef6904eb5,FXE-FIELD-A-SSIA-APP_css,SSIA CSS to be Placed on the Lines at the Site,,BLOCKED-GENERAL_par:FXE-FIELD-A-SSIA-APP_par:FXE-FIELD-A-INTERNAL_par,f,2,99
de201e35-b8ee-c0ba-f3d9-a79b6218ca48,XFORM-KNTA-MGCP-DNIS_css,Applied to site gateway configuration in CUCM,,XFORM-KNTA-MGCP-DNIS_par,f,2,99
da6d2334-08d3-984e-ae09-003359b1a8c1,FXE-FIELD-A-HNLA-APP_css,HNLA CSS to be Placed on the Lines at the Site,,BLOCKED-GENERAL_par:FXE-FIELD-A-HNLA-APP_par:FXE-FIELD-A-INTERNAL_par,f,2,99
cb2e847b-afee-13ec-0a9e-207beef02287,XFORM-MLIA-MGCP-DNIS_css,Applied to site gateway configuration in CUCM,,XFORM-MLIA-MGCP-DNIS_par,f,2,99
6b4830a7-6955-8b67-4975-df9eee1f017a,XFORM-MWHA-MGCP-DNIS_css,MWHA Applied to site gateway configuration in CUCM,,XFORM-MWHA-MGCP-DNIS_par,f,2,99
2bc043ff-b02d-ccb8-f474-e66b89403e63,FXE-FIELD-A-SUSA-APP_css,SUSA CSS Applied to the phone lines and Gateway,,BLOCKED-GENERAL_par:FXE-FIELD-A-SUSA-APP_par:FXE-FIELD-A-INTERNAL_par,f,2,99
bcc268ee-81e3-0fcd-6bcc-bcef791b250a,XFORM-ACYA-DNIS-OUT-css,Applied to site gateway configuration in CUCM,,XFORM-ACYA-DNIS-OUT_par,f,2,99
67158634-1d65-1fac-7097-4be4ff727403,UGNSA_internal_css,Internal for UGNSA,,,f,2,99
f9c0bb12-f47e-1c79-fe18-342f0553a755,SNAR_internal_css,Internal for SNAR,,FXE-FIELD-A-SNAR-APP_par,f,2,99
0b944900-251f-5d73-319d-7b067b9452b2,FXE-FIELD-A-WTCA-APP_css,WTCA CSS to be Placed on the Lines at the Site,,BLOCKED-GENERAL_par:FXE-FIELD-A-WTCA-APP_par:FXE-FIELD-A-INTERNAL_par,f,2,99
321e8947-ffa4-6429-37f2-3485b1848392,XFORM-PSMA-MGCP-DNIS_css,Applied to site gateway configuration in CUCM,,XFORM-PSMA-MGCP-DNIS_par,f,2,99
d67879be-bcab-df8f-7208-a3f00de1eb51,FXE-FIELD-A-FHR-APP_css,FHR CSS Applied to the phone lines and Gateway,,BLOCKED-GENERAL_par:FXE-FIELD-A-FHR-APP_par:FXE-FIELD-A-INTERNAL_par,f,2,99
97c74a8f-ba80-1463-9b5a-1cb8b00b5e55,FXE-FIELD-A-BKWA-APP_css,BKWA CSS Applied to the phone lines and Gateway,,BLOCKED-GENERAL_par:FXE-FIELD-A-BKWA-APP_par:FXE-FIELD-A-INTERNAL_par,f,2,99
24634ed8-2798-ddec-3886-522d7bb359ec,FXE-FIELD-A-PAOA-APP_css,PAOA CSS to be Placed on the Lines at the Site,,BLOCKED-GENERAL_par:FXE-FIELD-A-PAOA-APP_par:FXE-FIELD-A-INTERNAL_par,f,2,99
9fd2636f-605f-18b8-c456-3ceb036fcac2,XFORM-ACTA-MGCP-ANI_css,Applied to site gateway configuration in CUCM,,XFORM-ACTA-MGCP-ANI_par,f,2,99
423dcfc8-b248-c808-089b-f8ae79f9f9d9,ISNA_PSTN_css,"""Internal, External for ISNA""",,ISNA_Internal_par:ISNA_PSTN_par:ISNA_911_par,f,2,99
ac12e31a-d636-540b-6a37-f38ac2cbedb6,XFORM-GJTR-MGCP-DNIS_css,Applied to site gateway configuration in CUCM,,XFORM-GJTR-MGCP-DNIS_par,f,2,99
7871ac59-07e6-c631-5ec3-80231c99131a,FXE-FIELD-A-SCEA-APP_css,SCEA CSS to be Placed on the Lines at the Site,,911-SIP-SPECIAL_par:BLOCKED-GENERAL_par:FXE-FIELD-A-SCEA-APP_par:FXE-FIELD-A-INTERNAL_par,f,2,99
2c03cc29-c5c3-b5e6-6942-ae27dc9efd61,FXE-FIELD-A-MCODC-GW-css,,,FXE-FIELD-A-INTERNAL_par,f,2,99
e195a2a2-961d-737f-caa3-6f9e96a942e3,FXE-PDXRT-UR_css,"""FXE-PDXRT internal,local,LD, international calls""",,FXE-PDXRT_internal_par:NA-Local_par:NA-LD_par:NA-International_par,f,2,99
a0e9c466-60b6-9120-6323-4cdb363bb89d,XFORM-FLGA-MGCP-ANI_css,Applied to FLGA site gateway configuration in CUCM,,XFORM-FLGA-MGCP-ANI_par,f,2,99
c2a62dde-7d8b-deaa-ebbf-d34dac97662a,FXE-FIELD-A-MPJA-APP_css,MPJA CSS Applied to the phone lines and Gateway,,BLOCKED-GENERAL_par:FXE-FIELD-A-MPJA-APP_par:FXE-FIELD-A-INTERNAL_par,f,2,99
ff640a94-94a8-d158-8ac1-b848d7b12f5c,FXE-FIELD-A-MHTR-APP_css,MHTR CSS to be Placed on the Lines at the Site,,BLOCKED-GENERAL_par:FXE-FIELD-A-MHTR-APP_par:FXE-FIELD-A-INTERNAL_par,f,2,99
f2890308-a96a-7680-69ff-b5bd0f6b4bab,XFORM-DETK-MGCP-ANI_css,Applied to site gateway configuration in CUCM,,XFORM-DETK-MGCP-ANI_par,f,2,99
3b61640a-8b84-ae24-0be7-ef9eb0858d36,MKEWK_CngPTP-xform-OUT_css,MKEWK Transform numbers as they leave the local GW,,MKEWK_CngPTP-xform-OUT_par,f,2,99
81074d25-0ae7-981d-f05a-2fb9ad2968e3,XFORM-JSDA-DNIS-OUT-css,Applied to site gateway configuration in CUCM,,XFORM-JSDA-MGCP-DNIS_par,f,2,99
1aceb84c-ed92-4d90-42a9-8d24d88a1c9c,FXE-FIELD-A-BRYA-APP_css,BRYA CSS to be Placed on the Lines at the Site,,BLOCKED-GENERAL_par:FXE-FIELD-A-BRYA-APP_par:FXE-FIELD-A-INTERNAL_par,f,2,99
085080be-d780-80fd-4161-a7529df689c4,FXE-FIELD-A-RNOA-APP_css,RNOA CSS to be Placed on the Lines at the Site,,BLOCKED-GENERAL_par:FXE-FIELD-A-RNOA-APP_par:FXE-FIELD-A-INTERNAL_par,f,2,99
5704e9c8-d9ba-bab6-2a62-a6b4a2dab4ec,XFORM-BFFA-MGCP-DNIS_css,Applied to site gateway configuration in CUCM,,XFORM-BFFA-MGCP-DNIS_par,f,2,99
637aa83c-79bc-a6c2-524e-746fba7c37ef,BNAR_PSTN_css,"""Internal, external for BNAR""",,FXE-FIELD-A-BNAR-APP_par:BNAR_PSTN_par:BNAR_911_par,f,2,99
8f556642-3214-e2c2-04f3-24ece1907873,XFORM-CHAA-ANI_css,,,XFORM-CHAA-ANI_par,f,2,99
07a49755-32ad-72b5-1917-d72f02eaa9f3,FXG-FIELD-A-0502-APP_css,0502 CSS to be Placed on the Lines at the Site,,BLOCKED-GENERAL_par:FXG-FIELD-A-0502-APP_par:FXE-FIELD-A-INTERNAL_par,f,2,99
e71504bb-c7ee-24ff-0379-79113388c0d2,XFORM-BPTA-MGCP-DNIS_css,Applied to site gateway configuration in CUCM,,XFORM-BPTA-MGCP-DNIS_par,f,2,99
5f575d58-aecc-32c6-5fbe-cb1824181e16,XFORM-JBRA-MGCP-DNIS_css,Applied to site gateway configuration in CUCM,,XFORM-JBRA-MGCP-DNIS_par,f,2,99
016131e9-3404-faf2-2abb-6cb34c394f24,FXE-FIDA_CngPTP-xform-GW-IN_css,FXE-FIDA Transform Incoming GW CLID,,FXE-FIDA_CngPTP-Xform-GW-IN_par,f,2,99
7d4fdbe2-60b2-096a-c981-8722c9183d4e,FXE-FIELD-A-DTWA-APP_css,DTWA CSS to be Placed on the Lines at the Site,,BLOCKED-GENERAL_par:FXE-FIELD-A-DTWA-APP_par:FXE-FIELD-A-INTERNAL_par,f,2,99
c1be7a78-528e-c24d-bdb3-fa3784c04fe9,XFORM-LEEA-MGCP-DNIS_css,Applied to site gateway configuration in CUCM,,XFORM-LEEA-MGCP-DNIS_par,f,2,99
e0e14d19-bc75-d308-8a73-23f2506e812b,FXE-FIELD-A-ZZVA-APP_css,ZZVA CSS Applied to the phone lines and Gateway,,BLOCKED-GENERAL_par:FXE-FIELD-A-ZZVA-APP_par:FXE-FIELD-A-INTERNAL_par,f,2,99
da5b7b24-c29e-a112-c685-ea8f871db490,FXE-LAX200S_LD_css,LAX200S LD css,,FXE-LAX200S_internal_par:NA-Local_par:NA-LD_par,f,2,99
5774cb0c-bc25-69ed-b2b9-f3eaf6a17662,FXE-FIELD-A-BTVA-APP-css,BTVA CSS to be Placed on the Lines at the Site,,BLOCKED-GENERAL_par:FXE-FIELD-A-BTVA-APP-par:FXE-FIELD-A-INTERNAL_par,f,2,99
ea811bf7-5dde-ac54-363a-372be2930a45,XFORM-ILGA-MGCP-DNIS_css,Applied to site gateway configuration in CUCM,,XFORM-ILGA-MGCP-DNIS_par,f,2,99
0573dc34-bc51-8c5c-cc6e-e47817bcc472,FXE-FIELD-A-WSHA-APP_css,WSHA CSS to be Placed on the Lines at the Site,,BLOCKED-GENERAL_par:FXE-FIELD-A-WSHA-APP_par:FXE-FIELD-A-INTERNAL_par,f,2,99
36ec4ef6-4a77-2a5f-dcf4-4736e4c8611e,XFORM-BILA-MGCP-DNIS_css,Applied to site gateway configuration in CUCM,,XFORM-BILA-MGCP-DNIS_par,f,2,99
b8103cfb-4461-36c6-019c-5b0714ce794f,XFORM-BOFA-MGCP-DNIS_css,Applied to site gateway configuration in CUCM,,XFORM-BOFA-MGCP-DNIS_par,f,2,99
62894579-6bb1-bdcb-fceb-966b24f9bdcb,FBTA-911_css,911 for FBTA,,NA-911_par:FBTA_internal_par,f,2,99
484f2edd-bf2d-7153-3782-d35c92bbbbde,FXE-FIELD-A-ONTA-APP-css,ONTA CSS to be Placed on the Lines at the Site,,BLOCKED-GENERAL_par:FXE-FIELD-A-ONTA-APP-par:FXE-FIELD-A-INTERNAL_par,f,2,99
31e891e9-63b0-472d-b293-838e4f050b3e,FXE-FIELD-A-FATA-APP_css,FATA CSS to be Placed on the Lines at the Site,,BLOCKED-GENERAL_par:FXE-FIELD-A-FATA-APP_par:FXE-FIELD-A-INTERNAL_par,f,2,99
47d5a042-6cb4-3901-29b6-838dec9b656c,FXE-FIELD-A-EWRRT-APP-css,EWRRT CSS to be Placed on the Lines at the Site,,BLOCKED-GENERAL_par:FXE-FIELD-A-EWRRT-APP-par,f,2,99
7a044a02-df18-52a6-b2ab-3632fc50044c,XFORM-WMHA-MGCP-DNIS_css,Applied to site gateway configuration in CUCM,,XFORM-WMHA-MGCP-DNIS_par,f,2,99
b34ffff0-d116-0a62-182e-938023725780,FXE-FIELD-A-SDFR-APP_css,SDFR CSS to be Placed on the Lines at the Site,,BLOCKED-GENERAL_par:FXE-FIELD-A-SDFR-APP_par:FXE-FIELD-A-INTERNAL_par,f,2,99
315e7eeb-cb16-1031-158d-eb8639fd6ffa,FWAR2_PSTN_2_css,FWAR2 PSTN css,,FWAR2_PSTN_2_par,f,2,99
18d81100-b0e0-ab33-cfac-09dd15ae66f2,FXE-FIELD-A-CVOA-APP_css,CVOA CSS to be Placed on the Lines at the Site,,BLOCKED-GENERAL_par:FXE-FIELD-A-CVOA-APP_par:FXE-FIELD-A-INTERNAL_par,f,2,99
06430fd0-4433-6b85-0758-b805be01bc8f,NQAA_PSTN_css,"""Internal, External for NQAA""",,,f,2,99
541a9346-1e7b-f0b0-99f5-4c58dae848d7,FXE-FIELD-A-ROWA-APP_css,CSS Applied to the phone lines and Gateway,,BLOCKED-GENERAL_par:FXE-FIELD-A-ROWA-APP_par:FXE-FIELD-A-INTERNAL_par,f,2,99
4346c189-cad6-3b09-6d2a-11f19404c70c,XFORM-JANRT-MGCP-DNIS_css,Applied to site gateway configuration in CUCM,,XFORM-JANRT-MGCP-DNIS_par,f,2,99
7922a318-f8ba-41d9-b050-9f9a9de7addb,FXE-FIELD-A-FXEA-APP_css,FXEA CSS to be Placed on the Lines at the Site,,FXE-FIELD-A-FXEA-APP_par:FXE-FIELD-A-INTERNAL_par:BLOCKED-GENERAL_par,f,2,99
6d167300-350c-37bf-81fd-8354c9c652f6,FXE-FIELD-A-LASA2-APP_css,LASA2 CSS Applied to the phone lines and Gateway,,BLOCKED-GENERAL_par:FXE-FIELD-A-LASA2-APP_par:FXE-FIELD-A-INTERNAL_par,f,2,99
0f3a8280-4392-3813-5059-2342a20fabb5,FXE-FIELD-A-THVA-APP_css,THVA CSS to be Placed on the Lines at the Site,,BLOCKED-GENERAL_par:FXE-FIELD-A-THVA-APP_par:FXE-FIELD-A-INTERNAL_par,f,2,99
906252e0-ed36-6be3-4621-3be2ba39e49d,XFORM-MMIA-MGCP-DNIS_css,Applied to site gateway configuration in CUCM,,XFORM-MMIA-MGCP-DNIS_par,f,2,99
dfba3afa-884b-b356-caca-cfa59cf07761,XFORM-DTWRT-MGCP-DNIS_css,Applied to site gateway configuration in CUCM,,XFORM-DTWRT-MGCP-DNIS_par,f,2,99
fcc5ddf8-223e-98cf-f7e5-45d1f2383d14,FXE-FIELD-A-AHNA-APP_css,AHNA CSS Applied to the phone lines and Gateway,,BLOCKED-GENERAL_par:FXE-FIELD-A-AHNA-APP_par:FXE-FIELD-A-INTERNAL_par,f,2,99
d6d519ce-abfd-3bdf-e27c-0d5a4ea9cd10,BHMR_CngPTP-xform-OUT_css,BHMR Transform numbers as they leave the local GW,,BHMR_CngPTP-xform-OUT_par,f,2,99
6706373d-b2cb-ce61-2e15-94603c1a2caa,LASA2_911_css,911 for LASA2,,LASA2_911_par,f,2,99
459df19f-5bec-16ab-c56f-3f29e2a92593,ORDR_PSTN_css,"""Internal, External for ORDR""",,ORDR_PSTN_par:ORDR_Internal_par,f,2,99
6f651810-5aac-3583-3da9-5ef3a601a256,FXE-FIELD-A-TULR-APP_css,TULR CSS to be Placed on the Lines at the Site,,BLOCKED-GENERAL_par:FXE-FIELD-A-TULR-APP_par:FXE-FIELD-A-INTERNAL_par,f,2,99
f3dc960f-731e-be9d-86b5-c436782d3fb3,FXE-FIELD-A-LGAA-APP_css,LGAA CSS to be Placed on the Lines at the Site,,BLOCKED-GENERAL_par:FXE-FIELD-A-LGAA-APP_par:FXE-FIELD-A-INTERNAL_par,f,2,99
2fe985c1-a425-a2e5-5e59-249626c459aa,XFORM-ERIA-MGCP-DNIS_css,Applied to site gateway configuration in CUCM,,XFORM-ERIA-MGCP-DNIS_par,f,2,99
1c7a1105-a8f3-3b3a-c8fe-3f84b213d778,XFORM-PDTA-MGCP-ANI_css,Applied to site gateway configuration in CUCM,,XFORM-PDTA-MGCP-ANI_par,f,2,99
37287c31-6a3a-4d0e-175e-7c5d20e11788,XFORM-BMLA-MGCP-DNIS_css,Applied to site gateway configuration in CUCM,,XFORM-BMLA-MGCP-DNIS_par,f,2,99
4b6db96f-b051-878a-7d9d-ea30754adde3,FXE-JGLRC_International_css,FXE-JGLRC International css,,FXE-JGLRC_internal_par:NA-Local_par:NA-LD_par:NA-International_par,f,2,99
693ec358-0029-1f1c-af1b-2d0e238a897c,FXE-FIELD-A-IPLA-APP_css,CSS Applied to the phone lines and Gateway,,FXE-FIELD-A-IPLA-APP_par:FXE-FIELD-A-INTERNAL_par:BLOCKED-GENERAL_par,f,2,99
c36d793a-1b15-58d2-fec0-fa729a14d965,FXE-FIELD-DLDWK_CngPTP-xform-IN_css,FXE-DLDWK Transform Incoming CLID,,FXE-FIELD-DLDWK_CngPTP-Xform-IN_par,f,2,99
3e5717a0-7904-3232-8cfc-1170e282bd45,FXE-FIELD-A-DVTA-APP_css,DVTA CSS Applied to the phone lines and Gateway,,BLOCKED-GENERAL_par:FXE-FIELD-A-DVTA-APP_par:FXE-FIELD-A-INTERNAL_par,f,2,99
be6eeeb1-6f74-7bd5-b079-8a62a28adfce,FNTR_PSTN_css,"""Internal, External for FNTR""",,FXE-FIELD-A-FNTR-APP_par:FNTR_PSTN_par,f,2,99
38d9ac88-c1fc-a749-175c-85dece223b8f,MQYA-UR_css,"""MQYA internal, local, LD and international calls""",,MQYA_Internal_par:NA-Local_par:NA-LD_par:NA-International_par,f,2,99
72597d77-83c4-8e62-8d16-81f61f84ba62,FXE-FIELD-A-OCFA-APP_css,OCFA CSS Applied to the phone lines and Gateway,,BLOCKED-GENERAL_par:FXE-FIELD-A-OCFA-APP_par:FXE-FIELD-A-INTERNAL_par,f,2,99
2efdb97a-9ad2-3202-df44-71ca3ec6b7de,FXE-FIELD-A-PDXA-APP_css,PDXA CSS Applied to the phone lines and Gateway,,BLOCKED-GENERAL_par:FXE-FIELD-A-PDXA-APP_par:FXE-FIELD-A-INTERNAL_par,f,2,99
8dc4ec46-3061-47f7-1f8e-31a40412672a,MQYA_CngPTP-xform-IN_css,MQYA Transform Incoming CLID,,MQYA_CngPTP-Xform-IN_par,f,2,99
bdcba347-162b-494a-8868-2e6bc2955f81,DFWVK_CngPTP-xform-IN_css,DFWVK Transform Incoming CLID,,DFWVK_CngPTP-xform-IN_par,f,2,99
1025595e-e48a-f3ea-c22d-8a9c3168e63d,XFORM-MCWA-MGCP-ANI_css,Applied to site gateway configuration in CUCM,,XFORM-MCWA-MGCP-ANI_par,f,2,99
a77c599c-14ab-b9e9-a992-71697aedcbc0,FXE-FIELD-A-TNTA-APP_css,TNTA CSS to be Placed on the Lines at the Site,,BLOCKED-GENERAL_par:FXE-FIELD-A-TNTA-APP_par:FXE-FIELD-A-INTERNAL_par,f,2,99
df63cb38-2e06-a6ea-9ac4-517d8070b34b,FXE-FIELD-A-NOHA-APP_css,NOHA CSS to be Placed on the Lines at the Site,,CO-LO-E911-EGW_par:BLOCKED-GENERAL_par:FXE-FIELD-A-NOHA-APP_par:FXE-FIELD-A-INTERNAL_par,f,2,99
9d49e696-0115-9df8-8bc1-f6cd9b34c39e,FXE-FIELD-A-BWIVM-APP_css,BWIVM CSS to be Placed on the Lines at the Site,,BLOCKED-GENERAL_par:FXE-FIELD-A-BWIVM-APP_par:FXE-FIELD-A-INTERNAL_par,f,2,99
1da9e403-dd99-071a-04f2-a8ee8cd2fbe6,XFORM-DCLEG2-MGCP-DNIS_css,Applied to site gateway configuration in CUCM,,FXE-FORM-DCLEG2-MGCP-DNIS_par,f,2,99
23bf91c0-81a2-2453-0011-425a3127fb00,FXE-FIELD-A-PTBA-APP_css,PTBA CSS Applied to the phone lines and Gateway,,BLOCKED-GENERAL_par:FXE-FIELD-A-PTBA-APP_par:FXE-FIELD-A-INTERNAL_par,f,2,99
eae049c3-a8ca-5660-81a8-6e0f3d1d614d,XFORM-DENR-MGCP-DNIS_css,Applied to site gateway configuration in CUCM,,XFORM-DENR-MGCP-DNIS_par,f,2,99
94d0591e-cf6a-41ea-37ca-677b57cb1022,XFORM-BIXA-MGCP-DNIS_css,Applied to site gateway configuration in CUCM,,XFORM-BIXA-MGCP-DNIS_par,f,2,99
f4dbe15f-cb26-6b0f-9659-26fa539f3b7a,PBIR_internal_css,Internal for PBIR,,FXE-FIELD-A-PBIR-APP_par,f,2,99
af362b71-dcce-01d0-aa5c-d8cba80f50e3,XFORM-GRBA-MGCP-DNIS_css,Applied to site gateway configuration in CUCM,,XFORM-GRBA-MGCP-DNIS_par,f,2,99
df38787c-4806-4ad3-2904-a0e6fc0e71a8,XFORM-MCIR-MGCP-DNIS_css,Applied to site gateway configuration in CUCM,,XFORM-MCIR-MGCP-DNIS_par,f,2,99
d91a4b9a-ee38-1043-e2ae-118c7cfdf111,XFORM-HNBA-MGCP-DNIS_css,Applied to site gateway configuration in CUCM,,XFORM-HNBA-MGCP-DNIS_par,f,2,99
b128bd7a-e783-3d65-567f-afd31edd2508,XFORM-LOCALIZE-PHONES-ANI-css,Localize Call Presentation To Devices,,XFORM-LOCALIZE-PHONES-ANI-par,f,2,99
cfcad1ed-0ca7-ce62-8d18-d55f2cbedf38,FXE-FIELD-A-BJJA-APP_css,BJJA CSS Applied to the phone lines and Gateway,,BLOCKED-GENERAL_par:FXE-FIELD-A-BJJA-APP_par:FXE-FIELD-A-INTERNAL_par,f,2,99
183948b6-d877-0d24-5fa4-c2e8d8988004,NXXA-UR_css,"""NXXA internal, local, LD and international calls""",,NXXA_PSTN_par:FXE-FIELD-A-NXXA-APP_par:NA-Local_par:NA-LD_par:NA-International_par,f,2,99
75215cba-8c7a-6446-fd80-2bd3845e5cb9,DFWVK_internal_css,Internal for DFWVK,,DFWVK_internal_par:DFWVK_911_par,f,2,99
b51a170e-77af-a3f5-acdf-ffdecad299af,XFORM-CLMA-MGCP-ANI_css,CLMA Applied to site gateway configuration in CUCM,,XFORM-CLMA-MGCP-ANI_par,f,2,99
609a9e94-c2ce-6369-aec1-0595165bb068,XFORM-LFTR-MGCP-DNIS_css,Applied to site gateway configuration in CUCM,,XFORM-LFTR-MGCP-DNIS_par,f,2,99
8ac17922-92aa-5eb6-53cb-af91a3da7c45,FXE-FIELD-A-SMFA-APP_css,SMFA CSS to be Placed on the Lines at the Site,,BLOCKED-GENERAL_par:FXE-FIELD-A-SMFA-APP_par:FXE-FIELD-A-INTERNAL_par,f,2,99
f7f8ba4d-c89b-b50b-c2f0-f3633327067d,XFORM-SJTA-MGCP-DNIS_css,Applied to site gateway configuration in CUCM,,,f,2,99
37935280-3f4b-da8b-ddb8-440b39c297eb,FXE-FIELD-A-FAYA-APP_css,FAYA CSS Applied to the phone lines and Gateway,,BLOCKED-GENERAL_par:FXE-FIELD-A-FAYA-APP_par:FXE-FIELD-A-INTERNAL_par,f,2,99
bee85e4b-bb68-f280-ac64-c462a44ac333,FXE-FIELD-A-MMIA-APP_css,MMIA CSS to be Placed on the Lines at the Site,,BLOCKED-GENERAL_par:FXE-FIELD-A-MMIA-APP_par:FXE-FIELD-A-INTERNAL_par,f,2,99
9624b61f-51d1-717a-89a7-c7c707c39500,XFORM-ITOA-MGCP-DNIS_css,Applied to site gateway configuration in CUCM,,XFORM-ITOA-MGCP-DNIS_par,f,2,99
13c468a9-daa2-dc7f-413c-96e5fdf338f1,XFORM-MIA-MGCP-DNIS_css,Applied to site gateway configuration in CUCM,,XFORM-MIA-MGCP-DNIS_par,f,2,99
84ef3b1e-10f7-1f5f-f08e-ca19c4d7e868,JVIS3_internal_css,Internal for JVIS3,,FXE-FIELD-A-JVIS3-APP_par,f,2,99
bb09826e-cd04-3955-4c19-41872301eeae,FXE-FIELD-A-MSPR-PLAR_css,MSPR 612-713-8519,,FXE-FIELD-A-MSPR-PLAR_par,f,2,99
8283ecf4-93e7-6636-3426-ff79657cfa61,XFORM-MMUA-DNIS-OUT-css,Applied to site gateway configuration in CUCM,,XFORM-MMUA-MGCP-DNIS_par,f,2,99
341f9b7f-9d07-b152-64c4-58d890a26e56,ORDVK_internal_css,Internal for ORDVK,,ORDVK_Internal_par,f,2,99
9c4b06ef-46b9-214b-4b70-fc6204762535,XFORM-DMOA-MGCP-DNIS_css,Applied to site gateway configuration in CUCM,,XFORM-DMOA-MGCP-DNIS_par,f,2,99
91b088c0-cfed-e8fd-4980-ab1a57e01976,FXE-FIELD-A-MQTA-APP_css,MQTA CSS to be Placed on the Lines at the Site,,BLOCKED-GENERAL_par:FXE-FIELD-A-MQTA-APP_par:FXE-FIELD-A-INTERNAL_par,f,2,99
4ff5c060-7190-5ed5-9fc3-e20b39d44487,FXE-FIELD-A-HVNA-APP_css,HVNA CSS Applied to the phone lines and Gateway,,FXE-FIELD-A-HVNA-APP_par:FXE-FIELD-A-INTERNAL_par:BLOCKED-GENERAL_par,f,2,99
eb67cb68-5c7a-43db-c302-6f939fe0b985,FXE-FIELD-A-PITAV-APP_css,PITAV CSS to be Placed on the Lines at the Site,,BLOCKED-GENERAL_par:FXE-FIELD-A-PITAV-APP_par:FXE-FIELD-A-INTERNAL_par,f,2,99
102d5bcf-d3e3-6c62-7d7e-b677cd66762f,XFORM-PVDR-MGCP-DNIS-css,Applied to site gateway configuration in CUCM,,XFORM-PVDR-MGCP-DNIS-par,f,2,99
80d680a3-7d5b-59e4-7124-2e020e21a87a,FXE-FIELD-A-MHKA-APP_css,MHKA CSS to be Placed on the Lines at the Site,,BLOCKED-GENERAL_par:FXE-FIELD-A-MHKA-APP_par:FXE-FIELD-A-INTERNAL_par,f,2,99
72ae7c97-4423-3e35-08af-d45eb93426cc,XFORM-SHVA-MGCP-DNIS_css,Applied to site gateway configuration in CUCM,,XFORM-SHVA-MGCP-DNIS_par,f,2,99
2c14b3a2-d5de-30bd-71c3-c1c79e76536f,FXE-FIELD-A-LJNA-APP_css,LJNA CSS to be Placed on the Lines at the Site,,BLOCKED-GENERAL_par:FXE-FIELD-A-LJNA-APP_par:FXE-FIELD-A-INTERNAL_par,f,2,99
01d35e9a-f644-ef87-a2aa-67414b1259c8,FXE-FIELD-A-JREA-APP_css,JREA CSS Applied to the phone lines and Gateway,,BLOCKED-GENERAL_par:FXE-FIELD-A-JREA-APP_par:FXE-FIELD-A-INTERNAL_par,f,2,99
b566f8c4-687c-03bf-85f2-94ccd6583968,XFORM-CECA-MGCP-DNIS_css,CECA Applied to site gateway configuration in CUCM,,XFORM-CECA-MGCP-DNIS_par,f,2,99
41fb9bc7-b770-710c-913a-b9d26d4c41e7,FXE-LAX200S_International_css,LAX200S International css,,FXE-LAX200S_internal_par:NA-Local_par:NA-LD_par:NA-International_par,f,2,99
66f13a78-6ab4-89c7-6153-0012dd17839b,FXE-FIELD-A-MCEA-APP_css,MCEA CSS Applied to the phone lines and Gateway,,BLOCKED-GENERAL_par:FXE-FIELD-A-MCEA-APP_par:FXE-FIELD-A-INTERNAL_par,f,2,99
e50265ac-990f-c080-659d-feb7a8f58d05,MPZA_CngPTP-xform-IN_css,MPZA Transform Incoming CLID,,MPZA_CngPTP-Xform-IN_par,f,2,99
5d0bf440-fd05-34b5-fb0d-33e6481ff05a,XFORM-SGFR-MGCP-DNIS_css,Applied to site gateway configuration in CUCM,,XFORM-SGFR-MGCP-DNIS_par,f,2,99
e0f3823e-3b88-d77e-1ad7-df2dcc42e1bd,FXE-FIELD-A-SGFA-APP_css,SGFA CSS to be Placed on the Lines at the Site,,BLOCKED-GENERAL_par:FXE-FIELD-A-SGFA-APP_par:FXE-FIELD-A-INTERNAL_par,f,2,99
88af95c6-ea61-f0e7-11f8-ef927e7dfc67,XFORM-DXRA-DNIS-OUT-css,Applied to site gateway configuration in CUCM,,XFORM-DXRA-MGCP-DNIS_par,f,2,99
6ee5744d-4f84-501b-f696-704055e5879e,FXE-FIELD-A-SYRR-APP-css,SYRR CSS to be Placed on the Lines at the Site,,BLOCKED-GENERAL_par:FXE-FIELD-A-SYRR-APP-par:FXE-FIELD-A-INTERNAL_par,f,2,99
64fde0a0-e018-4299-3416-f25f30e89f31,FXE-FIELD-A-LCKRT-APP_css,LCKRT CSS to be Placed on the Lines at the Site,,BLOCKED-GENERAL_par:FXE-FIELD-A-LCKRT-APP_par:FXE-FIELD-A-INTERNAL_par,f,2,99
5f9ccd3c-2a25-4818-49cd-6355c2b14b96,JVIS3_911_css,911 for JVIS3,,JVIS3_911_par,f,2,99
ce04d473-48af-330e-8daf-c792afc250b0,FXE-FIELD-A-NYCS-APP_css,NYCS CSS to be Placed on the Lines at the Site,,BLOCKED-GENERAL_par:FXE-FIELD-A-NYCS-APP_par:FXE-FIELD-A-INTERNAL_par,f,2,99
a9162a57-fb11-5c68-2b32-7e9c328c10a7,FXE-FIELD-A-HSVRT-APP_css,HSVRT CSS Applied to the phone lines and Gateway,,BLOCKED-GENERAL_par:FXE-FIELD-A-HSVRT-APP_par:FXE-FIELD-A-INTERNAL_par,f,2,99
c4bbb2ee-8d9a-2e5d-b350-6a589f49fd08,FXE-FIELD-A-DLDWK-APP_css,FXE-FIELD-A-DLDWK-APP_css,,BLOCKED-GENERAL_par:FXE-FIELD-A-DLDWK-APP_par:FXE-FIELD-A-INTERNAL_par,f,2,99
da17c519-18da-bc07-8319-fcfedebb1581,XFORM-ASEA-MGCP-DNIS_css,Applied to site gateway configuration in CUCM,,XFORM-ASEA-MGCP-DNIS_par,f,2,99
de447f8b-22cd-4fe1-ac5e-c1882feeeeed,FXE-FIELD-A-TTDA-APP_css,TTDA CSS to be Placed on the Lines at the Site,,BLOCKED-GENERAL_par:FXE-FIELD-A-TTDA-APP_par:FXE-FIELD-A-INTERNAL_par,f,2,99
4a296e05-a589-28d3-6477-4e9fdd67fbac,XFORM-WYGA-MGCP-DNIS_css,Applied to site gateway configuration in CUCM,,XFORM-WYGA-MGCP-DNIS_par,f,2,99
3cec90d0-c404-8f3a-8d46-bdaae4e7ac29,XFORM-ITOA2-MGCP-DNIS_css,Applied to site gateway configuration in CUCM,,FXE-FORM-ITOA2-MGCP-DNIS_par,f,2,99
770c3bce-b286-b11c-7718-6c14a19f4208,FXE-DALA_CngPTP-xform-GW-OUT_css,FXE-DALA Trans numbers as they leave the local GW,,FXE-DALA_CngPTP-xform-GW-OUT_par,f,2,99
7a0d9294-1e9a-8d35-e37b-18d01a8625f9,FXE-FIELD-A-MKCA-APP_css,MKCA CSS to be Placed on the Lines at the Site,,BLOCKED-GENERAL_par:FXE-FIELD-A-MKCA-APP_par:FXE-FIELD-A-INTERNAL_par,f,2,99
514b5383-a62d-2965-b338-b6907c394930,XFORM-CPSA-MGCP-DNIS_css,Applied to site gateway configuration in CUCM,,XFORM-CPSA-MGCP-DNIS_par,f,2,99
786527d0-ced8-1232-2df1-edcd88c4d5f2,FXE-FIELD-A-APVA-APP_css,APVA CSS to be Placed on the Lines at the Site,,BLOCKED-GENERAL_par:FXE-FIELD-A-APVA-APP_par:FXE-FIELD-A-INTERNAL_par,f,2,99
263f9375-55f1-8407-f3a1-bd79328fbd72,XFORM-AIKA-MGCP-ANI_css,AIKA Applied to site gateway configuration in CUCM,,XFORM-AIKA-MGCP-ANI_par,f,2,99
c7fb6d09-af92-4395-5cb3-b6cae48814dc,XFORM-ASHA-MGCP-DNIS_css,Applied to site gateway configuration in CUCM,,XFORM-ASHA-MGCP-DNIS_par,f,2,99
a5bb6df6-a560-86b3-0520-459b91a39816,FXE-FIELD-A-RSWR-APP-css,RSWR CSS to be Placed on the Lines at the Site,,BLOCKED-GENERAL_par:FXE-FIELD-A-RSWR-APP-par:FXE-FIELD-A-INTERNAL_par,f,2,99
37779026-8318-edc1-6f97-f846382cc4c0,NYCSL_911_css,911 for NYCSL,,NYCSL_911_par,f,2,99
21498e8c-1cc2-e089-4a3e-cf382ba9e205,BURA_CngPTP-xform-IN_css,BURA Transform Incoming CLID,,BURA_CngPTP-Xform-IN_par,f,2,99
ad6894aa-5a5f-a51f-8168-103c38783636,FXE-MSYWK_Local_css,MSYWK Local css,,FXE-FIELD-A-MSYWK-APP_par:NA-Local_par,f,2,99
9eb82709-4805-3664-58eb-4160b4aedd3e,XFORM-MRNA-MGCP-ANI_css,MRNA Applied to site gateway configuration in CUCM,,XFORM-MRNA-MGCP-ANI_par,f,2,99
5136d976-b708-8ac4-8352-0adf9a77509e,FXE-BMIR_Local_css,BMIR Local css,,FXE-BMIR_internal_par:NA-Local_par,f,2,99
cf177ca3-52de-b956-565b-42d7a8049ff4,XFORM-FMYA-MGCP-DNIS_css,Applied to site gateway configuration in CUCM,,XFORM-FMYA-MGCP-DNIS_par,f,2,99
fdd142b1-483f-24ab-0f0c-2d42e828c670,FXE-SGUA_International_css,SGUA International css,,FXE-SGUA_internal_par:NA-Local_par:NA-LD_par:NA-International_par,f,2,99
522bcb2a-5149-c9f5-d492-04c4d7004d06,XFORM-IAHRT-MGCP-ANI_css,Applied to site gateway configuration in CUCM,,XFORM-IAHRT-MGCP-ANI_par,f,2,99
43f25886-8573-4f16-2fda-8983d4e26656,XFORM-BWIA-MGCP-DNIS_css,Applied to site gateway configuration in CUCM,,XFORM-BWIA-MGCP-DNIS_par,f,2,99
09b00b4d-399e-e691-3f82-03a6fbcd7515,FXE-DENA_Local_css,DENA Local css,,FXE-DENA_internal_par:NA-Local_par,f,2,99
c689967d-ddba-bae3-cf9a-f7065fc9c673,XFORM-BOFA-MGCP-ANI_css,Applied to site gateway configuration in CUCM,,XFORM-BOFA-MGCP-ANI_par,f,2,99
971ed529-0cfe-503d-6c3a-dba44889fe20,LAXH_CngPTP-xform-GW-OUT_css,LAXH Transforms numbers as they leave the local GW,,LAXH_CngPTP-xform-GW-OUT_par,f,2,99
b085194c-567e-84ef-ab57-bebcfbf84556,XFORM-LGCA-MGCP-ANI_css,Applied to site gateway configuration in CUCM,,XFORM-LGCA-MGCP-ANI_par,f,2,99
93a98402-3cf2-5ce8-f0e4-1c2aa368ac5b,FXE-FIELD-A-BWDA-APP_css,BWDA CSS Applied to the phone lines and Gateway,,BLOCKED-GENERAL_par:FXE-FIELD-A-BWDA-APP_par:FXE-FIELD-A-INTERNAL_par,f,2,99
71c01d70-1d96-ce4b-156f-e089f60dc00c,PSPA_internal_css,Internal for PSPA,,PSPA_internal_par,f,2,99
a88c6087-dc8f-f27a-203f-51303f8b9d33,FXE-FIELD-A-SEAR-APP_css,SEAR CSS to be Placed on the Lines at the Site,,BLOCKED-GENERAL_par:FXE-FIELD-A-SEAR-APP_par:FXE-FIELD-A-INTERNAL_par,f,2,99
29e638d1-97f1-0b66-8fa6-5c663d5cde11,XFORM-MCFA-MGCP-DNIS_css,MCFA Applied to site gateway configuration in CUCM,,XFORM-MCFA-MGCP-DNIS_par,f,2,99
09444ad8-64bc-0d00-eafb-3ef7dfdf71de,XFORM-MDTRT-MGCP-ANI_css,Applied to site gateway configuration in CUCM,,XFORM-MDTRT-MGCP-ANI_par,f,2,99
0dc5dc78-1dc6-9f03-2bb7-c1f300668d7d,XFORM-SYRA-MGCP-DNIS_css,Applied to site gateway configuration in CUCM,,XFORM-SYRA-MGCP-DNIS_par,f,2,99
39c8c5c0-fc09-c324-b9da-bb8526ce3906,XFORM-ANDA-MGCP-ANI_css,Applied to site gateway configuration in CUCM,,XFORM-ANDA-MGCP-ANI_par,f,2,99
f25f9473-8a27-e5df-8339-e8a5c27f5641,FXE-FIELD-A-EGSWK-APP_css,EGSWK CSS Applied to the phone lines and Gateway,,BLOCKED-GENERAL_par:FXE-FIELD-A-EGSWK-APP_par:FXE-FIELD-A-INTERNAL_par,f,2,99
cbefbbd0-09ae-5eda-c677-a4bf8c8f862a,XFORM-JHWA-MGCP-DNIS_css,Applied to site gateway configuration in CUCM,,XFORM-JHWA-MGCP-DNIS_par,f,2,99
8cf6937b-3ddc-f461-48c4-cda09132d217,FXE-FIELD-A-PLNA-APP_css,PLNA CSS to be Placed on the Lines at the Site,,BLOCKED-GENERAL_par:FXE-FIELD-A-PLNA-APP_par:FXE-FIELD-A-INTERNAL_par,f,2,99
406c2ac6-ad29-6a4c-9c85-2ed00513cb16,JRAA-Internal_css,JRAA Internal Calls,,FXE-Field-A-JRAA-APP_par,f,2,99
586b67cb-e721-a6d2-977f-5c0f7712072c,CKBSC2_911_css,911 for CKBSC2,,CKBSC2_911_par,f,2,99
2e33e3b2-396e-2514-7c13-b042fe3aa496,FXE-FIELD-A-NXXA-APP_css,Site specific CSS NXXA,,BLOCKED-GENERAL_par:FXE-FIELD-A-NXXA-APP_par:FXE-FIELD-A-INTERNAL_par,f,2,99
62bc9b7a-8500-3345-7dd3-07f09a04de8e,FXE-FIELD-A-CIDR-APP_css,CIDR CSS Applied to the phone lines and Gateway,,BLOCKED-GENERAL_par:FXE-FIELD-A-CIDR-APP_par:FXE-FIELD-A-INTERNAL_par,f,2,99
906bf29a-b92c-660a-e8b6-5191881e5bea,XFORM-OFKA-MGCP-DNIS_css,OFKA Applied to site gateway configuration in CUCM,,XFORM-OFKA-MGCP-DNIS_par,f,2,99
3eaf8da9-a22e-1724-6d22-a3e6eed0269d,FXE-FIELD-A-FWAA-APP_css,FWAA CSS to be Placed on the Lines at the Site,,BLOCKED-GENERAL_par:FXE-FIELD-A-FWAA-APP_par:FXE-FIELD-A-INTERNAL_par,f,2,99
9ce23670-5e7f-cdba-f7b7-882e478af332,FXE-FIELD-A-MSOA-APP_css,MSOA CSS Applied to the phone lines and Gateway,,BLOCKED-GENERAL_par:FXE-FIELD-A-MSOA-APP_par:FXE-FIELD-A-INTERNAL_par,f,2,99
983322f1-b12f-de5b-7f97-1e5a6d2353f9,FXE-HTSR-ringdown_css,FXE-HTSR Ringdown Calls,,FXE-HTSR_ringdown_par:FXE-HTSR_internal_par,f,2,99
0daf4f10-39b1-0f5d-4467-a67a5aa60ef6,FXE-PDXRT_CngPTP-xform-GW-IN_css,FXE-PDXRT Transform Incoming GW CLID,,FXE-PDXRT_CngPTP-Xform-GW-IN_par,f,2,99
f8536f40-088d-507a-dc2d-1fd47def8b39,FXE-FIELD-A-CLEB-APP_css,CLEB CSS Applied to the phone lines and Gateway,,BLOCKED-GENERAL_par:FXE-FIELD-A-CLEB-APP_par:FXE-FIELD-A-INTERNAL_par,f,2,99
59d5b774-843c-f7bf-2e62-60a0f659f2b6,LAXH-Local_css,LAXH internal and local calls,,LAXH_Internal_par:NA-Local_par,f,2,99
f1285b51-a078-b47c-d921-5622f4b2fd3c,FXE-FIELD-A-DEOA-APP_css,DEOA CSS to be Placed on the Lines at the Site,,BLOCKED-GENERAL_par:FXE-FIELD-A-DEOA-APP_par:FXE-FIELD-A-INTERNAL_par,f,2,99
0d083258-42e6-ccac-8912-6d6611ccf223,FXE-SGUA_CngPTP-xform-GW-IN_css,FXE-SGUA Transform Incoming GW CLID,,FXE-SGUA_CngPTP-Xform-GW-IN_par,f,2,99
b68fa23a-fc6e-165d-9f07-4f106fa051cd,FXE-FIELD-A-BOSR-APP_css,BOSR CSS to be Placed on the Lines at the Site,,BLOCKED-GENERAL_par:FXE-FIELD-A-BOSR-APP_par:FXE-FIELD-A-INTERNAL_par,f,2,99
d8d00749-a6fd-48c3-77df-0cf6de3a3716,EWRVK_CngPTP-xform-OUT_css,EWRV Transforms numbers as they leave the local GW,,EWRVK_CngPTP-xform-OUT_par,f,2,99
96de4a98-f6b5-d776-0ba2-3a803c328f06,XFORM-OWAA-MGCP-DNIS_css,Applied to site gateway configuration in CUCM,,XFORM-OWAA-MGCP-DNIS_par,f,2,99
68f157b9-0c88-a65a-061e-e5f70822298a,XFORM-EYWA-MGCP-DNIS_css,Applied to site gateway configuration in CUCM,,XFORM-EYWA-DNIS_par,f,2,99
d9bcf76a-f770-24bc-590c-0ba397e0515a,FXE-FIELD-A-SNAR-APP_css,SNAR CSS Applied to the phone lines and Gateway,,FXE-FIELD-A-SNAR-APP_par:BLOCKED-GENERAL_par:FXE-FIELD-A-INTERNAL_par,f,2,99
87454eb5-4f8c-9a01-2545-24ce31274a85,XFORM-LNKA-MGCP-DNIS_css,Applied to site gateway configuration in CUCM,,XFORM-LNKA-MGCP-DNIS_par,f,2,99
534cb6eb-05eb-4ba8-83ee-81bd03af0750,FXE-FIELD-A-PRCA-APP_css,PRCA CSS Applied to the phone lines and Gateway,,BLOCKED-GENERAL_par:FXE-FIELD-A-PRCA-APP_par:FXE-FIELD-A-INTERNAL_par,f,2,99
fa48f1ba-c4b9-be5d-2d8c-03ff8bc5cd6c,FXE-JGLRC_911_css,911 for FXE-JGLRC,,NA-911_par,f,2,99
3cd630a7-4b97-deb9-4b3c-0cc340aafb1c,XFORM-COSDC-DNIS-OUT-css,,,XFORM-COSDC-DNIS-OUT-par,f,2,99
650204ce-0927-1b80-6a9c-b16a7429e752,FXE-FIELD-A-EMTA-APP_css,EMTA CSS to be Placed on the Lines at the Site,,BLOCKED-GENERAL_par:FXE-FIELD-A-EMTA-APP_par:FXE-FIELD-A-INTERNAL_par,f,2,99
ccf5b35e-73a7-cf5f-2294-be83d7cc8ab8,XFORM-IYKA-MGCP-DNIS_css,IYKA Applied to site gateway configuration in CUCM,,XFORM-IYKA-MGCP-DNIS_par,f,2,99
c2d3c449-daca-3806-5b99-b82b03c55e7b,FXE-FIELD-A-BLVA-APP-css,BLVA CSS to be Placed on the Lines at the Site,,BLOCKED-GENERAL_par:FXE-FIELD-A-BLVA-APP-par:FXE-FIELD-A-INTERNAL_par,f,2,99
c8cdd5c0-c7ad-6e42-b69b-36cf76e5b079,FXE-FIELD-A-ZSYA-APP_css,ZSYA CSS to be Placed on the Lines at the Site,,BLOCKED-GENERAL_par:FXE-FIELD-A-ZSYA-APP_par:FXE-FIELD-A-INTERNAL_par,f,2,99
6e49fb0e-4f96-5a87-98e6-5662eaa6cf88,DCLEG_CngPTP-xform-OUT_css,DCLEG Transform numbers as they leave the local GW,,DCLEG_CngPTP-xform-OUT_par,f,2,99
5c33aeca-6ab6-f091-cf3c-ff26b99fe6e5,FXE-FIELD-A-EHTA-APP_css,EHTA CSS to be Placed on the Lines at the Site,,BLOCKED-GENERAL_par:FXE-FIELD-A-EHTA-APP_par:FXE-FIELD-A-INTERNAL_par,f,2,99
17619f8a-4916-d3b9-158a-0dadc39f1dc8,FXE-FIELD-A-MCOS-APP_css,MCOS CSS to be Placed on the Lines at the Site,,BLOCKED-GENERAL_par:FXE-FIELD-A-MCOS-APP_par:FXE-FIELD-A-INTERNAL_par,f,2,99
7190afcb-540f-45ef-e208-daec8f69a63f,XFORM-AHNA-MGCP-DNIS_css,Applied to site gateway configuration in CUCM,,XFORM-AHNA-MGCP-DNIS_par,f,2,99
e5bae653-41f0-4b13-f1ac-e3ef13c99716,FXE-FIELD-A-PAEA2-APP_css,PAEA2 CSS to be Placed on the Lines at the Site,,BLOCKED-GENERAL_par:FXE-FIELD-A-PAEA2-APP_par:FXE-FIELD-A-INTERNAL_par,f,2,99
9a66be3a-902f-cdd7-abc6-e22ee626440a,LAXH-911_css,911 for LAXH,,NA-911_par,f,2,99
c761ff15-4081-07e1-66c2-1fbfcae625d6,FXE-FIELD-A-ICTR-APP_css,ICTR CSS Applied to the phone lines and Gateway,,BLOCKED-GENERAL_par:FXE-FIELD-A-ICTR-APP_par:FXE-FIELD-A-INTERNAL_par,f,2,99
087ed12e-85ab-a65d-b7a3-9e45171c0d86,EWRVK-911_css,911 for EWRVK,,NA-911_par,f,2,99
b0fa773f-753b-b352-db2a-eb7b59e97535,BHMR-Local_css,BHMR internal and local calls,,FXE-FIELD-A-BHMR-APP-par:NA-Local_par,f,2,99
9d218723-b373-3566-0d5b-e5fc93bbae94,FXE-SGUA_Local_css,SGUA Local css,,FXE-SGUA_internal_par:NA-Local_par,f,2,99
25755f1e-2b28-4532-247b-dd21cda24303,FXE-FIELD-A-BCTA-APP_css,BCTA CSS to be Placed on the Lines at the Site,,BLOCKED-GENERAL_par:FXE-FIELD-A-BCTA-APP_par:FXE-FIELD-A-INTERNAL_par,f,2,99
8736c516-644b-17da-85cf-e1b1452ab9f3,GEGR_PSTN_css,"""Internal, External for GEGR""",,FXE-FIELD-A-GEGR-APP_par:GEGR_PSTN_par,f,2,99
1e6c13f2-4903-5075-853d-03f824a9b06a,FXE-FIELD-A-EAUA-APP_css,EAUA CSS Applied to the phone lines and Gateway,,BLOCKED-GENERAL_par:FXE-FIELD-A-EAUA-APP_par:FXE-FIELD-A-INTERNAL_par,f,2,99
c22d6182-b427-b1ea-0173-efdef78fa888,FXE-FIELD-A-ASEA-APP_css,ASEA CSS Applied to the phone lines and Gateway,,BLOCKED-GENERAL_par:FXE-FIELD-A-ASEA-APP_par:FXE-FIELD-A-INTERNAL_par,f,2,99
afa743f3-b2b3-c683-be9c-f47dc41f1825,SATWK_911_css,911 for SATWK,,SATWK_911_par,f,2,99
d61da795-109a-d95f-c925-8c55c1f66391,XFORM-FFTA-MGCP-DNIS_css,Applied to site gateway configuration in CUCM,,XFORM-FFTA-MGCP-DNIS_par,f,2,99
ce86c204-7bb3-48dd-9e72-1a8b0daba108,XFORM-LNAA-MGCP-DNIS_css,Applied to site gateway configuration in CUCM,,XFORM-LNAA-MGCP-DNIS_par,f,2,99
652785d6-978e-96e3-6334-55cdbf1e459a,HLNA_CngPTP-xform-GW-IN_css,HLNA Transform Incoming GW CLID,,HLNA_CngPTP-Xform-GW-IN_par,f,2,99
b844ee09-e796-3ca1-40be-3ae7f3db5246,FXE-SFOR_911_css,911 for FXE-SFOR,,NA-911_par,f,2,99
13140432-dd07-da64-b299-d8e3634abe7d,XFORM-GSPR-MGCP-ANI_css,GSPR Applied to site gateway configuration in CUCM,,XFORM-GSPR-MGCP-ANI_par,f,2,99
8ed8fa06-a595-c9f9-5651-4812d109e7a6,XFORM-LRUA-MGCP-DNIS_css,Applied to site gateway configuration in CUCM,,XFORM-LRUA-MGCP-DNIS_par,f,2,99
4ff6ff88-168f-81bc-7adf-6d4a171f1886,FXE-FIELD-A-LAXH-APP_css,LAXH CSS Applied to the phone lines and Gateway,,BLOCKED-GENERAL_par:FXE-FIELD-A-LAXH-APP_par:FXE-FIELD-A-INTERNAL_par,f,2,99
10a62bc9-01f3-9829-2d78-c3e4d66e3533,XFORM-JEFA-MGCP-DNIS_css,Applied to site gateway configuration in CUCM,,XFORM-JEFA-MGCP-DNIS_par,f,2,99
10f9740d-5a4b-bdf7-bfd6-3a4a91595970,FXE-FIELD-A-FRGWK-APP_css,FRGWK CSS to be Placed on the Lines at the Site,,BLOCKED-GENERAL_par:FXE-FIELD-A-FRGWK-APP_par:FXE-FIELD-A-INTERNAL_par,f,2,99
78b78e2a-37d8-14b7-3f20-57948b8bdd09,XFORM-BFDA-MGCP-ANI_css,Applied to site gateway configuration in CUCM,,FXE-FIELD-A-BFDA-APP_par,f,2,99
3412a220-befd-83fe-01ba-004b24080c99,XFORM-MYVA-MGCP-DNIS_css,MYVA Applied to site gateway configuration in CUCM,,XFORM-MYVA-MGCP-DNIS_par,f,2,99
01bcdc43-9f30-6861-b4bf-96bf30d543c0,XFORM-EWNA-MGCP-ANI_css,EWNA Applied to site gateway configuration in CUCM,,XFORM-EWNA-MGCP-ANI_par,f,2,99
cdd01952-ef45-6650-5ded-f241dc1a9f3d,FXE-FIELD-A-NXXCS-APP_css,NXXCS CSS Applied to the phone lines and Gateway,,BLOCKED-GENERAL_par:FXE-FIELD-A-NXXCS-APP_par:FXE-FIELD-A-INTERNAL_par,f,2,99
164de224-81b1-3ec2-c51e-ff419299a3e9,FXE-MCORT-Internal_css,FXE-MCORT Internal Calls,,FXE-FIELD-A-MCORT-APP_par,f,2,99
e3e654a2-c5ec-d36d-67ab-20308f3bf6db,FXE-FIELD-A-MCFA-APP_css,MCFA CSS Applied to the phone lines and Gateway,,BLOCKED-GENERAL_par:FXE-FIELD-A-MCFA-APP_par:FXE-FIELD-A-INTERNAL_par,f,2,99
ce61e773-d7b1-4fa4-ed0f-c3df1c515331,FXE-FIELD-A-OGGA-APP_css,OGGA CSS to be Placed on the Lines at the Site,,BLOCKED-GENERAL_par:FXE-FIELD-A-OGGA-APP_par:FXE-FIELD-A-INTERNAL_par,f,2,99
6aeaac97-07a5-9aa4-da6c-f1460cae7a5c,SBAA_internal_css,Internal for SBAA,,SBAA_Internal_par,f,2,99
50bdc08c-7072-1f29-ebec-4273cd8f2d15,FXE-PDXRT-LD_css,FXE-PDXRT internal and local and LD calls,,FXE-PDXRT_internal_par:NA-Local_par:NA-LD_par,f,2,99
efdd7eca-5885-1463-f031-3e286da1c64b,XFORM-RDVRT-MGCP-DNIS_css,Applied to site gateway configuration in CUCM,,XFORM-RDVRT-MGCP-DNIS_par,f,2,99
1fbfdd1c-319b-c216-19a9-ebaf74c7b474,XFORM-GTVA-MGCP-DNIS_css,Applied to site gateway configuration in CUCM,,XFORM-GTVA-MGCP-DNIS_par,f,2,99
58f8628f-3b98-da65-0a51-c63848c190af,FXE-DENA_CngPTP-xform-GW-OUT_css,DENA Transforms numbers as they leave the local GW,,FXE-DENA_CngPTP-xform-GW-OUT_par,f,2,99
ea82d4f6-4aa7-3b1a-8a8f-6024fb9c0af3,FXE-FIELD-A-EVAA-APP_css,EVAA CSS Applied to the phone lines and Gateway,,BLOCKED-GENERAL_par:FXE-FIELD-A-EVAA-APP_par:FXE-FIELD-A-INTERNAL_par,f,2,99
05fb1415-c6e4-a48a-bc91-5f4cdfc4eb22,XFORM-SUNA-MGCP-DNIS_css,Applied to SUNA site gateway configuration in CUCM,,,f,2,99
054cf5c4-b19f-f76e-000e-a357ab6eef1f,FBTA_CngPTP-xform-GW-IN_css,FBTA Transform Incoming GW CLID,,FBTA_CngPTP-Xform-GW-IN_par,f,2,99
229268ac-c075-9629-7b51-84c6d2178ffa,XFORM-KNTA-MGCP-ANI_css,Applied to site gateway configuration in CUCM,,XFORM-KNTA-MGCP-ANI_par,f,2,99
fff82785-972f-bad6-19e6-9a0bb63029cd,FXE-FIELD-A-DETRT-APP_css,DETRT CSS to be Placed on the Lines at the Site,,BLOCKED-GENERAL_par:FXE-FIELD-A-INTERNAL_par:FXE-FIELD-A-DETRT-APP_par:DTWPC-Page-No-Delay_par,f,2,99
e626f9ea-1855-fbb0-7ea3-b7caaa234469,XFORM-SGFA-MGCP-DNIS_css,Applied to site gateway configuration in CUCM,,XFORM-SGFA-MGCP-DNIS_par,f,2,99
fdf76e70-2d91-d64e-ab50-fd5fbf4d95df,FXE-FIELD-A-LYHA-APP_css,LYHA CSS Applied to the phone lines and Gateway,,BLOCKED-GENERAL_par:FXE-FIELD-A-LYHA-APP_par:FXE-FIELD-A-INTERNAL_par,f,2,99
eaa1330b-186b-e65d-f7d9-c78717ff9047,XFORM-FWAA-MGCP-DNIS_css,Applied to site gateway configuration in CUCM,,XFORM-FWAA-MGCP-DNIS_par,f,2,99
f6adf36d-fd54-0704-23ed-f0cd806a4586,XFORM-MPRA-MGCP-DNIS_css,Applied to site gateway configuration in CUCM,,XFORM-MPRA-MGCP-DNIS_par,f,2,99
76f0eef0-7c5c-e3ab-271a-3b4aa13c2304,FXE-FIELD-A-APAA-APP_css,CSS Applied to the phone lines and Gateway,,FXE-FIELD-A-APAA-APP_par:BLOCKED-GENERAL_par:PAR-APAA-MON-FRI-0630-0800:PAR-APAA-REST-OF-TIME:PAR-APAA-SAT-0700-1900:FXE-FIELD-A-INTERNAL_par,f,2,99
e96dea18-150c-5f19-348e-0f80121cdf0e,FXE-FIELD-A-FMEA-APP_css,FMEA CSS Applied to the phone lines and Gateway,,BLOCKED-GENERAL_par:FXE-FIELD-A-FMEA-APP_par:FXE-FIELD-A-INTERNAL_par,f,2,99
90ef4e36-e059-07f5-c77f-26fa5ab45b7a,FXE-FIELD-A-IAHR-APP_css,IAHR CSS to be Placed on the Lines at the Site,,BLOCKED-GENERAL_par:FXE-FIELD-A-IAHR-APP_par:FXE-FIELD-A-INTERNAL_par,f,2,99
90f7467f-522e-383b-bb04-c7c2bbce223b,CKBA_PSTN_css,"""Internal, External for CKBA""",,CKBA_Internal_par:CKBA_PSTN_par,f,2,99
21b9e0bd-cdb6-1e95-a42f-6a35fc3cd5da,FXE-FIELD-A-ELPA-APP_css,ELPA CSS to be Placed on the Lines at the Site,,BLOCKED-GENERAL_par:FXE-FIELD-A-ELPA-APP_par:FXE-FIELD-A-INTERNAL_par,f,2,99
0999a6e9-8fa2-db99-32bf-7abcebb228b6,FXE-FIELD-DLDWK_internal_css,Internal for FXE-DLDWK,,FXE-FIELD-DLDWK_internal_par,f,2,99
f719aa70-7537-26c3-1932-0914a88df8e6,FXE-FIELD-A-FLLRT-APP_css,CSS Applied to the phone lines and Gateway,,FXE-FIELD-A-FLLRT-APP_par:BLOCKED-GENERAL_par:FXE-FIELD-A-INTERNAL_par:Captel-APP-par,f,2,99
0ab1fc23-b0b7-a4de-5d57-47d275c5155b,LKSA2_911_css,911 for LKSA2,,LKSA2_911_par,f,2,99
cf422483-6da8-350c-72d4-ab964744cee1,STLRT-LD_css,STLRT internal and local and LD calls,,STLRT_Internal_par:NA-Local_par:NA-LD_par,f,2,99
3ff531cf-7436-221f-56f3-1da883c77ad4,FXE-FIELD-A-DTWS-APP_css,DTWS CSS to be Placed on the Lines at the Site,,BLOCKED-GENERAL_par:FXE-FIELD-A-DTWS-APP_par:FXE-FIELD-A-INTERNAL_par,f,2,99
5d421563-2304-33eb-8716-7c419e5a6bae,FXE-FIELD-A-SLCA-APP_css,SLCA CSS to be Placed on the Lines at the Site,,BLOCKED-GENERAL_par:FXE-FIELD-A-SLCA-APP_par:FXE-FIELD-A-INTERNAL_par,f,2,99
a43a097a-f9d2-66d9-7798-af7b97e53967,FXE-DRTA_CngPTP-xform-GW-IN_css,FXE-DRTA Transform Incoming GW CLID,,FXE-DRTA_CngPTP-Xform-GW-IN_par,f,2,99
9ee3c614-2495-4d80-d6a6-7737d3473890,XFORM-0517-MGCP-DNIS_css,0517 Applied to site gateway configuration in CUCM,,XFORM-0517-MGCP-DNIS_par,f,2,99
3b8184c0-f401-70ea-4e88-5380c476dba5,BURA-911_css,911 for BURA,,NA-911_par,f,2,99
47c1a7c4-063b-cb6b-07e4-679ca80b1e85,FXE-FIELD-A-ABER-APP_css,ABER CSS Applied to the phone lines and Gateway,,BLOCKED-GENERAL_par:FXE-FIELD-A-ABER-APP_par:FXE-FIELD-A-INTERNAL_par,f,2,99
43e2d567-02e3-6425-7490-e4d38095448e,FXE-SLCR_LD_css,SLCR LD css,,FXE-SLCR_internal_par:NA-Local_par:NA-LD_par,f,2,99
0091e150-4d4a-ccc5-3d9d-de2210ec7dc0,FXE-FIELD-A-CLEWK-APP_css,CLEWK CSS Applied to the phone lines and Gateway,,BLOCKED-GENERAL_par:FXE-FIELD-A-CLEWK-APP_par:FXE-FIELD-A-INTERNAL_par,f,2,99
ea19e924-18b1-3ab7-cd7b-68393d5fc0d0,RKSA_911_css,911 for RKSA,,RKSA_911_par,f,2,99
ab708365-c738-8357-5438-13d6ada3a4e4,FXE-FIELD-A-BWIA-APP_css,BWIA CSS to be Placed on the Lines at the Site,,BLOCKED-GENERAL_par:FXE-FIELD-A-BWIA-APP_par:FXE-FIELD-A-INTERNAL_par,f,2,99
be870c47-5594-2b25-bcb0-f4a0751816b1,FXE-FIELD-A-AZOA-APP_css,AZOA CSS to be Placed on the Lines at the Site,,BLOCKED-GENERAL_par:FXE-FIELD-A-AZOA-APP_par:FXE-FIELD-A-INTERNAL_par,f,2,99
fedb944c-df26-fa25-ce27-c85e540d1598,XFORM-ELMA-MGCP-ANI_css,Applied to site gateway configuration in CUCM,,XFORM-ELMA-MGCP-ANI_par,f,2,99
139d8da9-bdb6-9489-16b2-a51038a23cee,FXE-FIDA_CngPTP-xform-GW-OUT_css,FXE-FIDA Trans numbers as they leave the local GW,,FXE-FIDA_CngPTP-xform-GW-OUT_par,f,2,99
b80fbdd1-2d26-3912-738f-1bf2139d183a,FXE-FIELD-A-BFLA-APP_css,BFLA CSS Applied to the phone lines and Gateway,,FXE-FIELD-A-BFLA-APP_par:FXE-FIELD-A-INTERNAL_par:BLOCKED-GENERAL_par,f,2,99
40a0fca9-e618-faa0-2d61-726c73a6b21f,LASR_internal_css,Internal for LASR,,LASR_internal_par,f,2,99
57a4fded-4a6a-0819-9f75-d467956ca3c6,XFORM-DBQA-MGCP-DNIS_css,Applied to site gateway configuration in CUCM,,XFORM-DBQA-MGCP-DNIS_par,f,2,99
66e2397d-696f-91dc-6ce3-076c9d61281b,FXE-FIELD-A-LRDA-APP_css,LRDA CSS Applied to the phone lines and Gateway,,BLOCKED-GENERAL_par:FXE-FIELD-A-LRDA-APP_par:FXE-FIELD-A-INTERNAL_par,f,2,99
6f50543d-82f9-44f6-f05e-693f8720b3c8,XFORM-OLVA-MGCP-DNIS_css,Applied to site gateway configuration in CUCM,,XFORM-OLVA-MGCP-DNIS_par,f,2,99
83e41c5b-6e70-d4cf-20b5-b042cb9661e9,XFORM-ALOA-MGCP-DNIS_css,Applied to site gateway configuration in CUCM,,XFORM-ALOA-MGCP-DNIS_par,f,2,99
64343bda-1138-cbcd-1218-acdc75d6d822,ORDR_GATEPHONE_PLAR_CSS,ORDR_GATEPHONE_PLAR_CSS,,ORDR_GATEPHONE_PAR,f,2,99
92369b98-6af7-1898-b3a1-0ecab454b68a,FXE-FIELD-A-DFWVK-APP_css,DFWVK CSS to be Placed on the Lines at the Site,,BLOCKED-GENERAL_par:FXE-FIELD-A-INTERNAL_par:FXE-FIELD-A-DFWVK-APP_par,f,2,99
79c0746c-7060-01ba-5cca-88444a151539,FXE-DENA_LD_css,DENA LD css,,FXE-DENA_internal_par:NA-Local_par:NA-LD_par,f,2,99
329a5b77-cbf1-e825-ee83-bec364e574fd,FXE-FIELD-A-ANDA-APP_css,ANDA CSS Applied to the phone lines and Gateway,,BLOCKED-GENERAL_par:FXE-FIELD-A-ANDA-APP_par:FXE-FIELD-A-INTERNAL_par,f,2,99
44395194-adc0-7ebd-4750-d5801073c539,FXE-FIELD-DLDWK_LD_css,DLDWK LD css,,FXE-FIELD-DLDWK_internal_par:NA-Local_par:NA-LD_par,f,2,99
253bbf58-7ba2-151b-0fc1-406bbec56048,XFORM-MEJSC-MGCP-ANI_css,Applied to site gateway configuration in CUCM,,XFORM-MEJSC-MGCP-ANI_par,f,2,99
b9cb0173-7421-bcaa-8cd6-f71be9b7d971,PSPA_911_css,911 for PSPA,,PSPA_911_par,f,2,99
b511f308-5b7a-90a1-f8b6-d5540e563fe7,MKEWK_CngPTP-xform-GW-IN_css,MKEWK Transform Incoming GW CLID,,MKEWK_CngPTP-Xform-GW-IN_par,f,2,99
411d617f-eec7-4dcd-206b-edcb2135f428,FXE-FIELD-A-RICRT-APP_css,RICRT CSS Applied to the phone lines and Gateway,,BLOCKED-GENERAL_par:FXE-FIELD-A-RICRT-APP_par:FXE-FIELD-A-INTERNAL_par,f,2,99
d32f44ab-a71f-6ac1-0fe5-924e496f3cf0,FXE-FIELD-A-OXCA-APP_css,OXCA CSS to be Placed on the Lines at the Site,,BLOCKED-GENERAL_par:FXE-FIELD-A-OXCA-APP_par:FXE-FIELD-A-INTERNAL_par,f,2,99
137e6ac7-e4d2-875f-54cd-b8ed0cb27de5,XFORM-DANA-MGCP-DNIS_css,Applied to site gateway configuration in CUCM,,XFORM-DANA-MGCP-DNIS_par,f,2,99
3a62ea70-19ee-7b8a-9bf7-46d5d268f37c,FXE-FIELD-A-DBQA-APP_css,DBQA CSS to be Placed on the Lines at the Site,,BLOCKED-GENERAL_par:FXE-FIELD-A-DBQA-APP_par:FXE-FIELD-A-INTERNAL_par,f,2,99
e70d4970-7f8d-e1b1-04b5-4c68bd878cfe,XFORM-CPRR-MGCP-DNIS_css,Applied to site gateway configuration in CUCM,,XFORM-CPRR-MGCP-DNIS_par,f,2,99
6dd26e5b-4c78-a29c-fe5c-0b95aa031d2f,FXE-FIELD-A-ROGA-APP_css,ROGA CSS Applied to the phone lines and Gateway,,BLOCKED-GENERAL_par:FXE-FIELD-A-ROGA-APP_par:FXE-FIELD-A-INTERNAL_par,f,2,99
b3710cec-b199-ad83-7258-e6b5b826bbb6,FXE-FIELD-A-ATYA-APP_css,ATYA CSS Applied to the phone lines and Gateway,,BLOCKED-GENERAL_par:FXE-FIELD-A-ATYA-APP_par:FXE-FIELD-A-INTERNAL_par,f,2,99
8acbf7dd-f150-0db2-567a-5c1169d02571,FXE-FIELD-A-IGM-APP_css,IGMCSS to be Placed on the Lines at the Site,,FXE-FIELD-A-IGM-APP_par:BLOCKED-GENERAL_par:FXE-FIELD-A-INTERNAL_par,f,2,99
309cac8e-7a55-7020-3ef0-3c6a3aee6412,XFORM-PLBA-DNIS-OUT-css,Applied to site gateway configuration in CUCM,,XFORM-PLBA-MGCP-DNIS_par,f,2,99
3f7b754c-acb9-83ff-4f6a-e76c369a5a82,FXE-FIELD-A-IADR-APP_css,IADR CSS to be Placed on the Lines at the Site,,BLOCKED-GENERAL_par:FXE-FIELD-A-IADR-APP_par:FXE-FIELD-A-INTERNAL_par,f,2,99
b6a51fa3-3f53-2490-216f-c3fb61617f08,FXE-FIELD-A-MTJA-APP_css,MTJA CSS Applied to the phone lines and Gateway,,BLOCKED-GENERAL_par:FXE-FIELD-A-MTJA-APP_par:FXE-FIELD-A-INTERNAL_par,f,2,99
a7383cc4-b08d-1d6e-ef7a-149c8bd4da20,XFORM-ZSYA-MGCP-DNIS_css,Applied to site gateway configuration in CUCM,,XFORM-ZSYA-MGCP-DNIS_par,f,2,99
e7fc70d9-9d44-d75b-c37e-03567b1f65d5,FXE-FIELD-A-MGCA-APP_css,MGCA CSS to be Placed on the Lines at the Site,,BLOCKED-GENERAL_par:FXE-FIELD-A-MGCA-APP_par:FXE-FIELD-A-INTERNAL_par,f,2,99
afa1061e-4930-25c5-3e44-f011b015f86f,FXE-FIELD-A-FNTR-APP_css,FNTR CSS Applied to the phone lines and Gateway,,BLOCKED-GENERAL_par:FXE-FIELD-A-FNTR-APP_par:FXE-FIELD-A-INTERNAL_par,f,2,99
380551f3-9497-912d-ab07-0abbba81e868,FXE-FIELD-A-OMAA-APP_css,OMAA CSS to be Placed on the Lines at the Site,,BLOCKED-GENERAL_par:FXE-FIELD-A-OMAA-APP_par:FXE-FIELD-A-INTERNAL_par,f,2,99
e1513c9f-1b1e-9afe-06cf-d7d0b6497510,XFORM-ONTR-MGCP-DNIS_css,Applied to site gateway configuration in CUCM,,XFORM-ONTR-MGCP-DNIS_par,f,2,99
a3b855d7-8c77-6066-f97b-bbabb9ffdacd,SNAR_911_css,911 for SNAR,,SNAR_911_par,f,2,99
d2658bd2-a3e8-773c-73fb-1d1cf7d41864,FXE-DALA_CngPTP-xform-OUT_css,DALA Transform numbers as they leave the local GW,,FXE-DALA_CngPTP-xform-OUT_par,f,2,99
43730838-7d83-56ce-6486-e0aa9da63941,XFORM-DIKA-MGCP-DNIS_css,Applied to site gateway configuration in CUCM,,XFORM-DIKA-MGCP-DNIS_par,f,2,99
22676881-63e8-c739-e7f4-44448db95c7e,XFORM-SLNA-MGCP-DNIS_css,Applied to site gateway configuration in CUCM,,XFORM-SLNA-MGCP-DNIS_par,f,2,99
3fddc19f-a1e1-6870-90fb-25757ec1ac0e,XFORM-BDLR-DNIS-OUT-css,Applied to site gateway configuration in CUCM,,XFORM-BDLR-MGCP-DNIS_par,f,2,99
c0ab9504-c6e2-0d1c-2248-1c58646aa7d7,FXE-FIELD-A-PNEA-APP_css,PNEA CSS to be Placed on the Lines at the Site,,BLOCKED-GENERAL_par:FXE-FIELD-A-PNEA-APP_par:FXE-FIELD-A-INTERNAL_par,f,2,99
4005ba59-ff24-7db6-0de0-a1113873cb8f,FXE-FIELD-A-GYYA-APP_css,GYYA CSS to be Placed on the Lines at the Site,,CO-LO-E911-EGW_par:BLOCKED-GENERAL_par:FXE-FIELD-A-GYYA-APP_par:FXE-FIELD-A-INTERNAL_par,f,2,99
5bca1f70-ca60-0617-6991-0a6d743dfaa5,FXE-FIELD-A-SJCR-APP_css,SJCR CSS Applied to the phone lines and Gateway,,BLOCKED-GENERAL_par:FXE-FIELD-A-SJCR-APP_par:FXE-FIELD-A-INTERNAL_par,f,2,99
10b13044-6646-4c65-2c7f-d73aa8cafc98,FXE-FIELD-A-SFOR-APP_css,SFOR CSS to be Placed on the Lines at the Site,,BLOCKED-GENERAL_par:FXE-FIELD-A-SFOR-APP_par:FXE-FIELD-A-INTERNAL_par,f,2,99
09bae410-c105-dae0-7ee7-7d60dedfd139,FXE-FIELD-A-ADSA-APP_css,ADSA CSS to be Placed on the Lines at the Site,,BLOCKED-GENERAL_par:FXE-FIELD-A-ADSA-APP_par:FXE-FIELD-A-INTERNAL_par,f,2,99
10edf588-034f-f810-7156-a127ccd8fe11,FXE-FIELD-A-RIWA-APP_css,RIWA CSS to be Placed on the Lines at the Site,,BLOCKED-GENERAL_par:FXE-FIELD-A-RIWA-APP_par:FXE-FIELD-A-INTERNAL_par,f,2,99
f3c0269f-4573-8970-6195-ad740c0eaebb,FXE-FIELD-LBFA_Local_css,LBFA Local css,,FXE-FIELD-A-LBFA-APP_par:NA-Local_par,f,2,99
3c52bc39-0b51-00af-184a-b2c127166d0d,FXE-FIELD-A-SANR-APP_css,SANR CSS to be Placed on the Lines at the Site,,BLOCKED-GENERAL_par:FXE-FIELD-A-SANR-APP_par:FXE-FIELD-A-INTERNAL_par,f,2,99
0fa182df-34c0-119e-68bd-2aa7066428f9,FXE-DRTA_LD_css,DRTA LD css,,FXE-Field-A-DRTA-APP_par:NA-Local_par:NA-LD_par,f,2,99
a529c393-5e35-086b-2cda-b11baa927114,FXE-FIELD-A-SATA-APP_css,SATA CSS Applied to the phone lines and Gateway,,BLOCKED-GENERAL_par:FXE-FIELD-A-SATA-APP_par:FXE-FIELD-A-INTERNAL_par,f,2,99
92a77e90-0048-a824-7c56-985246513521,XFORM-CLEB-MGCP-DNIS_css,Applied to site gateway configuration in CUCM,,XFORM-CLEB-MGCP-DNIS_par,f,2,99
232fee41-4188-eb2d-e23b-295b13cb734b,JREA_PSTN_css,"""Internal, External for JREA""",,FXE-FIELD-A-JREA-APP_par:JREA_PSTN_par,f,2,99
68eeb454-4e4c-ec0e-59b8-baf07f83be0c,FXE-DENA_911_css,911 for DENA,,NA-911_par,f,2,99
076965cf-5e7f-8354-be49-ea3aa1ea11c3,BURA-Internal_css,BURA Internal Calls,,FXE-FIELD-A-INTERNAL_par:BURA_Internal_par,f,2,99
decda1d1-4665-ba6f-0b6e-a1ed55d88b2e,SATWK_PSTN_css,"""Internal, External for SATWK""",,SATWK_internal_par:SATWK_PSTN_par,f,2,99
4e8b6849-73fd-a24e-ee05-fee2d84bf19d,XFORM-BJAVM-MGCP-ANI_css,Applied to site gateway configuration in CUCM,,XFORM-BJAVM-MGCP-ANI_par,f,2,99
31a35747-06e6-a973-b3b2-bcb8f4c2133b,BLOCKED-INTL-css,Block INTL and Ent Policy,,BLOCKED-GENERAL_par:BLOCKED-INTL_par,f,2,99
4876cca9-dad9-751d-f706-71646669c9a0,FXE-FIELD-A-PIEA-APP_css,PIEA CSS to be Placed on the Lines at the Site,,BLOCKED-GENERAL_par:FXE-FIELD-A-PIEA-APP_par:FXE-FIELD-A-INTERNAL_par,f,2,99
b241a4dc-563c-00c1-2afa-4cea58e70918,FXE-FIELD-A-BNHA-APP-css,BNHA CSS to be Placed on the Lines at the Site,,BLOCKED-GENERAL_par:FXE-FIELD-A-BNHA-APP-par:FXE-FIELD-A-INTERNAL_par,f,2,99
26d2eadd-a4c2-3044-27e6-393b4417459e,XFORM-LLXA-MGCP-DNIS_css,Applied to site gateway configuration in CUCM,,XFORM-LLXA-MGCP-DNIS_par,f,2,99
e24ac130-8cca-5bfd-747b-631b96d99369,XFORM-GUPA-MGCP-DNIS_css,Applied to GUPA site gateway configuration in CUCM,,XFORM-GUPA-MGCP-DNIS_par,f,2,99
4f5a934e-df8e-e9ec-4463-d5cf3a55f0f9,FXE-FIELD-A-HRLA-APP_css,HRLA CSS Applied to the phone lines and Gateway,,BLOCKED-GENERAL_par:FXE-FIELD-A-HRLA-APP_par:FXE-FIELD-A-INTERNAL_par,f,2,99
02cbaca3-2e06-b154-2f26-00fed1ffe051,EWRRT-UR_css,"""EWRRT internal, local, LD and international calls""",,EWRRT_Internal_par:NA-Local_par:NA-LD_par:NA-International_par:EWRRT_911_par:EWRRT_PSTN_par,f,2,99
e8756e59-dc27-821c-cc53-ae682d081f58,FXE-FIELD-A-BZNA-APP_css,BZNA CSS to be Placed on the Lines at the Site,,BLOCKED-GENERAL_par:FXE-FIELD-A-BZNA-APP_par:FXE-FIELD-A-INTERNAL_par,f,2,99
86db68f0-7e7f-99bd-d74d-284f9948b6f6,XFORM-DTWS-MGCP-DNIS_css,Applied to site gateway configuration in CUCM,,XFORM-DTWS-MGCP-DNIS_par,f,2,99
b089bf2c-cc67-efff-72b6-9b985fb78b86,FXE-FIELD-A-IMTA-APP_css,IMTA CSS to be Placed on the Lines at the Site,,BLOCKED-GENERAL_par:FXE-FIELD-A-IMTA-APP_par:FXE-FIELD-A-INTERNAL_par,f,2,99
28b97393-3048-9bc0-8ca4-3fbd984c7aba,XFORM-ILMA-MGCP-DNIS_css,Applied to site gateway configuration in CUCM,,XFORM-ILMA-MGCP-DNIS_par,f,2,99
477d0565-742f-7a60-b073-f572f1f7556e,FXE-BFIWK_LD_css,BFIWK LD css,,FXE-FIELD-A-BFIWK-APP_par:NA-Local_par:NA-LD_par,f,2,99
6907e3ee-20d7-4c5e-4b54-fb3df0ef1ca0,XFORM-GWSA-MGCP-ANI_css,Applied to site gateway configuration in CUCM,,XFORM-GWSA-MGCP-ANI_par,f,2,99
be5c5b82-c941-be98-67dc-7986254cc660,XFORM-CLUA-MGCP-DNIS_css,Applied to site gateway configuration in CUCM,,XFORM-CLUA-MGCP-DNIS_par,f,2,99
bdea84c5-5fee-cfd0-f81a-559d1a4fdc07,FXE-FIELD-A-OWBA-APP_css,OWBA CSS to be Placed on the Lines at the Site,,BLOCKED-GENERAL_par:FXE-FIELD-A-OWBA-APP_par:FXE-FIELD-A-INTERNAL_par,f,2,99
cbc52eea-5950-ec50-a662-fd4a17dd43dc,FXE-FIELD-A-RDUSL-APP_css,RDUSL CSS to be Placed on the Lines at the Site,,BLOCKED-GENERAL_par:FXE-FIELD-A-RDUSL-APP_par:FXE-FIELD-A-INTERNAL_par,f,2,99
f80619f4-27d9-b540-4606-f6b268a6d4e8,FXE-FIELD-A-JVLA-APP_css,JVLA CSS Applied to the phone lines and Gateway,,BLOCKED-GENERAL_par:FXE-FIELD-A-JVLA-APP_par:FXE-FIELD-A-INTERNAL_par,f,2,99
2c45ef87-f9fd-84f3-9b61-0ed6a39a42a1,XFORM-JXNA-MGCP-DNIS_css,Applied to site gateway configuration in CUCM,,XFORM-JXNA-MGCP-DNIS_par,f,2,99
4ac6cd52-bd96-2504-2295-bd24fbb82625,FXE-BFIWK_CngPTP-xform-OUT_css,BFIWK Transform numbers as they leave the local GW,,FXE-BFIWK_CngPTP-Xform-OUT_par,f,2,99
a60a244d-bb42-fffd-cb62-7e3b2c1d0e40,FXE-FIELD-A-FTYWK-APP_css,FTYWK CSS to be Placed on the Lines at the Site,,BLOCKED-GENERAL_par:FXE-FIELD-A-FTYWK-APP_par:FXE-FIELD-A-INTERNAL_par,f,2,99
6124f962-e264-0e4b-6416-7925e99429f2,FXE-FIDA_Local_css,FIDA Local css,,FXE-FIELD-A-FIDA-APP_par:NA-Local_par,f,2,99
907c6bcb-9ca5-9732-8ce6-e875e9713478,FXE-FIELD-A-SGUA-APP_css,SGUA CSS Applied to the phone lines and Gateway,,BLOCKED-GENERAL_par:FXE-FIELD-A-INTERNAL_par:FXE-FIELD-A-SGUA-APP_par,f,2,99
785a9f7a-ab49-17ce-12b6-35f1cb209828,FXE-FIELD-A-EGEA-APP_css,EGEA CSS Applied to the phone lines and Gateway,,BLOCKED-GENERAL_par:FXE-FIELD-A-EGEA-APP_par:FXE-FIELD-A-INTERNAL_par,f,2,99
cb740114-ff3d-f0dc-4a31-3280b79d8d68,XFORM-ELDA-MGCP-DNIS_css,Applied to site gateway configuration in CUCM,,XFORM-ELDA-MGCP-DNIS_par,f,2,99
33ee0c93-328f-aceb-bc08-ac434568c62e,FXE-FIELD-A-BUFR-APP-css,FXE BUFR CSS to be Placed on the Lines,,BLOCKED-GENERAL_par:FXE-FIELD-A-BUFR-APP-par:FXE-FIELD-A-BUFME-APP_PAR:FXE-FIELD-A-INTERNAL_par,f,2,99
3445c1a1-5b5c-9014-7741-918512079bca,FXE-FIELD-A-LSEA-APP_css,LSEA CSS Applied to the phone lines and Gateway,,BLOCKED-GENERAL_par:FXE-FIELD-A-LSEA-APP_par:FXE-FIELD-A-INTERNAL_par,f,2,99
349d7c93-e2a5-cd97-8a77-f7beaca20eea,XFORM-GYYA-MGCP-DNIS_css,Applied to site gateway configuration in CUCM,,XFORM-GYYA-MGCP-DNIS_par,f,2,99
909c804c-8d18-b126-5234-95485317124d,XFORM-GNVA1-MGCP-DNIS_css,Applied to site gateway configuration in CUCM,,FXE-FIELD-A-GNVA1-APP_par,f,2,99
c59a59ec-c7f0-cd4f-600e-fd17337d82b8,XFORM-BFMRT-MGCP-DNIS_css,Applied to site gateway configuration in CUCM,,XFORM-BFMRT-MGCP-DNIS_par,f,2,99
c4ba3364-f85f-c017-8385-5d4782d84354,FXE-FIELD-A-IFPA-APP-css,IFPA CSS to be Placed on the Lines at the Site,,BLOCKED-GENERAL_par:FXE-FIELD-A-IFPA-APP-par:FXE-FIELD-A-INTERNAL_par,f,2,99
ac77aa0e-eea9-4002-f427-b6e002b6843f,FXE-FIELD-A-TOPA-APP_css,CSS Applied to the phone lines and Gateway,,FXE-FIELD-A-TOPA-APP_par:BLOCKED-GENERAL_par:FXE-FIELD-A-INTERNAL-MGCP-par,f,2,99
abf3fc94-30d0-c81b-b44e-e3942f3ad1a9,FXE-FIELD-A-LITRT-APP_css,LITRT CSS Applied to the phone lines and Gateway,,BLOCKED-GENERAL_par:FXE-FIELD-A-LITRT-APP_par:FXE-FIELD-A-INTERNAL_par,f,2,99
93c9c50c-4c6b-122e-8615-20a7ff2462b5,FXE-FIELD-A-CSGA-APP_css,CSGA CSS to be Placed on the Lines at the Site,,BLOCKED-GENERAL_par:FXE-FIELD-A-CSGA-APP_par:FXE-FIELD-A-INTERNAL_par,f,2,99
61e74155-6c83-4592-c8a6-27c1c3dea5f3,FXE-FIELD-A-FTYA-APP_css,FTYA CSS to be Placed on the Lines at the Site,,FXE-FIELD-A-FTYA-APP_par:BLOCKED-GENERAL_par:FXE-FIELD-A-INTERNAL_par,f,2,99
f31a0435-e860-fe7c-7b64-47a790adb906,FXE-FIELD-A-BPTA-APP_css,BPTA CSS to be Placed on the Lines at the Site,,BLOCKED-GENERAL_par:FXE-FIELD-A-BPTA-APP_par:FXE-FIELD-A-INTERNAL_par,f,2,99
199d0d92-5adb-04d8-480e-b1899fc6facb,XFORM-AVPA-MGCP-ANI_css,Applied to site gateway configuration in CUCM,,XFORM-AVPA-MGCP-ANI_par,f,2,99
c10ec5f5-755f-acac-00fa-499e920026ba,FXE-FIELD-A-EKAA-APP_css,CSS Applied to the phone lines and Gateway,,FXE-FIELD-A-EKAA-APP_par:FXE-FIELD-A-INTERNAL_par:BLOCKED-GENERAL_par,f,2,99
2493b4d7-0b78-7a72-0ead-346f748e6a37,911-SIP-css,"""911 for calls via SME, SBC, and 911 Enable""",,911-SIP-par,f,2,99
f72fb730-9607-ef51-8033-55bb74e91c35,XFORM-GSPR-MGCP-DNIS_css,GSPR Applied to site gateway configuration in CUCM,,XFORM-GSPR-MGCP-DNIS_par,f,2,99
9d9f87e3-28b8-4a71-bae9-053640b6d8dc,FXE-FIELD-A-PIAA-APP_css,PIAA CSS to be Placed on the Lines at the Site,,BLOCKED-GENERAL_par:FXE-FIELD-A-PIAA-APP_par:FXE-FIELD-A-INTERNAL_par,f,2,99
4358f1e3-37a0-59b4-4619-c4ea176539d4,SHVR_911_css,911 for SHVR,,SHVR_911_par,f,2,99
9cead63e-f6d8-0d78-314e-b6c9b4e8a7e3,FXE-FIELD-A-CICA-APP_css,CICA CSS to be Placed on the Lines at the Site,,BLOCKED-GENERAL_par:FXE-FIELD-A-CICA-APP_par:FXE-FIELD-A-INTERNAL_par,f,2,99
ddbd3eca-a151-414c-79be-73ba463d2531,FXE-SCFA_CngPTP-xform-GW-IN_css,FXE-SCFA Transform Incoming GW CLID,,FXE-SCFA_CngPTP-Xform-GW-IN_par,f,2,99
f0718a36-ab89-db89-e0f9-c17dfdfc0b95,XFORM-FCAA-MGCP-DNIS_css,FCAA Applied to site gateway configuration in CUCM,,XFORM-FCAA-MGCP-DNIS_par,f,2,99
e7b9c8b2-a38c-bf81-6b32-9aa38a060587,FXE-FIELD-SMFWK_LD_css,SMFWK LD css,,FXE-FIELD-A-SMFWK-APP_par:NA-Local_par:NA-LD_par,f,2,99
29369058-5400-a087-3c3f-aa7003c63323,BEDWK_911_css,911 for BEDWK,,BEDWK_911_par,f,2,99
5cabca43-e3bd-a5f1-bc5e-f8dddf6293b6,XFORM-LCIA-DNIS-OUT-css,Applied to site gateway configuration in CUCM,,XFORM-LCIA-MGCP-DNIS_par,f,2,99
5f5bf12b-15df-c736-c617-65a63f8065f9,DCLEG_UR_css,"""DCLEG internal, local, LD and international calls""",,DCLEG_Internal_par:NA-Local_par:NA-LD_par:NA-International_par,f,2,99
e72c9545-51f8-57b5-7927-5c798cb38c45,FXE-FIELD-A-BJAVM-APP_css,BJAVM CSS Applied to the phone lines and Gateway,,BLOCKED-GENERAL_par:FXE-FIELD-A-BJAVM-APP_par:FXE-FIELD-A-INTERNAL_par,f,2,99
fa3f0a2c-eda8-7053-4130-0bc488c56c81,XFORM-HIKA-MGCP-DNIS_css,Applied to site gateway configuration in CUCM,,XFORM-MIAR-HIKA-DNIS_par,f,2,99
77e1650f-cf85-e184-cad9-369020ad77ea,MKEWK-UR_css,"""MKEWK internal, local, LD and international calls""",,MKEWK_Internal_par:NA-Local_par:NA-LD_par:NA-International_par,f,2,99
80ab5124-1bd3-ae90-c646-28ce02e04b35,FXE-FIELD-A-ANBA-APP_css,ANBA CSS Applied to the phone lines and Gateway,,BLOCKED-GENERAL_par:FXE-FIELD-A-ANBA-APP_par:FXE-FIELD-A-INTERNAL_par,f,2,99
74bc96e6-ff0b-d1d7-781c-b313dd25bf7b,FXE-DENA_internal_css,Internal for FXE-DENA,,FXE-DENA_internal_par,f,2,99
2630f328-2ccc-4545-ce4d-05be3555bee9,XFORM-ALNA-MGCP-DNIS_css,Applied to site gateway configuration in CUCM,,XFORM-ALNA-MGCP-DNIS_par,f,2,99
095a7327-f7a3-356b-29bb-0ffc489086c2,CKBSC2_PSTN_css,"""Internal, External for CKBSC2""",,CKBSC2_internal_par:CKBSC2_PSTN_par,f,2,99
af5c622d-7749-7b13-70c8-a490a8ab9957,FXE-FIELD-A-STQA-APP_css,STQA CSS to be Placed on the Lines at the Site,,BLOCKED-GENERAL_par:FXE-FIELD-A-STQA-APP_par:FXE-FIELD-A-INTERNAL_par,f,2,99
78def69d-d417-df63-2b94-b6e1d466e064,FXE-SFOR_CngPTP-xform-OUT_css,FXE-SFOR Transforms numbers as they leave GW,,FXE-SFOR_CngPTP-xform-OUT_par,f,2,99
f64d38d1-9a32-87aa-bff5-e26977810e23,FXE-FIELD-A-HSTA-APP_css,HSTA CSS to be Placed on the Lines at the Site,,BLOCKED-GENERAL_par:FXE-FIELD-A-HSTA-APP_par:FXE-FIELD-A-INTERNAL_par,f,2,99
b9bdc82f-8f03-b613-af76-ea17ae2fcd9e,XFORM-FLOA-MGCP-DNIS_css,FLOA Applied to site gateway configuration in CUCM,,XFORM-FLOA-MGCP-DNIS_par,f,2,99
85be77f6-b398-e8a2-da13-8397a1017a40,MPZA-LD_css,MPZA internal and local and LD calls,,MPZA_Internal_par:NA-Local_par:NA-LD_par,f,2,99
4e6577a2-0f34-923c-04ca-722665b9dcd1,XFORM-SGFR-MGCP-ANI_css,Applied to site gateway configuration in CUCM,,XFORM-SGFR-MGCP-ANI_par,f,2,99
3219cb12-418b-2d45-6832-95de90bb242d,FXE-FIELD-A-APFA-APP_css,AFPA CSS Applied to the phone lines and Gateway,,BLOCKED-GENERAL_par:FXE-FIELD-A-APFA-APP_par:FXE-FIELD-A-INTERNAL_par,f,2,99
b96a4937-dbb6-9ad7-271f-32176e64a3a6,FXE-FIELD-A-EKOA-APP_css,EKOA CSS to be Placed on the Lines at the Site,,BLOCKED-GENERAL_par:FXE-FIELD-A-EKOA-APP_par:FXE-FIELD-A-INTERNAL_par,f,2,99
35042275-eaaf-3f6c-7ff8-c7a9332d2a79,FXE-FIELD-A-PHXR-APP_css,CSS Applied to the phone lines and Gateway,,FXE-FIELD-A-PHXR-APP_par:FXE-FIELD-A-INTERNAL_par:BLOCKED-GENERAL_par,f,2,99
f2644201-9511-c9c4-2864-d3e6820f4c7b,XFORM-CLLA1-MGCP-DNIS_css,Applied to site gateway configuration in CUCM,,FXE-FIELD-A-CLLA1-APP_par,f,2,99
adef7c0d-1279-c572-fdba-bf29ef673b61,FXE-FIELD-A-OJCA-APP-css,OJCA CSS to be Placed on the Lines at the Site,,BLOCKED-GENERAL_par:FXE-FIELD-A-OJCA-APP_par:FXE-FIELD-A-INTERNAL_par,f,2,99
698f78ff-cdd0-1060-37d5-8af35d422257,FXE-FIELD-A-BNAR-APP_css,BNAR CSS Applied to the phone lines and Gateway,,BLOCKED-GENERAL_par:FXE-FIELD-A-BNAR-APP_par:FXE-FIELD-A-INTERNAL_par,f,2,99
fae049c2-78db-4473-a701-1fbbe6d9cd4e,XFORM-MGCA-MGCP-DNIS_css,Applied to site gateway configuration in CUCM,,XFORM-MGCA-MGCP-DNIS_par,f,2,99
13f365aa-5421-dc66-fd97-fe7ce4bc9b06,FXE-FIELD-A-SMFR-APP-css,SMFR CSS to be Placed on the Lines at the Site,,BLOCKED-GENERAL_par:FXE-FIELD-A-SMFR-APP-par:FXE-FIELD-A-INTERNAL_par,f,2,99
26708363-90ee-adfd-e6b6-90fa3f211fa4,FXE-FIELD-A-GTRA-APP-css,GTRA CSS to be Placed on the Lines at the Site,,BLOCKED-GENERAL_par:FXE-FIELD-A-GTRA-APP-par:FXE-FIELD-A-INTERNAL_par,f,2,99
6d06780f-f624-9d42-e7cc-87636b7949d1,FXE-FIELD-A-FYMA-APP_css,FYMA CSS to be Placed on the Lines at the Site,,BLOCKED-GENERAL_par:FXE-FIELD-A-FYMA-APP_par:FXE-FIELD-A-INTERNAL_par,f,2,99
b1e003b4-3585-05d7-9715-d2762ae9fa3a,XFORM-LANA-MGCP-DNIS_css,Applied to site gateway configuration in CUCM,,XFORM-LANA-MGCP-DNIS_par,f,2,99
d2080643-962c-a9ad-f94a-f03a51586a16,FXE-FIELD-A-PHDA-APP_css,PHDA CSS to be Placed on the Lines at the Site,,BLOCKED-GENERAL_par:FXE-FIELD-A-PHDA-APP_par:FXE-FIELD-A-INTERNAL_par,f,2,99
83875ae5-9036-5e29-9644-5b3a5f8bf0f5,FXE-FIELD-A-MSYA-APP_css,MSYA CSS Applied to the phone lines and Gateway,,BLOCKED-GENERAL_par:FXE-FIELD-A-MSYA-APP_par:FXE-FIELD-A-INTERNAL_par,f,2,99
fbdb1181-eb35-3296-c6be-f3d5288f3763,FXE-FIELD-A-BWGA-APP-css,BWGA CSS to be Placed on the Lines at the Site,,BLOCKED-GENERAL_par:FXE-FIELD-A-BWGA-APP-par:FXE-FIELD-A-INTERNAL_par,f,2,99
4e3e9bc2-1057-3806-3e7c-15382657acfb,FXE-FIELD-A-FSMA-APP_css,FSMA CSS Applied to the phone lines and Gateway,,BLOCKED-GENERAL_par:FXE-FIELD-A-FSMA-APP_par:FXE-FIELD-A-INTERNAL_par,f,2,99
78ffdade-9c9f-559d-8aa8-21e028b41e2e,MQYA-Internal_css,MQYA Internal Calls,,MQYA_Internal_par,f,2,99
477eea33-6708-4f9e-fff6-f21dab54c944,XFORM-CBEA-MGCP-ANI_css,Applied to site gateway configuration in CUCM,,XFORM-CBEA-MGCP-ANI_par,f,2,99
7ee6e0d5-6410-973b-16ab-cf3bd2ac7fb5,MQYA-Local_css,MQYA internal and local calls,,MQYA_Internal_par:NA-Local_par,f,2,99
3be5d0db-09f0-678a-d2b5-470229843e72,XFORM-SATA-MGCP-DNIS_css,Applied to site gateway configuration in CUCM,,XFORM-SATA-DNIS_par,f,2,99
2f49f106-17b2-e7b5-559d-2b4329f2e51f,XFORM-FFTVM-MGCP-DNIS_css,Applied to site gateway configuration in CUCM,,,f,2,99
4790e4cd-e9bf-5d13-ad5e-9fe83b26116f,ODWA2_PSTN_css,"""Internal, External for ODWA2""",,FXE-FIELD-A-ODWA2-APP_par:ODWA2_PSTN_par,f,2,99
5b0cd768-d5e0-346f-3b6b-58971555c216,FXE-FIELD-A-CPSSL-APP_css,CPSSL CSS to be Placed on the Lines at the Site,,BLOCKED-GENERAL_par:FXE-FIELD-A-CPSSL_par:FXE-FIELD-A-INTERNAL_par,f,2,99
a2e2a37e-2ab8-a7b8-32d3-7807f9f07846,FXE-FIELD-A-BFDA-APP_css,BFDA CSS Applied to the phone lines and Gateway,,BLOCKED-GENERAL_par:FXE-FIELD-A-BFDA-APP_par:FXE-FIELD-A-INTERNAL_par,f,2,99
7df93ee8-6570-e0ea-3502-f64f88fb5dba,FXE-FIELD-A-PVUA-APP-css,PVUA CSS to be Placed on the Lines at the Site,,BLOCKED-GENERAL_par:FXE-FIELD-A-PVUA-APP-par:FXE-FIELD-A-INTERNAL_par,f,2,99
7c969d17-51a6-bf56-f777-383a52dfd725,XFORM-ELPA-MGCP-DNIS_css,Applied to site gateway configuration in CUCM,,XFORM-ELPA-MGCP-DNIS_par,f,2,99
3f545479-c8cf-64f6-d692-0d5d65f600ea,MQYA-911_css,911 for MQYA,,NA-911_par,f,2,99
db96bc17-04b2-60c1-8f09-1db48265a652,DCLEG_LD_css,DCLEG internal and local and LD calls,,DCLEG_Internal_par:NA-Local_par:NA-LD_par,f,2,99
e4d3bb35-d3f0-2aab-5e91-0e4ea00a8dc1,FXE-FIELD-A-IADVK-APP_css,IADVK CSS Applied to the phone lines and Gateway,,BLOCKED-GENERAL_par:IADVK_Internal_par:FXE-FIELD-A-INTERNAL_par,f,2,99
a1ad63d2-a8f4-b26d-c83d-1b444b8a6f0c,XFORM-JHWA-MGCP-ANI_css,Applied to site gateway configuration in CUCM,,XFORM-JHWA-MGCP-ANI_par,f,2,99
99dcc416-b492-f64a-41df-e14c6e1b9236,FXE-FIELD-A-AVWA-APP_css,AVWA CSS to be Placed on the Lines at the Site,,BLOCKED-GENERAL_par:FXE-FIELD-A-AVWA-APP_par:FXE-FIELD-A-INTERNAL_par,f,2,99
97e74a2d-5400-d799-e94f-489f3d8da796,MQYA_CngPTP-xform-GW-OUT_css,MQYA Transforms numbers as they leave the local GW,,MQYA_CngPTP-xform-GW-OUT_par,f,2,99
cea4a35d-be7f-32a6-4205-25d1aab57a2e,FXE-FIELD-A-SYRA-APP_css,SYRA CSS to be Placed on the Lines at the Site,,BLOCKED-GENERAL_par:FXE-FIELD-A-SYRA-APP_par:FXE-FIELD-A-INTERNAL_par,f,2,99
748ea9ab-5185-1cd5-73b8-8f1c997de2c8,XFORM-CCRA-MGCP-DNIS_css,Applied to site gateway configuration in CUCM,,XFORM-CCRA-MGCP-DNIS_par,f,2,99
f0639c71-7fb8-7950-96e3-34a94dcfa7d9,FXE-FIELD-A-SLCR-APP_css,SLCR CSS to be Placed on the Lines at the Site,,BLOCKED-GENERAL_par:FXE-FIELD-A-SLCR-APP_par:FXE-FIELD-A-INTERNAL_par,f,2,99
54c1e275-8bb0-83d3-74f2-eeeb8dc24343,XFORM-CSNA-MGCP-DNIS_css,CSNA Applied to site gateway configuration in CUCM,,XFORM-CSNA-MGCP-DNIS_par,f,2,99
9d812fec-29d5-2bd5-b0df-f8a60faa3cd1,XFORM-BFRA-MGCP-DNIS_css,Applied to site gateway configuration in CUCM,,XFORM-BFRA-MGCP-DNIS_par,f,2,99
48e66e93-32e6-2687-3cc6-3662e5528460,DFWVK_LD_css,DFWVK LD css,,DFWVK_internal_par:DFWVK_Local_par:DFWVK_LD_par:DFWVK_911_par,f,2,99
d924d03a-9f1a-51ec-dda8-9cb687874a58,FXE-FIELD-A-ASHA-APP_css,ASHA CSS to be Placed on the Lines at the Site,,BLOCKED-GENERAL_par:FXE-FIELD-A-ASHA-APP_par:FXE-FIELD-A-INTERNAL_par,f,2,99
0c048825-7f3b-d77c-ecf2-909853474a52,FXE-FIELD-A-CYSA-APP_css,CYSA CSS to be Placed on the Lines at the Site,,BLOCKED-GENERAL_par:FXE-FIELD-A-CYSA-APP_par:FXE-FIELD-A-INTERNAL_par,f,2,99
d056d824-2b26-84f6-3cb2-1d349bc9338e,FXE-FIELD-A-MYFA-APP_css,MYFA CSS Applied to the phone lines and Gateway,,FXE-FIELD-A-INTERNAL_par:FXE-FIELD-A-MYFA-APP_par:BLOCKED-GENERAL_par,f,2,99
71a5f665-8898-798a-6147-450cd3b193ef,XFORM-FLOA-MGCP-ANI_css,FLOA Applied to site gateway configuration in CUCM,,XFORM-FLOA-MGCP-ANI_par,f,2,99
dfb82ee6-baa9-a436-a889-7e5b6cb5ae07,FXE-FIELD-A-LCIA-APP-css,LCIA CSS to be Placed on the Lines at the Site,,BLOCKED-GENERAL_par:FXE-FIELD-A-LCIA-APP_par:FXE-FIELD-A-INTERNAL_par,f,2,99
b09a467f-377f-ec12-defb-6dd1771c4099,XFORM-AUSA1-MGCP-DNIS_css,Applied to site gateway configuration in CUCM,,XFORM-AUSA1-MGCP-DNIS_par,f,2,99
782da963-9d56-baca-b085-d65d9a657f2f,FXE-FIELD-A-OKCA2-APP_css,OKCA2 CSS to be Placed on the Lines at the Site,,BLOCKED-GENERAL_par:FXE-FIELD-A-OKCA2-APP_par:FXE-FIELD-A-INTERNAL_par,f,2,99
1b6ba0bc-710f-6728-6828-ea784ee5d478,FXE-MSPWK_CngPTP-xform-IN_css,MSPWK Transform Incoming CLID,,FXE-MSPWK_CngPTP-Xform-IN_par,f,2,99
a7c0389d-0c6a-3078-213d-e362ffe38885,EWRVK_CngPTP-xform-GW-OUT_css,EWRV Transforms numbers as they leave the local GW,,EWRVK_CngPTP-xform-GW-OUT_par,f,2,99
e91339fa-8ec9-0c8a-01b2-edb5e217807e,FXE-SLCR-911_css,911 for SLCR,,NA-911_par,f,2,99
3518a9b1-3ca1-0ae4-acd0-11a640909f1c,DFWVK_International_css,DFWVK International css,,DFWVK_911_par:DFWVK_internal_par:DFWVK_Local_par:DFWVK_LD_par:DFWVK_International_par,f,2,99
a5f11dfa-35d2-98c9-f1e2-b8435e926710,FXE-MSPWK_CngPTP-xform-GW-OUT_css,FXE-MSPWK Trans numbers as they leave the local GW,,FXE-MSPWK_CngPTP-xform-GW-OUT_par,f,2,99
537932fd-1438-d42b-bc8d-ba38f0889f0b,FXE-FIELD-A-LAXR-APP_css,LAXR CSS to be Placed on the Lines at the Site,,BLOCKED-GENERAL_par:FXE-FIELD-A-LAXR-APP_par:FXE-FIELD-A-INTERNAL_par,f,2,99
1d979a5c-c56b-b27b-684b-c304e1682dec,XFORM-ABQA-MGCP-DNIS_css,Applied to site gateway configuration in CUCM,,XFORM-ABQA-MGCP-DNIS_par,f,2,99
5021aa73-79c4-0d7c-de97-f6541bd21756,XFORM-LAXT7-MGCP-DNIS_css,Applied to site gateway configuration in CUCM,,XFORM-LAXT7-MGCP-DNIS_par,f,2,99
4f86d790-20c0-051e-6d53-a05e1db28d71,XFORM-NOHA-MGCP-DNIS_css,Applied to site gateway configuration in CUCM,,XFORM-NOHA-MGCP-DNIS_par,f,2,99
40fab628-008d-f81c-c76a-35d6bc0f7a13,XFORM-JLNA-MGCP-ANI_css,Applied to site gateway configuration in CUCM,,XFORM-JLNA-MGCP-ANI_par,f,2,99
f6282d31-94f3-622d-cc98-ddec6f1e3c21,FXE-FIELD-A-BMLA-APP_css,BMLA CSS to be Placed on the Lines at the Site,,FXE-FIELD-A-BMLA-APP_par:FXE-FIELD-A-INTERNAL_par:BLOCKED-GENERAL_par,f,2,99
de135992-237a-f16e-cbc0-08bf2a51c7a2,FXE-FIELD-A-CKVA-APP-css,CKVA CSS to be Placed on the Lines at the Site,,BLOCKED-GENERAL_par:FXE-FIELD-A-CKVA-APP-par:FXE-FIELD-A-INTERNAL_par,f,2,99
76e77085-72ea-37aa-8bda-abe85aeb2e05,XFORM-DETA-MGCP-ANI_css,Applied to site gateway configuration in CUCM,,XFORM-DETA-MGCP-ANI_par,f,2,99
165a2c61-33ac-a248-bf9a-f981f1a9f383,FXE-Field-A-JRAA-app_css,"""JRAA internal, local, LD and international calls""",,FXE-Field-A-JRAA-APP_par:NA-Local_par:NA-LD_par:NA-International_par:FXE-FIELD-A-INTERNAL_par,f,2,99
44fd8294-26a8-cb68-d30a-fc40c1a1bb12,FXE-FIELD-DLDWK_911_css,911 for DLDWK,,FXE-FIELD-DLDWK_911_par,f,2,99
2144cee6-22dc-648c-1fed-35a1da60cc6f,XFORM-AGCA-MGCP-DNIS_css,Applied to site gateway configuration in CUCM,,XFORM-AGCA-MGCP-DNIS_par,f,2,99
f45ac3d5-5e36-3c26-39a3-b5612c46b763,FXE-FIELD-TWFA_CngPTP-xform-GW-OUT_css,TWFA Transforms numbers as they leave the local GW,,FXE-FIELD-TWFA_CngPTP-Xform-GW-OUT_par,f,2,99
cd285474-619d-34ff-efb5-334f1ab7457b,XFORM-GTRA-MGCP-ANI_css,Applied to site gateway configuration in CUCM,,XFORM-GTRA-MGCP-ANI_par,f,2,99
b2651915-807a-b89b-44ed-55c0ff63ea12,BURA_CngPTP-xform-GW-OUT_css,BURA Transforms numbers as they leave the local GW,,BURA_CngPTP-xform-GW-OUT_par,f,2,99
281708d9-807b-eabe-fb9a-d02bef4704f8,FXE-FIELD-A-GAIA-APP_css,GAIA CSS to be Placed on the Lines at the Site,,BLOCKED-GENERAL_par:FXE-FIELD-A-GAIA-APP_par:FXE-FIELD-A-INTERNAL_par,f,2,99
24d09bdf-302d-bc46-7076-4a14909a805d,XFORM-OKCR-MGCP-ANI_css,Applied to site gateway configuration in CUCM,,XFORM-OKCR-MGCP-ANI_par,f,2,99
e6e3d037-5434-9e17-68ac-39ddd750b286,CVGR-UR_css,"""CVGR internal, local, LD and international calls""",,CVGR_Internal_par:NA-Local_par:NA-LD_par:NA-International_par,f,2,99
88b3d467-9df3-f8a0-cbca-e23b1574732f,XFORM-SDFR-MGCP-DNIS_css,Applied to site gateway configuration in CUCM,,XFORM-SDFR-MGCP-DNIS_par,f,2,99
a9bcf6de-3d00-cee1-178a-b7893ee288db,SGRA2_internal_css,Internal for SGRA2,,FXE-FIELD-A-SGRA2-APP_par,f,2,99
a374581a-3478-c147-8e02-9bcf7f43f754,FXE-FIELD-A-OBKS-APP_css,OBKS CSS to be Placed on the Lines at the Site,,BLOCKED-GENERAL_par:FXE-FIELD-A-OBKS-APP_par:FXE-FIELD-A-INTERNAL_par,f,2,99
6166f93e-769b-d132-d41c-15bffaf1f7ca,FXE-FIELD-A-ORDR-APP_css,ORDR CSS Applied to the phone lines and Gateway,,BLOCKED-GENERAL_par:FXE-FIELD-A-INTERNAL_par:FXE-FIELD-A-ORDR-APP_par,f,2,99
7cca9e92-e607-6d0d-a030-3876aaf74105,FXE-FIELD-A-OKCA-APP_css,OKCA CSS to be Placed on the Lines at the Site,,BLOCKED-GENERAL_par:FXE-FIELD-A-OKCA-APP_par:FXE-FIELD-A-INTERNAL_par,f,2,99
b052c665-4e81-467b-2b5d-1798072044a6,FXE-SFOR_Internal_css,FXE-SFOR Internal Calls,,FXE-SFOR_internal_par,f,2,99
0f068f38-9fe4-16ee-cfbe-065db04e7fae,FXE-FIELD-A-FNLA-APP_css,FNLA CSS Applied to the phone lines and Gateway,,BLOCKED-GENERAL_par:FXE-FIELD-A-FNLA-APP_par:FXE-FIELD-A-INTERNAL_par,f,2,99
77386e32-68a0-7dda-edce-6d7b5a5c92cf,XFORM-SLEA-MGCP-DNIS_css,Applied to site gateway configuration in CUCM,,XFORM-SLEA-MGCP-DNIS_par,f,2,99
27e293fd-03d5-da27-fc89-517414d831ac,XFORM-BWIVM-MGCP-DNIS_css,Applied to site gateway configuration in CUCM,,XFORM-BWIVM-MGCP-DNIS_par,f,2,99
32398225-684a-0133-b7d0-f9ad1e65c8e9,FXE-FIELD-A-CAER-APP_css,CAER CSS Applied to the phone lines and Gateway,,BLOCKED-GENERAL_par:FXE-FIELD-A-CAER-APP_par:FXE-FIELD-A-INTERNAL_par,f,2,99
1913dc4c-8895-cd9d-f2b6-e90adef1491b,XFORM-MMRA-MGCP-ANI_css,Applied to site gateway configuration in CUCM,,XFORM-MMRA-MGCP-ANI_par,f,2,99
337da187-6b94-515a-2860-c23fc584163e,XFORM-JANA-MGCP-ANI_css,Applied to site gateway configuration in CUCM,,XFORM-JANA-MGCP-ANI_par,f,2,99
671f099c-fcb8-9c31-e5ff-da0debd0976e,FXE-FIELD-A-FCELK-APP_css,FCELK CSS to be Placed on the Lines at the Site,,BLOCKED-GENERAL_par:FXE-FIELD-A-FCELK-APP_par:FXE-FIELD-A-INTERNAL_par,f,2,99
7f61c543-23df-32de-f00c-589d5141b9dc,LKSA2_internal_css,Internal for LKSA2,,FXE-FIELD-A-LKSA2-APP_par,f,2,99
6743e939-3322-ea47-a777-40a1d121f1cc,CVGR-Local_css,CVGR internal and local calls,,CVGR_Internal_par:NA-Local_par,f,2,99
6e4ca4df-ae75-8a73-f225-6bc3b0d32c36,FXE-FIELD-A-SAFA-APP_css,SAFA CSS Applied to the phone lines and Gateway,,BLOCKED-GENERAL_par:FXE-FIELD-A-SAFA-APP_par:FXE-FIELD-A-INTERNAL_par,f,2,99
3267cb80-52ab-18f2-7e54-050d721e3598,FXE-SWFR_internal_css,Internal for SWFR,,FXE-FIELD-A-SWFR-APP_par,f,2,99
27962916-89ee-9c45-64bf-fb302cfe9193,XFORM-ABYA-MGCP-ANI_css,Applied to site gateway configuration in CUCM,,XFORM-ABYA-MGCP-ANI_par,f,2,99
a0c51b1f-5407-4991-f748-a20c5c92ee21,EWRRT_CngPTP-xform-OUT_css,EWRR Transforms numbers as they leave the local GW,,EWRRT_CngPTP-xform-OUT_par,f,2,99
ffa25fdf-6928-912f-1c9c-3bad93d70d50,FXE-FIELD-A-VPSA-APP_css,VPSA CSS to be Placed on the Lines at the Site,,BLOCKED-GENERAL_par:FXE-FIELD-A-VPSA-APP_par:FXE-FIELD-A-INTERNAL_par,f,2,99
f8e3fe08-026a-5e51-4a74-c553790526f6,XFORM-RDUR-MGCP-DNIS_css,RDUR Applied to site gateway configuration in CUCM,,XFORM-RDUR-MGCP-DNIS_par,f,2,99
fb83d874-202c-b9eb-5e5f-a04cc366b1d6,FXE-FIELD-A-SFOA-APP_css,SFOA CSS to be Placed on the Lines at the Site,,BLOCKED-GENERAL_par:FXE-FIELD-A-SFOA-APP_par:FXE-FIELD-A-INTERNAL_par,f,2,99
a148f4d5-020b-7519-cab8-9b7157471598,FXE-FIELD-A-BWIR-APP_css,BWIR CSS to be Placed on the Lines at the Site,,BLOCKED-GENERAL_par:FXE-FIELD-A-BWIR-APP_par:FXE-FIELD-A-INTERNAL_par,f,2,99
4b6767cd-74d0-6a60-12ef-5b13454c0b4a,FXE-JGLRC_LD_css,FXE-JGLRC internal and local and LD calls,,FXE-JGLRC_internal_par:NA-Local_par:NA-LD_par,f,2,99
d14f1201-608b-cc4b-bde2-bb7be77e6e20,FXE-FIELDP-DELETE-css,OXCA CSS to be Placed on the Lines at the Site,,,f,2,99
3509ab55-2d01-0f76-6bed-512cc73658e8,XFORM-LSEA-MGCP-DNIS_css,Applied to site gateway configuration in CUCM,,XFORM-LSEA-MGCP-DNIS_par,f,2,99
b1ed04f8-9a6d-0629-7d90-31ce4ca31e2e,FXE-FIELD-A-LLYA-APP-css,LLYA CSS to be Placed on the Lines at the Site,,BLOCKED-GENERAL_par:FXE-FIELD-A-LLYA-APP_par:FXE-FIELD-A-INTERNAL_par,f,2,99
946a3c4c-2928-f1e1-f980-0a4fe2bf5d73,XFORM-MWOA-MGCP-DNIS_css,Applied to site gateway configuration in CUCM,,XFORM-MWOA-MGCP-DNIS_par,f,2,99
1c243e4e-e378-46ee-4111-26331f574c30,FXE-FIELD-A-HAVSC-APP_css,HAVSC CSS to be Placed on the Lines at the Site,,BLOCKED-GENERAL_par:FXE-FIELD-A-HAVSC-APP_par:FXE-FIELD-A-INTERNAL_par,f,2,99
6d32446e-9545-2b5e-955b-ca914c82d74d,FXE-MSPWK-911_css,911 for MSPWK,,NA-911_par,f,2,99
71e7421c-383f-41c2-8f71-bcebaf75e8a0,FXE-JGLRC_Internal_css,FXE-JGLRC Internal Calls,,FXE-JGLRC_internal_par,f,2,99
4ebdb54a-79c7-f499-c25e-0da12f72d806,XFORM-LDJA-MGCP-DNIS_css,Applied to site gateway configuration in CUCM,,XFORM-LDJA-MGCP-DNIS_par,f,2,99
d32d3676-4426-3b83-dcbf-dab2290193ed,FXE-MCORT_CngPTP-xform-OUT_css,FXE-MCORT Trans numbers as they leave the local GW,,FXE-MCORT_CngPTP-xform-OUT_par,f,2,99
3dcd3685-5dee-75ed-be08-25f3a0647b1f,XFORM-CRXA-MGCP-ANI_css,Applied to site gateway configuration in CUCM,,XFORM-CRXA-MGCP-ANI_par,f,2,99
40e09e51-ddcf-a576-fa5e-3a91a134668b,COAA_PLAR,COAA Warehouse PLAR to Memphis Security,,COAA_PLAR_par,f,2,99
02a4ac5c-d70e-abac-64b3-95ec05f5db1e,XFORM-DFWD-MGCP-DNIS_css,Applied to site gateway configuration in CUCM,,XFORM-DFWD-MGCP-DNIS_par,f,2,99
a911f8f3-ea6f-58b9-905c-85c0fe056502,LAXH_CngPTP-xform-OUT_css,LAXH Transforms numbers as they leave the local GW,,LAXH_CngPTP-xform-OUT_par,f,2,99
4da1d439-fd4d-dc8f-871c-efe3a9adc85c,XFORM-GUPA-MGCP-ANI_css,Applied toGUPA site gateway configuration in CUCM,,XFORM-GUPA-MGCP-ANI_par,f,2,99
772aa1a4-2782-afd5-27c1-3bb6e4e673b7,XFORM-ELPR-MGCP-DNIS_css,Applied to site gateway configuration in CUCM,,XFORM-ELPR-MGCP-DNIS_par,f,2,99
7535d54f-7770-04cd-ba2e-76a140d9db7f,XFORM-HYLA-MGCP-DNIS_css,Applied to site gateway configuration in CUCM,,XFORM-HYLA-MGCP-DNIS_par,f,2,99
a45e5388-3b7f-be25-315f-cb042ab1a5e9,FXE-FIELD-A-PFNA-APP_css,PFNA CSS Applied to the phone lines and Gateway,,BLOCKED-GENERAL_par:FXE-FIELD-A-PFNA-APP_par:FXE-FIELD-A-INTERNAL_par,f,2,99
87de4e45-b754-d2d4-69e4-a7929c40a5cb,XFORM-SDFR-ANI_css,Applied to site gateway configuration in CUCM,,XFORM-SDFR-ANI_par,f,2,99
d2d315e1-5f49-3915-5fac-7bc4e431b995,FXE-FIELD-A-PQIA-APP-css,PQIA CSS to be Placed on the Lines at the Site,,BLOCKED-GENERAL_par:FXE-FIELD-A-PQIA-APP_par:FXE-FIELD-A-INTERNAL_par,f,2,99
2a1ca0da-ee89-c173-3fef-dde4d7627ca4,FXE-FIELD-A-MMUA-APP-css,MMUA CSS to be Placed on the Lines at the Site,,BLOCKED-GENERAL_par:FXE-FIELD-A-MMUA-APP-par:FXE-FIELD-A-INTERNAL_par,f,2,99
af88b99c-29da-95eb-b311-965a8d189c51,FXE-FIELD-A-SBNA-APP_css,SBNA CSS to be Placed on the Lines at the Site,,BLOCKED-GENERAL_par:FXE-FIELD-A-SBNA-APP_par:FXE-FIELD-A-INTERNAL_par,f,2,99
6aaebd27-569a-f1c2-b57c-0ae0e8e9692b,FXE-FIELD-A-SVZA-APP_css,SVZA CSS Applied to the phone lines and Gateway,,BLOCKED-GENERAL_par:FXE-FIELD-A-SVZA-APP_par:FXE-FIELD-A-INTERNAL_par,f,2,99
8fac1626-f9b4-efce-cc2a-d5784015596f,XFORM-CSVA-MGCP-DNIS_css,Applied to site gateway configuration in CUCM,,XFORM-CSVA-MGCP-DNIS_par,f,2,99
68ca0edb-7873-5013-486d-d6fa6ff88aca,XFORM-ARTA-DNIS-OUT-css,Applied to site gateway configuration in CUCM,,XFORM-ARTA-MGCP-DNIS_par,f,2,99
77406efd-1e9d-aa72-0b34-95f7d2359334,CHAR_internal_css,Internal for CHAR,,CHAR_Internal_par,f,2,99
831de831-f248-f673-f2af-8c992d303587,FXE-SFOR_Local_css,FXE-SFOR internal and local calls,,FXE-SFOR_internal_par:NA-Local_par,f,2,99
f8135ce8-8e36-db5d-5046-fe629a4d0473,FXE-FIELD-A-EVVA-APP_css,EVVA CSS to be Placed on the Lines at the Site,,BLOCKED-GENERAL_par:FXE-FIELD-A-EVVA-APP_par:FXE-FIELD-A-INTERNAL_par,f,2,99
d129da51-63f5-932f-af5e-d5912328225b,JDTA-Internal_css,JDTA Internal Calls,,JDTA_Internal_par,f,2,99
feaf2796-f573-9880-2350-02e5dbc2e9d8,FXE-FIELD-SNAR_internal_css,Internal for FXE-SNAR,,FXE-FIELD-A-SNAR-APP_par,f,2,99
ebae3653-8eea-b9f9-61e3-6e4df8a539a8,FXE-FIELD-A-BUFA-APP_css,BUFA CSS Applied to the phone lines and Gateway,,BLOCKED-GENERAL_par:FXE-FIELD-A-BUFA-APP_par:FXE-FIELD-A-INTERNAL_par,f,2,99
d8d6cd20-09c9-ed76-e997-65cf7abfe970,XFORM-NRBA-MGCP-DNIS_css,Applied to site gateway configuration in CUCM,,XFORM-NRBA-MGCP-DNIS_par,f,2,99
579ba1c8-c91b-7926-6fd9-68ee097f82d0,XFORM-RDUR-MGCP-ANI_css,RDUR Applied to site gateway configuration in CUCM,,XFORM-RDUR-MGCP-ANI_par,f,2,99
862a8753-9fa9-acde-b51e-296e3b9bbd9e,XFORM-COEA-MGCP-DNIS_css,COEA Applied to site gateway configuration in CUCM,,XFORM-COEA-MGCP-DNIS_par,f,2,99
a911121a-23f5-c9a7-dca6-4f216430841a,FXE-FIELD-A-COSA-APP_css,COSA CSS to be Placed on the Lines at the Site,,BLOCKED-GENERAL_par:FXE-FIELD-A-COSA-APP_par:FXE-FIELD-A-INTERNAL_par,f,2,99
cfae6691-ffef-56f3-8576-616e28d02d44,FXE-FIELD-A-COSDC-PLARto2000-css,COSDC PLAR to RTMC Front Desk 718-484-2000,,FXE-FIELD-A-COSDC-PLARto2000-par,f,2,99
5befc145-867f-d608-ad47-a4fee5d4a19b,FXE-FIELD-A-SANRT-APP_css,SANRT CSS to be Placed on the Lines at the Site,,BLOCKED-GENERAL_par:FXE-FIELD-A-SANRT-APP_par:FXE-FIELD-A-INTERNAL_par,f,2,99
fda0d6a7-0358-e591-cd3b-d94239f8547a,FXE-FIELD-A-BXAA-APP_css,BXAA CSS to be Placed on the Lines at the Site,,BLOCKED-GENERAL_par:FXE-FIELD-A-BXAA-APP_par:FXE-FIELD-A-INTERNAL_par,f,2,99
201e4045-d43f-d924-9c75-e09582be2a03,HLNA-Internal_css,HLNA Internal Calls,,HLNA_Internal_par,f,2,99
e6787e0c-c190-6ff4-430d-1bca2a0f6bfa,XFORM-LCKR-MGCP-DNIS_css,Applied to site gateway configuration in CUCM,,XFORM-LCKR-MGCP-DNIS_par,f,2,99
5536ffe1-ef11-6dc5-6c48-152c4689ea67,BHMR_CngPTP-xform-GW-IN_css,BHMR Transform Incoming GW CLID,,BHMR_CngPTP-Xform-GW-IN_par,f,2,99
6149732d-9b54-ead3-fe0d-0266d3bd6b90,XFORM-ISNA2-MGCP-ANI_css,Applied to site gateway configuration in CUCM,,XFORM-ISNA2-MGCP-ANI_par,f,2,99
0f05d417-ac63-93be-045e-e087ee37312a,FTYE_911_css,911 for FTYE,,FTYE_911_par,f,2,99
fb865db0-c1a4-fdb7-9a16-5ee7304562ed,XFORM-MWAA-MGCP-DNIS_css,MWAA Applied to site gateway configuration in CUCM,,XFORM-MWAA-MGCP-DNIS-par,f,2,99
f7221fd6-549f-39fa-71a2-0aaa4a111a07,WTCA_911_css,911 for WTCA,,,f,2,99
4c7e49da-a56e-f99f-0c8a-8320a3127be9,FXE-FIELD-A-BFIA-APP_css,BFIA CSS to be Placed on the Lines at the Site,,BLOCKED-GENERAL_par:FXE-FIELD-A-BFIA-APP_par:FXE-FIELD-A-INTERNAL_par,f,2,99
985704ca-fcdb-72da-fe4e-a5d2ed0f0f90,FXE-FIELD-A-RIDA-APP_css,RIDA CSS to be Placed on the Lines at the Site,,BLOCKED-GENERAL_par:FXE-FIELD-A-RIDA-APP_par:FXE-FIELD-A-INTERNAL_par,f,2,99
0e8302eb-8bdf-5da6-5ad8-9bd7a6d8cab1,FXE-IAHS_CngPTP-xform-IN_css,IAHS Transform Incoming CLID,,FXE-IAHS_CngPTP-Xform-IN_par,f,2,99
850ff6fe-6aed-52e3-b38b-f314c2162f9f,HLNA-911_css,911 for HLNA,,NA-911_par,f,2,99
3ae1fe4c-20bd-c96c-1b8f-6e4a0c9ab0fd,FXE-FIELD-A-TPFA-APP_css,TPFA CSS to be Placed on the Lines at the Site,,BLOCKED-GENERAL_par:FXE-FIELD-A-TPFA-APP_par:FXE-FIELD-A-INTERNAL_par,f,2,99
3b0d2584-925f-48e2-ca08-ca396b9b326d,FXE-FIELD-A-TMBA-APP_css,TMBA CSS to be Placed on the Lines at the Site,,BLOCKED-GENERAL_par:FXE-FIELD-A-TMBA-APP_par:FXE-FIELD-A-INTERNAL_par,f,2,99
74c14e53-1147-e2c0-9f4a-f6ccc45712ea,FXE-FIELD-A-PVDRHOTLine-APP-css,,,FXE-FIELD-A-PVDRHOT-APP-par,f,2,99
4fa8508f-12e8-3d4f-cd1c-8ae30b6119c6,FXE-FIELD-A-COUA-APP_css,COUA CSS Applied to the phone lines and Gateway,,BLOCKED-GENERAL_par:FXE-FIELD-A-COUA-APP_par:FXE-FIELD-A-INTERNAL_par,f,2,99
e062e4af-1d64-7a02-63cb-0d878b6da76f,FXE-FIELD-A-SHDA-APP_css,SHDA CSS to be Placed on the Lines at the Site,,BLOCKED-GENERAL_par:FXE-FIELD-A-SHDA-APP_par:FXE-FIELD-A-INTERNAL_par,f,2,99
67e3a472-48ba-3167-9308-21b174939a63,FXE-FIELD-A-ADWA-APP_css,ADWA CSS to be Placed on the Lines at the Site,,BLOCKED-GENERAL_par:FXE-FIELD-A-ADWA-APP_par:FXE-FIELD-A-INTERNAL_par,f,2,99
73ff169f-fd31-c109-a6ea-ec52c7493d5f,MPZA_CngPTP-xform-GW-IN_css,MPZA Transform Incoming GW CLID,,MPZA_CngPTP-Xform-GW-IN_par,f,2,99
28aa23ca-9e89-483c-bddc-afe6658ebf1e,XFORM-MKCA-MGCP-DNIS_css,Applied to site gateway configuration in CUCM,,XFORM-MKCA-MGCP-DNIS_par,f,2,99
b8844957-6018-5fc4-577c-dfa3810801ad,FXE-FIELD-A-MJXA-APP-css,MJXA CSS to be Placed on the Lines at the Site,,BLOCKED-GENERAL_par:FXE-FIELD-A-MJXA-APP-par:FXE-FIELD-A-INTERNAL_par,f,2,99
b31ca7e7-7754-1043-8c5a-ade25309f423,XFORM-MSOA-MGCP-ANI_css,MSOA Applied to site gateway configuration in CUCM,,XFORM-MSOA-MGCP-ANI_par,f,2,99
8efa2247-6315-b0e6-c03e-6983c08d4163,XFORM-SOWA-MGCP-DNIS_css,Applied to SOWA site gateway configuration in CUCM,,XFORM-SOWA-MGCP-DNIS_par,f,2,99
c6ed6bd6-b3fa-d20f-3c12-65dc7dff9dde,FXE-FIELD-A-JDYA-APP_css,JDYA CSS Applied to the phone lines and Gateway,,BLOCKED-GENERAL_par:FXE-FIELD-A-JDYA-APP_par:XFORM-JDYA-MGCP-DNIS_par,f,2,99
d37c2461-e2ae-4a15-1ead-0cccb1728a5a,SGRA2_911_css,911 for SGRA2,,SGRA2_911_par,f,2,99
da8549a6-6096-58ba-39fd-b1bc30f1135e,FXE-FIELD-A-BLIA-APP_css,BLIA CSS Applied to the phone lines and Gateway,,BLOCKED-GENERAL_par:FXE-FIELD-A-BLIA-APP_par:FXE-FIELD-A-INTERNAL_par,f,2,99
453756b2-2716-09cc-3e2b-ff40abf74754,FXE-FIELD-A-FATR-APP_css,FATR CSS to be Placed on the Lines at the Site,,BLOCKED-GENERAL_par:FXE-FIELD-A-FATR-APP_par:FXE-FIELD-A-INTERNAL_par,f,2,99
ebb2bc46-f652-8d71-d618-18f3fbf8cadd,CVGR_CngPTP-xform-OUT_css,CVGR Transform numbers as they leave the local GW,,CVGR_CngPTP-xform-OUT_par,f,2,99
ac175fcd-3e6f-98d8-8e74-8e5c1a1f0f99,XFORM-CLTRT-MGCP-DNIS_css,Applied to site gateway configuration in CUCM,,XFORM-CLTRT-MGCP-DNIS_par,f,2,99
980d0574-4cc1-76f8-716c-ee52f015f688,XFORM-MEJSC-MGCP-DNIS_css,Applied to site gateway configuration in CUCM,,XFORM-MEJSC-MGCP-DNIS_par,f,2,99
325ba28a-2ff2-4b0d-785f-cc6726580736,JDTA-Local_css,JDTA internal and local calls,,JDTA_Internal_par:NA-Local_par,f,2,99
13bbdd68-0bf1-5d51-52b5-6042378c9aa8,FXE-FIELD-A-HIOA-APP_css,HIOA CSS Applied to the phone lines and Gateway,,BLOCKED-GENERAL_par:FXE-FIELD-A-HIOA-APP_par:FXE-FIELD-A-INTERNAL_par,f,2,99
850b0e58-606d-4948-cc0e-a443df979f76,DFWVK_CngPTP-xform-GW-IN_css,DFWVK Transform Incoming GW CLID,,DFWVK_CngPTP-xform-GW-IN_par,f,2,99
9a79dc1c-b6c4-8035-086f-4f01e526796e,FXE-FIELD-A-MWLA-APP_css,MWLA CSS to be Placed on the Lines at the Site,,BLOCKED-GENERAL_par:FXE-FIELD-A-MWLA-APP_par:FXE-FIELD-A-INTERNAL_par,f,2,99
8080cd59-23ba-66e7-a4db-db038f18bd8f,XFORM-MVNA-MGCP-ANI_css,MVNA Applied to site gateway configuration in CUCM,,XFORM-MVNA-MGCP-ANI_par,f,2,99
f6702497-5d29-a559-7e8c-6197c2079c16,FXE-FIELD-A-LAFA-APP_css,LAFK CSS to be Placed on the Lines at the Site,,BLOCKED-GENERAL_par:FXE-FIELD-A-LAFA-APP_par:FXE-FIELD-A-INTERNAL_par,f,2,99
6530cd87-4f73-964f-ad35-de628158cf9a,XFORM-CHSR-MGCP-DNIS_css,CHSR Applied to site gateway configuration in CUCM,,XFORM-CHSR-MGCP-DNIS_par,f,2,99
b04d4ba4-c1fd-2a4b-620e-28d9a40a98c4,XFORM-ROAR-MGCP-ANI_css,ROAR Applied to site gateway configuration in CUCM,,XFORM-ROAR-MGCP-ANI_par,f,2,99
f3b74b29-938d-966d-0fa5-063bec58dbb8,XFORM-BLMA-DNIS-OUT-css,Applied to site gateway configuration in CUCM,,XFORM-BLMA-DNIS-OUT_par,f,2,99
1b9b3a22-24df-bf9b-0b04-f0cb7957c82b,FXE-FIELD-A-HTSR-APP_css,HTSR CSS Applied to the phone lines and Gateway,,FXE-HTSR_internal_par:FXE-FIELD-A-HTSR-APP_par:BLOCKED-GENERAL_par:FXE-FIELD-A-INTERNAL_par,f,2,99
f9d43f48-c24c-b506-8295-1467c87da600,XFORM-LNSA-MGCP-DNIS_css,Applied to site gateway configuration in CUCM,,XFORM-LNSA-MGCP-DNIS_par,f,2,99
8a31e1a0-09dd-1d05-677f-e65000d65aef,FXE-FIELD-A-WJFA-APP_css,WJFA CSS to be Placed on the Lines at the Site,,FXE-FIELD-A-WJFA-APP_par:BLOCKED-GENERAL_par:FXE-FIELD-A-INTERNAL_par,f,2,99
54a65a99-16c9-2eea-39df-166e717cf76f,FXE-FIELD-A-CDCA-APP-css,CDCA CSS to be Placed on the Lines at the Site,,BLOCKED-GENERAL_par:FXE-FIELD-A-CDCA-APP-par:FXE-FIELD-A-INTERNAL_par,f,2,99
9df08bd0-7ae7-db8b-d7ef-e2d047d4a072,FXE-FIELD-A-FSDR-APP_css,FSDR CSS to be Placed on the Lines at the Site,,BLOCKED-GENERAL_par:FXE-FIELD-A-FSDR-APP_par:FXE-FIELD-A-INTERNAL_par,f,2,99
46075783-01f4-e53c-4a45-8ecb1c3f8164,FXE-FIELD-A-SBPA-APP_css,SBPA CSS Applied to the phone lines and Gateway,,BLOCKED-GENERAL_par:FXE-FIELD-A-SBPA-APP_par:FXE-FIELD-A-INTERNAL_par,f,2,99
25d70b8b-c027-0027-c8f7-ad9652148968,FXE-FIELD-A-PWTA-APP_css,PWTA CSS Applied to the phone lines and Gateway,,BLOCKED-GENERAL_par:FXE-FIELD-A-PWTA-APP_par:FXE-FIELD-A-INTERNAL_par,f,2,99
3b4d1925-b92b-a55d-b09e-ae6b33a4fc64,XFORM-TOAA-MGCP-DNIS_css,Applied to site gateway configuration in CUCM,,XFORM-TOAA-MGCP-DNIS_par,f,2,99
c83f795d-1716-1340-45ee-ee9458436c24,XFORM-EKAA-MGCP-DNIS_css,Applied to site gateway configuration in CUCM,,XFORM-EKAA-MGCP-DNIS_par,f,2,99
b5b0ddf5-2d7d-b7a6-47c1-0d507b792cdb,OAKRO_PSTN_css,"""Internal, External for OAKRO""",,OAKRO_Internal_par:OAKRO_PSTN_par,f,2,99
6b8d3ead-6a88-9d99-cc3a-8ea901719a05,XFORM-GCKA-MGCP-DNIS_css,Applied to site gateway configuration in CUCM,,XFORM-GCKA-MGCP-DNIS_par,f,2,99
9dd9e618-cc87-eb9e-8e4d-b38a04d7c12b,XFORM-CHSR-MGCP-ANI_css,CHSR Applied to site gateway configuration in CUCM,,XFORM-CHSR-MGCP-ANI_par,f,2,99
c9f31667-4f9d-4a70-f40e-b2ace130d68d,FXE-FIELD-A-SMOA-APP_css,SMOA CSS to be Placed on the Lines at the Site,,BLOCKED-GENERAL_par:FXE-FIELD-A-SMOA-APP_par:FXE-FIELD-A-INTERNAL_par,f,2,99
dbb6a075-d1c2-efce-105a-810c1d2caa1d,FXE-FIELD-A-BRDA-APP_css,BRDA CSS Applied to the phone lines and Gateway,,BLOCKED-GENERAL_par:FXE-FIELD-A-BRDA-APP_par:FXE-FIELD-A-INTERNAL_par,f,2,99
96da2fdc-c95e-1396-3c9f-00f665956403,DTWR-Local_css,DTWR internal and local calls,,DTWR_Internal_par:NA-Local_par,f,2,99
ab844f22-9156-8048-6e7f-602083f7f807,FXE-GAO_ringdown_css,GAO Ringdown Front Door to 5002117777,,FXE-GAO_ringdown_par,f,2,99
398331b7-88d1-0156-0c94-2b5b27d80724,FXE-FIELD-A-JSLA-APP_css,JSLA CSS to be Placed on the Lines at the Site,,BLOCKED-GENERAL_par:FXE-FIELD-A-JSLA-APP_par:FXE-FIELD-A-INTERNAL_par,f,2,99
657fdc3e-3998-06ce-fd4c-5582a678a57d,XFORM-LCHA-MGCP-DNIS_css,Applied to site gateway configuration in CUCM,,XFORM-LCHA-MGCP-DNIS_par,f,2,99
255aba71-1441-c9d0-0fce-e49c21fe7fb5,XFORM-HLNA-MGCP-DNIS_css,Applied to site gateway configuration in CUCM,,XFORM-HLNA-MGCP-DNIS_par,f,2,99
7a696d9c-e636-a518-1ff7-f5b31f91c130,FXE-FIELD-A-FPRB-APP_css,FPRB CSS to be Placed on the Lines at the Site,,BLOCKED-GENERAL_par:FXE-FIELD-A-FPRB-APP_par:FXE-FIELD-A-INTERNAL_par,f,2,99
f2b38a65-e6e7-f3bf-1dee-0e2b5c6063ab,FXE-FIELD-A-MRIA-APP_css,MRIA CSS Applied to the phone lines and Gateway,,BLOCKED-GENERAL_par:FXE-FIELD-A-MRIA-APP_par:FXE-FIELD-A-INTERNAL_par,f,2,99
cd9aa752-4538-c53d-1d8b-0e7188bcd31d,FXE-FIELD-A-AUGA-APP-css,AUGA CSS to be Placed on the Lines at the Site,,BLOCKED-GENERAL_par:FXE-FIELD-A-AUGA-APP_par:FXE-FIELD-A-INTERNAL_par,f,2,99
28ab7780-068c-785f-63de-1d2f534f53a9,FXE-FIELD-A-WALA-APP_css,WALA CSS to be Placed on the Lines at the Site,,BLOCKED-GENERAL_par:FXE-FIELD-A-WALA-APP_par:FXE-FIELD-A-INTERNAL_par,f,2,99
8f31a510-f9f0-8693-630d-8f71a1facd6d,XFORM-HIBA-MGCP-DNIS_css,Applied to site gateway configuration in CUCM,,XFORM-HIBA-MGCP-DNIS_par,f,2,99
ded35785-b322-de10-c048-8be2d6d48af6,ORDR_911_css,911 for ORDR,,CO-LO-E911-EGW_par,f,2,99
b602ee7b-a65a-351e-6b5b-c76c65c1b837,FXE-FIELD-A-RLIA-APP_css,RLIA CSS to be Placed on the Lines at the Site,,BLOCKED-GENERAL_par:FXE-FIELD-A-RLIA-APP_par:FXE-FIELD-A-INTERNAL_par,f,2,99
c7a4b1b0-9b72-6766-cf65-0754deba340c,FXE-FIELD-A-NELA-APP-css,NELA CSS to be Placed on the Lines at the Site,,BLOCKED-GENERAL_par:FXE-FIELD-A-NELA-APP-par,f,2,99
e225ca18-29d0-dbac-24c8-238905e743a1,MKEWK-LD_css,MKEWK internal and local and LD calls,,MKEWK_Internal_par:NA-Local_par:NA-LD_par,f,2,99
86a12c24-356d-24b1-6507-1b9bbf91a2bd,FXE-FIELD-A-MGMA-APP_css,MGMA CSS to be Placed on the Lines at the Site,,BLOCKED-GENERAL_par:FXE-FIELD-A-MQIA-APP-par:FXE-FIELD-A-INTERNAL_par,f,2,99
e72350e4-1519-3a21-6e21-10463aa880a8,HLNA_CngPTP-xform-GW-OUT_css,HLNA Transforms numbers as they leave the local GW,,HLNA_CngPTP-xform-GW-OUT_par,f,2,99
3bc8e57f-8fe5-957e-4fea-2d3779602cd4,FXE-FIELD-A-CSVA-APP_css,CSVA CSS to be Placed on the Lines at the Site,,BLOCKED-GENERAL_par:FXE-FIELD-A-CSVA-APP_par:FXE-FIELD-A-INTERNAL_par,f,2,99
95a2293c-48d0-b9b5-e6a9-35d19ce28cf3,XFORM-CLDA-MGCP-DNIS_css,Applied to site gateway configuration in CUCM,,XFORM-CLDA-MGCP-DNIS_par,f,2,99
bf878e39-8fdc-cf5e-92be-50d6c26be036,FXE-FIELD-A-SEAA-APP_css,SEAA CSS to be Placed on the Lines at the Site,,BLOCKED-GENERAL_par:FXE-FIELD-A-SEAA-APP_par:FXE-FIELD-A-INTERNAL_par,f,2,99
bfaf0c5f-1bbf-2cdb-6db3-fc7477c3930f,FXE-FIELD-A-AUSA-APP_css,AUSA CSS Applied to the phone lines and Gateway,,BLOCKED-GENERAL_par:FXE-FIELD-A-AUSA-APP-par:FXE-FIELD-A-INTERNAL_par,f,2,99
d337f8ec-8a37-0c93-1ddd-128673512903,XFORM-AELA-MGCP-DNIS_css,Applied to site gateway configuration in CUCM,,XFORM-AELA-MGCP-DNIS_par,f,2,99
1ce8790f-81be-9201-e8c1-3c401f9f2978,XFORM-HPNA-MGCP-DNIS_css,Applied to site gateway configuration in CUCM,,XFORM-HPNA-MGCP-DNIS_par,f,2,99
7db93c0b-efcc-bf55-ed06-30e917b690e1,FXE-FIELD-A-DMOA-APP_css,DMOA CSS Applied to the phone lines and Gateway,,BLOCKED-GENERAL_par:FXE-FIELD-A-DMOA-APP_par:FXE-FIELD-A-INTERNAL_par,f,2,99
ea32c3cf-6a57-6191-02d2-1e5e44229e85,XFORM-PIMA-MGCP-ANI_css,Applied to site gateway configuration in CUCM,,XFORM-PIMA-MGCP-ANI_par,f,2,99
e39fc667-24b7-1574-da0e-f763b1fb730a,EWRGS-Local_css,EWRGS internal and local calls,,EWRGS_Internal_par:NA-Local_par,f,2,99
77a0a566-1714-7722-c1ea-3ec23a003e7b,FXE-FIELD-A-TPAR-APP_css,TPAR CSS Applied to the phone lines and Gateway,,BLOCKED-GENERAL_par:FXE-FIELD-A-TPAR-APP_par:FXE-FIELD-A-INTERNAL_par,f,2,99
e6c9a957-0d13-4976-f683-821d401d5368,FXE-FIELD-A-HLGA-APP_css,HLGA CSS Applied to the phone lines and Gateway,,BLOCKED-GENERAL_par:FXE-FIELD-A-HLGA-APP_par:FXE-FIELD-A-INTERNAL_par,f,2,99
42912788-4eed-d096-5b3e-fc8a6e1e002a,FXE-FIELD-A-CLTR2-APP_css,CLTR2 CSS to be Placed on the Lines at the Site,,BLOCKED-GENERAL_par:FXE-FIELD-A-CLTR2-APP_par:FXE-FIELD-A-INTERNAL_par,f,2,99
1eb6b2ae-12f2-3846-558f-fa0d541a9fa5,FOKA_PSTN_css,"""Internal, External for FOKA""",,FOKA_PSTN_par:FXE-FIELD-A-FOKA-APP_par,f,2,99
985edf9c-690e-7344-a999-2ef16dca695d,XFORM-MIEA-MGCP-DNIS_css,Applied to site gateway configuration in CUCM,,XFORM-MIEA-MGCP-DNIS_par,f,2,99
c8da1851-5441-546f-82db-78a67d2c78df,OAKRO_internal_css,Internal for OAKRO,,OAKRO_Internal_par,f,2,99
139e9da6-8b94-eb50-d7f4-0ea666f8312e,NXXA_CngPTP-xform-GW-OUT_css,NXXA Transforms numbers as they leave the local GW,,NXXA_CngPTP-xform-GW-OUT_par,f,2,99
6355ff4b-2389-cddf-3acf-9832c0a1dec6,FXE-FIELD-A-HYLA-APP_css,HYLA CSS to be Placed on the Lines at the Site,,BLOCKED-GENERAL_par:FXE-FIELD-A-HYLA-APP_par:FXE-FIELD-A-INTERNAL_par,f,2,99
3811af7c-1a2d-918a-c9e1-56c7b8196042,FXE-MSPWK_LD_css,MSPWK LD css,,FXE-MSPWK_internal_par:NA-Local_par:NA-LD_par,f,2,99
11fe6649-a8d9-87c9-d2b7-86718029b8ef,FXE-FIELD-A-ELMA-APP_css,ELMA CSS Applied to the phone lines and Gateway,,BLOCKED-GENERAL_par:FXE-FIELD-A-ELMA-APP_par:FXE-FIELD-A-INTERNAL_par,f,2,99
536405cd-0eff-c5c6-bb30-0b7ac26f08b8,XFORM-BDFA-MGCP-DNIS_css,Applied to site gateway configuration in CUCM,,XFORM-BDFA-MGCP-DNIS_par,f,2,99
5ac74c7f-6d9c-604f-2ce8-fef4e983cfdd,XFORM-MPBA-MGCP-DNIS_css,Applied to site gateway configuration in CUCM,,XFORM-MPBA-MGCP-DNIS_par,f,2,99
3376a711-8007-4f50-afd2-435f69a00ae2,XFORM-EAUA-MGCP-DNIS_css,Applied to site gateway configuration in CUCM,,XFORM-EAUA-MGCP-DNIS_par,f,2,99
814250fc-44f3-08af-f19e-6184d4080b66,FXE-HTSR-LD_css,FXE-HTSR internal and local and LD calls,,FXE-HTSR_internal_par:NA-Local_par:NA-LD_par,f,2,99
342fc7df-50aa-ba66-44e4-fdd1b4ef5239,XFORM-GADA-MGCP-DNIS_css,Applied to site gateway configuration in CUCM,,XFORM-GADA-MGCP-DNIS_par,f,2,99
b127e3ae-0104-3e0c-9969-f30e8a6220b7,FXE-FIELD-A-AGSA-APP_css,AGSA CSS Applied to the phone lines and Gateway,,BLOCKED-GENERAL_par:FXE-FIELD-A-AGSA-APP_par:FXE-FIELD-A-INTERNAL_par,f,2,99
8860eaeb-2df1-3b4e-5612-fabfb82e8452,FXE-COSDC_911_css,,,FXE-COSDC_911_par,f,2,99
062241d3-7e7f-b79f-5821-ff57ad05ba0d,FXE-FIELD-A-OFK-APP_css,OFK CSS to be Placed on the Lines at the Site,,BLOCKED-GENERAL_par:FXE-FIELD-A-OFK-APP_par:FXE-FIELD-A-INTERNAL_par,f,2,99
3c06d4c4-164c-3d36-ddbe-203b03470ca9,FXE-FIELD-A-PAER-APP_css,PAER CSS to be Placed on the Lines at the Site,,BLOCKED-GENERAL_par:FXE-FIELD-A-PAER-APP-par:FXE-FIELD-A-INTERNAL_par,f,2,99
5b64647f-4c6f-a359-e51d-3418cc403524,XFORM-MIAR-MGCP-DNIS_css,Applied to site gateway configuration in CUCM,,XFORM-MIAR-MGCP-DNIS_par,f,2,99
762dc508-b77b-17d8-3f62-7c22f7b4a8fa,FXE-FIELD-A-JOTA-APP_css,JOTA CSS to be Placed on the Lines at the Site,,BLOCKED-GENERAL_par:FXE-FIELD-A-JOTA-APP_par:FXE-FIELD-A-INTERNAL_par,f,2,99
b6bfe575-aaf2-c7a7-7476-555e7ec61aff,XFORM-ATYA-MGCP-DNIS_css,Applied to site gateway configuration in CUCM,,XFORM-ATYA-MGCP-DNIS_par,f,2,99
2d4d8c87-6ceb-adce-999d-b18e085b41d1,XFORM-FXG-1708-MGCP-DNIS_css,Applied to site gateway configuration in CUCM,,XFORM-BTRT-MGCP-DNIS_par,f,2,99
1a6e0f57-9fc0-71d0-6e9a-480bdd28933e,FXE-FIELD-A-GEGA-APP_css,GEGA CSS Applied to the phone lines and Gateway,,BLOCKED-GENERAL_par:FXE-FIELD-A-GEGA-APP_par:FXE-FIELD-A-INTERNAL_par,f,2,99
4bab8783-8114-3319-506b-6725f08f705f,FXE-FIELD-A-GSPR-APP_css,GSPR CSS Applied to the phone lines and Gateway,,BLOCKED-GENERAL_par:FXE-FIELD-A-GSPR-APP_par:FXE-FIELD-A-INTERNAL_par,f,2,99
fc6d7595-9549-f8a3-93d3-ba3216a30d79,FXE-FIELD-A-SUNA-APP-css,SUNA CSS to be Placed on the Lines at the Site,,BLOCKED-GENERAL_par:FXE-FIELD-A-SUNA-APP-par,f,2,99
90f9f299-b0e1-ab4c-a61a-762d46d38243,XFORM-FULA-MGCP-DNIS_css,Applied to site gateway configuration in CUCM,,XFORM-FULA-MGCP-DNIS_par,f,2,99
ca0a8002-1d40-7671-6c56-7a757ae11aad,FXE-FIELD-A-WRIA-APP_css,WRIA CSS to be Placed on the Lines at the Site,,BLOCKED-GENERAL_par:FXE-FIELD-A-WRIA-APP_par:FXE-FIELD-A-INTERNAL_par,f,2,99
7b170ccb-1d42-71c0-ca51-4549bc1f7fe3,FXE-BFIWK_internal_css,Internal for BFIWK,,FXE-FIELD-A-BFIWK-APP_par,f,2,99
15fec40f-c6fa-77f6-96f6-d98f5662e4e0,LAXH_CngPTP-xform-GW-IN_css,LAXH Transform Incoming GW CLID,,LAXH_CngPTP-Xform-GW-IN_par,f,2,99
bb43c35a-1732-f855-2820-5a13892744f3,FXE-FIELD-TWFA_LD_css,TWFA LD css,,FXE-FIELD-A-TWFA-APP_par:NA-Local_par:NA-LD_par,f,2,99
530ce3b2-a6d6-77d2-b43a-b10e532ef5e9,XFORM-ESCA-MGCP-DNIS_css,Applied to site gateway configuration in CUCM,,XFORM-ESCA-MGCP-DNIS_par,f,2,99
9c13bdf0-9c7d-55e1-6764-afcd3c877ff2,XFORM-MTHA-MGCP-DNIS_css,Applied to site gateway configuration in CUCM,,XFORM-MTHA-MGCP-DNIS_par,f,2,99
53d7cb11-ad65-39ec-eecb-fd6932f21eaf,XFORM-KLSA-MGCP-DNIS_css,Applied to site gateway configuration in CUCM,,XFORM-KLSA-MGCP-DNIS_par,f,2,99
096918b8-8e86-1dbe-a0c7-75eb6afcafa7,FXE-IAHS-911_css,911 for IAHS,,NA-911_par,f,2,99
01ff6240-1945-ebef-4de9-096d47fce1b1,FXE-FIELD-A-HHHA-APP_css,HHHA CSS Applied to the phone lines and Gateway,,BLOCKED-GENERAL_par:FXE-FIELD-A-HHHA-APP_par:FXE-FIELD-A-INTERNAL_par,f,2,99
5aa02960-c97a-5dfd-dd83-50b51e5a707a,FXE-MOTA_International_css,MOTA International css,,FXE-MOTA_internal_par:NA-Local_par:NA-LD_par:NA-International_par,f,2,99
164b8914-037c-da84-6ddf-6b27509372a1,XFORM-ALBR-MGCP-DNIS_css,Applied to site gateway configuration in CUCM,,XFORM-ALBR-MGCP-DNIS_par,f,2,99
68541fdd-f06f-d3ef-cc08-8009fa0477bb,SATWK_internal_css,Internal for SATWK,,SATWK_internal_par,f,2,99
2f464633-41db-131b-0e56-c2dcb15c499f,FXE-FIELD-A-GWSA-APP_css,GWSA CSS Applied to the phone lines and Gateway,,BLOCKED-GENERAL_par:FXE-FIELD-A-GWSA-APP_par:FXE-FIELD-A-INTERNAL_par,f,2,99
355186a2-029c-1c83-2b61-fe1da5bd4578,FXE-FIELD-A-UCAA-APP_css,UCAA CSS to be Placed on the Lines at the Site,,BLOCKED-GENERAL_par:FXE-FIELD-A-UCAA-APP_par:FXE-FIELD-A-INTERNAL_par,f,2,99
9d54fc00-e1f5-e39a-240b-bf7b91cae2cb,FXE-BFIWK_International_css,BFIWK International css,,FXE-FIELD-A-BFIWK-APP_par:NA-Local_par:NA-LD_par:NA-International_par,f,2,99
ce10274f-7959-3197-3a31-483ea4fe3403,XFORM-FAYA-MGCP-DNIS_css,FAYA Applied to site gateway configuration in CUCM,,XFORM-FAYA-MGCP-DNIS_par,f,2,99
55ea3f90-03e3-88ea-4a0d-0a10bef0ef59,SBAA_911_css,911 for SBAA,,SBAA_911_par,f,2,99
58d29aaa-4cdf-26e3-0ebc-1773bd2b4e15,FXE-FIELD-LBFA_911_css,911 for LBFA,,FXE-FIELD-LBFA_911_par,f,2,99
478d785a-a85a-e9ea-a601-0838e3ec9a38,FXE-FIELD-A-PDXB-APP_css,PDXB CSS to be Placed on the Lines at the Site,,BLOCKED-GENERAL_par:FXE-FIELD-A-PDXB-APP_par:FXE-FIELD-A-INTERNAL_par,f,2,99
1277446c-eaf9-4837-b2f5-b161bbb355e6,FXE-FIELD-A-MYVA-APP_css,MYVA CSS Applied to the phone lines and Gateway,,BLOCKED-GENERAL_par:FXE-FIELD-A-MYVA-APP_par:FXE-FIELD-A-INTERNAL_par,f,2,99
042e5b59-46ef-42a9-842c-eb33d7482e0b,FXE-FIELD-A-MWOA-APP_css,MWOA CSS to be Placed on the Lines at the Site,,BLOCKED-GENERAL_par:FXE-FIELD-A-MWOA-APP_par:FXE-FIELD-A-INTERNAL_par,f,2,99
df98194e-e7cd-e626-784d-526e004dcda5,FXE-FIELD-A-SEART-APP_css,SEART CSS to be Placed on the Lines at the Site,,BLOCKED-GENERAL_par:FXE-FIELD-A-SEART-APP_par:FXE-FIELD-A-INTERNAL_par:FXE-FIELD-A-INTERNAL-MGCP-par,f,2,99
94b5cacd-386f-7e38-1e4d-c52f7a99bea4,FXE-FIELD-A-CRXA-APP-css,CRXA CSS to be Placed on the Lines at the Site,,BLOCKED-GENERAL_par:FXE-FIELD-A-CRXA-APP-par:FXE-FIELD-A-INTERNAL_par,f,2,99
da910f0f-84ec-d340-fa8e-32933c52bb82,FXE-FIELD-A-STJA-APP_css,STJA CSS Applied to the phone lines and Gateway,,BLOCKED-GENERAL_par:FXE-FIELD-A-STJA-APP_par:FXE-FIELD-A-INTERNAL_par,f,2,99
4fd109d5-159e-4952-68e6-9a63ca496097,XFORM-ATLR-MGCP-ANI_css,Applied to site gateway configuration in CUCM,,XFORM-ATLR-MGCP-ANI_par,f,2,99
e4bb17fc-c3e4-0410-12d8-e735ddf4b758,XFORM-BIL-MGCP-DNIS_css,Applied to site gateway configuration in CUCM,,XFORM-BIL-MGCP-DNIS_par,f,2,99
f7674017-9128-794f-a7e7-5d51771f73f9,EWRRT_CngPTP-xform-IN_css,EWRRT Transform Incoming CLID,,EWRRT_CngPTP-Xform-IN_par,f,2,99
abf0299a-2920-d661-f4cf-6cfaf35c803a,FXE-FIELD-A-BILA-APP_css,BILA CSS to be Placed on the Lines at the Site,,BLOCKED-GENERAL_par:FXE-FIELD-A-BILA-APP_par:FXE-FIELD-A-INTERNAL_par,f,2,99
82f16d29-f3e1-c9b6-8e1d-cdfc41db1c43,XFORM-BIXA-MGCP-ANI_css,Applied to site gateway configuration in CUCM,,XFORM-BIXA-MGCP-ANI_par,f,2,99
3c492475-a3f4-371f-6c46-b107e8ae0805,FXE-FIELD-A-TULR-APP_PLAR_css,TULR CSS for PLAR to Restricted,,FXE-FIELD-A-TULR-APP_PLAR_par,f,2,99
1e5bc5a1-7d7c-f6ee-8352-cb6cbc192f14,XFORM-BCBVM-MGCP-DNIS_css,Applied to site gateway configuration in CUCM,,XFORM-BCBVM-MGCP-DNIS_par,f,2,99
4ac1d43b-2dac-d029-470c-c9efd5eddba6,XFORM-HUFA-MGCP-DNIS_css,Applied to site gateway configuration in CUCM,,XFORM-HUFA-MGCP-DNIS_par,f,2,99
6a685f33-198d-2446-2185-ec77c0b63c69,DFWVK_Local_css,DFWVK Local css,,DFWVK_internal_par:DFWVK_Local_par:DTWR_911_par,f,2,99
e16f4ac8-1bee-7dd6-d383-d093b7ac10b3,FXE-DALA_International_css,DALA International css,,FXE-DALA_internal_par:NA-Local_par:NA-LD_par:NA-International_par:FXE-FIELD-A-DALA-APP_par:FXE-FIELD-A-INTERNAL_par,f,2,99
cefd8c7e-6bae-20bf-7a29-cc8e87f63529,911-1FB-css,911 for large sites via 1FB connectivity,,911-1FB-par,f,2,99
736b29cd-4238-636c-5186-2bea451851c4,XFORM-MGWA-MGCP-DNIS_css,Applied to site gateway configuration in CUCM,,XFORM-MGWA-MGCP-DNIS_par,f,2,99
5fab5fb0-ee2c-77b0-2ca9-3d324ea15e16,FBTA_CngPTP-xform-OUT_css,FBTA Transform numbers as they leave the local GW,,FBTA_CngPTP-xform-OUT_par,f,2,99
2de7e15e-8e14-f16b-7dbc-3b3d77e2378c,XFORM-AIKA-MGCP-DNIS_css,AIKA Applied to site gateway configuration in CUCM,,XFORM-AIKA-MGCP-DNIS_par,f,2,99
197f5cd7-bcfd-eddf-2a50-0e039bc5062c,FXE-FIELD-A-PLBA-APP-css,PLBA CSS to be Placed on the Lines at the Site,,BLOCKED-GENERAL_par:FXE-FIELD-A-PLBA-APP-par:FXE-FIELD-A-INTERNAL_par,f,2,99
36c7976e-041e-b794-424c-9de5fcd1df97,FXE-SJCRT_International_css,SJCRT International css,,FXE-FIELD-A-SJCRT-APP_par:NA-Local_par:NA-LD_par:NA-International_par,f,2,99
23e03b61-05f0-0180-7249-d44e2e4dbe2a,FXE-BFIWK_CngPTP-xform-GW-IN_css,FXE-BFIWK Transform Incoming GW CLID,,FXE-BFIWK_CngPTP-Xform-GW-IN_par,f,2,99
6e07f8c4-a6df-2608-394d-5f98de258dcd,XFORM-BKWA-MGCP-DNIS_css,Applied to site gateway configuration in CUCM,,XFORM-BKWA-MGCP-DNIS_par,f,2,99
b20c7562-ea4b-517a-9a99-ba5591bea5b5,XFORM-COUA-MGCP-DNIS_css,Applied to site gateway configuration in CUCM,,XFORM-COUA-MGCP-DNIS_par,f,2,99
6b663438-1aa4-5e3b-05f5-b55aaa9814c2,XFORM-BDLRT-MGCP-DNIS_css,Applied to site gateway configuration in CUCM,,XFORM-BDLRT-MGCP-DNIS_par,f,2,99
d680ca4a-b637-07b3-1dc7-2685632de42d,CVGR_CngPTP-xform-IN_css,CVGR Transform Incoming CLID,,CVGR_CngPTP-Xform-IN_par,f,2,99
9f53c6b7-6985-7657-4c27-afaa1db9bc76,FXE-FIELD-A-INBOUND-GW-css,MGCP PSTN Ingress CSS TEMP,,FXE-FIELD-A-INTERNAL_par,f,2,99
a670f9d5-fc76-27b2-31df-6047a233b2fa,FXE-FIELD-A-LCKR1-APP_css,LCKR1 CSS to be Placed on the Lines at the Site,,BLOCKED-GENERAL_par:FXE-FIELD-A-LCKR1-APP_par:FXE-FIELD-A-INTERNAL_par,f,2,99
9a9d0190-3560-0faa-8a09-2d84019bc642,FXE-MOTA_internal_css,Internal for FXE-MOTA,,FXE-MOTA_internal_par,f,2,99
fe578125-2665-dbb7-4300-728a9fc1c500,XFORM-AMWA-MGCP-ANI_css,Applied to site gateway configuration in CUCM,,XFORM-AMWA-MGCP-ANI_par,f,2,99
6f9d1228-aca3-ed00-5264-4a35a468442a,FXE-FIELD-A-PHLR-APP_css,PHLR CSS to be Placed on the Lines at the Site,,BLOCKED-GENERAL_par:FXE-FIELD-A-PHLR-APP_par:FXE-FIELD-A-INTERNAL_par,f,2,99
3470720f-2fc1-0bb6-8b20-1d3aa2a2c670,FXE-FIELD-A-MDTR-APP_css,MDTR CSS to be Placed on the Lines at the Site,,BLOCKED-GENERAL_par:FXE-FIELD-A-MDTR-APP_par:FXE-FIELD-A-INTERNAL_par,f,2,99
90d7d06e-0d75-f254-df52-24f9b772df20,XFORM-DNNA-MGCP-ANI_css,Applied to site gateway configuration in CUCM,,XFORM-DNNA-MGCP-ANI_par,f,2,99
2e3a440e-1e17-6347-94a1-d97db151a964,BURA-UR_css,"""BURA internal, local, LD and international calls""",,BURA_Internal_par:NA-Local_par:NA-LD_par:NA-International_par,f,2,99
d2443544-bbdd-0e2e-ba7f-43cef35aa172,FXE-FIELD-A-MSYR-APP_css,MSYR CSS Applied to the phone lines and Gateway,,BLOCKED-GENERAL_par:FXE-FIELD-A-MSYR-APP_par:FXE-FIELD-A-INTERNAL_par,f,2,99
df7971dc-9401-49a9-7404-ebb44e0e44a7,FXE-SJCRT_internal_css,Internal for SJCRT,,FXE-FIELD-A-SJCRT-APP_par,f,2,99
b02c0fe0-d21c-c7a1-60f7-0ab35af621af,XFORM-GRRA-MGCP-DNIS_css,Applied to site gateway configuration in CUCM,,XFORM-GRRA-MGCP-DNIS_par,f,2,99
ca394c6e-6732-355b-6fac-a293d73c3774,XFORM-MHKA-MGCP-DNIS_css,Applied to site gateway configuration in CUCM,,XFORM-MHKA-MGCP-DNIS_par,f,2,99
999d0e8e-2dbe-8d06-8b7f-342a2d366a6b,FXE-FIELD-A-PPFA-APP_css,PPFA CSS to be Placed on the Lines at the Site,,BLOCKED-GENERAL_par:FXE-FIELD-A-PPFA-APP_par:FXE-FIELD-A-INTERNAL_par,f,2,99
11f696f4-8db1-d2da-274a-06d6a5f886c3,MTJA_PSTN_css,"""Internal, External for MTJA""",,FXE-FIELD-A-MTJA-APP_par:MTJA_PSTN_par,f,2,99
47b4435d-4834-ad69-b14a-e9632161d49b,PBIR_PSTN_css,"""Internal, External for PBIR""",,FXE-FIELD-A-PBIR-APP_par:PBIR_PSTN_par,f,2,99
57c9e4de-ac7d-d819-681b-cf47871f3fd6,XFORM-CHOA-MGCP-DNIS_css,Applied to site gateway configuration in CUCM,,XFORM-CHOA-MGCP-DNIS_par,f,2,99
572e3a9f-6a9b-eeee-b4de-2a5f42e346c9,FXE-FIELD-A-FLLR-NO-LD-APP_css,FLLR NO LD or International CSS on Phones,,BLOCKED-GENERAL_par:BLOCKED-INTL_par:BLOCKED-LD_par:FXE-FIELD-A-FLLR-APP_par,f,2,99
691d6dd6-a15d-5a0d-1ce2-b7626dfd2b66,FTYE_internal_css,Internal for FTYE,,FXE-FIELD-A-FTYE-APP_par,f,2,99
acdf9fa1-6cee-6e36-c8a6-ba2d51cd4634,FXE-FIELD-A-GJTA-APP_css,GJTA CSS Applied to the phone lines and Gateway,,BLOCKED-GENERAL_par:GJTA_Internal_par:FXE-FIELD-A-INTERNAL_par,f,2,99
0e65e84d-d35a-5ef8-c314-787d7d90025e,FXE-SJCRT_LD_css,SJCRT LD css,,FXE-FIELD-A-SJCRT-APP_par:NA-Local_par:NA-LD_par,f,2,99
0db92760-2d8c-09f5-d808-416c099e370a,FXE-FIELD-A-SITEID-APP_css,SITE CSS Applied to the phone lines and Gateway,,BLOCKED-GENERAL_par:FXE-FIELD-A-INTERNAL_par,f,2,99
3932b95f-ffe1-e102-5cfa-d4fdf65f9245,FXE-FIELD-A-NTUA-APP_css,NTUA CSS Applied to the phone lines and Gateway,,BLOCKED-GENERAL_par:FXE-FIELD-A-NTUA-APP_par,f,2,99
113092c6-3a88-7223-6509-cbfd6014cc5e,FXE-FIELD-A-PITRT-APP_css,PITRT CSS to be Placed on the Lines at the Site,,BLOCKED-GENERAL_par:FXE-FIELD-A-PITRT-APP_par:FXE-FIELD-A-INTERNAL_par,f,2,99
72f1c6e6-d503-2998-592a-91456098d7d9,FXG-FIELD-1708-APP_css,FXG_1708 CSS to be Placed on the Lines at the Site,,BLOCKED-GENERAL_par:FXG-FIELD-1708-APP_par:FXE-FIELD-A-INTERNAL_par,f,2,99
a4d2d15d-f425-012f-452d-b8e22a4ae0f9,XFORM-SRUA-MGCP-DNIS_css,Applied to site gateway configuration in CUCM,,,f,2,99
95402b5f-60a7-e39b-264b-16d67c44311a,FXE-FIELD-A-MIAR-APP_css,MIAR CSS to be Placed on the Lines at the Site,,BLOCKED-GENERAL_par:FXE-FIELD-A-MIAR-APP_par:FXE-FIELD-A-INTERNAL_par,f,2,99
5f226968-cc33-4cbe-1171-f0763ee6cb9f,FXE-FIELD-DLDWK_CngPTP-xform-GW-IN_css,FXE-DLDWK Transform Incoming GW CLID,,FXE-FIELD-DLDWK_CngPTP-Xform-GW-IN_par,f,2,99
16da7f25-8657-b718-2586-39c4173f6e85,XFORM-LAXR-MGCP-DNIS_css,Applied to site gateway configuration in CUCM,,XFORM-LAXR-MGCP-DNIS_par,f,2,99
395d3fe4-8f27-cb60-7548-67f33e485dc8,XFORM-SCFA-MGCP-DNIS-OUT__css,,,XFORM-SCFA-MGCP-DNIS_par,f,2,99
176ac1c7-076c-c3be-0fed-ae69808f9dd3,WTCA_PSTN_css,"""Internal, External for WTCA""",,WTCA_Internal_par,f,2,99
7ed5f110-c9f6-4178-c6f4-bdbed023791d,XFORM-MKLA-MGCP-DNIS_css,Applied to site gateway configuration in CUCM,,XFORM-MKLA-MGCP-DNIS_par,f,2,99
3dde1408-2e89-8232-c2f5-f02feda23eb8,XFORM-CVGA-MGCP-DNIS_css,Applied to site gateway configuration in CUCM,,XFORM-CVGA-MGCP-DNIS_par,f,2,99
99ddcb5b-843c-ce6b-7014-3273a0e0b919,XFORM-WYGA-MGCP-ANI_css,Applied to site gateway configuration in CUCM,,XFORM-WYGA-MGCP-ANI_par,f,2,99
36e48f48-7668-f666-4b00-1b7a168a7571,FXE-FIELD-A-PDT-APP_css,PDT CSS Applied to the phone lines and Gateway,,BLOCKED-GENERAL_par:FXE-FIELD-A-PDT-APP_par:FXE-FIELD-A-INTERNAL_par,f,2,99
e9af6ec6-586d-1f8c-e275-3f2996d00343,XFORM-COSR-MGCP-ANI_css,Applied to site gateway configuration in CUCM,,XFORM-COSR-MGCP-ANI_par,f,2,99
f45e8fe7-2b9b-7d13-b132-4c6404fb20f4,XFORM-DFWD-PREFIX9-MGCP-DNIS_css,Applied to site gateway configuration in CUCM,,XFORM-DFWD-PREFIX9-MGCP-DNIS_par,f,2,99
3ea0246d-52a6-d208-fbe4-eceab740ee35,XFORM-DNNA-MGCP-DNIS_css,Applied to site gateway configuration in CUCM,,XFORM-DNNA-MGCP-DNIS_par,f,2,99
39b37832-fdd5-15cf-70a8-e256e49acc01,FXE-FIELD-A-RDVRT-APP_css,RDVRT CSS to be Placed on the Lines at the Site,,BLOCKED-GENERAL_par:FXE-FIELD-A-RDVRT-APP_par:FXE-FIELD-A-INTERNAL_par,f,2,99
4df5e745-a197-90c2-d25d-55150f55af0a,XFORM-PUB-MGCP-DNIS_css,Applied to site gateway configuration in CUCM,,XFORM-PUB-MGCP-DNIS_par,f,2,99
46fcc916-3f92-fc01-1baf-59877a063f68,FXE-LAXR-ringdown_css,LAXR Security Ringdown CSS,,FXE-LAXR-ringdown_pt:FXE-FIELD-A-LAXR-APP_par:FXE-FIELD-A-INTERNAL_par,f,2,99
d51f9ea6-04c1-bd1a-5c33-caebf0cc1de6,FXE-FIELD-A-AYEA-APP_css_vm,AYEA CSS Applied to the phone lines and Gateway,,VM-restricted_par:BLOCKED-GENERAL_par:FXE-FIELD-A-AYEA-APP_par:FXE-FIELD-A-INTERNAL_par,f,2,99
daa57a49-5429-8167-9161-06cc2606337c,FXE-FIELD-A-OWDA-APP_css,OWDA CSS to be Placed on the Lines at the Site,,BLOCKED-GENERAL_par:FXE-FIELD-A-OWDA-APP_par:FXE-FIELD-A-INTERNAL_par,f,2,99
22b88b85-4ea7-9d04-80bb-d248aae129d4,FXE-FIELD-A-PDTA-APP_css,PDTA CSS Applied to the phone lines and Gateway,,BLOCKED-GENERAL_par:FXE-FIELD-A-PDTA-APP_par:FXE-FIELD-A-INTERNAL_par,f,2,99
bd5d6a01-dbbe-fe08-f21f-e8c27ce0a031,FXE-FIELD-A-HMTA-APP_css,HMTA CSS Applied to the phone lines and Gateway,,FXE-FIELD-A-HMTA-APP_par:FXE-FIELD-A-INTERNAL_par:BLOCKED-GENERAL_par,f,2,99
17950e4f-0e72-429f-f371-5e5b0d1dd1b5,XFORM-LEBA-ANI-OUT-css,Applied to site gateway configuration in CUCM,,XFORM-LEBA-MGCP-ANI_par,f,2,99
bebdc67e-0cf3-9918-25fc-9b330740ca1b,XFORM-FXG-1286-MGCP-ANI_css,FXG1286 Applied to site GW configuration in CUCM,,XFORM-FXG-1286-MGCP-ANI_par,f,2,99
c52c5168-3d04-8f24-4de8-686f3ce0a832,FXE-FIELD-A-GXYA-APP_css,GXYA CSS to be Placed on the Lines at the Site,,BLOCKED-GENERAL_par:FXE-FIELD-A-GXYA-APP_par:FXE-FIELD-A-INTERNAL_par,f,2,99
7004c2e1-a25c-6ae3-0c76-b19abf029375,FXE-FIELD-A-CRPA-APP_css,CRPA CSS to be Placed on the Lines at the Site,,BLOCKED-GENERAL_par:FXE-FIELD-A-CRPA-APP_par:FXE-FIELD-A-INTERNAL_par,f,2,99
09ad29de-4611-1a39-ca2a-18a7399cb38b,JDTA_CngPTP-xform-GW-IN_css,JDTA Transform Incoming GW CLID,,JDTA_CngPTP-Xform-GW-IN_par,f,2,99
226e864e-8ffd-6664-09d2-0c1426b83aa3,XFORM-BLIA-MGCP-ANI_css,BLIA Applied to site gateway configuration in CUCM,,XFORM-BLIA-MGCP-DNIS_par,f,2,99
10dbece7-5fe4-9211-f437-315a044ce800,FXE-FIELD-A-HTSA-APP_css,HTSA CSS to be Placed on the Lines at the Site,,BLOCKED-GENERAL_par:FXE-FIELD-A-HTSA-APP_par,f,2,99
073f97c1-ca78-fef6-8b94-751ef12e48a8,SNAR_PSTN_css,"""Internal, External for SNAR""",,FXE-FIELD-A-SNAR-APP_par:SNAR_PSTN_par,f,2,99
dd3743d8-60f8-ab1e-b362-e8ccf4bf4e92,FXE-FIELD-A-STJSC-APP_css,STJSC CSS Applied to the phone lines and Gateway,,BLOCKED-GENERAL_par:FXE-FIELD-A-STJSC-APP_par:FXE-FIELD-A-INTERNAL_par,f,2,99
d7441b61-99c0-73b6-527b-f1c66597d132,FXE-FIELD-A-TLHA-APP_css,TLHA CSS to be Placed on the Lines at the Site,,BLOCKED-GENERAL_par:FXE-FIELD-A-TLHA-APP_par:FXE-FIELD-A-INTERNAL_par,f,2,99
515461c7-401d-7e7f-1510-e93defc746cd,FXE-FIELD-A-BMIA-APP_css,BMIA CSS to be Placed on the Lines at the Site,,BLOCKED-GENERAL_par:FXE-FIELD-A-BMIA-APP_par:FXE-FIELD-A-INTERNAL_par,f,2,99
fed3dad2-503e-d54f-57c6-c4a2041f1e6b,XFORM-ELDA-MGCP-ANI_css,Applied to site gateway configuration in CUCM,,XFORM-ELDA-MGCP-ANI_par,f,2,99
edbd87e7-7a35-e261-6730-5684f87ebc77,FXE-FIELD-A-CHAR-APP_css,CHAR CSS Applied to the phone lines and Gateway,,BLOCKED-GENERAL_par:CHAR_Internal_par:FXE-FIELD-A-INTERNAL_par,f,2,99
3a727704-0120-e420-8741-4d5be70a80ba,XFORM-GEGA-MGCP-DNIS_css,GEGA Applied to site gateway configuration in CUCM,,XFORM-GEGA-MGCP-DNIS_par,f,2,99
921f424f-cc39-a403-daa6-55071002030c,XFORM-LMTA-MGCP-DNIS_css,LMTA Applied to site gateway configuration in CUCM,,XFORM-LMTA-MGCP-DNIS_par,f,2,99
d366b260-7d27-e205-bb0e-f093afbee95f,XFORM-PRIA-MGCP-DNIS_css,Applied to site gateway configuration in CUCM,,XFORM-PRIA-MGCP-DNIS_par,f,2,99
8ac814f9-2603-e64c-4c0a-9a38b3aea9af,XFORM-CRSA-MGCP-DNIS_css,Applied to site gateway configuration in CUCM,,,f,2,99
8a55306e-120f-3977-3fa6-106b88661577,FXE-FIELD-A-RKSA-APP_css,RKSA CSS Applied to the phone lines and Gateway,,FXE-FIELD-A-RKSA-APP_par:BLOCKED-GENERAL_par:FXE-FIELD-A-INTERNAL_par,f,2,99
825d6f13-55de-03ae-b851-fbcbb47a20af,XFORM-PHONES-CONECTED-LOCALIZATION-css,Connected Party ID Localization,,XFORM-PHONES-CONECTED-LOCALIZATION-par,f,2,99
11d8da99-29ed-c0f2-387b-4cba2c8e7ae3,YUMA_PSTN_css,"""Internal, External for YUMA""",,YUMA_Internal_par:BLOCKED-GENERAL_par,f,2,99
f5f27fb7-678f-7cbf-81e9-fffb2239ca2b,XFORM-AELA-MGCP-ANI_css,Applied to site gateway configuration in CUCM,,XFORM-AELA-MGCP-ANI_par,f,2,99
10043290-89a9-5323-f92b-7d52044a4738,FXE-FIELD-A-ZMLA-APP_css,ZMLA CSS to be Placed on the Lines at the Site,,BLOCKED-GENERAL_par:FXE-FIELD-A-ZMLA-APP_par:FXE-FIELD-A-INTERNAL_par,f,2,99
c5a0e1a6-2b19-14ce-dc5c-4aed1c80f743,XFORM-FNLA-MGCP-DNIS_css,Applied to site gateway configuration in CUCM,,XFORM-FNLA-MGCP-DNIS_par,f,2,99
bb4bb4af-e60f-65ef-a4b9-21191b02c576,FXE-FIELD-A-ORHA-APP_css,ORHA CSS to be Placed on the Lines at the Site,,BLOCKED-GENERAL_par:FXE-FIELD-A-ORHA-APP_par:FXE-FIELD-A-INTERNAL_par,f,2,99
c12a23c2-d097-d3ec-144c-6f0974b11f4c,FXE-FIELD-A-AMAA-APP_css,AMAA CSS to be Placed on the Lines at the Site,,BLOCKED-GENERAL_par:FXE-FIELD-A-AMAA-APP_par:FXE-FIELD-A-INTERNAL_par,f,2,99
d929e77e-24f7-f139-3fbf-8ae819435f6c,FXE-FIELD-A-BDFA-APP_css,BDFA CSS to be Placed on the Lines at the Site,,CO-LO-E911-EGW_par:BLOCKED-GENERAL_par:FXE-FIELD-A-BDFA-APP_par:FXE-FIELD-A-INTERNAL_par,f,2,99
d437d297-4fa4-68d9-e9d1-b344a72eb0ed,FXE-FIELD-A-RLAA-APP_css,RLAA CSS Applied to the phone lines and Gateway,,BLOCKED-GENERAL_par:FXE-FIELD-A-RLAA-APP_par:FXE-FIELD-A-INTERNAL_par,f,2,99
d082d2fe-5919-656d-a02a-684869b0899c,FXE-FIELD-TWFA_CngPTP-xform-OUT_css,TWFA Transform numbers as they leave the local GW,,FXE-FIELD-TWFA_CngPTP-Xform-OUT_par,f,2,99
776d91f8-c796-aeab-5ae2-a16765f8e68e,NXXCS_PSTN_css,"""Internal, External for NXXCS""",,FXE-FIELD-A-NXXCS-APP_par:NXXCS_PSTN_par,f,2,99
0b8eafd7-a862-f705-8359-7210c6a5706f,FXE-MSYWK_internal_css,Internal for MSYWK,,FXE-FIELD-A-MSYWK-APP_par,f,2,99
830cbdd3-339b-7c41-b061-557d75349a73,LAXH-LD_css,LAXH internal and local and LD calls,,LAXH_Internal_par:NA-Local_par:NA-LD_par,f,2,99
6bbf84ff-a673-dcaa-9cb3-23f6264b48a2,DCLEG_Internal_css,DCLEG Internal Calls,,DCLEG_Internal_par,f,2,99
afad4223-4aed-9ab7-f2c9-58535f4a06c5,XFORM-BJJA-MGCP-ANI_css,Applied to site gateway configuration in CUCM,,XFORM-BJJA-MGCP-ANI_par,f,2,99
d39a73d3-6880-9afd-a820-e299559267b4,XFORM-ATUA-MGCP-DNIS_css,Applied to site gateway configuration in CUCM,,XFORM-ATUA-MGCP-DNIS_par,f,2,99
cddf5e2b-2e70-4813-24c6-12ec8b2e991c,FXE-FIELD-A-JSNA-APP_css,JSNA CSS Applied to the phone lines and Gateway,,BLOCKED-GENERAL_par:FXE-FIELD-A-JSNA-APP_par:FXE-FIELD-A-INTERNAL_par,f,2,99
0d43ba24-56a0-075f-3503-7ddf5620db34,FXE-FIELD-A-PAER1-APP_css,PAER1 CSS to be Placed on the Lines at the Site,,BLOCKED-GENERAL_par:FXE-FIELD-A-PAER1-APP_par:FXE-FIELD-A-INTERNAL_par,f,2,99
46eb9b68-0572-28d3-4146-22b48f08302e,XFORM-GCCA-MGCP-DNIS_css,Applied to site gateway configuration in CUCM,,XFORM-GCCA-MGCP-DNIS_par,f,2,99
c70c4006-53f5-3228-8212-8b003035cc21,XFORM-MWAA-MGCP-ANI_css,MWAA Applied to site gateway configuration in CUCM,,XFORM-MWAA-MGCP-ANI_par,f,2,99
2c7eeea8-0e4c-18d5-e4f7-5c0164c6dfd7,FXE-SFOR_CngPTP-xform-GW-OUT_css,FXE-SFOR Transforms numbers as they leave GW,,FXE-SFOR_CngPTP-xform-GW-OUT_par,f,2,99
4994c66b-d1a1-1804-26d5-6b6044b03731,FXE-FIELD-A-VNYA-APP_css,VNYA CSS Applied to the phone lines and Gateway,,BLOCKED-GENERAL_par:FXE-FIELD-A-VNYA-APP_par:FXE-FIELD-A-INTERNAL_par,f,2,99
b3c1f91e-e8f5-7b28-0cd0-af603a0705f3,XFORM-BFDA-MGCP-DNIS_css,Applied to site gateway configuration in CUCM,,XFORM-BFDA-MGCP-DNIS_par,f,2,99
4148d5e4-99f0-f857-5b7b-e893c17366a7,FXE-FIELD-A-COSDC-PLARto3000-css,COSDC PLAR to Security 718-484-3000,,FXE-FIELD-A-COSDC-PLARto3000-par,f,2,99
cbcc4a6e-0746-801c-1a65-fb767a18681a,XFORM-EKOA-MGCP-DNIS_css,Applied to site gateway configuration in CUCM,,XFORM-EKOA-MGCP-DNIS_par,f,2,99
7547875e-33cf-549c-5b91-b7367785fe9a,FXE-FIELD-A-NRBA-APP_css,CSS Applied to the phone lines and Gateway,,FXE-FIELD-A-NRBA-APP_par:FXE-FIELD-A-INTERNAL_par:BLOCKED-GENERAL_par,f,2,99
d6d6508a-98df-e436-329c-db5298b3bae3,XFORM-FBGA-MGCP-ANI_css,Applied to site gateway configuration in CUCM,,XFORM-FBGA-MGCP-ANI_par,f,2,99
0504a492-f583-53f0-c2ba-a9b6d5902eaa,BHMR-UR_css,"""BHMR internal, local, LD and international calls""",,FXE-FIELD-A-BHMR-APP-par:BHMR_PSTN_par:NA-Local_par:NA-LD_par:NA-International_par:BHMR_911_par,f,2,99
9dd97d74-545b-67ee-8ad2-8f584b8b3fc1,FXE-FIELD-A-DNEA-APP_css,DNEA CSS to be Placed on the Lines at the Site,,BLOCKED-GENERAL_par:FXE-FIELD-A-DNEA-APP_par:FXE-FIELD-A-INTERNAL_par,f,2,99
3c3a541e-dccf-d964-0ad2-50d9925911cc,XFORM-SCEA-MGCP-DNIS_css,Applied to site gateway configuration in CUCM,,XFORM-SCEA-MGCP-DNIS_par,f,2,99
9ba9e6c9-c61b-1624-f303-a167a1a7e591,FXE-FIELD-A-LNKA-APP_css,LNKA CSS Applied to the phone lines and Gateway,,BLOCKED-GENERAL_par:FXE-FIELD-A-LNKA-APP_par:FXE-FIELD-A-INTERNAL_par,f,2,99
6e690c0b-37a5-5f1a-3036-723e9b3f51d4,FXE-FIELD-A-OMAR-APP-css,OMAR CSS to be Placed on the Lines at the Site,,BLOCKED-GENERAL_par:FXE-FIELD-A-OMAR-APP-par:FXE-FIELD-A-INTERNAL_par,f,2,99
889551cb-a3ae-4cec-a291-9230f3a807e6,XFORM-BXXA-MGCP-DNIS_css,Applied to site gateway configuration in CUCM,,XFORM-BXAA-MGCP-DNIS_par,f,2,99
5106ed39-da40-3880-05b9-c76931db192a,MPZA-Local_css,MPZA internal and local calls,,MPZA_Internal_par:NA-Local_par,f,2,99
cad08b36-c42d-17ba-720e-1bff83acbe6b,BNAR_internal_css,Internal for BNAR,,FXE-FIELD-A-BNAR-APP_par,f,2,99
37e8bec4-8e23-f287-1d73-94baceb84e11,FXE-FIELD-A-CKBSC-APP_css,CKBSC CSS to be Placed on the Lines at the Site,,BLOCKED-GENERAL_par:FXE-FIELD-A-CKBSC-APP_par:FXE-FIELD-A-INTERNAL_par,f,2,99
317cd257-3c1c-9c24-a5c9-d4228ed24e04,FXE-FIELD-A-AIKA-APP_css,AIKA CSS Applied to the phone lines and Gateway,,BLOCKED-GENERAL_par:FXE-FIELD-A-AIKA-APP_par:FXE-FIELD-A-INTERNAL_par,f,2,99
58082a56-1ead-6adb-b6f1-1722531b084c,XFORM-DTKRT-MGCP-DNIS_css,Applied to site gateway configuration in CUCM,,XFORM-DTKRT-MGCP-DNIS_par,f,2,99
4dddf399-b563-1167-acdf-c7124e882ace,FBTA_CngPTP-xform-IN_css,FBTA Transform Incoming CLID,,FBTA_CngPTP-Xform-IN_par,f,2,99
211ceebc-aa1a-b41e-6fa7-c8cdc0fe3e58,XFORM-COUA-MGCP-ANI_css,Applied to site gateway configuration in CUCM,,XFORM-COUA-MGCP-ANI_par,f,2,99
977b6942-3791-e195-c2ac-e86278fc57de,FXE-FIELD-A-AVLA-APP_css,AVLA CSS to be Placed on the Lines at the Site,,BLOCKED-GENERAL_par:FXE-FIELD-A-AVLA-APP_par:FXE-FIELD-A-INTERNAL_par,f,2,99
a33a706e-d4da-5edf-d81b-25cae027734d,FXE-FIELD-A-OLMA-APP_css,OLMA CSS to be Placed on the Lines at the Site,,BLOCKED-GENERAL_par:FXE-FIELD-A-OLMA-APP_par:FXE-FIELD-A-INTERNAL_par,f,2,99
63065a18-f607-6caf-a2d3-84f6e45457d1,FXE-FIELD-A-MCCVM-APP_css,MCCVM CSS Applied to the phone lines and Gateway,,BLOCKED-GENERAL_par:FXE-FIELD-A-MCCVM-APP_par:FXE-FIELD-A-INTERNAL_par,f,2,99
8ef86538-5335-4b7c-bb9f-752536d6556a,YUMA_internal_css,Internal for YUMA,,YUMA_Internal_par:FXS-SME-SIP-INBOUND_par,f,2,99
a3a964b6-e6c6-4c39-21c1-dfb35cacb4ab,FXE-FIELD-A-SEGA-APP_css,SEGA CSS to be Placed on the Lines at the Site,,BLOCKED-GENERAL_par:FXE-FIELD-A-SEGA-APP_par:FXE-FIELD-A-INTERNAL_par,f,2,99
e8ce8c4f-4dc4-bac3-fbd6-b35aa39ddede,FXE-FIELD-A-LUFA-APP-css,LUFA CSS to be Placed on the Lines at the Site,,BLOCKED-GENERAL_par:FXE-FIELD-A-LUFA-APP-par:FXE-FIELD-A-INTERNAL_par,f,2,99
f1aeb62b-7b8b-8f1f-7187-8b1e2b4ddbb0,EWRGS-LD_css,EWRGS internal and local and LD calls,,EWRGS_Internal_par:NA-Local_par:NA-LD_par,f,2,99
210729b1-d12b-d050-9a82-2af9084b0b58,XFORM-JEMA-MGCP-DNIS_css,JEMA Applied to site gateway configuration in CUCM,,XFORM-JEMA-MGCP-DNIS_par,f,2,99
544a69e0-305f-bae6-458f-44f7a109116f,XFORM-SOWA-MGCP-ANI_css,Applied to SOWA site gateway configuration in CUCM,,XFORM-SOWA-MGCP-ANI_par,f,2,99
d77045d3-bd82-055e-2e54-860c2dc39a20,XFORM-AOHA-MGCP-DNIS_css,Applied to site gateway configuration in CUCM,,XFORM-AOHA-MGCP-DNIS_par,f,2,99
2824d7bd-e006-4ad6-ba65-01c79540c8de,FXE-FIELD-A-MGWA-APP_css,MGWA CSS Applied to the phone lines and Gateway,,BLOCKED-GENERAL_par:FXE-FIELD-A-MGWA-APP_par:FXE-FIELD-A-INTERNAL_par,f,2,99
1fdb34a5-cd90-c7a9-d326-28949ab3b0b3,FXE-FIELD-A-TXKA-APP_css,TXKA CSS to be Placed on the Lines at the Site,,BLOCKED-GENERAL_par:FXE-FIELD-A-TXKA-APP_par:FXE-FIELD-A-INTERNAL_par,f,2,99
11158605-4ef3-02ca-7851-ac18dcb9226e,FXE-FIELD-A-FCAA-APP_css,FCAA CSS Applied to the phone lines and Gateway,,BLOCKED-GENERAL_par:FXE-FIELD-A-FCAA-APP_par:FXE-FIELD-A-INTERNAL_par,f,2,99
876c00d1-6465-4d93-0520-dfd824dc7b86,FXE-FIELD-A-CLTRT-APP_css,CLTRT CSS to be Placed on the Lines at the Site,,BLOCKED-GENERAL_par:FXE-FIELD-A-CLTRT-APP_par:FXE-FIELD-A-INTERNAL_par,f,2,99
d344875a-d639-400e-0830-e62e8775a691,DTWR_CngPTP-xform-GW-OUT_css,DTWR Transforms numbers as they leave the local GW,,DTWR_CngPTP-xform-GW-OUT_par,f,2,99
532aac00-b931-c20b-e01e-7e9e8118d35c,XFORM-ARXA-MGCP-ANI_css,Applied to site gateway configuration in CUCM,,XFORM-ARXA-MGCP-ANI_par,f,2,99
7de4391e-7af2-035d-2315-13a7d406e51c,FXE-FIELD-A-PDXRT-APP_css,FXE-FIELD-A-PDXRT-APP_css,,BLOCKED-GENERAL_par:FXE-FIELD-A-PDXRT-APP_par:FXE-FIELD-A-INTERNAL_par,f,2,99
cad693ee-8c00-d0b8-18c8-b1ed4a4cba9b,XFORM-MWHA-MGCP-ANI_css,MWHA Applied to site gateway configuration in CUCM,,XFORM-MWHA-MGCP-ANI_par,f,2,99
3d9eec55-f79c-5809-b4c5-7b2432fb9ec0,XFORM-AUNA-MGCP-DNIS_css,AUNA Applied to site gateway configuration in CUCM,,XFORM-AUNA-MGCP-DNIS_par,f,2,99
a950df47-40a4-e8df-45cc-bb3f5afb2080,XFORM-LRDA-MGCP-DNIS_css,Applied to site gateway configuration in CUCM,,XFORM-LRDA-DNIS_par,f,2,99
7ab95ef3-e44b-e984-801a-6afdf2b13484,FXE-FIELD-A-GFKA-APP-css,GFKA CSS to be Placed on the Lines at the Site,,BLOCKED-GENERAL_par:FXE-FIELD-A-GFKA-APP-par:FXE-FIELD-A-INTERNAL_par,f,2,99
fa602f81-93b5-d1d1-5d77-0f866d5f4456,XFORM-BISA-MGCP-DNIS_css,Applied to site gateway configuration in CUCM,,XFORM-BISA-MGCP-DNIS_par,f,2,99
34c4aba0-ef2c-7d7f-1dc3-99fb18851f3c,FXE-FIELD-A-BFIWK-APP_css,BFIWK CSS Applied to the phone lines and Gateway,,BLOCKED-GENERAL_par:FXE-FIELD-A-BFIWK-APP_par:FXE-FIELD-A-INTERNAL_par,f,2,99
79c74efd-9fca-afa1-3cbe-8add64303056,XFORM-JACA-MGCP-DNIS_css,Applied to site gateway configuration in CUCM,,XFORM-JACA-MGCP-DNIS_par,f,2,99
8e926cea-32f1-3ac9-1c8f-dd5e9ac8c223,FXE-MSYWK_CngPTP-xform-IN_css,MSYWK Transform Incoming CLID,,FXE-MSYWK_CngPTP-Xform-IN_par,f,2,99
b15e11a0-d9af-4781-3cf7-6ec594b647a5,FBTA_CngPTP-xform-GW-OUT_css,FBTA Transforms numbers as they leave the local GW,,FBTA_CngPTP-xform-GW-OUT_par,f,2,99
bdceed61-4279-8374-7a2e-a874fd453da6,XFORM-FMNA-MGCP-DNIS_css,Applied to site gateway configuration in CUCM,,XFORM-FMNA-MGCP-DNIS_par,f,2,99
0f799b23-f94d-45b4-97ad-4c673c5adaff,FXE-FIELD-A-AELA-APP_css,AELA CSS Applied to the phone lines and Gateway,,BLOCKED-GENERAL_par:FXE-FIELD-A-AELA-APP_par:FXE-FIELD-A-INTERNAL_par,f,2,99
9f07217a-10ce-8baf-c5ab-ea6c60dac220,XFORM-ABER-MGCP-ANI_css,Applied to site gateway configuration in CUCM,,XFORM-ABER-MGCP-ANI_par,f,2,99
f5f7d57e-f001-d20e-c4d1-07058472209c,FXE-FIELD-A-BNFA-APP_css,BNFA CSS to be Placed on the Lines at the Site,,BLOCKED-GENERAL_par:FXE-FIELD-A-BNFA-APP_par:FXE-FIELD-A-INTERNAL_par,f,2,99
c0b90b87-944e-f375-cc7e-8a90a261f83d,FXE-FIELD-A-RSTR-APP_css,RSTR CSS Applied to the phone lines and Gateway,,FXE-FIELD-A-RSTR-APP_par:BLOCKED-GENERAL_par:FXE-FIELD-A-INTERNAL_par,f,2,99
a83d2bc7-70ac-9181-796a-43eabaacfc48,FXE-FIELD-A-LAXRC-APP_css,LAXRC CSS to be Placed on the Lines at the Site,,BLOCKED-GENERAL_par:FXE-FIELD-A-LAXRC-APP_par:FXE-FIELD-A-INTERNAL_par,f,2,99
d787a5f9-7072-da4e-4f14-59f435754f63,FXE-IAHS_International_css,IAHS International css,,FXE-Field-A-IAHS-APP_par:NA-Local_par:NA-LD_par:NA-International_par,f,2,99
78970d73-63c7-a679-4634-2173c42faa6d,FXE-FIELD-A-LALA-APP_css,LALA CSS Applied to the phone lines and Gateway,,BLOCKED-GENERAL_par:FXE-FIELD-A-LALA-APP_par:FXE-FIELD-A-INTERNAL_par,f,2,99
6daa6a70-9f20-f0d2-b357-545e82480b20,XFORM-BQKA-MGCP-DNIS_css,BQKA Applied to site gateway configuration in CUCM,,XFORM-BQKA-MGCP-DNIS_par,f,2,99
ed94c316-5846-5aed-6fbb-cf9e9704076c,FXE-FIELD-A-SCFA-APP-css,SCFA CSS to be Placed on the Lines at the Site,,BLOCKED-GENERAL_par:FXE-FIELD-A-SCFA-APP-par:FXE-FIELD-A-INTERNAL_par,f,2,99
3e285e97-15be-fe11-a3ca-97b02d95d4cc,FXE-FIELD-A-BJCA-APP_css,BJCA CSS to be Placed on the Lines at the Site,,BLOCKED-GENERAL_par:FXE-FIELD-A-BJCA-APP_par:FXE-FIELD-A-INTERNAL_par,f,2,99
e6e6d0bf-9da4-54d7-c79b-25002de897b0,FXE-FIELD-A-FTYE-APP_css,FTYE CSS Applied to the phone lines and Gateway,,BLOCKED-GENERAL_par:FXE-FIELD-A-FTYE-APP_par:FXE-FIELD-A-INTERNAL_par,f,2,99
26071b0a-d263-c426-0ab4-47fad0077968,XFORM-FPRB-MGCP-DNIS_css,Applied to site gateway configuration in CUCM,,,f,2,99
19aefcf5-1593-f033-2c02-e26e7fff0df4,XFORM-ONPA-MGCP-DNIS_css,Applied to site gateway configuration in CUCM,,XFORM-ONPA-MGCP-DNIS_par,f,2,99
0009a0d5-056d-7ce6-eeff-e2aa61c7af89,FXE-FIELD-A-FFTA-APP_css,FFTA CSS to be Placed on the Lines at the Site,,BLOCKED-GENERAL_par:FXE-FIELD-A-FFTA-APP_par:FXE-FIELD-A-INTERNAL_par,f,2,99
6bfbf452-422f-9829-3a37-943017e5da43,XFORM-ADSA-MGCP-DNIS_css,Applied to site gateway configuration in CUCM,,XFORM-ADSA-MGCP-DNIS_par,f,2,99
754e1509-60e0-f61a-e3c0-87fdcd328fd4,XFORM-COSDC-ANI-OUT-css,,,XFORM-COSDC-ANI-OUT-par,f,2,99
6b8b5e07-c772-d5db-b6d4-36ff1ca252b0,FXE-FIELD-A-ALOA-APP_css,ALOA CSS Applied to the phone lines and Gateway,,BLOCKED-GENERAL_par:FXE-FIELD-A-ALOA-APP_par:FXE-FIELD-A-INTERNAL_par,f,2,99
76ed7476-fad1-02c0-1653-3e6145d8559b,FXE-BMIR_International_css,BMIR International css,,FXE-BMIR_internal_par:NA-Local_par:NA-LD_par:NA-International_par,f,2,99
0add99fa-8cc9-8882-e8c4-300e3b8b61a1,FXE-MSPWK_internal_css,Internal for MSPWK,,FXE-MSPWK_internal_par,f,2,99
a34e5e0a-8514-c750-78ea-0c53c0ceded1,FXE-FIELD-A-LEXA-APP_css,LEXA CSS to be Placed on the Lines at the Site,,BLOCKED-GENERAL_par:FXE-FIELD-A-LEXA-APP_par:FXE-FIELD-A-INTERNAL_par,f,2,99
e46bf9df-d3f4-a2ac-6624-1b1fd33d633b,FXE-FIELD-A-MHRA-APP_css,MHRA CSS Applied to the phone lines and Gateway,,BLOCKED-GENERAL_par:FXE-FIELD-A-MHRA-APP-par:FXE-FIELD-A-INTERNAL_par,f,2,99
6eef70d5-73f0-044e-16a5-cf5c0253fa68,CVGR-911_css,911 for CVGR,,NA-911_par,f,2,99
40719998-ecac-8c8f-f44b-1a54f961e985,XFORM-CXOA-MGCP-DNIS_css,Applied to site gateway configuration in CUCM,,XFORM-CXOA-MGCP-DNIS_par,f,2,99
bb7169ae-e5bc-6480-28ae-382b7ddfedc7,XFORM-JSDA-ANI-OUT-css,Applied to site gateway configuration in CUCM,,XFORM-JSDA-MGCP-ANI_par,f,2,99
61aced85-4f7b-3b42-8410-8764661f85ed,FXE-FIELD-A-LFIA-APP_css,LFIA CSS to be Placed on the Lines at the Site,,BLOCKED-GENERAL_par:FXE-FIELD-A-LFIA-APP_par:FXE-FIELD-A-INTERNAL_par,f,2,99
17f41cc9-89ec-1f55-0acb-d67911c9df6e,FXE-FIELD-A-OKCR-APP_css,OKCR CSS to be Placed on the Lines at the Site,,BLOCKED-GENERAL_par:FXE-FIELD-A-OKCR-APP_par:FXE-FIELD-A-INTERNAL_par,f,2,99
d037761a-5d58-3cc4-4bf9-137e46b55031,FXE-FIELD-A-RIVA-APP_css,RIVA CSS to be Placed on the Lines at the Site,,BLOCKED-GENERAL_par:FXE-FIELD-A-RIVA-APP_par:FXE-FIELD-A-INTERNAL_par,f,2,99
5ff149e2-5a1f-c546-5fbb-e8ee02dee519,GJTA_PSTN_css,"""Internal, External for GJTA""",,GJTA_Internal_par:GJTA_PSTN_par,f,2,99
bcab5977-48fd-62a0-1bf4-9dbd10e6fc6f,FXE-FIELD-A-WYGA-APP_css,WYGA CSS Applied to the phone lines and Gateway,,BLOCKED-GENERAL_par:FXE-FIELD-A-WYGA-APP_par:FXE-FIELD-A-INTERNAL_par,f,2,99
5f20e5c8-a8e1-6898-20be-f8f715155dc4,FXE-FIELD-A-MIEA-APP_css,MIEA CSS to be Placed on the Lines at the Site,,BLOCKED-GENERAL_par:FXE-FIELD-A-MIEA-APP_par:FXE-FIELD-A-INTERNAL_par,f,2,99
b506d20a-1b7f-08e9-7604-9eb31cbbd187,FXE-FIELD-A-NQAA-APP_css,NQAA CSS to be Placed on the Lines at the Site,,BLOCKED-GENERAL_par:FXE-FIELD-A-NQAA-APP_par:FXE-FIELD-A-INTERNAL_par,f,2,99
bbf73159-d211-34de-9e4e-0970de8b1396,XFORM-CLEA-MGCP-DNIS_css,Applied to site gateway configuration in CUCM,,XFORM-CLEA-MGCP-DNIS_par,f,2,99
e7f5fcf1-70ad-dc3a-a2d8-dee16dba91f2,FXE-FIDA_LD_css,FIDA LD css,,FXE-FIELD-A-FIDA-APP_par:NA-Local_par:NA-LD_par,f,2,99
f116221e-630c-baed-8476-c53da24dd62b,FXE-FIELD-A-PHFA-APP_css,PHFA CSS Applied to the phone lines and Gateway,,BLOCKED-GENERAL_par:FXE-FIELD-A-PHFA-APP_par:FXE-FIELD-A-INTERNAL_par,f,2,99
5f7753ab-02f4-141b-7176-b2c539789ddf,FXE-FIELD-A-PWKA-APP_css,PWKA CSS to be Placed on the Lines at the Site,,BLOCKED-GENERAL_par:FXE-FIELD-A-PWKA-APP_par:FXE-FIELD-A-INTERNAL_par,f,2,99
58b42aac-7fa8-b2b7-7183-62eb28a76a18,FXE-FIELD-A-ILMA-APP_css,ILMA CSS to be Placed on the Lines at the Site,,BLOCKED-GENERAL_par:FXE-FIELD-A-ILMA-APP_par:FXE-FIELD-A-INTERNAL_par,f,2,99
80e74421-7190-f7d4-8f48-a1fed5ba8ee1,XFORM-BOIA1-MGCP-DNIS_css,Applied to site gateway configuration in CUCM,,XFORM-BOIA1-MGCP-DNIS_par,f,2,99
022bb4e2-9093-5d1d-cc01-fb6fb510f23e,FXE-FIELD-A-BQKA-APP_css,BQKA CSS Applied to the phone lines and Gateway,,BLOCKED-GENERAL_par:FXE-FIELD-A-BQKA-APP_par:FXE-FIELD-A-INTERNAL_par,f,2,99
208782ab-ed8d-e488-d54c-97271b27eaee,FXE-FIELD-A-GTVA-APP_css,GTVA CSS to be Placed on the Lines at the Site,,BLOCKED-GENERAL_par:FXE-FIELD-A-GTVA-APP_par:FXE-FIELD-A-INTERNAL_par,f,2,99
63c1161d-6d7f-0ca0-0b64-ea6479c99ca7,XFORM-EGEA-MGCP-DNIS_css,Applied to site gateway configuration in CUCM,,XFORM-EGEA-MGCP-DNIS_par,f,2,99
e1d052c9-4aaf-d3c9-8528-4327ebf060e5,FXG-FIELD-1756-APP_css,FXG-1756 CSS to be Placed on the Lines at the Site,,BLOCKED-GENERAL_par:FXG-FIELD-1756-APP_par:FXE-FIELD-A-INTERNAL_par,f,2,99
929f67ef-4361-a481-f5de-e33a48c96065,FXE-FIELD-A-ATUA-APP_css,ATUA CSS to be Placed on the Lines at the Site,,BLOCKED-GENERAL_par:FXE-FIELD-A-ATUA-APP_par:FXE-FIELD-A-INTERNAL_par,f,2,99
663d9251-3e72-4443-c2ed-8ee11863abe8,FXE-FIELD-A-DTKRT-APP_css,DTKRT CSS to be Placed on the Lines at the Site,,BLOCKED-GENERAL_par:FXE-FIELD-A-DTKRT-APP_par:FXE-FIELD-A-INTERNAL_par,f,2,99
5e43a6e4-a278-ad35-e706-93143c1e0cc6,XFORM-BISA-MGCP-ANI_css,Applied to site gateway configuration in CUCM,,XFORM-BISA-MGCP-ANI_par,f,2,99
fed5697a-9fe9-5215-1788-25582722eb44,XFORM-DAYA-MGCP-DNIS_css,Applied to site gateway configuration in CUCM,,XFORM-DAYA-MGCP-DNIS_par,f,2,99
5c675dbe-8577-1b27-c8c8-a9396a3f3d99,FXE-FIELD-A-ALBR-APP_css,ALBR CSS to be Placed on the Lines at the Site,,BLOCKED-GENERAL_par:FXE-FIELD-A-ALBR-APP_par:FXE-FIELD-A-INTERNAL_par,f,2,99
49116a97-4507-8a00-d1ce-857a0cf4e249,FXE-FIELD-A-BVUA-APP_css,BVUA CSS Applied to the phone lines and Gateway,,BLOCKED-GENERAL_par:FXE-FIELD-A-BVUA-APP_par:FXE-FIELD-A-INTERNAL_par,f,2,99
96151b0c-d8d1-1a0c-4932-26e780243a58,MKEWK_CngPTP-xform-GW-OUT_css,MKEW Transforms numbers as they leave the local GW,,MKEWK_CngPTP-xform-GW-OUT_pa,f,2,99
fe61182f-b6a7-1512-696d-49fe21af5e0e,XFORM-FSDR-MGCP-DNIS_css,Applied to site gateway configuration in CUCM,,XFORM-FSDR-MGCP-DNIS_par,f,2,99
4a4f331c-d6c7-b2a2-98eb-b3d59603d4fd,OMAR_internal_css,Internal for OMAR,,OMAR_Internal_par,f,2,99
fcd0ba90-a4e6-d6a1-dc69-907f0527da0c,FXE-FIELD-A-MLIA-APP_css,MLIA CSS to be Placed on the Lines at the Site,,BLOCKED-GENERAL_par:FXE-FIELD-A-MLIA-APP_par:FXE-FIELD-A-INTERNAL_par,f,2,99
2f724a48-e14a-8561-f68c-7c4c0e9f721b,EWRGS_CngPTP-xform-GW-OUT_css,EWRG Transforms numbers as they leave the local GW,,EWRGS_CngPTP-xform-GW-OUT_par,f,2,99
67dddfdd-ca84-d8ee-b39b-595bd511df32,FXE-FIELD-A-CHAA-APP-css,CHAA CSS to be Placed on the Lines at the Site,,BLOCKED-GENERAL_par:FXE-FIELD-A-CHAA-APP-par:FXE-FIELD-A-INTERNAL_par:FXE-FIELD-A-CHAA-INTERNATIONAL-par,f,2,99
05a4be6e-8b1d-b4ed-d217-afe0849c5807,FXE-FIELD-A-CMIA-APP_css,CMIA CSS to be Placed on the Lines at the Site,,BLOCKED-GENERAL_par:FXE-FIELD-A-CMIA-APP_par:FXE-FIELD-A-INTERNAL_par,f,2,99
f8a91ac3-8a95-40c0-c6eb-3867caee4538,FXE-FIELD-A-GONA-APP_css,GONA CSS to be Placed on the Lines at the Site,,BLOCKED-GENERAL_par:FXE-FIELD-A-GONA-APP_par:FXE-FIELD-A-INTERNAL_par,f,2,99
904aeb03-b374-60f1-08d1-9d072548e425,FXE-FIELD-A-KOAA-APP_css,KOAA CSS to be Placed on the Lines at the Site,,BLOCKED-GENERAL_par:FXE-FIELD-A-KOAA-APP_par:FXE-FIELD-A-INTERNAL_par,f,2,99
89e226f9-faea-0f85-cc48-765590f3ba34,XFORM-MFEA-MGCP-DNIS_css,Applied to site gateway configuration in CUCM,,XFORM-MFEA-MGCP-DNIS_par,f,2,99
e4e1ece0-fd46-36c4-b277-f4e0c9013097,FXE-FIELD-A-JGXA-APP_css,JGXA CSS Applied to the phone lines and Gateway,,BLOCKED-GENERAL_par:FXE-FIELD-A-JGXA-APP_par:FXE-FIELD-A-INTERNAL_par,f,2,99
dd7d6bdc-f40f-2223-1bad-9f4070104ab8,XFORM-ESFA-MGCP-DNIS_css,Applied to site gateway configuration in CUCM,,,f,2,99
30513537-57b0-e6a9-cbaa-5efaa95e0e29,XFORM-DUJA-MGCP-DNIS_css,Applied to site gateway configuration in CUCM,,XFORM-DUJA-MGCP-DNIS_par,f,2,99
93fad53a-86ef-da94-4f0a-5daa0545e89b,XFORM-LWSSC-MGCP-DNIS_css,LWSCDApplied to site gateway configuration in CUCM,,XFORM-LWSSC-MGCP-DNIS_par,f,2,99
08fdac1e-84b3-8b21-62b0-b66485014034,FXE-FIELD-A-RZZA-APP_css,RZZA CSS Applied to the phone lines and Gateway,,BLOCKED-GENERAL_par:FXE-FIELD-A-RZZA-APP_par:FXE-FIELD-A-INTERNAL_par,f,2,99
a7ecbf5c-6e36-e4b8-7f51-ee079c57e5aa,MQYA_CngPTP-xform-GW-IN_css,MQYA Transform Incoming GW CLID,,MQYA_CngPTP-Xform-GW-IN_par,f,2,99
28c530f0-ef11-65cf-ee84-99436f260678,FXE-FIELD-A-ABIA-APP_css,ABIA CSS Applied to the phone lines and Gateway,,BLOCKED-GENERAL_par:FXE-FIELD-A-ABIA-APP_par:FXE-FIELD-A-INTERNAL_par,f,2,99
31b609f7-1bd7-03d9-7242-5ae75be7036b,FXE-FIELD-A-UOXA-APP_css,UOXA CSS to be Placed on the Lines at the Site,,BLOCKED-GENERAL_par:FXE-FIELD-A-UOXA-APP_par:FXE-FIELD-A-INTERNAL_par,f,2,99
77a0d9fe-948a-56a6-3385-d788ebb3e61e,FXE-MSYWK_LD_css,MSYWK LD css,,FXE-FIELD-A-MSYWK-APP_par:NA-Local_par:NA-LD_par,f,2,99
a7369716-42e3-1312-0ad2-afc6b56561d4,FXE-FIELD-A-TYSRT-APP_css,TYSRT CSS to be Placed on the Lines at the Site,,BLOCKED-GENERAL_par:FXE-FIELD-A-TYSRT-APP_par:FXE-FIELD-A-INTERNAL_par,f,2,99
035c8dcd-9fd0-3b8a-146e-78b07488850e,XFORM-CVNA-MGCP-DNIS_css,Applied to site gateway configuration in CUCM,,XFORM-CVNA-MGCP-DNIS_par,f,2,99
ec75f12e-35d5-3811-2706-88b99462cc98,FXE-FIELD-A-SATR-APP_css,SATR CSS Applied to the phone lines and Gateway,,BLOCKED-GENERAL_par:FXE-FIELD-A-SATR-APP_par:FXE-FIELD-A-INTERNAL_par,f,2,99
7b1a82cd-e151-b0c1-5aa3-9105db2917a7,ODWA2_911_css,911 for ODWA2,,ODWA2_911_par,f,2,99
b83d05df-d16b-61b2-03d5-772c86d139f2,FXE-DENA_International_css,DENA International css,,FXE-DENA_internal_par:NA-Local_par:NA-LD_par:NA-International_par,f,2,99
b7e1b772-a429-3174-4477-a3d494dcf0b5,XFORM-EATA-MGCP-ANI_css,EATA Applied to site gateway configuration in CUCM,,XFORM-EATA-MGCP-ANI_par,f,2,99
c6fc400c-f6b2-ec6d-0fc3-3ecbe07b5499,FXE-FIELD-A-MWHA-APP_css,MWHA CSS Applied to the phone lines and Gateway,,BLOCKED-GENERAL_par:FXE-FIELD-A-MWHA-APP_par:FXE-FIELD-A-INTERNAL_par,f,2,99
56fe4676-23c8-18d3-9ad2-df9191d7fe7c,XFORM-NZJA-MGCP-DNIS_css,Applied to site gateway configuration in CUCM,,XFORM-NZJA-MGCP-DNIS_par,f,2,99
eb5533b9-f747-943b-b135-4d6b9a6413f3,XFORM-FSDA-MGCP-DNIS_css,Applied to site gateway configuration in CUCM,,XFORM-FSDA-MGCP-DNIS_par,f,2,99
1c3bef99-a89a-5c33-d152-127bf76705e8,FXE-FIELD-A-DCASL-APP_css,DCASL CSS to be Placed on the Lines at the Site,,BLOCKED-GENERAL_par:FXE-FIELD-A-DCASL-APP_par:FXE-FIELD-A-INTERNAL_par,f,2,99
b444d853-c5ee-3e94-e040-0978ba28e8ed,XFORM-DABA-MGCP-DNIS_css,DABA Applied to site gateway configuration in CUCM,,XFORM-DABA-MGCP-DNIS_par,f,2,99
4f9bbae3-bdcc-bdcd-dc43-1a5858003315,XFORM-LOGA-MGCP-ANI_css,LOGA Applied to site gateway configuration in CUCM,,XFORM-LOGA-MGCP-ANI_par,f,2,99
5162d3d7-03d0-150e-8383-afc723f60852,FXE-FIELD-A-ABRA-APP_css,ABRA CSS Applied to the phone lines and Gateway,,BLOCKED-GENERAL_par:FXE-FIELD-A-ABRA-APP_par:FXE-FIELD-A-INTERNAL_par,f,2,99
72b426dc-4e3c-fb6a-8f40-e8a1fabb45b3,XFORM-FBLA-MGCP-ANI_css,Applied to site gateway configuration in CUCM,,XFORM-FBLA-MGCP-ANI_par,f,2,99
b8522a4f-9c72-1d76-1078-66c00fa557cd,XFORM-FYMA-MGCP-DNIS_css,Applied to site gateway configuration in CUCM,,XFORM-FYMA-MGCP-DNIS_par,f,2,99
dc365aa7-594f-3eb5-9f6e-02727ff8dffe,FXE-FIELD-A-NYCSL-APP_css,NYCSL CSS Applied to the phone lines and Gateway,,BLOCKED-GENERAL_par:FXE-FIELD-A-NYCSL-APP_par:FXE-FIELD-A-INTERNAL_par,f,2,99
edc29708-fd05-7f65-38a6-4745409981b0,FXE-LAX200S_CngPTP-xform-GW-IN_css,FXE-LAX200S Transform Incoming GW CLID,,FXE-LAX200S_CngPTP-Xform-GW-IN_par,f,2,99
44961e5b-0aa3-7f0d-218e-f41e9d7abd58,FXE-FIELD-A-IYKA-APP_css,IYKA CSS Applied to the phone lines and Gateway,,FXE-FIELD-A-IYKA-APP_par:FXE-FIELD-A-INTERNAL_par:BLOCKED-GENERAL_par,f,2,99
81d2968e-5446-20a5-3240-0b484ecffec8,XFORM-BRYA-MGCP-DNIS_css,Applied to site gateway configuration in CUCM,,XFORM-BRYA-MGCP-DNIS_par,f,2,99
93f62694-75fa-24e6-19b6-f91d3edf4fe7,XFORM-ICTA-MGCP-ANI_css,Applied to site gateway configuration in CUCM,,XFORM-ICTA-MGCP-ANI_par,f,2,99
4925d7a2-296a-7027-dfd3-560557306cc6,FXE-FIELD-A-FNTA-APP_css,FNTA CSS to be Placed on the Lines at the Site,,BLOCKED-GENERAL_par:FXE-FIELD-A-FNTA-APP_par:FXE-FIELD-A-INTERNAL_par,f,2,99
2794c482-41e6-1ff7-e931-fce039212791,JREA_911_css,911 for JREA,,JREA_911_par,f,2,99
be5fad42-77db-35d7-063c-e102d39f335b,XFORM-IFPA-MGCP-DNIS-OUT__css,,,XFORM-IFPA-MGCP-DNIS_par,f,2,99
143637da-4384-9a5c-a82b-4e687c10bbf5,FXE-FIELD-A-VCTA-APP_css,VCTA CSS to be Placed on the Lines at the Site,,BLOCKED-GENERAL_par:FXE-FIELD-A-VCTA-APP_par:FXE-FIELD-A-INTERNAL_par,f,2,99
fd950f91-7177-f6b8-6f72-799fb3fd73cb,GEGR_911_css,911 for GEGR,,GEGR_911_par,f,2,99
b3ed8116-a13b-f40b-eff6-cfb48e0033cb,FOKA_internal_css,Internal for FOKA,,FXE-FIELD-A-FOKA-APP_par,f,2,99
b88b6d4c-ddcb-2826-0370-4dfc8281a1dc,XFORM-PNVA-MGCP-DNIS_css,Applied to site gateway configuration in CUCM,,XFORM-PNVA-MGCP-DNIS_par,f,2,99
35b2c8e3-68b9-0f15-1e7d-0b2b0ac3e32b,FXE-FIELD-A-MKER-APP_css,MKER CSS to be Placed on the Lines at the Site,,BLOCKED-GENERAL_par:FXE-FIELD-A-MKER-APP_par:FXE-FIELD-A-INTERNAL_par,f,2,99
f214c535-c2a2-7ea7-d1d1-ace911cd5d6b,FXE-FIELD-A-TWFA-APP_css,TWFA CSS Applied to the phone lines and Gateway,,FXE-FIELD-A-INTERNAL_par:BLOCKED-GENERAL_par:FXE-FIELD-A-TWFA-APP_par,f,2,99
6eabc3ab-e054-68d3-d7a2-277ad621200b,XFORM-LGAA-MGCP-DNIS_css,Applied to site gateway configuration in CUCM,,XFORM-LGAA-MGCP-DNIS_par,f,2,99
3ff77a91-f6d2-72a0-2ed0-c6cee86bf4b9,HLNA_CngPTP-xform-IN_css,HLNA Transform Incoming CLID,,HLNA_CngPTP-Xform-IN_par,f,2,99
91283d6a-a368-85df-5207-7f477b88bc75,FXE-MSYWK_International_css,MSYWK International css,,FXE-FIELD-A-MSYWK-APP_par:NA-Local_par:NA-LD_par:NA-International_par,f,2,99
5acab156-b39c-f499-5e24-5e11498573fb,XFORM-MMRA-MGCP-DNIS_css,Applied to site gateway configuration in CUCM,,XFORM-MMRA-MGCP-DNIS_par,f,2,99
d35480c7-8a98-3c01-244f-694000a669a8,XFORM-GNVA-MGCP-DNIS_css,Applied to site gateway configuration in CUCM,,XFORM-GNVA-MGCP-DNIS_par,f,2,99
339249aa-085a-a8be-8bc3-ace57fa9f890,FXE-FIELD-A-MOTA-APP_css,MOTA CSS to be Placed on the Lines at the Site,,BLOCKED-GENERAL_par:FXE-MOTA_internal_par:FXE-FIELD-A-INTERNAL_par,f,2,99
5c010afc-abc0-0cbd-0c8c-3bd8ceba96bb,FXE-MSPWK_CngPTP-xform-OUT_css,MSPWK Transform numbers as they leave the local GW,,FXE-MSPWK_CngPTP-xform-OUT_par,f,2,99
9e1051fa-986b-a435-9a5d-855fee402276,XFORM-MODA-MGCP-DNIS_css,MODA Applied to site gateway configuration in CUCM,,XFORM-MODA-MGCP-DNIS_par,f,2,99
9513d7eb-1184-1c5f-157f-350a2a6463ad,RKSA_internal_css,Internal for RKSA,,FXE-FIELD-A-RKSA-APP_par:FXE-FIELD-A-INTERNAL_par,f,2,99
3155b705-ebda-d72d-86db-21e1d31ea696,FXE-FIELD-A-HPNA-APP_css,HPNA CSS to be Placed on the Lines at the Site,,BLOCKED-GENERAL_par:FXE-FIELD-A-HPNA-APP_par:FXE-FIELD-A-INTERNAL_par,f,2,99
d425063e-76c4-c08f-ba73-6af1382c6b3e,XFORM-CLER-MGCP-DNIS_css,Applied to site gateway configuration in CUCM,,XFORM-CLER-MGCP-DNIS_par,f,2,99
c7bc16c0-7ea4-3481-8b6d-51d694beb2aa,FXE-FIELD-A-JDTA-APP_css,JDTA CSS Applied to the phone lines and Gateway,,BLOCKED-GENERAL_par:FXE-FIELD-A-JDTA-APP_par:FXE-FIELD-A-INTERNAL_par,f,2,99
20248da3-2e3a-3de8-5983-7fb526a4c6c6,FXE-MCORT-911_css,911 for FXE-MCORT,,NA-911_par,f,2,99
8c8a33ac-c810-a39a-1bd8-077ae63ef769,FXE-FIELD-A-DECA-APP_css,DECA CSS to be Placed on the Lines at the Site,,BLOCKED-GENERAL_par:FXE-FIELD-A-DECA-APP_par:FXE-FIELD-A-INTERNAL_par,f,2,99
e60a7289-414f-76b6-4de5-2604612cefd5,FXE-FIELD-A-DETK-APP_css,DETK CSS Applied to the phone lines and Gateway,,BLOCKED-GENERAL_par:FXE-FIELD-A-DETK-APP_par:FXE-FIELD-A-INTERNAL_par,f,2,99
a2c09580-cbf9-f153-976c-ac057f70b4ce,FXE-FIELD-A-CLEA-APP_css,CLEA CSS to be Placed on the Lines at the Site,,BLOCKED-GENERAL_par:FXE-FIELD-A-CLEA-APP_par:FXE-FIELD-A-INTERNAL_par,f,2,99
db36f0b0-d864-8343-6db9-30aaea9972e0,XFORM-GDMA-MGCP-DNIS_css,Applied to site gateway configuration in CUCM,,XFORM-GDMA-MGCP-DNIS_par,f,2,99
69c652b4-f348-b3b6-e980-30cf0b2f2da2,BURA-LD_css,BURA internal and local and LD calls,,BURA_Internal_par:NA-Local_par:NA-LD_par,f,2,99
0f991593-fdc8-62f4-1add-fae5807dbb3c,XFORM-OFKA-MGCP-ANI_css,OFKA Applied to site gateway configuration in CUCM,,XFORM-OFKA-MGCP-ANI_par,f,2,99
8a220446-f81c-12f0-5c8e-9118c85c5fcf,FXE-FIELD-A-CLES-APP_css,CLES CSS to be Placed on the Lines at the Site,,BLOCKED-GENERAL_par:FXE-FIELD-A-CLES-APP_par:FXE-FIELD-A-INTERNAL_par,f,2,99
38937b63-80b8-2ee3-4f83-737f27555f7d,XFORM-CVOA-MGCP-DNIS_css,CVOA Applied to site gateway configuration in CUCM,,XFORM-CVOA-MGCP-DNIS_par,f,2,99
3f319bd2-430a-f4b0-ffda-f2d511459a03,FXE-MSPWK_CngPTP-xform-GW-IN_css,FXE-MSPWK Transform Incoming GW CLID,,FXE-MSPWK_CngPTP-Xform-GW-IN_par,f,2,99
9bc4cb55-efe8-23e7-f711-2f82fef278b1,JDTA-911_css,911 for JDTA,,NA-911_par,f,2,99
79616064-6f90-b825-d5e6-43bc4fceff85,FXE-FIELD-A-UGNA-APP_css,UGNA CSS Applied to the phone lines and Gateway,,BLOCKED-GENERAL_par:FXE-FIELD-A-UGNA-APP_par:FXE-FIELD-A-INTERNAL_par,f,2,99
502a10c3-c9e3-8283-2f7b-42e2ceb28da5,FXE-FIELD-A-NZWA-APP-css,NZWA CSS to be Placed on the Lines at the Site,,BLOCKED-GENERAL_par:FXE-FIELD-A-NZWA-APP-par:FXE-FIELD-A-INTERNAL_par,f,2,99
26d15cc0-04fd-600b-7972-ffc7c1b2c665,XFORM-DLHA-MGCP-DNIS_css,Applied to site gateway configuration in CUCM,,XFORM-DLHA-MGCP-DNIS_par,f,2,99
c1dae013-0848-fff9-c7f9-e124253d4dee,FXE-SJCRT_CngPTP-xform-GW-IN_css,FXE-SJCRT Transform Incoming GW CLID,,FXE-SJCRT_CngPTP-Xform-GW-IN_par,f,2,99
4add3a77-108a-6609-fda1-007f6e88b62d,MKEWK-911_css,911 for MKEWK,,NA-911_par,f,2,99
d98b5873-2de2-a897-10e8-0c1222deabcc,JDTA_CngPTP-xform-GW-OUT_css,JDTA Transforms numbers as they leave the local GW,,JDTA_CngPTP-xform-GW-OUT_par,f,2,99
df086aba-d3ba-0ec0-e926-38762ba97253,HSVRT_PSTN_css,"""Internal, External for HSVRT""",,FXE-FIELD-A-HSVRT-APP_par:HSVRT_PSTN_par,f,2,99
0b2eba4d-eb24-dec3-9eb4-a9dd44ff6b7d,FXE-FIELD-A-GVTA-APP_css,GVTA CSS to be Placed on the Lines at the Site,,BLOCKED-GENERAL_par:FXE-FIELD-A-GVTA-APP_par:FXE-FIELD-A-INTERNAL_par,f,2,99
71a90d8a-cd09-00cd-0176-7bff178dca30,FXE-FIELD-A-GAO-APP_css,GOA CSS to be Placed on the Lines at the Site,,BLOCKED-GENERAL_par:FXE-Field-A-GAO-APP_par:FXE-FIELD-A-INTERNAL_par,f,2,99
c2a55d96-0e57-14cb-6f02-ee1c99038a4a,XFORM-LHUA-MGCP-DNIS-OUT_css,,,XFORM-LHUA-MGCP-DNIS_par,f,2,99
99483b3e-ae19-6cb7-af82-586c856ddfd3,FXE-FIELD-A-LKSA2-APP_css,LKSA2 CSS Applied to the phone lines and Gateway,,BLOCKED-GENERAL_par:FXE-FIELD-A-LKSA2-APP_par:FXE-FIELD-A-INTERNAL_par,f,2,99
231915da-3241-556f-1b39-9b83f5ef6a91,FXE-FIELD-A-SMFGAO-APP_css,SMFGAO CSS Applied to the phone lines and Gateway,,BLOCKED-GENERAL_par:FXE-Field-A-SMFGAO-Internal_par:FXE-Field-A-SMFGAO_App_par:FXE-FIELD-A-INTERNAL_par,f,2,99
c3b4ce3f-a9f2-59f0-4d33-cc1f6c1d3c29,XFORM-FEPA-MGCP-DNIS_css,Applied to site gateway configuration in CUCM,,XFORM-FEPA-MGCP-DNIS_par,f,2,99
91f58132-b11e-206e-6c5a-22a1f63436a3,FXE-FIELD-A-CBEA-APP_css,CBEA CSS Applied to the phone lines and Gateway,,BLOCKED-GENERAL_par:FXE-FIELD-A-CBEA-APP_par:FXE-FIELD-A-INTERNAL_par,f,2,99
e4e3c12d-d46d-8f1e-0943-59d498fb5932,XFORM-MQTA-MGCP-DNIS_css,Applied to site gateway configuration in CUCM,,XFORM-MQTA-MGCP-DNIS_par,f,2,99
a6bf07cf-b608-5369-33c1-71bc5524201f,FXE-HTSR_CngPTP-xform-IN_css,FXE-HTSR Transform Incoming CLID,,FXE-HTSR_CngPTP-Xform-IN_par,f,2,99
291fdf72-cee1-5059-1931-88453e143bd9,FXE-FIELD-A-CRSA-APP_css,CRSA CSS to be Placed on the Lines at the Site,,BLOCKED-GENERAL_par:FXE-FIELD-A-CRSA-APP_par:FXE-FIELD-A-INTERNAL_par,f,2,99
2982d23f-5d56-ce7f-6251-2121d7764ff3,FXE-FIELD-A-FARR-APP_css,FARR CSS to be Placed on the Lines at the Site,,BLOCKED-GENERAL_par:FXE-FIELD-A-FARR-APP_par:FXE-FIELD-A-INTERNAL_par,f,2,99
ff28e569-4fdb-32eb-b768-86837a93f438,XFORM-LNKA-MGCP-ANI_css,Applied to site gateway configuration in CUCM,,XFORM-LNKA-MGCP-ANI_par,f,2,99
1836844c-d8fc-e0f1-b742-723692489804,XFORM-LIHA-MGCP-DNIS_css,Applied to site gateway configuration in CUCM,,XFORM-LIHA-MGCP-DNIS_par,f,2,99
97e5759e-b0a1-a867-455d-66741a82b766,FXE-FIELD-A-RBGA-APP_css,RBGA CSS Applied to the phone lines and Gateway,,BLOCKED-GENERAL_par:FXE-FIELD-A-RBGA-APP_par:FXE-FIELD-A-INTERNAL_par,f,2,99
bedbd2fe-f255-7b36-8c4f-e5c07d2b332b,FXE-FIELD-A-TOCA-APP_css,TOCA CSS to be Placed on the Lines at the Site,,911-SIP-SPECIAL_par:BLOCKED-GENERAL_par:FXE-FIELD-A-TOCA-APP_par:FXE-FIELD-A-INTERNAL_par,f,2,99
07e897e1-ff72-04b7-706b-b8bd48a04c28,NXXA_CngPTP-xform-GW-IN_css,NXXA Transform Incoming GW CLID,,NXXA_CngPTP-Xform-GW-IN_par,f,2,99
49bffcc8-2e6b-bda7-4658-2de3c04b2a59,FXE-FIELD-A-MRNA-APP_css,MRNA CSS Applied to the phone lines and Gateway,,BLOCKED-GENERAL_par:FXE-FIELD-A-MRNA-APP_par:FXE-FIELD-A-INTERNAL_par,f,2,99
a1237786-b9c1-814a-f179-29a2bc1bedf1,FXE-FIELD-A-JANRT-APP_css,JANRT CSS to be Placed on the Lines at the Site,,BLOCKED-GENERAL_par:FXE-FIELD-A-JANRT-APP_par:FXE-FIELD-A-INTERNAL_par,f,2,99
abcb172a-73c9-14d4-b449-edc4ba056828,FXE-FIELD-A-COIA-APP_css,COIA CSS to be Placed on the Lines at the Site,,BLOCKED-GENERAL_par:FXE-FIELD-A-COIA-APP_par:FXE-FIELD-A-INTERNAL_par,f,2,99
51599e70-7fec-4057-5e15-1def1c9f120f,FXE-FIELD-A-CLLA-APP_css,CLLA CSS Applied to the phone lines and Gateway,,BLOCKED-GENERAL_par:FXE-FIELD-A-CLLA-APP_par:FXE-FIELD-A-INTERNAL_par,f,2,99
5f76fe03-96ed-1989-7b99-070e3103975b,XFORM-ISNA2-MGCP-DNIS_css,Applied to site gateway configuration in CUCM,,XFORM-ISNA2-MGCP-DNIS_par,f,2,99
7d29e76b-78b9-2782-334e-3b02aa6bda1e,XFORM-GTRA-MGCP-DNIS_css,Applied to site gateway configuration in CUCM,,XFORM-GTRA-MGCP-DNIS-par,f,2,99
5be6032d-b6f8-3426-9feb-2b770f360e10,FXE-PDXRT-Internal_css,FXE-PDXRT Internal Calls,,FXE-PDXRT_internal_par,f,2,99
825f3454-5311-de23-3f03-b90441dbe67d,BURA-Local_css,BURA internal and local calls,,BURA_Internal_par:NA-Local_par,f,2,99
61ba4b36-ef23-1195-cf59-8364cfef849f,FXE-FIELD-A-FNLA2-APP_css,FNLA2 CSS to be Placed on the Lines at the Site,,BLOCKED-GENERAL_par:FXE-FIELD-A-FNLA2-APP_par:FXE-FIELD-A-INTERNAL_par,f,2,99
4e349447-c215-2fd9-03e3-626ffd1b3f5b,XFORM-BLVA-MGCP-ANI_css,BLVA Applied to site gateway configuration in CUCM,,XFORM-BLVA-MGCP-ANI_par,f,2,99
13f5f675-1d5c-e87e-6ebb-afcd8c9e883e,FXE-FIELD-A-CLMA-APP_css,CLMA CSS Applied to the phone lines and Gateway,,BLOCKED-GENERAL_par:FXE-FIELD-A-CLMA-APP_par:FXE-FIELD-A-INTERNAL_par,f,2,99
8fc3ee2b-c17c-e375-ad49-c667f252ddd7,FXE-FIELD-A-PVDR-APP-css,PVDR CSS to be Placed on the Lines at the Site,,BLOCKED-GENERAL_par:FXE-FIELD-A-PVDR-APP-par:FXE-FIELD-A-INTERNAL_par:FXE-FIELD-A-PVDRHOT-APP-par,f,2,99
9e026f98-e081-836e-05d6-9520518cb746,FXE-FIELD-A-ROAR-APP_css,ROAR CSS Applied to the phone lines and Gateway,,BLOCKED-GENERAL_par:FXE-FIELD-A-ROAR-APP_par:FXE-FIELD-A-INTERNAL_par,f,2,99
b621dc91-9322-b006-60d1-028c0192eb5a,FXE-FIELD-TWFA_International_css,TWFA International css,,FXE-FIELD-A-TWFA-APP_par:NA-Local_par:NA-LD_par:NA-International_par,f,2,99
74aba192-b1a8-566f-389b-37e61df70e37,FXE-SLCR_International_css,SLCR International css,,FXE-SLCR_internal_par:NA-Local_par:NA-LD_par:NA-International_par,f,2,99
4d95afdc-cfd1-b3e1-0954-fb3062d24c66,FXE-FIELD-A-CECA-APP_css,CECA CSS Applied to the phone lines and Gateway,,BLOCKED-GENERAL_par:FXE-FIELD-A-CECA-APP_par:FXE-FIELD-A-INTERNAL_par,f,2,99
a2900fb4-c062-8828-4615-ff88cb711101,FXE-FIELD-A-CHSA-APP_css,CHSA CSS to be Placed on the Lines at the Site,,BLOCKED-GENERAL_par:FXE-FIELD-A-CHSA-APP_par:FXE-FIELD-A-INTERNAL_par,f,2,99
623adf3f-56ec-2c4d-0e80-f8e199c314b0,FXE-FIELD-A-DABA-APP_css,DABA CSS Applied to the phone lines and Gateway,,BLOCKED-GENERAL_par:FXE-FIELD-A-DABA-APP_par:FXE-FIELD-A-INTERNAL_par,f,2,99
4d6898a5-2dcc-6bbf-303c-7edeb9336ff5,XFORM-GWSA-MGCP-DNIS_css,Applied to site gateway configuration in CUCM,,XFORM-GWSA-MGCP-DNIS_par,f,2,99
1efb5c18-2369-881d-b4ac-392032417704,FXE-FIELD-A-CVGA-APP_css,CVGA CSS to be Placed on the Lines at the Site,,BLOCKED-GENERAL_par:FXE-FIELD-A-CVGA-APP_par:FXE-FIELD-A-INTERNAL_par,f,2,99
0454fdbd-7972-96d6-dffd-6372b9114cb6,FXE-BMIR_CngPTP-xform-GW-IN_css,FXE-BMIR Transform Incoming GW CLID,,FXE-BMIR_CngPTP-Xform-GW-IN_par,f,2,99
7af2d139-7581-42e2-6005-1d24c735e248,XFORM-AGSA-MGCP-DNIS_css,Applied to site gateway configuration in CUCM,,XFORM-AGSA-MGCP-DNIS_par,f,2,99
a0ad63f6-a6d8-923b-7feb-edec871172fb,FXE-FIELD-A-RDGA-APP_css,RDGA CSS Applied to the phone lines and Gateway,,BLOCKED-GENERAL_par:FXE-FIELD-A-RDGA-APP_par:FXE-FIELD-A-INTERNAL_par,f,2,99
f4a12cde-ec2f-3ad5-326e-8c407298dbbb,FXE-BMIR_CngPTP-xform-GW-OUT_css,FXE-BMIR Trans numbers as they leave the local GW,,FXE-BMIR_CngPTP-xform-GW-OUT_par,f,2,99
1ed3823c-4b5f-ad4d-e09d-4bfa049c92d2,FXE-FIELD-A-EYWA-APP_css,EYWA CSS Applied to the phone lines and Gateway,,BLOCKED-GENERAL_par:FXE-FIELD-A-EYWA-APP_par:FXE-FIELD-A-INTERNAL_par,f,2,99
91d00467-82b6-638c-d8c9-2eb2806ad39c,FXE-MSPWK_International_css,MSPWK International css,,FXE-MSPWK_internal_par:NA-Local_par:NA-LD_par:NA-International_par,f,2,99
d615aacf-3652-1a04-3076-7f34efc8e386,XFORM-HBGA-MGCP-DNIS_css,Applied to site gateway configuration in CUCM,,XFORM-HBGA-MGCP-DNIS_par,f,2,99
a765aa7e-06eb-7cba-4716-eef46a612b20,FXS-SME-Global_css,FXS SME In and Out dialing,,FXS-SME-Global_par:DFWVK_internal_par,f,2,99
92327d44-aab0-0a34-5506-927951df82eb,FXE-HTSR-Internal_css,FXE-HTSR Internal Calls,,FXE-HTSR_internal_par,f,2,99
af82307d-d837-b50c-72a2-c948cb98b0d3,FXG-FIELD-1627-APP_css,FXG-1627 CSS to be Placed on the Lines at the Site,,CO-LO-E911-EGW_par:BLOCKED-GENERAL_par:FXG-FIELD-1627-APP_par:FXE-FIELD-A-INTERNAL_par,f,2,99
d3ecf63f-df6e-ed37-668e-eb9e018f8f6b,FXE-FIELD-A-ACKA-APP_css,ACKA CSS Applied to the phone lines and Gateway,,BLOCKED-GENERAL_par:FXE-FIELD-A-ACKA-APP_par:FXE-FIELD-A-INTERNAL_par,f,2,99
a8f58484-783b-4141-12da-edb834e5fe2b,FXE-FIELD-A-SYIA-APP_css,SYIA CSS to be Placed on the Lines at the Site,,BLOCKED-GENERAL_par:FXE-FIELD-A-SYIA-APP_par:FXE-FIELD-A-INTERNAL_par,f,2,99
8a528ee5-0fd5-7105-78af-831fb04acd34,XFORM-MEJA-MGCP-ANI_css,Applied to site gateway configuration in CUCM,,XFORM-MEJA-MGCP-ANI_par,f,2,99
c821f7db-ccb9-578d-8391-72d3b1086b00,FXE-FIELD-A-EATA-APP_css,EATA CSS Applied to the phone lines and Gateway,,BLOCKED-GENERAL_par:FXE-FIELD-A-EATA-APP_par:FXE-FIELD-A-INTERNAL_par,f,2,99
b9310507-9e8f-aaf4-daaf-35afdd81563b,FXE-IAHS _CngPTP-xform-GW-OUT_css,FXE-IAHS Trans numbers leaving the local GW,,FXE-IAHS_CngPTP-xform-GW-OUT_par,f,2,99
f3bfa24c-a8f9-d30e-1966-d56310c01ef6,FXE-FIELD-A-LNAA-APP_css,LNAA CSS to be Placed on the Lines at the Site,,BLOCKED-GENERAL_par:FXE-FIELD-A-LNAA-APP_par:FXE-FIELD-A-INTERNAL_par,f,2,99
4d092647-294b-56c9-a087-47ea22b3bec2,FXE-FIELD-A-PITA-APP_css,PITA CSS Applied to the phone lines and Gateway,,BLOCKED-GENERAL_par:FXE-FIELD-A-PITA-APP_par:FXE-FIELD-A-INTERNAL_par,f,2,99
cbbd495e-ac82-27db-77dd-bf647eddff88,XFORM-LEXA-MGCP-DNIS_css,Applied to site gateway configuration in CUCM,,XFORM-LEXA-MGCP-DNIS_par,f,2,99
5a7da71a-7a94-8188-e391-561ad7e61ec5,FXE-FIELD-A-APAHQ-APP_css,APAHQ CSS to be Placed on the Lines at the Site,,BLOCKED-GENERAL_par:FXE-FIELD-A-APAHQ-APP_par:FXE-FIELD-A-INTERNAL_par,f,2,99
36372082-3012-9ca9-f86c-5835f54453bf,FXE-FIELD-A-FTYC-APP-css,FTYC CSS to be Applied to the Lines,,BLOCKED-GENERAL_par:FXE-FIELD-A-FTYC-APP-par:FXE-FIELD-A-INTERNAL_par,f,2,99
659b632b-5e2f-2edc-2db5-870fc2803100,FXE-FIELD-A-DENR-APP_css,DENR CSS to be Placed on the Lines at the Site,,BLOCKED-GENERAL_par:FXE-FIELD-A-DENR-APP_par:FXE-FIELD-A-INTERNAL_par,f,2,99
1354e8cd-2981-2ef4-3ba4-ede19381e8bf,FXE-FIELD-A-BCBVM-APP_css,BCBVM CSS Applied to the phone lines and Gateway,,BLOCKED-GENERAL_par:FXE-FIELD-A-BCBVM-APP_par:FXE-FIELD-A-INTERNAL_par,f,2,99
74d18537-aac0-fc73-4e30-2c264730041b,FXE-FIELD-A-FLGA-APP_css,FLGA CSS Applied to the phone lines and Gateway,,BLOCKED-GENERAL_par:FXE-FIELD-A-FLGA-APP_par:FXE-FIELD-A-INTERNAL_par,f,2,99
7795a6d1-e2f3-9d79-62a8-7096ece69a4a,FXE-FIELD-A-ONPA-APP_css,ONPA CSS to be Placed on the Lines at the Site,,BLOCKED-GENERAL_par:FXE-FIELD-A-ONPA-APP_par:FXE-FIELD-A-INTERNAL_par,f,2,99
21583bd2-aab2-9278-4576-1cf0f4459df7,XFORM-BLVA-MGCP-DNIS_css,BLVA Applied to site gateway configuration in CUCM,,XFORM-BLVA-MGCP-DNIS-par,f,2,99
3f285f46-0878-2db3-ecc6-c663f3080bb7,XFORM-FTCA-MGCP-ANI_css,Applied to site gateway configuration in CUCM,,XFORM-FTCA-MGCP-ANI_par,f,2,99
e4a43637-6ded-ea5a-4dba-22f6e4329107,CVGR_CngPTP-xform-GW-OUT_css,CVGR Transforms numbers as they leave the local GW,,CVGR_CngPTP-xform-GW-OUT_par,f,2,99
a77624f3-46e6-406c-128d-a6620b256d4a,XFORM-DHNA-MGCP-DNIS_css,Applied to site gateway configuration in CUCM,,XFORM-DHNA-MGCP-DNIS_par,f,2,99
c3eae6fb-5818-e8b5-384e-10c5f49cc18e,FXE-FIELD-A-ORFA-APP_css,ORFA CSS Applied to the phone lines and Gateway,,BLOCKED-GENERAL_par:FXE-FIELD-A-ORFA-APP-par:FXE-FIELD-A-INTERNAL_par,f,2,99
ceaa879a-6888-4329-c845-3f5237f8e48c,CKBA_911_css,911 for CKBA,,CKBA_911_par,f,2,99
8f7e050b-ad99-54b3-e629-57a622795b1d,XFORM-ROAA-MGCP-DNIS_css,Applied to site gateway configuration in CUCM,,XFORM-ROAA-MGCP-DNIS_par,f,2,99
b730b49a-6822-6193-f050-d2037f26ecb8,FXE-FIELD-SMFWK_Local_css,SMFWK Local css,,FXE-FIELD-A-SMFWK-APP_par:NA-Local_par,f,2,99
914dcd23-af28-bba5-e3b6-25f161b37fac,FXE-FIELD-A-CLLA1-APP_css,CLLA1 CSS to be Placed on the Lines at the Site,,BLOCKED-GENERAL_par:FXE-FIELD-A-CLLA1-APP_par:FXE-FIELD-A-INTERNAL_par,f,2,99
8a44fd32-e388-432c-1a02-b6dada7cf5ce,DFWVK_CngPTP-xform-OUT_css,DFWVK Transform numbers as they leave the local GW,,DFWVK_CngPTP-xform-OUT_par,f,2,99
70fdac26-9d7f-f55d-1575-b2ae2c45dcdc,FXE-FIELD-A-CWAA-APP_css,CWAA CSS to be Placed on the Lines at the Site,,BLOCKED-GENERAL_par:FXE-FIELD-A-CWAA-APP_par:FXE-FIELD-A-INTERNAL_par,f,2,99
d9f5c962-5a07-3838-8ced-4ec3eb8fff58,FXE-FIELD-A-EWNA-APP_css,EWNA CSS to be Placed on the Lines at the Site,,BLOCKED-GENERAL_par:FXE-FIELD-A-EWNA-APP_par:FXE-FIELD-A-INTERNAL_par,f,2,99
74eaa0ae-1249-c9b9-986c-6b14829f025c,FXE-FIELD-A-STLR-APP_css,STLR CSS Applied to the phone lines and Gateway,,BLOCKED-GENERAL_par:FXE-FIELD-A-STLR-APP_par:FXE-FIELD-A-INTERNAL_par,f,2,99
489af44d-25a4-5d57-23f7-d90a096102cb,FWAR2_Internal_css,FWAR2 Internal  css,,FXS-SME-SIP-INBOUND_par:FWAR2_Internal_par:FWAR2_PSTN_1_par:FWAR2_PSTN_2_par:FXE-FIELD-A-INTERNAL_par,f,2,99
3c75fbfa-c134-f4ba-7c60-4d1567161fde,FXE-FIELD-A-HUMA-APP_css,HUMA CSS to be Placed on the Lines at the Site,,BLOCKED-GENERAL_par:FXE-FIELD-A-HUMA-APP_par:FXE-FIELD-A-INTERNAL_par,f,2,99
f140caf0-22d7-e0a9-8fb8-df4dbf8edd17,FXE-PIRA_CngPTP-xform-GW-IN_css,FXE-PIRA Transform Incoming GW CLID,,FXE-PIRA_CngPTP-Xform-GW-IN_par,f,2,99
d8b1ee48-73f3-7fd5-8f3c-e0395c12fca8,XFORM-FMEA-MGCP-ANI_css,Applied to site gateway configuration in CUCM,,XFORM-FMEA-MGCP-ANI_par,f,2,99
f30b4c76-12e7-6c46-3b3d-fa2b95b6116f,XFORM-ACTA-MGCP-DNIS_css,Applied to site gateway configuration in CUCM,,XFORM-ACTA-MGCP-DNIS-par,f,2,99
6f653289-20d2-59c7-a53b-87a3a1f23703,XFORM-ICTA-MGCP-DNIS_css,Applied to site gateway configuration in CUCM,,XFORM-ICTA-MGCP-DNIS_par,f,2,99
cc07ebe5-4ce2-c46b-8d38-2788034ed185,FXE-FIELD-A-TOLA-APP_css,TOLA CSS to be Placed on the Lines at the Site,,BLOCKED-GENERAL_par:FXE-FIELD-A-TOLA-APP_par:FXE-FIELD-A-INTERNAL_par,f,2,99
7c9822cb-aab6-4e9e-25a6-5b178e960427,XFORM-NRBA-MGCP-ANI_css,Applied to site gateway configuration in CUCM,,XFORM-NRBA-MGCP-ANI_par,f,2,99
1d707a45-e1a4-d06a-0c74-284bdffe017e,FXE-FIELD-A-TSSA-APP_css,TSSA CSS to be Placed on the Lines at the Site,,BLOCKED-GENERAL_par:FXE-FIELD-A-TSSA-APP_par:FXE-FIELD-A-INTERNAL_par,f,2,99
3b0afe04-e69c-aa13-1cbf-10842b4dd146,XFORM-MSNR1-MGCP-DNIS_css,Applied to site gateway configuration in CUCM,,XFORM-MSNR1-MGCP-DNIS_par,f,2,99
ae26c321-652f-3efa-40af-450e2744dbab,XFORM-RDMA2-MGCP-DNIS_css,Applied to site gateway configuration in CUCM,,,f,2,99
f61eb55d-bb37-c4a8-24f0-82e7405cf768,FXE-FIELD-A-PUBA-APP_css,CSS Applied to the phone lines and Gateway,,BLOCKED-GENERAL_par:FXE-FIELD-A-PUBA-APP_par:FXE-FIELD-A-INTERNAL_par,f,2,99
dfd7352b-c31c-2e41-aafd-de1a7fca5571,XFORM-BISVM-MGCP-DNIS_css,Applied to site gateway configuration in CUCM,,XFORM-BISVM-MGCP-DNIS_par,f,2,99
e734418a-f062-25c2-f97a-20637e2876ed,FXE-FIELD-A-SLNA-APP_css,CSS Applied to the phone lines and Gateway,,BLOCKED-GENERAL_par:FXE-FIELD-A-SLNA-APP_par:FXE-FIELD-A-INTERNAL_par,f,2,99
c3289ab2-61c4-de50-2006-4f5a81b2ca6f,SGRA2_PSTN_css,"""Internal, External for SGRA2""",,FXE-FIELD-A-SGRA2-APP_par:SGRA2_PSTN_par,f,2,99
f3db35a3-440f-deb8-1a12-f2940b6ee520,NXXA-Local_css,NXXA internal and local calls,,NA-LD_par:FXE-FIELD-A-NXXA-APP_par:NA-Local_par,f,2,99
5400f6c7-1e56-a54a-51f1-d8c573dce3a2,FXE-FIELD-A-CPSA-APP_css,CPSA CSS to be Placed on the Lines at the Site,,BLOCKED-GENERAL_par:FXE-FIELD-A-CPSA-APP_par:FXE-FIELD-A-INTERNAL_par,f,2,99
98241b26-a03c-9166-416c-b6b812803746,FXE-FIELD-A-ORFR-APP_css,ORFR CSS to be Placed on the Lines at the Site,,BLOCKED-GENERAL_par:FXE-FIELD-A-ORFR-APP_par:FXE-FIELD-A-INTERNAL_par,f,2,99
45f2a852-86a4-ff90-4a63-688410136b79,XFORM-MDTRT-MGCP-DNIS_css,Applied to site gateway configuration in CUCM,,XFORM-MDTRT-MGCP-DNIS_par,f,2,99
d2474990-81ba-4726-29c5-817ec4880766,FXE-FIELD-A-MLBA-APP_css,MLBA CSS Applied to the phone lines and Gateway,,FXE-FIELD-A-MLBA-APP_par,f,2,99
2b13881b-16e5-5e8b-372e-ad14023d334e,FXE-FIELD-A-BNAA-APP_css,BNAA CSS Applied to the phone lines and Gateway,,BLOCKED-GENERAL_par:FXE-FIELD-A-BNAA-APP_par:FXE-FIELD-A-INTERNAL_par,f,2,99
d856f2b5-055a-306e-0dc5-c7ad393b2627,FXE-FIELD-A-INDCA-APP_css,GRIA CSS to be Placed on the Lines at the Site,,BLOCKED-GENERAL_par:FXE-FIELD-A-INDCA-APP_par:FXE-FIELD-A-INTERNAL_par,f,2,99
20a078c9-4298-bdc4-8c83-fb7f3c25da6a,FXE-FIELD-A-BHMRT-APP-css,BHMRT CSS to be Placed on the Lines at the Site,,BLOCKED-GENERAL_par:FXE-FIELD-A-BHMRT-APP-par:FXE-FIELD-A-INTERNAL_par,f,2,99
55131edc-c2ab-cd8d-6e4a-5aaec3918e68,FXE-FIELD-A-AGCA-APP_css,AGCA CSS Applied to the phone lines and Gateway,,BLOCKED-GENERAL_par:FXE-FIELD-A-AGCA-APP_par:FXE-FIELD-A-INTERNAL_par,f,2,99
5ace9a73-3627-78f8-4292-e5a1fe031f8a,FXE-FIELD-A-ELDA-APP_css,ELDA CSS Applied to the phone lines and Gateway,,911-SIP-SPECIAL_par:BLOCKED-GENERAL_par:FXE-FIELD-A-ELDA-APP_par:FXE-FIELD-A-INTERNAL_par,f,2,99
bd57910f-f5b2-219d-06f3-f3f05c417e60,FXE-JGLRC_CngPTP-xform-OUT_css,FXE-JGLRC Transforms numbers as they leave GW,,FXE-JGLRC_CngPTP-xform-OUT_par,f,2,99
e976e0db-7ce1-e722-3fd3-4d0676472b7a,FXE-YYBA-APP-css,YPQA Site specific Calling Search Space,,FXE-GlobalDID-par:FXE-GlobalExt-par:FXE-YYBAEmergency-par:FXE-YYBAtoE164-par,f,2,99
8dc9619c-bac7-631c-b7c9-a60860a53d46,BHMK_CngPTP-xform-GW-OUT_css,BHMK Transforms numbers as they leave the local GW,,BHMR_CngPTP-xform-GW-OUT_par,f,2,99
d941567a-7bf8-bd3c-fe22-f7a187d7693d,FXE-PDXRT_CngPTP-xform-IN_css,FXE-PDXRT Transform Incoming CLID,,FXE-PDXRT_CngPTP-Xform-IN_par,f,2,99
13c38bb7-47ec-4d83-d52c-596b9e69af87,FXE-FIELD-A-SANA-APP_css,SANA CSS Applied to the phone lines and Gateway,,BLOCKED-GENERAL_par:FXE-FIELD-A-SANA-APP_par:FXE-FIELD-A-INTERNAL_par,f,2,99
272c23e4-1fcc-b9c7-5429-001d015a96c8,XFORM-GEGA-MGCP-ANI_css,GEGA Applied to site gateway configuration in CUCM,,XFORM-GEGA-MGCP-ANI_par,f,2,99
058e9750-cb58-1b2f-899b-645acb068e9b,FXE-FIELD-A-MMRA-APP_css,MMRA CSS to be Placed on the Lines at the Site,,BLOCKED-GENERAL_par:FXE-FIELD-A-MMRA-APP_par:FXE-FIELD-A-INTERNAL_par,f,2,99
807fd109-ac23-1585-76aa-86d6e1c32a41,XFORM-DAGA-MGCP-ANI_css,Applied to site gateway configuration in CUCM,,XFORM-DAGA-MGCP-ANI_par,f,2,99
4cc2f589-0b58-224a-5905-c3f8eff16c58,FXE-FIELD-A-CCRA-APP_css,CCRA CSS Applied to the phone lines and Gateway,,FXE-FIELD-A-CCRA-APP_par:FXE-FIELD-A-INTERNAL_par:BLOCKED-GENERAL_par,f,2,99
00793ca8-d52b-7eb8-ad0a-53ce052a204d,FXE-FIELD-A-SQLA-APP_css,SQLA CSS to be Placed on the Lines at the Site,,BLOCKED-GENERAL_par:FXE-FIELD-A-SQLA-APP_par:FXE-FIELD-A-INTERNAL_par,f,2,99
0d799763-c969-17f9-f503-0de98f75dca7,FXE-FIELD-A-IKKA-APP_css,IKKA CSS Applied to the phone lines and Gateway,,BLOCKED-GENERAL_par:FXE-FIELD-A-IKKA-APP_par:FXE-FIELD-A-INTERNAL_par,f,2,99
068cff51-f465-448e-d51c-2722c493f54c,XFORM-CLTR-MGCP-DNIS_css,Applied to site gateway configuration in CUCM,,XFORM-CLTR-MGCP-DNIS_par,f,2,99
185c0456-afe4-105c-4073-4d31802dd8cf,FXE-FIELD-A-OKKA-APP_css,OKKA CSS to be Placed on the Lines at the Site,,BLOCKED-GENERAL_par:FXE-FIELD-A-OKKA-APP_par:FXE-FIELD-A-INTERNAL_par,f,2,99
a7910470-c3b5-d981-9e08-ecebeb423acb,XFORM-MWHA2-MGCP-DNIS_css,Applied to site gateway configuration in CUCM,,XFORM-MWHA2-MGCP-DNIS_par,f,2,99
82028ca3-13db-8eb8-4325-2d7d1cf33136,FXE-FIELD-A-ONP-APP_css,ONP CSS Applied to the phone lines and Gateway,,BLOCKED-GENERAL_par:FXE-FIELD-A-ONP-APP_par:FXE-FIELD-A-INTERNAL_par,f,2,99
ff4cd717-f35c-1bb0-2da0-efb303ca14ba,XFORM-COSA-MGCP-DNIS_css,Applied to site gateway configuration in CUCM,,XFORM-COSA-MGCP-DNIS_par,f,2,99
2fc46a22-7c5c-e430-347e-540ddeb5633b,FXE-FIELD-A-MDTA-APP_css,MDTA CSS to be Placed on the Lines at the Site,,BLOCKED-GENERAL_par:FXE-FIELD-A-MDTA-APP_par:FXE-FIELD-A-INTERNAL_par,f,2,99
af7cbcf1-bd98-756e-5a91-03a418f1010a,FXE-FIELD-A-LWSSC-APP_css,LWSCD CSS Applied to the phone lines and Gateway,,BLOCKED-GENERAL_par:FXE-FIELD-A-LWSSC-APP_par:FXE-FIELD-A-INTERNAL_par,f,2,99
ee0249a5-89e0-efcb-5112-31528b97fc9f,XFORM-HHHA-MGCP-ANI_css,HHHA Applied to site gateway configuration in CUCM,,XFORM-HHHA-MGCP-ANI_par,f,2,99
ad2c48c7-c1b3-b113-b46f-04cc8fd22df6,FXE-FIELD-A-DGNA-APP_css,DGNA CSS to be Placed on the Lines at the Site,,BLOCKED-GENERAL_par:FXE-FIELD-A-DGNA-APP_par:FXE-FIELD-A-INTERNAL_par,f,2,99
a3abebe2-25ad-8ce1-463c-1473337e8804,EWRVK-UR_css,"""EWRVK internal, local, LD and international calls""",,EWRVK_Internal_par:NA-Local_par:NA-LD_par:NA-International_par,f,2,99
3a60c816-7332-235c-7b90-9a6d70d91ca9,FXE-FIDA_CngPTP-xform-OUT_css,FIDA Transform numbers as they leave the local GW,,FXE-FIDA_CngPTP-xform-OUT_par,f,2,99
64fa3794-9d88-f44c-4c93-f76d7ddedb39,FXE-SGUA_CngPTP-xform-OUT_css,SGUA Transform numbers as they leave the local GW,,FXE-SGUA_CngPTP-xform-OUT_par,f,2,99
b7c2885e-6d24-5cd3-a607-5fb4a2d95f90,FXE-IAHS_CngPTP-xform-OUT_css,IAHS Transform numbers leaving the local GW,,FXE-IAHS_CngPTP-xform-OUT_par,f,2,99
badd918c-1713-1a52-b500-833ee557b832,FXE-SFOR_CngPTP-xform-IN_css,FXE-SFOR Transform Incoming CLID,,FXE-SFOR_CngPTP-Xform-IN_par,f,2,99
3a113ff1-3713-d5f4-c624-bb8fd9426f33,FXE-FIELD-A-OAKRT-APP_css,OAKRT CSS to be Placed on the Lines at the Site,,BLOCKED-GENERAL_par:FXE-FIELD-A-OAKRT-APP_par:FXE-FIELD-A-INTERNAL_par,f,2,99
93083aa6-53af-e4bd-8a81-7d8f98f73dd6,FXE-FIELD-A-DNNA-APP_css,DNNA CSS Applied to the phone lines and Gateway,,BLOCKED-GENERAL_par:FXE-FIELD-A-DNNA-APP_par:FXE-FIELD-A-INTERNAL_par,f,2,99
5f845e07-2e87-7385-d5b0-c11c9aca6605,FXE-FIELD-A-BHMA-APP_css,BHMA CSS to be Placed on the Lines at the Site,,BLOCKED-GENERAL_par:FXE-FIELD-A-BHMA-APP_par:FXE-FIELD-A-INTERNAL_par,f,2,99
4d712dfb-5f2c-218b-5641-450aff2ea328,OLVA_CngPTP-xform-GW-OUT_css,OLVA_CngPTP-xform-GW-OUT,,OLVA_CngPTP-xform-GW-OUT_par,f,2,99
38b420c2-16cf-6ff6-8775-9c97e4fb643c,FXE-FIELD-A-DAYA-APP_css,DAYA CSS to be Placed on the Lines at the Site,,BLOCKED-GENERAL_par:FXE-FIELD-A-DAYA-APP_par:FXE-FIELD-A-INTERNAL_par,f,2,99
e49367d0-2c3a-dffe-bcf7-816ad07d1d96,XFORM-JDYA-MGCP-DNIS_css,Applied to site gateway configuration in CUCM,,XFORM-JDYA-MGCP-DNIS_par,f,2,99
488b5897-257b-5588-16c5-83382c749fd9,DCLEG_911_css,911 for DCLEG,,NA-911_par,f,2,99
38326035-95f6-39d5-432c-8e0a62628e14,CKBA_internal_css,Internal for CKBA,,CKBA_Internal_par,f,2,99
10922973-d5f9-cbe3-10b3-b1504aeb1fbd,FXE-FIELD-A-IMMA-APP_css,IMMA CSS Applied to the phone lines and Gateway,,BLOCKED-GENERAL_par:FXE-FIELD-A-IMMA-APP-par:FXE-FIELD-A-INTERNAL_par,f,2,99
7856f9d9-201a-dec0-cdce-8daf032ca6ca,FXE-FIELD-A-GVLA-APP_css,GVLA CSS to be Placed on the Lines at the Site,,BLOCKED-GENERAL_par:FXE-FIELD-A-GVLA-APP_par:FXE-FIELD-A-INTERNAL_par,f,2,99
349ea130-93ff-9c51-4665-f391761c84c6,XFORM-IMMA-MGCP-DNIS_css,IMMA Applied to site gateway configuration in CUCM,,XFORM-IMMA-MGCP-DNIS_par,f,2,99
25ae6c61-24ac-6328-a7ee-574f95cb1d5b,BNAR_911_css,911 for BNAR,,BNAR_911_par,f,2,99
0c2a65db-e122-67b8-92d0-350d52e341c4,LAXH-UR_css,"""LAXH internal, local, LD and international calls""",,LAXH_Internal_par:NA-Local_par:NA-LD_par:NA-International_par,f,2,99
e86d9688-e3ea-e83a-c5cd-69f4ca720d17,XFORM-GMVA-MGCP-DNIS_css,Applied to site gateway configuration in CUCM,,XFORM-GMVA-MGCP-DNIS_par,f,2,99
1ab2145d-2609-e254-b14c-46d37fcbe6a9,FXE-FIELD-TWFA_Local_css,TWFA Local css,,FXE-FIELD-A-TWFA-APP_par:NA-Local_par,f,2,99
58db00f6-9bc5-a2d9-a76a-3b2233622e6f,FXE-FIELD-A-WHHA-APP_css,WHHA CSS to be Placed on the Lines at the Site,,BLOCKED-GENERAL_par:FXE-FIELD-A-WHHA-APP_par:FXE-FIELD-A-INTERNAL_par,f,2,99
12fe825b-1e8f-ab2e-b776-5d511409247d,XFORM-KOAA-MGCP-DNIS_css,Applied to site gateway configuration in CUCM,,XFORM-KOAA-MGCP-DNIS_par,f,2,99
8542c6fa-3598-0ce2-926c-2c4add52b41a,FXE-PIRA_CngPTP-xform-GW-OUT_css,FXE-PIRA Transforms numbers as they leave GW,,FXE-PIRA_CngPTP-xform-GW-OUT_par,f,2,99
4617585f-3607-95de-2cb2-89be046d6551,XFORM-CKVA-MGCP-ANI_css,Applied to site gateway configuration in CUCM,,XFORM-CKVA-MGCP-ANI_par,f,2,99
eb16d3ca-b6f3-ea78-22db-625672619df1,FXE-SLCR_CngPTP-xform-GW-IN_css,FXE-SLCR Transform Incoming GW CLID,,FXE-SLCR_CngPTP-Xform-GW-IN_par,f,2,99
989411dd-aaa2-185d-87f4-76c5b494a7ef,FXE-FIELD-A-RICR-APP_css,RICR CSS to be Placed on the Lines at the Site,,BLOCKED-GENERAL_par:FXE-FIELD-A-RICR-APP_par:FXE-FIELD-A-INTERNAL_par,f,2,99
64d16de8-ca5d-ffb0-4a76-ec7e4b9ae203,IADVK_911_css,911 for IADVK,,IADVK_911_par,f,2,99
c2daad01-6d8e-3d00-2bfd-36e444f490f1,FXE-IAHS_Local_css,IAHS Local css,,FXE-Field-A-IAHS-APP_par:NA-Local_par,f,2,99
59b75c14-1446-06c5-a53c-f67542f587a8,DCLEG_CngPTP-xform-GW-IN_css,DCLEG Transform Incoming GW CLID,,DCLEG_CngPTP-Xform-GW-IN_par,f,2,99
48e359c4-b34d-ccf7-8547-0c1ccef1eb77,FXE-FIELD-A-FBLA-APP_css,FBLA CSS Applied to the phone lines and Gateway,,BLOCKED-GENERAL_par:FXE-FIELD-A-FBLA-APP_par:FXE-FIELD-A-INTERNAL_par,f,2,99
1c9bd888-f56c-ebd5-f95e-73cb79865b16,FBTA-Internal_css,FBTA Internal Calls,,FBTA_internal_par,f,2,99
406a4fad-af7b-b552-5f92-9040957e78ab,XFORM-BFMRT-MGCP-ANI_css,Applied to site gateway configuration in CUCM,,XFORM-BFMRT-MGCP-ANI_par,f,2,99
7b8d9515-8e08-7316-6144-bf87034c086f,XFORM-FXG-1286-MGCP-DNIS_css,FXG-1286 Applied to site GW configuration in CUCM,,XFORM-FXG-1286-MGCP-DNIS_par,f,2,99
952dac29-fb22-d82f-3542-d5d70213dcb2,XFORM-OKCA2-MGCP-DNIS_css,Applied to site gateway configuration in CUCM,,XFORM-OKCA2-MGCP-DNIS_par,f,2,99
32f3c56e-fdb6-77bc-27c6-2bdaefb7dd09,FXE-FIELD-A-KNTA-APP_css,KNTA CSS Applied to the phone lines and Gateway,,BLOCKED-GENERAL_par:FXE-FIELD-A-KNTA-APP_par:FXE-FIELD-A-INTERNAL_par,f,2,99
e352f136-c568-2351-f856-7ae3aba7717a,FXE-FIELD-A-OTHA-APP_css,OTHA CSS Applied to the phone lines and Gateway,,BLOCKED-GENERAL_par:FXE-FIELD-A-OTHA-APP_par:FXE-FIELD-A-INTERNAL_par,f,2,99
c175fb0c-684d-89f2-3497-e986289dd6e3,FXE-FIELD-A-LOZA-APP_css,LOZA CSS to be Placed on the Lines at the Site,,BLOCKED-GENERAL_par:FXE-FIELD-A-LOZA-APP_par:FXE-FIELD-A-INTERNAL_par,f,2,99
0af02058-d414-914f-2fbf-af659cc82b7c,XFORM-IKKA-MGCP-ANI_css,IKKA Applied to site gateway configuration in CUCM,,XFORM-IKKA-MGCP-ANI_par,f,2,99
e5032a0b-b1e0-ed0d-6674-ec54cff327a0,FXE-FIELD-A-SUAA-APP_css,SUAA CSS to be Placed on the Lines at the Site,,911-SIP-SUAA_par:BLOCKED-GENERAL_par:FXE-FIELD-A-SUAA-APP_par:FXE-FIELD-A-INTERNAL_par,f,2,99
70376dbc-7879-3da9-0feb-6e07f7f9da2f,FXE-FIELD-A-UGIA-APP_css,UGIA CSS Applied to the phone lines and Gateway,,BLOCKED-GENERAL_par:FXE-FIELD-A-UGIA-APP_par:FXE-FIELD-A-INTERNAL_par,f,2,99
f9163ffd-813d-f6a0-4ae5-c971c2d57dac,XFORM-FHR-MGCP-DNIS_css,Applied to site gateway configuration in CUCM,,XFORM-FHR-MGCP-DNIS_par,f,2,99
a22f7c9d-2dd3-7333-cb0a-ba1fc2dd6321,XFORM-CLLA-MGCP-DNIS_css,CLLA Applied to site gateway configuration in CUCM,,XFORM-CLLA-MGCP-DNIS_par,f,2,99
1f05f38d-0e8f-36fd-2567-8ca0bc3cc08c,XFORM-FILA-MGCP-DNIS_css,Applied to site gateway configuration in CUCM,,XFORM-FILA-MGCP-DNIS_par,f,2,99
50ae14c3-17a9-c512-830d-030766fdfd13,XFORM-FBGA-MGCP-DNIS_css,Applied to site gateway configuration in CUCM,,XFORM-FBGA-MGCP-DNIS_par,f,2,99
e12f9d0d-964a-bef7-2de2-821de2c0ee67,FXE-FIELD-A-JSDA-APP-css,JSDA CSS to be Placed on the Lines at the Site,,BLOCKED-GENERAL_par:FXE-FIELD-A-JSDA-APP-par:FXE-FIELD-A-INTERNAL_par,f,2,99
30be7536-7328-14f9-91b4-19a5c8202a31,XFORM-MHTRT-MGCP-DNIS_css,Applied to site gateway configuration in CUCM,,XFORM-MHTRT-MGCP-DNIS_par,f,2,99
dc85db2b-8bb1-c975-9ddd-72dd5122b009,FXE-FIELD-A-STKA-APP_css,STKA CSS to be Placed on the Lines at the Site,,BLOCKED-GENERAL_par:FXE-FIELD-A-STKA-APP_par:FXE-FIELD-A-INTERNAL_par,f,2,99
0d6f3061-eb9c-09a0-b783-b4b71935599d,FXE-FIELD-A-BSTSIP-APP_css,BSTSIP CSS to be Placed on the Lines at the Site,,BLOCKED-GENERAL_par:FXE-FIELD-A-BSTSIP-APP_par:FXE-FIELD-A-INTERNAL_par,f,2,99
0cbf9321-8b38-4c51-82dd-83f113bdbdf9,XFORM-BSTSIP-MGCP-DNIS_css,Applied to site gateway configuration in CUCM,,XFORM-BSTSIP-MGCP-DNIS_par,f,2,99
73057db5-8bad-b957-8e3e-13d54ee0b8f2,XFORM-MFDA-MGCP-ANI_css,Applied to site gateway configuration in CUCM,,XFORM-MFDA-MGCP-ANI_par,f,2,99
2f958402-97bc-164f-e31d-b1a7b33c7dd6,FXE-FIELD-A-LJCA-APP_css,LJCA CSS to be Placed on the Lines at the Site,,BLOCKED-GENERAL_par:FXE-FIELD-A-LJCA-APP_par:FXE-FIELD-A-INTERNAL_par,f,2,99
94b5bda8-3ca6-7c5c-ed99-e0c168e8c994,FTYE_PSTN_css,"""Internal, External for FTYE""",,FXE-FIELD-A-FTYE-APP_par:FTYE_PSTN_par,f,2,99
c7828fee-3c9b-301a-fab6-6303b12b7a22,BHMR_Elevator,BHMR Elevator,,BHMR_ELEVATOR,f,2,99
f43a1405-f080-48ef-68f1-e705c1ba17d3,XFORM-PKBA-MGCP-DNIS_css,Applied to site gateway configuration in CUCM,,XFORM-PKBA-MGCP-DNIS_par,f,2,99
11bdcf94-8fdf-c722-29d4-50a724adb0e4,FXE-FIELD-A-SWOA-APP_css,SWOA CSS to be Placed on the Lines at the Site,,BLOCKED-GENERAL_par:FXE-FIELD-A-SWOA-APP_par:FXE-FIELD-A-INTERNAL_par,f,2,99
0cccaca7-3f9c-be2a-a887-aba9e62336b2,XFORM-ABIA-MGCP-DNIS_css,Applied to site gateway configuration in CUCM,,XFORM-ABIA-MGCP-DNIS_par,f,2,99
65ecff16-6ec8-ca87-bc5d-6d6ad4bdda49,FXE-PDXRT_CngPTP-xform-OUT_css,FXE-PDXRT Trans numbers as they leave the local GW,,FXE-PDXRT_CngPTP-xform-OUT_par,f,2,99
7761e8d4-5491-aff4-d04e-5de0af7f6b14,18404_css,Field Testing by Dale Grear,,18404_pr,f,2,99
10319a2f-a5a6-a2e1-da8c-e8e9bbb086d5,FXE-FIELD-A-LGBA-APP_css,LGBA CSS to be Placed on the Lines at the Site,,FXE-FIELD-A-LGBA-APP_par:FXE-FIELD-A-INTERNAL_par:BLOCKED-GENERAL_par,f,2,99
7ecf84a5-1583-c4b0-55a4-b8c45bf2dc44,FXE-FIELD-A-MWAA-APP-css,MWAA CSS to be Placed on the Lines at the Site,,BLOCKED-GENERAL_par:FXE-FIELD-A-MWAA-APP-par:FXE-FIELD-A-INTERNAL_par,f,2,99
64a974f2-2b2e-996f-3898-d25857e72ded,FXE-FIELD-A-CPRR-APP_css,CSS Applied to the phone lines and Gateway,,FXE-FIELD-A-CPRR-APP_par:BLOCKED-GENERAL_par:FXE-FIELD-A-INTERNAL_par,f,2,99
b54a0c11-1a29-859f-141b-0d99d229c97d,FXE-FIELD-A-CKBA-APP_css,CKBA CSS Applied to the phone lines and Gateway,,BLOCKED-GENERAL_par:CKBA_Internal_par:FXE-FIELD-A-INTERNAL_par:FXE-FIELD-A-CKBA-APP_par,f,2,99
c01c0875-dcec-7299-66dd-9cbcd1151dcb,FXE-FIELD-A-FWHA-APP_css,FWHA CSS to be Placed on the Lines at the Site,,BLOCKED-GENERAL_par:FXE-FIELD-A-FWHA-APP_par:FXE-FIELD-A-INTERNAL_par,f,2,99
89da5397-1d51-66bb-111a-0152ee32df58,XFORM-OKCR-MGCP-DNIS_css,Applied to site gateway configuration in CUCM,,XFORM-OKCR-MGCP-DNIS_par,f,2,99
1d009f3c-589a-41d9-93d3-7cef71465e6a,FXE-FIELD-A-BDLR-APP-css,BDLR CSS to be Placed on the Lines at the Site,,BLOCKED-GENERAL_par:FXE-FIELD-A-BDLR-APP-par:FXE-FIELD-A-INTERNAL_par,f,2,99
0f6ba8ca-a2de-d8fa-0e27-637c1b7a4f2a,XFORM-IDAA-MGCP-DNIS_css,Applied to site gateway configuration in CUCM,,XFORM-IDAA-MGCP-DNIS_par,f,2,99
bff81df4-2034-390d-0920-e01cf5a5084f,FXE-FIELD-A-LOUA-APP_css,LOUA CSS to be Placed on the Lines at the Site,,BLOCKED-GENERAL_par:FXE-FIELD-A-LOUA-APP_par:FXE-FIELD-A-INTERNAL_par,f,2,99
d8408436-16d5-e136-1dc0-01f99b700040,FXE-FIELD-A-MLUA-APP_css,MLUA CSS to be Placed on the Lines at the Site,,BLOCKED-GENERAL_par:FXE-FIELD-A-MLUA-APP_par:FXE-FIELD-A-INTERNAL_par,f,2,99
aadcb961-d995-2da2-0e07-ebe775aac6be,GJTA_internal_css,Internal for GJTA,,GJTA_Internal_par,f,2,99
74c362d5-e298-f232-4d7a-24ccd647739d,FXE-FIELD-A-TUPA-APP-css,TUPA CSS to be Placed on the Lines at the Site,,BLOCKED-GENERAL_par:FXE-FIELD-A-TUPA-APP-par:FXE-FIELD-A-INTERNAL_par,f,2,99
0399da21-4416-20f6-33aa-c0dcb9710294,XFORM-FCAA1-MGCP-DNIS_css,Applied to site gateway configuration in CUCM,,FXE-FIELD-A-FCAA1-APP_par,f,2,99
4c07214c-efe6-bb72-df02-11b930f862d9,XFORM-LEBA-DNIS-OUT-css,Applied to site gateway configuration in CUCM,,XFORM-LEBA-MGCP-DNIS_par,f,2,99
af98e5f6-0fff-b514-123a-d3d2fa2e51d6,FXE-FIELD-A-RNOR-APP_css,RNOR CSS to be Placed on the Lines at the Site,,BLOCKED-GENERAL_par:FXE-FIELD-A-RNOR-APP_par:FXE-FIELD-A-INTERNAL_par,f,2,99
079382e9-9dec-8eb1-2418-c2a8ff919d44,XFORM-TSSA-MGCP-DNIS_css,Applied to site gateway configuration in CUCM,,XFORM-TSSA-MGCP-DNIS_par,f,2,99
d2732be7-e289-f281-6b92-34434e8d4a4a,FXE-FIELD-A-TUSA-APP_css,TUSA CSS to be Placed on the Lines at the Site,,BLOCKED-GENERAL_par:FXE-FIELD-A-TUSA-APP_par:FXE-FIELD-A-INTERNAL_par,f,2,99
50ea5a75-446d-0ea5-4413-9ee8ad8251d8,FXE-FIELD-A-DENA-APP_css,DENA CSS to be Placed on the Lines at the Site,,BLOCKED-GENERAL_par:FXE-Field-A-DENA-APP_par:FXE-FIELD-A-INTERNAL_par,f,2,99
6b9a1afd-4bb0-7700-6c3d-98e83ba547c0,XFORM-DNIS-ICT-SME-css,,,XFORM-DNIS-ICT-SME-par,f,2,99
caecbb45-c7e1-e9df-451c-111e87b9a891,FXE-FIELD-A-SMFWK-APP_css,Internal for FXE-SMFWK,,BLOCKED-GENERAL_par:FXE-FIELD-A-INTERNAL_par:FXE-FIELD-A-SMFWK-APP_par,f,2,99
2b76c6fa-e700-dfd3-bde5-cbe98d29fc08,XFORM-BUFA-ANI-OUT-css,,,XFORM-BUFA-ANI-OUT-par,f,2,99
6b39a2c0-f636-e2a3-937c-36b23f3e1bb1,XFORM-HRLA-MGCP-DNIS_css,Applied to site gateway configuration in CUCM,,,f,2,99
f39baf10-927d-2dcf-0a87-b1dcceca9041,XFORM-RIDA-MGCP-DNIS_css,Applied to site gateway configuration in CUCM,,XFORM-RIDA-MGCP-DNIS_par,f,2,99
a46b7a77-01cb-37f5-f3c9-b8f4cf918911,XFORM-IPLA-MGCP-DNIS_css,Applied to site gateway configuration in CUCM,,XFORM-IPLA-MGCP-DNIS_par,f,2,99
b45fa754-5f83-d904-e059-51cc5ea5cbac,FXE-FIELD-A-JBRA-APP_css,JBRA CSS to be Placed on the Lines at the Site,,BLOCKED-GENERAL_par:FXE-FIELD-A-JBRA-APP_par:FXE-FIELD-A-INTERNAL_par,f,2,99
83f3dfc0-2f14-5638-e28c-92cd4c871083,FXE-FIELD-A-OVEA-APP_css,OVEA CSS Applied to the phone lines and Gateway,,FXE-FIELD-A-OVEA-APP_par:FXE-FIELD-A-INTERNAL_par:BLOCKED-GENERAL_par,f,2,99
bd57d38c-b4c7-ba6a-a71e-8aee2af9a9cf,XFORM-LSEA-MGCP-ANI_css,Applied to site gateway configuration in CUCM,,XFORM-LSEA-MGCP-ANI_par,f,2,99
fb1158d0-e7ca-4f30-f7d9-703c8c14de15,FXE-FIELD-A-HBGA-APP_css,HBGA CSS Applied to the phone lines and Gateway,,BLOCKED-GENERAL_par:FXE-FIELD-A-HBGA-APP_par:FXE-FIELD-A-INTERNAL_par,f,2,99
e2677976-7452-82fd-4329-4418e4b2f192,FXE-FIELD-A-JACA-APP_css,JACA CSS to be Placed on the Lines at the Site,,BLOCKED-GENERAL_par:FXE-FIELD-A-JACA-APP_par:FXE-FIELD-A-INTERNAL_par,f,2,99
b43cb8dc-8372-19ff-f37e-04507598b0bf,XFORM-ARTA-ANI-OUT-css,Applied to site gateway configuration in CUCM,,XFORM-ARTA-MGCP-ANI_par,f,2,99
1707ac1b-f3cb-3e74-553b-21aea5e5ec9a,LBEA_911_css,911 for LBEA,,LBEA_911_par,f,2,99
df4d87c4-de83-7699-8d69-d7c916c11122,LASA2_PSTN_css,"""Internal, External for LASA2""",,LASA2_internal_par:LASA2_PSTN_par,f,2,99
4a438156-dde9-00de-5755-623058caa753,FXE-FIELD-A-PNSA-APP_css,PNSA CSS Applied to the phone lines and Gateway,,BLOCKED-GENERAL_par:FXE-FIELD-A-PNSA-APP_par:FXE-FIELD-A-INTERNAL_par,f,2,99
61bc6dd9-e5bf-e7c9-b61d-f0ac268a48dc,XFORM-AVPA-MGCP-DNIS_css,Applied to site gateway configuration in CUCM,,XFORM-AVPA-MGCP-DNIS_par,f,2,99
192a29ff-9a43-306b-0eca-194fd478f56d,FXE-FIELD-A-FCAA1-APP_css,FCAA1 CSS to be Placed on the Lines at the Site,,BLOCKED-GENERAL_par:FXE-FIELD-A-FCAA1-APP_par:FXE-FIELD-A-INTERNAL_par,f,2,99
b28a897c-2e45-4075-0872-937466049d69,FXE-FIELD-A-ISNA2-APP_css,ISNA2 CSS to be Placed on the Lines at the Site,,BLOCKED-GENERAL_par:FXE-FIELD-A-ISNA2-APP_par:FXE-FIELD-A-INTERNAL_par,f,2,99
c2b43661-5ca5-60c4-939b-f8c7fd5f90e4,XFORM-UIZA-MGCP-DNIS_css,Applied to site gateway configuration in CUCM,,,f,2,99
b2370aee-40c0-bb1f-d538-0ba67cc1a790,FXE-FIELD-A-OGDVM-APP_css,OGDVM CSS to be Placed on the Lines at the Site,,BLOCKED-GENERAL_par:FXE-FIELD-A-OGDVM-APP_par:FXE-FIELD-A-INTERNAL_par,f,2,99
315c3922-5970-ef0c-3926-14344a5e13b2,XFORM-BURR-MGCP-DNIS_css,Applied to site gateway configuration in CUCM,,XFORM-BURR-MGCP-DNIS_par,f,2,99
793eafdf-874b-17da-3ab8-b73278788bcd,FXE-FIELD-A-HBYA-APP_css,HBYA CSS to be Placed on the Lines at the Site,,BLOCKED-GENERAL_par:FXE-FIELD-A-HBYA-APP_par:FXE-FIELD-A-INTERNAL_par,f,2,99
be97cc7a-8ebe-e0ea-f6e0-279f2e174705,FXE-FIELD-A-NZJA-APP_css,NZJA CSS Applied to the phone lines and Gateway,,BLOCKED-GENERAL_par:FXE-FIELD-A-NZJA-APP_par:FXE-FIELD-A-INTERNAL_par,f,2,99
0d2e8e28-d466-867e-d067-c06df55987ca,NYCSL_internal_css,Internal for NYCSL,,FXE-FIELD-A-NYCSL-APP_par,f,2,99
20c440b2-763b-a0d4-e83f-586bfc8111f1,YUMA_911_css,911 for YUMA,,YUMA_911_par,f,2,99
6ea0a12b-b1ff-60c7-0bb4-6863bf8debc6,DTWR-911_css,911 for DTWR,,NA-911_par,f,2,99
21a80025-d8aa-b9f3-8dbf-275b3543f311,FXE-FIELD-A-MVNA-APP-css,MVNA CSS to be Placed on the Lines at the Site,,BLOCKED-GENERAL_par:FXE-FIELD-A-MVNA-APP-par:FXE-FIELD-A-INTERNAL_par,f,2,99
2041ce4a-08f6-3657-f5c9-24c3dd29935a,XFORM-INDRT-MGCP-DNIS_css,Applied to site gateway configuration in CUCM,,XFORM-INDRT-MGCP-DNIS_par,f,2,99
7b588f0f-b86d-0886-bffd-373e74429bb5,XFORM-WHHA-MGCP-DNIS_css,Applied to site gateway configuration in CUCM,,,f,2,99
83d7a0ea-0a6a-bd75-d2de-3b4b32da321a,FXE-FIELD-TWFA_CngPTP-xform-IN_css,FXE-TWFA Transform Incoming CLID,,FXE-FIELD-TWFA_CngPTP-Xform-IN_par,f,2,99
bd8c6029-9f8c-acca-223e-4c9a873ef887,FXE-FIELD-SMFWK_CngPTP-xform-OUT_css,SMFWK Transform numbers as they leave the local GW,,FXE-FIELD-SMFWK_CngPTP-Xform-OUT_par:FXE-FIELD-SMFWK_CngPTP-xform-GW-OUT_par,f,2,99
1868b2a1-a6ea-5090-df52-241842d64900,FXE-FIELD-A-ZTYRT-APP_css,ZTYRT CSS to be Placed on the Lines at the Site,,BLOCKED-GENERAL_par:FXE-FIELD-A-ZTYRT-APP_par:FXE-FIELD-A-INTERNAL_par,f,2,99
72e722f0-4505-dbb5-0758-3ffe8def9fa2,FXE-BMIR_CngPTP-xform-OUT_css,BMIR Transform numbers as they leave the local GW,,FXE-BMIR_CngPTP-xform-OUT_par,f,2,99
d1912f56-2be7-eec2-f32d-a66e9d37dc0a,XFORM-FTYA-MGCP-DNIS_css,Applied to site gateway configuration in CUCM,,XFORM-FTYA-MGCP-DNIS_par,f,2,99
96921ac2-b260-9d19-d98d-a96430be1cd2,FXE-FIELD-A-MPZA-APP_css,MPZA CSS to be Placed on the Lines at the Site,,BLOCKED-GENERAL_par:FXE-FIELD-A-MPZA-APP_par:FXE-FIELD-A-INTERNAL_par,f,2,99
6a7e7820-3f44-a460-a732-b94b8de92b72,DTWR-Internal_css,DTWR Internal Calls,,DTWR_Internal_par,f,2,99
9b476713-4a36-fe80-91ff-d73eab00751c,XFORM-MHRA-MGCP-DNIS_css,MHRA Applied to site gateway configuration in CUCM,,XFORM-MHRA-MGCP-DNIS_par,f,2,99
df037575-207a-9225-0286-1faaeb66c05f,XFORM-BOWA-MGCP-DNIS_css,BOWA Applied to site gateway configuration in CUCM,,XFORM-BOWA-MGCP-DNIS_par,f,2,99
452429b1-f1df-ac57-52fb-e9ee4d1d527c,XFORM-MEIA-MGCP-DNIS_css,Applied to site gateway configuration in CUCM,,XFORM-MEIA-MGCP-DNIS_par,f,2,99
ec0865e7-823d-f217-0932-670f213d0ccd,XFORM-JVIA-MGCP-DNIS_css,Applied to site gateway configuration in CUCM,,XFORM-JVIA-MGCP-DNIS_par,f,2,99
bccca0c3-f136-9307-e2ff-168bb142940c,LASR_911_css,911 for LASR,,LASR_911_par,f,2,99
04f61053-1f1a-a177-2eed-b4e620e89910,FXE-FIELD-A-BOIA1-APP_css,BOIA1 CSS to be Placed on the Lines at the Site,,BLOCKED-GENERAL_par:FXE-FIELD-A-BOIA1-APP_par:FXE-FIELD-A-INTERNAL_par,f,2,99
97e25279-7b62-24cb-edb5-0797cbaf0e4a,FXE-FIELD-A-MKEA-APP_css,MKEA CSS Applied to the phone lines and Gateway,,BLOCKED-GENERAL_par:FXE-FIELD-A-MKEA-APP_par:FXE-FIELD-A-INTERNAL_par,f,2,99
0455f296-6d9b-70f8-2a12-9eca260882c6,XFORM-GVLA-MGCP-DNIS_css,Applied to site gateway configuration in CUCM,,XFORM-GVLA-MGCP-DNIS_par,f,2,99
3d9ed9e5-7371-a171-4b2b-50cc1d7b2fb3,FXE-FIELD-A-JVIA-APP_css,JVIA CSS to be Placed on the Lines at the Site,,BLOCKED-GENERAL_par:FXE-FIELD-A-JVIA-APP_par:FXE-FIELD-A-INTERNAL_par,f,2,99
c901fb75-e96a-541e-919a-277b39c1590e,XFORM-MMUA-ANI-OUT-css,Applied to site gateway configuration in CUCM,,XFORM-MMUA-MGCP-ANI_par,f,2,99
396cf809-abab-fef0-d70a-1953a27cf3e9,XFORM-CYSA-MGCP-DNIS_css,Applied to site gateway configuration in CUCM,,XFORM-CYSA-MGCP-DNIS_par,f,2,99
390881e9-e4ca-fa02-4502-636d2af88cdd,FXE-SGUA_CngPTP-xform-GW-OUT_css,SGUA Transforms numbers as they leave the local GW,,FXE-SGUA_CngPTP-xform-GW-OUT_par,f,2,99
2c717a15-2867-6aad-d769-5a1062c72d4d,XFORM-FSDA-MGCP-ANI_css,Applied to site gateway configuration in CUCM,,XFORM-FSDA-MGCP-ANI_par,f,2,99
008528a6-c1fb-2c17-25b1-4fd20055b334,XFORM-FNLA2-MGCP-DNIS_css,Applied to site gateway configuration in CUCM,,XFORM-FNLA2-MGCP-DNIS_par,f,2,99
7b1e8440-c462-c6de-bf4e-d9a2aace6911,FXE-FIELD-A-GLHA-APP-css,GLHA CSS to be Placed on the Lines at the Site,,BLOCKED-GENERAL_par:FXE-FIELD-A-GLHA-APP-par:FXE-FIELD-A-INTERNAL_par,f,2,99
7482404f-29f8-f521-b3eb-a903eb854b82,XFORM-LWSSC-MGCP-ANI_css,LWSCDApplied to site gateway configuration in CUCM,,XFORM-LWSSC-MGCP-ANI_par,f,2,99
add9d881-77a2-4450-e414-636071c575c0,FXG-FIELD-1286-APP_css,FXG-1286 CSS Applied to the phone line and Gateway,,BLOCKED-GENERAL_par:FXG-FIELD-1286-APP_par:FXE-FIELD-A-INTERNAL_par,f,2,99
441ef858-5cfd-c241-56ed-3901f833095d,FXE-FIELD-A-DTWRT-APP_css,DTWRT CSS to be Placed on the Lines at the Site,,BLOCKED-GENERAL_par:FXE-FIELD-A-DTWRT-APP_par:FXE-FIELD-A-INTERNAL_par,f,2,99
dc454fcc-7e52-9d0e-e3b7-2815581677ec,FXE-DALA_Local_css,DALA Local css,,FXE-DALA_internal_par:NA-Local_par,f,2,99
33cd7628-2e8e-c1f7-082f-21b8e7b70b23,FXE-FIELD-A-HOTA-APP_css,HOTA CSS Applied to the phone lines and Gateway,,BLOCKED-GENERAL_par:FXE-FIELD-A-HOTA-APP_par:FXE-FIELD-A-INTERNAL_par,f,2,99
52af1183-3328-ad32-075c-7fe509bae6ee,XFORM-DHNA-MGCP-ANI_css,Applied to site gateway configuration in CUCM,,XFORM-DHNA-MGCP-ANI_par,f,2,99
85b8efc3-2790-605f-c455-118bbaa29991,FXE-FIELD-A-HOUA-APP_css,HOUA CSS to be Placed on the Lines at the Site,,BLOCKED-GENERAL_par:FXE-FIELD-A-HOUA-APP_par:FXE-FIELD-A-INTERNAL_par,f,2,99
8dc132f3-dbec-a336-7258-54d88077661e,HLNA-UR_css,"""HLNA internal, local, LD and international calls""",,HLNA_Internal_par:NA-Local_par:NA-LD_par:NA-International_par,f,2,99
396b1494-f871-a0ce-403a-99dd150b2d9c,FXE-SGUA_911_css,911 for SGUA,,NA-911_par,f,2,99
98890120-6836-62e8-e530-8494edee76c2,FXE-FIELD-A-DUJA-APP_css,DUJA CSS to be Placed on the Lines at the Site,,BLOCKED-GENERAL_par:FXE-FIELD-A-DUJA-APP_par:FXE-FIELD-A-INTERNAL_par,f,2,99
1fea0c04-ce43-fe75-fea9-800b77c20bb7,FXE-FIELD-A-GJTR-APP_css,CSS Applied to the phone lines and Gateway,,FXE-FIELD-A-GJTR-APP_par:FXE-FIELD-A-INTERNAL_par:BLOCKED-GENERAL_par,f,2,99
03515720-c08b-e1e8-d89a-93d4bc6c1f69,XFORM-FXG-1638-MGCP-ANI_css,FXG-1638 Applied to site GW configuration in CUCM,,XFORM-FXG-1638-MGCP-ANI_par,f,2,99
24d58acb-927a-37ca-b31c-aa147e8276f8,FXE-FIELD-A-PVUVM-APP-css,PVUVM CSS to be Placed on the Lines at the Site,,BLOCKED-GENERAL_par:FXE-FIELD-A-PVUVM-APP_par:FXE-FIELD-A-INTERNAL_par,f,2,99
98cd2861-5c04-f31c-6c23-a5004c6f44ca,FXE-SLCR_Local_css,SLCR Local css,,FXE-SLCR_internal_par:NA-Local_par,f,2,99
21cf823b-d850-eef5-59dd-7a5ff10fd113,FXE-FIELD-A-LAXFT-APP_css,LAXFT CSS Applied to the phone lines and Gateway,,BLOCKED-GENERAL_par:FXE-FIELD-A-LAXFT-APP_par:FXE-FIELD-A-INTERNAL_par,f,2,99
a84e3b2e-b4cf-5110-a039-609e6b5306d7,FXE-FIELD-A-ELPR-APP-css,ELPR CSS to be Placed on the Lines at the Site,,BLOCKED-GENERAL_par:FXE-FIELD-A-ELPR-APP-par:FXE-FIELD-A-INTERNAL_par,f,2,99
3249f7b1-dabf-ef3b-4719-c5aa77f95977,EWRVK_CngPTP-xform-IN_css,EWRVK Transform Incoming CLID,,EWRVK_CngPTP-Xform-IN_par,f,2,99
e77660d3-4aa4-fe3d-20f6-459aabbefec0,FXE-JGLRC_Local_css,FXE-JGLRC internal and local calls,,FXE-JGLRC_internal_par:NA-Local_par,f,2,99
78dcdc70-67c0-6d02-95cf-22664da3f0b0,FBTA-LD_css,FBTA internal and local and LD calls,,FBTA_internal_par:NA-Local_par:NA-LD_par,f,2,99
7ac9bfb2-b4e9-42f3-36d6-893c0baa21f5,FXE-FIELD-A-HRLB-APP_css,HRLB CSS to be Placed on the Lines at the Site,,BLOCKED-GENERAL_par:FXE-FIELD-A-HRLB-APP_par:FXE-FIELD-A-INTERNAL_par,f,2,99
54dfda60-4bb1-6f16-39ed-f4044efc7d99,FXE-FIELD-A-OAKA-APP_css,OAKA CSS to be Placed on the Lines at the Site,,BLOCKED-GENERAL_par:FXE-FIELD-A-OAKA-APP_par:FXE-FIELD-A-INTERNAL_par,f,2,99
697eb176-3776-5ec8-952c-58d4b1d073a2,FXE-FIELD-A-HSVA-APP_css,HSVA CSS to be Placed on the Lines at the Site,,BLOCKED-GENERAL_par:FXE-FIELD-A-HSVA-APP_par:FXE-FIELD-A-INTERNAL_par,f,2,99
4ade799e-6652-b2cc-5c10-004f4b21fbe1,XFORM-EAUA-MGCP-ANI_css,Applied to site gateway configuration in CUCM,,XFORM-EAUA-MGCP-ANI_par,f,2,99
09dfb370-c0ad-2fc6-5dd8-3674244279fa,XFORM-ABQR-MGCP-DNIS_css,Applied to site gateway configuration in CUCM,,XFORM-ABQR-MGCP-DNIS_par,f,2,99
e7d5338b-cc57-bc0c-6099-e4c394a8c89f,FXE-FIELD-A-CLTR1-APP_css,CLTR1 CSS to be Placed on the Lines at the Site,,BLOCKED-GENERAL_par:FXE-FIELD-A-CLTR1-APP_par:FXE-FIELD-A-INTERNAL_par,f,2,99
420da328-17ef-9cf8-b9bb-a2f3ee12c87d,MRIA_911_css,911 for MRIA,,MRIA_911_par,f,2,99
cf1e7058-9f3d-8a46-69d7-9030354f356b,FXE-FIELD-A-SRFA-APP_css,SRFA CSS to be Placed on the Lines at the Site,,BLOCKED-GENERAL_par:FXE-FIELD-A-SRFA-APP_par:FXE-FIELD-A-INTERNAL_par,f,2,99
fb03c0dc-b225-08cb-d088-54bc1b1fc114,FXE-FIELD-A-MAFA-APP_css,MAFA CSS to be Placed on the Lines at the Site,,FXE-FIELD-A-MAFA-APP_par:FXE-FIELD-A-INTERNAL_par:BLOCKED-GENERAL_par,f,2,99
dacd441e-e217-2e56-dca9-a29ef57c38d7,XFORM-APAA-MGCP-ANI_css,Applied to site gateway configuration in CUCM,,XFORM-APAA-MGCP-ANI_par,f,2,99
f423a24a-a7af-5528-cdd1-4cd36fba3b1d,LASA2_internal_css,Internal for LASA2,,LASA2_internal_par,f,2,99
2f33ccdb-79d3-323e-f4c8-146e1dbd9ea3,FXE-MOTA_CngPTP-xform-OUT_css,MOTA Transform numbers as they leave the local GW,,FXE-MOTA_CngPTP-Xform-OUT_par,f,2,99
b8368ae6-7f03-2c0e-72df-d8d546c02c86,XFORM-FNLA-MGCP-ANI_css,Applied to site gateway configuration in CUCM,,XFORM-FNLA-MGCP-ANI_par,f,2,99
c1827c9e-bb9c-84f1-d9ac-7e547b036a41,FXE-FIELD-A-MEJSC-APP_css,MEJSC CSS Applied to the phone lines and Gateway,,BLOCKED-GENERAL_par:FXE-FIELD-A-MEJSC-APP_par:FXE-FIELD-A-INTERNAL_par,f,2,99
42d33ce8-aacb-3c92-beef-ddbfe780e25e,JDTA-UR_css,"""JDTA internal, local, LD and international calls""",,JDTA_Internal_par:NA-Local_par:NA-LD_par:NA-International_par,f,2,99
12b70443-ccc4-84ea-1dd0-dfd6d2bc19e7,XFORM-APNA-MGCP-DNIS_css,Applied to site gateway configuration in CUCM,,XFORM-APNA-MGCP-DNIS_par,f,2,99
496e658f-a920-76ca-dc02-e73bebdb56a1,XFORM-BHMA-MGCP-DNIS_css,Applied to site gateway configuration in CUCM,,XFORM-BHMA-MGCP-DNIS_par,f,2,99
0b68ede2-3128-08ff-17b8-aea28ea92e00,STLRT_CngPTP-xform-OUT_css,STLR Transforms numbers as they leave the local GW,,STLRT_CngPTP-xform-OUT_par,f,2,99
3edbebba-790c-7bf0-386e-0a4995373f29,XFORM-CPRA-MGCP-DNIS_css,Applied to site gateway configuration in CUCM,,XFORM-CPRA-MGCP-DNIS_par,f,2,99
8be3d8c5-c69a-817e-3b37-1cff652f80be,XFORM-MFRA-MGCP-DNIS_css,MFRA Applied to site gateway configuration in CUCM,,XFORM-MFRA-MGCP-DNIS_par,f,2,99
b1eee138-67c1-629c-df63-c7af91463d78,FXE-MOTA_LD_css,MOTA LD css,,FXE-MOTA_internal_par:NA-Local_par:NA-LD_par,f,2,99
1cb98557-2977-6c90-336b-9f4f14d7445c,FXE-FIELD-A-SFBA-APP_css,CSS Applied to the phone lines and Gateway,,FXE-FIELD-A-SFBA-APP_par:FXE-FIELD-A-INTERNAL_par:BLOCKED-GENERAL_par,f,2,99
e68039bf-7724-8fc8-6ba7-769cff541d00,FXE-FIELD-A-TCLA-APP_css,TCLA CSS Applied to the phone lines and Gateway,,BLOCKED-GENERAL_par:FXE-FIELD-A-TCLA-APP_par:FXE-FIELD-A-INTERNAL_par,f,2,99
d1f21b4e-24ff-a1d7-ebaa-f241d949148c,FXE-FIELD-A-FARA-APP_css,FARA CSS to be Placed on the Lines at the Site,,BLOCKED-GENERAL_par:FXE-FIELD-A-FARA-APP_par:FXE-FIELD-A-INTERNAL_par,f,2,99
d7a56344-bdc0-43fb-649c-9f9572573663,XFORM-BDLR-ANI-OUT-css,Applied to site gateway configuration in CUCM,,XFORM-BDLR-MGCP-ANI_par,f,2,99
02755561-3bd7-3fc7-f8ad-b31cbd2956b8,FXE-FIELD-A-UNRESTRICTED-css,Used for Devices in sites using SIP PSTN w/DID,,SERVICES-par:VM-PILOT_par:FXE-FIELD-A-PSCAN-ToD-On-Shore_par:FXS-LOCEFS-On-Call-TOD-Offshore_par:FXS-LOCEFS-On-Call-TOD-Onshore_par:FXE-FIELD-A-INTERNAL_par:911-SIP-par:FXE-FIELD-A-LOCAL-par:FXE-FIELD-A-LD-par:PLUS-E164-par:FXE-FIELD-A-INTL-par:PLUS-INTL-par:FXE-Field-A-URI-DIALING_par:FXE-FIELD-A-LOCAL-MGCP_par,f,2,99
8418abd4-292b-a617-4261-2ccf24d9864a,FXE-FIELD-A-UNRESTRICTED-MGCP_css,Used for Devices in sites using SIP PSTN w/DID,,911-SIP-par:SERVICES-par:VM-PILOT_par:FXE-FIELD-A-PSCAN-ToD-On-Shore_par:FXE-Field-A-URI-DIALING_par:FXE-FIELD-A-LOCAL-MGCP_par:PLUS-LOCAL-MGCP_par:FXE-FIELD-A-LD-MGCP_par:PLUS-E164-MGCP_par:FXE-FIELD-A-INTL-MGCP_par:PLUS-INTL-MGCP_par:VM-restricted_par,f,2,99
c34b2e80-1d2a-495a-65c6-aea14e2afa12,FXE-FIELD-A-UNRESTRICTED-NONDID-css,Used for Devices in sites using SIP with NON-DID,,911-SIP-SPECIAL_par:SERVICES-par:VM-PILOT_par:FXE-FIELD-A-PSCAN-ToD-On-Shore_par:Directory URI:FXE-FIELD-A-INTERNAL_par:FXE-FIELD-A-LOCAL-par:PLUS-LOCAL-par:FXE-FIELD-A-LD-par:PLUS-E164-par:FXE-FIELD-A-INTL-par:PLUS-INTL-par,f,2,99
06a807af-48cc-1541-29f3-88cbd2c53948,FXE-FIELD-A-UNRESTRICTED-FORWARD-css,"""Call Forward External, adds ** to Calling num mask""",,SERVICES-par:911_par:SERVICES-MGCP_par:VM-PILOT_par:FXE-FIELD-A-PSCAN-ToD-On-Shore_par:Directory URI:FXE-FIELD-A-INTERNAL_par:FXE-FIELD-A-LOCAL-STAR-par:FXE-FIELD-A-LD-STAR-par:FXE-FIELD-A-INTL-STAR-par:PLUS-E164-STAR-par:PLUS-INTL-STAR-par,f,2,99
8c9a1410-98a9-4afd-9497-4c74b77cf416,FXE-FIELD-A-INTERNAL-css,Used for Devices in sites using SIP PSTN for 911,,911-SIP-par:VM-PILOT_par:Directory URI:FXE-FIELD-A-INTERNAL_par,f,2,99
d9b46598-f686-2b4e-21f7-dc14bf58dee4,FXE-FIELD-A-SLC5420W-NWR-APP-css,NWR SLC5420W CSS to be Applied to the Lines,,BLOCKED-GENERAL_par:FXE-FIELD-A-SLC5420W-NWR-APP-par:FXE-FIELD-A-INTERNAL_par:VM-restricted_par:Directory URI:FXE-Field-A-URI-DIALING_par,f,2,99
ea66d453-1c31-2e04-9fea-93a61d914338,FXE-FIELD-A-COSDC-APP-css,FXE-FIELD-A-COSDC-APP-css,,FXE-FIELD-A-PSCAN-ToD-On-Shore_par:FXE-FIELD-A-COSDC-APP_par:FXE-FIELD-A-INTERNAL_par:BLOCKED-GENERAL_par:Directory URI:FXE-Field-A-URI-DIALING_par:CO-LO-E911-EGW_par,f,2,99
19e4452a-ec59-4e00-e833-654bbf89a9be,FXE-FIELD-A-MCODC-APP-css,MCODC CSS to be Placed on the Lines at the Site,,BLOCKED-GENERAL_par:CO-LO-E911-EGW_par:FXE-FIELD-A-MCODC-APP-par:FXE-FIELD-A-INTERNAL_par:FXS-FIELD-A-MCODC-INTERNATIONAL-par:Directory URI:FXE-Field-A-URI-DIALING_par,f,2,99
76566ca4-d029-4af2-6f74-fc898c210640,FXE-FIELD-A-ONTR-APP_css,ONTR CSS to be Placed on the Lines at the Site,,BLOCKED-GENERAL_par:FXE-FIELD-A-ONTR-APP_par:FXE-FIELD-A-INTERNAL_par,f,2,99
3eeedab5-80e4-11dc-e49f-41a1e8d0c9e0,FXE-FIELD-DCLEG2-APP_css,DCLEG2 CSS to be Placed on the Lines at the Site,,BLOCKED-GENERAL_par:FXE-FIELD-A-DCLEG2-APP_par:FXE-FIELD-A-INTERNAL_par:Directory URI,f,2,99
8472292e-7cd5-cf23-2be6-fc034ffdd724,IELD-A-MCODC-APP-css,,,,f,2,99
e1531315-dfc5-e755-2f91-c682eedfac00,FIELD-A-SLC5420W-NWR-APP-css,,,,f,2,99
b1173eed-dfed-2d13-865e-546faf181657,FXE-FEILD-A-SIP-UR-WITH-URI-DIALING_css,Unrestricted with URI dialing,,FXE-FIELD-A-PSCAN-ToD-On-Shore_par:FXE-Field-A-URI-DIALING_par:FXE-FIELD-A-INTERNAL_par:Directory URI,f,2,99
52a9a8f5-b579-43c3-3c64-8d2d736db453,K-911_css,AIR CSS to be Applied to the Lines,,BLOCKED-GENERAL-par:1-FXF-SITE-911_par:FSC-AIR-APP-par:1-FXF-SITE-internal_par:2-FXF-SITE-LOCAL_par:3-FXF-SITE-LD-SME_par:4-FXF-SITE-International_par:6-VMPilot_par,f,2,99
b052bee3-8cf6-7ddc-2123-4aa186b72dbe,KDFWVK-911_css,AIR CSS to be Applied to the Lines,,BLOCKED-GENERAL-par:1-FXF-SITE-911_par:FSC-AIR-APP-par:1-FXF-SITE-internal_par:2-FXF-SITE-LOCAL_par:3-FXF-SITE-LD-SME_par:4-FXF-SITE-International_par:6-VMPilot_par,f,2,99
720e8f06-9bf0-4d8e-c89e-5bf6ffb2ee39,FXE-FIELD-A-LOCAL-MGCP-css,Used for Devices at MGCP sites TEMP,,911_par:SERVICES-MGCP_par:VM-PILOT_par:Directory URI:FXE-FIELD-A-INTERNAL-MGCP-par:FXE-FIELD-A-LOCAL-MGCP_par:PLUS-LOCAL-MGCP_par,f,2,99
ae144718-477a-6d20-9330-dfa3bd5ededa,FXE-FIELD-A-PHXRC-APP_css,CSS Applied to the phone lines and Gateway,,FXE-FIELD-A-PHXRC-APP_par:FXE-FIELD-A-INTERNAL_par:BLOCKED-GENERAL_par:Directory URI:FXE-Field-A-URI-DIALING_par:VM-restricted_par,f,2,99
f4fb2b7d-ddd3-9988-4768-0a4da3e99133,FXE-FIELD-A-UNRESTRICTED-LRG-css,Used for Devices in sites using Local 1FB  for 911,,911-1FB-par:SERVICES-par:VM-PILOT_par:FXE-FIELD-A-PSCAN-ToD-On-Shore_par:Directory URI:FXE-FIELD-A-INTERNAL_par:FXE-FIELD-A-LOCAL-par:PLUS-LOCAL-par:FXE-FIELD-A-LD-par:PLUS-E164-par:FXE-FIELD-A-INTL-par:PLUS-INTL-par,f,2,99
38de24a9-dce1-d26d-40d4-185cb8bf1717,DFWVK-911_css,911 for DFWVK,,Directory URI:FXE-Field-A-URI-DIALING_par:DFWVK_911_par,f,2,99
b9a77c2b-2a26-2574-a1c5-12db5d7df939,FXE-FIELD-A-UNRESTRICTED-STAR-css,Temp ** for outgoing SIP calls,,SERVICES-par:911-par:SERVICES-MGCP_par:VM-PILOT_par:FXE-FIELD-A-PSCAN-ToD-On-Shore_par:FXE-FIELD-A-INTERNAL_par:FXE-FIELD-A-LOCAL-STAR-par:FXE-FIELD-A-LD-STAR-par:FXE-FIELD-A-INTL-STAR-par:PLUS-E164-STAR-par:PLUS-INTL-STAR-par,f,2,99
1bd80d37-b491-e625-bdd7-e2541b16f4cd,FXE-FIELD-A-MIA-GW_css,CSS Applied to the phone lines and Gateway,,911_par:SERVICES-MGCP_par:FXE-FIELD-A-MIA-APP_par:FXE-FIELD-A-INTERNAL_par:VM-PILOT_par:Directory URI:FXE-FIELD-A-LOCAL-MGCP_par:PLUS-LOCAL-MGCP_par:FXE-FIELD-A-LD-MGCP_par:FXE-FIELD-A-INTL-MGCP_par:PLUS-E164-MGCP_par,f,2,99
274222a6-3ffb-36c3-68d3-66a68abf5e16,OUTBOUND-TKGW-UNRESTRICTED-css,Unrestricted OFF CLUSTER Routing,,FXE-FIELD-A-PSCAN-ToD-On-Shore_par:Directory URI:FXE-FIELD-A-INTERNAL_par:FXE-FIELD-A-INTERNAL-MGCP-par:FXE-FIELD-A-LOCAL-par:FXE-FIELD-A-LOCAL-MGCP_par:PLUS-LOCAL-par:PLUS-LOCAL-MGCP_par:FXE-FIELD-A-LD-par:FXE-FIELD-A-LD-MGCP_par:PLUS-E164-par:PLUS-E164-MGCP_par:FXE-FIELD-A-INTL-par:FXE-FIELD-A-INTL-MGCP_par:PLUS-INTL-par:PLUS-INTL-MGCP_par,f,2,99
ca1f5a77-3e24-46ce-2b80-46bbecb1ee33,CO-LO-E911-EGW_css,E911 Calls to EGWs in CO-LO,,CO-LO-E911-EGW_par:1-FXF-SITE-internal_par:FXE-FIELD-A-INTERNAL_par:FXF-INTERNAL-par:FXE-GlobalDID-par:FXE-GlobalExt-par,f,2,99
9341555f-8daf-35f7-92ee-6c1c0bc9ef2a,FXE-YYZHQ-APP-css,YYZHQ Site specific Calling Search Space,,FXE-GlobalDID-par:FXE-GlobalExt-par:FXE-YYZHQEmergency-par:FXE-YYZHQtoE164-par:FXE-CANPSTNLocal-par,f,2,99
a6af3a14-f1c5-63a6-f48c-ee20e3d9a33e,FXF-SND-APP-css,SND CSS to be Applied to the Lines,,BLOCKED-GENERAL-par:1-FXF-SITE-911_par:FXF-SND-APP-par:1-FXF-SITE-internal_par:1-FXF_SpeedDial_par:2-FXF-SITE-LOCAL_par:3-FXF-SITE-LD-SME_par:4-FXF-SITE-International_par:6-VMPilot_par,f,2,99
cf873046-1934-f796-d358-3714ada4de00,FXE-FIELD-A-VMP_css,Express Cluster Voice Mail CSS,,FXE-FIELD-A-INTERNAL_par,f,2,99
851d5695-6fad-2c9f-aa4e-f684404b96a1,FXE-FIELD-A-MQIA-APP-css,FXE MQIA CSS to be Placed on the Lines,,BLOCKED-GENERAL_par:FXE-FIELD-A-INTERNAL_par:FXE-FIELD-A-MQIA-APP-par,f,2,99
c7e6898c-e40b-7fbc-000d-0b3506bdb5a8,FXE-FIELD-A-INTERNAL-DN-Only-css,Used for calling Phones DNs,,FXE-FIELD-A-INTERNAL_par,f,2,99
57d26b64-0b8e-c6ac-6fdf-9579ef5f5589,FXE-FIELD-A-GSELAXR-APP_css,LAXR GSE,,FXE-FIELD-A-GSELAXR-APP_par,f,2,99
b8542f7f-9cd8-0745-89e9-3ca035339d8e,Captel_APP_css,,,Captel-APP-par,f,2,99
7275ec16-0189-0877-5a0a-cf5caf3cc162,FXE-YRQA-APP-css,YRQA Site specific Calling Search Space,,FXE-GlobalDID-par:FXE-GlobalExt-par:FXE-YRQAEmergency-pt:FXE-YRQAtoE164-par,f,2,99
58be83a4-87ff-9ab8-02bc-ad3ac47670f4,INDY_Local_css,INDY_Local_css,,INDY_LOCAL_par:INDY_internal_par,f,2,99
1bc2e43d-2d20-9bd0-fe8e-5a2fdb084cb0,INDY_Internal_css,Internal INDY,,INDY_internal_par,f,2,99
efcc69ee-a3e8-5cb8-57b5-c790a94280e5,INDY_LD_css,INDY LD,,INDY_LD_par:INDY_LOCAL_par:INDY_internal_par,f,2,99
5a841b98-fef4-6c94-2abe-c3f8b1854e1e,INDY_International_css,INDY International,,INDY_International_par:INDY_LD_par:INDY_LOCAL_par:INDY_internal_par,f,2,99
6ab6cb65-bde8-c64e-2d61-f715079490ba,INDY_CngPTP-xform-OUT_css,INDY_CngPTP-xform-OUT_css,,INDY_CngPTP-xform-OUT_css,f,2,99
57b60a78-bb2c-ced7-b561-2267102cdc95,FXF-PFI-APP-css,PFI CSS to be Applied to the Lines,,BLOCKED-GENERAL-par:1-FXF-SITE-911_par:FXF-PFI-APP-par:1-FXF-SITE-internal_par:1-FXF_SpeedDial_par:2-FXF-SITE-LOCAL_par:3-FXF-SITE-LD-SME_par:4-FXF-SITE-International_par:6-VMPilot_par,f,2,99
836f5d24-1c5a-5868-dbc5-3c3287b2776c,FXE-FIELD-A-DTWPC-APP_css,DTWPC CSS to be Placed on the Lines at the Site,,CO-LO-E911-EGW_par:BLOCKED-GENERAL_par:FXE-FIELD-A-DTWPC-APP_par:FXE-FIELD-A-INTERNAL_par:DTWPC-Page-No-Delay_par,f,2,99
fb838ed9-86d3-03bc-e5e5-eadd8a2b0809,FXE-FIELD-A-DFWPC-APP_css,DFWPC CSS to be Placed on the Lines at the Site,,BLOCKED-GENERAL_par:FXE-FIELD-A-DFWPC-APP_par:FXE-FIELD-A-INTERNAL_par,f,2,99
44f55a87-7f56-5d4a-02ee-5cea593bcafb,FXE-CAN-national-TP-css,Canada National Globalize TP access CSS - add +1,,FXE-GlobalDID-par:FXE-CANPSTNNational-TP-par,f,2,99
77deb34d-6816-a403-0430-19c35cac896c,FXE-CAN-national-LearnedPattern-and-RP-css,Canada National Learned Pattern and RP access,,Global Learned E164 Numbers:Global Learned E164 Patterns:Global Learned Enterprise Numbers:Global Learned Enterprise Patterns:FXE-CANPSTNNational-RP-par,f,2,99
4ee2160b-9f1e-e395-42fa-fe643f6e7f24,FXE-CAN-INTL-LearnedPattern-and-RP-css,Canada INTL Learned Pattern and RP access,,Global Learned E164 Numbers:Global Learned E164 Patterns:Global Learned Enterprise Numbers:Global Learned Enterprise Patterns:FXE-GlobPSTNInternational-RP-par,f,2,99
213ad07f-d532-ee23-0471-c37fe08c7e1c,FXE-CAN-TEST-International-css,Canada  Test PSTN Inter National Calls CSS,,6-VMPilot_par:FXE-GlobalDID-par:FXE-CANPSTNLocal-par:FXE-CANPSTNNational-par:FXE-GlobPSTNInternational-par,f,2,99
9338924f-a9fd-071c-d19d-c5372697db05,FXE-FIELD-A-MIAPC-APP_css,CSS Applied to the phone lines and Gateway,,BLOCKED-GENERAL_par:FXE-FIELD-A-MIAPC-APP_par:FXE-FIELD-A-INTERNAL_par,f,2,99
db854648-c5da-7a65-b6c7-fab19e8305d3,E911-EGW_CAN_css,,,E911-EGW_CAN_par:FXE-GlobalExt-par:FXE-GlobalDID-par,f,2,99
06b641b1-c0fe-a952-e970-6dacbe72f857,FXE-GWYYJADNISTF-css,Localize FXE YYJA DNIS before sending to PSTN,,FXE-GWGlobDNIS-par:FXE-GWYYJADNIS-par,f,2,99
33d7e358-e6e6-ff83-52a5-57abf47f94b0,FXE-YIBAlocal-css,YIBA National Css,,FXE-GlobalDID-par:FXE-GlobalExt-par:FXE-CANtoE164-par:FXE-YIBAEmergency-par:FXE-YIBA4Digit-par,f,2,99
298a63e6-7234-a65e-1b56-fbb93261f735,FXE-GWYXXADNISTF-CSS,Localize FXE YAZA DNIS before sending to PSTN,,FXE-GWGlobDNIS-par:FXE-GWYXXADNIS-par,f,2,99
459b86d7-6dfe-1d79-2784-d5f0b05b9084,FXE-SME-SIP-INBOUND-css,,,Directory URI:FXE-CAN-URI-DIALING-par:FXE-SME-SIP-INBOUND-par,f,2,99
556a1622-8b5c-b102-d109-2845e9a0ee32,FXE-GWYPQAANITF-css,,,FXE-GWYPQAANI-Par,f,2,99
6cc03258-9bd7-8086-0031-8c8ba469fc89,FXE-YAMAnational-css,YAMA National Css,,FXE-GlobalDID-par:FXE-GlobalExt-par:FXE-CANtoE164-par:FXE-CANPSTNNational-par:FXE-YAMAEmergency-par:FXE-YAMAPSTNLocal-par:FXE-YAMAtoE164-par,f,2,99
8a309fb7-ab66-b283-0713-c993fdf36293,FXE-GlobalAAR-css,Global AAR calling search space,,FXE-GlobPSTNInternational-par:FXE-CANPSTNNational-par,f,2,99
99562270-3fcc-379c-293b-7d89dfc40eaa,FXE-PhoneYYZRANITF-css,Css for translation to present 4 digit called ID,,FXE-PhoneYYZRANI-par,f,2,99
cfc4182e-6c3a-0367-d132-177f80c08ed1,FXE-YKZAlocal-css,YKZA Local Css,,FXE-GlobalDID-par:FXE-GlobalExt-par:FXE-CANtoE164-par:FXE-YKZAEmergency-par:FXE-YKZAPSTNLocal-par:FXE-YKZAtoE164-par:FXE-GlobEmergency-par,f,2,99
df42d604-3872-fce1-572f-0ce0a00197c6,FXE-PhoneYYGAANITF-css,Css for translation to present 4 digit called ID,,FXE-PhoneYYGAANI-par,f,2,99
12759f38-8a1c-e785-f241-1ae585cc5b4e,FXE-PhoneYAZAANITF-css,Css for translation to present 4 digit called ID,,FXE-PhoneYAZAANI-par,f,2,99
2b09b0d3-2a47-6e4b-f8df-743be1251d2d,FXE-YHZRnational-css,YHZR International css,,FXE-GlobalDID-par:FXE-GlobalExt-par:FXE-YHZRtoE164-par:FXE-CANtoE164-par:FXE-CANPSTNNational-par:FXE-YHZRPSTNLocal-par:FXE-YHZREmergency-par,f,2,99
1c2cc64d-e25d-6839-9335-318cecfc3920,FXE-YTRAlocal-css,YTRA Local Css,,FXE-GlobalDID-par:FXE-GlobalExt-par:FXE-CANtoE164-par:FXE-YTRAEmergency-par:FXE-YTRAPSTNLocal-par:FXE-YTRAtoE164-par,f,2,99
17f27bae-5c81-5493-6372-42a9fc280ad8,FXE-YNDANational-css,FXE-YNDANational-css,,FXE-GlobalDID-par:FXE-GlobalExt-par:FXE-CANtoE164-par:FXE-CANPSTNNational-par:FXE-YOWAPSTNLocal-par:Directory URI:FXE-YNDAEmergency-par:FXE-YOWAtoE164-par,f,2,99
0997e725-0ad8-5c61-cd06-2ec8e894f596,FXE-YSWAlocal-css,YSWA Local Css,,FXE-GlobalDID-par:FXE-GlobalExt-par:FXE-CANtoE164-par:FXE-YSWAEmergency-par:FXE-YSWAPSTNLocal-par:FXE-YSWAtoE164-par,f,2,99
053d9a1c-a09c-7efb-b31c-a1d4c2705247,FXE-GWYSWADNISTF-css,Localize FXE YSWA DNIS before sending to PSTN,,FXE-GWGlobDNIS-par:FXE-GWYSWADNIS-par,f,2,99
2219b3fd-eab1-af1f-1319-e2abf795ad6c,FXE-YTOAInternational-css,YTOA International css,,FXE-GlobalDID-par:FXE-GlobalExt-par:FXE-CANtoE164-par:FXE-GlobPSTNInternational-par:FXE-CANPSTNNational-par:FXE-YTOAtoE164-par:FXE-YTOAPSTNLocal-par:FXE-YTOAEmergency-par,f,2,99
1b52e1e3-0447-1109-e828-e746af297d9f,FXE-YULRCInternational-css,YULRC International css,,FXE-GlobalDID-par:FXE-GlobalExt-par:FXE-CANtoE164-par:FXE-GlobPSTNInternational-par:FXE-CANPSTNNational-par:FXE-YULRCtoE164-par:FXE-YULRCPSTNLocal-par:FXE-YULRCEmergency-par,f,2,99
05fa7cb0-d619-04ab-0198-333372593fec,FXE-YYZRInternational-css,YYZR International css,,FXE-GlobalDID-par:FXE-GlobalExt-par:FXE-CANtoE164-par:FXE-GlobPSTNInternational-par:FXE-CANPSTNNational-par:FXE-YYZRtoE164-par:FXE-YYZRPSTNLocal-par:FXE-YYZREmergency-par:FXE-YYZRPlarPhone-par,f,2,99
1accd69e-8e9d-a83d-6702-29ba0138a76d,FXE-YYZHQInternational-css,YYZHQ International css,,FXE-GlobalDID-par:FXE-GlobalExt-par:FXE-CANtoE164-par:FXE-GlobPSTNInternational-par:FXE-CANPSTNNational-par:FXE-YYZHQtoE164-par:FXE-YYZHQEmergency-par,f,2,99
0a17147f-eecf-0dab-7e90-17033a4df550,FXE-YYZHQnational-URI-css,YYZHQ National URI Css,,FXE-GlobalDID-par:FXE-GlobalExt-par:FXE-YYZHQtoE164-par:FXE-CANtoE164-par:FXE-CANPSTNNational-par:Directory URI:FXE-CAN-URI-DIALING-par:FXE-YYZHQEmergency-par,f,2,99
052f97d6-650e-0896-8e55-c419fa17f396,FXE-YDGAnational-css,YDGA National Css,,FXE-GlobalDID-par:FXE-GlobalExt-par:FXE-CANtoE164-par:FXE-CANPSTNNational-par:FXE-YDGAEmergency-pt:FXE-YDGAPSTNLocal-par:FXE-YDGAtoE164-par,f,2,99
1c7d3c0c-ed67-fbb0-8ea2-9aedb0eef400,FXE-YKZAInternational-css,YKZA International css,,FXE-GlobalDID-par:FXE-GlobalExt-par:FXE-CANtoE164-par:FXE-GlobPSTNInternational-par:FXE-CANPSTNNational-par:FXE-YKZAtoE164-par:FXE-YKZAPSTNLocal-par:FXE-YKZAEmergency-par:FXE-GlobEmergency-par,f,2,99
03c0fa30-5e04-f9eb-1a9c-e7d8974f3197,FXE-YHZAlocal-css,YHZA Local Css,,FXE-GlobalDID-par:FXE-GlobalExt-par:FXE-CANtoE164-par:FXE-YHZAEmergency-pt:FXE-YHZAPSTNLocal-par:FXE-YHZAtoE164-par,f,2,99
179d4525-5959-278d-778a-e02e19ea8ba4,FXE-YFCAInternational-css,YFCA International css,,FXE-YFCAEmergency-pt:FXE-YFCAPSTNLocal-par:FXE-YFCAtoE164-par:FXE-GlobalDID-par:FXE-GlobalExt-par:FXE-CANtoE164-par:FXE-CANPSTNNational-par:FXE-GlobPSTNInternational-par,f,2,99
0bb0ab41-f86f-5fd3-6ff4-a72ffab58f4c,FXE-YUXAnational-css,YUXA National Css,,FXE-GlobalDID-par:FXE-GlobalExt-par:FXE-CANtoE164-par:FXE-CANPSTNNational-par:FXE-YUXAEmergency-pt:FXE-YUXAPSTNLocal-par:FXE-YUXAtoE164-par,f,2,99
1f309554-5fe5-1d55-32f8-220ec0f6136d,FXE-YFCAlocal-css,YFCA Local Css,,FXE-GlobalDID-par:FXE-GlobalExt-par:FXE-CANtoE164-par:FXE-YFCAEmergency-pt:FXE-YFCAPSTNLocal-par:FXE-YFCAtoE164-par,f,2,99
086b5946-db06-feae-d86d-b597528fa653,FXE-PhoneYXUAANITF-css,Css for translation to present 4 digit called ID,,FXE-PhoneYXUAANI-par,f,2,99
001b51db-b4e3-ae5a-3186-4b7e226487f6,FXE-GWYKAADNISTF-css,Localize FXE YKAA DNIS before sending to PSTN,,FXE-GWGlobDNIS-par:FXE-GWYKAADNIS-Par,f,2,99
0b35d295-bd79-33f1-c803-7335b3d4c460,FXE-GWYVRRCDNISTF-css,Localize FXE YVRRC DNIS before sending to PSTN,,FXE-GWGlobDNIS-par:FXE-GWYVRRCDNIS-Par,f,2,99
13e1373d-59a3-5b5f-0b1d-124a88ab62be,FXE-YSJAInternational-css,YSJA International css,,FXE-GlobalDID-par:FXE-GlobalExt-par:FXE-YSJAtoE164-par:FXE-CANtoE164-par:FXE-GlobPSTNInternational-par:FXE-CANPSTNNational-par:FXE-YSJAPSTNLocal-par:FXE-YSJAEmergency-par,f,2,99
0556ed55-5ebe-5122-4ae3-e368463bf2c8,FXE-YBNAInternational-css,YBNA International css,,FXE-GlobalDID-par:FXE-GlobalExt-par:FXE-CANtoE164-par:FXE-GlobPSTNInternational-par:FXE-CANPSTNNational-par:FXE-YBNAEmergency-par:FXE-YBNAPSTNLocal-par:FXE-YBNAtoE164-par,f,2,99
01d5771f-93ea-f6d3-ce11-3f7764b32387,FXE-PhoneYSJAANITF-css,Css for translation to present 4 digit called ID,,FXE-PhoneYSJAANI-par,f,2,99
0bb023d0-3517-5f84-04f4-401900e11b73,FXE-YQMAlocal-css,YQMA Local Css,,FXE-GlobalDID-par:FXE-GlobalExt-par:FXE-CANtoE164-par:FXE-YQMAEmergency-pt:FXE-YQMAPSTNLocal-par:FXE-YQMA4Digit-par,f,2,99
07d17653-37bf-0811-19f8-078be6c5a2f8,FXE-YXEAlocal-css,YXEA Local Css,,FXE-GlobalDID-par:FXE-GlobalExt-par:FXE-CANtoE164-par:FXE-YXEAEmergency-par:FXE-YXEAPSTNLocal-par:FXE-YXEAtoE164-par,f,2,99
1510eec9-996b-c2fb-dbe9-750afd8fd975,FXE-YUXAInternational-css,YUXA International css,,FXE-GlobalDID-par:FXE-GlobalExt-par:FXE-CANtoE164-par:FXE-GlobPSTNInternational-par:FXE-CANPSTNNational-par:FXE-YUXAtoE164-par:FXE-YUXAPSTNLocal-par:FXE-YUXAEmergency-pt,f,2,99
1354961d-8145-7fda-c3aa-20c3ca8b9b92,FXE-YYGAInternational-css,YYGA International css,,FXE-GlobalDID-par:FXE-GlobalExt-par:FXE-CANtoE164-par:FXE-GlobPSTNInternational-par:FXE-CANPSTNNational-par:FXE-YYGAtoE164-par:FXE-YYGAPSTNLocal-par:FXE-YYGAEmergency-pt,f,2,99
0bd13163-45f8-1440-d89f-0262054e49ec,FXE-PhoneYCMAANITF-css,Css for translation to present 4 digit called ID,,FXE-PhoneYCMAANI-par,f,2,99
00e78ce6-9bd9-95b7-9c9f-a6cb93814c32,FXE-YQGAlocal-css,YQGA Local Css,,FXE-GlobalDID-par:FXE-GlobalExt-par:FXE-CANtoE164-par:FXE-YQGAEmergency-par:FXE-YQGAPSTNLocal-par:FXE-YQGAtoE164-par,f,2,99
0077d0cd-b0d3-739c-642b-7c27d91715d9,FXE-YQRRlocal-css,YQRA Local Css,,FXE-GlobalDID-par:FXE-GlobalExt-par:FXE-CANtoE164-par:FXE-YQRAEmergency-pt:FXE-YQRAPSTNLocal-par:FXE-YQRAtoE164-par,f,2,99
1093ac7d-34dc-c9f0-7ef4-d6955e5cc6d0,FXE-YVVAlocal-css,YVVA Local Css,,FXE-GlobalDID-par:FXE-GlobalExt-par:FXE-YVVAtoE164-par:FXE-CANtoE164-par:FXE-YVVAPSTNLocal-par:FXE-GlobEmergency-par,f,2,99
325e7bc5-1818-741a-49e8-ecb0e5eac0d1,FXE-YSJAnational-css,YSJA National Css,,FXE-GlobalDID-par:FXE-GlobalExt-par:FXE-YSJAtoE164-par:FXE-CANtoE164-par:FXE-CANPSTNNational-par:FXE-YSJAPSTNLocal-par:FXE-YSJAEmergency-par,f,2,99
31e91345-e0c2-41c1-9895-6dce466efd86,FXE-YULRCnational-URI-css,YULRC National URI Css,,FXE-GlobalDID-par:FXE-GlobalExt-par:FXE-YULRCtoE164-par:FXE-CANtoE164-par:FXE-CANPSTNNational-par:FXE-YULRCPSTNLocal-par:Directory URI:FXE-CAN-URI-DIALING-par:FXE-YULRCEmergency-par,f,2,99
324fe2aa-e134-e7af-7c6e-2fde7aab0408,FXE-YMXInternational-css,YMX International css,,FXE-GlobalDID-par:FXE-GlobalExt-par:FXE-CANtoE164-par:FXE-GlobPSTNInternational-par:FXE-CANPSTNNational-par:FXE-YMXtoE164-par:FXE-YMXPSTNLocal-par:FXE-YMXEmergency-par,f,2,99
3368312c-5310-584e-daee-260aeab3eaa7,FXE-YULAnational-css,YULA National Css,,FXE-GlobalDID-par:FXE-GlobalExt-par:FXE-CANtoE164-par:FXE-CANPSTNNational-par:FXE-YULAEmergency-par:FXE-YULAPSTNLocal-par:FXE-YULAtoE164-par,f,2,99
3366365d-f95e-7077-0f11-1b6a4f65a171,FXE-PhoneYULRCANITF-css,Css for translation to present 4 digit called ID,,FXE-PhoneYULRCANI-par,f,2,99
346eb4db-c252-af5b-149a-68886c3efe1c,FXE-GWYVVADNISTF-css,Localize FXE YVVA DNIS before sending to PSTN,,FXE-GWGlobDNIS-par:FXE-GWYVVADNIS-Par,f,2,99
3438917a-e373-501f-6760-ac56e7c384e2,FXE-YIBAInternational-css,YIBA International css,,FXE-GlobalDID-par:FXE-GlobalExt-par:FXE-CANtoE164-par:FXE-GlobPSTNInternational-par:FXE-CANPSTNNational-par:FXE-YIBA4Digit-par:FXE-YIBAEmergency-par,f,2,99
24a522f9-daaf-6515-961b-d14fa6a36b74,FXE-YSJAlocal-css,YSJA Local Css,,FXE-GlobalDID-par:FXE-GlobalExt-par:FXE-YSJAtoE164-par:FXE-CANtoE164-par:FXE-YSJAPSTNLocal-par:FXE-YSJAEmergency-par,f,2,99
32aed0d2-129b-6f35-a428-58f6fbe98f67,FXE-YULAInternational-css,YULA International css,,FXE-GlobalDID-par:FXE-GlobalExt-par:FXE-CANtoE164-par:FXE-GlobPSTNInternational-par:FXE-CANPSTNNational-par:FXE-YULAtoE164-par:FXE-YULAPSTNLocal-par:FXE-YULAEmergency-par,f,2,99
310e9241-10b7-fed9-078e-666e542d4d51,FXE-PhoneYQMAANITF-css,Css for translation to present 4 digit called ID,,FXE-PhoneYQMAANI-par,f,2,99
35ef2ec3-7d95-5395-bddc-0a07ccdebda5,FXE-YQBAnational-css,YQBA National Css,,FXE-GlobalDID-par:FXE-GlobalExt-par:FXE-CANtoE164-par:FXE-CANPSTNNational-par:FXE-YQBAEmergency-par:FXE-YQBAPSTNLocal-par:FXE-YQBAtoE164-par,f,2,99
2b16dd70-a59d-3e90-d32d-6f60d29ad64b,FXE-PhoneYHMAANITF-css,Css for translation to present 4 digit called ID,,FXE-PhoneYHMAANI-par,f,2,99
2ff248d0-4ca6-022c-e1db-efc708edc619,FXE-YXEAnational-css,YXEA National Css,,FXE-GlobalDID-par:FXE-GlobalExt-par:FXE-CANtoE164-par:FXE-CANPSTNNational-par:FXE-YXEAEmergency-par:FXE-YXEAPSTNLocal-par:FXE-YXEAtoE164-par,f,2,99
31628867-4780-8469-9a61-6b15e47920eb,FXE-YBZAlocal-css,YBZA Local Css,,FXE-GlobalDID-par:FXE-GlobalExt-par:FXE-CANtoE164-par:FXE-YBZAEmergency-par:FXE-YBZAPSTNLocal-par:FXE-YBZAtoE164-par,f,2,99
2aa98899-31fa-352b-c5c2-1e5b6635661f,FXE-GWYBNADNISTF-css,Localize FXE YBNA DNIS before sending to PSTN,,FXE-GWGlobDNIS-par:FXE-GWYBNADNIS-par,f,2,99
2317c91f-f483-8758-9b28-e893f32c4b23,FXE-PhoneYEGRANITF-css,Css for translation to present 4 digit called ID,,FXE-PhoneYEGRANI-par,f,2,99
26f51c85-fadc-90e2-183c-e9c685a50107,FXE-YYTAInternational-css,YYTA International css,,FXE-GlobalDID-par:FXE-GlobalExt-par:FXE-CANtoE164-par:FXE-GlobPSTNInternational-par:FXE-CANPSTNNational-par:FXE-YYTA4Digit-par:FXE-YYTAPSTNLocal-par:FXE-YYTAEmergency-par,f,2,99
283c9b3c-3dd8-c3db-ba7e-d4658557bf70,FXE-YHMAlocal-css,YHMA Local Css,,FXE-GlobalDID-par:FXE-GlobalExt-par:FXE-CANtoE164-par:FXE-YHMAEmergency-par:FXE-YHMAPSTNLocal-par:FXE-YHMAtoE164-par,f,2,99
3337e605-50dd-dc27-9275-5481b048da52,FXE-YSWAnational-css,YSWA National Css,,FXE-GlobalDID-par:FXE-GlobalExt-par:FXE-CANtoE164-par:FXE-CANPSTNNational-par:FXE-YSWAEmergency-par:FXE-YSWAPSTNLocal-par:FXE-YSWAtoE164-par,f,2,99
2eeb82b5-fbd8-c1d7-6d18-08dbb458ae54,FXE-GWGlobal-css,All Global DIDs and ESNs,,FXE-GlobalDID-par:FXE-GlobalExt-par:FXE-GlobCTI-par,f,2,99
35ce6a36-0f48-8d14-3fb9-6a27bb370b4c,FXE-YKFAInternational-css,YKFA International css,,FXE-GlobalDID-par:FXE-GlobalExt-par:FXE-CANtoE164-par:FXE-GlobPSTNInternational-par:FXE-CANPSTNNational-par:FXE-YKFAtoE164-par:FXE-YKFAPSTNLocal-par:FXE-YKFAEmergency-par,f,2,99
2f71aa44-52bf-3ebb-f52e-e3e39bf2726e,FXE-YULAlocal-css,YULA Local Css,,FXE-GlobalDID-par:FXE-GlobalExt-par:FXE-CANtoE164-par:FXE-YULAEmergency-par:FXE-YULAPSTNLocal-par:FXE-YULAtoE164-par,f,2,99
22c1257e-f5d3-8de9-c8d2-a7b1f918ab6e,FXE-YHMAnational-css,YHMA National Css,,FXE-GlobalDID-par:FXE-GlobalExt-par:FXE-CANtoE164-par:FXE-CANPSTNNational-par:FXE-YHMAEmergency-par:FXE-YHMAPSTNLocal-par:FXE-YHMAtoE164-par,f,2,99
33def335-4aca-1d6c-b0b7-a946708b738f,FXE-YQBAlocal-css,YQBA Local Css,,FXE-GlobalDID-par:FXE-GlobalExt-par:FXE-CANtoE164-par:FXE-YQBAEmergency-par:FXE-YQBAPSTNLocal-par:FXE-YQBAtoE164-par,f,2,99
35d8f33d-d980-bfee-01ad-fc163105f433,FXE-YYTAlocal-css,YYTA Local Css,,FXE-GlobalDID-par:FXE-GlobalExt-par:FXE-CANtoE164-par:FXE-YYTAEmergency-par:FXE-YYTAPSTNLocal-par:FXE-YYTA4Digit-par,f,2,99
26c4bdfa-e247-38bb-8372-30b1d037357e,FXE-YYCAlocal-css,YYCA Local Css,,FXE-GlobalDID-par:FXE-GlobalExt-par:FXE-CANtoE164-par:FXE-YYCAEmergency-par:FXE-YYCAPSTNLocal-par:FXE-YYCAtoE164-par,f,2,99
361c4bd3-31d5-b591-5ea4-0120b0808db6,FXE-YQRAlocal-css,YQRA Local Css,,FXE-GlobalDID-par:FXE-GlobalExt-par:FXE-CANtoE164-par:FXE-YQRAEmergency-pt:FXE-YQRAPSTNLocal-par:FXE-YQRAtoE164-par,f,2,99
c0dcbc80-6ca2-c8b3-c9a5-0b6060f4c481,FXE-PhoneYTSAANITF-css,Css for translation to present 4 digit called ID,,FXE-PhoneYTSAANI-pa,f,2,99
2de33f2e-be19-30fb-6156-5fc5c09579a9,FXE-YGKAlocal-css,YGKA Local Css,,FXE-GlobalDID-par:FXE-GlobalExt-par:FXE-CANtoE164-par:FXE-YGKAEmergency-par:FXE-YGKAPSTNLocal-par:FXE-YGKAtoE164-par,f,2,99
49246551-9051-81a1-30d5-874a5eae5c1f,FXE-YBNAnational-css,YBNA National Css,,FXE-GlobalDID-par:FXE-GlobalExt-par:FXE-CANtoE164-par:FXE-CANPSTNNational-par:FXE-YBNAEmergency-par:FXE-YBNAPSTNLocal-par:FXE-YBNAtoE164-par,f,2,99
3eba6738-5a97-6299-3d63-d36c2ee72e2d,FXE-YIBAnational-css,YIBA National Css,,FXE-GlobalDID-par:FXE-GlobalExt-par:FXE-CANtoE164-par:FXE-CANPSTNNational-par:Directory URI:FXE-YIBAEmergency-par:FXE-YIBA4Digit-par,f,2,99
476ae3b6-588d-9093-21cb-b3080947f5f1,FXE-YPQAlocal-css,YPQA Local Css,,FXE-GlobalDID-par:FXE-GlobalExt-par:FXE-CANtoE164-par:FXE-YPQAEmergency-par:FXE-YPQAPSTNLocal-par:FXE-YPQAtoE164-par,f,2,99
d070e35e-fdd0-fdbf-4e9e-3652396d90cd,FSC-KCDC-APP-css,KCDC CSS to be Applied to the Lines,,BLOCKED-GENERAL-par:1-FXF-SITE-911_par:FSC-KCDC-APP-par:1-FXF-SITE-internal_par:2-FXF-SITE-LOCAL_par:3-FXF-SITE-LD-SME_par:4-FXF-SITE-International_par:6-VMPilot_par,f,2,99
3ba9e232-93ef-11e0-c180-dc9056f3586b,FXE-YOWAInternational-css,YOWA International css,,FXE-GlobalDID-par:FXE-GlobalExt-par:FXE-CANtoE164-par:FXE-GlobPSTNInternational-par:FXE-CANPSTNNational-par:FXE-YOWAtoE164-par:FXE-YOWAPSTNLocal-par:FXE-YOWAEmergency-par,f,2,99
4c33cd52-b844-aeaf-01c5-9922f9b7cda9,FXE-GWYHZRDNISTF-css,Localize FXE YHZR DNIS before sending to PSTN,,FXE-GWGlobDNIS-par:FXE-GWYHZRDNIS-par,f,2,99
3a3e6b7c-8c56-7233-a3f4-17942d243f5f,FXE-YBZAnational-css,YBZA National Css,,FXE-GlobalDID-par:FXE-GlobalExt-par:FXE-CANtoE164-par:FXE-CANPSTNNational-par:FXE-YBZAEmergency-par:FXE-YBZAPSTNLocal-par:FXE-YBZAtoE164-par,f,2,99
c12bb1c6-293a-9ae4-cdbc-1fad052efb0f,FXE-YTSAInternational-css,YTSA International css,,FXE-GlobalDID-par:FXE-GlobalExt-par:FXE-CANtoE164-par:FXE-GlobPSTNInternational-par:FXE-CANPSTNNational-par:FXE-GlobEmergency-par:FXE-YTSAtoE164-par:FXE-YTSAPSTNLocal-par,f,2,99
4111b777-4850-0221-7b66-5e0fa6ac56f1,FXE-YXEAInternational-css,YXEA International css,,FXE-GlobalDID-par:FXE-GlobalExt-par:FXE-CANtoE164-par:FXE-GlobPSTNInternational-par:FXE-CANPSTNNational-par:FXE-YXEAtoE164-par:FXE-YXEAPSTNLocal-par:FXE-YXEAEmergency-par,f,2,99
4d1ccc5c-a4f7-55e5-53db-a5b58140ab47,FXE-GWYOWADNISTF-css,Localize FXE YOWA DNIS before sending to PSTN,,FXE-GWGlobDNIS-par:FXE-GWYOWADNIS-Par,f,2,99
3f14ae41-4783-bc77-0fbe-2cc63f84d922,FXE-GlobalDN-URI-css,All Global DIDs and ESNs and URIs,,FXE-GlobalDID-par:FXE-GlobalExt-par:Directory URI:FXE-CAN-URI-DIALING-par,f,2,99
60126cb5-812c-519e-99b0-d34b4002c8b1,CAN-E911-ELIN_css,Canada E911 ELIN Calling Search Space,,CAN-E911-ELIN_par,f,2,99
4bd89340-e285-a5e5-188e-6b827cca4c23,FXE-PhoneYHZAANITF-css,Css for translation to present 4 digit called ID,,FXE-PhoneYHZAANI-par,f,2,99
366197e2-c75f-948b-55ef-96257493e5c2,FXE-GWYYZHQDNISTF-css,Localize FXE YYZHQ DNIS before sending to PSTN,,FXE-GWGlobDNIS-par:FXE-GWYYZHQDNIS-Par,f,2,99
3cefc420-321d-041b-6441-f149d6b8eee3,FXE-GWYSBAANITF-css,Localize FXE ANI before sending to PSTN,,FXE-GWYSBAANI-Par,f,2,99
46614b91-c8b1-bfd0-34bd-e7112e63105a,FXE-YVRRClocal-css,YVRRC Local Css,,FXE-GlobalDID-par:FXE-GlobalExt-par:FXE-CANtoE164-par:FXE-YVRRCEmergency-par:FXE-YVRRCPSTNLocal-par:FXE-YVRRCtoE164-par,f,2,99
4f481a42-9f2f-72b3-72f6-7c0d764a7d06,FXE-YUXAlocal-css,YUXA Local Css,,FXE-GlobalDID-par:FXE-GlobalExt-par:FXE-CANtoE164-par:FXE-YUXAEmergency-pt:FXE-YUXAPSTNLocal-par:FXE-YUXAtoE164-par,f,2,99
4094127a-4ab2-0b7d-92af-a9aa0b554f74,FXE-YULRCnational-css,YULRC National Css,,FXE-GlobalDID-par:FXE-GlobalExt-par:FXE-CANtoE164-par:FXE-CANPSTNNational-par:FXE-YULRCEmergency-par:FXE-YULRCPSTNLocal-par:FXE-YULRCtoE164-par,f,2,99
47d03a84-340f-db6a-683f-5477f565d0b8,FXE-YWGAlocal-css,YWGA Local Css,,FXE-GlobalDID-par:FXE-GlobalExt-par:FXE-CANtoE164-par:FXE-YWGAEmergency-par:FXE-YWGAPSTNLocal-par:FXE-YWGAtoE164-par,f,2,99
4a528ea9-0429-5f18-e711-5d3646c78589,FXE-GWYQMADNISTF-css,Localize FXE YQMA DNIS before sending to PSTN,,FXE-GWGlobDNIS-par:FXE-GWYQMADNIS-Par,f,2,99
364c082e-90d8-780a-f8e4-ce4fbdb21265,FXE-PhoneYDTAANITF-css,Css for translation to present 4 digit called ID,,FXE-PhoneYDTAANI-par,f,2,99
427fa7e8-9973-89d5-f01a-127f9072c1db,FXE-YYZHQANI-SNR-css,YYZHQ National Css,,FXE-GlobalDID-par:FXE-GlobalExt-par:FXE-YYZHQANI-SNR-pt,f,2,99
4693f513-7001-44f6-18f7-f2a1cb05022a,FXE-YGKAInternational-css,YGKA International css,,FXE-GlobalDID-par:FXE-GlobalExt-par:FXE-CANtoE164-par:FXE-GlobPSTNInternational-par:FXE-CANPSTNNational-par:FXE-GWYDTADNIS-par:FXE-YGKAEmergency-par:FXE-YGKAPSTNLocal-par:FXE-YGKAtoE164-par,f,2,99
3d167a12-fbb1-a03e-70cc-5f44636e7035,FXE-PhoneYMXANITF-css,Css for translation to present 4 digit called ID,,FXE-PhoneYMXANI-par,f,2,99
4fcd5215-bbfb-83d4-6384-6842e8a7fb66,FXE-YQTAlocal-css,YQTA Local Css,,FXE-GlobalDID-par:FXE-GlobalExt-par:FXE-CANtoE164-par:FXE-YQTAEmergency-pt:FXE-YQTAPSTNLocal-par:FXE-YQTAtoE164-par,f,2,99
50178e78-80c5-7916-6d6a-4ae36e7405bd,FXE-PhoneYQTAANITF-css,Css for translation to present 4 digit called ID,,FXE-PhoneYQTAANI-par,f,2,99
3e2015ee-4af9-b447-950d-5a6f3d050fec,FXE-GWYYZRDNISTF-css,Localize FXE YYZR DNIS before sending to PSTN,,FXE-GWGlobDNIS-par:FXE-GWYYZRDNIS-Par,f,2,99
3a6a56cd-e541-dbef-8783-f4135d3ff160,FXE-YTOAlocal-css,YTOA Local Css,,FXE-GlobalDID-par:FXE-GlobalExt-par:FXE-CANtoE164-par:FXE-YTOAEmergency-par:FXE-YTOAPSTNLocal-par:FXE-YTOAtoE164-par,f,2,99
3b9b5652-b526-677b-c51a-0006d7c83db3,FXE-GWYAMADNISTF-css,Localize FXE YAMA DNIS before sending to PSTN,,FXE-GWGlobDNIS-par:FXE-GWYAMADNIS-par,f,2,99
469621d3-3620-e175-8fbf-a410dfdea170,FXE-GWYUXADNISTF-css,Localize FXE YUXA DNIS before sending to PSTN,,FXE-GWGlobDNIS-par:FXE-GWYUXADNIS-Par,f,2,99
43a46593-583a-9f3e-ac05-01a8592f7869,FXE-YVRRCnational-css,YVRRC National Css,,FXE-GlobalDID-par:FXE-GlobalExt-par:FXE-CANtoE164-par:FXE-CANPSTNNational-par:FXE-YVRRCEmergency-par:FXE-YVRRCPSTNLocal-par:FXE-YVRRCtoE164-par,f,2,99
36bdced4-81f8-bf04-9661-33560e828044,FXE-GWYYZHQANITF-css,Localize FXE ANI before sending to PSTN,,FXE-GWYYZHQANI-par,f,2,99
6777e564-546b-f06a-014e-507df1cf7108,FXE-YQGAnational-css,YQGA National Css,,FXE-GlobalDID-par:FXE-GlobalExt-par:FXE-CANtoE164-par:FXE-CANPSTNNational-par:FXE-YQGAEmergency-par:FXE-YQGAPSTNLocal-par:FXE-YQGAtoE164-par,f,2,99
5aa4873f-5c89-3eb8-8658-62317e3e1e0a,FXE-YCMAInternational-css,YCMA International css,,FXE-GlobalDID-par:FXE-GlobalExt-par:FXE-YCMAtoE164-par:FXE-CANtoE164-par:FXE-GlobPSTNInternational-par:FXE-CANPSTNNational-par:FXE-YCMAPSTNLocal-par:FXE-GlobEmergency-par,f,2,99
529d66fc-df28-f5ad-0acd-46c42f9cb36b,FXE-YHMAInternational-css,YHMA International css,,FXE-GlobalDID-par:FXE-GlobalExt-par:FXE-CANtoE164-par:FXE-GlobPSTNInternational-par:FXE-CANPSTNNational-par:FXE-YHMAtoE164-par:FXE-YHMAPSTNLocal-par:FXE-YHMAEmergency-par,f,2,99
54f7a6da-b72b-014f-9bfc-fbb83bed6098,FXE-PhoneYPQAANITF-css,Css for translation to present 4 digit called ID,,FXE-PhoneYPQAANI-par,f,2,99
5f8ef589-9cbc-29a9-2e8b-591d75b4f6a5,FXE-YXUAlocal-css,YXUA Local Css,,FXE-GlobalDID-par:FXE-GlobalExt-par:FXE-CANtoE164-par:FXE-YXUAEmergency-par:FXE-YXUAPSTNLocal-par:FXE-YXUA4digit-par,f,2,99
67220207-5368-ec9f-a76b-73bc9a3a9900,FXE-YAZAInternational-css,YAZA International css,,FXE-GlobalDID-par:FXE-GlobalExt-par:FXE-YAZAtoE164-par:FXE-CANtoE164-par:FXE-GlobPSTNInternational-par:FXE-CANPSTNNational-par:FXE-YAZAPSTNLocal-par:FXE-YAZAEmergency-par,f,2,99
5833b04d-4597-abb0-c457-756a00088aee,FXE-PhoneYQRRANITF-css,Css for translation to present 4 digit called ID,,FXE-PhoneYQRAANI-par,f,2,99
62a053f1-382e-173d-d793-9918873f1f92,FXE-PhoneYVRRCANITF-css,Css for translation to present 4 digit called ID,,FXE-PhoneYVRRCANI-par,f,2,99
5493df37-cc7f-a533-6603-676316b22c7d,FXE-PhoneYKAAANITF-css,Css for translation to present 4 digit called ID,,FXE-PhoneYKAAANI-par,f,2,99
69beab95-4f38-48a9-bc78-f00f7774a987,FXE-GWYULBDNISTF-css,Localize FXE YULB DNIS before sending to PSTN,,FXE-GWGlobDNIS-par:FXE-GWYULBDNIS-Par,f,2,99
66a9ae03-a1b3-0082-79c2-2367d37c19f9,FXE-PhoneYSBAANITF-css,Css for translation to present 4 digit called ID,,FXE-PhoneYSBAANI-par,f,2,99
63cab6d2-e10f-baf1-4de8-1521d25f3382,FXE-YYZRnational-css,YYZR National Css,,FXE-GlobalDID-par:FXE-GlobalExt-par:FXE-CANtoE164-par:FXE-CANPSTNNational-par:FXE-YYZREmergency-par:FXE-YYZRPSTNLocal-par:FXE-YYZRtoE164-par:FXE-YYZRPlarPhone-par,f,2,99
5ce120d8-b04f-06c1-533e-c2e7036255a2,FXE-GWYBZADNISTF-css,Localize FXE YBZA DNIS before sending to PSTN,,FXE-GWGlobDNIS-par:FXE-GWYBZADNIS-par,f,2,99
55584d11-cda7-5296-0076-d56f65e23bf0,FXE-YQRRnational-css,YQRR National Css,,FXE-GlobalDID-par:FXE-GlobalExt-par:FXE-CANtoE164-par:FXE-CANPSTNNational-par:FXE-YQRAEmergency-pt:FXE-YQRAPSTNLocal-par:FXE-YQRAtoE164-par,f,2,99
516fe7ed-52a2-ed82-db6b-327cac751dc6,FXE-GWYQTADNISTF-css,Localize FXE YQTA DNIS before sending to PSTN,,FXE-GWGlobDNIS-par:FXE-GWYQTADNIS-Par,f,2,99
5e74021a-2f2e-81e8-0e0d-98b3a7031e7d,FXE-YCDAnational-css,YCDA National Css,,FXE-GlobalDID-par:FXE-GlobalExt-par:FXE-CANtoE164-par:FXE-CANPSTNNational-par:FXE-YAZAPSTNLocal-par:FXE-YAZAtoE164-par:FXE-YCDAEmergency-par,f,2,99
51a0ab21-935e-2b3c-59f1-905d668e1cb5,FXE-YVRRCnational-URI-css,YVRRC National URI Css,,Directory URI:FXE-CAN-URI-DIALING-par:FXE-CANPSTNNational-par:FXE-CANtoE164-par:FXE-GlobalDID-par:FXE-GlobalExt-par:FXE-YVRRCEmergency-par:FXE-YVRRCPSTNLocal-par:FXE-YVRRCtoE164-par,f,2,99
6c30673e-3240-41cb-0657-948c08deca09,FXE-GWYFHADNISTF-css,Localize FXE YFHA DNIS before sending to PSTN,,FXE-GWGlobDNIS-par:FXE-GWYFHADNIS-par,f,2,99
636a6de3-0ec8-8212-b5f8-ccd94c8aec6a,FXE-YHZRlocal-css,YHZR Local Css,,FXE-GlobalDID-par:FXE-GlobalExt-par:FXE-YHZRtoE164-par:FXE-CANtoE164-par:FXE-YHZRPSTNLocal-par:FXE-YHZREmergency-par,f,2,99
56c30ca2-51c7-1330-95ee-660ee7c57dd7,FXE-YULRClocal-css,YULRC Local Css,,FXE-GlobalDID-par:FXE-GlobalExt-par:FXE-CANtoE164-par:FXE-YULRCEmergency-par:FXE-YULRCPSTNLocal-par:FXE-YULRCtoE164-par,f,2,99
5c35927a-9cef-5489-cf34-6e5e5d68e068,FXE-YTOAnational-css,YTOA National Css,,FXE-GlobalDID-par:FXE-GlobalExt-par:FXE-CANtoE164-par:FXE-CANPSTNNational-par:FXE-YTOAEmergency-par:FXE-YTOAPSTNLocal-par:FXE-YTOAtoE164-par,f,2,99
f0b8f054-cfe4-2e9c-d3db-71e0e5a9b7de,FXE-YTSAlocal-css,YTSA Local Css,,FXE-GlobalDID-par:FXE-GlobalExt-par:FXE-CANtoE164-par:FXE-GlobEmergency-par:FXE-YTSAtoE164-par:FXE-YTSAPSTNLocal-par,f,2,99
55e6c1ed-975c-8123-3c70-777bf7546182,FXE-YAZAlocal-css,YAZA Local Css,,FXE-GlobalDID-par:FXE-GlobalExt-par:FXE-YAZAtoE164-par:FXE-CANtoE164-par:FXE-YAZAPSTNLocal-par:FXE-YAZAEmergency-par,f,2,99
5d40a32b-8481-7b9b-1fd9-e4e7dc0120be,FXE-GWYSBADNISTF-css,Localize FXE YSBA DNIS before sending to PSTN,,FXE-GWGlobDNIS-par:FXE-GWYSBADNIS-Par,f,2,99
6a58d11a-66e9-b10a-09eb-268066e309d6,FXE-YEGRInternational-css,YEGR International css,,FXE-GlobalDID-par:FXE-GlobalExt-par:FXE-CANtoE164-par:FXE-GlobPSTNInternational-par:FXE-CANPSTNNational-par:FXE-YEGRtoE164-par:FXE-YEGRPSTNLocal-par:FXE-YEGREmergency-par,f,2,99
534dd354-f8e2-bc6d-ee44-144d6dd8f788,FXE-PhoneYTOAANITF-css,Css for translation to present 4 digit called ID,,FXE-PhoneYTOAANI-par,f,2,99
59658795-c5bd-556f-6a06-bd0b702b195f,FXE-YBNAlocal-css,YBNA Local Css,,FXE-GlobalDID-par:FXE-GlobalExt-par:FXE-CANtoE164-par:FXE-YBNAEmergency-par:FXE-YBNAPSTNLocal-par:FXE-YBNAtoE164-par,f,2,99
5c9990c5-49be-499f-6e2c-6de1267bf6bc,FXE-GWYBYADNISTF-css,Localize FXE YBYA DNIS before sending to PSTN,,FXE-GWGlobDNIS-par:FXE-GWYBYADNIS-Par,f,2,99
512fb494-91fd-62c8-bb5c-26c5f0225f72,FXE-YFHAlocal-css,YFHA Local Css,,FXE-GlobalDID-par:FXE-GlobalExt-par:FXE-CANtoE164-par:FXE-YFHAEmergency-par:FXE-YFHAPSTNLocal-par:FXE-YFHAtoE164-par,f,2,99
648fe40b-c777-6d6b-9707-54da229457b9,FXE-YDGAInternational-css,YDGA International css,,FXE-GlobalDID-par:FXE-GlobalExt-par:FXE-CANtoE164-par:FXE-GlobPSTNInternational-par:FXE-CANPSTNNational-par:FXE-YDGAtoE164-par:FXE-YDGAPSTNLocal-par:FXE-YDGAEmergency-pt,f,2,99
6803b0e2-5c16-d6f5-3e1b-f29324787e80,FXE-GWYQGADNISTF-css,Localize FXE YQGA DNIS before sending to PSTN,,FXE-GWGlobDNIS-par:FXE-GWYQGADNIS-Par,f,2,99
7b286e9a-199c-39e4-2ac8-e52f88c37997,FXE-GWYPQADNISTF-css,Localize FXE YPQA DNIS before sending to PSTN,,FXE-GWGlobDNIS-par:FXE-GWYPQADNIS-Par,f,2,99
50fa5e72-5394-0626-1688-8947b7b54c9f,DTWPC-Page-No-Delay_css,Paging with no Interdigit Delay,,DTWPC-Page-No-Delay_par,f,2,99
78b89f7d-4cba-5043-ffec-17b871f4ca51,FXE-GWYSJADNISTF-css,Localize FXE YSJA DNIS before sending to PSTN,,FXE-GWGlobDNIS-par:FXE-GWYSJADNIS-Par,f,2,99
7cb92923-916c-145d-3171-51d2a55cd01a,FXE-YAMAInternational-css,YAMA International css,,FXE-GlobalDID-par:FXE-GlobalExt-par:FXE-CANtoE164-par:FXE-GlobPSTNInternational-par:FXE-CANPSTNNational-par:FXE-YAMAtoE164-par:FXE-YAMAPSTNLocal-par:FXE-YAMAEmergency-par,f,2,99
8641deff-5990-b306-4b59-9398353be53f,FXE-YUTAInternational-css,YUTA International css,,FXE-GlobalDID-par:FXE-GlobalExt-par:FXE-CANtoE164-par:FXE-GlobPSTNInternational-par:FXE-CANPSTNNational-par:FXE-YUTAtoE164-par:FXE-YUTAPSTNLocal-par:FXE-YUTAEmergency-par,f,2,99
8d419f49-0bb6-55fb-4758-52ec14496901,FXE-YULBnational-css,YULB National Css,,FXE-GlobalDID-par:FXE-GlobalExt-par:FXE-YULBtoE164-par:FXE-CANtoE164-par:FXE-CANPSTNNational-par:FXE-YULBPSTNLocal-par:FXE-YULBEmergency-par,f,2,99
7abcad97-dda9-272c-7639-bc7f43eca5ad,FXE-YBYAInternational-css,YBYA International css,,FXE-GlobalDID-par:FXE-GlobalExt-par:FXE-CANtoE164-par:FXE-GlobPSTNInternational-par:FXE-CANPSTNNational-par:FXE-YBYAtoE164-par:FXE-YBYAPSTNLocal-par:FXE-YBYAEmergency-pt,f,2,99
94ac6c4e-55f7-d489-e104-c0fbce0a79e2,FXE-YQMAnational-css,YQMA National Css,,FXE-GlobalExt-par:FXE-CANtoE164-par:FXE-CANPSTNNational-par:FXE-YQMAEmergency-pt:FXE-YQMAPSTNLocal-par:FXE-YQMA4Digit-par,f,2,99
7e430be2-8355-7414-e3ec-8a84480c26f9,FXE-YVRAlocal-css,YVRA Local Css,,FXE-GlobalDID-par:FXE-GlobalExt-par:FXE-CANtoE164-par:FXE-YVRAEmergency-par:FXE-YVRAPSTNLocal-par:FXE-YVRAtoE164-par,f,2,99
7e1e8d31-6778-b152-e996-0dfa13fb606f,FXE-PhoneYQRAANITF-css,Css for translation to present 4 digit called ID,,FXE-PhoneYQRAANI-par,f,2,99
74fd83da-4bd7-87d8-8773-b6acbbaf1f41,FXE-YEGAlocal-css,YEGA Local Css,,FXE-GlobalDID-par:FXE-GlobalExt-par:FXE-CANtoE164-par:FXE-YEGAEmergency-par:FXE-YEGAPSTNLocal-par:FXE-YEGAtoE164-par,f,2,99
c6f9e333-86bb-d6da-6736-0c568f3c98ae,FXE-CAN-10Digit-Transform-css,Called Part Transform applied to Canada SIP Trunk,,FXE-CAN-10-To-E164-TP-PT,f,2,99
832ee214-2cee-54dc-3f37-06b8a9960efe,FXE-YTRAnational-css,YTRA National Css,,FXE-GlobalDID-par:FXE-GlobalExt-par:FXE-CANtoE164-par:FXE-CANPSTNNational-par:FXE-YTRAEmergency-par:FXE-YTRAPSTNLocal-par:FXE-YTRAtoE164-par,f,2,99
871154bb-0d1e-33ea-57e8-53ea82b48d9c,FXE-YFHAnational-css,YFHA National Css,,FXE-GlobalDID-par:FXE-GlobalExt-par:FXE-CANtoE164-par:FXE-CANPSTNNational-par:FXE-YFHAEmergency-par:FXE-YFHAPSTNLocal-par:FXE-YFHAtoE164-par,f,2,99
caa8160b-a9cb-1f4d-a439-b5768022e141,FSC-OBD2-APP-css,OBD2 CSS to be Applied to the Lines,,BLOCKED-GENERAL-par:1-FXF-SITE-911_par:FSC-OBD2-APP-par:1-FXF-SITE-internal_par:2-FXF-SITE-LOCAL_par:3-FXF-SITE-LD-SME_par:4-FXF-SITE-International_par:6-VMPilot_par,f,2,99
7cceb468-5531-b26c-a4b0-2924bb61c3d2,FXE-GWYHZADNISTF-css,Localize FXE YHZA DNIS before sending to PSTN,,FXE-GWGlobDNIS-par:FXE-GWYHZADNIS-Par,f,2,99
750e8cb9-e809-a9ff-43f5-a97ca7c6ce30,FXE-PhoneYFHAANITF-css,Css for translation to present 4 digit called ID,,FXE-PhoneYFHAANI-par,f,2,99
96cc22b7-432e-df85-e41c-38a6ff9a812c,FXE-GWYXEADNISTF-css,Localize FXE YXEA DNIS before sending to PSTN,,FXE-GWGlobDNIS-par:FXE-GWYXEADNIS-Par,f,2,99
6ebd541c-8dd8-8266-1852-219dc9738b3b,FXE-YYGAnational-css,YYGA National Css,,FXE-GlobalDID-par:FXE-GlobalExt-par:FXE-CANtoE164-par:FXE-CANPSTNNational-par:FXE-YYGAEmergency-pt:FXE-YYGAPSTNLocal-par:FXE-YYGAtoE164-par,f,2,99
749c01c3-6c2f-1f0a-980c-71e41c27c9a7,FXE-YBYAlocal-css,YBYA Local Css,,FXE-GlobalDID-par:FXE-GlobalExt-par:FXE-CANtoE164-par:FXE-YBYAEmergency-pt:FXE-YBYAPSTNLocal-par:FXE-YBYAtoE164-par,f,2,99
909cf83b-e427-9a18-2169-a04f4a00a93d,FXE-YDGAlocal-css,YDGA Local Css,,FXE-GlobalDID-par:FXE-GlobalExt-par:FXE-CANtoE164-par:FXE-YDGAEmergency-pt:FXE-YDGAPSTNLocal-par:FXE-YDGAtoE164-par,f,2,99
92612ccd-f063-7c04-6f99-04cbe02dd3d2,FXE-YOWAnational-css,YOWA National Css,,FXE-GlobalDID-par:FXE-GlobalExt-par:FXE-CANtoE164-par:FXE-CANPSTNNational-par:FXE-YOWAEmergency-par:FXE-YOWAPSTNLocal-par:FXE-YOWAtoE164-par,f,2,99
936a4d76-389a-bd07-fe5f-d7ccc5f07508,FXE-YQRAInternational-css,YQRA International css,,FXE-GlobalDID-par:FXE-GlobalExt-par:FXE-CANtoE164-par:FXE-GlobPSTNInternational-par:FXE-CANPSTNNational-par:FXE-YQRAtoE164-par:FXE-YQRAPSTNLocal-par:FXE-YQRAEmergency-pt,f,2,99
86c1b726-2250-8229-0822-a2c9ae2c3615,FXE-PhoneYBNAANITF-css,Css for translation to present 4 digit called ID,,FXE-PhoneYBNAANI-par,f,2,99
37ba6280-82ac-e151-f8b5-f77afe0f7a70,FSC-OBD2-APP2-css,OBD2 APP CSS for Internal calling only,,BLOCKED-GENERAL-par:1-FXF-SITE-911_par:FSC-OBD2-APP-par:1-FXF-SITE-internal_par:6-VMPilot_par,f,2,99
6c37924c-96f4-3db3-aaec-8e9a5f2e85e9,FXE-YVRAnational-css,YVRA National Css,,FXE-GlobalDID-par:FXE-GlobalExt-par:FXE-CANtoE164-par:FXE-CANPSTNNational-par:FXE-YVRAEmergency-par:FXE-YVRAPSTNLocal-par:FXE-YVRAtoE164-par,f,2,99
7a723016-a9e6-1615-03e0-cc6b3d0323ba,FXE-PhoneYULAANITF-css,Css for translation to present 4 digit called ID,,FXE-PhoneYULAANI-par,f,2,99
7c2a8d33-f3fd-b564-2f56-7d3a37a7a019,FXE-YULB2national-css,YULB2 National Css,,FXE-GlobalDID-par:FXE-GlobalExt-par:FXE-CANtoE164-par:FXE-CANPSTNNational-par:FXE-YUTAPSTNLocal-par:FXE-YUTAtoE164-par:Directory URI:FXE-YULBEmergency-par,f,2,99
71257345-5e7e-4a82-dcc3-84bd76ea0b0f,FXE-YBYAnational-css,YBYA National Css,,FXE-GlobalDID-par:FXE-GlobalExt-par:FXE-CANtoE164-par:FXE-CANPSTNNational-par:FXE-YBYAEmergency-pt:FXE-YBYAPSTNLocal-par:FXE-YBYAtoE164-par,f,2,99
7fbe9101-4592-83da-4054-c2f073c99464,FXE-GWANITF-css,Localize FXE ANI before sending to PSTN,,FXE-GWANI-par,f,2,99
947fcb45-d864-9c6f-f2f6-e0c293d54922,FXE-YWGAInternational-css,YWGA International css,,FXE-GlobalDID-par:FXE-GlobalExt-par:FXE-CANtoE164-par:FXE-GlobPSTNInternational-par:FXE-CANPSTNNational-par:FXE-YWGAtoE164-par:FXE-YWGAPSTNLocal-par:FXE-YWGAEmergency-par,f,2,99
ab82b58a-2a2f-6642-a96c-72c264725ab5,FXE-YYJAlocal-css,YYJA Local Css,,FXE-GlobalDID-par:FXE-GlobalExt-par:FXE-CANtoE164-par:FXE-YYJAEmergency-par:FXE-YYJAPSTNLocal-par:FXE-YYJAtoE164-par,f,2,99
aec1e844-f7d9-53aa-faec-b5141c335850,FXE-YYGAlocal-css,YYGA Local Css,,FXE-GlobalDID-par:FXE-GlobalExt-par:FXE-CANtoE164-par:FXE-YYGAEmergency-pt:FXE-YYGAPSTNLocal-par:FXE-YYGAtoE164-par,f,2,99
15166dd0-b6a6-79e5-f235-1a88564d332f,FXE-CANADA-UNRESTRICTED-css,Used for Devices in Canada using SIP PSTN w/DID,,BLOCKED-GENERAL-par:CO-LO-E911-EGW_par:FXE-GlobalExt-par:FXE-GlobalDID-par:2-FXF-SITE-LOCAL_par:3-FXF-SITE-LD-SME_par:4-FXF-SITE-International_par:6-VMPilot_par:FXE-YWGAtoE164-par:FXE-CANPSTNNational-TP-par:FXE-CANPSTNNational-par,f,2,99
aff300db-9a5f-ee6e-1aa4-2268365ce869,FXE-YXXAnational-css,YXXA National CSS,,FXE-GlobalDID-par:FXE-GlobalExt-par:FXE-CANPSTNNational-par:FXE-CANtoE164-par:FXE-YXXAPSTNLocal-par:FXE-YXXAtoE164-par:FXE-YXXEmergency-par,f,2,99
a7bcf3f6-0664-4ada-a4a7-dc1fc1d1db09,FXE-YFCAnational-css,YFCA National Css,,FXE-GlobalDID-par:FXE-GlobalExt-par:FXE-CANtoE164-par:FXE-CANPSTNNational-par:FXE-YFCAEmergency-pt:FXE-YFCAPSTNLocal-par:FXE-YFCAtoE164-par,f,2,99
a06bb092-d55b-4a4c-d67a-368d83de3b70,FXE-GWYKFADNISTF-css,Localize FXE YKFA DNIS before sending to PSTN,,FXE-GWGlobDNIS-par:FXE-GWYKFADNIS-par,f,2,99
9ca56936-265e-ecaa-91f4-ab75160159ba,FXE-GWYVRADNISTF-css,Localize FXE YVRA DNIS before sending to PSTN,,FXE-GWGlobDNIS-par:FXE-GWYVRADNIS-Par,f,2,99
a54f67b6-e4bd-626e-de84-4efa49e410d0,FXE-YSWAInternational-css,YSWA International css,,FXE-GlobalDID-par:FXE-GlobalExt-par:FXE-CANtoE164-par:FXE-GlobPSTNInternational-par:FXE-CANPSTNNational-par:FXE-YSWAtoE164-par:FXE-YSWAPSTNLocal-par:FXE-YSWAEmergency-par,f,2,99
b7cc2545-4f65-41bb-8920-0e567f88773a,FXE-PhoneYHZRANITF-css,Css for translation to present 4 digit called ID,,FXE-PhoneYHZRANI-par,f,2,99
9e9f7f75-0cf2-b8ba-fc96-5ed2dc061246,FXE-YULRC-APP-css,YULRC Site specific Calling Search Space,,FXE-GlobalDID-par:FXE-GlobalExt-par:FXE-YULRCEmergency-par,f,2,99
98112ba8-fc13-e95c-4393-8abc9edc15ca,FXE-YBZAInternational-css,YBZA International css,,FXE-GlobalDID-par:FXE-GlobalExt-par:FXE-CANtoE164-par:FXE-GlobPSTNInternational-par:FXE-CANPSTNNational-par:FXE-YBZAtoE164-par:FXE-YBZAPSTNLocal-par:FXE-YBZAEmergency-par,f,2,99
9ede10bd-c999-b13a-a788-3a1b6e9f29ee,FXE-PhoneYVVAANITF-css,Css for translation to present 4 digit called ID,,FXE-PhoneYVVAANI-par,f,2,99
b3196500-54d1-87c4-32c9-406e471b55d9,FXE-YCMAlocal-css,YCMA Local Css,,FXE-GlobalDID-par:FXE-GlobalExt-par:FXE-YCMAtoE164-par:FXE-CANtoE164-par:FXE-YCMAPSTNLocal-par:FXE-GlobEmergency-par,f,2,99
9d6bb7e4-3b75-5e40-e926-420e2f57d6af,FXE-YQRAnational-css,YQRA National Css,,FXE-GlobalDID-par:FXE-GlobalExt-par:FXE-CANtoE164-par:FXE-CANPSTNNational-par:FXE-YQRAEmergency-pt:FXE-YQRAPSTNLocal-par:FXE-YQRAtoE164-par:FXE-YQRRTest-pt,f,2,99
a06b37f0-aa94-1b10-f884-869d2d5559c2,FXE-PhoneYKFAANITF-css,Css for translation to present 4 digit called ID,,FXE-PhoneYKFAANI-par,f,2,99
9d969ad9-bd4b-f5bd-36f4-5a287b49d220,FXE-YAMAlocal-css,YAMA Local Css,,FXE-GlobalDID-par:FXE-YAMAEmergency-par:FXE-YAMAPSTNLocal-par:FXE-YAMAtoE164-par:FXE-GlobalExt-par:FXE-CANtoE164-par,f,2,99
044187fe-4263-f836-d92f-4f26c334b45e,FXE-YKZA-APP-css,YKZA Site specific Calling Search Space,,FXE-GlobalDID-par:FXE-GlobalExt-par:FXE-YKZAEmergency-par,f,2,99
a6f0c405-6394-c62f-4b63-539cccb9a243,FXE-GWYUTADNISTF-css,Localize FXE YUTA DNIS before sending to PSTN,,FXE-GWGlobDNIS-par:FXE-GWYUTADNIS-Par,f,2,99
9bfaee2c-ca87-6864-c766-36215ae573a3,FXE-YEGAnational-css,YEGA National Css,,FXE-GlobalDID-par:FXE-GlobalExt-par:FXE-CANtoE164-par:FXE-CANPSTNNational-par:FXE-YEGAEmergency-par:FXE-YEGAPSTNLocal-par:FXE-YEGAtoE164-par,f,2,99
b49e60f8-eb1f-6ff3-2e0a-8284cd2420b3,FXE-PhoneYBZAANITF-css,Css for translation to present 4 digit called ID,,FXE-PhoneYBZAANI-par,f,2,99
a8a208b4-e17f-c0f6-e655-0de958fb3e4c,FXE-GWYMXDNISTF-css,Localize FXE YMX DNIS before sending to PSTN,,FXE-GWGlobDNIS-par:FXE-GWYMXDNIS-Par,f,2,99
9cfb3309-8003-5254-7850-56760924be49,FXE-PhoneYWGAANITF-css,Css for translation to present 4 digit called ID,,FXE-PhoneYWGAANI-par,f,2,99
b0f69b1a-7870-2c5c-c0c2-e62fd65d8ca6,FXE-GWYQRADNISTF-css,Localize FXE YQRA DNIS before sending to PSTN,,FXE-GWGlobDNIS-par:FXE-GWYQRADNIS-Par,f,2,99
a7a2db10-fbd4-a64a-3eff-4bba97f78bf9,FXE-YHZAnational-css,YHZA National Css,,FXE-GlobalDID-par:FXE-GlobalExt-par:FXE-CANtoE164-par:FXE-CANPSTNNational-par:FXE-YHZAEmergency-pt:FXE-YHZAPSTNLocal-par:FXE-YHZAtoE164-par,f,2,99
a3adfb9e-18bb-a90e-9523-6c3607a3e37a,FXE-GWYULRCDNISTF-css,Localize FXE YULRC DNIS before sending to PSTN,,FXE-GWGlobDNIS-par:FXE-GWYULRCDNIS-Par,f,2,99
b837eff0-343e-20b9-6743-8372ef7a56a3,FXE-YULBInternational-css,YULB International css,,FXE-GlobalDID-par:FXE-GlobalExt-par:FXE-YULBtoE164-par:FXE-CANtoE164-par:FXE-GlobPSTNInternational-par:FXE-CANPSTNNational-par:FXE-YULBPSTNLocal-par:FXE-GlobEmergency-par,f,2,99
bc1fa2b3-8db4-54a6-fd3f-bc51ff5a6f02,FXE-GWYEGADNISTF-css,Localize FXE YEGA DNIS before sending to PSTN,,FXE-GWGlobDNIS-par:FXE-GWYEGADNIS-Par,f,2,99
a669e719-10b9-f0db-55b5-25bae1c3a06c,FXE-YXXnational-css,YXX National Css,,FXE-GlobalDID-par:FXE-GlobalExt-par:FXE-CANtoE164-par:FXE-CANPSTNNational-par:FXE-YAZAPSTNLocal-par:FXE-YAZAtoE164-par:FXE-YXXEmergency-par,f,2,99
a0c7ea9d-69ff-331e-c9a1-2626243c3d40,FXE-YYJAnational-css,YYJA National Css,,FXE-GlobalDID-par:FXE-GlobalExt-par:FXE-CANtoE164-par:FXE-CANPSTNNational-par:FXE-YYJAEmergency-par:FXE-YYJAPSTNLocal-par:FXE-YYJAtoE164-par,f,2,99
b6526a78-86ab-7315-6ecf-4c8b662319b2,FXE-YKZAnational-css,YKZA National Css,,FXE-GlobalDID-par:FXE-GlobalExt-par:FXE-CANtoE164-par:FXE-CANPSTNNational-par:FXE-YKZAEmergency-par:FXE-YKZAPSTNLocal-par:FXE-YKZAtoE164-par:FXE-GlobEmergency-par,f,2,99
a809475b-285f-8e32-2185-e816737b7ffb,FXE-PhoneYLWAANITF-css,Css for translation to present 4 digit called ID,,FXE-PhoneYLWAANI-par,f,2,99
9f14f3b7-7061-2160-c8f4-7cff3b6ec6e6,FXE-GWYLWADNISTF-css,Localize FXE YLWA DNIS before sending to PSTN,,FXE-GWGlobDNIS-par:FXE-GWYLWADNIS-Par,f,2,99
b4e0b064-cab7-a1d6-7c6f-e5fb5c37e6d6,FXE-YQGAInternational-css,YQGA International css,,FXE-GlobalDID-par:FXE-GlobalExt-par:FXE-CANtoE164-par:FXE-GlobPSTNInternational-par:FXE-CANPSTNNational-par:FXE-YQGAtoE164-par:FXE-YQGAPSTNLocal-par:FXE-YQGAEmergency-par,f,2,99
b9811337-42c7-52de-6e41-f829babe412a,FXE-GWYYTADNISTF-css,Localize FXE YYTA DNIS before sending to PSTN,,FXE-GWGlobDNIS-par:FXE-GWYYTADNIS-Par,f,2,99
ac481d3c-e150-d1a0-8ccb-a843ddccb4b9,FXE-YQRA-APP-css,YQRA Site specific Calling Search Space,,FXE-GlobalDID-par:FXE-GlobalExt-par:FXE-YQRAEmergency-pt:FXE-YQRAtoE164-par,f,2,99
9cf01bd1-a727-7e89-d1b1-eaaf23a2c2a9,FXE-GWYAZADNISTF-css,Localize FXE YAZA DNIS before sending to PSTN,,FXE-GWGlobDNIS-par:FXE-GWYAZADNIS-par,f,2,99
d293349f-d340-39b2-1106-ed731368b470,FXE-YLWAnational-css,YLWA National Css,,FXE-GlobalDID-par:FXE-GlobalExt-par:FXE-CANtoE164-par:FXE-CANPSTNNational-par:FXE-YLWAEmergency-par:FXE-YLWAPSTNLocal-par:FXE-YLWAtoE164-par,f,2,99
d6d863e6-b31f-e6ad-d798-dfc8b3a363ae,FXE-YYTAnational-css,YYTA National Css,,FXE-GlobalDID-par:FXE-GlobalExt-par:FXE-CANtoE164-par:FXE-CANPSTNNational-par:FXE-YYTAEmergency-par:FXE-YYTAPSTNLocal-par:FXE-YYTA4Digit-par,f,2,99
bdbeb213-3194-0830-a7f9-d3d5f2bd1208,FXE-YFHAInternational-css,YFHA International css,,FXE-GlobalDID-par:FXE-GlobalExt-par:FXE-CANtoE164-par:FXE-GlobPSTNInternational-par:FXE-CANPSTNNational-par:FXE-YFHAtoE164-par:FXE-YFHAPSTNLocal-par:FXE-YFHAEmergency-par,f,2,99
e1901af8-12f8-d124-fb62-4dcdae39e0ac,FXE-YYZHQlocal-css,YYZHQ National Css,,FXE-GlobalDID-par:FXE-GlobalExt-par:FXE-CANtoE164-par:FXE-YYZHQEmergency-par:FXE-YYZHQtoE164-par,f,2,99
c393d2e6-cf41-2afc-be28-686401255f81,FXE-PhoneYYTAANITF-css,Css for translation to present 4 digit called ID,,FXE-PhoneYYTAANI-par,f,2,99
a544c3c0-c362-acd9-840f-77921057bdfa,FXE-YYJA-APP-css,YYJA Site specific Calling Search Space,,FXE-GlobalDID-par:FXE-GlobalExt-par:FXE-YYJAtoE164-par:CO-LO-E911-EGW_par,f,2,99
bf0bc870-96e5-4cf4-21e8-845239dc9091,FXE-GWYFCADNISTF-css,Localize FXE YFCA DNIS before sending to PSTN,,FXE-GWGlobDNIS-par:FXE-GWYFCADNIS-Par,f,2,99
dc5989a9-3d47-2287-d091-ac8c367c70f1,FXE-GWYULADNISTF-css,Localize FXE YULA DNIS before sending to PSTN,,FXE-GWGlobDNIS-par:FXE-GWYULADNIS-Par,f,2,99
c2bce95d-7a4d-56c6-2446-97422389cd11,FXE-PhoneYOWAANITF-css,Css for translation to present 4 digit called ID,,FXE-PhoneYOWAANI-par,f,2,99
c08171c4-511e-36fb-4164-44e529a68200,FXE-GWYHMADNISTF-css,Localize FXE YHMA DNIS before sending to PSTN,,FXE-GWGlobDNIS-par:FXE-GWYHMADNIS-Par,f,2,99
ddd324d9-18b4-894a-eea3-8552cad3ba00,FXE-YYZHQPlar-css,FXE-YYZHQPlar-css for Elevators,,FXE-YYZHQPlar-par:FXE-GlobalExt-par:FXE-GlobalDID-par,f,2,99
c98336e4-f471-a64c-68c6-1bb81300525d,FXE-PhoneYULBANITF-css,Css for translation to present 4 digit called ID,,FXE-PhoneYULBANI-par,f,2,99
bdf92009-2632-e345-3f72-436946aac91a,FXE-YKAAnational-css,YKAA National Css,,FXE-GlobalDID-par:FXE-GlobalExt-par:FXE-CANtoE164-par:FXE-CANPSTNNational-par:FXE-YKAAEmergency-pt:FXE-YKAAPSTNLocal-par:FXE-YKAAtoE164-par,f,2,99
c5f53e4a-35bf-e685-156c-a662d2d43b75,FXE-YLWAlocal-css,YLWA Local Css,,FXE-GlobalDID-par:FXE-GlobalExt-par:FXE-CANtoE164-par:FXE-YLWAEmergency-par:FXE-YLWAPSTNLocal-par:FXE-YLWAtoE164-par,f,2,99
e03f0bec-f51a-3701-5569-c7da4c45030c,FXE-PhoneYFCAANITF-css,Css for translation to present 4 digit called ID,,FXE-PhoneYFCAANI-par,f,2,99
d7119eab-1af1-b83a-579e-93605a37bbfe,FXE-YIBAnational-URI-css,YIBA National URI Css,,FXE-GlobalDID-par:FXE-GlobalExt-par:FXE-CANtoE164-par:FXE-CANPSTNNational-par:Directory URI:FXE-CAN-URI-DIALING-par:FXE-YIBAEmergency-par:FXE-YIBA4Digit-par,f,2,99
dcc191ef-766a-4341-a387-82895507f9f3,FXE-GWYDTADNISTF-css,Localize FXE YDTA DNIS before sending to PSTN,,FXE-GWGlobDNIS-par:FXE-GWYDTADNIS-par,f,2,99
377e0f19-31a0-ce53-0b31-dbdd4ce68a04,FXE-YSBA-APP-css,YSBA Site specific Calling Search Space,,FXE-GlobalDID-par:FXE-GlobalExt-par:CO-LO-E911-EGW_par:FXE-YSBAtoE164-par,f,2,99
d2bf277c-4894-3c81-72de-62a63b1cc459,FXE-YQRRInternational-css,YQRA International css,,FXE-GlobalDID-par:FXE-GlobalExt-par:FXE-CANtoE164-par:FXE-GlobPSTNInternational-par:FXE-CANPSTNNational-par:FXE-YQRAtoE164-par:FXE-YQRAPSTNLocal-par:FXE-YQRAEmergency-pt,f,2,99
cb699113-8ae0-3246-1230-641b2350c1fe,FXE-GWYKZADNISTF-css,Localize FXE YKZA DNIS before sending to PSTN,,FXE-GWGlobDNIS-par:FXE-GWYKZADNIS-Par,f,2,99
c3da554c-9cdd-9b23-1d41-163d62a717aa,FXE-YOWAlocal-css,YOWA Local Css,,FXE-GlobalDID-par:FXE-GlobalExt-par:FXE-CANtoE164-par:FXE-YOWAEmergency-par:FXE-YOWAPSTNLocal-par:FXE-YOWAtoE164-par,f,2,99
cd7f0f5c-a168-48ce-dd89-c6fc8b3b59ae,FXE-GlobalVM-css,Global Voice mail Css,,FXE-GlobalDID-par:FXE-GlobalExt-par:FXE-CANPSTNNational-par:FXE-GlobCTI-par,f,2,99
dccd141f-7e96-265e-a263-df3b053eb950,FXE-PhoneYXEAANITF-css,Css for translation to present 4 digit called ID,,FXE-PhoneYXEAANI-par,f,2,99
d30f08b6-af9b-d057-3754-4df8ba9b5d61,FXE-YYCAInternational-css,YYCA International css,,FXE-GlobalDID-par:FXE-GlobalExt-par:FXE-CANtoE164-par:FXE-GlobPSTNInternational-par:FXE-CANPSTNNational-par:FXE-YYCAtoE164-par:FXE-YYCAPSTNLocal-par:FXE-YYCAEmergency-par,f,2,99
be12dbec-011a-39f3-55d8-a5f02ca98b3e,FXE-YPQA-APP-css,YPQA Site specific Calling Search Space,,FXE-GlobalDID-par:FXE-GlobalExt-par:FXE-YPQAEmergency-par,f,2,99
c220e04f-b864-a6e1-88fd-4a3d856f5b45,FXE-YGKAnational-css,YGKA National Css,,FXE-GlobalDID-par:FXE-GlobalExt-par:FXE-CANtoE164-par:FXE-CANPSTNNational-par:FXE-YGKAEmergency-par:FXE-YGKAPSTNLocal-par:FXE-YGKAtoE164-par,f,2,99
c00453b7-f126-3638-e6c2-5abf6b10984a,FXE-YKAAlocal-css,YKAA Local Css,,FXE-GlobalDID-par:FXE-GlobalExt-par:FXE-CANtoE164-par:FXE-YKAAEmergency-pt:FXE-YKAAPSTNLocal-par:FXE-YKAAtoE164-par,f,2,99
d4c046aa-030d-91bf-537d-b393b1324473,FXE-GWYTOADNISTF-css,Localize FXE YTOA DNIS before sending to PSTN,,FXE-GWGlobDNIS-par:FXE-GWYTOADNIS-Par,f,2,99
46f754de-7fe9-4932-7675-15d200e056f7,FXE-YVRA-APP-css,YVRA Site specific Calling Search Space,,FXE-GlobalDID-par:FXE-GlobalExt-par:FXE-YVRAEmergency-par:FXE-YVRAtoE164-par,f,2,99
cf03d0bb-14b8-276e-6d95-f24dc6fa8018,FXE-GWYYCADNISTF-css,Localize FXE YYCA DNIS before sending to PSTN,,FXE-GWGlobDNIS-par:FXE-GWYYCADNIS-Par,f,2,99
cc5ac126-ba43-aeba-f5b0-8591a18e4429,FXE-YULBlocal-css,YULB Local Css,,FXE-GlobalDID-par:FXE-GlobalExt-par:FXE-YULBtoE164-par:FXE-CANtoE164-par:FXE-YULBPSTNLocal-par:FXE-GlobEmergency-par,f,2,99
d24be8be-777e-cb1a-86e4-f79287e61fa1,FXE-YYBAnational-css,YYBA National Css,,FXE-GlobalDID-par:FXE-GlobalExt-par:FXE-CANtoE164-par:FXE-CANPSTNNational-par:FXE-YYBAEmergency-par:FXE-YYBAtoE164-par:FXE-YOWAPSTNLocal-par,f,2,99
bba94e93-7513-5f6c-c85a-a6eba1997296,FXE-YWGA-APP-css,YWGA Site specific Calling Search Space,,FXE-GlobalDID-par:FXE-GlobalExt-par:FXE-YWGAEmergency-par:FXE-YWGAtoE164-par,f,2,99
dc0b4f7b-1df3-56d8-581e-7eea77d2f791,FXE-YXUAnational-css,YXUA National Css,,FXE-GlobalDID-par:FXE-GlobalExt-par:FXE-CANtoE164-par:FXE-CANPSTNNational-par:FXE-YXUAEmergency-par:FXE-YXUAPSTNLocal-par:FXE-YXUA4digit-par,f,2,99
bd5e4d0b-2040-0d5a-cb7e-769bbb520cc1,FXE-GWYXUADNISTF-css,Localize FXE YXUA DNIS before sending to PSTN,,FXE-GWGlobDNIS-par:FXE-GWYXUADNIS-Par,f,2,99
c28df86c-0879-5005-9292-77a0d9b29356,FXE-YEGAInternational-css,YEGA International css,,FXE-GlobalDID-par:FXE-GlobalExt-par:FXE-CANtoE164-par:FXE-GlobPSTNInternational-par:FXE-CANPSTNNational-par:FXE-YEGAtoE164-par:FXE-YEGAPSTNLocal-par:FXE-YEGAEmergency-par,f,2,99
f3b1d293-7fbf-84ce-9242-ab17c6cb2e63,FXE-YSBAnational-css,YSBA National Css,,FXE-GlobalDID-par:FXE-GlobalExt-par:FXE-CANtoE164-par:FXE-CANPSTNNational-par:FXE-YSBAEmergency-pt:FXE-YSBAPSTNLocal-par:FXE-YSBAtoE164-par,f,2,99
e8b2effe-1be4-fb27-0699-b54760702019,FXE-YUTAnational-css,YUTA National Css,,FXE-GlobalDID-par:FXE-GlobalExt-par:FXE-CANtoE164-par:FXE-CANPSTNNational-par:FXE-YUTAEmergency-par:FXE-YUTAPSTNLocal-par:FXE-YUTAtoE164-par,f,2,99
eaf7b32c-647d-4c2e-9cf3-9e23170fb6ef,FXE-GlobalDN-css,All Global DIDs and ESNs,,FXE-GlobalDID-par:FXE-GlobalExt-par,f,2,99
93790ac9-e59d-83ce-cd9e-d68c9ffe97a2,SAC-Test,SAC-Test,,FXF-SAC-APP-par:1-FXF-SITE-internal_par:BLOCKED-GENERAL-par:1-FXF-SITE-911_par:1-FXF_SpeedDial_par:2-FXF-SITE-LOCAL_par:3-FXF-SITE-LD-SME_par:4-FXF-SITE-International_par:6-VMPilot_par,f,2,99
e1c97b66-1db2-e6d3-f932-f5fe6f5457bb,FXE-PhoneYTRAANITF-css,Css for translation to present 4 digit called ID,,FXE-PhoneYTRAANI-par,f,2,99
e80e548b-50f8-9fe7-334a-6c1f6e19ef57,FXE-PhoneYYJAANITF-css,Css for translation to present 4 digit called ID,,FXE-PhoneYYJAANI-par,f,2,99
f361f5d9-3f1c-c0e0-0410-3f149576246b,FXE-YVVAnational-css,YVVA National Css,,FXE-GlobalDID-par:FXE-GlobalExt-par:FXE-YVVAtoE164-par:FXE-CANtoE164-par:FXE-CANPSTNNational-par:FXE-YVVAPSTNLocal-par:FXE-GlobEmergency-par,f,2,99
e6961c02-4368-c6c1-ebcf-96eb0e235f14,FXE-YLWAInternational-css,YLWA International css,,FXE-GlobalDID-par:FXE-GlobalExt-par:FXE-CANtoE164-par:FXE-GlobPSTNInternational-par:FXE-CANPSTNNational-par:FXE-YLWAtoE164-par:FXE-YLWAPSTNLocal-par:FXE-YLWAEmergency-par,f,2,99
f15f2f2b-2f25-ae74-c41c-daffc556384e,FXE-PhoneYQBAANITF-css,Css for translation to present 4 digit called ID,,FXE-PhoneYQBAANI-par,f,2,99
f7109f4e-b021-c82d-752d-e7d3b1e28962,FXE-GWYTRADNISTF-css,Localize FXE YTRA DNIS before sending to PSTN,,FXE-GWGlobDNIS-par:FXE-GWYTRADNIS-Par,f,2,99
eec101a8-5c8d-76e7-f64f-7b1a83109408,FXE-YHZAInternational-css,YHZA International css,,FXE-GlobalDID-par:FXE-GlobalExt-par:FXE-CANtoE164-par:FXE-GlobPSTNInternational-par:FXE-CANPSTNNational-par:FXE-YHZAtoE164-par:FXE-YHZAPSTNLocal-par:FXE-YHZAEmergency-pt,f,2,99
22b42706-3f4f-d97f-1ac8-01c5d8c85ef6,FXE-Spam-Risk-css,Used for Numbers with High Spam Calls,,FXE-Spam-Risk_par,f,2,99
f79f4cf9-a200-980e-556c-954b6e0f538a,FXE-GWYDGADNISTF-css,Localize FXE YDGA DNIS before sending to PSTN,,FXE-GWGlobDNIS-par:FXE-GWYDGADNIS-Par,f,2,99
f0da511b-6a86-eb84-8de8-5aa2981e9376,FXE-GWYQMAANITF-css,Localize FXE ANI before sending to PSTN,,FXE-GWYQMAANI-Par,f,2,99
ee1d4c33-5888-95c5-a604-4409b94e32ec,FXE-YQBAInternational-css,YQBA International css,,FXE-GlobalDID-par:FXE-GlobalExt-par:FXE-CANtoE164-par:FXE-GlobPSTNInternational-par:FXE-CANPSTNNational-par:FXE-YQBAtoE164-par:FXE-YQBAPSTNLocal-par:FXE-YQBAEmergency-par,f,2,99
3a11c518-9fa8-4f3d-d525-913f2798b999,FXE-YUXA-APP-css,YUXA Site specific Calling Search Space,,FXE-GlobalDID-par:FXE-GlobalExt-par:FXE-YUXAEmergency-pt:FXE-YUXAtoE164-par,f,2,99
f9613b7b-0e8a-509d-a538-4282f8723b69,FXE-PhoneYYCAANITF-css,Css for translation to present 4 digit called ID,,FXE-PhoneYYCAANI-par,f,2,99
f6e92155-b7a5-1b40-2af3-5899aee5b37e,FXE-PhoneYQGAANITF-css,Css for translation to present 4 digit called ID,,FXE-PhoneYQGAANI-par,f,2,99
f04bc00d-5dfa-012d-7668-c1307e840892,FXE-YAZAnational-css,YAZA National Css,,FXE-GlobalDID-par:FXE-GlobalExt-par:FXE-CANtoE164-par:FXE-CANPSTNNational-par:FXE-YAZAEmergency-par:FXE-YAZAPSTNLocal-par:FXE-YAZAtoE164-par,f,2,99
e1b17807-0c54-df80-a3f9-dc0ae60c43d5,FXE-PhoneYGKAANITF-css,Css for translation to present 4 digit called ID,,FXE-PhoneYGKAANI-par,f,2,99
ef0c62d1-fed6-9f39-057b-6bf41733d9c4,FXE-YPQAnational-css,YPQA National Css,,FXE-GlobalDID-par:FXE-GlobalExt-par:FXE-CANtoE164-par:FXE-CANPSTNNational-par:FXE-YPQAEmergency-par:FXE-YPQAPSTNLocal-par:FXE-YPQAtoE164-par,f,2,99
e73a103b-30fe-66b1-1057-cc3fd26551e0,FXE-YSECnational-css,FXE-YSECnational-css,,FXE-GlobalDID-par:FXE-GlobalExt-par:FXE-CANtoE164-par:FXE-CANPSTNNational-par:FXE-YSWAPSTNLocal-par:FXE-YSWAtoE164-par:FXE-YSECEmergency-par,f,2,99
e7d3379d-be89-cf16-ac62-d55f94e1bc7e,FXE-YMXlocal-css,YMX Local Css,,FXE-GlobalDID-par:FXE-GlobalExt-par:FXE-CANtoE164-par:FXE-YMXEmergency-par:FXE-YMXPSTNLocal-par:FXE-YMXtoE164-par,f,2,99
e6570411-bdc5-8335-8b15-c32df3b7caa9,FXE-YYZRPlar-css,FXE-YYZRPlar-css for Elevators,,FXE-YYZRPlarPhone-par:FXE-GlobalExt-par:FXE-GlobalDID-par:FXE-YYZRPlarTP-par,f,2,99
f83579be-b87c-6f18-fde0-85aecd23cc26,FXE-PhoneYBYAANITF-css,Css for translation to present 4 digit called ID,,FXE-PhoneYBYAANI-par,f,2,99
fc3fd424-5643-82f4-997f-7ddcba3032d2,FXE-SME-INBOUND-INTERNAL-css,CSS for SIP phones,,FXE-CAN-INTERNAL-par,f,2,99
f312c6c7-a10f-5e49-8d8e-bd35caaee3d9,FXE-PhoneYUXAANITF-css,Css for translation to present 4 digit called ID,,FXE-PhoneYUXAANI-par,f,2,99
b9965f63-ac8b-38f4-ce0f-69855a04b051,FXE-YAZA-APP-css,YSBA Site specific Calling Search Space,,FXE-GlobalDID-par:FXE-GlobalExt-par:FXE-YAZAEmergency-par,f,2,99
eb19adb8-b931-d5ae-c132-b43e924b78c6,FXE-PhoneYEGAANITF-css,Css for translation to present 4 digit called ID,,FXE-PhoneYEGAANI-par,f,2,99
e4e61804-e697-9a27-1b0e-f0435ea95721,FXE-GWYQBADNISTF-css,Localize FXE YQBA DNIS before sending to PSTN,,FXE-GWGlobDNIS-par:FXE-GWYQBADNIS-Par,f,2,99
fb0db9b3-8a52-1aac-c902-70f00bc29ab9,FXE-YEGRnational-css,YEGR National Css,,FXE-GlobalDID-par:FXE-GlobalExt-par:FXE-CANtoE164-par:FXE-CANPSTNNational-par:FXE-YEGREmergency-par:FXE-YEGRPSTNLocal-par:FXE-YEGRtoE164-par,f,2,99
fb0e0468-a798-35c5-4050-0c7722b4db67,FXE-YDTAnational-css,YDTA National Css,,FXE-GlobalDID-par:FXE-GlobalExt-par:FXE-YDTAtoE164-Par:FXE-CANtoE164-par:FXE-CANPSTNNational-par:FXE-YDTAPSTNLocal-par:FXE-YDTAEmergency-par,f,2,99
fa88a06e-c54b-e5ea-b22a-5ecff6cf6021,FXE-YUTAlocal-css,YUTA Local Css,,FXE-GlobalDID-par:FXE-GlobalExt-par:FXE-CANtoE164-par:FXE-YUTAEmergency-par:FXE-YUTAPSTNLocal-par:FXE-YUTAtoE164-par,f,2,99
e193a0c2-b3a2-ffc4-cf2c-55d5e7fbf78b,FXE-YYZRlocal-css,YYZR Local Css,,FXE-GlobalDID-par:FXE-GlobalExt-par:FXE-CANtoE164-par:FXE-YYZREmergency-par:FXE-YYZRPSTNLocal-par:FXE-YYZRtoE164-par:FXE-YYZRPlarPhone-par,f,2,99
e3e38421-ff17-a032-1d97-7b452dcfb62c,FXE-YSBAlocal-css,YSBA Local Css,,FXE-GlobalDID-par:FXE-GlobalExt-par:FXE-CANtoE164-par:FXE-YSBAEmergency-pt:FXE-YSBAPSTNLocal-par:FXE-YSBAtoE164-par,f,2,99
eb9c8031-c046-d95a-01bb-75c8fd553b93,FXE-GWYWGADNISTF-css,Localize FXE YWGA DNIS before sending to PSTN,,FXE-GWGlobDNIS-par:FXE-GWYWGADNIS-Par,f,2,99
e770f64e-aaed-cd50-edf8-82472c299aa2,FXE-YQTAnational-css,YQTA National Css,,FXE-GlobalDID-par:FXE-GlobalExt-par:FXE-CANtoE164-par:FXE-CANPSTNNational-par:FXE-YQTAEmergency-pt:FXE-YQTAPSTNLocal-par:FXE-YQTAtoE164-par,f,2,99
e9f3e138-e2d6-6b52-fd76-07f2608b4bd5,FXE-PhoneYKZAANITF-css,Css for translation to present 4 digit called ID,,FXE-PhoneYKZAANI-par,f,2,99
3cce17d8-6a22-0d8c-c8e5-56e8b2a0f930,FXE-YVRRCInternational-css,YVRRC International css,,FXE-GlobalDID-par:FXE-GlobalExt-par:FXE-CANtoE164-par:FXE-GlobPSTNInternational-par:FXE-CANPSTNNational-par:FXE-YVRRCtoE164-par:FXE-YVRRCPSTNLocal-par:FXE-YVRRCEmergency-par:CO-LO-E911-EGW_par,f,2,99
9551decf-61cb-3ed2-970c-24f556cc86bb,FXE-YYCAnational-css,YYCA National Css,,FXE-GlobalDID-par:FXE-GlobalExt-par:FXE-CANtoE164-par:FXE-CANPSTNNational-par:FXE-YYCAEmergency-par:FXE-YYCAPSTNLocal-par:FXE-YYCAtoE164-par,f,2,99
cda12124-ef0f-5ad7-d5d8-d7a3cfd72613,FXE-PhoneYSWAANITF-css,Css for translation to present 4 digit called ID,,FXE-PhoneYSWAANI-par,f,2,99
2d184c6a-2141-2357-3747-e4c5b1c7509e,FXE-GWYGKADNISTF-css,Localize FXE YGKA DNIS before sending to PSTN,,FXE-GWGlobDNIS-par:FXE-GWYGKADNIS-Par,f,2,99
c11cdd1e-8ae8-17bd-dfe8-af7bdf7c3d00,FXE-YHMA-APP-css,YHMA Site specific Calling Search Space,,FXE-GlobalDID-par:FXE-GlobalExt-par:FXE-YHMAEmergency-par:FXE-YHMAtoE164-par,f,2,99
7d48cbc7-dd67-388a-5dab-7a3c834de4cb,FXE-YXUAInternational-css,YXUA International css,,FXE-GlobalDID-par:FXE-GlobalExt-par:FXE-CANtoE164-par:FXE-GlobPSTNInternational-par:FXE-CANPSTNNational-par:FXE-YXUA4digit-par:FXE-YXUAPSTNLocal-par:FXE-YXUAEmergency-par,f,2,99
a526cedb-7e5e-0f72-9613-459062544e9a,FXE-YYJAInternational-css,YYJA International css,,FXE-GlobalDID-par:FXE-GlobalExt-par:FXE-CANtoE164-par:FXE-GlobPSTNInternational-par:FXE-CANPSTNNational-par:FXE-YYJAtoE164-par:FXE-YYJAPSTNLocal-par:FXE-YYJAEmergency-par,f,2,99
2744b4d3-3e19-d385-a294-b30a302779aa,FXE-YYZHQnational-css,YYZHQ National Css,,FXE-GlobalDID-par:FXE-GlobalExt-par:FXE-CANtoE164-par:FXE-CANPSTNNational-par:FXE-YYZHQEmergency-par:FXE-YYZHQtoE164-par:Directory URI,f,2,99
ffc0aacc-6085-e452-dff0-f325ffb1d04e,FXE-YPQAInternational-css,YPQA International css,,FXE-GlobalDID-par:FXE-GlobalExt-par:FXE-CANtoE164-par:FXE-GlobPSTNInternational-par:FXE-CANPSTNNational-par:FXE-YPQAtoE164-par:FXE-YPQAPSTNLocal-par:FXE-YPQAEmergency-par,f,2,99
5b579476-297e-219d-58b9-c52807cd735b,FXE-YWGAnational-css,YWGA National Css,,FXE-GlobalDID-par:FXE-GlobalExt-par:FXE-CANtoE164-par:FXE-CANPSTNNational-par:FXE-YWGAEmergency-par:FXE-YWGAPSTNLocal-par:FXE-YWGAtoE164-par,f,2,99
d7d339da-58d6-28c9-575c-7ddeb3e155c5,FXE-YKFAnational-css,YKFA National Css,,FXE-GlobalDID-par:FXE-GlobalExt-par:FXE-CANtoE164-par:FXE-CANPSTNNational-par:FXE-YKFAEmergency-par:FXE-YKFAPSTNLocal-par:FXE-YKFAtoE164-par:Directory URI,f,2,99
f0e86359-c17f-f766-1247-972b680a0b6a,FXE-YVRAInternational-css,YVRA International css,,FXE-GlobalDID-par:FXE-GlobalExt-par:FXE-CANtoE164-par:FXE-GlobPSTNInternational-par:FXE-CANPSTNNational-par:FXE-YVRAtoE164-par:FXE-YVRAPSTNLocal-par:FXE-YVRAEmergency-par,f,2,99
fcb9d93a-b270-835e-3b12-585d7a4c58a1,FXE-YQMAInternational-css,YQMA International css,,FXE-GlobalDID-par:FXE-GlobalExt-par:FXE-CANtoE164-par:FXE-GlobPSTNInternational-par:FXE-CANPSTNNational-par:FXE-YQMA4Digit-par:FXE-YQMAPSTNLocal-par:FXE-YQMAEmergency-pt,f,2,99
54305044-9743-8afd-47f0-077ad29c20bf,FXE-YSBAInternational-css,YSBA International css,,FXE-GlobalDID-par:FXE-GlobalExt-par:FXE-CANtoE164-par:FXE-GlobPSTNInternational-par:FXE-CANPSTNNational-par:FXE-YSBAtoE164-par:FXE-YSBAPSTNLocal-par:FXE-YSBAEmergency-pt,f,2,99
431f8767-00ae-c1ee-c37f-cd650577e711,FXE-YTRAInternational-css,YTRA International css,,FXE-GlobalDID-par:FXE-GlobalExt-par:FXE-CANtoE164-par:FXE-GlobPSTNInternational-par:FXE-CANPSTNNational-par:FXE-YTRAtoE164-par:FXE-YTRAPSTNLocal-par:FXE-YTRAEmergency-par,f,2,99
9a685b35-6d6b-d548-47de-bd7b7998ae2c,FXE-YHZRInternational-css,YHZR International css,,FXE-GlobalDID-par:FXE-GlobalExt-par:FXE-YHZRtoE164-par:FXE-CANtoE164-par:FXE-GlobPSTNInternational-par:FXE-CANPSTNNational-par:FXE-YHZRPSTNLocal-par:FXE-YHZREmergency-par,f,2,99
ca6d2a88-0560-1184-728e-e4276e5b2480,FXE-YKAAInternational-css,YKAA International css,,FXE-GlobalDID-par:FXE-GlobalExt-par:FXE-CANtoE164-par:FXE-GlobPSTNInternational-par:FXE-CANPSTNNational-par:FXE-YKAAtoE164-par:FXE-YKAAPSTNLocal-par:FXE-YKAAEmergency-pt,f,2,99
fd559c79-88b3-d894-3f87-5ca0c91710b2,FXE-YDTAInternational-css,YDTA International css,,FXE-GlobalDID-par:FXE-GlobalExt-par:FXE-YDTAtoE164-Par:FXE-CANtoE164-par:FXE-GlobPSTNInternational-par:FXE-CANPSTNNational-par:FXE-YDTAPSTNLocal-par:FXE-YDTAEmergency-par,f,2,99
e9c17e5e-561c-10a8-7b39-da68df37287c,FXE-YVVAInternational-css,YVVA International css,,FXE-GlobalDID-par:FXE-GlobalExt-par:FXE-YVVAtoE164-par:FXE-CANtoE164-par:FXE-GlobPSTNInternational-par:FXE-CANPSTNNational-par:FXE-YVVAPSTNLocal-par:FXE-GlobEmergency-par,f,2,99
30ebb3a7-a3c4-4743-27b8-cbdb202c81d6,FXE-YQTAInternational-css,YQTA International css,,FXE-GlobalDID-par:FXE-GlobalExt-par:FXE-CANtoE164-par:FXE-GlobPSTNInternational-par:FXE-CANPSTNNational-par:FXE-YQTAtoE164-par:FXE-YQTAPSTNLocal-par:FXE-YQTAEmergency-pt,f,2,99
fcc7fc68-c023-93f8-96a2-4bb666bb86cb,FXE-YDTAlocal-css,YDTA Local Css,,FXE-GlobalDID-par:FXE-GlobalExt-par:FXE-YDTAtoE164-Par:FXE-YDTAPSTNLocal-par:FXE-CANtoE164-par:FXE-YDTAEmergency-par,f,2,99
1ac85fe5-177c-3a00-eaa7-9bf9e278f063,FXE-YMXnational-css,YMX National Css,,FXE-GlobalDID-par:FXE-GlobalExt-par:FXE-CANtoE164-par:FXE-CANPSTNNational-par:FXE-YMXEmergency-par:FXE-YMXPSTNLocal-par:FXE-YMXtoE164-par,f,2,99
fdac6e45-0b2e-7867-a506-4d711626316b,FXE-YKFAlocal-css,YKFA Local Css,,FXE-GlobalDID-par:FXE-GlobalExt-par:FXE-CANtoE164-par:FXE-YKFAEmergency-par:FXE-YKFAPSTNLocal-par:FXE-YKFAtoE164-par,f,2,99
8cab8050-ba3e-2400-e5d8-36b9cbd05f2c,FXE-YCMAnational-css,YCMA National Css,,FXE-GlobalDID-par:FXE-GlobalExt-par:FXE-YCMAtoE164-par:FXE-CANtoE164-par:FXE-CANPSTNNational-par:FXE-YCMAPSTNLocal-par:FXE-GlobEmergency-par,f,2,99
b20a7aae-0228-16b3-2e0d-2b3014485ab6,FXE-YTSAnational-css,YTSA National Css,,FXE-GlobalDID-par:FXE-GlobalExt-par:FXE-CANtoE164-par:FXE-CANPSTNNational-par:FXE-YTSAPSTNLocal-par:FXE-YTSAEmergency-par:FXE-YTSAtoE164-par,f,2,99
9203df80-b352-5bf7-ddaa-932205f37774,FXE-GWYTSADNISTF-css,Localize FXE YTSA DNIS before sending to PSTN,,FXE-GWGlobDNIS-par:FXE-GWYTSADNIS-Par,f,2,99
aa5c5f7d-aa33-01ba-9509-432a67c11b26,FXE-YGKA-APP-css,YGKA Site specific Calling Search Space,,FXE-GlobalDID-par:FXE-GlobalExt-par:FXE-YGKAEmergency-par:FXE-YGKAtoE164-par,f,2,99
be72e11b-52e3-c54d-8217-a9e392f234f0,FSC-BRPS-APP-css,BRPS CSS to be Applied to the Lines,,BLOCKED-GENERAL-par:1-FXF-SITE-911_par:FSC-PLPA-APP-par:1-FXF-SITE-internal_par:2-FXF-SITE-LOCAL_par:3-FXF-SITE-LD-SME_par:4-FXF-SITE-International_par:6-VMPilot_par,f,2,99
ed1e3207-c7bd-5fe8-b99b-ea587bf491d6,FSC-BRPS-APP2-css,BRPS APP CSS for Internal calling only,,BLOCKED-GENERAL-par:1-FXF-SITE-911_par:FSC-PLPA-APP-par:1-FXF-SITE-internal_par:6-VMPilot_par,f,2,99
a84ad4e3-a182-ed73-0eba-03b16d2732a2,FXE-YYCA-APP-css,YYCA Site specific Calling Search Space,,FXE-GlobalDID-par:FXE-GlobalExt-par:FXE-YYCAEmergency-par:FXE-PhoneYYCAANI-par:FXE-YYCAtoE164-par,f,2,99
03fa7a9a-b561-ae3b-2a85-ea7c82d75190,FXE-YKFA-APP-css,YKFA Site specific Calling Search Space,,FXE-GlobalDID-par:FXE-GlobalExt-par:FXE-YKFAEmergency-par:FXE-YKFAtoE164-par,f,2,99
3ae6247b-b98b-b5db-77f7-24df7f44216e,FXE-YSWA-APP-css,YSWA Site specific Calling Search Space,,FXE-GlobalDID-par:FXE-GlobalExt-par:FXE-YSWAEmergency-par,f,2,99
1f76a31e-77f1-683f-0711-3650d9fd37ed,FXE-YOWA-APP-css,YOWA Site specific Calling Search Space,,FXE-GlobalDID-par:FXE-GlobalExt-par:FXE-YOWAEmergency-par:FXE-YOWAtoE164-par,f,2,99
c738e8c1-7d4b-dc30-5111-34ee3a13f774,FXE-YROA-APP-css,YOWA Site specific Calling Search Space,,FXE-GlobalDID-par:FXE-GlobalExt-par:FXE-YROAEmergency-par:FXE-YROAtoE164-par,f,2,99
2f3d2c80-5e9d-4f7c-af6b-0151387b04b2,FXE-YDGA-APP-css,YWGA Site specific Calling Search Space,,FXE-GlobalDID-par:FXE-GlobalExt-par:FXE-YDGAEmergency-pt:FXE-YDGAtoE164-par,f,2,99
76fe3508-fcec-fb05-d900-6802ff783224,FXE-YFCA-APP-css,YPQA Site specific Calling Search Space,,FXE-GlobalDID-par:FXE-GlobalExt-par:FXE-YFCAEmergency-pt:FXE-YFCAtoE164-par,f,2,99
c50d75ba-ee62-7611-1100-8f429094a541,FXE-YVVA-APP-css,YVVA Site specific Calling Search Space,,FXE-GlobalDID-par:FXE-GlobalExt-par:FXE-YVVAtoE164-par:FXE-YVVAEmergency-par,f,2,99
6bd5f51d-db3a-56e2-dbcc-6248af0cf464,FXE-YTZA-APP-css,YTZA Site specific Calling Search Space,,FXE-GlobalDID-par:FXE-GlobalExt-par:FXE-YTZA4digit-par:FXE-YTZAEmergency-par,f,2,99
589671ba-6252-0e1c-215e-e857b6ce748e,FXE-YXUA-APP-css,YXUA Site specific Calling Search Space,,FXE-GlobalDID-par:FXE-GlobalExt-par:FXE-YXUAEmergency-par:FXE-YXUA4digit-par,f,2,99
5248e4b6-02ed-c7e5-b09a-0819e7a3af63,FXE-YXX-APP-css,YXX Site specific Calling Search Space,,FXE-GlobalDID-par:FXE-GlobalExt-par:FXE-YXXAtoE164-par:FXE-YXXEmergency-par,f,2,99
ce7f6e14-f9dc-2c08-8b5f-5c4f918cc183,FXE-YCMA-APP-css,YCMA Site specific Calling Search Space,,FXE-GlobalDID-par:FXE-GlobalExt-par:FXE-YCMAtoE164-par:FXE-YCMAEmergency-pt,f,2,99
684c42bc-083c-4560-97d9-00cd93791b3d,FXE-YBZA-APP-css,YBZA Site specific Calling Search Space,,FXE-YBZAEmergency-par:FXE-YBZAtoE164-par:FXE-GlobalDID-par:FXE-GlobalExt-par,f,2,99
d620e02a-1ab1-7cd8-9451-50aa3948d124,FXE-YYTA-APP-css,YYTA Site specific Calling Search Space,,FXE-GlobalDID-par:FXE-GlobalExt-par:FXE-YYTAEmergency-par:FXE-YYTA4Digit-par,f,2,99
d9899f0c-4d80-5451-dd34-334f88255753,FXE-YMX-APP-css,YMXA Site specific Calling Search Space,,FXE-GlobalDID-par:FXE-GlobalExt-par:FXE-YMXEmergency-par:FXE-YMXtoE164-par,f,2,99
1e960e6b-9731-5053-3c29-14f8cce10d5d,FXE-YQGA-APP-css,YQGA Site specific Calling Search Space,,FXE-GlobalDID-par:FXE-GlobalExt-par:FXE-YQGAEmergency-par:FXE-YQGAtoE164-par,f,2,99
60dd1f76-77fe-7b76-5731-44cb38c9e6ab,FXE-YQMA-APP-css,YQMA Site specific Calling Search Space,,FXE-GlobalDID-par:FXE-GlobalExt-par:FXE-YQMAEmergency-pt:FXE-YQMA4Digit-par,f,2,99
225ee58d-c507-c529-519b-ffd195d9068a,FXE-YQTA-APP-css,YQTA Site specific Calling Search Space,,FXE-GlobalDID-par:FXE-GlobalExt-par:FXE-YQTAEmergency-pt:FXE-YQTAtoE164-par,f,2,99
08f13708-38bc-07a2-5b4d-687fa18df494,FXE-YEGA-APP-css,YEGA Site specific Calling Search Space,,FXE-GlobalDID-par:FXE-GlobalExt-par:FXE-YEGAEmergency-par:FXE-YEGAtoE164-par,f,2,99
1540f37d-699a-01ec-00f4-7d6dab7e8544,FXE-YEGR-APP-css,YEGR Site specific Calling Search Space,,FXE-GlobalDID-par:FXE-GlobalExt-par:FXE-YEGREmergency-par:FXE-YEGRtoE164-par,f,2,99
5aa2f1bc-e0bb-fce0-af3c-f09f0546d2a5,FXE-YULB-APP-css,YULB Site specific Calling Search Space,,FXE-GlobalDID-par:FXE-GlobalExt-par:FXE-YULBEmergency-par:FXE-YULBtoE164-par,f,2,99
e0b6a2ee-39da-bddf-dd44-fb40fbf83400,FXE-YQBA-APP-css,YQBA Site specific Calling Search Space,,FXE-GlobalDID-par:FXE-GlobalExt-par:FXE-YQBAEmergency-par,f,2,99
012146ab-457b-5636-338c-de783059f9ed,FXE-YXZA-APP-css,YXZA Site specific Calling Search Space,,FXE-GlobalDID-par:FXE-GlobalExt-par:FXE-YXZA4digit-par:FXE-YXZAEmergency-par,f,2,99
2d2f0fcc-caca-7730-fc30-cabbf47c5088,FXE-YYZR-APP-css,YYZR Site specific Calling Search Space,,FXE-GlobalDID-par:FXE-GlobalExt-par:FXE-YYZREmergency-par:FXE-YYZRtoE164-par,f,2,99
c10bc1f2-b715-b27e-1dd5-d8a7845adb05,FXE-YIBA-APP-css,YIBA Site specific Calling Search Space,,FXE-GlobalDID-par:FXE-GlobalExt-par:FXE-YIBAEmergency-par:FXE-YIBA4Digit-par,f,2,99
548c0bda-2d10-cb96-4876-bb2f4c19d4c9,FXE-YLWA-APP-css,YLWA Site specific Calling Search Space,,FXE-YLWAtoE164-par:CO-LO-E911-EGW_par:FXE-GlobalDID-par:FXE-GlobalExt-par,f,2,99
a1f6bdf3-1759-f455-b457-823c235200a1,FXE-YULA-APP-css,YULA Site specific Calling Search Space,,FXE-YULAEmergency-par:FXE-YULAtoE164-par:FXE-GlobalDID-par:FXE-GlobalExt-par,f,2,99
0e580fa8-23db-d0f7-6eb6-f7e984975125,FSC-YORK-APP-css,YORK CSS to be Applied to the Lines,,1-FXF-SITE-internal_par:1-FXF-SITE-911_par:FSC-YORK-APP-par:2-FXF-SITE-LOCAL_par:3-FXF-SITE-LD-SME_par:4-FXF-SITE-International_par:6-VMPilot_par:BLOCKED-GENERAL-par,f,2,99
ba7ec43b-476c-f5b7-8da1-d7c70b0f2e96,INBOUND-OFFNET-INTERNAL-css,Allows reachability to all internal partitions,,FXE-FIELD-A-INTERNAL_par:FXE-FIELD-A-INTERNAL-MGCP-par:Directory URI:VM-PILOT_par,f,2,99
dc3262d3-d993-f091-9176-c54e637fa19c,FSC-CLBS-APP-css,CLBS CSS to be Applied to the Lines,,BLOCKED-GENERAL-par:1-FXF-SITE-911_par:FSC-CLBS-APP-par:1-FXF-SITE-internal_par:2-FXF-SITE-LOCAL_par:3-FXF-SITE-LD-SME_par:4-FXF-SITE-International_par:6-VMPilot_par,f,2,99
674d87fd-a8a2-0384-2b32-28ddfe14e71f,INDY_CngPTP-xform-IN_css,INDY_CngPTP-xform-IN_css,,INDY_CngPTP-xform-IN_css,f,2,99
c2f84f4e-203c-6b3f-d611-d068a63fc6bd,FXE-COSDC_TOD_css,TOD Call Forward,,FXS-LOCEFS-On-Call-TOD-Offshore_par:FXS-LOCEFS-On-Call-TOD-Onshore_par,f,2,99
48344378-4839-1d84-fec5-d0c93ca34c52,FXE-YEGRlocal-css,YEGR Local Css,,FXE-GlobalDID-par:FXE-GlobalExt-par:FXE-CANtoE164-par:FXE-YEGREmergency-par:FXE-YEGRPSTNLocal-par:FXE-YEGRtoE164-par,f,2,99
4531a7b1-6385-e848-0e35-8873c2005590,FXE-PhoneYUTAANITF-css,Css for translation to present 4 digit called ID,,FXE-PhoneYUTAANI-par,f,2,99
3c499367-0a8c-ba08-383a-ff10c368314b,FXE-PhoneYDGAANITF-css,Css for translation to present 4 digit called ID,,FXE-PhoneYDGAANI-par,f,2,99
5007c2dc-9725-e0de-00e2-e866b3b5b7f0,FXE-PhoneYAMAANITF-css,Css for translation to present 4 digit called ID,,FXE-PhoneYAMAANI-par,f,2,99
5f8a5455-a171-b124-46ab-62321a048135,FXE-GWYYGADNISTF-css,Localize FXE YYGA DNIS before sending to PSTN,,FXE-GWGlobDNIS-par:FXE-GWYYGADNIS-Par,f,2,99
5c684cf6-6a0c-5883-47e0-02822a481fd9,FXE-PhoneYYZHQANITF-css,Css for translation to present 4 digit called ID,,FXE-PhoneYYZHQANI-par,f,2,99
5d3aff7f-1e9f-9b4a-7ae4-a0fdf912109a,FXE-GWYQRRDNISTF-css,Localize FXE YQRR DNIS before sending to PSTN,,FXE-GWGlobDNIS-par:FXE-GWYQRADNIS-Par,f,2,99
9841135f-3357-76d5-d6fd-71a1b14f517a,FSC-BXPP-APP-css,BXPP CSS to be Applied to the Lines,,BLOCKED-GENERAL-par:1-FXF-SITE-911_par:FSC-BXPP-APP-par:1-FXF-SITE-internal_par:2-FXF-SITE-LOCAL_par,f,2,99
6f2e5b13-116a-5675-c1f3-4b3739771562,FXE-GWYEGRDNISTF-css,Localize FXE YEGR DNIS before sending to PSTN,,FXE-GWGlobDNIS-par:FXE-GWYEGRDNIS-Par,f,2,99
f98bc7f0-f3db-777a-6e42-950986d35e49,FSC-SMCT-APP-css,SMCT CSS to be Applied to the Lines,,BLOCKED-GENERAL-par:1-FXF-SITE-911_par:FSC-SMCT-APP-par:1-FXF-SITE-internal_par:2-FXF-SITE-LOCAL_par,f,2,99
ddc4ddcd-371f-0708-c3a6-7bc705e376ef,FXE-FIELD-A-SAVR-APP_css,SAVR CSS Applied to the phone lines and Gateway,,BLOCKED-GENERAL_par:FXE-FIELD-A-SAVR-APP_par:FXE-FIELD-A-INTERNAL_par,f,2,99
785fa9d5-c936-19c3-5b68-5846df55d6c4,FXE-YSECEmergency-css,FXE-YSECEmergency-css,,FXE-YSECEmergency-par,f,2,99
8268c03a-2abe-de7a-3b76-5a8e313d4b09,FXE-GWYCMADNISTF-css,Localize FXE YCMA DNIS before sending to PSTN,,FXE-GWGlobDNIS-par:FXE-GWYCMADNIS-par,f,2,99
aea1f4f1-8539-1354-b8bb-a221f2dce873,FXE-CANADA-CFWD-css,Canada Call-Forwarding,,FXE-CAN-CFWD-par,f,2,99
d81da519-20d0-672a-2fd8-c1493cc38d51,FXE-FIELD-A-INDDT-APP_css,SAVR CSS Applied to the phone lines and Gateway,,BLOCKED-GENERAL_par:FXE-FIELD-A-INDDT-APP_par:FXE-FIELD-A-INTERNAL_par,f,2,99
a3c79bce-dc4c-9ebc-500d-140acffe5a0f,FXE-PhoneYVRAANITF-css,Css for translation to present 4 digit called ID,,FXE-PhoneYVRAANI-par,f,2,99
