pkid,fkdevicepool,fkregion
eefcf3e2-95a9-4f09-98da-fdd8fa26e490,1b1b9eb6-7803-11d3-bdf0-00108302ead1,1b1b9eb1-7803-11d3-bdf0-00108302ead1
da5b2b47-888b-41e9-90a3-8e7d9bdc36ae,3281e056-b719-7e33-a033-103de68f547c,0ee22b12-8c7f-bb6c-bcf5-a75f8556c910
c7473577-30cb-476e-95b5-152266f77b8e,7881780e-077d-f56d-2218-89fd2a19e953,c2425328-abdf-fdf0-d795-f792aa25b2ab
1a554bb4-819e-40ae-a98d-02ed377952cd,c35d3f5b-cee3-736b-9519-566c5fbc6ac7,0ee22b12-8c7f-bb6c-bcf5-a75f8556c910
a75defb9-0500-4b06-b2b8-a87fa42455c8,67586413-e82f-8dd4-f51d-3e0547f6224a,c2425328-abdf-fdf0-d795-f792aa25b2ab
d19efba9-7b37-46c5-961b-af0949a51a41,79e8f5c7-78c7-35d3-8a82-a3a5f130351c,0ee22b12-8c7f-bb6c-bcf5-a75f8556c910
2e077dd7-7dee-414e-a8eb-664252890955,0a54219f-b24d-100f-a0c6-39087e475460,c2425328-abdf-fdf0-d795-f792aa25b2ab
beab7afb-cc3f-48fc-8833-363f710df798,41401a7d-faae-571a-2876-ac092617c9e3,0ceb63c0-1279-b5ed-a1a1-af507e5a5d1a
df09eb49-f988-440e-9cce-afdcec11c486,c41b2a58-e52e-81d9-515b-ad5568e24218,0ceb63c0-1279-b5ed-a1a1-af507e5a5d1a
b5dd4e61-374b-44ef-a42b-bea394df4d49,fd4c1612-bab4-9224-cab0-2209222972c5,0ee22b12-8c7f-bb6c-bcf5-a75f8556c910
95e9202b-a41b-4de9-9b9e-a879eb1ddee4,eced1da0-10d9-206a-566c-0c9a7197f849,c2425328-abdf-fdf0-d795-f792aa25b2ab
d9e69bc7-3aa7-4b98-b6f2-e2be067df367,c33beb0d-5923-97a5-785e-689b23037069,0ee22b12-8c7f-bb6c-bcf5-a75f8556c910
f3318e1a-a2f7-45f1-b014-6354958dfb9f,9f7ec98a-4a0b-48c4-b18b-c78f7309660d,c2425328-abdf-fdf0-d795-f792aa25b2ab
5e561af9-6b83-4844-91c8-cd8fbdd0b931,48ba8a21-fe7e-07d4-aba3-498b8a0c466f,0ee22b12-8c7f-bb6c-bcf5-a75f8556c910
55ae7fb2-31bd-4689-b34f-2f197e2bc8fc,461876a9-9b0a-e9ce-9e6e-e573a062a88e,c2425328-abdf-fdf0-d795-f792aa25b2ab
a2ea7e46-e488-4d27-9839-2cd08d7b807a,3226196f-c1e2-436a-b94d-cdb24ffc156d,a2a81194-7718-051f-baa4-9dc4291ce04d
6ca7ff8b-073e-4ca6-b422-f36d8bca833e,02e42c5b-c2c1-2929-937a-1ca6a3909c46,a2a81194-7718-051f-baa4-9dc4291ce04d
25c0bb8e-eab9-452d-bc9f-eb355773c4f8,035692d5-2a1e-4322-aba4-ec2c5cb788e0,14b72ac7-34c0-3d19-2408-cd38ae7263b3
75cec3ed-c3e3-48af-aa37-2642a7fd34fe,0411fb11-c17c-401b-873e-31bd7f42dc0f,77bbd03e-a8ec-43f1-3c2e-ece1900d5b3a
888a81bc-c839-40cc-a9b8-924ec29ef9ee,025cbe9a-5f17-408b-bc2e-34228fe93827,dd27609f-46fe-2b09-d57d-5812cae8b3a5
325c497b-51d6-4b32-b91b-07a013f020a2,02f7c080-5a66-4249-b0e7-5fd597fd71de,497011b0-043b-efd3-2edc-59f2f0397d2d
bb56aaeb-1f2b-41db-961a-85d67eb79cc4,023ec499-24d4-49c0-9132-c89aeea5dc62,f25ba9ce-e2fd-d10f-da48-9e8858a6e4cf
ebef85f6-3eea-4646-82f0-4b52588e5dcb,00d8f205-495c-4ca0-bbb5-d98a67f635b7,3bd3555e-020f-0174-e450-c9bd0adcd9be
358bf06e-f664-4f01-9e38-f14032cd3398,546db9ae-e77b-ce8a-af11-ed420325b9e9,3ef3dada-4dcd-20d8-d86b-1f094a36c744
24da9e55-7392-4c5b-b2bb-6e92ee7198f5,07cf5e53-847a-43c9-ad0d-5258cd3b1ca7,a2a81194-7718-051f-baa4-9dc4291ce04d
7555dae0-0566-4442-8292-fcd42d683572,069e83f6-974d-4174-96db-855c2d90f92c,b602c849-214d-94ca-1b5f-8aee6f0ac8ed
a0151e56-4709-4c22-9200-2d905a88840f,05f89a4a-cd8f-4f7e-9455-d70d045f3b32,88a4c987-579c-6a93-058d-fbae8ad1810c
8c890233-e944-4534-b639-5459d243c736,07d21938-49e6-83b6-f30b-9b2e065062d3,f6db320c-b0e9-6e6c-1615-8f8b484855b6
9c8bd739-eb90-46eb-89ac-f69e574ee1af,065c95b8-bedb-49ef-bf7b-814e1737e2c2,4a75643c-40b0-d0b8-3a61-9ebc09535a99
88039495-23a2-43d7-8eeb-816ebb9e5794,07a7ac8f-5752-6bbc-49ae-69e1e7e9a975,bac791dc-7eac-3cda-df50-d4a635b32713
123cce6a-7ad0-4e66-b51f-6152c83985ce,58b791ec-9730-4979-b6b6-f140cdc7c3ec,6affb667-e204-3eea-7648-e8aeba24e044
af744a83-6208-4c45-aba2-00e7e90e5aa2,7a8d15f3-fa9b-9f75-abae-7f5a332e3b2c,417e3926-21df-4fcb-be7e-9cefd47a51ad
439c3226-6a3f-4782-80b1-42cc4f673c80,09d80f21-f5c5-4932-83ab-3c3aaa7e649f,0ab321b9-6dcf-306d-08b1-334687e33f8d
0881a553-7022-4d4f-a395-68309bb44b6e,0c2c7b90-1120-449b-aca0-9590a0ef16cc,1adfb73c-de33-c665-48fd-12b5e6d267ce
37ccf169-9496-4ec2-8582-f7b33e127bdc,08a37bc3-258d-453c-8e9b-44442b76b191,a54537a6-cdf6-1a1b-fa59-23aa49cbf772
711ae693-b1b2-498a-bda0-e73c42415689,0ab380a8-1d0e-4906-a105-dc7db7aa194b,bacc1510-7f99-0c97-7d98-e2d6148a0f63
b20cdabb-37f8-4204-afc1-57c7314a0e30,0baf3094-6b64-447a-b502-15538eb50ee8,2dab19fc-cae5-ca8a-c5c3-c31db50914ab
82e47ece-612f-4a67-b4c9-12943d677a2b,0f8890f9-315b-40cd-b23c-bcd1ae22a47c,70fc42c1-ab98-d16d-29ad-afae6381bbe8
651d1ee7-2755-4f08-8c59-841082f33c02,125aff72-3e64-4e28-88fa-d2be7310d1fa,e3f6d27a-d238-1fb4-ec70-fe6724c0d8f2
667b80c9-a7cf-40e0-bdab-5a466b945143,1283d478-cb0b-4545-8c65-6e9ac9c628ae,5c4859cf-c306-f6a0-b7cb-c10603aef48f
70659e22-5380-41c0-86bc-0dc8aa4be81b,1074e9e9-366c-b87b-61cf-c34c0fb2e55d,30b4761e-6ed9-cd7c-8316-e5acf7396068
30c333e1-e528-45be-bf00-0ffbb4158a4e,116d161e-4950-48d0-8bdb-f371ca15bdf8,2974ecbd-6a6e-7618-e6fa-ea4903adf698
71a52edf-7b11-46b8-b6d2-708781badf39,0f772e66-d8c4-46e1-a902-78a7e6bc932a,296e8e96-355f-abd7-5e0d-a0782a31f2c4
a2460ab5-d33d-4278-9cfe-f29b09f3d1af,0df1a149-3775-fc19-3bd3-331b3aa74e67,f59037b5-bfe0-1e62-38aa-f3f280dcbca0
c643f082-7b05-42ff-9a93-6b1211cba027,0e391336-92cb-5f07-e5b4-d93a68e9f098,4547ebf3-be47-3f91-c0f3-e94427aee045
e55e2836-bc28-4e5b-b425-16ab49cd1a31,13e1a4ba-2545-4d98-a928-94c6287da61e,01cb41bf-d6e4-534f-e71c-14e20418d179
89a1d5c3-8ffe-4377-a26c-ea9bbc60d705,1449ccb3-3e94-4402-a39a-960bc5fcd7da,eac8fc03-d226-2618-76c9-dbf9465e1c27
78c57733-be16-4dcf-9d61-34be6fde9a8f,11437f44-11d8-4441-ba7e-b7197144f8eb,a2a81194-7718-051f-baa4-9dc4291ce04d
f32ebed1-0b56-4d0c-a130-9337851acdf0,0f189dbb-2346-4c16-a61b-f3171ba85a95,a2a81194-7718-051f-baa4-9dc4291ce04d
bab5129d-ca2d-41ad-9e33-d2fc5b8c5bc5,119ffd86-300f-48a1-8312-8e915c2ab375,a2a81194-7718-051f-baa4-9dc4291ce04d
3f57797d-3c28-4be1-9d7f-1bb98cc7733b,12213aad-a5d9-4849-afd3-d75f8c6d7ce1,e79f38ba-3d69-6155-45b9-1deede20bf4e
8b57ef3e-d1ff-4086-af84-fdabcb99c9be,1254ac39-306b-4c1d-a47a-63b179363ef6,3a63a854-2186-3e9d-4be1-f42748bbc9d9
7d32311a-609c-4c56-bb9e-ae89d44606d4,138fdb59-e628-6a5b-9a2f-ccd6736d6346,0aad7e6b-fe81-423b-d084-93c7e35c96f7
db89ad77-3613-40e3-91a1-037442361b1e,14d11fe1-d0f4-df0a-14b4-9eabaf4c082f,94bde96e-0fc6-a952-3a7e-2c2722a67317
9e1fb8d1-c4e1-441c-a8c2-1dc1715ab42d,1658e42e-cfd9-9fee-d25c-ecc18c05734f,694684b9-739f-4603-3516-2576a3960776
3989e4d8-806f-462a-95db-304111594a9b,161d9726-55ff-e4fb-8e0c-01ac62dc0656,4beb96a8-6b46-b677-07e1-a1d449cbc791
c2332881-6736-4e31-9770-fbba72b2654a,15555032-f100-44dc-835e-397dbae2531a,5d27385b-ccb1-b444-623d-886ef6ff7ed3
e4a48e90-2473-4f45-9f65-23f285fa8591,15798d64-72eb-5c93-e5d1-9f709c73a1db,00141068-de11-b2c1-aba7-81b4e1ed8732
1982e99f-a90d-464e-a14b-d01caf1bbee0,1497b11f-93aa-7b90-b5e6-24d704436fb4,0d2e6031-ab72-f2fd-253a-a992faa49cd3
f288ae69-c5ab-4c23-9ae0-cdc0e1c90fa7,15b1593e-7898-46ee-b90d-0237ca0677d0,7cdb54f4-fbde-31fa-57e2-a823ed938e39
314f6f0d-5d5e-45e6-bb50-7aad5d89530d,148af68d-8ac9-ac5d-ef70-08f357b2afe0,4809cf14-14ea-3443-61c5-16378d234775
fee157c7-b58f-499b-9943-475348b46b72,155b431b-57f1-fbd0-6d04-48c7daec9844,c0c040b1-8521-28a6-04a6-bd5cb8821d84
6114e463-afbb-40cd-942f-af4bc27d7f8e,18f7dd54-e176-43f5-812d-e12bc567920f,dcf3dbd2-5190-5c0e-6e7e-871f41655abf
6ef7b9da-2541-4c23-8e3c-0327688d99ae,19387aea-e433-4379-9050-4d9879b06bab,e8548bcc-6d18-4318-2dbf-b7fd8bd5df29
64005124-f7bb-4407-8122-e2baa6a55218,186cdeff-fec7-9add-d9b9-8807bfd4aa89,9f462ab4-946b-a683-a731-ff504202e911
4be09465-49e7-480b-afd0-6eacb1121435,1d704005-9b90-47e2-9577-e8ab8918e39c,fc3589ac-e9a6-08c5-c0ee-c39ab4686362
0c4b58ec-26fe-4989-801c-7422ccb3cff4,20172253-b665-7a4e-29bd-b8f935750f62,4aa4623f-2697-cc00-df5d-e0705228d5ae
b9243ad8-19e3-4d41-be3f-827703c817d7,1e7919e6-d100-4276-84ea-c550282c5933,9a9d10b9-ac55-387a-6f3c-9e3e4ef33b50
b1420006-f93c-4242-ba45-985c170a4d89,1e864434-cc0c-4e5f-873b-6091ac590de3,d1afd834-df9c-05ed-7ca4-c8fa2e883db6
e8c48628-3eb9-4092-9e94-64dc06b0a809,1d20314c-db91-6748-9481-51d905e274cf,ae960ee5-4d9b-d8f1-a6dc-e44d3178a080
76d4a6fd-de23-482b-924f-6876855920b6,1ddbf220-e42b-48fc-bb8f-b46701552a10,295ebbf3-7e20-b3a6-ff1a-dda4dde9d1ca
11c05253-0936-441d-8b70-2a0e5dae866b,1e83c0a2-bd53-4d2f-99ba-bd8de4f0a4cc,67660ccc-cbb7-0120-dc31-29c52c85ee43
0d47c68a-373b-466a-a97a-daa77f7f12e7,1eb2b8bc-ea89-e6b6-94ec-13363cf23ebf,3fb04a3b-a2c3-4563-7143-55c4752ea10b
26892110-4bc7-4b6b-8031-cbf14889480b,1cce5fb7-a257-e08f-5da1-0cf7a506fe0a,6c2ad700-35f2-8d85-f327-2ba5259d1c00
25f37c90-a7be-4627-a5ab-e698cabebd22,180486d1-f988-f3e9-6798-3365b9c34e68,ff3dd1fd-e6b8-43bf-e8a1-5a0139bc9c1c
a848faf3-de3c-4202-8561-0f04ea5c8103,183ae20f-a2ab-4a21-93ec-df994349cec0,ca84a21c-1bbb-5ab5-76d5-1c3da8e470cc
c3696686-f268-4296-a259-b30b37a5eaae,18f3da90-ecd1-42d2-b01a-27b487f765c7,50c24592-9cde-fe79-299e-2126741a3d47
172ba331-8fcf-492d-9501-4756b03cc4f0,1a7cefd6-f696-4fe2-8cd8-cc500c82d0f2,7587c475-f9eb-f072-62d0-a2821ad9fe5d
52db88e5-1533-4193-b52c-feb938661727,1b523181-2816-445b-b5b9-be5387e0aaf6,e17f6602-fa2e-6626-7c66-d6641c1eef36
9f2d3dfe-5049-4066-a384-6e50137e820d,18a238b7-db2e-e9d6-831e-5c4ce2f732d9,31043493-0818-3273-43ab-05d4da3bdeb7
56383fda-065b-4fd2-8b09-dbfc7c15fbe6,252bb78e-11fd-4a74-8e34-126c1a2b2a1e,7280a4e6-df76-ec4e-7c60-25b501f072bc
af8d5231-cdf4-4d56-96ae-14be7aa3b244,22805847-a3da-41a1-9ef2-b37d1bacf637,8b8a9d23-d9d1-6e05-6069-25d8ce856327
e4ed6fa5-8d94-4f05-b8c2-aeeaf7343d19,268aa216-f8db-29dc-ab8f-6f35f40c8631,1bc9c0d1-5ba8-b4dd-d292-a49c86b9e356
d5e7d80f-446f-4b51-9981-725119279ac8,21cf647d-e774-4470-8715-9c307546a03b,6dc991d9-fe8c-a400-dabb-7e16a3e60ea7
bbb3f7cb-b02c-4b04-85c3-834e3bce3198,1c6ab4d5-4443-483a-bcbd-1c65e701a7c4,a2a81194-7718-051f-baa4-9dc4291ce04d
4b1ecc65-2aca-4250-8a24-095c8be87872,1e30681a-1c7e-468b-a5de-d9dfe0694bc3,8db14c6c-699e-a050-df90-361a75746814
27c3b6ca-ee71-4123-b039-1f1e329b5935,2c7724b3-da89-4970-b751-a0516b06b1fd,bfb41ef6-407c-a48f-cf59-1672d4e4ca43
3a2fe349-edf5-4182-b254-5282c3c976b7,2bfb32a0-7f61-4446-8e4e-be3eca8d66f6,72aa406b-ea92-cb12-96eb-c20e0baf562d
17a0eb5c-f3f1-45c0-933c-7f24176a4904,2d3e8f33-44db-4a78-9cf3-207a572a9160,a40fa875-bbcf-8d1c-815f-d0c5d0ec5e0b
48d3ca0b-ba5c-42a8-afdd-2ec09e4473b0,28e5ac9e-80fd-49fa-af10-008612aeb3df,62a07317-51b4-f0a4-aa50-64df142ef83f
a5549b79-71f1-40ea-8d4a-de2beece6033,2ec50bee-3039-40eb-91bd-71b5423826a6,f0d81911-5a80-fa8c-cd79-99bf2f54b007
2549a2b0-dae8-4a1e-b77d-1c5c4af420f4,2f74f5ef-981e-4794-89f8-f65521d98af0,884f55e0-169f-247c-1e9c-7c7556a71944
f7ef5554-f02e-4ecc-a1f8-80ee42de7ed6,2f8dae63-041c-41dc-be04-0619db9f2e79,0f24e346-6fe6-9930-18e0-8e391b4e145d
fba6bec4-b8f8-4960-aca4-faf9785a1087,2d9f93d3-2d6b-df84-e522-b9990c10a1cd,80420fe2-03ec-d910-cf22-902ac1f51a1a
6119ac14-0c2b-46aa-8c2c-8a367cbdbfa9,30c13f05-fb5c-49aa-99f9-241e13b95f32,2b023c33-5359-c1fc-c8d3-e1df2d7e2380
254a451f-b9ec-431e-8678-a8bb33b99544,2eca0dce-3f83-49c6-b9ec-82fde5d1f6a2,bbecfe14-bd22-59e5-56c2-2a1906760680
d0ec5a08-e2cc-4ff1-878c-ba7eae3a5f60,2df72092-3716-f8c4-9586-f5a0846a284f,863d5a50-2248-9ad2-a197-777db1bb6b4a
f2098446-29c6-442e-8010-503305e76b3b,30cf66d4-6f11-4c2c-a31c-0e77a7e43943,166762fd-7d7d-c0d4-794d-7dfc6a77e136
ab6ef814-9b61-4f8b-90e5-9404c74cd08a,219557c9-9bba-46df-84b3-45905b301529,a2a81194-7718-051f-baa4-9dc4291ce04d
65ac5bd9-68a9-49eb-a7a6-93d5aee7ccd1,225d8e10-6ef3-47ce-96ca-4feb672b5a1f,c3439f10-a9cd-9837-563f-e2a7c4af4675
6ff6991a-5673-44a1-93c8-1d006dff5418,257c325e-f6b4-bd32-7b5a-8e329d603f1c,dccb7cdd-12ba-05bd-41ba-5bc8be9eb799
41c4a5b4-c87e-4d35-85e5-32d97472f381,241d5dc6-f0e8-4ee3-83dd-4f5967ae57b3,3217651b-8d5b-fd71-aad0-4943ef7c0d73
51f2b1e7-c925-431c-83b7-d5b9e4d6fb0a,2611cbc3-f8d0-4e21-96a9-b7765e13da45,32cbf64f-3c24-c202-45a1-09d395189b4e
16124700-ae23-4ea7-bd78-d0cc9f98787d,2298c6ff-a803-4dd1-a5d0-c1a20a1f1fb1,76eb6ef7-301f-165e-34ca-024508e6c071
166ff297-da47-454a-a173-f98ffa422dd4,31b44976-762d-43c1-b5bc-ebb1dcc3c86c,26f069f9-a86b-2388-cead-b1d2d7d32806
637c72a9-9cd4-4b91-b261-0af95ff09dd4,415bd810-248e-0ef8-1397-52b5ecad391e,9b278f1c-235d-d1d5-0b8c-8625b4507014
7106f231-b10b-404c-b5b4-cb8e10c2087e,3d700b84-cf01-4cf7-9e9b-4998ed4151d4,c22ea320-6e01-cb18-5296-c660e78a3472
679c88db-6a86-4e39-b05c-45044819c699,3f170828-cb6a-42ff-b8a6-d12163a28233,a0f5964c-8859-cff1-c38a-ed1c8954c760
3ba6ff3f-b957-4ec0-a1a7-4829d9481406,2cb2f9b4-f5a4-4404-aac7-0c199ae34a01,a2a81194-7718-051f-baa4-9dc4291ce04d
8348987b-3bd2-4514-a5c3-3c1b1a68e284,275bfbb2-b97c-4cb8-b2ff-d9cbe56d45a1,1eaba410-a475-89e2-1220-a8010df470fe
c515f254-5a71-45ff-b776-e0e9703d01f8,2d2ab2d2-9b73-431a-9cde-21ed2d0bd06b,adbff42b-1caf-2b20-867d-432f28a621c3
dee3bd43-cbca-4eb6-9f7c-4ba9ec6e5066,2d3bf2ea-2842-43e6-a40e-6e3235662dc4,cf8a152e-f2c1-aef2-4ca4-8e4c25d1c7ac
2941be7f-65f1-417d-9f68-70556580ae7d,2ba58c8f-ac43-49be-90d0-17bbf22cc2eb,8f6939f4-9285-8656-ad0e-d471ff9f3aec
9433c689-37d7-41ad-875c-165438ef012d,2ba39179-68ef-41fb-935f-042f45f5ab8a,17b365ac-465f-1a32-9807-816322caa89e
67415200-94fe-49e7-be9f-264e7b8069c1,3d5320ec-70eb-2fc1-ee7a-24bf099c4304,e3f2840f-f248-dfb6-ddd7-68f81534f776
be39417c-bc64-49f5-8285-f9108258b573,3f033265-c166-4e27-8b58-cfeaaf3518de,aa6ab593-69f0-6bb7-f847-a55ef0f3319b
c2122da4-7528-43ab-b73c-5f0daada581a,4033130b-de42-b9ad-f73c-9a19332efe19,6cc9516f-9646-3716-720d-a6e4035cb643
a62a0b78-5ed7-4b8e-b10a-f280ce5f23c4,46be71c8-d9ff-d8a3-d411-571f8abda45a,863f468e-33a2-457a-fb1d-bfe5db68b24c
79d61a8d-3583-4daf-9250-db6cfba143af,2dd75d87-961e-46da-824a-9ef30cfa0f88,a2a81194-7718-051f-baa4-9dc4291ce04d
b0d62d82-2599-48e6-bb40-a145271489d6,3019d70b-b5fe-43b6-97d8-b26859b9495d,a2a81194-7718-051f-baa4-9dc4291ce04d
41f61c17-a321-4c28-8910-e372d1b78bac,2dd6a3e4-3630-4848-88d5-74801ccdd6d4,21a5f436-3ed4-7521-0450-2a4e86531707
e998c0a5-ccf1-4ee7-81d1-95e2a1705cc5,2e0e86fd-0c4d-4e9c-a9a2-5ad59afacc61,e3a336da-9027-c8ce-ba3d-59e77ef0eecc
39f88032-20a7-43d4-8b5d-a68a8372c4c2,3062c528-7dc0-45e8-975a-05d7845bae72,948c55c1-629f-ac7e-6d46-74bc2bfd5390
058b7794-a8f0-4492-8be8-aa7775982552,41d38d6f-54b9-49df-9c15-edb057664664,2534ea7f-289f-b9d5-8048-513d58ad1723
d044ba61-d7f1-4ba2-82a6-6da5a65448ab,43ac2bcf-ab3c-489e-aaa5-0b98b842c00d,9f9de948-ac45-98ca-1403-4f25bc79cc5a
54041ffb-3a50-4a5b-a66a-dbc50fc69019,4488522a-f080-4a33-a1f8-2f9adcb664f6,2caa9f38-300d-f6e7-b2af-77f42f69f0a1
f84e6dcf-6048-47c8-95f2-77c31b86e772,4350276e-4af3-418f-99c7-87dd18c2f35c,bb1bc6b4-75b3-51a9-0910-f3199abf1902
e0fcb66d-b78c-4c8b-9f93-fc1cc578e0b2,417cc726-3c85-4c26-b2a0-dc6921bdcde1,0c3f3f48-190e-6c58-3e65-fc917d292f36
2ed608b7-a39e-4cd3-aa15-c4934a49a05b,424864ed-c344-baef-5b0e-0c85ccb7b7c4,f0f2a879-6609-7448-2f48-87be7fbec929
478782c3-55a6-4ba1-8b6c-30f1316fcf1e,417933e3-459f-4ff9-963c-7e5db8a5706a,ae696776-3194-38b9-b554-46ff13a8f44d
c48dd1c6-9993-44c7-a15d-759dbde18fe9,3570cf3c-2107-44eb-bbbb-9cae5c6d6bac,a2a81194-7718-051f-baa4-9dc4291ce04d
4f73b155-15c4-4d1d-a435-be7bb6a9f63a,3284170f-a921-4048-bbda-956a81d73332,d8863f32-e3ab-864a-4333-b489834fd3f0
bc286187-48f7-412e-aae3-fcf0e4a797d5,35ffe0ab-e8c2-4506-9002-c563eae35f1d,e64f2a1f-e44f-8030-7e7a-8a490e0c346e
09818acb-e883-43dd-9eb8-a616b33fc438,31195f53-3445-160c-730f-435e08e8ccaa,1cab8c9a-46d7-aa53-3aed-2d7e1bd4fa40
72ddcdae-8199-483e-a4b5-a8c01d061d15,329feef6-858f-4f28-80d5-220205f7427b,be369db4-e07f-f35f-b870-40d4bed2f62a
4d0e5c12-b94c-4bab-b044-206add6396d9,3150cd7c-1e52-afd3-4965-430083bfab3f,60fcb8e9-022b-7871-5715-f53f03f7b3d7
528f82ec-3214-41f3-b038-f305f223a2ac,338df7f3-9cdd-471e-b204-abb6f5428318,b04cbe43-2bd4-841c-1dde-0bbde7b40d74
cc83cb7a-dcc3-489b-bd51-f5c2f285117b,31b61ac6-d735-4ff6-aea4-0b65269e4b63,a2a81194-7718-051f-baa4-9dc4291ce04d
2476a8e1-6836-49e8-b926-e622a22d55bd,4860667f-398f-45b3-b4df-99fc27a57b0f,1015a403-a2c3-bff6-2d49-906a66fe66b2
a924e485-01b8-4366-ae93-b18510e0cb2d,391c9d28-f65e-40e5-9575-2243ef21aea6,a2a81194-7718-051f-baa4-9dc4291ce04d
d8f10010-33ed-4da7-99d1-e5fdc80d73c6,38095be2-23d6-edc3-e90a-17198d4eb33e,25a2e2b2-629e-56ca-0d2c-86859124b035
b8169c8f-32a5-415b-9fbb-c4ee2fafe92e,3b302d74-64c3-4b83-d594-9fc210dde1d9,b4f3ed5f-132b-00e6-948a-07f542407c08
f798925d-21d3-48de-93fd-977e4a437046,3c64d81c-62de-440d-aaf6-bee3d0388177,26c9b704-6cfe-f0ac-192e-7a0436d427d8
a64aed8a-3586-4491-b430-6267b8e0e671,3b6258fc-237e-4102-8ac1-0841efdc9972,51390c24-2bcb-300b-b7c8-8a049d7f71d7
33e39e62-9e77-42bb-baca-a1fff651eb93,3ca8d938-0873-49ca-9a15-0cc1efa7b0f1,2f61df94-6fe5-1c52-5d34-290b43e89060
f55dc562-a011-4bd3-91ed-ce747ea9cc14,3785e8f6-8619-48e3-a2ce-0f50038ba00c,b3d20918-9554-01cc-0916-802fc98dae0f
a996499e-6acb-4012-8ca7-86ec9f79e57d,36eb1b55-11e0-46a7-9bab-f85a6cd491a1,eba5815a-8630-836f-7582-bd481d172a1e
570ed238-4555-4050-8531-2cdf350f47f6,3f7e557d-0f1a-4453-8ccf-0e999e291de0,8f0d11ce-4372-1239-b53c-eade8cd4e513
431f08a7-1cce-45d4-897c-355717a51490,3fdd5a65-f14a-4360-b1c1-f3362de8216f,df1e9108-b467-9ad6-25ab-476cd8959ec2
f2ff212c-a911-4e2d-b795-5a6fca5f61d4,3d48904d-aada-486a-8c74-1684221b890a,5bb2b7d3-ffa1-3733-6335-526f56602a46
cfd73409-e55c-4edb-8c39-4f0a9bb5406e,4a9c6a81-4581-52ca-a983-f3d4caa02b5a,d95aa19d-4512-66d6-e1b0-3ffd05dd3a11
f0a71ff7-4de8-401e-95e1-d879a3092ab1,4f749e89-3fc6-4a91-a19b-6ed6406f3c59,ba3a6844-ec58-ae1f-00f5-e6e2076b544d
d931021b-4e85-4110-b396-b8c02e74b4b5,4c7c5757-43dc-40d3-8cc5-81e128256090,f3fb411c-ba26-290a-c01d-1087a372d967
d7447ec4-b372-42d8-8faa-2f2addb4481a,4c2e4153-5fbe-4367-971a-1a81d9bf596d,2d3b9400-3f17-1010-a2dc-a7aeef382b01
bcbf99ac-e37e-403c-8afd-e7b346d8d472,4d4eec49-a02b-193b-2d2f-3c58e0057d8d,0d28ac54-c072-fe05-9bec-cf57b7120187
82f73355-e6dc-4192-b208-d684f35c8022,4fe52a6b-d664-4c83-b9c4-8c73eeeabba4,38ce52f2-b73e-8e40-7b66-cbcd61567cb8
e07d71d8-f22b-4581-98c1-36bd4bfc19c2,4c690a58-4aa0-44e7-bcf6-7ae5946517bd,e8831bf7-e626-dba4-85e7-6ed9ea8024a4
59dfb302-15fd-479e-bd17-3fbbf9aecec0,4f633b9a-8185-7815-b24a-a3c9983242b9,d5de0d12-b8ee-82d1-a469-8fa478a9f13f
37899f20-5b7f-45c5-8372-711eaa947a7e,55950ca9-1246-47d1-8356-9fe7a15bb993,80fae87b-aa3e-0334-c866-6381243cb317
3742235e-4b12-4389-b66d-1ec4b73a25cb,57690b85-d826-4d07-a555-71b39bdbc320,2fe063bf-267a-69f5-b2ac-98c11380707d
5ff8adce-021f-4c36-bc57-6472bce36424,42a0f76c-8e7f-426c-b863-5697eac6aec4,a2a81194-7718-051f-baa4-9dc4291ce04d
74470b50-e888-47c6-9021-15403747325d,41ff98ea-6d56-4f9e-8865-932dd7acea0f,e8560e0c-5931-02da-31c7-2ef2c391d38c
9c390a90-bd75-4256-bfd5-53d9c9328238,41a795d5-079d-49b8-9d05-f804dee1d6cc,3ed20a2c-4c92-b8fe-78f0-0d2ecbed198d
742e9851-4f27-4261-a256-9f136285ac0a,5dedc8b8-efcc-4703-a256-95737f0a7524,7d6ac3b3-0f37-5535-0ce6-6c5e45deb8db
f6513e73-806f-46dc-bd91-9c3e7ecbd796,5b227381-2c4f-68e3-5a5f-fd55f46ffedc,61fe6d78-aa3e-e6d0-ef08-3e567a0ef5fa
29e960ea-95da-465d-9892-38d82a2a1370,5b0bd578-5984-6c3e-7dd3-0e127174ffb0,1f810473-65d0-a4ee-e6c6-7ffbe8618699
0832e7c6-fb44-4464-994f-503518d8d72f,5aa2f692-a647-4c84-82fe-863d32b07c64,11db758e-9795-7bb3-8d9e-ddb143cf8100
eb9bfb1b-2b30-461b-b639-5a8477b45cd3,5b6ab2f0-85f9-41e2-92f0-7d9ea9567baa,dccb7cdd-12ba-05bd-41ba-5bc8be9eb799
98cb72de-4813-4e44-8e9c-9ef02c4531ca,5c22a9d1-ab96-4476-971b-46fcf67e0f4b,97375e1c-b44d-3c55-7e6c-c797d4b4788c
dc986270-a0e5-4c60-8055-8e01d4d5048a,5c48c21b-b4f0-406c-9b1e-775eb192f831,409b727c-a438-7954-6e96-5236242b9e6a
cb24eee8-3ad0-407a-a83d-8e0913921a6b,5bae251a-414f-49bd-b238-f7bd43e4a077,26615d62-3a41-fbfe-a6f6-7086be7c7fda
61788484-9bcb-4b54-a9f6-7d2da8451ba8,5e607588-682f-b2e2-8222-fb88a4feb40d,2fe063bf-267a-69f5-b2ac-98c11380707d
e8bc2d6b-c1d3-43b7-bf80-92521750bf13,5bf40713-b78c-fb0c-1092-8c8a2460097c,8a56faa1-2634-391e-feb0-77c520fed856
169789ae-f5ce-4922-99f4-ecebbedde5a8,46f3793c-e1a1-486f-ac46-9d37d39c6715,a2a81194-7718-051f-baa4-9dc4291ce04d
a1f7b24d-75a3-468e-8b3a-40dc5c8cafe6,4a8ea536-5deb-42f6-b519-68dcb93d4bd7,0de6d971-c907-d9d6-2185-ed25a817c6a6
b258c284-d413-4e3b-b112-e2fc550ae035,4a842265-5fd0-41a1-b3f4-2452bce0ec53,e22c5820-532e-2a96-4fe0-f7a5a32db51d
92c12552-440e-4c68-8774-7978fd85fab8,48bbdfb7-13a3-71e4-329f-4713309c14fc,1b1b9eb1-7803-11d3-bdf0-00108302ead1
aa4ce334-5f2f-4c05-b389-4d42358a86dc,4816b02d-9e68-49c6-939e-e5cd7a419c24,c2f6f58a-884a-cbac-efc1-b7c6dd84ffad
fa6bbfcd-3104-4bbf-8646-923da4d99e81,499e4ef7-65b0-6c8d-86df-da3df75ee1d1,90a2b90d-7d65-2e00-fef7-74a44711c4da
153cd8de-4e74-4367-bfcf-7bdf6f9c02d4,4a0a24a7-86c0-438d-9297-ae5afaeb33d0,ab9074df-fe00-d822-26ee-6bc611b92fc0
42dde194-767b-44bb-a4f1-58687328396f,4af206b1-8745-acd8-f975-0478477bdec8,2da7ea0d-e2cf-5174-7bec-e730247b3909
cb641c2b-10b1-4d27-a7a1-fa779b853148,61d6cd2c-4677-4cd5-bb1d-05b3d6e51cd7,6fb35e3e-148d-3d3c-4295-3ec2459f22a0
843d50ee-7c1f-477e-8de3-d52a08deec6e,503e8592-d6d3-4915-ba2e-6449bf3eea6d,186b0919-a7fd-2365-db89-d261572b3d32
a68db007-e03a-4420-9211-ab19664b3de0,4fb958c8-8a61-440f-94e6-d24bc92551c5,4549ce4b-975a-3b87-e804-39b9fb5f153f
2b342335-707b-45b3-b829-de0e8c1c7ff2,4e3ab4af-d320-4499-8bce-f2584c49e3d9,1c283aa4-c938-b305-3020-ace49e52c479
6c1a4aff-29a0-4b06-aad5-3711e752cc4c,60a27070-a18e-4962-8a3f-a63fade46b88,30bb12ab-fd23-90c6-c5ad-48a8e26ee87a
17be137a-51e7-4da7-8c24-4a0217d76ed8,61681686-f873-4d82-bb20-097b2fd5217b,37933aac-a4ec-721b-c3ad-cce93c47bed8
ecef09d0-8475-4021-a67c-65f91daecc8f,646b3ff2-30d0-47aa-a9fd-e4c81447c043,2e1aadaa-19c2-1aac-01b1-1c2a2d4153a6
3f1120a8-f648-4360-b84d-deb9fe17ec36,683da61c-ba4d-40d0-b973-ee65756cc224,bbac8bd0-f1cb-3e46-7c92-0defa64fb3e7
f29e4695-04e8-4746-a46d-47bad038ca24,6812ccd3-4d78-4650-9bb4-a499ee35e6aa,12157e87-74c9-eb07-3656-990f51b54dff
d99cdfc5-3366-4638-8952-18136e67e150,732b1f3a-c463-ee91-594d-083e360f6242,a56ec7c1-8300-5a33-5917-934d24a780b7
f3738fcd-85f6-41f3-b09d-17a324f445e0,70dc1af5-7e4c-4965-ad40-8f10c6ca6a08,46497a19-1707-a8c5-7760-0ebf51a9cbf9
ffe4d7ac-468a-4ab7-8e27-0bc5448147e0,74a51cbf-7e86-4faa-8916-de0bd4bd74fe,acf687ad-b0ee-040f-06e1-f19a64177964
edbca815-efd8-46d6-9d51-a9350218196f,774529a3-4def-449c-97a7-813443044af6,cd3dd6cf-56a0-49a8-71d7-7f44a049d686
7b22f05c-6ca3-464b-9f1c-34d03949d7a8,83304aef-a487-440c-b087-4bbfb810eefd,cde4c801-8a71-b5a6-60c8-6b7e0a30e1c8
77c691c6-deee-4d0c-be20-68affc618736,5575f826-1ee3-4705-b04a-d53a835a9573,e0b6e65f-216e-c8e9-8484-801dcda795f1
0a795bf0-bd7e-441c-83cc-b87e56a49c62,527ab966-09e4-47a5-8dac-651dab32406e,fb85cfcf-3329-64db-04a6-f9c32ebbd824
26cc3ff5-8e65-49fe-9e93-d0b09dde7e1e,54fa8811-2458-4183-b7aa-cfb2e01963c8,51bda5fc-43c2-cfae-b26d-974f73e6d8fb
9355fec2-368b-4f43-af05-125971a34048,54183697-fd95-4bc8-bb69-b0641e2db630,a2a81194-7718-051f-baa4-9dc4291ce04d
7df755d3-77a8-4293-a913-0f528b28e399,50418a68-159d-77c1-1cdd-cb3599a4e48a,6225ef62-b8b7-46f0-5443-7ca7f5645c08
3bca02d4-4ef9-4e16-b473-06f0de041422,25b6b9cb-5f00-88e8-90a2-06e594a37410,c2d51681-cdd4-a914-6df4-110567302406
66900528-2fb1-4457-b455-e495f88ca60a,54d88de1-75c9-9578-0337-0194a08843ad,ff3dd1fd-e6b8-43bf-e8a1-5a0139bc9c1c
4e1d701d-a80e-4fb9-9d76-d9cfd9cfb2a8,5373fbdb-3163-489a-8376-9b2759493417,36009d62-8d64-0965-f964-06297fdd9b1e
ed50b571-e30e-4891-9da9-a048095771c3,57c12c1e-eccb-418b-ae48-c71e3dbf39c6,a2a81194-7718-051f-baa4-9dc4291ce04d
a0d4efe4-7518-4ef7-8b82-2c04c9c93f52,5a94ae5a-bd1c-47ee-b9a2-80963aa9884d,a2a81194-7718-051f-baa4-9dc4291ce04d
2ce3de76-dee7-41c0-9b04-110df70163f2,5862a025-cdea-164f-9bab-dac413951614,9fd5db9d-1058-fa51-002c-851346250562
8dfb6cd6-07c0-42d1-aef5-b4de6dc8aba8,5922b385-33af-4632-8080-a8faa6c3e2c1,fd5cc7f4-bf0c-d104-4c78-ed695ffc5bca
e6c10441-d684-44bf-baa9-8b607a6f4198,5954cead-e6f4-441a-abeb-44d37c2a028c,b70bd134-9045-5438-93a9-fd5f372d9a72
a57dfae0-6d07-463e-b5cc-3146ff029140,57c1561c-cdef-1e65-1355-b3acf8e7dd95,ae7d2d11-72ae-8b6f-0800-62e7b873547a
bb6d51eb-9b5c-4ecf-b192-9868beb03e3e,589bb6e2-fcf3-4f57-b34d-c0060596bcec,99666851-a4e9-ce5f-6838-e16a0c1918d0
33c1e680-828e-4d58-866e-5b670bce8479,5884314a-af81-4d5d-ae19-40849c497cfb,870b2c4e-e646-597c-d908-88328af124eb
c88f0725-67c5-4034-96ab-b45dd254b815,5f49c36a-4d90-9616-ede8-fc951fd8f156,6ae22abe-4c13-62bb-deab-af2c96c49fcb
78f25f7a-f1f4-49a7-967e-02b26966d55e,83117ba0-c49c-424d-898f-f33f8a47c9b9,f823449d-8f0b-b08f-214a-2966299c5d30
5990fe9c-1114-4129-94a1-84dba3c26c17,88322093-24f1-4380-88a0-bc4beb0c3abc,572f98ed-3f28-1c23-e0ce-abb21d0b019e
d2a3565e-408a-475f-aafe-8e612061dd2a,86b8e2b4-0698-75f1-85da-6ae0b1e0a479,3df1c0fe-5436-49b6-9170-d09a14c47bd9
b01446f5-7de6-4548-b520-7fb40e5ef19c,8dd45a2d-88ae-3bf7-59d6-efc65efceca2,f89191fe-f478-8f45-4001-d14faae23d60
b30190d4-9341-4d50-be78-e126931e2d70,89be7da1-f14a-4798-9d47-1e44f0de235e,92b6e064-6b68-9729-0c53-e3d84ad6bcd6
3fee931d-3ee6-419f-9820-fe9607b8ae8b,8d922c23-abe7-9e61-f2d0-5b9b7cda308b,b43a4ca0-a506-10d9-c676-331665716e6c
cc5ddbff-3e7a-4fff-8042-f019b7cb1c82,8d7babfc-1831-4424-9d0a-0c77fdcf2ab6,6f48258f-9d8a-361f-f164-e81acd920673
4ddbc5c7-9108-40c1-a09f-f80bc3be0abd,8d26008e-47d0-4adf-bf58-e7a0a138c40b,ca4cdadd-622b-3a3b-5ec9-8aba006d6e1c
d67299fd-c6e5-4a9a-945e-e7a23ef9c79c,8a4daefa-df29-4037-96de-2e13ec9fa052,9ca57882-6967-791b-1cfc-962829ee7d6d
c2398279-b3af-411f-937b-66e6e9ec8dfc,888741ba-625d-4522-a730-e8c45c4bb459,3c650f35-9a08-d0fe-edde-340ee81fa330
69747a30-17cb-493d-9a0a-e0bcd67c2284,8900c615-5792-0620-7395-a28dc1d4e24d,ff0d10cb-aa89-a0f9-095e-b9861bb98892
9bee2944-1769-493a-8fb2-2917e91ef4c4,89cee937-3305-45ae-83ea-487703161308,4a1d8cd0-548e-7dda-59d4-07f58149eb0a
aebfbdc7-9d7a-4ea3-8561-60e1aafd3ce5,956d494b-4740-4cde-a461-b0a6ab7d919b,974396af-efbd-a9cc-1bb8-32034ae7bfff
7b642947-d948-4e9f-a5d5-3f60e5817bc3,96fbad3c-5776-42e3-93e4-71976a91b271,8ae26375-1417-addb-6aad-9a7a1ae6b830
dcce982c-f999-4814-8587-7531ce850170,628e58f6-f36f-4c53-977c-04c0871e9ca3,a2a81194-7718-051f-baa4-9dc4291ce04d
d85393ff-0a35-4c35-9f6d-ae10a8770c20,6015fce4-e7b0-4e11-a525-f40a437151eb,f59c46e3-31db-ee4b-d7d0-b866495d7d47
769cf61b-2890-4a11-9bd6-09511886337d,605ec430-1ec0-46d9-a2e7-cd7f671cf5f5,ed4112db-765b-8ec1-0805-dc11cbd9e9fb
55c001ad-96ea-4fff-b795-5e8b6930fc5c,62899c75-8094-1dbc-1319-5c053a7f865a,f71873ed-0b07-f6eb-8673-197840038739
1e685056-817a-4723-8e47-f5d85d62e116,601160ad-b0ea-366d-e63a-dfbc4ae2bb02,98962159-a65b-537e-2327-aa5a8e1d02a0
76ba4006-a221-4df2-8fdf-bd944c24c30f,62fb2c22-4586-42e3-9749-61803ff383dd,9e5d161e-f02f-71af-813a-ae32bb3201f4
7e700b8b-1e6a-4b6b-8035-055fdf99e495,9592455f-729e-45f9-ad62-ab7a37798e55,0f6a2fda-040d-e81c-e465-852d6914b030
bb2c8922-a3fe-4b02-a926-b2d450b9d087,95640521-5741-472a-861e-b7d8e4ed89a3,1e80bd14-5386-404e-5fe4-067eda631693
d3deedda-3629-4832-94b1-b19b38e5a0cf,9da546ec-dfac-485b-af35-da7749bd196e,2c7fcfef-a8f1-53d1-6b86-06a37663649d
710a4032-5a90-446b-8793-24a30c51fa51,9d60d516-100e-18ae-42d1-42c17772d68d,01ab5547-ee89-f31e-3ed7-44a5f9313611
fc68dda6-d830-4464-88c5-b72f707b2eb9,68dc3d62-f822-4dc7-99a8-14b94c53a51f,a2a81194-7718-051f-baa4-9dc4291ce04d
9ff585fd-176c-454e-9470-d29ea313e122,679aa856-7e39-4079-9066-e3761354b5ae,49eb1f87-6424-4465-b75e-22a1251bb866
7dd8f64b-9cf3-4562-bd47-4d061ecbff5e,69b33b47-d7e4-416d-be45-db219351ebb1,9221f750-1552-062d-17a9-05433a8639e6
8a56717a-a6f2-4322-8d42-442aabbb9453,665e3f41-b558-4259-b3aa-f9b6e446c96a,ba7e9156-26b9-855d-f035-35ba71b3875a
b04c2cb3-374d-47cd-ae37-3ec5ec0e2f55,689829d3-d2eb-475b-955c-f2a0bf5fe49c,3b08974b-eb1e-8a3d-3f9f-3a6dab9c664a
2e53bcd3-2da1-45bc-afb4-13e6c7a3141f,65dfb453-b2fb-4c50-ae85-2da665afd9b1,1cfec4e0-a141-396d-bc47-54e5a84b4220
e7aca392-5c50-45a5-9379-6fe8705cba72,68b41bd9-15f3-4649-affc-af6eff17a8fe,736f06ec-66b9-8e0a-8e96-5f94052b6cf2
1adb7420-7bf2-4a5a-8c52-ee8ae02be7b5,9e66539f-2dc9-4362-8b88-cde7093c908d,68b70816-c7d7-32f0-934b-50c2e2da6c63
608ad40c-7998-4585-87ed-d17babaf4f2f,9dbad911-3c92-5517-6780-83c6be9b901c,0b49d057-5d42-bec8-a8f5-aceb8a0e1991
b11a39b4-059f-4c60-8ead-7284a7b7c4c5,6d19851e-fe64-5f83-bcea-fd3ace750848,a2a81194-7718-051f-baa4-9dc4291ce04d
3b1f4d25-4edb-4fbb-bcf6-a76cc3773a95,6cd3576a-024c-45f4-804a-785b74319ea9,1e8c045d-864f-df84-e10e-276b859c15d1
cb685142-b268-462f-97e3-7212e0f642d4,6aae9938-4b94-4ca8-a75c-93ca7f8ad3d7,07e13630-8dac-a5b8-27f4-8ccf26c504aa
39ab9a65-c879-45a1-bb0c-b78e8621be64,6c322338-73cd-90e7-dd3e-71c247f5d5a9,55e65353-e6aa-115c-f532-e6523c25918e
72db4a0d-b0aa-441c-b946-8dffb3d2af64,6f4b067e-4b49-46f0-a2c8-142ba71aca65,b359ef43-de77-c72e-a600-0b694e8de4b0
78e64075-ce9d-476e-82fe-a63b8b7188fc,6ebf1ee3-8656-1b98-235b-606c15aeb79e,ed4348a5-c4e2-a04d-5ab2-3afea3fb04dc
9d9de8c2-85ff-4c34-b1cd-d8e8721235e2,6ab54dd7-c6d8-489b-f0c9-e13a5ad8dd59,0e5088c5-546f-f3be-bcfa-2257e606ace3
e3f7a37b-f2a4-4eb9-a590-47d74cceb15c,9f2faea7-6f8d-4a52-907a-3a5354927e70,1843221f-cbd6-3743-0bc8-73f9f40e26a2
4b4586fc-5ece-46f6-9884-18703db64e2a,a1fadb25-1663-af5d-8a2d-9474f38511a4,d73292b7-8b37-8b46-82ff-1df8dfe89607
ef697a51-af54-47e3-9c31-c39424770e82,a07e57ff-93da-4a9a-ab9f-6050855dc905,4a95a66d-91c5-fbe7-dbba-2a953d3e7f40
6398f11b-aded-47fd-8a9a-8dedddec1a8d,7445a472-0d64-4d1d-a55e-3c7f756f44d0,a2a81194-7718-051f-baa4-9dc4291ce04d
aaf1a4ff-e22b-454a-86da-bb83a27a633b,71f8fbdc-5fe0-439a-b7b7-424187c6738f,a2a81194-7718-051f-baa4-9dc4291ce04d
63ff64da-14e5-4f27-b8ff-cfb8301c873b,716318bd-f6a8-4c65-959a-639f2a7ef60a,b8ce8c01-4402-95c5-46a5-c3428d56f5a7
719e628a-6596-435a-90be-9f87e00e5d24,747b9494-5574-495e-8662-d443a56be977,2ad6383d-47e7-2e2c-3bb9-e97c6f19320c
d3ea4409-b7ae-4797-a16b-662a7be467e9,70f280f8-1e11-47f3-ab8d-ddb81abf6d65,939486fd-92d2-8fbc-c97a-2ef739116709
b5cd7675-efbd-4e35-a211-2d9c118b3ea4,7433cc36-67c9-4bf8-846e-9c06fb26ffa9,85045c0a-f116-a63c-ef28-695e10149307
150b0091-0291-44f9-8fcd-ac3f0853258a,74e6fbc5-848d-46d7-8e95-d442e74459b5,6b6d7690-e2c6-8094-b32e-761be6d2d19c
9289ce33-0074-4c8f-986c-a3e826079c5d,a302fba5-e4e5-4053-9246-f3978ab913b9,b59bb840-5ab9-81e1-9323-63c4c7e4faca
797a23b2-e308-416b-acdb-0730f310b5e6,a5d399eb-4c52-424f-bea8-77272a20aa2c,685cab42-93f3-8a33-a6ae-b46c608b5c45
4fb6ae91-affd-4d35-9846-5a1f1b721ac4,a44f3329-8f8f-07c2-914a-f906223ce4f6,a91e4d8e-f4ec-0164-564e-5b622606d9f3
1737ed91-0fc9-47fc-91e8-bbe47e03f2d7,76d3bbd2-1ea2-494d-96f0-0eaa37251f0d,7cddf688-bb74-0cbb-50b3-b5391c233495
94820de4-0e36-45df-ab31-263fe4410128,76146d9b-813b-42c4-bbc5-5f79e688005d,a2a81194-7718-051f-baa4-9dc4291ce04d
86cfec45-9d6c-43d0-89b4-f1627cbc31f5,76981139-93f8-7bef-cb8e-0bf0b3983f9c,1b1b9eb1-7803-11d3-bdf0-00108302ead1
2c49afd5-515e-4ceb-b7db-305a814e55fc,7bec63e7-5d10-4de4-b155-a2eed73fa430,b3eeca84-7fc7-bc60-0544-97dd6300ce57
a31e4954-b1df-4799-a2b1-397741747722,7930a3ea-eff2-4032-a02a-dcd5c0771646,88f4f338-a730-2af8-bbc9-2cdc1c7cf06d
b978c3b2-482b-4ce7-b2c5-09127a5122d7,76a6414d-4af0-3c67-083f-07bdb22d49b6,452f2b5b-ba80-c0d2-0ea4-e2e32f91db4c
6b457ccf-925f-4816-ac6f-cd33434e5be0,76312297-1232-839e-3cb1-e3632866155e,b565172a-4162-6007-2a29-7b8cbf48bd9d
bdd73057-470a-4379-9566-4c3fdd8a07e5,775ea590-7c69-29e2-40a1-4133ed6bf93e,170dd136-e3e6-6836-c023-18c7ef6896cb
4852e119-901e-4948-870a-a97483782f48,7fafb173-368c-44c3-baa2-718ed7eb2443,b534588f-ac2b-1d45-ce86-81746a86e013
6e0c50d7-b698-4db9-ae30-5913d6772353,7edf6368-49e0-3d59-905e-cf6acad00685,d9a7735d-b478-bb11-8102-51021635cf04
5486aab2-ede0-4bcf-8065-4537602bf794,7f2304f1-481e-cb1d-ed5a-0d703a7c94db,5efca9cf-e474-4f59-a6e0-1ae3a1a2694c
487c5348-ce7d-48be-8782-3e2261a62eaf,7ff4dde5-2bc3-4bb4-af4b-400968f5975d,7ee0a8e5-58b9-056b-7fcd-c71232eaba0b
9ec37659-dc4e-4207-b4fb-e41068fce61b,80aedaeb-eeb1-948e-ea7f-0aac2638e51b,759247d1-1f5d-9010-8dbf-378f054b82e1
1ff71216-22fd-4f8c-a257-86b8ef760baa,82226061-d0f5-4078-ba29-e37f0d6e614a,78e7fc2d-879b-61be-ac89-a718da40ea91
a6808554-6af3-45e1-b542-9e29c5a982a7,a688f75f-c51e-4869-a18a-d351f01a29c3,8d21b1c1-5437-5f0a-38f9-78d42f656716
1f15dac1-f380-4344-a65c-4ffcfe03da35,a584155a-d07e-d840-d729-dcfd37c4bd93,068c4b6d-4728-fbf0-f1d6-ebf390f9294e
90a77be1-06fd-4c9a-aeeb-087c2fe7c536,a5f4f730-f999-4c21-a9cb-e3dffa2fef99,38839938-112d-9858-38e8-7e5613c7e171
70f37885-6897-45f9-81d6-f01c42d1fc57,a468ba3f-0e60-469a-9d1e-2afbf069872d,d3a799e9-c99a-5b53-2571-6d56ba53820b
ff92feec-e983-4987-a2f8-e1c754c7d8df,839e4929-bbc2-4ca6-b0d7-3f9848052d83,a2a81194-7718-051f-baa4-9dc4291ce04d
0c91e4d2-c0e3-4fd8-83e3-5333ab69c84b,8278352d-8c70-41f5-99ea-29020e6dd668,a0eb780a-ccfa-e0f8-bd59-093214687494
77254977-4c24-4b2e-a927-448c0ecaf45f,865ff706-38b1-44e9-a977-2e0b778bfeff,6fd49290-8222-0abc-a57d-e0f74a7dd0a7
c96377b4-8b2d-4249-8a7f-326ff066f301,859f0ad5-5f4f-40b1-8499-8f497e5431d8,662010a9-1e81-a215-582a-6994cd68fa21
36bf2490-7507-4b24-b833-37a5869962b4,83d9ec8f-c60d-4703-9827-d51c5e8ea4fe,00dc8d79-f8c3-1ebe-64c3-7f7a1ecec85c
7bd7dc44-3f50-4bca-b2a3-bafa7ae92756,82d8cc8b-5e15-4eda-9efe-0a6563f62462,61654967-7b54-208a-0c4c-8902aaaa0d15
8dd5ac21-105c-45c1-94f2-c621857bd638,82defd00-c410-3e0f-7ffa-95a2cef9e194,ff3dd1fd-e6b8-43bf-e8a1-5a0139bc9c1c
b1153b45-1e37-426c-b17f-e9551bac6e03,a49d1faf-bd66-fb20-6cb1-caa4b22b6544,63e74ce1-5ade-9f91-c064-b10203585978
ce3f93fe-f7fb-4e21-a38d-fa612998d407,b12ed1b7-9d21-49ae-bb9d-a8f1d773f71b,80a51d39-37b1-c983-8a4b-2fc44ad4f256
b15738f2-1efc-4653-8ab7-506366220de6,b197ce4e-2742-4d56-ba07-8cc8471b3f5b,a6058011-9cfb-741a-9fd2-000a9daa2cf5
4a4368e1-dd3b-4c88-9304-e024a03be979,8b4a7703-7e17-4a99-85df-3ae869233534,e9266a3c-1622-e1e8-58bc-4bfc620d7f8d
18cfc099-4767-4f37-bf93-ac807ffa6993,b32b05d9-09b9-472a-aae3-6a37fffd5055,d094f31e-fde0-6067-404f-5aa9d2ea6b43
e2468d2c-68f7-40e1-a420-5889ab6d82db,b33c1fb3-04fd-4a02-b881-a7ed2cf76faf,4cd8d3b5-5dec-a6f1-7517-23623720c6c6
09815e3a-44ac-4009-97e1-9def98e33e4f,b1d84710-dae3-4a0d-8d67-ac90f6c8e76b,473eb77d-0bda-23bc-f924-41213ab445bc
49c4780d-7616-497b-9512-ee1b75e30448,b1313764-c743-46af-95ce-64710c2214db,35d4751f-2cae-4186-9c0c-5bdab742208a
fd9f46aa-acf6-4053-a4dc-32e16c379672,b0ba7371-2f93-b161-6e84-53475a566c07,476b0848-960f-38fd-6535-1ac6c90df97b
5215e326-be8b-41c1-bf97-ef99dd84a922,b4fea5b7-437a-4b27-aa8b-d787008bca34,4329c26a-d5ef-bef4-5748-235a3995195a
d56be290-2492-4b51-8dba-590c7710c82a,b6c07c8f-b58e-4788-8e17-4bcdc595ed2b,c40bc34c-f992-9766-2335-dbbe7641896a
354789c5-71b8-4d65-803f-e11b8e892ce2,b6977702-564f-41b1-8172-71373d5c561c,2132aae3-f3a1-949d-a7e3-5db19708d543
b6f16b18-dea1-4401-9a54-cae4adb2a2ce,b3fdf9bf-8778-5173-76c8-bbdb4c16fb89,67743aef-6e2e-5950-e82f-6e55823488ce
6a6b8fb3-0f72-468b-940a-181a0e92417f,bb85c274-c104-4d2d-a140-f1af16f68444,3452b67c-7a40-2cac-14a5-65ec431f52dd
e6fb56da-44a0-49c2-8b11-454beace7884,ba928e69-764b-4f72-be62-5a4a41b54c8e,ac36479c-c60f-6802-48dd-45c54397f47e
0df77208-03e0-42bb-b74d-dd35fed7b07a,ba84a773-de0c-d1f0-de4c-0bb1ad82a3f1,80d994d1-4c88-156e-5bb5-3767f3fffd6a
4b3e4047-21a3-481d-815f-fe75b01cf120,bdccb99e-1023-480e-92f8-3d1b30435762,4586f75a-5421-9976-f6d3-de8b519a4a08
9872ab54-418e-4a3e-8eb7-e5381d1f74ae,be050016-7325-9e91-645f-9c5ce4e193d4,22a93f8f-5b69-7cf9-63f8-4fae886705c9
9f963a54-689b-4c9f-8056-c793275b66af,90eea379-4d84-cf77-7ae2-313b1ed18398,9f5806e7-3cd7-9580-5f31-984e2680a365
c2adfb0a-626e-466d-82da-5f6588d7ccb8,91322908-2047-448b-9ea6-d879940559a6,1de26c44-9df8-9035-298d-6c343aebc59b
52d9ff50-770a-4144-b2fc-9daf6e904991,92427e19-aade-4d8f-8d61-85ecb295258d,bccf7301-d14d-4e4e-4236-b08f432beb68
b2737f50-ca65-4bea-b393-abd05dd3d8ee,8e989d1a-e5d5-4915-ba43-040a2e859654,1fd60c95-25e4-6044-3d1d-2e3b2eef2247
6a6f9101-82ab-49b2-bc4f-51c3da5020bf,8fe31fd1-b885-4463-d979-dbff25adcade,a0d837c5-50a3-3b23-40e6-9b1fd5348cc0
ab36f0ac-bf02-4b9b-8bf6-00bff0af8493,8e9f2640-e250-470a-b23a-be0954d8372f,eec7887f-3305-70be-cdf7-afa4a3478cd5
3c0ca1d3-73f4-41dc-87e8-a9bd6079062d,92910a6e-dea7-54c8-decb-b76b2713e97a,284e6219-920a-c247-721d-8c3cd7affbc1
fafa8ad2-9dea-413d-8cf1-c0ebb7adb0df,8df2f208-e907-40a6-8220-dc527cb34bdb,a2a81194-7718-051f-baa4-9dc4291ce04d
a2632d63-dda8-44a8-bb1d-3e811c8092b6,ba5b5e02-7e2d-4b6c-b6a0-1706dc914b15,b00cc4c3-8336-5e56-ef96-f8021b4f339e
5b3b8d2f-1b6f-437b-9045-c019aeda07d3,9939d7b0-c2f3-4048-8461-8684257b3750,a2a81194-7718-051f-baa4-9dc4291ce04d
1e6460a3-199d-4a3a-9dbf-e88b9439d19b,954c8e4d-db9f-3f0b-7c0b-0a27f185eede,5628c61f-67a2-79c9-b1cf-e40c2af6ef7b
9dab3deb-67c2-43cd-b35e-847d416e62e4,95e8ea07-9ad9-a365-511f-7e5c71924804,1fd60c95-25e4-6044-3d1d-2e3b2eef2247
b40f7147-c836-4fae-95d0-ef5280958313,9610f6e2-11cb-57ef-85f6-084313d5c0a4,3961ae78-ed18-f039-9de9-6b69451ecc89
d572f8b3-4cd6-4a30-99b3-2b79ea0cf519,98c92a0e-a292-4825-a9d4-8154f82f7f90,00f73022-876e-d2b6-5bd8-6d590bf4e004
eb5b1d1b-b41f-440a-9a01-43f376a09f05,956195a6-0050-4082-bdb8-67cd9bb3b228,f1f7a3b0-6ff9-a9f7-88d5-843bf13aac9e
93b47d84-6c4c-46ff-8ee9-e97caf0bae1a,95780a20-edfb-4f2e-af3b-dd650da2bb9a,ec05f19a-bd82-e372-0673-14b6de1dbd96
7a7a09af-2b07-4301-b4c7-ea6201a166e9,c4ce8f32-89ff-4451-872f-fb6f4416aaf2,bb0270fb-e6f2-8824-164d-ff2f5063e2bf
b4741830-1239-4c77-8a4e-607e14cbba92,c3170cb3-88cc-4550-ad7b-a73a28b0daba,a049a36c-3eec-d64b-3e72-500c89e55203
f7e3cb21-b1a3-44b4-81a3-e5e13e192d02,9e73d69c-14de-4cac-9c70-f19b29564571,c8185ece-064f-ab19-53f4-f7e2e26b64c5
86ddd62a-62f8-4b23-b5c8-28eeadd6fc7e,9cec88f2-f45d-4881-abe6-24967e8bbb4d,4c172d16-cb3b-36e6-4f3b-16dcedb9cfeb
815186fa-9c4f-42c8-81cd-40d23757de3d,9c1e75df-a0e4-4849-a207-88cfcda97596,3e419833-919e-f8a6-540a-78c4ddf59215
48cc045b-d273-4512-9552-576757d4a213,9ad49800-2ff4-470b-82c1-00383c6604c3,0ad1cf6e-9ff5-0c5c-dc56-fd68919cce8f
da583131-2528-46bc-b219-73ee9b01ab19,99ff54a7-2dea-4eb7-975f-51d84646e3a9,57ce3ab5-467b-3272-de4a-c4bcc0e62b02
57adf66a-d118-484a-a8d6-e6c44742b7f8,9ceaed60-a752-414f-9280-1400cfd81233,c33b0439-fa2f-6b98-bf4f-604b4a61e68e
37d50f0a-7267-4034-afe5-2e2a2495b872,c00dcd61-c11f-4470-8d9b-0fdd6bda0961,f56a43c4-6ef1-d234-7c53-1e29ef6ff633
98db56f5-4db5-46bb-bddd-6b9b1355e1e4,c47deee0-33ac-40b2-a1fd-92709b493ee0,af4b745c-2de4-f1dc-33ac-5a4c3c2b061c
d277c3ff-5726-4ac8-bfae-b1fc7d23ff72,bfa2a051-a396-44d6-982d-837a2645a2bd,8223a522-4863-feef-a9b2-7e5cc53cc518
b2a2e963-4f27-45f6-8730-edb82959c225,cc4a5bc2-b37f-400d-aea0-7745e7937d97,4e5ce5bf-6b9d-b6e4-e74b-d20fd58720ad
a4ab5e90-8159-407b-b544-a52bbd245f76,a051b611-307c-4dd8-8231-d35b0c3d6c6e,9495e848-8ca4-cc3b-fad7-3476dcb31d17
4bdf5231-2d0d-41b3-b681-3ab4a667a408,a07b57ec-ba58-4944-859f-25f28cd840b0,e0f4cc95-d9dd-ab81-de67-34c6657eda99
6a244608-0644-4c5d-8053-884f172fe3b1,a29b9e8d-67d7-05a8-48fd-71eb0f694d30,c1369045-4906-3c92-713a-042772593d12
89f5ebd4-f2a0-44a8-969e-e400c67f5045,9ee35b36-6255-4423-bc89-5767bb5efffc,2509719d-0547-f3de-6763-d245ae9ede7d
ab4d267c-1ca3-4f8a-afea-678c64afd346,a1859bff-3489-68ef-b143-30435d51a24c,4af793cb-b0be-eac0-8ebe-f383ef57ad5a
da18da0e-6ae6-4638-ac40-5f4ead5e71be,a026e335-73e4-2485-55fe-ec5284c261c9,88f720d0-2053-ea57-3c8b-69f757cfb18e
5740a497-8318-4d9d-89ca-5fd95b56bfc6,c9b0b0bc-7908-4e41-9096-deed9d35eb2e,923bee98-6eb1-654f-e2dc-47f4babc44b5
3bb036a2-f1d7-4ed4-a45a-e010470f5806,d0d51a62-1b4a-68c7-6547-af85717c9657,5a50aeb1-3291-634e-3b9f-c150d4f2f52e
31b760a8-35d8-44bc-8b7f-86d872ca536c,d23a41d0-ecf5-42b0-8577-efd8d8f44151,6853098f-f4d1-8598-c65a-a417f83c3504
2da24146-7212-4fd8-a416-7860357176aa,cfc0aaf5-004e-6910-8848-c6b4f687d228,78eafb2c-71cd-5ed8-0b8e-b575c4ff299a
32d56d78-fb7a-48a1-ae31-13baba059505,a575c30b-b34f-4fa2-bdf0-9f3ad134cb22,a2a81194-7718-051f-baa4-9dc4291ce04d
5e2ed489-814b-4d57-ad26-fd9b328f2b43,a5d47058-7061-49d6-a97f-b690d596e068,7d5bde64-aa50-467d-743b-7c995cfbfa07
43197681-b076-4219-a953-b500573b3544,a6ca6ec0-4d14-42de-a3bf-3fd7daf42b82,15e91986-bd86-861d-2586-0364ffc75eef
854555fc-9c4f-4cc5-877a-68d150543c3a,a4c8d7ba-e56c-b97c-3976-a9b71b27beeb,a5cd55ff-6bc3-f503-8050-3ffb589cb7d6
22aa7a79-8b3f-41e5-b98a-fbaac4b1bbac,60e938af-6b7e-5442-1c27-e50a82445593,25a2e2b2-629e-56ca-0d2c-86859124b035
c22b9f81-6432-4ba6-9aaf-36d3ca6a1fe3,d1894d5f-5555-2fcd-bbca-0096ed8658e9,1aab8b8f-67f9-f27e-ff68-58cf9825a60f
f8513da6-cf3e-4cd4-8729-969bf8c4d343,d261d0fe-1a98-4ce9-923b-3c83180142a0,7bea856d-1c42-11b3-1e1b-0f9a625e0798
22f27327-e92a-4c16-a19c-77fdb80a11b6,ce3aa400-221a-b49a-a96a-2bdafd200adf,82a02605-b4f2-aaf1-6212-cb6102fa45ce
5268a59f-f595-4eab-9992-1e23d4e72fe9,dae22f52-ca30-49f8-a445-f931bd0169e2,16a8cc85-54ce-8eee-095f-ee80323f9766
cb08d41d-d264-439e-9b13-f318d2e739f7,dd958bd1-04ba-415d-87c8-5db2318648e3,8ae5800e-e2e2-d6e1-e450-09116720f9f6
19c65271-c894-4c29-9a7a-edf6c8ec62b3,dd462b31-ab2c-4c13-a496-cf04da11cc35,40d11be8-87af-9bfe-c1ee-e2fdc3d8436e
b95559c0-e405-4612-94e8-6f85283f3c39,dc901e43-30b3-b057-4a0b-18c78102663b,35f8eeb0-e357-c022-d7d6-7c07991c47ff
8f136bf7-4833-4aea-bf60-9ad05e30c7ff,fdb79954-4805-4217-8643-25c0ab51022c,a2a81194-7718-051f-baa4-9dc4291ce04d
4794cd56-021a-4e3d-b50f-9131a0b79977,a8f71be3-9250-4f90-b37e-2ed337b01076,a3919d35-e75b-ef0a-54b1-b0bdecd6b01a
f46decfc-8880-461a-ba11-a8a4633f8204,a90e40dc-b24b-4ec2-abad-33d469c7a2d7,cc5e48e8-57b4-1c67-2def-edb96a373baa
0659500f-7f66-4c24-8a66-844d93d4dbb7,a765e777-e44b-4b22-9974-8232d45821bd,a907238f-2a57-59ec-201a-39d3bd2f1e32
9bed3b6f-3526-4c07-8130-ebea54f0a0e1,a74f2747-b32e-2f47-15c1-6a08c567ad9c,f8c80db2-e6df-260b-32dd-34218b2a55a0
972a9431-7efb-4460-a7b4-d9d5805bf376,a7a8275e-7e2c-4192-a294-208120d82a94,e414f293-e512-b384-568e-84ef4aa66a11
d8275c52-1e89-49d7-824e-fb0c98320e19,a7e6db91-84fe-439b-8ad8-8728203e5bad,c57abcdf-ce67-8c85-36bd-3fef38459801
8230c16c-eca8-4762-a3e4-fc875a15aaeb,a7f94367-4f45-ebb0-eab5-1e3f5aed7e40,2c537454-7879-a044-3ff1-d0ce01e477b0
66ec9712-ea6c-4bb9-acc9-ff8ca74d14a6,db289cb9-aa56-5dfe-55ae-be175b70dcde,74c75feb-5108-721c-2cb7-402c76ca854d
eb50bc15-a9e0-4e83-86e5-f659000f7c6c,ac6d8125-cdc6-4ef4-8d8f-8074003a9045,39ba880d-33d6-030e-f91a-170c6a244a84
56e0f86f-9dc1-4885-82d2-9f9e5f9d6fa2,ade37416-242e-41d5-9e00-c0f1d29b4ffc,e8aee231-e322-90e2-d358-c798eacc6f3d
4e4cdd2b-3601-4203-9f04-d93c53c67c4f,af0f95e8-0141-dc42-abcd-77e136ddf778,42553225-735d-0689-1d61-bc2163c79f25
393afb2d-4340-4ec6-babf-ab53e0d35fb3,ab6e8da7-9411-45f1-94e0-397ce066962f,cd53fa61-6edf-f15d-eb19-652644ccdff7
cbef7a97-e2d7-48cb-a667-63ba4bc99bea,ac6c6e87-9e17-47aa-cd97-5d20be0f29c9,1a5c2107-d80b-b9bf-8abb-91571abb5dab
9cb35391-f209-4abb-a8ed-a7e5ba63c788,ac073956-cfa2-9e24-8523-f3926e2826c4,d3e0cd37-9864-00f3-f926-e4ad37eadf8c
a536956b-66d1-4cf6-8f86-0407b9b47d33,adb51d4d-6a9d-1b9f-d58b-9fb12142b687,9f0142b6-686b-85a4-61e7-cc05ae45abb8
5afcc4ec-8107-4c37-beac-abe9612ada8a,db12329a-c6ad-f049-926a-fc27b1152e37,379ed5ba-ed03-570f-b5d5-31e3b4dbcc9c
43debbbc-d3a9-4534-a8d3-a263553621e6,de68284e-7f43-4740-a511-38b3067686c2,4d45ed0a-2968-06c9-d95c-053c00ed9ad0
bb89284a-8aa7-4dcf-8164-c469c12bca8d,b2f84ded-a385-458a-9c94-09fb052cbca9,a2a81194-7718-051f-baa4-9dc4291ce04d
ab093d94-6b5f-4808-a78c-22ea1d5dd36f,afb2efab-3ed5-4a7e-8c3e-54c76bedfe16,a2a81194-7718-051f-baa4-9dc4291ce04d
7edebce4-a5c2-4142-8a6b-98fc3e064631,b1690172-5ae1-4ae7-ab71-45b870ba3a40,20b375d0-d48b-2d92-f070-bc4cb003b588
b845288a-36a3-4a98-b004-7053807b4345,afb0a7e9-c142-4e39-b15f-f70b5e5fa780,5d42a101-5857-1e92-c415-9b4c26ec606a
2040dc4e-a317-42d9-acde-275e9dc3a185,b22de932-df8f-6066-b0f4-41dfcd7f2a60,6151b514-2b28-f504-d62b-09fe5475847d
9c58d244-20e7-4322-987e-48f3e485920f,ddef3815-6203-4246-b0f9-7d810a5ef594,26d7424d-1e14-9aab-a61e-b477da72bbdf
5b58aa12-94f9-47f0-89b2-6d20ea2646d9,db706c26-dda7-2e6a-faa8-57884e88d5e4,88f9a8af-3957-218c-88c1-d45de47529f1
1973ed02-836f-4d9f-8902-e59cb4fe1262,f071ebf8-d5af-9496-1d00-64df8fd70fe0,897aed7a-e818-694f-622d-d5a381eb9a3f
961cd53f-8666-4126-9b66-569b6b98110b,f21d28b2-ee65-4232-a65d-e143b9c12261,cb5bca7e-e690-69d4-340f-d9662342fd2d
680f3b5c-70d8-4542-b8dc-980374b1e039,edc3c7c8-b725-4dfa-9790-f4f1c8c276b6,7106c2a0-0937-c38e-4fc6-bad99c365158
23947b20-07de-411e-9e49-178828773563,ed0c5960-efab-4a40-9989-590229eae798,97722bc8-0ea1-1ee8-6ac3-ad56d2d0eede
6d9500e6-6d12-4dac-9036-c7a8181b1f5c,ef01d017-c7bd-276d-da55-e8c37718a1f3,638f7895-b165-f774-934f-84ad19eacece
3ae1cd36-f499-4f41-a031-eee0d632d0ee,b8925155-9b52-4dc2-b3fc-6b42307266b8,a2a81194-7718-051f-baa4-9dc4291ce04d
b99423d8-a010-4186-9f7b-fdf0e79b9bc7,b59c39c4-2e39-46f9-a18f-773eae5d9f28,87f1e93d-b928-33eb-6358-45af984c3bd2
f09d846b-6f5a-4741-8b05-3efedb9d457f,b9a8dcc8-b631-4712-8eb9-023b5e7d1911,10a2d1eb-2356-44e2-463c-37d68d2d3d19
84b588fb-d572-4724-9253-a7702c7a69b2,b4fa89a5-ebb5-4603-8a90-0da478c1cc17,eb1d16fb-4704-f8ad-3e18-6aff2e5cb053
91ac6142-37bb-4c15-8b92-f297c65ea875,b5b8c37f-13b6-410e-b921-fded82ec5bbd,48f5e6cb-e09c-2639-49a1-31efc9bcce53
ce82bf1c-d08c-464b-bf5f-0d8bd8a4f5b7,b661f1b7-c515-4b0f-88b0-97920521fc28,0ae04fdd-d7fe-fa08-ed6c-9dbfd31aef98
603ac91d-7f2c-4128-94f3-477a8a17d7b5,f7d5bed8-a346-4076-ee17-56394694286e,3942d431-1c89-44b1-cc31-91c3f508bc53
7c7f07d9-76e8-470c-bf5f-d342c5b297ed,f42af35f-0ebe-049d-a956-7cdc11515d44,991ad5c4-90d9-5262-f7cb-03453acd4ea5
d957877e-f81b-4588-86c0-085861183937,f5af5295-fc5f-45c6-8c36-a35809db6ba9,6d840128-2665-ceb2-788b-b2e2d27f741d
5f2242ac-4543-409f-b01c-93d365c57a8d,f7b2b2f4-2273-c570-a7b5-74fe7a7c9184,ccd99dfc-3a1c-a71f-33f1-b593c1663ed9
74c07378-46da-459e-8b13-676a45483d6f,bdc760e7-30e0-d82d-ad1c-a295d5f37639,f1494ea9-9bc2-1000-dd1d-514276a5a57c
811b3ca2-ae11-47c4-a5ab-2dcededf4fec,bd8c18d6-5648-731c-63d1-bccbb706c842,149b8d0f-6880-59d9-0f64-29a9625017c2
f246a6ee-731b-4701-bf84-87bcfe89b3de,bcc6c880-4914-4d26-a799-d61aaa12c97c,e61107b0-1c92-b1fc-6ad7-6a55e5848b7b
2f4fe178-b399-48be-bc5d-5d16c71fd209,f68da35b-6b18-2e79-a751-5c8e16f36fd9,e852167d-955e-69d5-6c49-de1d9b184cdf
09e6db34-0271-4f1b-ac85-5b7a40fe41c9,fa746213-5faf-94d4-c2d5-a7aa3624ea6c,7c9ab3b5-cd3e-7921-ed3c-999bac4c497e
3568060f-9e5b-4070-8b9f-6e075cb6ed02,fd6a2e25-af8b-4e01-b008-eb628d3eb5f2,8a040017-2a58-fc17-78df-d45ec2ee0986
7c07dd20-b198-405e-9539-41b3de6ec827,fd0a5a23-36c6-49a6-ad6d-c622799e8721,b8b354c3-fad6-d2c7-ac37-d76f7e204f08
5eb08557-9f94-4da9-b673-92ac964f113b,fb6b5fed-d1dc-41f9-be36-30696f0dfa4a,f0d12a45-84c4-f60b-2ee6-e35ca4b985d1
859ea667-22ae-4de4-8a7f-d8ef850c4c8f,3ef3b599-30ed-4c11-f7a7-d4a7b78350c7,82903f47-ca83-ee5f-150e-7eb7be840836
684a5217-dcda-41c1-b3e8-460bf8af7f5a,257be20b-9a0c-4c1f-a79a-08d4550c8f0e,def9651a-c742-6701-bab9-1173ef8d958e
f3234e45-e18d-4853-9973-de8d1e218ac9,45af0bea-b6f2-44fe-b0ff-58bc89436737,53310bda-8626-cba7-9e2e-5896fdf415d2
9a00a7bc-5476-4c73-963a-57c1c7198ee6,907faa86-9098-4d7a-b0c1-82c650d43247,009f808d-82dd-93a7-0166-ebfea62902db
53fd2940-ce73-4813-8f75-44e4de5a3074,d122a906-2b44-43d2-ba7d-9ba38427b07d,709f7a2c-af30-f9da-81ec-e1c106283a0f
1c62badc-aad2-4e35-a059-c142171eb737,c5854c07-af6c-5d2c-19ba-1deed8ca9066,555321fd-6737-d3a0-d8e2-c0d11a7162e9
953e751b-665f-4cf2-9e76-1eee52e56ae2,c0a19776-be9d-414d-bef3-542c0de92761,97f847ab-a9b2-4f4b-4592-6e50ba0abf0d
eda800b2-cbcb-4236-9cd6-08359cb2b7b4,c198c65b-83a2-40f4-8aad-ea7e548d385b,7a43e62f-304e-ac2f-4625-3b484c6ff2b3
28d72cd5-7959-4770-8421-8cb085c676ef,c6dbbb78-bbd1-43e5-998f-2c693e64d196,150ff897-f2a2-ee41-3cc5-58adc25ee2a0
ac11de6c-ee5c-4518-8819-3a4de6c54994,c3869a4c-5b6a-26b1-ccb8-8cf950a61903,7af815ad-95a0-f498-fbee-3e40c9f06326
4b744886-5ba4-4cb1-8c2a-92eea7b2f4bf,c1c7c324-30fa-7c70-1fc5-8f9a2031fb02,ff3dd1fd-e6b8-43bf-e8a1-5a0139bc9c1c
dee407b4-111b-458a-aafd-c7a58a85af3d,c19b19ab-1f56-ac40-ffb3-81b73bf78542,49e5b1cd-e90c-3651-fa62-af7cc6359c99
dc036910-2704-4ad7-b153-31e01b3dc522,7f8c2271-d9c7-43c7-b9e8-ef17378d91c5,db0e14d0-85f6-f85f-b0a3-f3f37afc0193
707146a0-f933-444c-a6f1-0be1bf889fcd,72095a7c-f207-f318-86ba-d6bc02d5f861,1c019533-1da0-55ae-51d9-1da333bc1110
857db5a7-5a19-4dfe-8b56-5f25a918e10e,c0694c53-0b09-4c3d-b945-e07deb4fab41,7f3574e2-38b7-b27b-27aa-909fbfe2d6d3
ad31b2ed-1b22-4a02-81f4-e0e1754747af,c87bfc23-4883-7c5f-38a2-219b87a1f5dd,a2a81194-7718-051f-baa4-9dc4291ce04d
ec58f08b-ac12-4b52-8468-bbfd730c4c42,cb9331b6-0935-4516-82ba-d8d6673e1364,fb5faa11-3ec0-93d9-6e2e-c84ec1c13d16
866f0bbe-1995-4b89-9d65-eaaf56cc031c,c9e686ab-107d-4fa1-a397-57c8145f4499,1b7033c1-3d4b-1687-8c5c-1db2787c4173
a6ec4bf5-2dac-4e50-99e2-84ae7cae80b6,c86bc688-9891-4efd-d82d-babe4f973629,cfc68bbc-e9a6-4b1e-1355-419a81e8a396
8dc41212-74cf-48ef-a513-d409eaebd3da,ca2fe647-dd84-4e23-aed4-a39138233366,d0c28f1b-2723-c2ab-63bc-b27ecb846257
31dd805b-3b6f-4c56-90cd-0c766ad32de3,c906cadf-c358-4a89-8a5e-bbc02558b00c,b1c36b48-2e68-135a-3ea9-e2c934f40e44
ced0c5b3-91fe-400c-8585-312684b2ed73,cb5be01b-d908-4df6-b106-65793abfca0f,25883966-d5b2-2db4-4aea-b7c45b4e42c7
67c79db5-9bee-433d-9221-ff6091c82a94,191a1fe6-2059-45b6-ac79-3f5e388f1852,cf76bc1b-3899-bb79-c8b7-302c1c2b2aa6
b54a0ab2-401f-45e1-b07e-9180ac6c8e79,2ec0a9d8-21bc-4d8d-9cee-7c7643601d9b,ba1ff56f-289f-96a7-d767-c8dfd3c3d358
e3528418-87cb-4e4a-ad2d-22dce05a19f6,d21f484a-964e-4c23-b453-2eba3f02f9d6,a2a81194-7718-051f-baa4-9dc4291ce04d
8cb0154b-450a-4d4a-a731-f7be73af21af,ce2247fa-0d9f-43c5-f6b3-0e4d67c090a9,5628c61f-67a2-79c9-b1cf-e40c2af6ef7b
e5d0d401-a8d9-468c-b2b3-7ec945917188,cf387d3e-9a4f-4ea0-a5d8-1caa7bc3625d,82c9be8b-1c36-ff86-7827-bbe7ef97fa27
94f880a0-ef39-4a81-a25b-7627d4f15a1d,d1139b22-c73c-4f9f-bda7-0cc7a7b58044,b2f6faa9-ef5b-1fe5-48fb-2c213070912b
7c960a6e-c09f-4157-9f4a-37d0f169e106,d0cefd10-1c21-4311-bf6c-d1a57a9446b0,827c8ca7-fcb9-1997-4e2b-79e7691b9a08
131a119c-f7ec-42d6-a097-b32e550068d3,95c27263-7076-435d-bfe2-143a1861b246,03c1d42e-612b-998d-0871-93d791dd7f46
54efa0e1-0064-4464-9762-f51430b42420,4e4f8c7c-650c-4fb3-aa37-47301613bd74,0058a601-f0ae-9fde-f325-c3c2cc1a9873
24929c9e-97ee-4594-82fb-c5f0970ab1d3,dffb3113-f6f0-55ad-148d-a1e9f9ccb5cd,ded1a5f9-1f17-3602-93eb-ad977dd44462
c3b39526-1f2b-4353-b947-34b66a20faf6,fbe1a440-bf28-e40e-813b-ab5a61f12050,c862eba7-5403-5c85-b61b-4068324e4404
a0b6a586-1f77-44c9-8aeb-19100809d292,1df23c47-21f8-4776-b46f-25084ba0706a,7d50e17b-6a81-4547-2150-72857e400883
b46e49a6-9a27-46d9-9ae5-1068c5b45de9,f788a5bc-0039-4de0-a12f-c9820c907286,94ad8d94-4f4a-5dc2-a26c-88a5ca4b03e1
a42d2f6a-e942-4e25-9d51-71fac4f846c3,ff42c4ef-91b2-4c49-b986-47c41594cf8e,bb689a6d-0827-0a73-fd47-21198bcc3b34
e4f43239-31da-4ed8-840c-8347e065d790,d464bde0-be66-4274-83a6-bb338711cc8e,fa5f1f8a-a71e-d282-bcdb-8f77802c0f25
c39c0a8b-ad39-436e-9915-77861bcd7b44,d68211c4-0161-45ff-933e-6f9f99c208b6,c3dea168-fe91-1f59-7b88-a909670021a0
3a739c0f-baa5-48ae-af93-a0cb191ce56c,d3c38850-1f5e-4f28-85b6-de948e184a6e,401653ba-7006-1d41-198c-af80944a5d91
92564538-2bc1-47ef-bef5-310c0678f0b5,d524af8f-a087-4db9-8a10-cef3f154f70a,03d461bc-8b88-adc5-92a5-adcf809f607c
b56668e3-a533-4f25-ad7e-632f534d024e,d6093206-d7f0-4ad5-b63d-a4d5ee43cd5e,e7fb4986-090b-037b-9085-1d732643bee3
7dad05ce-d384-4f5e-839d-a97197849a75,d5c5ef06-0692-421d-a4bb-18e68db241e8,15224531-1288-c3ad-c45b-210b07b67737
3435626b-f411-4fd3-a426-6c77eeab89db,d27bdcb0-8039-495d-8782-7acb311887e8,299290aa-f004-5337-fd95-8fdbceb239f6
d29013fb-61f4-47fd-808b-eb038950cf9d,d5e0cf94-ce12-5ce2-c695-8c0c4e4743f8,01501874-71da-1fa6-64d8-48d362912e3b
b8d808f0-fbd5-48d0-af5b-29a54c7ae303,d88b22a1-5c1a-9fff-bcbd-1fadb0ff41b4,44d77474-fd96-51c2-0b53-2deeceb80828
d1ee609a-e423-45aa-b1a3-8bb9292e8279,da6702b7-13df-8bdc-a50d-e01b4e157456,7a43e62f-304e-ac2f-4625-3b484c6ff2b3
631bf15f-bc18-46b4-8b79-82afde9b0c5d,d82f3ee0-add3-4fa7-b4d8-d11c393d4840,3d42ae5b-cbab-ef8b-d785-2f1ef4d9b854
266b171d-2aef-49d3-b039-6fff8d685a3a,d6dd4c65-9cc2-4f59-9e56-4be40bfc524c,a2a81194-7718-051f-baa4-9dc4291ce04d
bf17ac19-967d-488d-80e4-fa228714f2de,d7d2d5a4-bb0c-4c44-ab00-de87f6b36330,9109ad17-b8b5-bb57-3019-abc7530893ac
bdf10ecb-ed54-4f17-98f9-64c497f803c9,d7950320-4a98-f24c-ca36-a78cd7883872,834ab2f6-49ba-c1cd-2860-09ec7d3a206e
e5c80bd2-c427-47e7-be40-1de67b8d398d,d88dd553-d05b-4294-9501-8afdfa03ca31,b410a16f-be7b-87fc-452a-b2eccdcc3179
4e30f77a-0d11-48ac-a7ac-7ddc0c2cebee,d78671e8-a272-d039-904a-685339a8068a,8f49ff01-d4ed-9275-565c-b8e3d8814311
fb347211-e15d-45f1-8932-265fd2749f71,dd718899-e983-437d-86dd-998c63d629e8,7c55a73b-a77a-dbc1-5fee-d54e446748bc
bca7f547-46f4-4ce0-845e-40d5452aa53f,dc14ddaa-255c-8d59-6e6f-f1883b51fb97,34e2d22a-ca05-ca82-bce6-cdb394294ee1
6c7024d1-e154-4171-b864-d721183befc1,dd64656d-05fa-842f-6584-f58cdaefc488,61dbd340-8566-2134-f0dd-789d77e81ae7
9be0d520-dcb3-468c-b34e-33edc62551b0,c6f913dd-5ebd-4ab3-35c3-ab6652f0913a,ff1936f3-21fe-27f9-0a56-5277f7d8c8e7
6e974105-ddb5-4f75-8b21-e8d36f88119b,9a07d342-e591-4125-a780-53368e792fc2,c38608bc-7ffc-9abc-ffd3-90501734a3a0
e47a5290-3cc7-4960-9153-7e218ccb7bfa,f2d24595-0235-4d28-8d5d-2ece7141562f,81aa5fff-f795-33f5-5317-4c8b4879d037
30cb1a49-5ea9-493f-ace2-2be79d9c0039,b0ad44f0-2eb6-af37-a07e-a4f5da65dae8,e53bde1b-5d2a-5b1f-6aa6-4c679cf3dac4
6be6179e-d6e8-49e5-a414-fd4b95c3dd84,4e6b0fd3-6f0b-243d-2449-eaaafb8bef59,a6f5dc56-1dee-f61c-3f33-e8f1ac160795
46d65ef9-d744-43e7-a5f7-ec1bec417433,22f34c93-6af9-435d-95d2-2ad9b4cc92cc,568e685e-a2f1-6c52-8740-623c00d1885b
2d79fd7d-dde4-4c09-a51d-215e853ec211,a36b405d-f2fe-4b1c-82f2-0e113655f2be,462d2f7b-86ff-e99a-d68c-8babac7d69da
757e041a-098c-4307-80ab-064e489817ef,755a47a5-cfba-5370-3eb2-62cb01e2a330,1c447687-0064-2584-78ca-ae0e2033824c
f1b372e8-8c69-4ba4-8144-5be6b40682b9,5f858446-ec41-456a-a7bc-09074e21fa8f,c5c1ac89-75e1-f9d0-5c96-b6177eaad4c5
cf8748d6-a437-4e8a-ab46-a5a6c2a05ee0,a555a7f6-d5b7-42bd-a827-409f56e10c1f,0cd25ba5-8de8-c930-9816-ac4f495b0ba2
1c8516a5-fe00-4d9f-a33d-940ad9ac7476,e4ac12b3-bd88-49ae-8d09-6b46c89f0e3d,742b291b-317d-1242-b651-a9057fd1beee
d32070ae-4172-480e-807b-086e3ed39471,e29919c5-9b6e-4fdf-a8ca-6e2ad1f46276,ca0c5969-a072-55ad-a66b-4fb4438193fc
eb39dd06-ac16-410e-80f9-ecbc50c94d46,e138aab7-7ea0-453b-910b-a4fd29397d03,ceb9d9c9-c650-9052-3564-66548d119a3b
fae86410-56ac-4453-82e8-0d29d44d676e,e671dd36-bd0d-484b-1b34-273eec9daa8f,ad478019-b626-700d-b994-465ec9d54d6a
bf48b96d-78dd-4819-9e90-38241cc3ca2d,e78940cc-ffee-d440-16f6-9432e6f8db07,5acd7496-b952-5a2c-e02a-e6dbdc7e7f49
07404486-7cd8-4046-9420-d18bd9a6839b,deccbf1e-3353-446b-a57a-4e8dbc3da8cb,274fe63d-e1c0-2d50-3edd-dbd1691fbef4
3b9d289d-8f04-496c-acdc-207c04b40502,e6b6a1d5-5bb5-4990-a4ad-76be5f99dc6d,0bb94a56-6276-e9de-1efd-fe4f0dfba9fe
2f9a358d-76f2-45d2-b526-9f867f38078f,e056bdab-61be-4667-bb64-539af3ade212,a2a81194-7718-051f-baa4-9dc4291ce04d
0afdde78-e03a-460b-8077-bb5cfc9e9796,ec717864-848c-4d00-9195-11c18d31b0bd,eddf5b1e-9c27-2200-a711-acdc6599954b
6cf0fee1-69a6-45fc-8ed1-cc19dfa1532c,e9aedb1a-5d2c-4f7f-81de-b8a34a2b95fd,7a49d3ee-fa1d-6950-9da9-4ba53312fb8c
717abd02-e338-4481-974a-48cd9eaec532,ebfd5449-90f8-2c26-6905-4394af16b5c2,f7782fcf-0499-08ea-fff7-12656707840d
f011033e-49da-4e43-86b4-9a0514f89932,eb748f2f-509a-4e4a-b241-8b89fa33cceb,258f2bb1-dea0-2ccd-bb61-34439b1933af
a803ded1-153b-49d8-b733-44e75ecf630f,e9e12eb4-ba24-dca8-608b-61a029eb57d5,ae5ef0f1-b097-4808-dd84-0af565863b3c
6af3239d-a7ca-4f19-b35f-1be6db64b382,ebba6cb5-d8bd-4dfb-9c02-d8fc8cdfe814,495161f7-2752-cced-e39c-af0ff9b3d1e4
3c1feada-66b0-47fc-a0f6-6ddf5cd45d2a,ec1705cb-cd3e-40bf-969d-065d7d93402e,8cd4feaf-ac7a-c6ea-74e7-9f25040ef667
12e82963-14b9-4a59-9c0b-b3ea59984a92,95422b3d-de20-4440-be04-1593de4c9cf6,19b6b6bf-7f2a-49c2-7d88-68397dfd54b9
8a06f3ea-0976-4591-b614-2737416a847d,16798594-4a88-4f18-9985-efdb8456d1a8,611320bb-e15c-d925-211a-9126f12dcb10
a589589c-15dd-46c3-bd51-f1240de9a21c,f025db8b-b019-4f06-91db-3de6b6760e10,23c75c2b-b54f-b4c8-f041-3c5f8579e200
361821a8-19d3-40eb-8d32-66106027ffc7,f130f292-745e-4d07-a380-786937bac95e,a2a81194-7718-051f-baa4-9dc4291ce04d
de7354d5-7903-4538-955b-22f707835cca,ed090406-57d9-4102-8644-37aa9a2bd2fb,b08d94ab-6bf1-b409-d18c-826eac0507a1
606c2d5c-96e1-433e-9685-905aede8623c,ef636edc-ff6c-5e8b-9521-c4cee31888a9,45ad83f6-665e-472a-9c01-11a260e88374
ab8bda40-8bfb-4a05-a788-d5ab6ae840b6,f0620bac-87f6-4a02-8ee8-93ea5631f376,bdb368c7-9363-e55a-f349-e1912941b496
c1f532e3-193a-4f2f-afbc-7562a11acb39,edc299fa-ed0e-408b-b7f1-32f133d52577,6d59c415-ebbf-ef74-6ac9-6bc13a4b0cc9
87fa7399-8b4e-4c36-bccb-fa80d17a5385,1fe7acfb-8e61-f268-600f-199820958334,b09df362-0656-b330-b668-d1530680ccdb
cd95c697-1f35-4bcc-8b1d-d7e4dbe68fff,2a44becf-05dd-49bd-8867-3e0bf5a9d339,0d3a045c-36f9-cc09-9183-43623ca55b36
810fa533-778b-4dd7-b36e-90ffc784c82c,26a64f6f-cf63-4da4-8f93-05fa6bac8d14,a1b27e17-09e7-766d-f3b3-80ff143cb473
f7d55598-2a0c-4a6d-bee0-a305dfee2616,2b92093c-5a20-4d40-8649-05b71c69f0e5,8585f7db-d1ec-37e5-200f-45087068cd4b
2db4d90a-447b-421a-96f0-8e132ee73a16,f81304ff-e0ce-47db-b29d-022ca1f82926,a2a81194-7718-051f-baa4-9dc4291ce04d
4fd1c13f-e021-43ac-a851-6a7644486ffc,f771943b-e989-41d7-a502-b1d97e46bcaf,b4138204-d29a-7fe3-5410-72157bccd6b6
ad83d753-c042-431c-87f8-233992f5e247,f6fd4c37-950f-4faf-96b6-0a32732673db,80b36d1a-5d5e-cca0-22e0-e50aa763946e
4ea79134-c4da-4061-99d0-7b93f34012c5,f658e7a9-5a12-46ca-bd9d-22aedd43555a,4ac935e8-48b2-70e3-1741-83ee6cbee821
18259149-9dcc-4917-a5c9-d94d830caedc,451f332f-514a-4bc7-cb50-59111e4390fc,359ae01d-0705-d39f-aa17-943fbaa892cd
9853c4cf-1270-42d9-8013-510033deab21,448bb918-463e-278d-b092-68a3afada6d2,bca8aaa1-57d4-dc19-c1a7-f954d4ec6e2e
b0d4c490-9554-49b0-8890-28182774ea20,59dcbd54-66bf-c875-a4dd-a22062dcc320,0b925926-64e5-8134-a3eb-60e1eda7894f
3420a81d-50cc-4834-a824-caa962e04def,57e3e3cc-8b90-3df5-a054-0e4c641b362b,494b1086-fb9c-a29a-f4a6-062ebf809f20
a3286d62-ea8c-4650-a434-5cb8db4ffc43,571ceff1-d04d-4edf-aed6-ce44cf045668,2888cd06-4d0f-cc60-2f9a-0f1326dc9cb6
eb9d121d-3fdd-4b06-82e7-0e455fe2c4d6,6042ebfa-fe57-1596-0e39-575c302797f2,5b9c8bf0-8eb2-20a4-d46d-c3e79b5f6381
e26206ed-0fd9-4ef9-888a-a2e6c8dc98b8,65b10559-8f98-4cd1-95a9-13a02c4e30a3,5fca0fcb-973b-ec6c-f457-73409b79df58
64f151b2-e6d3-4c35-b7c9-763c28fdc1fd,6a56846d-a08a-42fe-8f26-bc4ed5dbd2cc,b22f34fe-f145-f510-45f7-8769422f2d11
1012143c-b4c6-41e8-8b70-d31d84471d54,faaa1b58-79d5-94cf-fec2-bb78541341d1,28e19933-177f-ac0c-7346-7bfdbb5ff19d
6052c761-e6ec-456a-82ad-b2579404459c,1d4db1a0-bfa6-50e0-86ef-5bd019a34fde,c2425328-abdf-fdf0-d795-f792aa25b2ab
b17c9433-8c0a-4f45-bea4-e540e88f83d3,f83cc871-35f5-47b2-87c6-3d9e6098af9f,44932ed1-ed1f-8bc3-0c39-411154c794aa
75939d12-d2b8-4e82-9d47-82ab7beb6dca,f82853b6-c9d9-4d6d-8e88-4a8feda61ef3,d1464565-25a3-15ea-8245-09b552b52efc
498df944-df81-48f3-8ec5-40b7fbdb3f35,fb3fcd8e-2ca1-9600-311e-536bb1e814f1,4c245240-1e8d-4736-a89c-3b48fef57a04
da7eded3-0607-414c-aebb-0ff337931359,f9173af2-a0e7-4f29-af9b-9da85f0dc450,10fddc85-8b5f-0848-8a97-659a3a728d7c
f8272283-c8f1-490a-bb0e-3efe47f3c628,faac0a1a-d7e7-1397-512f-951df6543732,e571b7ee-a83b-4998-0f1c-d6fb36fa6587
f3440d80-9cbe-46d0-82d7-cbfd883835c1,65a20cc1-1fe2-0f25-435b-23ba79929058,8bda5932-612b-c232-2d77-b3cfcf7bb565
f76a71c0-0a50-47fd-901f-554f5d545832,82875dcb-a665-49e0-a7d9-ce5cf30ee3be,763e8f8b-73eb-bab0-0309-2d23e4de3053
e5d1c431-09f8-4bcc-885e-58d8c501de6a,83e330fc-748d-4fd4-8c22-fd1e8f3588ea,b9ebd901-d6a6-7cc8-3755-8f2082348ab9
af16b50e-4f70-4860-bc45-c2737875fd11,45766c17-85e4-4274-b316-ea3d5ab9a1b2,a2a81194-7718-051f-baa4-9dc4291ce04d
930551dc-5f79-40e8-a0e1-dfa4bd36cb5e,9026347c-c551-4d69-bd1a-2ceaa80801ca,a2a81194-7718-051f-baa4-9dc4291ce04d
f4d714f6-7271-4a6a-b459-4af8abba0840,8fcef489-b374-48e1-9288-f83c1025b9c4,a2a81194-7718-051f-baa4-9dc4291ce04d
dd17e7c6-865d-479a-bbf5-c81ebda6533d,8ee7db55-3882-4b47-90b6-9e29e923560b,a2a81194-7718-051f-baa4-9dc4291ce04d
4c958614-d798-4c82-8aee-ce17b5fc4e0d,453f2716-e11f-4a66-b3e4-886622b8354d,a2a81194-7718-051f-baa4-9dc4291ce04d
5a1b8121-4b14-45eb-bb01-66662eb24b1e,04c625b5-c2c9-44b8-9587-b83789ba45b3,127d373d-6f34-9d29-5d0b-71cd37950eee
9b001c17-3134-4320-ad8d-8ed3bb8cd029,ba246033-2dbd-4447-8712-78266ee34838,e3fb1528-a348-eab2-0090-8c035541ff15
8cf5903c-06f3-4997-a404-1c4f428b7558,8d502132-2e8a-4fcc-8b85-92aa24e79a46,1334e6dc-91ac-601a-1e3d-be7cf8288b45
970a0f59-79d0-4e3e-b2fb-d559a7244aec,8a7498c2-7d35-4131-8569-afc7ca5254d7,6173742c-70db-1297-200a-c5c59fce9197
21331f41-43ad-41b8-80e2-f79c2ace35e8,8bf319e4-50ca-35ef-19e6-5e924d9947b3,cb57d0f4-dac7-b629-dd0d-775cd1715433
4989b21f-bb8c-428d-902e-1b400258b71b,025f4376-0950-48da-b41b-a85621cffac6,fa85f0db-e1c0-297c-d618-19a2bdd603e9
328f9aa2-7705-421a-9ebb-8d30cd13b7c1,d6a5ddb9-dc72-4dab-9a6d-ae460de8e006,4dc9ae88-2cf1-9095-4219-9c6c7d5c43f6
33411859-6226-4fd3-a4c6-b5339a1b0f42,92db4502-83a4-4e89-82b3-d396a316b9d0,2ae99715-b44a-bdfa-b68a-c004a6e34e20
08a2db26-d80a-4c35-9f25-7585a52cb411,96a486d9-0619-4ed3-a8e7-7770a16a9f0d,ec5fc187-8798-5d9f-8fe3-9807b9df8f19
17d86304-ec75-45c0-9074-ce83d16f8ac3,a011fa04-5b9f-a525-565a-4ae06e18518e,e18d0834-6e24-90ba-f71c-1c9120c5fb80
d2999361-b5c9-4ca0-8e2f-491e77df97f6,a78239cf-3c39-166f-77cd-71b7293393c3,58d931e1-6ec2-81ed-8984-fe344085f683
486a0f31-676b-432b-af14-2adb27a71210,aac61856-8a06-47e2-9d9c-cdfe0ba05d07,ef72df73-d5ff-8b5b-8089-9c982b87a19d
e7070223-78e2-4072-8e2d-af163f4630f9,bec2d37b-87b6-4572-a121-a25f04e1fc12,1c66eb6f-e967-4daf-3762-09da38b26c58
e52ed40a-464b-4ede-a7e2-1fc935d14b24,c0ce8d8f-39b5-95b7-994e-a428c83011fa,2c02f78e-6406-c3c6-9f0e-876d8150421c
2a5d2320-ce55-4425-87d3-0d5014aeebcd,cd24cb1a-98c1-3da5-18e1-a8e68f958f2d,01e71b7c-240c-6b11-424a-02b536de3374
925c388c-9902-40a9-9285-a3bf2df39805,d1222e5c-5ab9-35af-b788-b0c10ba0cea7,2a413f68-3b73-29a3-0577-40d327b736ce
5ea1043d-8aac-482e-9b15-9a90989177db,db3a4299-9e4c-b57b-57c6-1912f7a74167,93d6f737-d034-e444-12b6-3db0e135b059
fdc07e6f-b759-4050-a0b4-cf4a8e9c6da6,dbbb2416-f4fd-4cc9-1ee2-5945df8aaaed,019745ae-d429-46e3-ea23-af4a91d9c8ff
454ae579-8fe5-4824-9a04-d0197f7a67e3,e3f5e58f-f190-67fe-ecbe-b8ab623c7b60,cbde1648-06d3-8228-92a4-0cf3abebcd5e
ba50b028-f608-400f-8168-b00c53d4b9aa,44a653e5-d205-f3df-c550-0698daa7a897,25236603-1cf3-f1a1-bc64-6120544ab0b8
d01a636b-c9c8-463c-a967-d998679eedfd,8fb76c45-ca58-41b2-887e-b9fb3c12f008,d1f7892f-716e-d497-1d91-f8fe54f137a4
b25e777e-0ffe-48f8-bf6a-a037a3fce861,ab0d4f75-0582-631c-74b1-4912a741b93f,f10ab035-a1f7-73c0-edb6-8a52c59ee1e3
0588fee1-851c-445e-82b2-2a0439c6e592,d611111d-5305-4ded-8087-f2a6ba772da3,2dbb80fd-89bb-8ed6-cc59-385eda19a283
f419465d-a13c-4e08-8578-08b14c79cb2a,3a5190c2-7e7a-4750-8cc3-02842c842872,34cfb0f6-60a9-d172-75e9-ed8201250489
975609e8-9b16-4a30-a882-3f8874e5b503,6bc9d7a6-e45e-da3d-9892-f1e06d10d90e,7f8af75e-7af5-dc54-61c7-dd6a7ffe746b
f3eda40d-ba50-4cbb-8cdd-a2d625a6a25a,31b12864-530e-4e8b-aa5f-0f8060cc4544,f5a17b64-6401-b2aa-1c5c-140c3b43ef04
fa9c4e1f-256c-4c5e-9c32-a51d83628d69,cc93c09b-5534-4936-b5f8-fb7a03416170,2fe36709-7f97-83c9-1cbf-25557e4ed0a9
ea9ca495-a9b2-4bc5-b108-7970044cc2d1,ed25d22a-ca92-2353-5d27-24ae3a98b077,26737937-ec09-8493-9d4b-805d4c40772a
cc31228f-791b-4f80-a6fa-7b9761998d86,4b920020-5c7e-95d1-258a-19040e9c209f,df284509-1ac5-f41a-2222-4cd7400a190b
975922d7-9796-4c6b-ac1b-737a3c1d88d7,2b2efbbe-1cd5-4c02-a7d7-d1883785d707,bec4343f-a9fb-dd6c-c719-1ec8696ae4e0
f01bfe43-030b-4675-800c-40369542c0b2,8d82632e-0cdc-2808-ee75-04bcb7cbba7e,9b1403be-9218-3c0a-1bb7-ad618f612c94
b20fe96e-5dd4-465d-878f-395c9cb31343,4f6ca72a-ffc3-4a16-851b-b80c60a1b00f,8e2d02ab-9735-282b-0718-aff48a7f7a9f
229e1f4a-f707-4168-a1b8-eab83274e11e,ec197211-d1cd-4389-8e27-d4d466db101a,10a94f46-46c3-595c-fcc3-b90a33c38293
c0b52a0e-b9a1-45ff-bfe9-4da4ae1f86df,f394b806-f918-ffe7-7462-ff865161863b,bf6f195d-5a0e-ae7f-2c35-68ce97ce031c
8176f96c-8e3b-453f-b59e-d46e6cee423c,f8ebf2d8-6d33-44ac-d835-6015fef52540,369440de-a147-16ab-f6e7-62a27ee5ce95
084b7e45-490c-4f04-aa23-f01fea7200c6,654c292b-2c83-7770-f8bc-c3cc40046a19,9d4157d1-8df9-17ac-a633-02f32b43f1d0
baf60541-cb4f-451a-95ac-ff7eedf104eb,67b9785c-5c12-2c81-cbfe-5fc111683cdd,ab2ab646-ee37-a8cf-2536-95e93481acf5
e2e304ed-3411-48cd-b7ab-91bf8cc84c78,a48fc1a1-2396-4d3a-8a6a-22c836290d4d,b8fb49ce-7350-e331-9717-585f905b6402
ab6f0e9e-3add-49c4-935c-cbb9a88299e2,0882d923-743e-4f19-8fd5-7cc3fb19331e,2db0546f-73ba-bb27-96bb-7678350bf2cb
d312dc2e-cd32-4bbb-bd74-c3c20b4094d0,b7e19eb3-0125-8669-d7b8-4ff0e48c0ce1,f59c46e3-31db-ee4b-d7d0-b866495d7d47
26c7ee17-2694-4bef-9bbc-01e748324a8c,5cd5761a-d55b-4ecf-91e5-68e381a3506d,49defa82-b7f4-03f0-9f5a-5173fd1752e1
562b8148-f08b-4032-9244-b6b9aeb1553a,ac477775-fb21-448d-a3c9-61fa3e04a59d,3f533ba4-094e-a3f5-f55c-0790cfcceb0f
361655af-e251-499b-be92-2bdc83e2e3fb,d556d11b-5efc-414f-9340-6e84d6841152,5f1e33bf-797a-0bda-3e9f-d629bad40e92
7ba5caa4-2603-4dd9-8f34-5c1f5eafc84e,0b4e89ad-e6b3-7560-e0e9-6cc811e1f878,93857401-d6d4-5ff0-23d0-444cce1570de
91f948cc-a052-42ba-b6b0-7d01955032f7,c730f5c3-8f12-43be-b82c-10667215d749,90a0e50a-364b-b1dd-5528-ed53d32c4900
d27d7636-3fde-453f-a13a-28ed1293b079,7d426fcd-5dcc-cbe6-8fb4-62ca1418487d,157882a7-cac8-02c5-e73e-4929cd685906
601ac817-886a-4edc-a9a4-b542b815e534,1382e9a5-d347-48f9-8a8e-ccddc4ec38b2,ba748cbd-b2a5-dc17-e72e-a8f70c7c9390
9488b05f-8c2b-4ac3-93df-56f1886f212a,13180bff-2a27-4093-fbfd-0c7bfc24139d,35d07a08-f5be-5b45-573f-e365a08acf6c
b4126115-e709-4452-9456-bba5a2e81a1a,9d216b73-b28c-1c0b-ed2d-3a405cbb260a,9d617f09-8c6e-e894-66b7-c88a229dd92c
75a86ea3-fe65-43da-945f-759549b023be,ddee6d78-2c4f-4d57-bdf7-a64d1241ed65,498c6f85-af9a-86e5-57d6-375093ea32f8
8d240830-9600-4fb6-a7c1-0c729a0c8afe,bbcb0ae8-85e9-4595-aaac-dd25666602c3,b41cf977-882f-0e04-62e3-20175ac9ee11
f3ad0c96-f1e4-47ed-a71c-4e1f05890be2,2970a6d5-1213-4c9e-bb1e-adf9753c8b71,77d4c184-46ad-4888-99cb-b85352b88d32
0c70b8c1-e326-4cdd-baf8-1f91e4bba3fb,04f2ce03-ad0b-4250-a899-cb2e860c1d9a,23dc8d57-2479-b204-d2cb-14340347b7d4
2fa642df-8d48-4992-b163-8db0e72b636f,022886af-9dd6-f7f4-e082-8ce149e87163,e1b759d0-b509-4356-aa19-dfdb63e183ee
11302bf8-e680-4d8e-aec3-60e50af6f37d,0c06283b-2dfb-4132-841e-e54fbc12d744,f47d3c63-b583-b427-61ff-221f1f320f55
15533761-2f56-49de-b632-e5a022082daf,0c785015-2261-4e66-806e-643b3e4303f6,5a172890-f3d2-6b52-21fd-e6cac4ab0e52
c399afb1-0b95-45f7-9089-232006ac0a48,18d3f14c-f2ee-43a0-9fc1-a5912a1162bf,e0e75c92-bddd-3fdf-34e1-25f7c34c4695
44071c8f-1ea3-49fc-8225-9019edf2aa7d,18138825-fa36-7654-87c5-bc3519904f72,3ceb359f-2b2d-d0d2-8147-22661597a495
b2cff9dd-270e-46b9-a658-d1979c02fc09,1758ab9f-05ef-9dfa-1fd7-4194f7530a2e,76417201-db15-e5dc-5ae4-fb960057583f
676bde92-d91f-4e2e-840a-94b1dec6c14b,1b6d4997-a5a7-f846-de12-bb7182784ffe,f2428557-d553-679b-b6a6-29403d4ef76e
09cd8ec3-0a9a-4948-997b-8eea5c7817ff,2f36bdee-2fe8-43f0-831f-ae9905fdfe9a,f0da25b0-cdee-c6a5-dfc6-2f9d3018702c
ea69446b-008b-4546-a2fc-d09d88d2858c,2da45b3c-180e-4862-bd3a-8748058f9e7d,ac0e097c-9140-8770-072e-cc8aaad638b1
6378d843-1c6e-45fa-80c3-7738be5e2a49,34e5801f-651c-4762-874d-d0d3b36ccfcd,3e05f89e-1060-613d-3548-0ae255c3b928
a5d59b65-024d-4e69-b3f9-22a91c34fddd,324cf94a-73c3-57eb-e926-12ae1e39729e,189e31dd-f9b2-f343-56cd-ee398c9e9a66
f976a1b3-fe07-42dc-a4f7-7372d4c5e989,334b8f1f-c4f7-40f8-bff3-3e4899ee66ca,4626b0c9-db15-511e-c2f1-237cf4c4882b
bc060789-7b3e-455f-9e04-c0a2eb52b9a2,3c463e83-0233-aecd-2809-5ac1d4c574a7,5c65416f-f80e-440b-40ea-365d209ccb3a
10cfc1f8-19cc-4801-b462-c7d66b3c3475,3803f69f-fe22-45da-94ff-f3b6ba7a7537,c39a7faf-b013-6ff8-8bd2-cbada3b7b95c
e3d015ab-b30a-40b7-9089-3dfd7aae6ed8,4c876515-d093-b8b5-4769-c4e59cacca64,fdc89e1f-1ec5-bf4b-419e-328d1cc10ed9
63ddad88-a5a9-45d2-993c-65299dcb200c,4c3ae6c0-b25f-69d2-6cf5-6776616c65c7,4a70243c-3e41-666d-8d76-6e1ec3e76906
d1ff3f38-e3cd-4255-8bd5-d27d7b1b5391,4c75994e-b78e-4e47-834e-795b42b32e60,6e65f7bd-de80-3aab-8be7-ec405fbf6137
96500a38-a1a8-4a76-87a8-3fd4125f0ece,5b54fba1-8dc1-7cf7-a659-4698b8b2c342,b6179962-eafa-c0be-2c73-87e4129f73ed
686e1d21-da5c-4110-b059-2fc6a4686e6f,5ac3d08f-4170-e539-6ce4-eeec404d2323,49868c8e-3806-3f56-9791-719cc690f77a
222282a4-5098-4593-bd40-93a96ae9bee1,5d2eb049-1c88-2e57-6eab-72f8450c8ffd,b49f3838-fa21-bd40-9bd0-381e96811e24
7f26e02f-34e3-4b3d-b707-28f54c7f194e,5efc52f1-e60c-846a-dabf-9c5c7493b771,c8d9df1f-075a-8533-9423-ee47e989c89b
db1d5f84-26e0-4f11-b180-7825f34d25e8,63b109ef-a63c-20ec-a83e-312066ab544b,9d17eb57-4543-c38f-b238-4eaecb2c4d76
319f3d9a-5bdd-4d11-a2b8-576873b25997,703d6729-2433-2986-07e7-da4f77bc6f36,c267be7b-0744-b995-b568-dae7ac4b8aaa
0a2e173e-5823-4671-b03b-34543739fed2,7158ff2e-20ce-4383-93e7-30fc61a87c01,375f2099-85be-353c-b41b-a53c600685a9
7d2620f8-4313-469c-b0b7-2641be030979,74fa8689-7217-8300-5e8e-d78bcb79f30d,ac1ce24b-83c8-7755-16cd-cb5323081739
95681184-e71c-406d-8809-87623592a7d1,8e53f295-d258-4a24-a321-26a62b242a21,f8071f48-ea73-f643-2e81-d0ea59d4f408
e7a7338c-3ff6-42a4-9c7d-dd131e04da7f,90a3dc92-fb27-7057-97e7-97095c78061d,7939175b-046c-2f07-5d42-7b8946638fa1
8be248d1-fe93-4a76-bbb2-2ed4866f418e,a3e81c0d-e9c2-bd84-0af2-0d77a6a4831a,63b33c53-511b-0e43-52ed-d7161a90115b
a2317220-7831-4434-b094-9aaeb7f96d89,a58b686a-0e69-453a-b498-f9c081607195,8aa5c0c3-e7ad-a9d1-3b2d-ec993170a59d
e155d05c-5df2-4876-b7db-d5569538fa1a,b2fcf7af-fd19-2887-4a4d-e138438a2a92,ffb4c0fd-789d-defa-0b0a-f4a70712c758
e3450d6c-9e59-4c74-9b0b-71443013d6cc,b3220db5-8e35-53df-b0f2-55c4541239a5,e6aa716c-ed04-883d-d33f-8cb217de1958
a96dc619-2519-4a66-9a35-b974dd097bf7,b6641d74-a9e4-495d-b3b2-aeb2eaa1f355,a9d205d0-8202-647a-0352-24a4ed8812f1
ae7102c1-7d9b-4eee-b09e-ef73499e69ac,b44a01d5-7054-32b6-7559-719fd727b13e,4c4cfe32-882d-9b4b-0266-3047eb6d74a4
632e8e59-1bb7-41d5-a3d3-ef5253834a9c,b3470640-dc13-4dc2-a98b-ae8c1f600630,1c43c587-aec9-5540-add6-87421d36ad02
3e0a2bdd-91a9-459e-b3f5-f574680e71ec,d1471d65-4e78-5a75-e756-7f3805505b21,ea6424bb-0fbf-88dc-15d3-3d9a3b5101d3
d14686e9-50ff-4168-8675-d73fd796b937,d01865d4-c0b6-753c-e132-3208bf2c407d,1e68378b-8d31-54a2-c60d-220847a84a31
2a711d7c-2dd8-4350-b876-fa2d0d0e5d6a,d102c526-e073-ad7a-2452-ffb819045abb,62e664ee-affb-c299-7d81-1275669f6199
2880ad41-58c6-4773-9172-ee0bf3849490,d1242067-7e22-7829-f5eb-aa94b9ffe584,76077995-557d-4532-d09a-a45a1408dc6b
31816b51-c5b4-4eee-adc4-2883338033e0,d3f051e3-fed8-9ccb-b3cb-ba7c8e7584ed,bd6d2989-da65-6b25-fb7e-222fb82611b1
9f2caff1-5379-4750-8882-16b8afc49d9d,ddc5d131-4c0b-41fd-9639-ebd67217e647,816b7071-c226-ad9a-0415-5d3e11f9c87e
d4e0b33d-6e5d-4e4a-8ab2-33e1153989b1,dcd11c22-9ac1-b37a-05ab-9c0b36e7c856,2b0b041c-c11a-b7c4-58bf-0f1a396d5123
016bb8ab-c8db-4477-bddd-ffe0639a322b,ec9c8c3a-1110-41e4-af26-57c6ac0c2ba4,b2c4b6cb-146a-d713-88c7-c14076b9a2d2
cc4a1c9e-670e-46f3-be58-888f672318ef,ebb93599-8060-6c9d-247a-be1de88932ec,59d4696b-71c1-ac2f-1451-0e9308df6f56
d26d77eb-dfbe-48f8-a5e9-d3e78e3da483,fc4172fd-21f7-4849-9a42-2417297f7c2d,b0e25fb5-6219-941b-1968-b64045325d0a
d49885a2-c63b-42e6-b5d7-0f0339c03c38,7b1d4a7a-bd91-b922-eb0b-8ddf5340da4c,e0714ed3-8bdd-0f3f-2dda-a50e7055601d
736ed49f-fecd-4156-8dfe-f9713ca5cff9,14231512-e49a-44a4-a0f9-3d00d87e3bfa,9a7fdc81-3c2a-f51e-2d8e-9499d677ee55
4b8a8abc-7ed3-4e74-994f-45deccf71536,162e48fa-7e73-518a-bc88-bdf71f80cb8a,599caeae-333d-73b1-32fd-becee1c0bcb2
49b69fda-be06-4560-88d4-ea23033cb769,4aa640a5-a842-407b-af03-0665fb5c4174,848c6939-fea0-f8e4-af15-fca71fb3041b
0ae71977-7031-4c9a-857f-a064a52ba99a,56bb8f35-757b-32a7-2758-47774652a4e2,84d29491-5ed7-1694-270f-fe87334d2f10
d2b83d92-ef83-4491-9a54-f7ff3f686a93,55f009dc-2a11-20b1-dcfe-002c2501252c,0a294348-aac3-ccd2-836b-d243c1b1fdf0
35b28cef-91d2-4df9-b4f3-e07de9fdffc5,84d23f41-1655-4cac-ba8f-14f73dbb47cb,924f4e13-a8ca-e576-4475-f70ea28f9880
7664b584-5f0d-425d-ac0b-3c5e3747ddd3,b24fe322-9e21-4160-83b0-044b1a448f96,2b8b7d6b-cc64-31df-c420-3ad604a52b73
0957ec72-4453-4db4-8e14-ead5d37d510c,eaed9724-8b64-4a8a-85ff-4de7bbec7c07,3fb73336-20a2-65cb-2660-3c44b04314db
fb3f81a9-b3d3-418e-b732-8033d0057dca,3b2898a4-bc51-7f71-7395-8cde50a295ed,a87b52d7-7a4f-330c-0519-28724a4453ab
ff305c7d-3d93-42ce-a4ab-4b67ee826db8,2ddb89d7-c88c-79a8-0250-c88ad8a04c47,c69fd8de-657a-bd77-acc0-6e13f02712a8
26ea5701-01b5-47ad-b5ea-d19c9c3431c5,6ee69956-069a-eac3-fa33-bed477656f58,74a5bf81-f637-a8ca-0b42-f035b4b20f78
e374a20a-d4af-4e70-b8c0-beb04ef4cf8e,3ddfee84-d1b9-470d-872c-de0ce4b12f73,9a193b9d-82f4-c778-41a0-3a6bf0fae268
d8656686-2bdf-4f47-b85a-3d53da939416,7e07d862-b3c6-4b34-b1ec-39940b3ca539,d60d6c6c-2989-e5e2-334d-73ccd36a9885
28395451-873b-40ee-98d3-eae315dd2c31,9a48556e-d386-42b1-91f8-d7d1a24491a0,de5e67f1-0de2-b47d-6b6d-55b91b499bcb
40263630-1d09-4229-a27f-5f4a97210512,06ba1999-43f6-4722-9d48-58b4f9cbbac4,555b99ea-ec93-4a29-dbb3-f51820ed10b4
005f4d38-4292-45c6-a8fd-88e4ddea49b7,05e73e7e-06d6-4d97-923c-64feaed2f6d8,6ab90f62-4752-221c-8137-1cdf7fcc7fa3
a439dde4-3806-4abb-a35c-90d65075183d,04fc0389-115b-4710-b3b8-cbe2fa617c30,b67e5930-0cf5-3d0e-1c03-30dff84c83a7
85ea74b9-8ea3-494d-b97f-cf10db9bb05f,09dc1cb3-35d4-4d7e-9f1c-2690b7e89015,1457f1c1-157b-897c-1433-c12c85480935
291bb294-3659-4372-96e6-9d8710292781,0aed1a1d-9d89-488f-b069-8b4e7895ade8,c1af2527-a595-a531-0ce2-d99f40e62be1
a0bb8e5b-cd11-4dcf-a06d-180ec504081d,088aac6e-1b4a-480c-b67a-1291e81af044,77bd102d-62bd-22ca-284d-dc6a6b76ca96
df5fe2f7-60d9-4a4d-a09c-28361c83ed68,0a76e493-3c75-4903-93ef-da48d99ca4fb,5afd96b8-e7c6-45b0-4803-bbfbc082f4f2
d8310d0c-ee11-4099-a823-0edbd0029e6b,2403b206-65f6-473e-a5fd-66f66910cfbc,d5dc543c-02c7-f953-cbf1-d374ceb37446
465e984a-9b19-412c-ba42-34df7f7b6f22,24703d93-2ebe-4043-f01a-5119516b2588,bee5b4f9-cfe0-d9a5-5805-b96fd261592f
9b0eedd4-e1ec-48a8-9eac-4377bc9f8ee6,252a6f8f-ccc5-421f-93a0-bdae2fc34261,3fc111b3-95f9-b16f-c5a4-4cfc0d8b157f
a197d0b9-43b3-41be-a5be-3def673ac543,2923ecb0-bcb2-4057-ba7c-d9159132214c,7cee50c2-530e-6a7f-c0e8-b8da98db7aef
00a91eee-ec57-4301-b9d8-ddc2f326cfc8,378289bd-f21e-479b-896f-55bc36421381,ac637487-cfd9-fb21-b4ad-3a8d6d603f6e
ce94592b-4741-4cb6-a7a5-107bfc0255d4,3ea267a4-28ab-45cf-a3af-c86d98701542,68d00dd2-389e-b7a6-8d49-c20dc98302c4
e49f4f5d-71a5-4144-9f12-9832f0381507,40fba282-bb6b-4b03-a97a-94011a98d20d,946de5c7-23ea-e559-c9b7-795cadedc8aa
113bcc69-86bb-4b96-92b3-9382f65c3bac,3ffd194c-9a3f-4584-9e3d-5bdf0fa5523c,d0ced269-6a06-eff0-24c9-d0f3f88f356a
ad295706-f900-4a1f-80ed-9120b653a756,4174a7ef-9c7b-4cdb-8668-e7fa8d8aed60,cb8b856b-20ff-7f13-af61-491d78cf7d8a
4e15d14c-64bb-4986-8c3e-b71c4c289834,4aeaaaf3-66fe-4d8d-a814-dbdbef33863d,8408a2e0-7d44-c187-39c6-773b4079a75f
72d1f2aa-9bfe-4b86-9385-33dd83c2881a,47bcf6a5-a35c-4eef-a84a-87af35538876,81d4e263-94c1-0691-e928-bb2e724601d7
c7b6f1f1-8145-45b1-bbb1-9cc02383deaa,4cbe4320-6f64-4f0b-8d10-c287e41b1d6d,5e08bdec-33b0-6eb1-9411-dfa1f372e1dc
f134ccf3-547f-4d0c-9d16-af9f22a0325e,5420e5e2-51a7-4ac7-985d-00c4e0ff6424,5939e9be-a772-ab86-4001-1f863fea15fe
5cea07e6-a333-446a-a1c9-24e1202c1b33,52a0cc74-472c-4422-bd44-cb835681c08b,74a64f5e-4fe4-19a4-8e4f-49949887ac21
1895f64e-0f7e-42ce-9ddb-087d335871ee,54cef7e9-b8de-40de-9601-25f61007bf49,5799ea51-2536-c201-d5d8-2b50369033f8
9a0c9574-6a56-4a89-8ad3-c108720ed3ca,52a1e930-45e8-444b-a12f-4291716843fd,db8c47fb-1067-f39d-27a0-55dc0453353b
a51e2994-0254-49aa-ad33-fed26e2991b5,52601f5a-e88c-d430-a987-576b1100d709,49422089-598d-8847-176a-65712ab4c563
9a5c9292-907b-4c31-b8a0-592007cb6f90,5724b67f-57f8-45ab-bab9-1dd3a88eccb5,5ac437ff-3979-edba-bb44-8ef8a95d5e54
740de328-995b-4d16-bedc-d6e9e78c4376,648f1f21-7522-416a-a006-1a03f2b60b64,93ae426b-73ca-bb6b-8347-5bf4023ad202
607e9613-ce66-43a5-830b-e2f63813bccf,71f5d76c-9317-4d0e-baed-35ff7f8eb561,753bcecc-d411-06fb-5efa-90b9360f6760
f4b8a26f-b32d-4fe8-a950-eb20de7a5d4d,71dc47de-6f2b-43d2-bedc-a1dea785aa7b,16a0037d-51e0-38e8-c260-6d7917d8353d
9f5890c3-7a0e-4d44-aef5-76053af3f78c,7a4faf09-bf7e-4636-b1da-5b707644c097,d10882d1-9fd4-6220-af11-ed241041b6fc
6b4c1145-b6a6-46a5-8288-1731bd125c25,76668df9-2018-493d-a54e-07fc19daf761,d62f75b2-9ae0-4e2a-db6f-d9c500300730
4cb01f5d-3738-472e-b9c8-c9928d58cb05,75b31bf4-3565-fb8a-8211-9f00e5b68a2d,d5a57ad3-0af9-7eac-ef1b-264c583ad0bf
34823616-9d57-4b46-b01b-1fd3450006b0,7f73abb2-027a-42c3-afba-8dfc0da3dd10,0eeed2bd-91c1-4231-395e-dacb9a26d4fd
eda1e7d6-a410-4486-89d4-74d444459f07,8bc51f28-76b2-3824-3d9a-69781008e826,8da951a3-0d96-d720-457f-9e22f648b233
38402488-e502-458a-ba1b-5ab6b10bca2d,8d0decd1-1944-4cdf-88ae-f0b6a1505f13,ed7b4a8a-933b-bfc4-ccc1-2ceedc2ea401
c7f47f53-54b0-4e8a-9e86-4e903350d058,99878e3b-bbf7-4a7b-bc45-9f733fc94c43,15df499f-fd21-491e-6a41-2852bb531260
3e1643cd-fb84-40b5-8231-4ddc9384b51b,a7737a7e-00b1-4b14-a2a3-4ece02edfe5c,a1ab1961-8269-5023-f751-ec0b05804c07
9ab3020e-2760-4e59-b3f3-6b105495a9b2,ae61cee0-498a-4d4f-bb2f-912030b550d7,c5669c96-58e9-d8ed-a0eb-93649cfa1330
711c4647-f264-475b-b6fc-437049bfec38,ad75980d-71b8-4279-a4a8-951ee98041aa,0dee1887-df20-5a45-ba76-754db5a6ec67
b46d46e3-6902-497f-a3d0-1988b660af9a,ab9c7415-cd56-45ab-9f9f-a17a48894e0e,fa3374c4-b4e4-b69e-453d-05ebbd1cb931
1d2f577b-cf5a-4671-8505-ec890ade00ff,acca12a9-19e3-43a8-8d12-94922912a001,92601a3d-6aec-a58e-4b5e-e6d9888c4528
b933e94f-f6a9-43c6-9d37-6d5c2f206cce,bf190bc5-84aa-44ad-8769-2914654c4844,30389a1a-3c4a-3769-3257-1067bf857b7c
a48bff92-2fc8-4af9-8f02-9fea24d41830,bbe8a1af-6f0d-4153-ae11-c58162c7c6a1,609527cc-ecb8-a5cf-b1fb-8e0915f813cb
144788af-4d95-4298-9d93-cd11e3b6805e,bca5ec8c-77cc-420d-88f7-5b430e6cbb20,98d2eeaf-1a54-5fda-66a2-7bf5423dd392
05c6ceac-2d1d-4448-b504-2c4701349c37,bc63242f-b1e4-475c-a3a1-a9a6fc0657d6,4650ccb0-9ce3-4a5e-e17e-e0d1cf7a2ee1
0db9ce48-80fd-4d5e-9743-df0dc2f2bed3,bb9bc21d-d858-4b0f-9f7e-544621ffd7eb,10ed3021-278b-9c37-ba82-aed46ca569fa
8ca986f6-adfd-4a39-aaf6-6e0ca7e8d4bb,d504fd9c-ae34-41da-81bb-f1354433b364,26d047e7-e126-ad84-c078-e0aa8263f52b
f56280a1-49bb-4cd3-bee0-608b8dd23eb0,d2cc6128-d67f-4f62-8fb8-8fb1bfe04646,112f3e71-eda0-6a58-ebf4-03dd1e73d974
0b610455-ef67-4d00-8f10-c7a206ad6cdc,d7a8058d-b318-4fda-be0f-5002bd681595,c2a7b055-0c92-279d-269e-c681c2c2e408
9956d26a-d34f-4407-ad2b-79c242eaf870,d8ee1951-0ffb-49c1-973a-196499e003f2,765d333b-67a2-5162-3540-d3aa4085e6d8
45a6c103-0eef-4a27-8c12-277e5cda33f7,e6c388e6-6981-4556-8496-bf9d2424c8f8,f60c3687-9c4d-3a56-d663-4747606f85a1
f6f9a0cc-3ef7-46d0-95a0-891be3613cf4,ee8a09ba-68dc-4043-950c-972bdd5914f9,4a6d4e51-1301-2b3d-bc5a-a10c76f3460d
90c30542-6892-4e35-8d4d-3ea2d5bc9ad8,f7b7e2d3-7c48-413b-83c4-e716459dbf2e,47bd561f-8615-f265-370a-dba6b3165180
f5020e48-bc5e-423f-877c-c4d9a46e0a9c,f5a0dd53-566c-4658-9b05-ff5c2d0b7916,d41a1488-5167-28d3-098c-adef91cc79d3
5cada1e7-dcaa-4bd5-8ff3-83f1805c6fdf,f5442598-6e91-c05d-1f10-71044501ea0b,94c73657-7a48-636f-a1b5-a825a61bbb97
f50bd752-c60d-49d3-8570-d9aa886dd1fb,f79d84af-673f-43b8-bbb3-819942ff4eca,b920a8d1-61df-44f5-83c8-d8d130f8ffbc
cfb64645-4f86-4647-b92b-2f6f3be073ef,b3f33d7b-e8ab-46c3-824f-97ec57b100b8,fd42da23-7b89-2cde-4c49-9c44315feb2f
96648b35-5f4d-41ca-a63f-fca4d721a3c9,0b93690a-2c6a-4fdb-bcd9-8b12cad309eb,45769a0b-dd12-e683-ac87-84bf1e8f96dc
14927310-b977-44b4-83d9-f662c8c597f5,a3cfadb5-4901-4860-b6fd-2f99aca99f4a,56f6bf2f-83d2-ac5d-ce75-aba02fdda40c
be531ddf-9004-457a-a8d7-af4dcb22596e,fdd30ef7-e4cf-416a-8db2-c914ef812dc2,a7c95264-d73b-b4a9-455a-405298c9d70d
be2d08b8-7dc2-42e5-8403-f26814907f37,fe44eabe-807e-42b4-9d66-a79938eebf92,4d02934c-c531-322a-6dad-730ec233bcea
8dd167ec-a588-42d4-9205-2e961bc58b92,2f0821f1-bd5d-4787-b151-1238647ad446,2f20b901-2c3e-c6af-a048-a1240180e7e7
90ac6d3d-9917-4160-be13-46aa0956805f,ada69734-abe9-4f58-acaf-7ba03b162f84,f1e87b72-5736-ef3e-0f95-eab7e774f655
baaacc2f-897b-457d-98cd-340ea9bb8d94,d6ff77f4-b8f4-4120-a7cc-e508e4258ab0,dae51067-9304-748b-142c-2f35521b79b9
61785be2-2c6c-414b-a994-6ccbc61b211f,3f37b9d2-0997-4ff9-b8b1-486304923651,c71946a5-8309-a420-f226-67838b6386d8
ea23a05b-0605-45a6-97a9-03ed9c7e843a,e9653755-e218-4db8-84ba-bef1335e1fbd,3e01473f-975a-f207-1a5e-b5d697ddb8b1
a187e725-ca89-4a04-8405-a288da3fd7ca,65dfb099-a628-73e8-ab50-af721726e91b,df529241-baf8-5a30-c617-8f25751a666e
21cd598a-a52d-4cac-8362-7017ce30ce32,88ff2eb0-f412-4777-a6aa-880e61f6006b,45237c72-5688-1036-070e-516bfe3022cd
9294446d-4a91-4491-ae5c-2a01d478fc8c,12c291e2-8c54-4a11-ba19-9fe107e3b834,91014abb-7b58-5ee3-fb8d-e9931ed6cd2b
d1119299-ad43-482d-9a88-f1c02534a8d9,36d4ef94-987a-4d4b-8c30-f03320c3ccd3,c0ceca17-2cfd-78d8-2892-5287caae9348
7ad0b048-c735-4665-86f4-657ae76dfd0d,36d88c2c-68aa-43e0-97f6-4b6c597924f3,dd3fc12d-cba3-afa3-4d49-ec845a48bba6
415a9643-0050-409a-bc73-9e45375b9c88,969f87a9-8f84-4ef0-aa37-2b0f43ff38a5,418e7c86-2d79-a093-535c-b5b11b31e9c2
82765682-d317-4783-865e-f2dbfee66741,99c28018-e3d1-434e-b263-c06a88d72e53,882d0a55-c541-de9a-f8b9-be55b2bd534d
c93db63a-4902-407b-86b7-741751f08ebe,a133df9e-0b8c-4642-976c-5b24384119b6,c37568bc-89bf-5a04-db0f-65cef991cf7f
c990563b-f23e-49d7-9fe2-ad90a171e409,a1bb6778-744b-4620-92c7-61abf16db218,7e7cf9e5-1def-0531-48e7-fb68e91c28ca
b478020f-806f-49c9-be9d-367ac9bcdcaf,f25edd05-cf3a-4227-804a-5244afa4f7cb,42a83f0e-ab42-2acc-2a7f-5699acce5436
b80b4390-a9c7-42e2-b1cf-35354e83bebd,f24ddb69-be04-439d-b50a-5dfeef52d2db,a2935b2d-b807-d265-f048-4085a64c4789
22941638-2ce7-4f36-b2e3-7f3b8e4e113a,fe243046-07fd-409b-8d2b-7ec7b8f4ce57,998f7ab9-e637-318b-0cea-dcaf2be71a3e
ae780387-fc89-43b4-a63d-5a0d55c71588,fe2a94e3-711c-4c99-bffc-794c3b9568e9,7fd22186-f9f3-2222-0775-c94bd44e4dff
af947d5d-ca0b-4fd1-84db-32182143d2e5,006b162e-9aa4-4af1-95e3-98bbf0978fcd,0fcb4ff8-1889-e944-145a-3ebfaf92a906
de476554-a36d-4bcb-a87c-670ba753f67d,00d3dd32-bf7f-1794-2f68-f6421ee854e5,e86a662a-9b7a-f391-712b-c052a148eeb4
e561ff83-2bb7-4a88-8b35-f4ee9184e9ed,026b6309-61c7-47e7-977a-9f893cec9fe7,9a76d886-ca98-ce23-a8b9-8fb7925ea0a1
2448a7c7-314d-41f3-a1f0-9776849ded2f,02513a42-4f49-43ac-8bca-6d3f20c02be8,8e2573ab-98a3-66e8-68db-961cbd2b1bb1
35d20608-d9d9-4001-b0b8-3e1f55b32069,01a7deaa-e68c-e197-ff3b-b023c64645f8,888c37bb-a49e-625c-f706-0f15cc88ce5c
f83a95ff-7ee5-4464-9398-047d71325c5a,063c5d85-3b4a-7ce2-31aa-a481ac6bbe6c,5cbb5ca7-f693-c37d-b824-4926720eb1d4
904fcd61-caaa-4cb8-8bc4-068b4d0f8072,05d0ac05-fbd5-4ea0-9322-1afc6dedef51,5efea48d-f16e-b877-d46a-d2151edac0c8
82dc85c1-7c45-483b-827e-2fdea741aaa8,07606ca2-2f1f-43cb-8ec9-14f776fc765f,0fec6f36-0338-50f8-5544-abcfe6798803
5f556cec-9e91-4e97-b3d1-afee23773873,0492e624-6a5a-4ecb-95bb-bf749aaa2837,4c509d12-ded5-1187-6dfc-53048d5e580b
ad271628-2d54-4049-8803-4a39d67dd41c,073b2a2b-cc4f-46fe-b986-a679dcb5e8fe,32966973-11b8-7266-f70d-08695b89814c
57601a54-975e-482a-9469-73f2c8662c96,06523aae-0397-4d05-9355-bd42b69f4de5,66068f90-41e5-7ff1-d38e-e6e21766a3f2
9cb78b1f-7d70-448d-b147-2ca7030c265d,0f83c02c-8705-9b4a-d897-f9dcf3bbd036,f10e0a58-d429-6a03-1550-3a3093e28797
630493fb-6775-4eea-ba93-b5ea7369fecf,19b5d4dc-9400-41dc-9a7f-2bea6194f501,7ab5c288-9487-5b9c-6361-87f8f7ea29c2
3738ead9-3ed7-43c8-a3c9-f3d4a8a71767,1960d3b9-ba89-c84c-0f71-32b26a6f7f91,21058bd6-2563-f26c-2885-c349879e0082
1cebc059-c142-4364-b3c1-bc2cfd572022,1b1fb73b-a5c1-4fcb-9aa6-1224af44166c,281e041b-203b-318a-46b4-7760c5cd8240
4b680136-5663-457f-a90e-7004ec531d20,22cbf8f6-ab95-4305-a6be-43383f55ea19,27d3f739-dd5a-4a89-af9c-8a43a539439e
22cb08b6-3e3e-46fc-b275-a7cb5e5bfac4,23202e7a-87a2-4c72-bd39-e92dbeb099eb,a8562e88-0746-8eff-ca5d-dc7593d95786
d555e675-f17b-4b05-8da1-6a7d71e97a19,270ce2d5-badc-4dd1-8e47-844a5ca00084,0021b0ef-d753-b162-1174-7076a8e6340e
90c5bca3-7998-4ec7-9a44-3a967675e150,38a91f6b-0b83-4fb8-85c3-47be05cff181,beda318d-f719-097e-1fb4-b378edb35778
0d720750-ffae-40dc-958f-9e4c6cdf1917,38bc0e4c-a2ee-0d1a-7649-a29aa9607901,252adf54-06d5-4c2f-5222-ed2b45ad26a2
a4a3fef1-0504-4be3-895a-a4117415c80d,399ba572-7568-47d5-92a3-a64ac64126b1,1821e648-100f-aa6a-4cae-6b19090a1e5f
e647e060-4b1d-49e6-8b6f-1c51e634fbe7,36db26f5-c7e0-4c6f-9177-d565aefb5993,8f36969b-9e1d-da7f-d9f2-6dbf5a38e048
0cca8cef-5098-42a2-ae05-a72e756c5c06,482bf430-4e81-4289-85d2-98b9222bbfcd,d23ded04-bb0e-662b-9e97-a863a22eb567
79eeabee-1ac0-4a62-873b-b7e518b50f12,46fc0837-370d-75d7-3d0f-734b256652c8,95e7e651-fe22-7c12-71d4-6464a5975eaa
37d1c722-7a6f-471e-9add-59d9404c33c8,483abb4f-7b7d-42a4-aec9-f951aae7585b,c7adbeb6-7966-6ba2-bc2a-054b49862c9f
1217155e-fe4c-4c2f-97b9-c3a5502e48d9,54df3d97-0001-462a-9118-d46b8f7d529a,4b96862d-2a07-54a9-232d-5960f1b69a7e
718f85e8-49ee-4cc6-a065-17f234138590,5a3a4dc5-a668-ef6e-93c0-4338a18e817c,1109bf20-5d23-8107-72c6-582b50b7acde
40935f94-ab3b-4afd-86fe-7fce3d53f33c,57efc1bc-f784-4975-9eaf-dbcd1a0965d6,26eba194-7c2d-a861-dd4c-c5561f61d7ba
e07a7a11-d78a-43ba-b0ed-60fbe19921ac,620bbab3-487a-47c3-a855-dc3230d18ec6,b51b6a77-d148-5be8-c6ef-8a1e431b3d49
4790529a-1576-4b1b-b932-388a870a536e,35785152-8b5a-4cb3-8c00-e6aee960305d,a2a81194-7718-051f-baa4-9dc4291ce04d
a7a96e18-87fd-478c-9254-b0d7561458b9,043dc09a-5fc8-4edf-8329-26a2f6aea3b0,a2a81194-7718-051f-baa4-9dc4291ce04d
b6e1bf5a-0ff1-4f57-889a-77b9fd9a6403,20acb509-2620-4568-81a5-b86f0ef7d108,a2a81194-7718-051f-baa4-9dc4291ce04d
a208845e-9546-423b-a32d-743bb66fc40a,21784592-2e3f-4c5d-9435-bb3f575570dd,a2a81194-7718-051f-baa4-9dc4291ce04d
1cc94c98-0e20-44d9-9156-eb2698abed4f,21626b76-ccab-4f9b-aca1-70a7bf64cc3c,a2a81194-7718-051f-baa4-9dc4291ce04d
45d89811-58a3-4153-b36b-d7647106f27c,616e22a8-ffd8-4420-014b-57eca5595d74,32f63c9f-2b8f-6272-693a-8df90e36e254
810475bb-d3fd-4af3-8d05-de43846ca097,6674527d-75fd-317a-046a-2bd93346b719,a5a89a75-874a-7ae0-670a-89a97055c6f9
96fc38e4-9d29-4758-bd71-4f6f90a989d5,6aa1b89f-14e7-d4e7-d8cc-ad0f9621da8a,a9b5e963-b4e5-d799-66cd-da8cff26743a
9e467f3d-6b41-4598-900f-93147402e282,686b9379-ba3d-87dc-9e0b-ba078ca762f2,7d4798c7-f2c8-e774-f471-58097f3a0b45
4cdb9810-0f32-43c7-8a5b-1c12060cc9a1,6f369395-0f9f-5339-f126-dafa33f1a731,0c802f69-fee2-3606-2a2f-12a92899bd70
bccd7689-fcd8-47b6-8139-41953851d17b,6ad3001f-3499-4162-ac7d-3efa4bf55883,0f66b394-83f9-caa3-b774-1d96f4c5ad7f
82b872d7-f8aa-4e68-b0fb-23cefe5fe51e,6c1d2632-6ae6-4c34-b583-6b0478bbfd7a,7683bd0e-d8ad-38cb-809d-cc55ef705a43
6fc22162-37ca-444d-9f28-d24e6b537684,9400a7d0-a008-4464-9b3f-c6586a438aab,a2a81194-7718-051f-baa4-9dc4291ce04d
f4220446-9eb5-4c1a-a0e4-ca7b4fd86130,fcfa72f2-a759-4e06-9c65-6dbf8f4df611,a2a81194-7718-051f-baa4-9dc4291ce04d
a830c319-539c-4d13-995f-fd7949044e87,94830392-ca36-4efc-814e-692f5a0ce709,f56886f3-5873-0299-ab0b-6e3385445fad
4f745ad1-c5ac-4b2d-bf34-b96f1408ef03,fc1d7bb4-c1f8-454e-8601-38a8facc0eb5,a2a81194-7718-051f-baa4-9dc4291ce04d
f34bf017-82c0-4f84-ac80-fa77d0250ad5,fb74034e-b0bd-433d-b331-fa6b448abbc2,a2a81194-7718-051f-baa4-9dc4291ce04d
b848b6bd-28af-4054-bb38-3e0b3e397d80,6bbd85c0-85ab-0550-f5af-e9d8cfc47d2b,5ade6c3c-7f9d-fd8c-7a3b-205181a0d550
4122bbaa-82d5-49cd-a3b0-feca09a3aad6,6b6d98ff-5128-4bc4-9467-8f79039787de,c448610f-a940-0bf9-decb-fffa10799045
af5f97fe-5280-41d1-8a9c-9877e90a93ba,6ccc0d85-d432-4c1e-b7e9-e5d20d4100ae,2caedec9-fa60-b0fc-cb40-c3c707c641a4
911a70d7-550e-494e-b3c9-87c973615879,6c74898c-1ee8-434e-b9bd-39b9237b7db9,4bc9c10e-7e87-5d65-99c7-722316bde55c
f02be370-eeb3-462c-b209-5ad45b2e42cb,745e1016-d694-0562-7ed5-f54d6ecf1d8f,b43f24b4-5cca-660d-0ed9-87d6c3da4ace
c0497aaf-b281-47b1-9c45-51d631395f83,7a036435-d5d2-055f-0acc-2dcb25ee425b,3fad8d02-9700-fd66-1ddd-3e54e13fff1d
a06ab395-4266-47fd-9828-ee58e3019ab1,7b53e1a4-2a0f-40ae-9517-c4d57ad91ead,f30a8cca-5e58-d99a-bb0d-1f3c55b34176
d4630a68-1d2b-451c-9e1f-78734c7553b6,7b212a62-5739-934b-86b6-eea527e90ff7,d437118e-95f4-7f67-d4d0-19f724ec44d2
e87603c9-13fb-40e1-ac1c-4c0b73e394df,7f3d3e23-3440-42bb-8b74-e455906fdfa0,5658e9a1-14e9-944c-575d-d8270153874d
b1abb833-e029-4dbd-85c6-75695402d7b2,80c469b7-a7c3-4cd2-ace1-d285ab661a64,b869e055-87c3-5873-d929-cab09b9e9e9a
37af8fc3-4010-491d-a662-89a9fdb5ba66,7cd3aafd-d303-4679-92d4-db2fee673bbe,19ee3ac8-9bc2-f3d1-fb02-e025c74d9d94
f48a32f1-3722-4da5-b19a-f77e26bd148c,7d06bd00-2386-7a04-0e39-23b4037fac2b,3b2db5f1-3884-dee4-0a60-0b272d0e65b3
f24a67bc-ade6-4bb9-9c88-edac51ac83c9,7fce2368-4290-403a-9dd2-d3520a200fbe,b1ad4680-6e25-ad9f-9ada-d938f6bddfdd
0116f3b5-18d8-4099-8354-0402b17c0376,810358f4-0ba3-46e7-8a1a-f0cd272cc7e1,ac281d9c-a29f-749f-ab63-3228f376b3a7
826556b1-6a1e-49ea-9a8f-04d742a5add4,81d40968-4759-a599-e118-904202dd019b,7e632d88-91be-ab92-05dc-bb5c87fc2261
3e01ec32-98b1-4269-93a3-85e45630d60c,8399c2c0-7c96-8a07-2b3a-dd20074024ee,c9211550-33f0-90b4-b96f-3f8f60515f5a
0305b7ee-eb7f-4720-bc50-6b6bca3d34c2,823c23dd-703d-89ad-1c26-b74c0984abda,eaec91fd-e052-4a4f-f229-dfd3f4c3b305
59e52573-8db4-42ef-bbe1-04af61e132ed,880732d1-9a6f-46ba-8d25-d73864ad230b,e035d2b4-b20f-f645-3795-eecd7c52efc2
6bdc05ae-53f5-4c88-919c-2c4ccff7137f,9a58300f-34f3-4d51-8f64-3f62e8b114a6,53b3aec9-ba41-95a9-c89e-c9f38bfdda28
fb79fc7e-c669-42b4-8c11-6e59535969b5,9beb9f82-ac94-46ef-9382-0c63ce83c296,66cb83fe-07de-fdf4-488f-8829b9296a8c
ba543c68-6b31-4ee0-9fc3-8d480fc8a5d2,9d184094-477a-4876-b05f-750eef2f0023,acf68f5f-ef06-b01b-8cd9-51778fb807a2
ed2d39c0-da3e-4bf8-92b0-973f8fd6ae75,a0b7ccbe-f2e6-4d78-88f6-10bdd8eade26,192c7a6e-5925-6cf3-f742-5b614862b631
50275983-c41b-4913-a0ae-ad663fc28a02,a41aa784-c387-42bd-8aae-6cf1babba24b,9c1603f2-e4fa-4d0a-5ad3-ee3c85ba584c
102ba62f-20b3-4e41-8d8d-8ab5ae162378,a7de498f-5083-7a4b-58c6-8fda0f3f359b,0776f6be-8dd8-666f-e8c4-b2fb43b306f8
a2ac4344-089f-4128-9de7-3d33113e0318,aad29db7-93ab-458e-8e0a-1a1132e13006,d71ba3af-c246-c6a0-ed92-6121bec96823
1d052730-e927-4887-b19e-e9805c1dad5d,a9778840-bb1e-6874-7b55-f9ebc4cc7b9a,c2a6e02e-1b5d-ffbc-4e35-0b1b7809d4d0
d223f29e-30a4-4e96-a723-9dd1da01cd87,a9c06bc1-b328-643c-dd9f-85bcd5bc7af1,e3a618c9-0cd2-ff15-6301-b97ea98e3009
2ab5a805-3455-4f27-941b-ff8d1a47066d,a7b27627-d566-6b19-5970-54b7f85ee5f7,f85f709c-4300-9b4e-e6ae-66e341a7ad57
6962ba02-461d-493c-ab8c-ebc51c141eb0,adbacf3f-a986-6489-4270-02236f2fc39d,cf4300fd-160f-32a1-b5eb-c9b9709c7a39
c5a2d691-43ea-43ca-b48f-6b5edca2da2c,ac759b2e-96c3-9595-d111-dc32b0b5963e,b0695c90-14ed-8a56-76d8-3f1a067fea5a
9c0a9691-e4b9-48b9-ba1e-59e9e1385d7b,adbaea61-d2b2-4cf0-a4c1-c6bcab2b5752,9d418c4c-8af2-e83f-18c5-677b4d9664c4
b0854605-042c-4797-b3ed-fd839da35e13,ade89935-3148-4ce0-9c27-99447b9374c0,a12d4446-6733-d56a-70dd-a739dd28d615
c6d446d5-05b7-4e9f-93a4-5d4b97138771,b1ebca68-24ed-4779-82d6-d4a12a4b01f9,2deb6148-f51c-3a39-8627-76ab86d18e1b
15e42ab0-bd29-4f29-9530-829b5577f804,b99d96f0-7e97-48a3-b587-b58b37f895fc,7d5fe475-5017-8388-7324-7761c4dd7b7a
b958ad8b-73f1-43c2-8ca6-8c7d479967f1,b49101fb-84dd-441b-a73a-6c2956b7d916,fea009c4-bfa2-0c0d-2a7b-dafd17dc52e9
450e8189-e377-484d-8ff6-490fe9c7f051,c51ef431-37cf-1957-d81c-fe1986547ee6,b8cba607-a337-1b68-c6a9-5c2250bd45ab
2a79a2a8-fe86-40e7-8dde-79acac985765,bffc7ba4-05f3-4579-99fe-861e6beb1579,0fa8ad71-70b7-6877-0dc7-03d84d04f34c
1310b154-9cc1-4e5d-815b-88e7ac8b0caa,ca50bfe7-e12f-434f-8311-13f7be36aaea,a63f5880-ce74-4563-b0af-d9605a4ad69c
cf5d3993-bf1c-48ac-aec6-16e8d9a85f92,c99c79d6-8837-cd20-27bd-08f079c88c88,36d3ffe8-bd05-1727-668b-cf50dabc5cb9
bbc53d2a-3843-4bb0-86be-6f7e80051a73,ca7bd602-7bcd-1f1a-644d-04b46d837401,2485f19f-4992-d126-c46c-f60eb1c082a2
99fc3831-adee-4663-8a8a-c1f9e6c3ef64,cd587f90-cd11-4f58-abb8-cfc865768f49,1d7c70d2-fd8e-751f-0a8e-97314b223b33
ae356790-4f95-4978-9330-689b8e6b58c6,cdad1449-d836-aad2-b1ee-bebf54e48633,c6849187-a7e1-123d-a15d-80400d988f03
1fce9b3c-a442-4b12-8a1a-fff6af85b5f4,d68e83ec-1587-481d-be54-31c1a88fb57d,c2266753-21ae-71fe-ef42-43a2d1e608fb
5dcccacc-09d9-42d1-9193-d50a2b9c4f44,d4a27a00-9cc5-4af6-a687-041cc3a68b68,ae9f86f4-6c94-c801-5cc8-ff2051a09f3b
25b3f83f-a668-4dc1-8a58-25fa621cd859,d5ef9e52-c987-8e9f-6dba-3a5448846e9a,f6cdb7de-12de-517e-0ae4-7e46439b4454
499d6953-cebd-4743-97c7-d5fa0412c18e,d2ba6679-9d93-02c4-caf9-a0510e0b9a14,814fe4f3-de27-8574-e9e8-e4690d21846f
15ea1fe5-5e7d-426d-850f-a12b2a54bc69,d73539eb-1669-55bf-43d2-8d593e939ffb,ed70f77b-a2af-a63a-c8d5-e369684228da
b5dad167-e3dd-42ba-81b5-492a395d1d7f,da69088f-3c61-b3b3-d16e-11598c1ec23a,44c08ead-453d-9ff1-7392-c39f9ad2de4b
180b4965-18ef-460d-a4a9-8bec07a796bb,d6def186-6387-4da2-bcf7-c406a8a9e2ff,621704b4-c266-5973-14d4-872f95ab70f7
9181bfcf-25d7-4b10-9579-3db974c8350a,da9c711c-fb2a-421e-8fa7-9b72813eed8e,f8182a6c-5699-c7f0-cef9-b5affd93098d
f65de4ae-0041-46a1-9af4-759d8d9831e6,e77fc4f0-34b6-41d6-a056-31b4eb3d2205,9e2dc6f9-ce83-c9ed-39e0-cff7fb95b848
af55e1d1-a236-449c-8f35-7d24890c327e,e5a413e4-84a7-5adf-ee06-83b0b64510ee,5c554b18-390a-b5df-de74-4aa823a34cc0
5a4315fc-c9e6-481c-8849-081201305b3d,e56921a1-bd4b-5cdf-e188-f91c5f3a3499,57d9f6b0-544b-b50a-4bd6-08fbedbd3197
b096c88a-d8f6-4fb5-80ff-3b65b61914f2,e82a2720-04cb-4a37-98e9-c53e511f5847,a2d58df7-413b-007b-3cb5-7051cfbb4abd
baa37bf2-600c-40c8-8f8a-ca6e767be6c5,e22afcb6-60a0-cd6b-b01a-7b8f894a8070,779d35ec-831e-f163-9202-a7e9e0e3a865
7f21495c-167b-4d48-a4c5-a78de3d4f33e,e8501301-126d-4613-af08-a5c915cd4bea,5332283a-72f9-81d4-203d-d6bc17110b61
0c4e0e5c-be11-462d-aca1-873a1a614102,ecdda53f-7cad-9c26-6352-3d425f2f170d,846c05a4-8d80-69cc-e193-7ee4e6a4e7f1
07f2893e-c7c5-4616-b551-82d7d0bab454,eab41a3d-7a41-c52b-e480-18327fe2d4a3,7e0c7850-8653-e935-5255-4206ef7a3c5b
a07abb29-7492-4885-b42d-adb812e2fcf5,e92a5195-8476-6c7c-1baf-2a278fa637a7,bc7359f6-577e-b1df-7479-d462eae9e562
47c2f704-686c-44e4-a341-72d8ed424c7d,e9a0044f-f1de-4d0b-0169-1dcd3b9dc539,4812aa5d-909e-9ccf-7c8d-6bc365ca7e7e
af943974-60c6-439c-a191-a13c9bae17df,f0f4bda6-365d-49d7-a946-a5b2c23ee0c4,b28a3b20-5f49-f631-cecc-e8331db6dd2a
9e44b521-a768-41f8-8cf4-2d2e5951d843,3e6d5344-7c4e-0527-ffff-8d54e76d5749,5d7086ec-6a10-4e9a-20a5-e3ed0049dff0
9094dcbe-a225-4258-b18f-42fa76459e96,a0e8e9b9-cd67-47a3-9759-139233d5a7eb,a2a81194-7718-051f-baa4-9dc4291ce04d
dc17869c-7e00-44d9-8055-b587a17ce412,03e7bb7a-1f8f-0e53-f66f-d76dded00691,e38ffedd-4839-e6cd-4159-e16daa6d617c
39a86fe8-9051-44a4-a909-318f064ccc1b,0ae84218-86a1-40ec-ae87-c095dbeea90b,661d4584-6e17-f921-f0de-0f28cf8955a8
1a77c12e-bda1-432a-850e-77ab1426bb87,0c221799-bc4b-4bdc-a30e-68ed3211fd4a,b5efce26-288e-18d7-9d2c-b249ba3fcd9e
616fa751-d258-4c9d-9ee6-d546913502b1,08188951-8c38-4436-b0d8-e21a969a32e0,910f8f4f-866f-8865-f80d-c2bef4395914
c61eb7fb-d9dc-4381-85ed-d74f88196e85,07e6f4e6-55c4-426b-af58-2dc2c345876c,ba5000e3-d180-32b7-3698-8ef7c1878611
528c55d9-a4c8-4406-95c9-d51d9dc2529c,5c7be472-4ef8-6123-f0e9-98ad59fd540f,78bd6d8d-a570-127f-5906-06785fe2570a
8293d479-c59c-4c6c-8d7e-24f34f386a96,fe941cb2-95d7-45a2-8b01-a00419deb19a,5853a61b-c872-6dde-da64-94d1c900ec17
0535034e-7253-4d92-98b0-89bea64b5167,fe3fbe06-ec2d-457e-a39d-ace78e92f7ed,a684612d-f2e7-7ffa-6765-c9d62b04183e
77a95342-2f8e-4815-924c-a168a0b9b398,0e968de1-5e04-485d-8fc2-dbba81c39ba9,3c26fc3f-85b8-780b-a341-a2441671920e
e5259136-503d-4be2-af3a-72cf5658a352,dec2a372-af78-456f-b010-611bcac196cb,97543900-c0e6-18b7-8f6b-bba2167359d5
7b02eda3-95e9-4d29-9cdb-63cd2e09fa42,f7823228-ee2b-405f-b49f-d009e08676cc,f43952aa-8767-d866-4cec-4e9929b23cff
18d1457f-ce85-4fa3-ad89-cf49d23684b8,f81ad394-5aa2-f57a-9ea7-05dd363c8145,c2e17587-715f-effa-a344-9f56b8aa8a90
f02b06e2-b95e-4533-bc01-873968004bf9,e0e56510-f0f1-410e-bf8a-eff442fb8e45,01c21691-c96a-2a26-5d19-ccd3bcc5cad5
8bd9818d-e85a-4738-b922-09033a62d067,76234bb7-94c5-840f-56d6-07cacf23281d,58f777a8-d595-6153-e8d4-c2faaf0d49a3
21f93bad-fb6c-4f75-98a1-1dae32ece384,5048623f-63ec-4db2-b46a-a46eee8a7635,ae7d2d11-72ae-8b6f-0800-62e7b873547a
61c85fdf-dbee-41a8-a005-11a3a23f65bd,8bc036dd-26f7-4743-9d95-d2bd57b19e90,ae7d2d11-72ae-8b6f-0800-62e7b873547a
72830bef-7da5-453b-ad55-31011530c115,91867815-beb4-4640-90ae-53521ff03e1a,30a107ca-9459-50c2-ee61-0f57ebfb6a43
a23cb02f-154d-43f5-8a2e-efed81b60136,77bc03eb-64d6-4c86-ac3f-ce084f6643a1,564f79dd-49af-8d2c-fc7a-57d25a456954
77dfffb9-6f6c-46f1-835e-e9304bc61a0a,fd2a633e-8f38-480e-89df-d96b596a0407,39553a8e-0c37-b6fe-d21b-70f28346d406
8dba2ead-14e5-4ffc-b96c-5aa10aceb0e6,3238b03d-e578-4ce4-9373-9d0ac4c5ebc4,5203f5cf-099e-3a3c-94f6-483dc6a8eec4
3a635024-d72a-4ea7-b3e7-2de559e78d3b,64d963fc-851f-4238-aae1-25b06ba04e9f,f4de761f-8fd5-dd0c-4bc2-396b566f6d6b
5b88d8b9-c83d-4e1a-8ea8-a32924d2f323,e93af9c9-45d3-402a-b750-ed12ff7b4506,5e8512bd-f610-b294-e350-51d08d69bed9
25efc69b-cc1b-4198-ad43-dab1f3a5669a,e359798c-1553-4c1e-860c-c9fcf21180f2,a1bcde61-0771-0b64-1cf9-2d0e14436d55
b71b1578-81e5-4aec-81f8-6ead1ba5c462,0e690617-6f02-4f43-b010-27e246a32672,1b1b9eb1-7803-11d3-bdf0-00108302ead1
af4be3e5-fbf4-4699-8d89-8b2658aef36c,1060b8ea-5100-4d3f-b577-c9fbf6868de4,398a1814-877b-f95c-6e3e-bf98166c02e0
cf8d22f1-b9ec-44ab-b495-cd4d3b4deb25,52096cd7-7649-46b8-8b42-6e96148ff532,71747778-a9bb-c85a-319b-0b521fe4ef7c
a20daf85-2f08-4afa-b69e-93a6319379ac,f0bbe4bb-207a-4689-b24b-0234b40309b4,0a7ef732-b7e3-2c85-8701-c721eaf9bfc1
acdba5de-5a54-42c4-b098-fca79947f440,aee2f833-0865-4622-9039-4ef18693e8a4,9edf2640-d3ee-b531-3b9b-360cd5ff4e01
d6479ca7-8d75-4c1a-90ac-573c554acabc,fea93369-22b7-4920-ae2f-9b14295936cc,d228e304-2e41-a25c-8c6a-722c3880d519
5c4ce95a-2eb3-4493-bb76-1aa16de4c606,6eb8450e-17ba-4dd4-8c8b-1bfe945f5c7d,66bdae8a-b91e-1cf9-745e-03ea11f9d8dd
75bde1cb-a26f-4afe-9693-108e21768af0,862e71ea-cbdf-63ef-cd20-cc42c5b3736c,9b4b906f-18ec-9cd8-0d91-a7bfc8d82ce6
efd3c5c2-59d9-4001-8669-06d391198c4e,4dd13113-da1a-40bb-b6eb-11b60ab99a20,6bca449e-bbbb-2c0d-4ea3-6bcf2ef17a08
1dbb96e1-b8d1-446f-bb9e-fc49059da318,1646cd50-d305-432b-a91d-7539f0a49dbd,230e2612-0dab-033c-2496-c76680605061
393fd8ef-c010-4c66-a8fe-6e7831401f84,962a285f-06dd-4c7d-b0a7-0d3de2692f6e,3f9ab379-b9d1-0cd0-2aae-f3384fb52fc1
e51aff6d-da4c-4512-8257-c4321385a6d6,355e0f59-32a7-4afe-abe7-c891a20652a7,5b1b6409-04da-416e-e0c1-3d90ebab71f6
4f6d81dd-2233-44b6-bc7f-b7dfab2d142e,ea23b35d-9886-4a97-b9ee-bb6f4776b886,d4c567f6-9caf-09f2-26de-bb186e858d56
5cd59b88-64a1-459c-80fe-22e277eb12b7,f9f32a6a-850c-4de5-a41a-995ba48ecd44,b5b4d080-859d-c568-30e6-d978d66f9679
ceb932c4-0ba2-4df1-b1a4-333631dcf26e,00350919-dbef-4687-8ea3-5c62967019c0,b5569e51-ab64-5302-e364-4e7201a705b8
4cf25fbe-e6ce-4ded-8ca0-5bf0d5775ffb,5be260c2-f0e8-45a4-8a86-d5a15fa7534e,34cf982d-5c3f-71d3-817e-08342ea537db
65746994-934d-4ea7-af65-d9b6bb9263c7,6e6c5af5-1c3b-4b47-b734-9bc87c9536a2,e65ef7d2-7e8f-5cc0-4ae5-ddfbeb1b4eac
be82049e-8f34-47eb-b2fd-f7fffb287c78,5a490da2-83f8-468e-a524-f7c523f32fe1,4ab7a0f8-16d1-f1c0-f705-d816fe772751
2bb52fd8-8fe3-41de-b818-4ab69d752f5f,c43a9813-8f45-418a-94e9-e16f6ac3bb4a,ca2ea598-ee14-266b-6997-47ecd6f5d8f0
8afd2292-e602-4f16-9185-c1075117eb2a,67a86fbc-a229-4e3f-a19a-d93732ecaa01,66627bf6-2366-6b84-b484-e0e2f2b2bf2f
be8f69a1-ccb1-4113-8535-30b06db0bbc4,81163c7a-ffcd-40e4-b966-ecb5732d4eaa,73167838-b836-4e71-5a99-7d8013fe7465
ed85fc5e-24fd-4ffc-8d12-0ff5b6c42b96,f0dd8663-65d7-4fe7-91ee-5edef8c407cc,a44911ee-cd56-f358-fec9-c084a7119c6a
f3af4e1b-e461-4221-9945-cef4abbc1ed9,5887fb4a-9bf4-4d5c-afaa-81255fb7e17e,026508ce-0114-2d7c-38d5-ae7fbc10e194
e8eaed51-1dbf-4d1e-956e-52a39b7cf4dc,3074425b-cf61-4696-9a12-b70a3bea23c6,83184436-d45b-6b57-b269-5f19459582e0
d8ee066c-de36-4816-971d-071a79ea694e,351e5fff-6acd-4f9e-8425-8140c16f9ddf,9f39945e-e3f2-9f67-31d9-7dd18cba2633
e902ec75-1c85-47ad-b16e-a3f1f094546b,10b3a340-9930-4cdd-b63e-8fb67332b52a,097b1a35-df07-85ff-e22b-3c5632037b57
2947b185-83c2-41e3-a0f6-ef323729bf5f,6346d3d3-d090-410d-8d27-bd5d011be2a9,e3b32524-f5eb-6d05-9143-1561c01f8aae
18b3c1d5-b202-4c2d-82ec-aee78a99a451,fa351f5e-b5a9-4ec8-b75b-b467c11a655e,1867e72e-2300-f5f4-eaca-c872133e0363
6f302299-6621-44ad-a630-4245e7274d68,3a04e0a4-089f-4d52-b936-401cdf7e24d6,0cc8b1e2-5a85-e235-e88d-2d7378487d63
e1e492bf-7b6b-4f92-892b-28677751365a,e8ede248-71e3-4d86-94af-dae63ff6c51a,c21b21b4-d97e-338f-5d85-26ab930ef1a4
2d95c8fc-1af2-43cd-9128-98be492beb3e,4a1424ef-d039-4fa9-a0be-3d8cd99c076c,eec3e5b4-2907-1334-6757-f0adc7c4dafe
dd27d2eb-eaea-4fb6-a667-a4578f570128,900837a6-d998-4e53-992a-43ba1a2fbbea,03e2589e-ecd9-c67b-938f-2e44cc87d215
c40368fc-0285-4dd4-8fc6-4f5fc41d0c9f,8caa7983-025b-4525-84e4-e1392fb61daf,1c7d74d5-4938-b4c3-1256-ca10b125f1a6
0d785c77-0ea0-40a5-af0a-defd9e8c3f7d,14b784b2-bb52-467a-aafb-d4620e3a88a4,fdc14957-abc2-f55d-cb69-9356a0ad812e
7b8919fe-c580-4764-bbba-c2d2f628e8b9,a119de8a-f458-40df-ac08-cac53672894e,f9cfbd03-8fd5-0219-f8b4-5366f3a2b184
5dd8dccb-6274-4dfa-b5ed-a778b985a09b,63190a12-b0e7-4193-8231-cdb46622dcb3,a3960c77-0507-96f6-9b0a-9c5e99a9db20
570e4d36-7542-402e-a1cb-27761338545c,789b14b4-8d0e-460d-bfd3-c43ea008a2f5,ae503906-a3af-5b51-7662-a2192b83dd5a
51de5978-9836-4a45-b278-3722b8f10b6d,1f195857-c003-4142-a885-240bf3065ec4,489edbc8-2ebf-5ca4-a089-bcadad51005c
e47c2aec-832e-414b-9bcb-916072e3cb18,c44214be-1fc6-44cd-8b19-861805990591,9d0ecdcd-26eb-6e7b-0cb8-b84907a4d0e2
7d8f8d4f-c937-40f3-9cbc-427b7609173a,94e9de3e-a62f-4449-b767-88195eb2a9d4,db444cca-e517-9be3-4743-a434eabf9ed0
f998ec4f-84d2-4537-a9a0-1fdc6b8b0b3b,d5df60fc-800c-4446-9825-59373d61662f,02f79b4b-eaa7-2099-57bf-d77ad172fd4c
7deed23d-262f-4b20-967e-48a13fb3ce20,62994821-15d3-480a-99d2-0131a5113f90,42fcd3e6-0397-9049-1879-574ca71173c0
e8be11e9-dfea-4994-9089-6c73ed751e0c,67eab93f-48b2-4a4d-8096-c22f2d99e80c,b83529c3-8d70-4c4f-ad7b-b56e1f82f729
57c0408e-18c6-4eb5-b618-e2a2cfcb3f18,7ecb7feb-09a2-42aa-ba32-5dbddc3d5c3e,fd753553-b595-ef84-12d7-7367c21d7a26
ff4f832f-e993-41d6-ad59-ee0d1d69f2c9,ed9432db-e254-4f23-98a4-7b61923ff42d,c5f59ab7-013e-1769-cdb2-5cf2c3001cd2
64832f77-e66d-4f53-b291-86283738c518,5c1c8e63-19b5-44da-a45e-832c88ceba94,ac9c0382-c033-0a5f-16b1-4af6464ef017
8e4cb18f-1cab-4fb4-b0f9-082d1d212bb9,643a5824-fba5-4bac-b9c4-a796688986c5,6128fd0e-8bed-21c7-edb9-c007f57738ab
9a004b9d-082b-4841-9ad1-541d350bfb30,41ae84c3-7a21-444f-88e3-86eebf7bda3d,2556dc84-528f-7d1a-4608-8eeb74787497
c05ac781-07aa-453f-9ebf-3c1cdc879079,4ec860ba-66ce-448f-b753-5c5cd94e5b99,44a48130-c062-a85a-e646-533288d89686
64304140-b08b-4d72-96a2-da0ac5be8462,5da9fb70-2766-4383-a45e-9d6258b93dfa,1a1711f7-8b24-5cbf-8fcc-e65b5a781313
ae10752f-9432-458c-8dd9-9a94286fabf2,88ad7575-de51-4d53-8061-c9d0326b9e60,47f332fe-bcdb-f91f-24c7-08b7629be496
1dc2286c-ddc3-44c3-b5ea-c5ff0848e853,9bb4220e-d33f-4800-8509-78dcd5f9edb9,a346be4a-8a24-4f40-d338-a746d8d48a39
a42524da-86e9-42de-92c3-1c11d3ab434b,cfe9f6ff-8dcf-498e-8321-96c1d146053d,4ebcc5ed-bcd8-788d-c582-140a5d158ebd
eb37c65d-674d-4bce-b4bb-a7ea911c2bf1,fb401b4a-c16f-4172-b01a-e8a2c46f6283,38351362-bd09-ac8b-3315-670d20b98fb0
83c65f29-3ac4-42d4-87d8-91018573d883,ee3fd373-63c6-4518-8c0d-2049f821c3cd,e99f75ab-97b0-0d46-1975-aaed527400a3
878a5828-d469-4d79-afcd-956c254c3cfd,b628724e-54b9-4973-8745-fd4610af8727,0bad3adf-925e-7e2c-aa53-0e08d94cf3f4
de8fc6dd-b4be-44ff-9144-51d130de0fa2,731375a6-2e32-4f39-8730-6c6881cf2729,e9fd814d-9643-23cf-8dfa-09c814c52611
5d9d8e9e-14f3-4cad-96ad-c8552df239f3,ee07908d-cf18-40ee-9de0-172df6406b78,ffdf15a1-a093-5ea3-8660-d126e8662554
b84e87ad-d3c2-4d61-b90e-83993d0892ad,85d6f49b-db48-40b9-8736-70aed315a195,8120f22c-02f3-bfb7-5216-9f20f1d3f82b
5c80cfd4-60e8-4b3c-970d-889b5815ded3,51692833-d5f0-4b8c-8501-c9e564caf80d,8434da49-4354-3621-e0d8-f37a0d67d16b
c297911e-fe7b-4764-8a67-69c37048c166,57b05a1c-5869-4b7c-8855-9571d6e3f45c,193ee971-547e-d3fa-eb52-abceea073ba4
1ca2823c-4287-40cc-9fd0-d71b97413509,1138c6b6-dfcc-408f-9361-63ebdeea15be,793b5127-9973-7ad9-47b4-4c3d7207d252
b9609567-9d41-461e-a223-5c37bf49a91c,7410a8ff-d530-4d6e-89ec-6a3252da77fe,76f230d7-9d48-cb9f-929c-0356cb02b5f8
2374f427-ef35-4e66-854b-31223f047eca,f90311c3-571f-49c0-9754-869a88b5a0b6,a6611df5-e6d2-e13b-4d52-38cb32effbdf
bcc1a988-62f0-46de-9b14-1f709c20c2d9,fc0df031-c601-4003-a199-37cd0253a008,7175e1c5-ae19-0fd3-287f-65558b8cff6e
c2224c19-43dc-4351-b08d-5972ee005c2d,46c5699f-0a54-4073-b34f-36a0a6687c1f,851cc922-0636-8ad7-efba-2f1f4643f801
11f8ed9b-3d72-4d94-8bfd-a0eadfb03c72,7642b17b-e563-41fa-8087-c341847a4ff1,35617813-01d8-57c3-4742-1c8baf6382b3
5ff57168-512f-4c8c-8398-c458a11d4b94,b8932478-59ac-4bb9-8099-17bc13bdd5bc,b0c2a160-5dcd-5b9c-34fe-d153fc915f84
e89313c5-2063-4ea3-9e35-394cdadb6b32,5ddc506c-d7b9-4001-ba49-830b30e9656d,91cae194-4878-b16a-6db3-849bfac14ecf
5b75fa84-7601-4629-8a83-129b965f50da,13f1866a-963a-445c-82a3-adbbd45f9775,712705af-7391-d467-beaa-d155e7df1b81
3c109939-82dc-442e-8f8d-69dc65e9e990,b769412a-a540-406e-b0a9-92bd2d72ac16,30d9c57c-deae-84d8-a52c-0fea6cf1d198
936f48de-926b-4564-beaf-5b0759f71cee,a8b81c75-a364-48b7-a0bc-6c0d609f6afb,17c3cf55-a9b7-7d00-6410-1587ced2d46d
fef00475-7721-456d-8b29-13e6d3ac82d9,52466ef1-19a2-4e6f-8c22-776d2657ea05,0307e545-db2a-8b18-25b2-f6c67655c14b
d3642f97-d408-4139-80a9-5c601d6a7ae4,cb650cca-dcac-4fd5-8df2-01274d115290,1fd4d28a-6150-5a77-2ca7-af4d5aeb38b3
4a9af3c5-a9c9-4e54-93eb-d011c3357b35,d3443140-7fa2-4365-b02e-9dbf3e252625,311bb723-b2c3-e614-2ba3-19389c7bcdc1
87303026-68ad-4789-b356-7149a42d8b1a,35661533-f203-4210-8ad1-3e78041f0134,0c6e9325-caf3-3b83-c4ff-1d9dd9b577b3
b48e1f54-aad0-449b-92fb-116d2f1e6335,27026f4a-9747-4a72-911e-de4dcb56c0cb,593694b4-42ce-4dbb-7ff3-f04da4f0e1b4
81724f98-e30f-46e5-8d05-f22fa22aa399,ed2272ed-7bde-4971-9511-a9b14f7793e9,415d522e-a0cf-1156-8d61-5a389609a866
01696a23-a330-4a8e-9652-c805637690d1,23626841-6bea-4b5c-a3eb-8289865d69a5,515f954f-18e9-70c3-8dec-c0fabaac607f
ab7e1e3b-fa21-4cbc-b856-35b4a52f7063,1cf5e720-b4b3-454b-80ce-75e3a0ff7442,0bbf2a3f-87f2-60ea-88f0-3364d43e52bb
00c81ade-c1e0-45ea-95ec-522e3d231d8f,d1ffb7e3-d087-4e05-a84f-96f4b07e2594,c93ccc56-c893-921e-6506-096b6f497346
2806be8b-b283-41e6-bf74-c5b8e19edcbb,78b98734-51f9-4727-8ee1-41c70604aeb5,a857a413-a189-5296-f12d-9b5e1998aeff
8578ddcb-b68e-42fb-a497-7421c9745b64,d291b85e-5adc-4e2d-92f3-a02204e55188,b01cdd60-9e17-db1a-dbbe-9a1dc433f87c
12e6c506-e30d-4111-958f-6add5f62d8f1,47c52a16-fbed-4c93-8cbf-19b358068e83,d43a7fc1-b9af-4169-4c2f-5a4a10033339
b85ff198-01b5-406f-a388-981ab902098e,1de546ad-7bcf-4b67-b5db-f954a4c22f0f,367a1b97-1212-7a18-5494-d2f3e3d9ddbc
7fe2a5f5-0971-4bd3-b8d9-e71277fd6362,0f6c8f0e-f07d-486f-a5a2-30fae1fa297b,5e3ad290-ade9-3508-2dc6-2455d0322117
a53f43f0-59c6-44bd-9315-7b3d3cb4bfa9,37936fa8-dbfb-4c62-a7cb-795e0a9434bf,caee1236-e183-2313-4025-fa0eea7e0239
629f2186-e7fe-493d-90ef-b3eff97ed7fa,2441597f-9de3-4c45-8aff-fdb010906c7e,cb8390ec-9629-66b5-29d2-42b6f6278701
c0a66b4f-55d0-4bfb-928b-e0fb9d312653,af708dbf-e7dd-43b5-8fe5-ca45c4bb20ac,ce3c4758-389c-ac4c-9a2d-dbdbd4311065
c6d2c80f-f5d4-4e51-b9a0-47a47ca08347,06bbec06-75fe-4150-9ac7-04642811a5ea,24f5de1c-a9ae-75bf-a481-effa605eece9
1e2abf7a-1ac3-4deb-ae96-d33d4f6a1017,ccd74793-4bb6-4342-b611-c057964dba5b,5638fdf9-ed26-ecc0-ed6b-64807add81b0
97f0dd7e-acec-41c4-b186-924f3cc74bdf,508267a5-46af-4201-bb8d-d0bdc040daac,0203ef08-1fc0-930e-63a6-221e242c9f8e
cf8c3dcb-0cee-4278-990e-e715e932b693,ff44fdea-f8a7-4d47-a953-8d389a06d0db,686156e7-6aea-3bb1-546d-0c611119a9d9
5622f927-8267-4511-bc09-5485e718ba9f,017d7826-3a6e-4784-b40f-40170bebe5f1,816402bc-c072-97ff-6441-bef768ac6828
1bb8834d-20ce-4699-a41f-1dfac97facee,b389fdcf-fcb7-423b-b962-ed50d88fb0e6,3c64cc4a-1037-69c9-0ffa-6a4ea289243c
f0b5b49e-42da-4555-a184-265171069b29,eeee68ff-4087-42a4-bcb2-2a188e87b716,41a0719a-e29a-4bcf-41ca-4d3195aaa735
273edf32-2c7f-40a5-b7ee-26e369acb5b6,cd561dff-bfe1-41e8-a6e3-16336df2925a,cc1d9553-1240-b824-5972-e5c20ff2ecde
ca5cba7a-075a-4beb-b3b8-4e96bae9b833,cba5561d-b015-416e-ae31-a07cf05934a1,5bb8fd24-11d5-660c-9595-6563b79eda99
22bc522c-797d-4f42-9154-89798dd280d6,3604de49-6f45-4191-93e6-7d57db8f2156,5b529dfd-e67e-046e-8f2e-13fa1e46698f
cc6dd23f-585f-4357-a152-5866d283d182,698f62b9-30e1-4dd7-901f-fe3c14650b6d,365b3c9c-95c4-6abf-e001-7aee12d4b5fa
21b22458-6fe9-4d75-ba2f-700d238e9736,f9b272ef-683c-4907-b0e8-7a129fb528ff,84f1e05d-2f10-4a3e-39da-b78533ce6470
acbf01db-7b6f-485b-80ec-4cf2f2c3439d,d610a9e0-1bb3-4fb7-a3bc-095d6fcce85d,c7e6d776-3be8-e679-2abb-bd836d1da705
16f18729-2bdc-41c2-8165-3e30a981977b,7e074220-eb6f-4b97-8bf9-e7d24c15229d,a3d7e8f6-eecb-8b60-587e-627679e3b47e
a85cd6e6-cd34-44c1-b906-ad737b3db3ad,131e4274-83bb-4749-9b0a-1f6c31c0f00f,c61fac75-c345-c67f-743f-3e62685ccea2
83e3a154-8d30-4508-a0a8-0df5ff97d058,fe92f5c7-c392-4e54-90fa-11f78b48258e,5203f5cf-099e-3a3c-94f6-483dc6a8eec4
579240d9-b19f-4845-8fc6-d7e1e609394b,c6f9b5fa-6731-420c-a16e-f56ebdbcd257,856ccbf3-da8b-537d-8af3-4db529c1fddd
05a2701d-af41-4395-99a9-8266517c59e2,663d2a31-079b-48b8-9578-f51b5d814547,b8bd9b7a-e300-2a3d-d7c2-fdc255302e5d
79696de0-4145-4754-b2c9-836a4158d842,1badd9bb-9160-4459-8698-0fcb7f89719e,fe4fa48f-d2aa-d960-f8d2-8722e86b6301
a15ffea6-676c-447e-ba12-47a481104223,41940a79-d23c-42cb-81e1-7755d3036cfc,68efb186-c2c2-61cf-c31c-300b019640c7
4b40990b-a0a1-4e32-87d8-0e27ba005e71,336e3417-cb41-490f-bc2d-c4036d5fd3d0,97ac0748-97c7-c503-a0f8-919fdf412272
2f3ba564-c65a-40c5-acc2-5c623b9e05be,b7056aa5-e50a-4c0f-8561-ef4f8e309255,da77746d-4d33-3a5e-6983-dfdbf1765442
b75b8619-885c-46bb-8e70-322d83164e31,dba54427-66b5-4f78-b5fd-58a956281142,7e893a66-0e75-7948-ae41-ceb8321fb377
0c215798-c456-4eb0-baf9-52a6e2ecd56d,42dbd40a-148e-4fad-950b-0bb6cb47f0ff,649197b7-77a2-d72b-11d0-df9906486d92
9f3e87e1-792d-4766-8fbd-d8256dabb1b6,6213242b-96dd-48c7-8be0-fbf6bf308e80,1325a132-e47f-ed8f-6ff2-34808251bf7e
919f7f2a-aaf8-4a63-b942-dbc83ce25771,6d148020-cee3-4db9-92db-7af25da94871,c4ffe707-01a2-2a2f-b6be-2333be503cf3
3ac82479-1e02-4c2e-ae09-cad5d4676870,a9a940d7-3e08-40db-ba6d-b5f73da99339,3bcd86c1-74dc-980c-b92e-83c3286f3fb3
9fd19a12-3269-41ef-a8e0-41f60e786e5b,bbab5c10-09f0-4a8f-b173-dd92a8b01f20,ace37151-ed13-faa4-13d6-96d937269cf9
783270ff-4eec-4905-84e3-773c97008100,2a39b6f9-26e0-4ecc-952c-de074569fab4,9cd1a387-fb8e-4956-8cd4-34772b8d8bfe
b16dfa41-09f4-40c9-9e7c-185d232b47a1,3b526b87-8ca1-406d-91ce-1dda02c0febc,a51863eb-faa0-0e2d-15dc-b1df8730d41e
8d4089f3-676b-42b0-81b8-41fc9c19a85e,f8ba43f8-d8fa-4929-b9ab-8824fa120669,f8cbd703-6f66-0abd-2eac-53a014090baf
fb237a2e-2e6f-4331-b13b-07b060cb8f21,f052c138-72fc-4f03-b061-e1a3b60c16f9,2380aa82-b91d-0ef1-8db0-95c227b9bccd
3fb60574-0dca-4715-beae-2c945b3dfad0,9b414546-e7b8-4046-9cb5-1e0210edd386,9904469e-efde-ea9f-14c7-5c086ea4dc24
3485229c-2fab-47cd-876a-52fab38b0300,4c10e7c2-1a8a-4c51-9217-fbe1db5df597,4d594a48-054a-1abf-e465-e3f1811f1da9
5e117927-b7c6-4b9c-869b-3afbea1f03e2,d591ebc9-7497-460a-b396-bdd65b958f9a,6d1a95e3-d0b2-8108-fa14-a7e693f68fe0
55a8dd6e-116b-4a18-901e-319e416a4f0c,b37405f1-7e3a-4c47-86a1-5a55f6cd51aa,35467e15-e86a-1764-6c79-3511bb47b8a2
69ad6ea7-4952-4b54-a161-0ffd3f839a95,429b066c-4a7d-4dd0-a165-59e62f169b01,fbe20dab-57e7-9862-c2a5-ffff38aac8f1
33d77d6a-ac72-4c62-9783-0be1fa43426c,fe10719a-4c42-41fc-baef-3b1a898a4535,4f1e180d-dafb-cc90-25b8-a1196e107610
056b6980-d5d4-4c5e-b711-8d57741bdf13,f45e968b-a54e-4634-9c9d-2e7d73b2be75,efc4a2af-8fa9-cb74-db03-b11bc6f76461
63b2d6aa-95c0-45d7-ba8e-5809e28f73b6,f9e36793-8fa5-4609-9bd4-4e94dac303e5,4b87da4e-a64a-ee60-4450-e1086b041ef0
e9b77fd9-d9b9-479c-9398-344897bf90cb,120b713b-337a-4f7e-835f-f0479e84a6c4,18c57624-ef59-8b8c-4d9a-fe8e9f99c73f
9e56add6-b88f-467b-bcd4-5053a2b4ee94,8af3bdcc-6404-45cc-95b3-ad734adb7c00,c11ab2d4-b8cb-27dd-47d2-8b8f3f8853e4
48fd4131-fbe5-48f4-9792-6e0ade4ef1aa,9106166d-1418-4ed2-aca6-3d1259bfb30f,1d482103-436e-7a14-0530-d659a6461c74
b4f84c9e-46c9-4372-9701-943e14350fee,d82b9ce9-678c-4090-b905-2b3ee7756250,b4f9bf23-c798-e4f4-dad9-b032673fa92d
98c841b2-d2f0-4759-a455-8973412ecbe6,5748a6c9-7dd3-41c8-935b-70a345e29cb8,e93bece6-390b-11d8-0431-9e813717c8b2
211b28f5-600e-41eb-8b21-3ca4ea8feed5,fffbb494-0cdd-4d93-abd7-dedcb72c540a,4f1e180d-dafb-cc90-25b8-a1196e107610
3bc0e42a-9a01-44dc-b1da-3df64a2b85b4,87850dd0-f1ce-4a28-b331-7ee8dee4ffa7,1df7ee67-8484-e02c-2f7e-6bdc655fd8f4
22d9777d-9bb9-467d-9fdb-66f6d32ee931,c3514c15-6456-48ff-8319-ecb253ecb9dd,406b982c-36c8-19fa-c7a4-7ef57b78c5ca
4cb2577e-1796-4f22-8335-6d145904630b,529123d4-d5d7-45d9-954d-113ac66b3a4e,f56500d2-cb62-2adc-86b0-b5e915eda177
05a67027-4d56-4523-a80e-8c49ad410c60,7a5d4645-cdba-4533-a15f-ee3696331d08,a4db34b9-b7cc-d800-c678-c23b49bc7a84
818e8946-21c8-4c96-ba92-9b86ee40e712,b6b89d35-7e3f-4b9f-9302-0b384a051f94,85bd2866-7a10-af3c-d92c-ba3d215b1f05
dd927247-4773-424d-8454-f89a418434fe,08cb109d-690b-43da-889c-74c4d466b141,eb28b366-97fe-5efc-2850-593832afb4b9
30a00bc9-c04c-42da-a197-a4a93cc08545,94ecceaf-90b1-4f78-95dd-00f8ad14b147,0f00014c-bc15-0d1a-0224-c2717797596a
0598f08a-4504-444f-abb2-c624fdbff2e7,133cf979-09c3-42c4-a46e-3993183f5790,8ff50e4b-808e-1d84-15a7-ccf3248f282f
7761bccc-a2ee-4f69-9afb-2f154bd21ca8,8c680c95-0e55-49c7-a6fb-f1ec8ea3fe6a,ea8e549b-dcfa-ce0c-ae17-d3fab281fcf9
ec60c265-a2c5-4116-98fb-576be5c5b32b,7fdbd6fa-07a1-4ac2-8393-9c19718adbb2,aaedcfd7-be44-3b32-9f60-c561e6d66055
e43a95d9-9819-472e-869c-6ffe23eb92cd,a2841550-b324-4966-a828-ac812b01a4af,d29f28dc-40c7-ea29-7d4b-6c9fab43d3f0
413bd606-4003-402f-a919-6a940fc80f00,8b858850-696f-4990-b8cb-a01530efcfc8,80e5cac9-62bc-5a97-b87c-c60370f87b50
bd368268-8238-4903-b89d-95d9376f6c44,6a4dfeec-0a88-476e-96f4-50331ce41584,086df47d-34d4-bf98-d7a8-415b6370b32e
7dcbd2e2-f652-44b5-ae56-2277a363c38e,fda0fd52-9a6d-471b-b556-d1e4e2279594,3204d66f-7892-4f5f-0397-c923f0e975ac
9949e9c5-402f-49ef-bbc1-cffbe7a05206,02800781-7e88-41d7-a460-56bdf5d7bac1,1e0bdb40-9446-ea76-06be-c826f0b32fd0
b3fb74d6-e8a6-4833-9834-c0be7609a32d,8eea13aa-50de-40b1-96b9-bc1ae2f573b1,fcbc3e5f-bba6-43d7-9c52-fa6d858d95f2
5344c95c-9b1e-421f-be79-d01e3cf86cee,68a203cd-a26c-4ae3-9ed2-5bf6e053999f,32e74ac1-a104-945f-d76d-638403300fda
fcaacc62-c87d-4c7c-9802-2d8c1f53169c,ce4e6514-8526-4ac0-9d8f-1f3bd71a7ac8,0918c30c-0984-d063-797e-23ca14cbd8d1
d56ef108-8d52-4ce5-bc83-4198121f6f5b,d1cb5e92-fb0e-42ba-96c4-6ba9681dc83c,b7981eb4-13fd-4aa5-c6fb-cb153a6dde00
a3d182c8-db0a-49b4-b3f4-6c58d5fce080,0e66fb1c-521c-4eb4-97ba-808a75d8295a,a86dc48f-9e36-74c0-3558-f42ed06da93a
ee7c2eda-4726-4c30-be9d-2186e34dcea3,21b60f9d-d211-4367-a235-7f01f47c1814,c4a8ddfc-1e1e-5fcd-0928-ccfd31d1b084
c5c77f33-2f36-44ae-be96-9050efb55c00,4297842c-3740-466e-936c-736dd04f7fa0,fdac49af-5d91-619c-bfea-44cc4db993a9
3e8b44d2-8a66-4a9a-8618-808145962f0e,3da65965-888b-43ed-884c-eaa7b821a5ce,1d329d53-0d5b-7e57-1609-8a8a39712f31
1e563b10-4531-4799-90e1-bce83a97e404,5cd3ff05-6ba4-429d-82bf-903d67a56ed6,20dce32c-e982-ab07-f4f7-df1bdafe75d0
036f8858-f04d-4e5d-8f89-59b23700d675,8850b329-7725-4029-8e9a-95fff02b5053,a88a9231-8c72-b384-d07f-3441f64c4887
1b5b2cec-f799-4efe-a8b4-b53210fc8b74,09701c38-0e6d-463c-800e-0d69728bce01,af889ea4-0711-a669-5498-2094db922b21
7c949e48-8678-4e7d-9995-2fd4343b9721,13c21403-7de8-4cb3-a66b-46df241e9fc9,4a99c1d1-9b83-68cf-45a0-da1d95737030
729545dc-6024-42e8-b3b9-ed2849218852,ebf90991-7c07-4ae9-b44a-0cd8a223b69f,f69142a0-68f8-eca1-42b6-65db00913c18
8160cd24-ab5e-438b-95c6-80e742975c1f,62b1b87a-719a-4684-bf12-7690491fca57,c8460e0f-1e5c-3729-0a69-d95a575b1a41
509ee379-5e37-4593-a822-0700a8a19ae2,b363c3c0-0fc6-49e7-83fc-1d9784e7530a,0570820f-5ace-9ffe-e35e-a814a6a4c577
ac6120df-2b72-4ea6-bb19-5b9fa1df8ec9,f8149aff-5265-4bf4-970b-7c8890e6be44,791f713f-b975-4793-76df-5dc3ac7a209b
1fc41452-3e96-410b-a12f-2efda2c32762,5bfc640f-58a4-4da4-afd3-67e455ef82eb,52d673fe-5fa3-417d-b1bc-0b2d06562f28
a525b490-94e8-43ee-a40e-eabd9ad2bcf9,56cf200a-efa4-436c-8048-156d11e5c8bc,ae804ee1-3d9b-631d-65de-81b335113ded
03f16ed7-ee13-4145-9352-3ec6757a0143,771bae10-36b5-467e-a8db-c766ad1cef1f,9280241a-48ce-eac0-fde7-a9f2f3029008
a296b960-d866-4983-b492-4101b7416a97,f9891f10-e399-4150-9be6-a2d7afa5595e,38e09763-2e53-08a1-6240-03fad363b4cd
6abcffd8-ee45-45fa-88b8-2f0fbf3cf65c,fb7514da-bcea-4aef-ad3c-fc4ad2ef6cc3,87431f78-7dc4-39d6-7c53-00f33efb4a06
7a947487-269f-4205-bf29-5007b3f465d5,44a2d92a-81d6-405d-8585-b68f3594b6a5,545006a6-97af-893f-3b57-247120e16b41
37bd4e67-e594-4a3f-b4f5-688b212099aa,ba4f55a6-b22c-4228-8c56-c8660c9e82b1,30a107ca-9459-50c2-ee61-0f57ebfb6a43
6eaa8b8f-d6bb-402e-baa1-fb8e7909b8bf,8d80138d-c6f0-42ee-a4d6-6a691fef2e52,c0eb0bc8-d27c-9aa1-a0e6-2787afe73569
7cb107f5-bb0a-4a41-9924-afcb1296110b,c519b0e6-6e17-409d-a989-85a12077ab19,6e01d90e-e0ef-9909-a5ac-8ab36f3a51e0
49bcf034-ad23-49d5-aa39-ff036442c5f7,37ac7a11-60a3-4a73-9c85-ec4f1f1b5c32,872dc8dd-c14c-8e9b-95de-4b1dd7e7f08f
46bdf453-19b1-4f6f-a462-fc8cdd547f33,0a01037e-be75-496f-8073-7933ba2cfbdc,184bca36-2a71-95b5-4596-ac3369d37655
af9512c9-71ce-4821-8fec-ba4daf25f820,8958feab-3314-4364-a21e-0f427a957b76,c39f6fcb-5ea3-2907-7482-5453f385ed7d
016c8a34-74ee-451d-9013-806266eb08a4,97b145b7-caf9-4222-98c8-c0a2f36b196b,f7d73830-1900-1755-2478-df6817b89b7b
bcc9c956-a1e8-4662-85bb-691c53558c54,fefb837b-a67d-44c7-9ebc-d458902d10eb,2ad8c91c-6ce7-6995-61d0-c8b084fd32a5
d32f7406-8b6a-4d3f-81af-9f70e1e12c51,538b1a5f-b5aa-4090-840e-f4b05d117d5b,dd104a16-6526-ac4a-2f27-cc62f55b326c
d89c4d7e-ba6c-4baf-8e7f-5b8eb22f99d0,9007bcc5-77f2-4097-b91c-126db7e7ae46,3a2fdca3-2155-6526-79ef-b687f3dede48
a6f96e29-a5fd-4f6b-8bf4-6a7adfd27cc3,a32cf349-d14c-40c4-ba0f-a6d252eb1a52,2a758a57-ade2-0706-9dbe-5b3b54f5c173
3d8f60f4-e3e8-4f8f-9839-73d6c8bca715,4f318266-861c-438a-a701-c38add32c5c1,ad0cff50-632c-de6c-9e3f-64af0a266d0c
8c9bb39e-80c0-4880-bcdc-e5a411de25a8,30bfc3c4-7a61-456c-90f9-bfb095ea3068,1e340eb5-e2e5-61ba-27e7-c9e266661acc
3d5fdec4-5272-4f55-bf51-2b3e290779ef,e332f963-5739-4194-82b9-6f472aa1a023,ae7d2d11-72ae-8b6f-0800-62e7b873547a
84647ec6-2563-4a0d-bddb-d8ea863a97b4,49ffeb1c-0e36-4b02-a85d-d21e58275097,a8333064-2e93-0e71-7c4a-3ab629df6ded
6684603d-c163-440a-83d5-9f93199e3e35,b274acfe-ab17-456f-bada-8461925f751c,c0af2a9e-e6d2-aef2-55f5-5361d9eb51bb
ba567e43-3598-41bc-a394-ac35e6f7caee,8ba7c68c-edf8-499f-840e-7fceb3789caf,f841b439-5d6a-6a0a-7397-161491cbf9b9
a3cb49cf-0a8b-43e1-aa57-6b721a9e3123,ba62fdb3-5986-4320-8c7b-b494f3ce8d30,b4933ec8-9f2b-c626-e0c3-9910874737c3
d8f0fa42-cca1-4568-9815-51c8cd95f379,adf3361e-5c9b-413f-93ce-4bd67f8dc477,16757a43-59d8-c3af-5116-a56352acae22
ca82cda0-590f-4d68-9e82-fe078744c389,5a82c60b-216f-42d1-819c-0b36ae882901,1039bf05-9b48-74a7-481b-577a230de389
2a698e11-47b2-4c93-87ae-1733072e5ba9,c6998fcb-2e23-45ce-855c-e63e5da7bb75,e1baf670-d567-a0ae-485b-9f49f75bf10a
ba839765-4669-4851-a30d-1fb666490bc2,ace91ec6-7caa-4359-8f99-cdcc9962bf5b,0279e139-20bf-9549-5c4a-4d502796aa48
5ea84acb-12e7-4d83-a061-db112e578981,bc107ad6-2b2f-4d60-a797-c1d6f9b1c033,d3a67e04-b148-ecad-0a6d-897e212c9b79
811b8f0a-56f5-46c8-bb97-699b41f1d5fd,4555c1b2-78b8-4091-a85b-a7557cb55c3a,18862618-0e17-1a44-e895-971de28a9dba
128ccf5c-d203-44f9-8ab2-9b678dd10f5f,caa76b00-a033-49f4-8a56-6c4e4310b5a7,b76fcdcb-64e8-fd8f-6dba-dad365f06f73
d07778df-5f74-4ec1-aef1-3ebabf734485,331acd8c-37b4-408b-86d1-5ee3b63878fb,986c9b7b-0f5c-d4d7-bd86-c1ed7d4fa3aa
096b3041-ad17-4fd6-a187-4c3ccab3fa6f,ff3b876a-a070-408d-baa2-8bfdb87e534a,ace37151-ed13-faa4-13d6-96d937269cf9
417e6655-4219-49e0-9ab3-4c81b306a9a4,aac299fb-beae-455a-b5b8-db32c07edb1a,a7774d6a-59a6-f3c1-205a-9d6c4288370a
0ee0d046-8ab3-4b46-a1ce-095752a2788e,6ff9ce8e-a69e-43c6-8e65-7d283f2ca495,d64d8f2a-8816-0f87-1d7a-b69e879a33a6
338337d4-4d41-4a7d-aa1e-efc3ad24de1c,8ddc2c15-fb28-42c1-aab5-eba1dc435556,b3ee208d-1498-e019-6619-e4405a8e19bc
c48b0995-f8d2-4cca-a052-fa4a5385652a,7b71ac6d-3634-4cce-b0fb-f7e93a96576d,943aadd3-e98e-ca4d-a629-43a5dbc30615
3b6d9d9d-38f6-4050-91a5-6ef356f99e8a,291c0557-bfee-4539-a333-fb6ab206aaf3,33423aca-fa96-6cba-d5d6-419451583495
0d419838-b912-4970-8d87-7499a0868087,4160618e-7353-4b8a-b300-dda66f4cd2ba,17b34f37-7048-fb2e-980b-d6c03b17d860
fd8993cb-45ad-42af-9d2b-d9bfec9cbbaf,57667a3f-192a-4dd9-b5c1-b6d1517140dd,54e85aff-275a-fcc1-2363-7d263e22675b
fc19b155-b19f-4b53-a784-4b5952440283,deed20c5-a364-4972-a08f-91be026bffd6,39aa20e4-d9b6-358e-bac9-d4da15f18510
fc337754-1b8e-49be-be40-3187da4f43d8,0cd6f4df-7da1-4990-9c98-88c6ce027813,b830e12b-17c9-ae55-9f7d-e2f82b8b7c33
03237d87-dda4-4e75-8f06-bbac11325d89,acce8ead-af73-4b4e-9713-ae86c47ab076,fd076666-ca13-97f5-02c4-28d4074b430c
a72e65a3-84eb-4774-9017-393c855181b5,4e3529a6-1029-463b-b877-e3277013377e,0b03c70e-efb5-4729-5959-022e84510995
25e9dd82-77cd-4503-83c0-9db0f9b79db6,86e3d000-30b6-445f-b757-85b1127caa87,070d2cc7-9c0e-dd45-a325-ec43ef4056f3
88bcff78-3369-488a-944d-5218455731fb,c1da9ced-b824-4d0b-9142-0cabc75767b9,8d810969-d800-7124-a556-467cb413e0ea
f2a00b68-0707-43db-b341-47cace43814f,9dba4362-5570-477c-8c36-03be79a2e022,37c9e2fe-3f1d-36d6-180c-57904a60b071
d5bdf995-f5f6-4637-8c55-6a6b8cd60510,4fd9a009-1a50-4d8e-bc6e-f1bb3a3c535e,3bf92836-0c30-8c08-1038-03bf9b361ca0
5a033d9e-6cbe-40ba-a81f-77c32ad7059f,6776bc14-b154-4898-8179-30dfa413899c,0d8a0581-5d45-92c4-33e1-f95a8cf78b3a
1b30bdd2-9e1a-4529-b711-b0c39387d52e,0fc683a5-afa0-4d64-95c3-ce3f3e9f2d86,c4fd18c2-0cda-e68a-71ae-67290e2b18ea
c7e2cfb1-35b8-43f4-9a5f-8d3973a1c17a,4dcf9690-66cd-436c-821f-f19f1b12ce7f,a0e3e0da-1869-ea95-5e16-2f8375a6af2f
0273894c-5d44-4d03-b5ad-31b6375936f1,f3e13970-f4c5-4642-a533-a624c5012bd0,0052a434-9136-370b-24f5-1d327807c0b5
09046458-120e-449c-b37e-ebb526a2cdf9,b4922a4e-4517-401d-932d-94e9c2b441a8,dc49cea9-1d13-7ff5-94c7-0462d9fa6033
1b7f949d-f81d-47b4-872d-08f28f7961f6,e2986e72-e0c1-4484-a441-d7c30f0068c4,f7f9a4b1-6ebf-2884-05f2-af05d42d8b69
22219bac-b247-46d9-92df-e798469f11f0,dcf7d217-7be7-4678-b4f8-a0a68372de6d,8a72c764-2c64-58dd-c4ba-29eb0b9034aa
c2650320-42df-41eb-8905-c8d92c86b40c,0f7d7f79-5746-4449-b38c-1deaee583bce,b301678f-3f52-ecb0-2d75-b8428b7c4936
83815929-8f51-424b-ad51-ea2daae7c70f,8b42ed37-61b2-4294-927a-82cda10c827d,e011ff5c-1ac2-969f-4b93-ea57d95863ef
fb79a472-b725-4988-8b7c-70d729fa3a19,12e1adf7-260c-4899-90a9-7a0f1e76140e,e567a16f-c683-5732-db52-8cee16b75ed3
43988ae7-a756-4bc9-9c54-7b4553acc7ed,4eb4ba72-653f-4a76-bf4d-1310d8b974a6,dc31c341-ed31-e6e9-88d5-f75cf159abf1
398eca4b-5e68-4abe-9416-7ff916b0fd91,0385731e-b265-435a-a701-5e0eb95c62bd,7535e026-0619-379e-dcda-59ba59da44d5
7e56d0bf-27e6-4e82-92b5-2010883f2386,aa0368cd-f76c-432f-86ca-862d8d3dd632,75eaae4a-47a0-1bcf-0066-90862ac90c36
0eb237b3-cd2f-495e-984a-047a608a94e2,7b294b63-4c79-43e6-a58d-d6b2491531b9,3e25387e-f321-47a4-5498-64bb9893660b
888efc1e-664d-4d61-a25c-4999d0c3f573,0cc74ffa-1a72-47c5-b189-d4e31b726212,e233a02f-d2d6-8f33-0795-22a00ac27266
086085af-f8fb-44c0-8e63-6030d2110062,0f609ae4-f05f-4160-ac05-13ddc300e489,7ca5dc0e-7f15-5ac4-aee9-051a1509b8c8
ec0c0690-16a7-48ec-af6b-2fce5d53f3d5,f7454d08-e4c4-4cd7-b859-36de16325d9c,3ff0dda2-3788-449c-50c3-253d31643834
9abdfd8d-5a33-4124-a55a-b504b1578720,76285e8c-d2eb-471c-bf15-39f168923a57,c03c68c7-e582-03d5-74e5-bba33a227868
9183757b-2bb5-4eac-8cbe-f19890e2e008,877faf7e-a4f1-4444-a19e-62f91dfa04a8,173b2b30-34a5-4115-aa1c-33f59f2eb7d9
d622f369-b5b0-4341-8097-1b1673f9f0e3,057bb89b-88cb-4da9-be83-7cb47def89b1,effcd27f-9488-7599-67c0-7afa557fda18
4c4e7d6a-2def-4686-ad82-c7b714d57c48,de1bd016-9fca-44ac-956f-c7201032626b,1ef86ad7-d20a-59b2-ad75-452b575071d4
03d4d4ff-618d-4b41-9c27-7bfc69064dd6,2a96891d-a956-4142-8e3b-da0675f4dc9e,2866a7b9-93b1-dcfb-2887-5941be436a1b
8e90523f-0f69-480a-9095-5faef62cd70b,e770675d-7a25-457f-846d-19865a696553,907c4747-d6c9-a0a4-606b-7d3519f4e254
a329c4a1-617f-4743-a005-28d6f89b05d2,c4d0be0e-14fb-4925-909d-c13e5e4a1468,5d0f1d41-a3f0-fce3-08b3-74117ade58bf
3434be22-784b-4ad7-a878-48038de9dfa9,37869421-8f68-443d-a821-9d36fd62d04d,4080bb6f-ae16-c98b-f152-b4126e52891c
a5ec3784-3017-45f7-a6f7-dd781b49d547,45a5ed68-216c-4cbe-bd88-991ef35e2c31,2716f8f8-0164-1c09-6b4b-b528f61c93d2
23f26cd8-4124-4f88-be8e-5bbdf9d2e502,6ab759eb-6ce5-4a10-bdd8-c9ebe1029eeb,4dde3235-8c5c-895e-9738-225379bc5de9
3be19114-38c5-405e-9209-73897ce816f7,d67e8749-e3ce-449a-bddd-221c227345b6,68af1903-f198-a1f2-c3ef-309090b667ff
42249de2-e90d-4aca-bd09-902e32ef6b18,83202fde-9ef4-437d-a413-a368e90e0734,c69f19ad-fcf5-b846-886a-270382b58b24
ecf240e7-8b4d-4b4b-94eb-4b57bce02cec,c0fb5fba-0077-4615-b547-c8b65313c08b,367dbbcd-561b-380b-4f7b-3679864ea842
f2702add-fd22-415c-8b73-2a2b95a3318e,8222d629-5d4a-4133-8328-5f39c3f51e2b,d165c3ec-0d8a-b95d-4aa3-29e312aebf40
3aa9b85a-faf0-4ccf-8b70-501edd98f1b9,90b6ae33-b081-4ab2-a5d5-96a3bd1e264e,ecdf0c5d-59ed-f252-2817-0951ab81914d
7452cce6-8cf1-4309-af5b-b1ceaf28bc84,62b1af8a-7e1f-4e93-b8f4-4d09f22726c1,9561a7a5-2181-3340-84ef-7f9dcbb75ce9
1ef9763e-93cf-4762-8849-bbaa6a884335,1f4bb0e9-2e65-4a05-9ee1-9b1c1184608c,0cef9695-f359-2861-3a03-8c692e84b250
58ca8175-033d-4eba-8600-e5f32be73c72,1f080c33-e87c-44d2-9279-82f8679812c9,b474f011-25ae-8171-0eb0-aa178b988e73
7c3a8fc6-77a6-4f08-8ee3-16a935198a1c,aa7af880-996b-43d6-861e-f656f931efb0,834406e4-4337-2e6b-b935-3d87e81e3cb4
984bc724-0696-4fd8-afda-8cb2ef6b409f,f7cdb5b0-411a-4954-be27-3f2895a1bd00,85403aaf-14f0-fed4-c4bb-00f5a46723f3
a3382b5b-f4d7-44fc-8264-79cd916fe294,a31cb498-602f-47ca-aa62-f59ce54b9d4b,91f4ae3a-466d-43e5-2fde-09d08aeaeaf2
7febe7f5-08da-4e92-84e5-dd4e7f777329,3d6d7f22-a775-4eba-9dd8-b9c1ad533d66,e6277ac3-9dec-782d-b125-d43eeb45b672
a8f528ef-0065-4cd5-81f4-29903f1f92fb,01c07202-d61a-44bf-b11a-32bbef02f4be,9b00b76a-c8b2-b997-0eda-f16a51b83f8c
0df46ee8-8936-4c5a-a650-74bc45e50daa,7fc69581-8102-4efb-938c-a3f138e0fec0,79a9733b-19c1-c792-8b82-7a20293e6328
5addf2b8-b140-421e-adde-c08a5919b22c,5b140dc4-7ba5-4a07-8fe6-49e736c31806,eafbeedf-6891-d8ec-a1d7-855049bce36c
1c46c979-e4a3-4274-bb4c-06b49d936f81,b32a6ca6-f1cf-4873-b071-764f2efc87c8,d2e26622-ad3f-b743-0585-f2badc5967dc
696aa6bd-e45f-434d-b34b-7ddac99492cf,c9ffbb56-8c64-4bb7-be24-964baf886464,10acf1fc-c133-98f5-f1ca-8935fd5650b4
76432e7e-065b-4824-86c2-f8eed03c5af9,0aa080f0-8795-44e5-be6f-18270b73f03a,66652183-5729-6a1b-56f9-551513b93107
d9533677-f83c-4087-9156-824c6a48177f,9040b903-50b0-470a-af07-a6a57a92e659,625e8570-8336-794b-36c0-380528830d9a
363f4701-bf5f-4855-aaaf-843828c3dc40,745686f0-3cc3-410e-9f6b-10af5bdc1bbe,2c8284a0-8e14-ec77-7ed4-ec20219292b6
23346dc6-105c-45a3-a908-b716e7c05f40,3008354a-4bdb-4f6c-ad42-61f017a85e53,aa0de59f-8cba-3aed-a61e-872829c2c1a4
2b949b3d-236c-42b7-bdd6-89986ead6324,0a3a3037-d3ed-4dfc-90b6-6d861cefc502,87da85ff-0670-ccf0-e0af-1fddf9c8844e
c80a984b-a2b9-492c-a2ff-9ca5b888c6ea,5f3516f3-ed5b-4cdb-ae39-3d1a51d97428,7818169c-63e2-067b-fc4f-6d330bef0f55
5f0c04ae-1d57-48c6-9264-7799a3c16bc1,b06ff85a-db64-4c1b-8a50-cfcb5b7639a3,2ef61a90-4d0c-26b3-af4e-70ecd46e3d62
ade5358a-b625-4ddc-b452-d1d08b7f9958,46eede31-8526-449a-9f54-fac879fb00ee,c16d357b-d8f0-5da0-93d5-639a0a947433
b23e63b4-22cb-47b3-8b9b-38a062291329,09c22c91-cf22-4eeb-b3b9-07ab051e4645,33085bc2-9b53-c682-77c7-d538a7699fdb
e59dfe89-4532-49db-8b87-971f8aebf784,7f99bdd8-b4c7-43fb-8b72-1b38efb1e6a3,ba478b55-7d2f-7599-58c5-d8f57b7266e4
cca319de-c375-433e-a65b-ea5e17aee255,513d0aa6-f315-4afd-9c2b-3ae403b02879,5c64edef-c62e-d597-3b86-6049cae00472
163453bd-14cc-4044-8b15-362d87d64c89,09af1f47-e0b0-4d1f-80e8-0a9844283c55,84520491-9ee1-1ec2-ea56-aacad4bd5287
7a110053-2dd5-4207-9b27-aef1d0b1189e,6bfd78d1-9f15-4e3c-ba09-49cd06f4590e,07c64c20-4f7d-16c4-4359-894a7f296dc8
5a3ac540-a5c3-4b0d-ad00-640344333662,c3c007bb-3ac8-4d89-b43a-88ecbe53f2fa,bbd5988f-05e6-3329-c5eb-e53dc3d96c18
92b24647-c9d7-4231-a096-af695d047018,fa796068-4335-4fe7-8691-53d5a0be43eb,81c528e1-0dbd-037f-a080-8de4eb5dcc74
037b05e3-ed0f-43d4-82c9-762617685bfc,87d8f6d3-f2ce-40be-8c47-52dfdbe8c83a,a8c9c1b6-b431-d6c1-f17f-f7bc4a52e09a
9a1b4f70-3ad5-4a7f-8f25-d44734169eff,d172cb2b-23d5-4458-9253-e624d82c5b7d,65139582-9be6-9627-f891-b91c9c656690
9a60f272-69be-48bc-bf53-f08696577661,404da0d9-0547-4108-8301-3895d1fea21c,9ef17df3-999b-47c1-0c41-d7b3bd3b6cbb
7eaf8da6-0529-4aeb-9af6-538a367a9ea2,525a3109-b987-433b-827f-647359f74939,d1f55379-ec72-a559-690c-f9082060d04e
6408e023-9c66-4dac-be0b-f632d3fcb63a,8d52f311-6024-47c4-838f-2d1775ed7aa3,4275666e-ed08-2d6b-4e7a-3ed9686d7089
d6fadb51-18ff-4247-b42b-5df2c01810af,d49f7e08-ed37-4640-b4ce-069952fb8747,c99c606c-7eaa-4263-3559-6e3b02818a96
1336028c-81aa-449b-b059-4c27de1cbae9,858b2a8d-d256-4ded-88d1-4b28631a67f0,9686bc8f-c4fd-656e-a694-9013cc3d3e97
6fa520ec-29fc-4813-b327-3b459e2019f2,45c46376-811b-4a13-9d92-8451e6734960,cbae8eb3-225f-9b53-fc02-d10a20589c70
f8934755-f3ab-4578-adfb-30e494bdf226,d22c8c30-7a55-46aa-9cb3-f73c2489c3cf,c9c98eaf-88dc-a1c7-63e2-6657d2d0461c
64e28eb1-1239-4f3b-8784-8fb62250ef3c,a8647530-6c65-47d6-b451-9ec7cdb44333,8e64d6d0-3473-6a64-22e1-38e1f6b4750d
6016e367-13e8-4698-89ef-1f2dfdf8d90e,9e25940a-8a78-43a7-8ca8-efadbbfb827f,497fd1ae-0a09-9de2-4ab0-38e6e4a36dc3
d0eb7ee9-2b53-4150-a7aa-0607468a15b1,7f91f814-736c-431f-9f68-fb2bc7050d62,8daef459-d4ee-f46e-750c-2416d1ca0201
d1b2b5bd-8cdf-4505-af95-203309009834,e731a651-576f-45ef-b70e-8ede4643fe99,dfc8255b-f849-841a-f2a4-a7a716c18263
1ffa3c42-af70-4090-8aaa-9b788f20443f,25abd1c0-5e67-4030-8304-912f48f0c76f,e59689eb-dc51-1129-cb59-9d031f148eb2
328010d2-fa41-4957-afa2-c2e419c6558c,7d7e6943-3729-407e-a9df-7a41ce6f7efc,f0f33b57-a225-496f-a3fa-f68f2f6b7580
0d96b552-d3ef-4719-9ed4-f677751ca46c,a7c7e27c-7eb3-40b0-bef9-b90c198e58b5,13ee45fa-df8b-4508-6ba9-dda72a0cc570
c22d2932-2a46-4012-a0bc-5c5b2d52a8ef,75652ded-4339-417d-aa00-e2a0ddae7ffe,3b35996f-cb6c-485c-0adb-06ff1911522e
02646362-227c-4992-938b-8a5cd722fd9b,1a933821-d028-4cd9-b4ff-533d885c50cb,23e5d80d-24a4-85b3-be21-8e266375e1b5
277a00a6-27fc-46c2-b9af-86296a7c4264,08c6e440-656e-45c4-9b2d-a32acaea7ee8,396d56fc-1cc2-0240-c2ca-b5b8ba9126a7
fb144435-2be9-4091-8c5b-259e8b0775e5,5f414bb0-1264-4dc0-b4ce-7e55b481a023,4ca9a963-9be1-3a71-0f13-712e46df38e9
34894f24-6b04-44e9-8444-91920d9068ee,e475a572-c6a7-4b3e-b87f-7cb8b7c43462,7c189690-81f8-f93f-a888-ebb8f5fd7550
8cec7557-df05-4edd-8f6b-9c0e08d5b344,6e1a29bd-ff55-4046-9aae-3402f46cb61c,d7311323-2b4b-4e38-c77f-2bd716b734a4
f34e1993-1995-44aa-b845-8e21c49f1c02,5a07d08f-cb5e-48a4-a035-60f294eef889,707c86a6-f25e-d49b-4f25-a00da322084f
68ff4138-12e2-423f-88b8-2f834704929b,dea209be-cf7a-4b4d-b022-451ce1ad79ea,69b86856-4578-96a4-808b-9ea8260b8437
7f8978c0-7c48-43b0-828f-a207a30cec77,caeef5f8-a349-45e4-8371-7539e318b2c8,bda293f9-a9d2-b5a4-b162-ae39a3c2050b
f2d8fa64-4941-4321-a876-b85c724138f3,45fffcaf-7b35-4156-bca8-42fe67d80717,2a4578b7-bbe6-fd2d-de62-7181c5b6f9dd
23eb144c-0d93-4c97-8a26-ab8d3b35c317,a0d139f0-05bc-4f35-82dc-a5dab59e349b,6a858b10-7dc3-3cd7-1908-3fd0b3632442
410a2def-98ab-4655-afea-7a72da012028,f0a1902e-b363-4609-beaa-f3a5d99640b1,4856809e-5060-96e8-8fef-ffeee3731e1f
ef1cb65b-28d1-47ae-b2e7-2be2f2383604,04ffd58f-ea07-42ec-987e-471572030856,01082781-2000-9cca-07d9-6c9422844dc0
6de54b8e-0e3c-4bdc-90ae-b3ffdbd19557,91ebed30-b9bf-4ad0-8c90-ce6debfc5db1,f9daa20f-cdd8-6ada-d919-adc1a4003c21
942fd3f1-10bf-4363-95cd-1e1950cd1b73,49789f6c-f18f-4562-b318-702cdbf79fab,296df5ab-441a-1ca1-c381-ccee82148a16
0ee27b92-1ca7-4ae0-90d8-bb2e6c5436c1,ba07c3d1-329b-445f-949c-8c4e1ddc68cc,86a3167b-3611-9ea0-e198-e46942903b34
14d0e74d-e3d0-4eee-83fb-2cd1fe2b887d,9d521f8a-40b2-4a12-ba55-085c9f059f96,55bed424-8b49-4d50-b7cd-9ed831cf1431
43001f8a-b670-4ea9-93d5-ac9bec853ffe,3e88e6c2-9eab-49c6-a320-2772bbd77b81,8133ecff-dc75-8861-2666-3a187c165ead
32da05b4-89a0-4449-9c5b-d2adae94aabf,b42d50ce-4d80-43af-bc2b-3a34d54a1589,6931dd5a-08e6-5e9e-cdd0-7ad152493f44
52371c97-cbce-4e33-a92d-9a38fe5ba86f,b0ca4c7d-3696-47fa-b42a-09e600eed908,7577f109-fd80-14e9-2534-445c6afb9843
dd4ee5e3-0d0d-42da-b72f-de80f1a4a4bc,dba30c7a-1e49-470d-bdfb-9fa050fdb7ae,b6d45b72-df33-0b74-5fc1-9d4afcd852e1
eee75113-08a0-4102-a0f3-90fb22dc75f8,e6b09344-52d4-405e-8430-7827593e2296,91bf5771-6513-2270-5d51-edf9f57ad768
86a90e53-c074-4aa9-9ba3-cfdffdfc330f,f9fc8a91-0f52-45f1-9d66-9a3d4a3c1350,d15b51e5-5491-3791-0796-3435ce22225b
0c2cfe17-cb26-47b4-877f-d751a0a0dcec,b62cf000-c826-4080-9960-59c9b0e446bd,c13df4eb-252c-7e01-4542-8c99b2a6fe07
ca042a16-8841-4cac-93c9-c8ebc033e2c0,d3a7c68c-55d8-4218-bdf1-63582c7136d2,1056f7a3-8de6-7c2a-8a62-159c904f5aad
378cfe18-0e71-450d-bb0e-9de11a92d80e,d14597bd-5d20-4172-905c-942394e2e77e,e4d9ac1e-bf5f-3dcf-e1f1-d82f3a955906
88d58f95-aaa6-4138-ad84-77d7b0822a8f,a71da446-64e2-4b78-93e1-77fe86dce8e2,ed66b0b0-e81d-fc1a-5dbf-aef05205a65f
2dc9cafb-3a2a-4f75-a679-04d9f6330150,1726e372-3b3c-454e-9356-32ee44b0c11a,73b181ad-495b-46ce-2a50-da32b9f4684b
4d7c7ba4-c321-4946-9407-71c629bd9065,9e108637-5075-4504-bad5-431676e7d705,a5dcf96f-ddb1-7130-4df4-6cc80d0ff952
7df15403-1b77-4304-99a2-bdcbe0416ea8,3559267d-af85-48a1-8150-ae7792d8bf3b,a7f94767-57cd-a2a5-aa55-23efb32a18bf
62af33d4-abd4-448f-b806-6fe989f77015,1aa38761-2d35-4a9a-892f-71e8b846806b,f00472bc-a813-012f-de43-cf7e1b2c9533
cb942e87-5383-4d45-87c6-3fe11e50c1b9,3b831b9a-7e91-401d-adac-be95e3a18806,d155ee6d-61af-e647-31da-90fefc5b2557
4b25c7c3-2255-4061-9e0d-4957d44a810f,0c938413-647b-40d7-8820-a314861cf474,7f65999d-2a97-7e0d-83e3-a73d4c98d86b
d4548f68-7f12-4155-b59d-648657426d9b,ec15aa89-fbc3-4c20-b0f8-58afc1b99111,a52bd0e8-3092-ea26-1e6a-2765a89171ab
a69d9dfb-d5a3-49a3-a472-016f1ad9b751,9ae174b2-c111-4f9e-8dad-2c66906390c2,8c06a5c2-c659-92f1-5256-391036662f5f
bb6fe9a9-ea0b-41d2-9fd4-7fb2bf89c717,30ab8654-f0a7-4c21-8c2e-8d4b8e9ca321,c17efd61-36b2-82f2-9f14-3aed4ad4293a
78b32702-af5d-483b-96ef-f74607e2e431,476de998-4805-423f-949a-a211b0e34745,4a483c11-a2de-7576-1b36-ce90a0c8833a
72ed2ccc-b71a-46ce-b598-7d24aa37d907,66635d54-680e-4f9b-bfe0-2f78fa382ea0,ee4f9fc4-bcf6-d229-5170-979050c5a415
5f7f1cd3-06df-4769-9c1e-ff4f3b70c7f0,4f4b7a9c-000c-45ec-ba10-26545bcf6392,8d341d27-4a63-aa09-f82c-72d347b63c2f
f67ab05d-c711-482c-9540-8ac9958b0550,deaabe80-c5ea-456d-9101-6f3c38020ed8,c3dd06ee-c386-7c4d-6474-90bfd82af72d
f1305347-0f16-4604-989b-d093a7dc94c0,869db2ce-948c-4a0a-8684-61fa1afe48f3,2c9c2531-caab-1694-59c2-ca60d5abaf83
4d79ceb0-17cc-45ef-b398-b6b28818bada,a4904fc6-bfda-41ba-b2de-1aa03cafa3e3,d77e657d-6759-304e-f66c-f1358df7e99f
cf1669bb-da38-4cff-b0e3-0b5ac3db20cd,b55e4f2a-5eda-40d1-8ac0-0ff3756e054e,fae8fc38-7513-b80a-2f71-4b4e2e81b96e
eee5936a-01ef-44a4-bb69-9118bbedda58,37a27ed6-767e-4020-9961-5effb9883d39,09a9ba18-06e2-6f94-2555-ee0683bf8de1
ffa1295c-ef7c-4d4b-b8bd-fea7d61717b9,b0da2d4a-8f78-4590-8e3c-117e13dcb31e,25c6f62c-72e4-e7c2-241b-ec251b6364f0
13a878db-30ba-4816-9e61-1022f10cad8c,4ab56fbf-063b-419e-8372-7537a0846d75,37602db8-bd72-1534-f77b-5315cb1415a7
e143d7ab-553c-479d-aaf0-1faca4a3c91f,56e0c105-345a-4f04-8fa2-5add622d49cc,bf4b7f20-17a5-c3df-a036-7a2636b56feb
16fc6a8a-a45b-41c1-85f7-8ebbf066400c,b806f80e-e8d4-41f4-80ae-5cbcb36d0c34,fead2974-d39f-efb1-7e44-f97b783e513b
18e22620-9556-4380-b99f-73aa816e3038,bb96448f-3889-48da-a10d-f2ee5d406ce0,8ba53e21-504d-b0e8-23a5-bcafcbe3b09c
ddfb3ad6-1b30-4247-8be3-6007848610d2,03f6ede8-c0d6-4591-8048-c3e10b23003b,96d88244-b80f-3a84-2899-718f701e4c6b
23525e06-9d9f-482c-8aa4-74c26e0691a7,813d33be-8973-447a-8ffe-6df71f335f13,ec3459f9-61fa-2133-8307-e1d93ac80883
64298f27-2e48-47af-b088-e264ab81ad82,a7b876f1-d725-48cf-afdb-a487d29c1314,201d6d56-b54e-6e1b-f32f-991adf276f5b
43dfd543-86aa-402d-bb1f-f1e569fced11,68a9bef5-ae4b-437f-9c95-ff6c29cf8e9e,4d7932a8-27d7-95ae-7b6e-71b924cccf45
9e17f57b-d3c7-487c-bca5-ae83372f6e27,64b1f023-9d3b-4a89-a77d-35adcab6622e,15fda161-70d9-8f14-c60d-5a3ba17c5caa
5ef5e23d-0979-4f3c-93a4-6121b78156f8,64be8c85-4d0e-4b41-8fc5-aa55728c8c98,acc2680f-c757-ba6a-3aa6-883b952e068c
12e09761-f00e-4eae-a13a-c79dbc536b89,9c6a69c8-04cf-4e3e-8959-33162cae982c,dda540cf-97d6-e9ee-9039-d9078431001c
e3c32531-0267-4959-9b20-ab9e63282094,20773ccc-ed8c-4ffe-a415-ada9a4f5adf4,c98427fa-acfa-c7ee-e5bb-3234eee6466d
cb27d305-fda9-40c5-b5f6-2aee77890b6f,ee6fed00-7150-40dc-a4f1-060684c837c3,be717e46-bbd5-9f5d-f903-70e889e39784
79a28d18-2e2b-43de-9cf4-d7e938784841,21152e8e-69b1-4514-9a21-1a83a6294b39,b0855a58-7185-c263-e62d-783889f9c0bf
61cb3235-d21c-4640-a0df-a62b89dedf37,f922eadd-795a-4568-84f7-155d79bf2ab0,fdc14957-abc2-f55d-cb69-9356a0ad812e
b7488d95-f2e0-402c-9963-0b693c0e402e,4abe9b4d-1e64-459f-a89f-36865bc47887,201ebc30-403f-9edf-c333-3425f4ae3982
848da64a-a5d2-4026-b0fe-b7779f7cc199,92c2552d-3799-4d86-977b-d30a3adf0e84,99cf0436-de63-48a0-f5a3-232f2688d9dd
1d28a2a6-0cdc-4d03-89c6-81f7fe20b8b8,093a518b-8496-4a55-a8e1-feefec20492a,9d6542db-4a2a-4abb-3dd3-25e79cdf8239
dc055deb-861a-450d-9c40-9e924613663d,343559cc-711e-4da7-970b-3c0e3c97c30d,f43b1e53-f91c-306d-0702-6c7a9da0ce30
14b698b0-ddb3-4257-bafb-d2f23a1d5b56,d14b0f50-2a9c-406b-a01b-5a8ff323b5fe,947e2cdf-a72b-66a9-a844-a1e740a4cf28
cf1607b1-d3d1-45b1-9611-8c0f0b03c553,700a7a27-6f41-4651-baa9-1647aa8da42f,939f1f7b-bf65-9086-668a-2d7454b47407
f69cac4a-3480-4c7a-9dc1-540dbc85ff0e,09cc4663-d4d3-4e5c-b129-e4287d861768,615bf3bb-8128-dc9e-514c-348c4cbbd4c5
fc69dc7b-6ae0-42f8-b7ad-0732aba7bb5c,1bc9a241-cea5-4f37-8277-38a7ff9646b2,8d364e7e-5fd0-2742-22d6-f5cad033010d
6781c8a3-ec4c-4644-b51e-87b4e0f0c101,19cd6f44-1a38-4e4a-a70b-43357d2eded3,c0616110-4d9a-8d0d-ac69-a013dfd3e46e
1bd42205-e033-4fd8-b3f5-9016410cdc8e,65dd331d-84f1-40f3-85e9-89263ec63ce9,b2f92e87-9519-7442-f0eb-cb7236cfdb85
7f4b583b-d355-4535-b0a6-64a442955238,3ba8b9f8-ed9c-414b-a13a-50f67ecb2365,98579d0d-fffd-cb59-fb3e-39728a90f7d7
2c5edd04-6818-4cd2-917c-5fb7b80fe15a,02072366-0c87-456d-ac6a-cab1705635c1,b923b99a-caa8-f00d-d44c-bcc2fee358d5
f5365593-535a-4da8-afb6-a3c35b257f09,dd07f316-e006-48c6-8766-c00eccab531e,c7785940-8456-a495-f9f8-a1331fe8ffc7
ac2f5386-694b-471a-b0aa-dca646f04d41,8fdc6976-8f78-41ea-8e2e-c0a62486eb16,ec8a1714-c654-5fb6-a4d7-aa981718491f
e74fda1d-ea13-4ab4-a4c4-add733c34ba7,c9feca11-8486-46ac-9b99-8321bf8baf32,9281503c-4de8-d996-f03d-997691f9e2ec
7ae6aa7e-35e2-4855-a480-1dc562952738,acf61021-de45-4d0b-a5fd-f0c84816687a,feb65859-5101-8d2f-acc6-7bdf1e677459
fd9bc402-5861-4f18-8f84-1f1e148a0582,322eeca8-1c02-428d-b734-592e6559fce5,ccc6b269-4740-a7d0-e7a0-f6e9512c8db3
b4e39b1c-70e6-4f86-a84b-29c8f5a0d1db,d994530c-269f-4605-8cbc-6b31c2171f67,863a838e-a39d-4028-5519-b02028cd9c05
60d411af-8f7f-4c76-8f5c-3b81d161934f,21d4b634-d36d-42e2-8271-52c8ee47fef9,afebb54c-9e4f-ad67-8eb4-1ce2c8cdd425
95233357-bae8-45b1-895e-468626ae6678,da9ff12b-421a-471b-86d4-076cc5ba1cea,f83df9f5-ce0b-0f85-9efd-426e61caa22d
8511f406-7c25-4e70-84de-c2a67a885236,2cfdfa5c-f339-4712-9652-c6a0609169db,941139e5-26d6-fdd9-51a1-97856f42f73b
c455c057-8f61-4eb2-bac5-f38fb92fcbea,fb84e34d-230b-4f9e-abea-47599bac1cd5,1ef86ad7-d20a-59b2-ad75-452b575071d4
0fcdd3d8-e586-4f42-8d6e-74d8d358c73a,20602c1b-265a-420a-ba5e-1c5cd59f58d2,193caeb6-fd86-aed8-03ca-173198703f70
771cb929-664b-4dde-847c-2a3e32aff148,b0b1ec95-2223-4611-8b88-4cabdf7d3e0d,4acbb324-cbda-28c5-2e8c-8ee21cd2b24b
e7484a03-8d66-4996-8552-1d5b3e23b8c6,938ca024-0db3-4db9-9931-e625dbaad352,138adef9-cf6f-476f-8ed6-53fbc3592fae
55738688-c208-4fd2-826f-7ab13c9716b8,f402d824-e9f0-4bdc-a087-924ef1c5103f,39dbf49d-5035-c823-7a0c-63c6db4a39aa
4555ab50-3c87-4bb9-846d-8ad035a95d6d,7f0f5bf6-efa4-4d31-a783-cf4df8fd48e3,85b51da4-4882-8c99-ea5f-7bf549583f30
a243753b-9ee4-4909-8b71-b0b1e6f785bf,b50d8b5c-35f1-4439-b924-577a7491075f,8c2b7f26-989d-d65b-e9c7-894eb9831c95
a2d6f470-46d5-4c81-a2ca-537032c40376,2f0ba125-0b0c-4469-bfc2-011505934af7,0eb59a9b-9f8c-984e-f48d-a2737a0e6bc5
f104f495-2462-4ec4-a3ec-44815c25e62f,e784cfd6-dd88-4e67-a4fe-182fe9ba9566,34effada-4c8a-5838-f6bb-682794ced2c4
13bbc0fb-3de9-43a1-bf8c-f4149b6e287b,e8eeeea0-3f0d-4709-a44f-432db74f4c72,b5264e5a-eb49-a6f0-d232-2b0d80329fed
846dd9ee-9b96-43a7-81e1-7230ab90c326,c0c2124e-5abc-427d-8765-9c653c19cb3e,06c9b2ff-f6a6-c24d-ccd8-56cbad090051
361b992b-47d7-4dfe-8cbc-46dda4f95d4f,5148abbb-ff7f-4506-b08e-384a90fc76c2,2760df25-8f0a-ad52-320c-fb08dbffad2d
7ec14c2c-0d5f-4857-ab86-2c96e3ff8fde,61b44fcb-91bf-4611-a528-54846677eba0,815f4f8c-f618-6825-119d-b3f62f627ee9
670c41fe-b7eb-4f93-b4f7-052d080af9b7,5188a15f-5775-4b5a-93ea-ef07b582f7df,246b471e-46b6-b00c-4adb-dad683dc16d3
ca00019f-a3ae-46ef-a03d-6900337418e2,b0468057-d8dc-416b-ac51-ab88cc4fc70c,aa1a2992-8aeb-8ac6-1477-2cc6d7b2d80d
2bc859ea-e1ba-4535-80d1-f0597ca1df6b,f93d216d-9970-40f0-9615-8a0886fbf649,c9c5df14-f1a1-4ec3-ef31-fc35b51e5bd2
3687d0e1-845d-4b6c-bff4-930f2ed3c9fc,0e59ba8a-0ebe-4199-89de-d8abc664f58d,e0271253-2249-1496-6acf-1fc1f5a03dc5
7518111b-f271-412e-bd13-66890ab97f41,c39f6d3c-9b93-4213-a8b3-aa2a6dbdfd99,b72630f1-11bd-3ce8-92e5-256255161a7b
bd54ab8a-d1ce-48f3-a527-41594612c310,1e3c4050-e32c-4290-aef3-1f74878c777d,cafe8cae-eb17-58dc-1f7d-f682e83b2e23
0d7dd958-31d3-4087-8451-524cc5d8fdcc,2533d45f-a52f-4d3d-b1d0-4b54bbbc572b,54fd66fd-5b45-c388-f963-f03f04f0a191
6dd5f77c-8e9d-4851-9b3e-859491553e0c,7ac1865c-c810-4ea7-a452-f28ddde3f47b,0aef4b74-6439-8822-8867-39cc95a695d6
6f0b13ca-eaa8-45f5-8aee-dc2d9164c479,6c8fbb07-a60c-467d-9ac8-6e1ce7ef0c35,0fb36267-22a6-782d-edf8-373cb273af52
021ef0b7-848f-458a-b890-1d5d27db84d2,701e0e73-21c3-44b9-af3a-17126f7a3140,8217a25e-50ce-559d-0528-d78e4c096d57
074a5efa-dc91-45bc-933f-eff2bb0ae754,9bff271e-f81c-4915-b8eb-af9d6ca6a6ae,10de1424-d388-1fdf-04ab-4c78cd2d47af
199f0e14-375f-4ecd-8076-c3cf1cec8bae,fa90c3cf-39f3-4353-a2be-3d7139d551f5,7b6ff7b3-bafc-7538-1628-d5a37be0ed64
b8160327-e639-4367-8c8c-79700edc1c2e,5f2c98a0-1332-4e25-9db0-2aaa0a791eff,45808dd6-af6d-868b-5f24-793dadb60bb2
cd0469ba-5da1-439e-85e1-3d31cccddca0,3a42de1a-58d8-489b-a0fc-e7011df4da1e,1a67b175-9e70-85cf-4264-8b8c5e832246
83dea3e0-e4a2-43a5-ad59-02149731ae2e,d2a4f96a-ea33-4b2a-929a-634f66a76194,6e5fb8ae-578c-ad5b-2cb8-116b519eaa78
99cd4372-d46b-4154-a4ee-90d16988ed4d,6f2f1adc-c5cc-4fac-a9ff-79ee256ed0ac,ab09d392-d3b2-02ee-5e46-3ca2ff8c8fdb
cd4176b9-8dd6-41f8-b0ed-83d461046f8f,798aa382-2fcd-4c10-99ef-f4e974fd0e98,34676fab-1f86-6d24-472c-25b19e562f88
1b9e3b43-affa-4048-9c75-6131c0865071,2ec30181-09d5-4bde-9df6-9b49ea359438,2e597119-5146-970d-eb45-0da37fc9faaa
a6e49ab6-e4d5-4efb-9cb9-92f62f1a0305,b0f64bfa-3232-409a-a125-f8396b7b9f01,f29fa245-1fc4-15d9-0a45-7eb614afd395
e86db6e0-2722-4e0f-ae65-a1e5bdb99da3,a0ff590f-ff48-4bc4-9454-6adce18164cc,d0268f47-3a15-a2b7-1afa-f5d416f12d68
60049f8e-f5d9-4343-9621-da67501f38eb,6889db78-d4d1-46b8-9135-5be642dc83bb,28bc203b-abae-4373-7482-af14bd276fa0
926db8d7-cb2b-409d-8c3f-c509d360df20,eede7345-fb6e-4749-a6c5-16e88a864744,345d5fe1-f685-887b-1f83-9b2a103fcb1d
dee66870-847b-48f3-9bed-d0c1712e5c78,21d3b917-9e18-4aba-a51a-e8dd392b1cad,cc7f3712-1620-1f20-231d-bd4673d2d5ed
2fa54dba-2366-4954-9831-544b67199883,df847dfb-7500-4af3-8f2c-c007355425e1,bd1d0810-8f98-41e5-12d0-45985427a830
0498b20d-db3e-4f54-b8bb-62878a0937a6,0ebbe002-cbd1-433f-8019-563bb4e96ea2,3cc55983-982a-27ee-6259-dd4e90adb23a
343355a6-5f8c-4c38-b23f-ef78b5742ecb,da25a43e-54e8-4f9f-94f7-785aa04953ae,59647dc8-f6fd-c785-58d4-8dbf66e4b0ec
cd93eaaa-0551-4381-954c-5a64be59a2ed,b6f1d426-fce5-49a9-b758-42e55dc0f67b,af2002e1-d868-abb2-af8d-13f974402361
36ab9ec9-9d11-48a9-aaea-46bcf12229a3,fa276f5d-bb39-49c6-bfa5-235f1edeb0af,02b64d78-c5bf-f68c-dd0d-0b4eaea356b9
310dae80-0f2d-445f-9170-7d51301ab1c1,68344d51-3376-4041-a8ae-1c6eff20e3d3,276133c5-3ec5-8b90-5308-ccb1c7ff199a
95dfbf25-5585-4462-b636-399cdcc7f9d2,f426d913-b866-4d5b-9452-ad1f23d667f5,652bb045-4b2b-930b-0fdb-5fac394fe985
054261ef-cf03-40f9-8dc6-354b68d3e465,e3840003-9553-4083-a90a-08c55359afe0,d7252a55-8145-0dfc-0762-7f924745d2bd
87f59887-31e2-466d-9bf8-63e7b04b8894,540199ec-f514-4d62-9a1b-6ab5f8ea90f8,761897c0-cab6-c77c-ec3a-8af57a738818
e5867649-feb7-441c-be3d-68a55c1c7b37,3fbb02d4-b8b4-4471-b2a8-44672b0e9d34,d53ceaad-7be0-0390-cf77-be8a4dba05dd
bb4bae4a-112d-4fa4-ad37-57be1e225ea0,48168fbd-fd96-4288-991b-0b5a5da84d7d,2355b5da-675d-daf0-512a-f193388e927d
cb3c19c2-45e4-472b-a0a1-578e225ec684,28df9a78-cbf4-490c-8965-ccaf8b48e8df,f8da0620-0764-b182-02e8-5fd5b5084b35
e7b373eb-6ecb-40d8-9004-56d837d3e463,776471ab-7595-4774-bfa3-084fbd80cc33,63681aa0-9eb7-1381-41ca-ed0da94a611b
94784a9a-7cf0-479f-aa09-64e018ade023,cb2d3d97-1cb4-4a2a-8618-949cab368cfa,673401e9-4d40-d14b-d2bd-64745e619814
d5d610a3-2050-420d-b558-abd81878399d,cd3db7d6-cd72-4d40-92c3-17605c8dbf0a,c43fdb7d-4c67-9096-6e64-cd2f6b97d8ac
880210b0-2699-4b6e-8f99-64775200baeb,cc9a3295-b319-43e3-9454-ab9634636596,c0c3af63-459d-2c0a-0a89-9373bc563fae
1fdd16f2-7c30-4640-9f04-c0871b1abe68,455b0d32-4fc5-4781-a188-4cb597d2d785,4d40be12-65d1-5a77-d48c-4834dd117742
ebef1784-589c-4ed3-8985-148cf60610b1,b1a77c5f-4e09-4aee-986c-b29f96e93621,21ca9cce-a730-50e2-19ec-1d7f382e948f
a3c0c239-c784-444d-960e-4f1f9ae20c67,6a17ece9-2a3f-43b5-a458-820cc7448dbc,8f2060ce-aea8-41df-53f4-2d824edf1d8d
464ae2ce-be45-4dfa-b698-99a17a4513fa,b4306027-67fb-4848-a4e5-fbe9efb1205c,ef37dfa0-45e7-517a-9aa5-f35aa21de313
aa90d7ea-0668-4295-9923-2552a0e8415e,743302c9-1d7e-4100-af8b-523682f19cbe,21228080-7469-650c-c082-54b64566d0c4
01f9e763-3493-4b29-81ad-3b9e309c0567,6e5486e5-2718-4600-bc50-38942cbc73eb,dc31fe9a-5c21-320c-034f-532d688fcce7
d306cbb5-8ac0-479e-9cfa-8bc63982369c,e87e25c0-2a5d-48e7-975e-26e6bf6b29b8,b5cf2723-140e-2da3-2bb9-3a02b89a1e86
a2d8d5fc-1b53-4a0a-8c82-a7464bab6876,75389524-facd-417a-a86d-2c8fc096da64,e4488c70-1189-cce2-a7d9-6a6f49fe0d56
753df5ff-9314-46cb-84a8-f3483e0cc21a,38021467-8e38-4d02-9a14-78b77b6f3d21,35cfc073-0bed-c859-d2a2-0c2abdabf771
c5f64b19-9026-4f36-b387-78450dda4bd2,16b50380-8931-452d-b884-1bb928ce57f4,b9833e45-14f6-c811-0ab5-884cda531af6
a6a98ffd-0b56-4607-8af5-d7a22cdeca54,1934d92b-5228-43bd-bf57-7017f7195172,34a306dc-bc2d-1fda-0f16-ffdbf2307993
77c61745-1f8f-4b18-ab57-8d309cd97dfb,715c4037-644d-4e34-a075-35a773322054,9e79d860-1e2e-3a40-c4fb-d7909ba52dea
ba539c39-305a-459f-b7eb-93ba4116ba84,6436275e-b087-4206-bb0d-b33d5626122d,adc07e5a-af20-3ca7-f1f7-4627d29f3d50
c84eb925-15ca-4214-9fcb-1063058da026,d24ecefa-0c14-4eb9-b3d1-361cb282f343,5f3bc4bf-62c8-5730-f0f2-f8c1836c1b0c
f6086270-71fe-484e-9941-3d54fbefc32e,fc8bc1c6-0891-4c49-a4dd-61bfc0e2c502,1b8049b8-3669-3eaa-49e1-1b8852f70f54
3862005e-db6e-4e7a-a95d-0cc556dc5b7d,43a7d362-8ca0-4c2c-b12c-1af9e42bf90f,4d99d720-3640-ffb0-3702-929bfd6ae84d
e4fdf2f0-345c-462d-80b7-8a6d4b3661ef,f719d7f0-ab04-419c-98b9-e81f42a3cdc9,84094095-1e01-097e-b147-85b3b63011dd
44f40086-24d3-4f5b-aa2e-c0430a251bee,cac942b3-124f-4704-bea2-9c4664691068,531fbe05-423a-231c-0100-6a87ddd0bb9b
03c068aa-0271-4e63-b461-684a40a865ad,56379e72-2fad-4f70-9ec0-124534199de8,35fcf404-661a-db61-acf1-084fb0d301ad
226fa585-4cc8-4d1b-8150-6c3fa27bea69,d66e3b2c-6cb3-415f-8513-9cad6cf6df25,1167d0e1-d952-f5c9-9c44-a6158a6d7add
a8e3c1e1-f7d7-411b-8fbc-0e9afb069313,93b15b9c-248e-4814-91ba-280313475336,f6405532-bc3f-2b14-e9d5-affc9937bfbc
bd1fba35-c08c-491a-8e3c-f867cc6d7407,d6d55528-fbe1-40fd-bbd1-c4355390dcbf,5e55d432-fba0-1040-a816-e15de8a9fa45
e5dc9c8a-7445-42e2-93dd-6bb528737362,4291d405-2c60-4417-8b2f-cae62870f81d,c7dcdce2-7d15-f098-4f99-ebbd0527811f
26be7a0b-0089-4cc5-b151-050fe3871d8d,b34ff77f-4e20-4382-8e24-345ab534f92e,9be3ebf4-cf15-38ba-4f6f-8114f4f51eb1
1366e66e-d865-4fb9-919d-98fe5b6ebc5f,7f50585d-b676-4e70-89d6-e85c78244c3f,a16fb9df-0a83-06b0-f9f8-0e61ef1c5733
958561d9-12b6-43cf-b4c2-50f39d72735f,f0108e3a-9281-424e-92b2-8180d6a06f44,caeedd72-615c-e7f6-a4ec-8fe2fb711244
a0031b52-7228-4f8a-ad9d-a59c7892eea4,c40e5182-8ba6-4bd5-9116-529889e6e5b4,912cdea2-59b6-9ef2-639f-5dfa3c67bc79
c201caf9-722d-4f1b-ac00-da090254f644,e68d3b33-26a1-45d4-9a00-01ca4b019a5d,cc9c4e6f-82ef-76d6-ef8b-f238ea41c542
50540763-4532-4b8c-a1db-ad6705a2bdf7,199b3e79-f9b6-408b-8776-bd06e8f6234c,d63ae5db-28e7-c236-b399-cf2530459127
81964ee0-2693-4558-a2fb-94416082b21f,a88de44c-2acc-4107-a38b-b77fc1a512c6,5803bd17-a257-72dd-3e6c-f0e93f09c4c2
812aafb9-fd1d-4b9d-891b-3e1d84b53d27,5c645f74-20f0-49c0-a9f1-aa4abe943f79,113b5f5a-6f3b-549c-5b5f-47ffa8a2d5c3
072448f2-8932-44ce-bad8-0933d949da3f,31a53544-034e-40da-8c53-c23e9af0c318,17e76ad0-f5d8-6eea-a9cf-212f6f5d4a8e
7a2bf949-1f1c-4f11-9176-693cec2dc9a8,fb18eb69-08db-4a35-ba01-3e3f381afdc3,13d1c8a0-79e9-4224-9eca-47df0f1e8e22
1a84c1fd-f2b9-46df-b693-ba6a3c789c23,6e75a7f6-e44f-4aa9-b163-240970cb7b94,fda465fd-1e82-7d5c-7638-3784448ccd01
d4777d18-aa93-40e3-8f0a-8959dd8f20a8,01c8360d-56ab-4be4-9766-2bfa16f4ba3a,f6d01e1d-7293-d044-3a84-44024134b5d2
7d1bdff8-9881-479c-895c-ffaf9e2009d7,ebc1a181-9cfd-4b4f-93a0-f51617b19d3d,bd8c6243-86b8-0b00-24d2-704df1c3166d
2277d455-746a-48b6-b24c-ad2215d4ffb0,797c903b-2463-4059-a5ba-31ca75f5b357,f6ce0830-4abe-a6d8-766f-221ccb6ccf76
403ca916-0a92-47fd-9dbd-ac862630969b,2526476e-bc06-4c8a-b8a4-d51a9d5d6225,c8bd39e3-9707-77ec-8d8a-b025285abfaa
da378554-7671-45f3-b254-aa743419b7f8,6748246e-2352-4c19-9bf2-98a61df9d9b3,b48f22e0-e9a4-706c-5fec-f369ce380ca0
cb1257df-7f33-4f47-9d78-9d6f9cf689ea,5f426187-5d35-419e-b4c5-f47c5f3eebba,44a06e86-402e-5856-1cf2-2ad1fe10bf1b
aa021b75-5262-494d-b2ab-e9abb015736e,5aacb103-7c05-46b2-b112-3c49c97a4603,e6247f6d-dc3f-fe00-27cc-be3c03d0da9d
641f924a-8b01-4885-86b3-3351e514db29,f6bf7397-4abd-4f44-95dc-f22930d5b02a,68717d06-5a44-40d3-7165-76db1b11d366
77351e69-4cbc-4442-8500-1676be435e1a,c0b5f926-8e7a-4e9c-9564-373758ccec56,9bdcf694-bc96-7851-cdc9-1a7110b29e36
19df219e-cab5-4029-a64f-c5dae9119cd5,5adce5aa-755d-46b8-8706-17c6973cc881,837abc0f-5940-3017-eda0-7f00eeafbf87
a77f8e7a-97e8-435d-bf64-49f3582261d1,c72397c1-a7d4-4a42-ba10-b9e14dc16db9,1ae06ee5-6f50-f069-208b-ca107d650ac0
5a8296a8-d2ce-4610-bc1d-11660963e334,d030f723-4d18-47b3-aaf6-93d70049061d,724be0b2-772a-b300-b43c-cafbbd71fe2d
3aae8c37-4d26-48f2-88c8-5bc9dfe216c3,90c41dd5-5524-4b3b-8ace-d7b7f59af064,97e706aa-3ee7-c16f-a384-bc75e255597b
97f03a65-1641-4710-be34-690f71b82294,e663623d-ad3d-4241-9e4b-cf40a4b53861,4f366a17-af99-8a88-97ed-710f5134fd59
bbf9f2fd-4db2-4400-807c-1fec96e72d7a,ba2141d0-a0c3-4d82-bae2-fed77555bdcf,90313ff0-1fcf-6210-a3f5-02ff53fa5157
4d6dd7d2-1c8c-4d1c-a146-63bc65085972,9e7cede2-cc4c-45c1-8f07-91e303b35912,6c2237c7-8f41-c81b-492f-5799aa9a1448
3b1f12bd-a63c-4a33-b9e5-d670f4c262f3,b117262c-3376-4c9d-ae40-ad6876aa06ed,280c5b5c-9476-8871-7573-a92773c5f9ec
9e96fe3f-06f9-4482-8864-64be7a77db26,4a6f6646-a2fa-433e-b6dc-2b84fc58ba61,bdc68421-3612-2ae1-538d-789ea02167be
af79de6b-f6a0-4d10-ac32-2d2dfbb1d8ab,81eec049-93d4-474b-8772-d9c99daf0dbf,bddd6ea6-7505-3a40-0050-fab794a491c7
d88ce576-2949-4184-b2b9-1e974dd1449e,b5bc0667-2eec-4920-a27e-76fb2f9371e3,67cea75e-ba23-f1b5-7a6a-9ff9cc0ed0c6
266305d2-b92b-435c-bc49-603003428be6,5b8f71e1-264b-439b-ab7d-b6cf180d43b9,39590b8f-e7e1-f7bd-86c1-b482b78c4d85
6a28e7bd-99d7-447b-8eaa-5b653c417f72,58995a55-c6be-40df-bba0-bb18be2b06b6,0e3ffbd0-1346-fce3-e161-2b9207bd7dc8
5da209eb-2318-4cbf-bd9a-e9f7cab657da,4d061830-a12b-41ed-b838-606fba93fe5f,286ac199-cad4-dcea-1477-4f3b84c918e0
dc580581-cf90-48ac-b5c0-279a3e6dfa42,7b9d9d27-b16f-4297-889b-309def992f7b,f035dcfd-49e9-4e4f-104e-287f68f9451c
33276f99-663c-4e86-ade7-a5fad35cfc85,5ffcbdc7-f344-428d-879d-acba69d09609,6a179712-345c-c2ed-95d1-aad02fb96cb5
f5345ba9-5c5d-475b-8b69-aaa726ee2ac4,1a7c0f00-801e-40cc-a04b-363bde570522,818a4f34-b7b2-6ad7-f454-0857bbce1a33
c70fb9ef-0144-4e46-8abe-33edd9c10672,99bf9504-3064-4304-992e-ac81504fbd76,70563007-1a50-b03b-f753-61f724449c5c
2c693f3f-7be8-4df5-8cf6-7ee77c96f538,40250626-8b4a-468f-a44e-d27133d64115,990848ab-3d71-f48b-d0de-39c738d71ab4
8bb5c0ba-3099-4999-a04d-b4364d158ce1,d8d1f396-0ddc-44a0-881d-9638a188f048,175043c3-06df-579c-85b9-35073c268e14
c466f2e5-d977-4b10-a41b-2d86ae320c8a,bfaa6141-63af-4ea0-9362-9267a46aa677,747264dc-e031-b8db-7f5b-2f165cec51af
0b2c80d6-e430-4cad-91bf-0873d2631dfd,beb46c03-7ca6-4c78-badc-fae6eef3c677,3ad6a5d7-dc78-6a1f-77c0-2e3618a5c61f
63c8ffe0-6e25-4353-b19f-33ce836c9c4e,21eac0ce-b753-4009-8dba-51230593edc1,7db3a4a9-4072-27ed-290c-fe4b5cb45a77
f2698de6-2451-46c5-b70e-f69b46812a66,a59d5e61-903f-4b1b-b355-ee485bdddf64,7ce508d6-a5aa-8bc0-5999-20443d374ae8
b2939768-689d-4320-9806-514df60b1486,f0ab65b8-969a-434b-823b-a9e884d0799c,870dca6e-a521-e14c-5c45-45aeb91d32d5
1fb88c4b-a33c-4ba0-83be-a059f93ad2ca,1ff9b611-9ca7-4df5-a14c-0d45cd1745bd,115b4c8b-1997-af4e-251b-add356384bb3
28fd1ee7-05ae-445f-b69b-c2a2df3bf93b,fbc0662d-f29e-4eb0-b374-688e75339a71,5b55aa1a-e1b5-cb32-ffeb-e74f758ddcd6
3731907e-c446-45e1-9790-92178df8ad39,d954649f-9720-4ecf-a7b5-15b5f9120a8c,0efeedec-a2ec-d0a0-df20-1d7ca5ed416f
b831db17-f1ec-40c4-a581-43393683b227,83933a1e-9c45-431b-afea-bb36b96db24d,2782de46-26bc-5686-91c9-f60eaf86b5ec
7c91b4c6-a38d-4a39-bea0-8f0e70da0dba,9c6789dc-1035-4af0-9d4e-8fcbfa3eadf3,868aba03-813e-ca93-df5a-7884980a9985
d3f8d03d-1f01-4a19-9b71-2aefc8bc17a4,a6e05697-722f-4bbc-beb2-23bd5620a8da,e7b5a3cc-2012-a775-2ebd-6eb50a3972d2
3b5ea072-f204-4db8-877a-90a9ea4bd18f,62f247dc-908a-4a66-b128-61c1e0a2a61f,3824a130-8e60-83ac-6e67-43da48c00d5e
f55ac208-5d40-4015-9393-8baa215fd5e7,d2d94a62-2620-40b8-a9bb-d9684b9e2c4f,7ef08b09-8809-6771-d4b9-011963a87ca1
bf21f94b-615c-4eea-8fc6-c288c41890a1,cea3a751-c047-4242-accb-dcd40cc39656,fdf7c7af-69e0-0b6e-3cbf-dc7dbd652d5c
069b7e3e-700d-4252-9cc2-cf383a4b3184,2d978210-6ab3-4269-9812-0c510669ce83,e557db1a-2d2d-abd2-0c59-3102dc5a485d
964852c0-d806-4ea7-9eb1-721fbe4c1c01,87890edc-b001-4156-9b08-dcb8826fc91a,8b415102-1930-4782-0ac8-c2a56abb0e89
2d5f7f87-1a87-4b58-9f56-0630dc208ab6,24233559-cd4b-4c2e-a764-a51d21651e6b,ae7ff91b-33a2-408b-9e18-fbde04d59fdc
2ec195d7-8698-4b19-a8a0-b8d95ca7ad0f,45c7c64f-4e63-4cd1-85f9-2752e282923e,2112f3e2-8a12-b347-4ea3-00c04343c858
64daf49d-b5ac-41de-bc7d-6fcd947527df,629c9e34-7c59-4767-9034-e99bd9783ecb,fc3bc910-c01c-eefc-1fd9-be7a4ad381d8
25b0ecf4-c76a-44c8-b4b8-44948fb5931d,4d4c9654-80cf-4292-abf0-d42414e7f7b6,685ab855-6486-4494-9362-7bd7ccc1db04
79df89f5-d181-4e2a-ad2a-98815a9b72f9,fcd86a0f-6439-4bc7-b49c-a5354a8caa3e,35ced540-39f7-e025-252b-eb0b82644f59
593f12d3-91a8-464e-8177-d623290bfa75,a2716197-6302-4667-8291-202cad55330a,939f1f7b-bf65-9086-668a-2d7454b47407
a1c7a4dd-fb59-47a3-8d3c-c51446804264,c569c4d0-352b-4cec-929b-0e55e28deafe,1e39e20f-94f4-226c-9df2-08720a292676
0c48d98a-1657-4cb6-a78c-b6ed65ce30a2,c12af21a-a928-4654-ba9d-79df2566be71,b6214fca-0452-b8fa-82ca-718e69af0925
a463c581-c843-4859-b650-0a8533698712,2a21a567-5523-41bb-9e6f-3ea5ee29b9c4,e41f405e-2d2d-ca99-0b89-63d2194abbd9
2551602f-f8ee-4d99-b8c7-c3f904b1a72e,777e634c-8661-c281-24cd-eb673385f298,e51abc4e-b75e-4970-029e-6c5d937dbe87
e3c51f8e-f836-4845-b8b8-f1d62cc42be3,0e2bfd3a-2f81-42bc-9abb-9ab9214575b1,7ce6e22e-836a-49d6-46f4-e8fc9b0715d8
20a6e412-ca18-4fb3-bfc8-54ce2a84087a,214dc4d3-358d-447b-a88f-7df771798205,f84a16e1-da8f-a785-ccb6-171f0d95a6d8
e22ca542-ed35-43dc-bb84-1a85cc049427,4f80b6dd-aa9d-4626-ad8b-276d77b37245,3077e9af-fc1f-d183-3404-121c2947e054
12aa759d-cd16-49fa-b407-a38c1f5e82cd,b40e74a9-16fb-40a4-8f0e-0bdd416682be,62c428ea-6372-e760-49ba-f1253ec07b19
83a93af8-f93b-4cb0-b2fc-76cff47f3fd6,8d83ccd7-eb23-417b-811d-5356d67d7f0c,d93d4b66-4a31-5770-737b-c2326af4dd83
17ff3e6f-bc6b-440d-ba53-7ca40e4b3e6a,1a61f32c-23b8-49b5-aa49-921c179b7f94,ab9d06c1-8a4a-8298-df6b-36a06b258e46
6737ab6c-7bc9-45db-b6a0-180de1455ae1,e2a53d9c-44f2-4093-822b-f6003c1b80c1,1f972118-5b4f-acfa-7a57-e24c2a156d0f
672c6906-2cd6-4190-b416-97e8db734215,f97ba648-cbfb-4eb6-9960-0a4cef02bb9a,b2864520-49af-ef6d-c36e-256ced3216fc
15b8803c-f8e0-4cdd-956d-08165cd45229,961be722-60d7-4e38-92b6-9a6f873037a6,d52294c7-b519-ccf0-8d2c-57b7914b63f3
5d0c2b85-1076-4225-955c-371ce5b70831,8d60de38-ca0c-409d-8f85-87e0ba5bba86,8355cacf-36c5-f5f3-9777-60cbf1b5414a
92c2b896-08ea-4235-a400-9e0b4ad85902,14c1ed33-cb8a-47b7-85fd-f08bf946a8c9,bd8cc4e7-510d-abaf-cf26-e7ab3cf90239
e0fe3942-2fad-467a-a7fd-73c3868e1cb9,52f0e544-a360-4cd3-9638-bf1a812f8d74,54619f81-d30a-1288-2c3a-1c7ad31da41f
b2637bae-96d2-4c47-909a-4dd4c95db2b5,290c5f14-6fff-4b0c-a029-66c35360d8eb,bd0f4d57-ec9e-9161-cc46-017ca623e6e6
1b0f56ee-77c1-44fc-8881-f161146eac99,0a2e1301-8549-45f1-9ec3-64c9ce2be433,781b4ec1-6949-29a9-92ff-8e78f6ce1f80
20c3c669-d3d3-458b-8341-d02ebf197944,f37f39e9-6d0f-46cf-9e2c-7fcf4a467a53,9edbde3e-87a5-80a9-7b19-cd320d8cc2b7
835fa02b-548d-4d4b-baf0-d1a029653433,69757d1b-4a95-4adc-a2c9-c336a7b449c1,36757017-c855-7835-36dc-ca3084b03b9c
05b2a67d-9968-4597-820c-e23d0d4e2cb6,31cbc77e-0b09-4bc4-83c4-68414d3d3f48,1157fb17-639b-b5d5-a020-52a515e06b24
4d19d480-df2c-437c-868c-1154d42ff349,9d7b0702-e136-4b41-ab3e-46e2360e8324,78fb1531-d7fb-bf87-b6e2-ae722116b25d
adecf288-304d-41a0-878f-ff747fb60cb2,7ee41a5c-ddbb-4d2d-ac7c-bd8a78d44830,c1db8d3c-539a-6218-ea01-65d76f32a038
06d8bf8c-2abd-4a00-8a91-64b0d666a5b6,d20047bf-dc9a-4f0d-bfe4-0f47494e140f,2608bf5c-0527-b978-a594-90f07eca7588
80ede520-c997-4120-abc4-cbffafa7f006,8e6ab0dd-6553-4572-9754-3a9a634a87dc,825ec8f8-1b05-fb23-a1b0-b0a9f5567f21
564cca43-99a2-478e-90bf-8720cc6c1783,82eae327-41fd-45ad-b391-79c0f16e3de3,8cde7069-1f36-93fe-31dd-ffcac9b35bce
2b27d88c-d82e-4b3f-9397-660e62e87d7d,359da9cc-be44-4ab0-97ad-16401911a247,544eee6f-3154-f4dc-98fb-7d3a04f4c52f
71d7ad78-8ef8-4f4b-aab1-3964d3599122,27467b16-2bf1-4de8-b43c-1bea055605b5,270fd06f-ed7a-9f95-26de-ac6c65a1e417
52cc23da-c0f2-4afc-ae97-a0d5d1e5025d,308e8cd5-458b-4533-bcd1-b058b945c378,4a9e5a47-9936-9e1b-083a-6b49073d97bc
c063e09f-b233-4a28-b67a-e5c109c81431,0029db4c-d1f5-466a-ba21-bd8f0838493c,2bd43126-c645-7451-8e5b-51c53c889ec9
88a6b666-d46a-4d53-84a0-4d040ad3d133,20e4e0b7-5b88-4784-87a5-8ce77206abac,3cd3ba27-925c-0231-a735-73c15ff2ee89
aa1ba5fb-ccab-4282-86e5-de3119ae1e50,74446510-6e92-4ddf-993a-9fecfedc172f,ade105c9-5d4f-6b2a-44fd-9a6cea5c46df
79b9b9b8-3a17-4fd2-912e-4d0140726ba4,3a647be2-5b1e-4e8d-8a6b-7aafd34ddb6d,659059da-ca4c-8363-f556-cdd2ac0cd42d
b0e738ee-624c-4dc8-a120-c784eb8c50fc,8bd5c732-7b7d-4a68-8b14-249ddccde8e6,98706cec-025e-89e6-d013-c5132252e5de
b6391a70-cac2-47c6-839f-8034f3978b7f,fb0e7210-40af-4e16-89eb-5f74ed0a46fd,d5a4b558-5a6b-114b-3d2d-6fff27872889
ded56250-6ed9-4883-b4c6-a3f4a056b8a1,ef3a9f76-01ad-4a26-bbb8-544f196eec23,232393b3-31f8-d420-386e-71d4a16cae9a
84e52184-d9c4-41b5-aeff-a21c5483e19c,bd674a7f-9168-4165-8770-620ecc0c0965,daaffb4f-c98c-491d-7978-84a2c9b61d8c
6b8583c4-131e-4c63-9686-9d770eb2524d,65bab91b-4cea-41ae-8411-a65446ed1ef5,87ebd948-5862-7d41-fa84-881fe23a6200
aae8a45b-8c3a-4570-b1a5-42f75f14ba2f,672850ce-993c-40bd-883e-e9880f875b2c,fad9e24c-6f66-1039-7ad0-75961a50b6bd
f5f05f87-2e6b-4851-a33d-2f6e2a7026c2,c5d4202c-4e5c-40e1-83ea-ad095f9eb461,202f6635-220a-f4c2-ebb3-f1f303f3f485
95206146-0c89-4899-a847-12bca51af98c,f1d01ddf-e4ff-4243-b1fa-cbd00e7a3e31,a2412e0a-89d0-a99b-7845-e411cdd13b23
376669b6-d98f-4c86-8038-5a2180ef381c,c4b72343-16b3-44aa-8581-f54692e271fb,b843b035-8646-b977-2f33-ccc3210cd155
76aa6010-9020-47d2-838f-bbf161d46f7e,6663c38e-1e57-4f7d-81e6-46d9b1217a3d,718e2aea-29f5-356d-f110-9525b3e23a29
2f608bc9-7f8d-406f-82bf-88537c4a3d9a,43265288-ce4b-4814-a26c-02f76f305945,64fa1472-b5c0-36de-79c6-23473da7b306
deb44397-f082-4e2c-8718-69c13e56c6e2,7ff71fec-9fd2-4a77-b833-ded0e0c86ee5,93537804-8dc3-6ec2-8dde-79419dc96793
09c8c2ac-5d20-4dce-922c-a4dbb7c0fcb6,45c59ad1-ca54-4dbb-83ed-84ee147d5d78,b795cd25-6b6e-442d-2e04-e7bc5968ab68
f47d5937-33e9-44c2-8aa7-78c6479953d4,120eefb8-71f3-41b1-a091-bfa77fc23856,e2ad8963-8a6d-1c6d-72f9-1370677a9ae2
e3de7a06-8bdc-4c0a-a6e2-39d0c2ea160e,5a0ab261-bf64-40a7-a29c-bd8f8c948745,21b1faef-c771-8426-942e-9f574c3fa22f
74918ac2-ed40-43cf-829d-f3b34a1991a2,05e2774d-1ae8-4520-a8f2-ef4f1babe7c7,d5bb6e14-ceda-7b99-d767-24ed9e328e46
92911401-d33c-4d2c-b41a-c26c933a6533,385ffb67-bd0e-4a04-bb2c-af9a50673a95,8c205149-98e4-cf13-81c7-c90775828126
c927ec10-dd9d-47cc-9638-3932bc744fd1,535c12dc-732a-4c06-9707-82af6d9ba569,deac8128-8a11-aeb5-d352-b965d5b5d01a
6b15a9b9-60ac-4bb1-9726-063268fdbe22,c8c9e3fa-c7e1-4850-9450-95f79e180c3f,35f166ff-0c62-dff0-0d07-f151457f235f
499ae2ae-1531-4a80-9341-e259cfda9952,26f915d1-d08e-4e73-91c1-378801361f3c,f5acbe62-360f-8c13-998e-0164702b9a19
bd07687d-9cb1-4f0c-9ade-45dc9d411e9f,093e2dd1-7fac-4764-b15a-7ce65cec684d,d5e76934-a41f-4aeb-1f3d-7ad9ee2f3a35
ec22d558-ab57-4400-9456-91cc140bb7c6,ac28a65e-5a83-47d3-b777-72cd3d697948,afd2ce39-6a4f-ce42-2c86-2d2e62c3374a
25cb2522-44c3-4389-a837-a498ab6acfaa,6ab698b9-f42b-4743-88b1-01902a97038b,c92f1b32-b7ab-b671-bd12-f9a9ba23bc65
ab7b997d-341d-419b-a1df-2f53a6f75cf5,52b13e0f-4833-4482-a838-cda54069771e,fbdaa8f7-09f6-ad42-6b75-ef63ee0bffa4
eaabcfe3-f197-44d8-ae85-12f18c523f06,4bb0bfee-19df-4145-b2e7-4c5c10adc0b6,13909bac-9326-a936-1ee5-2578d6f117c3
29381caa-700d-4af0-86e8-8c59df79209c,f783ba25-1dfe-49b1-b008-80620a59b33e,afaa2adc-6d5b-bb73-ccdf-8cd4cdbcb51d
31827717-fba4-407c-bfa5-dc372988506e,b080223e-2b16-44fe-8be0-969ef7dc5411,b6143c09-aa96-3132-ef54-825efe106d92
504741d0-0178-4ea9-adc7-5378f770d7ea,b197c775-85ee-432b-be87-0a06fc26872b,1761b35f-d3e2-9715-fd62-a6d101a37aa5
1d804840-ef0a-4ec4-aafc-b23213bb8bdd,369447cb-8cb3-4882-bfd5-74a393437006,91a874b1-88ad-089b-e44b-b8aa9321a257
06a2001e-bb8c-4de2-98a1-f6db7c48e6b1,a79b71c6-6aee-4698-9cda-725a54d2aace,ab948525-71e9-4954-df5b-6ddbeead1143
025be7cf-1d02-4080-a615-508a0ac976ba,bf0d4789-a0c9-47d9-a80e-86c6d2cf7483,cfa6b32d-db73-c0c1-1467-fb4377c57a01
70665a10-39b3-4f37-8168-68ea92ad9b5b,9cef3771-f179-435b-9e89-a7ecbacaa6be,00abfef9-10a3-e92e-182e-6e2b9a0912ce
a825035a-662e-40ee-b907-0b9ebf594aab,a3e090fe-10a5-4733-85cc-09cf372d1f6f,7b4b83a9-6047-fd6d-ec8f-b6ac9761ac2d
7dc69320-082a-4f2e-a24b-b06a217357a3,2183a823-46b8-4f19-aa4a-0be44ebfce52,00c875aa-f80d-407e-6148-a7eeed684242
b71761a6-0d48-4c77-9d53-064633b0be92,a7fa792b-ea49-461d-9e9c-3a25d509dbb1,4b8e64ba-cef2-aca8-1cda-6eb13a492c36
43573eff-d014-4ebb-abda-ba6975d7aacc,2ac873be-d857-44ef-b844-d46c1ac1748d,1beb0f03-376a-d383-2041-1e014582059f
8b3585a7-0856-4186-b31c-6672e113c9ac,e9617fc2-20ba-4f96-9e90-f278128aa1ba,c33b566b-9110-3683-5a53-82b2358f80ba
dc5979e8-e828-4601-a85a-dd70d694237d,d3455fa1-639f-4810-b739-a80c2df967fd,e581cdf1-1cef-71ba-c4a8-848e11a44561
f192789e-b2d7-4c81-9206-89cd744dfa05,e1a3c39a-0559-45e1-ae01-a61b07e6d52f,f7b397a4-0380-d054-a3e1-74e8d9b1c9d5
0f9c6b60-6cb7-4b28-accd-3337b077718c,11cc6cab-f808-4db7-8f5f-8964856fbfe3,f4453769-fda1-f5ab-c3d7-5a90b7958e4c
59231c33-71ce-4fb1-bc0a-1fb90670c179,e6680ee5-45e5-4fee-8c6f-24663916ebee,3f4a542e-8871-1a47-e1b1-dcbfcfd30bd8
29131cc4-a348-43f8-9b10-6b42f7e52a7e,22721a73-8373-4d1f-a3ca-ec866344364d,bfbdc261-aad3-0ab2-6ddb-c6b1f01272e5
0933ac3b-034e-44ac-a6d8-66701178ab9d,ecce943b-6de2-4993-a513-6c49dc4575ba,bf231df4-ba57-fd67-3b7b-07c7bf7e5fe8
25ea9a3c-8025-4664-9cc9-20b7052d0ca8,04d92c89-e780-4d47-b567-813604ea1e87,352b684f-78c8-8441-73d7-959a74ac4bd9
161af7b1-9eb7-4633-8ace-8439f36c3e48,800e347c-5a16-4375-8cde-d8feadb138af,023749fc-1fc5-fe09-1386-f4a265869549
2252453f-b0da-4c58-ba85-e68e1bd0eb7c,acd1d923-6e49-4647-bbb5-dab9f0b5c088,ad2755d7-91c6-357a-a7ff-0f77d9c9286b
68ef2890-e3f8-47d1-a947-54aa7ad4db91,ac4fb3e2-637a-4a04-9df3-3b45dd7cc8b0,e4390d69-3be8-34a0-399b-12d0adb6a182
c60b948b-dd2e-4216-ab80-a56952932bf7,4a4fc8ed-ee21-4873-bf32-6d2d6f5d80f8,36ac48d9-5944-404f-abc8-175dddb77c0f
b1fbc542-c6b3-4729-8d28-3c2ec24dc28f,d4466fc7-eb76-497f-8395-31f8edd70565,894b3d3e-a546-26b7-18dd-516f520cf77d
b5b54e6c-468d-4bdb-860e-157cd3fd925c,ef30cd10-545b-4f83-b673-8501ee6c7e62,3d0ea725-8b3d-1b2c-5e87-2ff3630b423e
4ca11791-d504-481a-a416-d5a332ecf773,54bc9028-f920-496d-894b-1893d201e6fd,6b0413e4-b3cf-1c2d-3507-cdc86a450f56
58232466-ff10-4cb1-a53e-cd4ef8ec5c1b,27c25ba9-51dc-48d4-aa07-9c94612c3807,d6732c00-18ac-d25c-ade5-a57c5da0ec09
9349792e-9fe6-489b-b88e-40134e21a0da,9be0eb97-5063-42d5-ba90-128519f84cf8,1929939d-779f-82ef-64d2-7da1edc75389
8031aea5-8396-4ed9-bc28-2be95b4836ae,05d87094-f99f-44b1-9deb-e5e8f8462bac,14999821-edcb-14b8-ffe4-36d7afa5764b
e155bf9d-62b3-41e9-89b8-2d78bfee10f5,a721cd8e-fac9-4d06-886a-19781830261c,5203e936-f837-0cc9-286e-f3bf46d0bfca
5b062142-00de-420d-b45e-54f68b8bb043,8df524b7-0dfb-433f-a992-63d5f65f1ce4,a47e55d1-470e-f0dc-9531-5961467c090b
485d6040-6ce5-4acf-9e90-57c1261a95c4,d94285c6-eb44-43b6-862e-8ff9add9dffc,ea966c95-e67e-813c-fb22-ac262f9410a5
38b4996a-6c30-488e-885b-fc0fc48b2410,bacd073e-8e2b-4605-b60f-f5e32c86b1c5,04aa3481-2267-9a4e-0069-fe4b60f0468c
7c1514db-8df2-4d6a-be17-38d27ac481b0,b96829b5-633a-4d44-8818-0b3adf87df9b,46118d55-db8f-e9e9-5e9a-2fb5cd2d4a18
41d14477-fa3f-4f92-87a0-cdc009a37fc7,39348cbc-ea95-4361-bd7f-caa7cf6cba30,d62dd3cc-4061-46bc-ed52-6aa9bf22d8d8
61ce870e-4e9d-4707-a30a-b7096ead7e82,cf4dc3d3-15c6-46d1-a3aa-838103fea899,2c38676e-c4ba-6efe-cfd3-56d12664a5d8
85058df7-3387-4285-a90f-baecbe209a78,f18bacf6-cacb-44d0-8a5c-cc5ea8f73a1f,bf26168e-a11d-2577-4640-ca97fb5de955
9745e444-4af2-41d2-84a7-5f2322d61fba,9664dc10-a38a-4c0b-9b20-a5b778d7020a,2c86969c-47cf-aeb2-505d-1d0c9b415300
91f99a4b-2652-473e-9c25-a6961f44cc50,fb6ac423-368b-409e-b9a6-e9de0eb9dd1d,bcc13574-8769-8588-98af-52585fd40ef5
21c99d84-7016-4782-a534-1fbb582893cc,948fe3a5-ec5e-4e89-9acf-05ec74da8e4c,939f1f7b-bf65-9086-668a-2d7454b47407
717a34cc-dd9b-4530-a8fc-2c2ff1192bc0,1d843f7b-3a35-4a3a-a0e0-082ac9c92860,17abed7b-7f9f-8572-59e5-702a4bd64494
eca02100-f233-4cc0-8f85-26fe432fad41,426af4e3-58a2-4c43-8b90-ac7ba693f115,ea11f354-9281-1a1b-a2ca-663c60df2c21
f722547a-c3f6-4171-839b-ae446f7d147e,2b1ec218-4955-4b8e-84f7-e9501f710125,0e062d79-5d9e-a99a-7ff9-ebf6e96b4e3a
2d664073-b23f-44be-8d37-0240096652f7,c7a9bc8e-2e44-487d-97b4-6f6c51ce3bab,11e8dbcd-7792-3968-11c9-dd67ce8ad263
e692d978-045b-4323-b14c-bb0b1747bea7,7d8470e9-acf9-4b9f-9e86-064df5f6fa2e,cbf2f5e3-2eb7-b9b5-d8f5-68a3cabe4426
e2ff93ad-a70b-4a6d-be32-b96e27774167,4487b4fd-ece6-451c-8abb-c31513b9cce6,c7031ef9-3b4a-f692-e2e6-e99d1273c708
9187396e-53eb-4397-a85a-9a21c9586c29,50271adf-862f-4b05-9584-6fc40e792064,7db0cb60-cd78-82dc-1298-66e513f2eec8
c9ea3a03-dd4d-4472-b90e-5e6d4e4542fa,efbf9cc9-3fd6-4ee7-9c33-da0b4a4fb1b1,8e904f08-61f0-0242-5c20-1573b2098d2c
66fbbbc5-7371-4866-aa77-5e72d47add48,a56ca5aa-bdfa-471a-8b84-b247557b9dd6,b0ad228b-d4e1-9a0e-33ac-b08b35db8aba
b63e9732-f230-4f38-bd18-fd1ea7164dda,792219a1-51a0-44cc-9464-1a386abcc227,0f19ff59-7ad2-4091-58a6-1e02c457b83b
e3bec15a-bcb9-4ceb-b21b-0fde75db9ebb,5d57a3e1-f86e-4920-890e-0f1647347d33,451bbc51-3258-5173-7444-95615a263786
c9b4f331-52d5-45ac-a663-881e442214c4,a8973880-6ecc-4510-9d8d-f9e0e7e2e518,dc16032e-fce1-c008-8fdd-5d6db126bcda
984e6142-69aa-4794-b66c-4373744cc98e,f6c29aef-a03d-4468-abef-3076a8f83090,a11af3d9-038d-0431-d643-d3d9aa8a1770
0e1884c4-b2ad-4e95-a8e0-6732c096e08a,535bf870-b67d-452b-a95d-fe1856093336,e98b570e-800c-fd5d-666e-eb8e8bca9962
eb003bb5-7775-4243-a2cd-87d3a9d3a071,24fa8e1c-6c40-4e8c-8f0e-6d075d41c8e2,78fb1531-d7fb-bf87-b6e2-ae722116b25d
ad323249-bded-486c-a4bd-9b6051587704,dcb6481a-c47a-4bd7-af8d-9694f9103c1f,25085246-ef6a-ef04-7824-a828e34c3d92
e014449d-1a52-4681-8064-6217a8d675d4,622b2568-a476-431d-8fec-f0d9d21d1352,be8d6319-61e0-d29c-e2bf-1452c6ba72c4
bf20a128-5f0d-41fb-ae00-0ffcd56d3fd0,54e1d934-8e4c-489e-8c5b-71274e3a21b4,2d7f640f-a5b8-3114-436a-4ad4254fe7be
79f3ee08-673f-4c59-9902-32d897b0aaeb,0912a0a2-3dbd-4827-a1cf-a02025ff03f1,89f1f31b-db2b-c2ff-ca12-81e15c20231a
986773ef-edd4-480e-b3d1-f3b68d2d91b4,047aca64-2113-49f3-bef3-f6269b0d7314,0a255e5b-8422-2340-05bf-01a870aef226
456cb0e2-7e5f-4585-a657-eb3c742b72e4,7449f91f-5377-4f60-a2fd-ecf3733c19ec,ecf52fc6-c0d5-ae6d-dcb9-24193681f308
ca8a2163-8da4-450b-9857-d91bd12f8382,f69ad694-de52-447e-ae36-a8c347bb38e3,f0005037-7afe-d308-25f4-c69f25e79f0c
cb4456e1-fa4b-41bd-9ce5-60b69a466511,23bba3ae-e2a4-4e4b-a1ec-ced30a2c8636,b2cc8b78-4259-285c-d64c-fbd1f45f6d5a
a60fdc2a-a0ce-44b9-929a-aded9515d44a,402311be-72db-4f4d-9435-12d92bdb9c11,8852a359-4c88-d0e8-7c04-d11e205cc18a
8c8e854f-4f1f-4302-aa4b-bf86af31dad4,21f8ff8a-9872-437c-8b8d-239106b1a66f,574b0c16-ec62-6cda-0982-2717bccbd6c1
93ad3cde-475c-4a58-8a19-2539c36a19b2,7815b51e-7a3e-4718-a4c0-6ddb82def10d,0cbe2849-d709-4601-6dbb-18518c1fbc2e
c89eed22-4dbb-49eb-81c7-47871db94907,0711d8f3-096e-43af-85aa-d014466e7f8f,7c30dec3-5dee-3001-46da-473489c8eda0
96664d71-567a-4089-bf6e-8718c205399b,7aba4efe-9203-4887-a332-e1bc602c80fa,ae25f9c9-eddb-1e91-151f-53df283bb232
b93c8b16-fe4b-4b2e-9f4b-ced655d70800,5317e98d-2778-4be1-b4ae-53747e1ced37,922bdceb-592e-7b41-f64e-f0a75d1b24b6
573dc28e-0b77-441b-a3dc-726a4f4c2d2b,0fda5796-5afe-4f0b-af5d-058c44f59afb,4f01e077-8e88-99d9-37dc-a59eec91c545
67ac3185-ccda-4355-9fce-e73c9768250e,6058255a-f8a1-4814-9e6e-c9ae38e9cd1b,5973e91b-7c4e-03d3-4769-ca384c00fd2c
03807e9b-4d48-4885-9293-7d284fedebf5,e776a632-b949-46c0-b9f5-b12c1e749f09,39df4c48-9cd1-08a5-c070-51dc6ca22dfe
06e3d63b-234e-4761-88e6-0dfd635b5b8e,02b5b437-8584-43b9-a2fe-80d76bd569eb,a940c5bd-a9da-8cfc-058e-6de8e417a957
170f0c50-5de1-4ce7-88a8-0030ce222a15,50309784-2066-4790-af0d-accc3c13d03f,07387304-726b-bfdb-47da-bd020e0eb495
a693efb1-8558-4224-99af-e115863813ea,085a5ad4-f6b0-4e6f-b4f8-09b83ea2ff1d,d4310ad8-dfa3-3500-0f74-eb570504bb61
b3c9950e-819d-4bdb-bc1a-c009a9085032,a736d737-751f-4839-a5b6-f6d7b75daad7,753d074a-4d76-9b62-8db2-14a8cfe2570a
834384f5-c0c1-4ee8-9410-601d5e2b3631,d90f80b7-ab10-4eb1-b35f-835d4ee82d47,8af5f939-b9ea-b542-5548-9ed1060d1cdc
942bf283-c74f-4234-920a-90623da027d5,cf794c35-8823-4ca4-9fb5-edb1819cad87,0489f4b3-a9c2-07e0-9e04-a6b0fb438c07
9720518a-21e7-4375-a774-acce0b672c16,cdcee2fe-cad5-499a-8863-9bf73a136984,eecbab7a-931d-71d1-73fe-ef8dd84fcf35
e568e5e0-61cb-46e5-8927-3f34abe9a475,963e4fa4-2e34-4ed3-97d6-c11aff2174d2,4b7c099a-ed46-9b9e-21ef-7ddee98e3e66
81f473ae-128c-449c-b03f-5d6fd6fda570,6b8c4844-6779-448f-a330-0394240dcd5d,67434236-80c8-fe9a-d8c0-f79efab69b09
429863b3-ce0c-4c01-a0bb-453847231a25,d19595e0-36b9-48d3-be8e-36b219dce140,5e3475f4-ec4d-ba8d-f3a1-9b2b6c1e8e08
8a848000-083d-409b-a7a3-52c6e382b212,87b1aef9-4bb5-4fc4-b9d8-858ac6ec65d4,9e42ef0a-c700-f327-becc-af6826ed054f
67c5c202-e6a3-424d-b29a-166d436c6ef6,4bc8e0de-3d30-46ae-b1cc-9b619f8a1495,e19fd690-9d81-bb63-1088-96b353a8fe81
2759ca3c-8860-4952-abdd-4e0fcf82dc93,5dde9188-1595-40e0-a123-e3f3b1caf3aa,952e49a9-6418-0a09-ddf5-0d8a68822a77
337f077d-75c9-4d00-939f-e24a13c628bc,4a58849d-808c-4ef6-86bc-3ef0d5e5d7ae,939f1f7b-bf65-9086-668a-2d7454b47407
c20c393b-9958-460d-bd0f-c881f292854f,aba5c2dd-40da-4060-9be1-36549b6badbe,42dfadb1-7700-f9c6-89b9-4f9b10fb7d93
166d46ad-30d1-44da-9d1c-fc96640652e3,831ae452-2634-4fc6-96a2-1d353ea877f0,86359747-c9c4-4fce-5a85-13bc982924c6
c775f9d7-0f93-46ba-b07d-5160e254c770,6a2862ba-4504-417c-b9e0-ab89a9b37198,e396c4b6-b7d7-e52d-4d44-d3d2b6663cd1
3c7fdeb3-49b0-47ef-9ede-06fd9a1d9462,f8bf1525-3fa8-49a3-a694-893d05896464,c7ad86bf-f651-55cf-d091-f97023c65f7d
e4d1ceb6-a489-4362-9185-da3ac16a0cc3,03a6f518-da88-4bb4-a44a-4942c392d59d,2a0cfa8b-9050-cc6c-fb67-0ae0feda4d7f
8c7ba500-f2d2-4506-bd8e-036c03ba4fef,9df9ef8b-5306-4ba4-a63e-62c2fa5b89d5,d04682e4-efa2-6eea-b6e3-5705fb292e5f
f0becd2c-19ad-43cc-8afa-4984bdedece3,5ca3d756-c602-40a5-9fb4-48e0a88042f2,dc4f4374-1880-f7a0-4023-b6bc0b06a2ee
a3cd9638-c53d-4a53-9a4a-37343a394f85,9622fd94-c562-49cb-8e26-7178dcf8e61b,597c3941-5ea2-1710-5866-4de1931c5663
2ac77148-6acb-4ad9-b177-1dc07f676add,baaf81e5-3f23-416b-9079-62134f57ac47,898b910d-893c-a721-e4dc-d15e1a77eb3a
60dfe494-8690-45c5-9aa6-740baa947fdb,5f86cca7-121b-411f-8e12-9a5ab89952ec,3e8b4045-d198-a16c-af96-c324ed427d02
85cd91f1-bfe5-45d9-a6a0-0748ba883290,e12a5b3e-d9de-473c-879a-7666ddebcfee,a7e7a32f-b8f6-f502-ab11-1febcf666a2a
375bebbb-5505-43be-9dfa-54c623902664,56da8a94-140d-4aa8-8d5c-b17cef40a493,cebeb850-eaa7-3ea6-6cf9-dc41092006f2
b62e33da-566e-446c-9c6e-9d7e2238332e,05a2f668-fc1d-4cb7-b030-f9b2d0f2cf68,c5db1a2e-299e-b1ab-a798-8fccf3adb189
99d26e7b-a2b5-465e-94bf-adcd90a18621,ed887d52-f508-4a3b-99d4-58dbbfb68098,e854ab99-7357-f3e4-4da5-6bf3c2b5f1c6
1c93da39-055d-41ad-828e-99511d8dadb6,11ce5aeb-7ce3-41c9-923e-1a0f293292a1,22b9a62c-3196-6b8d-7c45-fd825ab7333f
ddd48f58-0742-4fda-b8dc-7b8f45c9b9dc,ca12fc7c-b946-4393-890e-bc20fde18cfa,ad6eddea-5441-6384-32da-e90d21246ed1
9f73f4f0-d0b4-49d5-a518-812798f12add,b353b852-d26c-4de4-abcc-3e67aaf86c78,6d91514d-30ff-797c-b942-2b2e91861f32
a3003d76-8ce6-435e-8d12-91806d1be52f,1863400b-02ed-4bb8-bf5f-b8615665e87c,caa2613d-4551-4988-be12-953d2478ddb3
a9aed2c9-184f-4a3f-bbb2-de22edaeb211,0ce358f0-0373-4df4-a590-22b069905c0e,8d2de88c-2be8-dab9-626d-402c0a46ba35
08c11222-1957-492e-851d-100169c7ae4b,c7407d3f-55c9-4d1b-b4a7-ccd0543f81dc,7d0e33a9-eb35-a78f-64ae-baa6d548bcbe
a610cbf1-5c5e-4da8-9abd-28b60d71b7c0,8be1f195-b591-4831-a073-fed050058827,ce73ffbe-c0f7-cedb-dff0-bcfbd748f3cd
7f0e6232-67c9-4d48-9e20-eab882af1219,b51edf16-8f4c-4932-bf27-61f83d46faf4,dcdb15ca-fd2e-7544-e34e-b486a6ed81b6
545b563f-05e3-43a3-854a-7d92b216f08e,0b1692a1-563e-4e9a-9510-3373d270daf7,87abf1f5-71dd-4aa8-0834-f792d92b5a59
ee662c39-5648-4abf-9472-de69222b2de1,2f00b872-9386-47d9-8f63-5d6c87674424,692c30b4-34d5-32a1-ef50-34a78ae9d07a
fb7057a7-9801-4661-b4de-cd6bc9acc3e8,f5226c65-7ad6-4169-8c94-025671b60366,ac05ccc4-ccda-2281-85c7-6c9701167e5f
d7e09c25-2b59-42ae-a6d2-ecff95768f5e,7bacbe0e-1ccb-41bf-98b0-fb8cb8f6ceb2,0d122076-17e5-8b04-83fb-db8740d9c803
54dbe267-0c7f-4557-b3bd-c544bf0ffafe,0eb2dfe4-dda4-4ad5-ac38-da4a91b02d87,35641e57-90c2-5f65-a92d-f94723246bdc
db09ede8-5abf-43e9-bc83-e33594c53f11,9ead882e-9519-4464-8cdd-8d61f4b749a3,f36b7143-760b-ca65-1583-99c24feab2f4
31d541b7-a05b-4e3a-8b00-9fcb03b23da6,c85a17d7-7718-41d3-9502-d652d44e673a,7c945c3f-fbf6-9796-49b0-1c10a1604057
e5b8a420-58cc-4bf9-9eb4-c84d2f8487fa,349479af-be1f-45c0-a6ac-d8d709be6d5b,9d817f97-184a-5737-2868-26391edad6a6
c3b726b9-ffc4-48c1-936a-219fe41ff549,b72e6366-6701-48c9-8267-6573d2408e0b,5a995d38-bce3-7c73-e160-1c9fab9a9b9d
629c44ec-ad71-4a4c-954b-0c9cecc32be8,f43f8ba0-7c24-46b4-ae1f-f41dfe07fd3c,e3a744c1-1225-d41b-f01d-b98633f6d13f
794ec3eb-965d-41a4-b0bf-3f52ec3f0f2b,b75c25a9-e07e-484d-898f-5e75520d8ba1,e95b64b6-89b5-7450-14a4-2696a53ff8f8
477d72f5-47ff-47e2-8ee4-ff6bf18cdc60,8cd2e894-eed5-4c38-83b1-777931cbb956,e0383bac-ffda-2898-5414-2c6f0dc864e1
d2b85952-b397-4e32-9d31-03c98f1209f1,e66f2871-3cca-4ddf-8c25-e7d7c688ee01,8b0840b9-a4ea-68a3-38b5-f217e5c9cfae
7eeaa319-5cfc-45f2-a919-5e1d77427b57,ea507cae-6121-408e-9a51-f6cb6bc1d1fc,7f1d696c-b3af-d1d7-2b09-8e53e7fb3853
928a732e-da1d-42da-8bcc-d47b06074539,e35bc0bc-59a9-42b0-add3-505a9fcff5d2,3c8eaa56-4417-5ec2-418a-8e23ec6e65cc
13ecb5f9-f5d6-4490-b754-a00bd2eef627,740fc9c8-8904-40c5-b694-464f550facba,b61f9b4b-47d4-3581-a22d-185a3166a57b
2d67dbea-5ac5-445f-a0a1-6d7d8a1f6e3a,35b19af6-2f66-4e26-bc15-d1464b32a0e9,a13db92a-c56a-a908-bfbe-8b52218c8a1c
03ed42fc-e01b-497f-a6c5-2d99b949bf10,e40bccb1-5dab-4dec-a96e-2a1e4c027843,c67eb1da-2d6d-81f3-63eb-3ade7fcce704
a055874b-fd10-4a2d-bf16-dba453f0dd5e,020cb677-6706-43aa-a5c1-2a491cc61967,bb5014a8-4e30-6464-1e46-ed6f529154a7
774a44f0-aa33-422c-a0d8-41a0a1233f4b,fc143c3a-34b7-4fc4-98bc-f5ae06d757c2,38b274a8-6c88-a17d-8f10-4d0a06d6d0f0
0a595b2a-7959-4650-9133-d45b14ec7afa,fa3b40d7-5676-4d05-850c-ed3ef3f554ac,57af3539-b04c-e01d-34b1-00830a3de2a5
3b2a6dbc-9987-4b40-8631-d3c355f1c242,3f9fa00d-d5a0-4232-94e0-9cc29cba3f3b,c6788f29-9dcb-aad7-83af-074e54dcfedd
bbeb987f-1907-4f3b-a301-ea557af20180,a6700154-1861-4f75-a826-648c9445c002,1dac3031-e3ab-437e-813f-d39e6a3138e5
be0185fa-d69d-4ca2-87c0-e8e2c73da6bc,2eb4f18b-5bbf-4b99-aac8-7c654fc9ad58,530a9ce7-df9b-f15c-6712-7fd71d58fb74
a9675c4a-1de6-4f3a-bcee-a82f8720be46,e0e364e5-a02c-4d5c-89a4-f210894f3e41,62df7317-53cb-304d-635c-d3a8ce328c47
b6d6f53f-532a-4b44-a508-ccff007c4917,f86677e6-2266-4325-9c58-58569a2d67ba,d46dceb1-5b95-46ff-ae81-619538733498
8c390262-06ae-4c85-90d8-7852800b47cc,c834e46c-6d5a-4630-bcd9-211b42d85144,e75309c6-9f7d-f1aa-db78-33d365bfa6c1
e6d6caa9-0258-4d27-bfa4-c66057630f7a,b0433722-fd7c-492d-a49d-ae4afc1f03f0,07c66cbc-cfda-3fe1-abf8-2334d8bfca92
d4c2747d-f9b0-4e78-9f10-f6c8fcbd4eff,6fc48db6-9c86-4c6f-b738-c8f6f413f486,8963da19-9ec3-faae-32e6-cc9376ed234d
ebd4427a-9259-4ff9-b709-eaf35b742743,60d36d5d-2628-4ea7-bad4-3439d1feaff6,3b4b8d8c-3dc6-de8b-a8af-880384d5a6c9
5978cb99-4dad-4541-a917-f8a69ba2eb37,0b381a20-0028-456d-96b8-50e8806ecbc3,6266d15b-9706-674a-ec64-504a57a9b84b
12e5748a-58c3-4766-89cf-de9adf4dd74a,fbd50b11-4542-444d-baff-b1c6ee212ba1,de2d1133-735e-2aa0-fdda-6067aa54f64d
3eee511a-c11a-4e30-8911-ac1d59748bbd,6eddc6ef-62e6-4752-90cf-4ea0988533c5,e160c6a2-69c6-7f0c-e241-2e02f7038cfa
7831d38a-d6b2-4411-98ea-2a282cfc4a4e,f35d177a-54fb-4679-81cc-e7c769ac005c,caee4e4b-e90e-29b3-4b33-4476e3d9bc47
ea84ed52-544c-497a-b9d8-40c3e05dac39,9fc29aa1-a6d0-48f3-9419-e89306fea664,08e33b6a-3a23-e7f5-71f4-c2fcbc943164
3f7134b2-5b7d-4be7-bc2f-930930c5bce5,0b5e049a-1966-4136-a9ed-508c8316eac9,e89dde28-632c-2f15-261c-c221a7573929
dbe2795a-cac9-4673-8a6c-49e45480d93d,4943c819-1c8b-45fd-aaa9-69c9defa93a1,666ce20a-cd5d-9e55-63ee-42e4f0a23653
90b4ef70-36e4-44ec-ac1d-d2c13e259649,2de20244-93ac-4256-93a5-8ba709ce39c9,ca53a1e5-49e4-2f1d-18f5-30d2957be180
97a6e463-dc39-4568-ad39-6de83bff74b8,410523f5-980e-41fd-80dd-a2a831b3b05b,ac7964c8-478c-ad4b-37b7-bb0608ca6d02
45407929-12a3-42c1-9887-de62f348e2f2,69deda57-e09c-4af7-b3de-a10e641b9d9a,84d669fe-7749-1010-e7d9-227c24c5b152
c83733db-cb59-4096-9f35-ceaad3d7f2d6,4931fc21-0fdc-49a2-a3ef-edc74e5530c9,9406e008-eb6f-dc9f-1cdc-b8bd34e5f7a4
5b18ebf9-6782-4587-8fd6-8e334a2e4179,c6aaa43c-484b-4ab1-9d31-8728f50f92ac,37ff1807-537c-adfa-54d0-37bf0f637c33
b54a245b-b918-4576-a3d4-5d5ea2f53c59,cd9c6988-3f2f-458b-ac94-5da2766a4bcf,89c284b5-94d5-f296-8e96-67b288bcd95f
9f51b3b9-7699-4eb8-bd78-38d7dba9aaa8,533b6d42-e025-4694-9abd-1ec1602f63e4,5ca2d1fd-37a3-f848-b2a8-984b5b056575
31092e00-46df-43da-90cb-94725ca3ac71,5df9b45e-d9fb-4dcf-9244-3fae77f4b65a,de7a421c-6987-d5ed-e3f0-0aac570eb397
a950965d-5e42-447e-91ac-1c92cea37305,e5503251-58a8-4919-bbcb-a72734a0d24d,29de98d5-a715-e432-bffd-6176f0951260
b5cf4764-3b38-4a36-9969-cf9c62e5d740,a9ce8bd3-e9cf-4d90-ad85-6d710f118cdc,664d97da-59c3-796c-aa32-a48395ee9ceb
519dc42f-d46e-4c80-85fb-a642885f27bb,3b6bbd2c-109a-4436-8e07-632e036e2d77,124fff97-e980-58e3-0d7a-fb029e9349ee
b2c79876-d2ed-46f7-9b4c-b3a6b416dc48,800f69ca-53bb-4fef-abd6-fff26afda5fc,a09608ba-0ec3-2a12-65bc-e53a298267d6
ab3f6fb1-7cdb-4af9-ad87-6c13f1e16e7e,d5e6455c-fe35-48fe-b532-0cf9c92b08fb,51339610-5239-e6dc-2e59-ed9be355e0d8
d6d780fc-1d41-456e-adf1-c177caaaed6d,aa90b458-b84a-4973-94b5-f901b2215102,70dd6013-4890-857d-8f0f-310d30d2e120
16854c9f-db22-43c5-85d4-45db093b2edb,7c3eafbf-75e1-42a6-9eb0-5515399e9b04,6cae9baf-2c15-1bfa-5068-870fb338df3a
45f4bdb6-029d-4bd7-8f08-cd45ea3f600d,e0a42b55-49f2-4c02-8d5b-495c190bbebb,208621e5-2a87-93ba-5484-efa83c582e3a
3924498e-7aa8-4a3f-95b2-1a485998f6bb,590a4e29-534a-415b-b97c-55c9599fd49c,8b0b6f00-19e8-0c7e-eca7-9a519a8f23aa
1b5a0899-a2e8-40b4-a23f-416b7cbe009c,f67ab56f-daf7-483f-9f72-d56e36e361d2,2a2d08da-fcdf-5fb2-4d83-8e4f1eef2e84
d018359c-5fa7-4eaa-a688-3204b8a608d9,7181e5e9-c447-4696-830b-df01c7ba6e07,741f69ee-3049-f739-1ff4-d263a5fd7de1
5647bdb1-8f99-44db-9f78-ed9acda0e256,b71429a6-d4bc-4877-924b-542b23dcc95a,b712f65e-c7a8-a2c2-a6e8-015ff3aafcf2
dd4cc7e2-e04d-411c-8423-7b2939c8cfd0,009a109f-75ce-4ac8-ba85-c294a7249469,bb240949-5ffd-b00c-6a0d-0ad699f0c653
44a601ca-5ca3-414b-969a-64035d17ad92,c4389d5d-f9cd-496e-8e5d-1ad142c888c1,f5b6ff56-f22a-7dc8-5aa8-672ee7b4a48c
3073f822-528d-41be-9c82-f93c8849714e,9960f1b1-cd1f-4133-be21-1b40be093925,da2b325b-28ac-60e5-a37f-5debed6776e2
e1cc22bc-1976-4c7d-b449-c5d7bf4a69de,f140f3d0-a1f7-40ff-bc2d-80de4a0ca38a,f79d061c-71eb-dcd6-d5e5-e65b2b1a3f85
985b83cd-da5f-474d-90a0-5b7f8457f340,16106190-f52e-4f4c-b3c3-58e394e413ea,cb71ac85-379d-dbab-090e-4457c48562ec
adde7bc8-ddd5-44fb-a921-36a6daced3ff,47298b9a-7d83-4d3b-be7c-0306e323bcfd,499fe7a3-c86c-e5aa-c100-764e21564b6d
5dc7dce9-9fa2-4ce9-95d4-c0c376863d01,5e0bd71b-ef0d-4565-8b22-dbda7c8f9db4,67387b9d-b137-a4c4-ac72-1620dd6a0332
e53ca63d-30c7-4077-9cc4-26e48fb987a1,b14f69f0-5d33-4f2c-895b-8ef8b42db9ec,5a251d42-3a93-8d50-723f-0d294a521120
a0fa1104-ff87-4736-821b-03e201ed6b2e,6dfa4a75-8401-42e3-b107-8b81f670e7b4,2ce577b4-8861-f3d4-eb3a-c7a89bbb1223
4af33d8e-3de1-4fa3-a506-b443fb044fb9,079c05c3-23a5-478e-b3b1-69d028b48087,70df9d09-953f-1f40-05e0-0f657ae2b094
677bef58-4905-44be-aa69-50c446fae1ff,8c278f49-a8f2-47c4-9b40-aa93e9bfe8d9,7e365886-57bd-4d1b-9f3b-f32ebcf19578
8037e5ac-10d9-4c15-9d34-ebd2c7560f57,6ac0382a-0618-4f53-ad8d-362db646b0e5,1054ed65-7404-d90f-2d94-3335fd333064
73102c8b-b322-4e0f-8e1c-a251b8b33710,6201f764-e6b8-4887-94d9-16e90a4d1150,cfd5c5cb-aee6-9d8d-dd73-b46fc5d64d35
f65603e8-b4b5-4e90-80c4-82b30e13c32e,2afadd2c-735f-49c7-9ed7-6597933a4ab6,b6612c1a-eb68-4429-c8e6-b42e1f911b1d
e8038177-4f18-4cae-a740-32a889b2339d,96f1f76b-9d2d-4a45-b2b0-73dfcc779cac,d87dd9a5-b01c-ade7-dbeb-9a381daed1b3
fd38e961-f0af-4210-9a10-db14542abd4d,93f576ae-9ca1-46bd-a41d-317d0a0d33e8,dbdfe7ee-bfed-15e0-828a-4fc7f35f6952
d647758a-cb16-4e2f-87d3-7f58102e7665,b9b47029-19ee-4c37-8888-b14d3e2a3872,bc0ebe67-4ac0-17ef-37b3-8417fea36c87
18eecf83-14a2-45dc-89b6-6d1e35426ae0,e1e5dc5b-fcf9-4a80-9f41-6094890f5cda,ead1159f-d68f-532e-fe5e-24263fa1c22a
bdcec88f-8217-4036-b245-65d6cf872245,ffe2f05d-183b-4e2f-8a27-6a7c8a10427d,bb019998-0f03-28c5-dd27-5f88b3b2c54e
f7cbd13d-4306-4f3b-a15f-33220dc6ad0e,f43b16a5-44f6-4abc-9f11-e588d6f0035f,53f6e43a-0ebd-1122-a167-5b95eb17ba8b
67cbc551-7d39-478f-a8a6-d3fbde56693a,385c1775-9f83-43aa-8fef-5987581a6b74,d3e801d6-404c-609a-4ace-5169765a0682
bb942feb-18e1-4f71-8136-b53a545d1022,41f0dcbd-3b27-4f24-b350-27d9dec2a472,87dd1572-885d-351c-a962-80b807308480
1d7b8514-455c-4043-8b5e-26b79ed574f9,dd8fd99f-8b58-4a9b-9f1e-f79bab6ccf03,6839bad8-12cf-b9c4-b817-47c22b540f7f
bfd755c8-0c86-449a-9fd9-455105dbe2f9,52e1af76-c475-4ede-af08-e15c49401dad,8f5a26ad-56c2-788e-2f52-c02a92a66cd8
6495e8a2-d4a9-49ea-ba06-8d8433dfd7cb,651048d2-6e8a-4f18-84fd-70155f96d441,3c08e577-8949-2ca4-6c20-504f153ea9cb
cb566d9f-035a-4fa9-8245-8186e58e9914,736c227f-9198-4ff8-94f3-1161b2a0a0a3,e10479e1-d6ee-154e-a352-6a565bbe778e
a1e507c8-e453-41de-a841-ebe2d80fc047,e4937050-c49e-49c2-a330-46d93e54ec74,ec827975-1097-2296-4198-d6b553da3910
cb25ea2e-8572-469b-bc68-ba8a9d070ab4,6e36d18f-c95b-4ff9-98b1-f5b628636cfb,84c6a2db-e628-1a08-3e90-d944323ef090
5a093550-3633-4a8f-8bc4-5b8431748eec,58132dc3-3be4-4120-82fc-3771791234ac,84b9c050-8fa0-81f4-26b4-f69f62f2d57c
215e76b9-50f9-4cbf-bdab-fa10793a7a54,1ff029b0-386e-4c17-8b23-42d3e6a6fb1d,b938da39-66ec-73b2-f158-0e0624e06310
77feab76-ec99-4522-8324-fdd1d9b9212d,1f205d4f-a94f-4b50-8056-73cc1550b6e4,434d199a-d868-857a-3edc-3f2336b4355f
7ca6f8c1-d68f-4f3f-91d7-8f6aa5b44efc,36b434f0-8f29-4d16-bb17-cf45c1ddf144,036ee56a-c95b-c69c-a543-08f28ee64d3b
194ea988-1c98-42af-916c-7f113688ef7c,d82f32ad-aa68-41bb-8dce-7291068b4d6d,e056b1a2-3c1a-016e-e77c-c909f0ff42ce
44c41b8b-48ed-41a2-9fd9-a55052534254,6d326200-7e32-43b2-92c7-8a7289376d5a,d9f2e0f2-873f-4a01-0bf7-d5838e5006a1
815cc9dc-d2bd-47f4-9b80-fc69951d39f7,0523742d-03fb-4732-9dc7-037ee79e863e,209c2bd6-ba4b-5fb4-862e-9026441e49f8
b13fe025-8bf1-406f-a658-c6f98a32ddf4,a13483fd-f5db-4306-bf05-ba5cce5c0cfd,5b1861f8-a38d-08fb-6a37-d17120985970
acd95b20-2096-43e2-b66c-9145eb72cc51,873d7994-bf56-49cf-bf5d-798cd13cd4c3,d276ba39-df49-b8dc-5b8d-5781bb8b302d
c0177f7d-6164-4a97-a3ca-50b7c2a23b04,514b7ec5-a052-436b-9d3a-c36a9ced48b8,c7a7b986-86c8-8e19-8fe1-16ff6289c581
a11b47a1-b7b1-423d-97e2-c621befb8b3e,2d971fcb-d5a6-4b3c-ba59-5969da58ff06,1a58bae3-b181-39d1-4b21-aa3dfad1cb3b
73c82d02-2817-4243-86c7-e3b4ba15b114,538146e2-aae4-489e-a34a-429c7bb009c8,0dc2c3b0-e2c1-52d6-458a-85aa93586c35
9d82e9cf-7825-456f-80a9-ad6925706f20,af52ba27-f67a-40b7-8e0e-3da94e274a9c,e2d24410-ebb6-dc81-3487-ccf0c7814d35
85e13f3f-50a4-42e7-b751-e736544ec5b6,983b91dd-0d35-4314-9723-d2cbd70b9f0b,46bbdbf4-22f4-9729-b98c-813909d97a78
4cfd465d-2e77-497f-89b4-1782ed8bfb8a,d65fbc36-e799-4357-bffe-8f4357a9c2b0,1839fed4-be26-43d2-c3e9-7691edae7b3a
14cd0088-1817-4b28-9e08-2bc42e8a0ec2,60509515-e0a0-43da-80b6-448e4d6caf3f,cdbc7408-0afe-baa3-34e3-affba35bcc73
fe315454-8619-44f9-8b20-c312aea63886,90fd09a8-d9f5-4707-a953-f88ff25e0030,7e936000-03d5-3196-1d64-d5dcfe4466c7
f4adaee9-cf53-4418-bc08-525b2a9b8d97,8a53ad09-65ce-4ce9-ae77-993948bb582e,290bb785-99ed-b219-dad7-b98d8ee8dd51
7320b748-5320-43cc-9192-f085ecda040c,d0cc8649-dd21-49fa-b242-c1d709ddd722,28b5de25-890d-5223-5eae-ad5da40a4dc3
47e199f0-9ef9-45af-b391-bc928a63b817,35246677-4428-4dc8-9314-433d987d1d39,e805fcbd-cf8e-4296-985d-0a1213bb9d82
a6a4d418-ae62-4f7f-b3b8-41ac84342737,98d700d8-bc01-422b-8b2f-58e7608ca465,38e5611e-4270-3fd4-4c5d-e137117a9c05
ecf84e7c-a029-4996-8e71-49c56f6fb0a2,f200ae4c-088a-40a7-80d8-2edf48520e87,4e25585a-6f86-3ce5-0f9e-a05b04743e85
c7688543-dd2a-49db-bed4-89c2c7c3d956,459dada9-5d0b-4282-bc0c-e444b45c8c1f,55fd0704-2265-339e-5846-367ccb9e15cc
84e97a13-5c61-448a-8fa2-e67eba1b6be6,281730de-7626-4ec4-a379-f259a2725a00,4332e4bb-0fde-bca9-0070-0be9ca9f4862
53c1e5f3-bb23-4d2d-9329-0ceb8cef77ae,33cb7050-ca5f-41c7-8900-2a6260942bae,5bef548f-81c7-8663-018c-8fcd998cca3b
0b34ed15-40d0-4150-8e30-6f170c5f5691,6586056a-d916-408e-83d0-26b2223e4187,52f44607-4cf9-0978-8684-45810fae5ab3
039efc90-3b6c-4ec2-b3b4-468938529aef,770ad596-4281-4d55-862c-2874f426abbc,0ddae10e-db38-90c4-c9ef-77fbf80d3e00
dca2ca6a-017b-44d1-8299-6c8df4233fe9,d82eca2b-2213-41da-b21c-cc2f886018a1,6faf97df-2bdd-3ce5-c0e1-d7a7f1294389
f8a71398-6fdc-4da7-b4da-506d7babcd52,badf7e4b-c4ea-4191-b145-6b3c9a614cbf,4d9822e8-36c2-01bd-84e7-43bc7e21429d
ab1187ee-464b-4b69-933d-f595b0ec312f,f995a8d0-0880-423e-bd29-6ff7b070e266,569d910e-b0a4-c2c9-a01d-fd4bac49e3e1
c19b4c98-d997-4812-8b89-53d1c4623ae1,f546b965-28d2-4bed-9dfa-51b4a92ace9a,3714a148-1c00-3590-0575-cf1689280470
d76060bb-ac62-4ff8-a378-947990db84c5,cdcf2521-bb99-4cf9-98e1-3814e4fa327d,8b51344f-5080-9205-d66d-b90dec4831e5
cca45702-14a2-4128-a5cc-e3337db605e9,dfe2045f-c664-4109-be73-4c82f56db6aa,c61b803e-4a18-97a8-08eb-a7f4654168e1
57eccff7-74ff-493e-b219-58f2dfd8e118,3e26c51f-39a8-455d-8386-cc3cb6fcd79a,76bf01b4-6aa5-54ae-f53c-ac7a467d8e58
d8fe33ea-f157-44f7-9880-b1222fb1963f,2de29ee0-7c7b-4ea2-aa47-a5ef4d757157,2030bc0c-7a24-72cd-0a07-79c16929fa51
e5329098-4c00-4771-9544-eb84fcb9ae69,fb5e4f9d-8ccd-4426-bf2c-034c002b8be0,275b224a-b9ab-8135-f572-5cd914e045b2
53e52cf3-ffd4-4125-aa4f-338d1c234a0b,bdd7ee55-de95-4bc7-9547-6572aa0c6f4b,dea1355a-6f49-f820-7cdb-439569513dfc
a4f8125e-d61d-4ca7-bf45-090024ee31c6,e7c3aa08-a687-416f-a8e2-3aba9204b29a,429b62d2-b17c-2eb0-132a-c1000755d76b
7b9638ec-5f77-461a-80ca-adc056a2ab5f,615bec0f-7345-4748-af0f-0d02c51efe1b,45695b61-539b-c94d-6e92-f6f29079d309
5f844c08-1c92-422a-b97c-fdbfca47f761,1fe4614b-a851-4e84-ab1e-03262272f437,d1d0fee1-7b35-6279-bda0-4e2349f4ec3e
9f335ca1-c977-4189-b0e6-bf3a89f59d3e,bdf2230b-6428-4725-a289-91160360d9d5,201d6d56-b54e-6e1b-f32f-991adf276f5b
29485d5e-57b1-4a41-97a6-8da5cc82eaf6,573e17d3-2551-43e3-8e7a-0e135d4c84db,70712a3f-0870-f2c7-9e2b-42af9f79b7c4
bde205e6-24f5-4f7d-bad3-f6d25ec5ea9c,894808d2-e681-4add-9f8f-5984b681d631,23054f56-8e17-7948-940a-168f2a616b32
90143e6e-582c-49aa-8f5f-c3266742dbbf,3294ea69-fb82-4159-a3de-dd7562dff322,91338d40-a051-bb34-e125-56100420916d
57eedd6d-d623-4a19-829d-dd468e504488,054d7988-2dfd-4991-90ca-f8d28b23e1d6,18246bc3-7458-88de-d287-4dd0a11a0ee0
81e31966-617f-4187-b205-ae2dd939adc3,32db3934-53b0-4fca-82ea-59df7e153e1b,20db8a40-4814-7a40-45c0-70bc31a39081
ec1cf812-139a-4638-803c-1bc5d42e89e0,4725414f-44a1-4c3a-91fd-f9131d5034ba,d5bdb470-0b5f-027d-bef0-3af63a6a5b21
5ce9797e-1026-4fb1-ba86-3aa56563dcac,8fd0619d-5497-4be1-abaf-cc87961dac2e,f8c42536-9f20-cf38-fce8-cea6c03dd11c
82d038a9-3225-42ae-ad49-612c50029e21,07b39d49-3bdb-424f-9cc5-75dc3099b29a,5180b841-88b5-3ab9-3546-5850e27546dc
9729960b-185e-4fde-8f5b-b23d6341a481,47f6ff82-69fa-4c2a-954e-9db09d933424,2847c2ff-b91a-a15c-596a-60b4d86e1b8e
676e6f77-6805-43dd-b5ea-92c5e3d8be6f,46b65385-fb4d-49b1-8caf-cba9da47de8a,f6609244-1539-13b8-a239-2267b2d0c4bf
031e8e02-899d-46e8-86bc-d1e7252d62a1,bdc330e7-c2e5-4075-a0d7-7e7f4a590402,3e203f05-6c98-b792-a7f0-5731e70d4b4a
7ea58b37-3f58-4213-95ac-23c9fef8c0fc,612138d0-f827-489b-bb5d-fb5c64bc7677,5eb1bbfe-ca73-ac60-6a22-0c0d8fb1c0ca
d2f48079-cf5a-4394-9d2b-3690e6b284f6,fd31715b-19d4-4beb-aeee-25a758c207ad,36a467b6-9f99-7a50-9994-c57396bdf92c
4e539b10-0b34-48b8-857a-96fbebc1c925,29d78ac5-f1d4-4445-b429-2dc4a49528fd,f7cd3030-e827-583c-495c-2ec0fadfcc24
114f160c-d021-4c5b-9cad-710ac906d247,de890790-e086-4da9-8a3e-80e30869ba31,d50360d3-a9f2-2dc9-5d0a-c7cc4400e46f
69518ce5-20f7-4f82-91c8-f86076794df3,ad5e5320-8275-4abf-ba05-5e1f89b48f88,c6051e3a-8b2b-440c-d725-b191815ebfdf
eb1a64cf-45f0-4419-9c61-7f0fb65a4f68,6ca64cea-719b-45ba-a189-26f95cdb2bb9,3ad6a5d7-dc78-6a1f-77c0-2e3618a5c61f
df068c47-7cca-4fde-80bf-c9536cd44191,7b9f5b89-441c-4b31-accd-b1768e8ea70e,145d7329-9f3e-c32e-86a0-efa5b84d15b6
b3cc6810-d030-4cda-8681-7b62b7429312,14f41edb-61a8-481b-9788-9d962a78b3e2,b302ac66-9a29-c44f-f77e-c80e16402d68
274199cf-b49d-4010-bc21-8ea563152448,30d669c9-a99c-40ae-97d4-fe926363f643,c421f9fe-a1a3-1918-dfbc-652495b98971
977463dc-de37-44a7-8aac-0b544690b7e1,14633746-706e-442f-8f46-c2128835bc95,8d071e45-1c98-db87-ad4f-795a9b37b5f0
ad4a9bac-9d38-4414-b71b-7347a382de83,3e2b36cf-3dfe-49d4-864d-780c2d6bf1df,2bc16728-a2ab-2971-35d8-4f0dd7397b32
3da6c265-1cf0-4676-bd52-c06ad7e5cae5,d9360281-20d4-49e2-8b3e-37d8661adb61,56fe98b0-16f3-d955-1f89-2339df2bd5ae
51fb1e1a-fb6b-412b-9bc9-38891bf9cb8c,8fa1db80-53ef-4f79-b637-5dc9d1f9c293,8c003d70-c7d2-8ba2-293c-0074ba1b3ea5
f2fdd4be-5645-4a08-b618-8c3e4df2c59f,da820b94-519e-44a5-9de0-e5ab04d841d3,75c54439-0005-b67b-21de-8db2bc2cc778
53f7b7e2-0a33-47f7-b128-643ec7036915,998c2973-d78d-4845-a904-33a5153ed71e,17fae339-6215-74ac-0923-c8f6d15c5c8d
4c87ac32-4bb4-412f-85d7-1df59250ed68,cbd456e9-b903-445c-9d5c-e35cf9dbd546,c9b98d64-8b51-2977-e22a-a1a7374408de
fa5233af-5ac0-44f9-801f-8d6b9b10043a,b18956eb-8d2e-435d-90ec-7f09753f0407,d906c4bb-e4dd-88df-8d00-fc837703317f
095a59ca-ca40-4f11-8a72-2b81cf34cf24,eb123e44-2c1a-4584-b6ba-49edeffdcb6f,2026e2b8-5f4c-65f2-2be4-af8d66d10f95
57f2d397-1a69-4a53-b419-26e97dde0c1e,d0791df5-bdd8-4885-a208-140faf9966c1,02cfd041-1b64-3eb1-c25b-ba84790b3b34
f74c0150-dc26-4814-8f48-fbcb86fe55c8,fa6e7b56-a402-4b02-b42d-2437264a601b,ec659b54-941d-310d-83f4-4b17b8175e2b
bc1d6807-54c3-4562-b36d-a3941775aaa2,6260b435-5ffb-4f83-b6f3-c2255bc4f4f4,34359d66-4a2f-4ebc-fff5-cfac3fceb3b7
f0362c0a-b2bf-42e1-9045-f339a669f800,25420a3f-5cae-4d88-bc43-14aef55e9660,9172efa7-8700-7834-820c-a59c11ac1e6f
4ab186ab-699b-490c-88d6-1550d1415ab2,0fb5ffa1-e52c-40e8-8add-b8867490bc88,2327cf01-43fc-c2a1-d6ca-f06b393680b6
3a4a4650-b061-4e21-9a7c-f21882348d98,69763efa-237a-424b-8d40-0b7da5aba656,2e4b3273-de50-00f3-793a-ba24730e934a
31b75b99-1a1e-4c70-9f43-d76ead6edec5,1bab3678-703d-446a-9bcd-9aeeb0bb44fa,ca93abcd-d47d-a725-40ad-872caa2e2637
b5a83b19-d3a8-49e7-9d17-21997cff6235,f13a937b-a410-4ecc-a0dd-1bb95dab6751,1e340eb5-e2e5-61ba-27e7-c9e266661acc
8567a5c3-c67b-4414-acd1-79de08c82d5d,b121be8c-ddfe-42ed-bc90-b0a971455da5,9a86f6d4-569c-7471-f2af-5afbde24573b
483357ba-318f-44f4-ab36-ecce359b3ac7,ec6848d9-46c4-4ab7-9ef3-589470c6e397,f0005037-7afe-d308-25f4-c69f25e79f0c
ca1959f6-dae0-43e4-a452-76a3964d4258,ab2ed163-65c5-4714-9996-29f1c5fdc810,f68c7c42-67b8-f8a8-eb6a-aeab703c5810
fff199cd-c883-4661-9f7c-2fbb6714442d,200d6c6a-b56d-4f53-ad96-3eba694048d5,60394047-7bc6-2c41-f46b-693b087a3a1b
e2a7ea5e-f62f-4739-94e5-a2a330f5d903,7f0898be-dbf8-4267-839a-4898f1ee1c21,669ebfd3-5135-725b-51c5-96a3d737afdc
509e3648-c8d6-43fe-8a12-13a12fb6fc69,a357c927-d4f6-4916-bb33-48f1197cd125,71c1dbe9-fca9-a344-6169-708563a966a3
6cda291a-e188-4a5e-9e20-41f58502d589,5eb7ff58-9cde-4c63-be8e-5649d3861dc7,b4f9772f-27c6-5b7e-4bf4-25b2a204ac44
97ebc9af-2d80-4d87-bdda-93925c290094,e79bfe17-0226-414c-bc16-0484578d438c,7a0ec4ba-5e6d-3585-4c97-a44a3b6363be
5b2caa20-7be6-483f-8bd0-5267311e1905,c2ca2059-642b-4769-818f-44c2f8a92448,46e1830e-a228-c78d-53f9-5ab92823f9ca
8567fbc2-91dc-4a9d-b73b-c0841e9744fa,1c4d3560-37ba-49dc-94a0-28644f23d06d,1eae31a0-edbf-d0f5-8e8b-aa8aceb2f7b8
fb035eb1-ba4d-48b4-8ed0-e28fc9621a3d,88a090c8-9d0f-41dd-a4a4-b098356ffff5,64f2d7d3-720e-a966-1d0e-0443ddbaa08a
a080e171-1988-4b20-b75f-0b73b8c7afaa,5f7f75f2-cf13-430f-9671-503ce49e6911,34762993-119e-127b-39b8-37a710cf4467
a65bb826-d9cd-4605-b2b7-d2dc3df07e78,3300c29d-4834-488f-8ff3-89cea1adfbc2,dfa5cd02-de99-e625-0fe9-4a11ff42e936
fd1094d7-efc4-4d2d-8536-b7769d75e090,aae001ec-02eb-4864-8d95-b72b534a9cdf,037dfd16-c92e-6cc4-6e41-29deefb56cb2
130b405a-7027-4baf-8d23-0fab8804dba9,a637d8dd-a962-41a7-8176-5beb3bc8e8ff,78dc5b25-ad58-f39c-ae44-cc8b6062a4be
f855978d-46fd-42d1-ae76-05d3c491a45e,33b1c0c3-1df8-48d8-8702-68e908c03867,63c21598-a9cb-22f1-3771-f5f878aa4fd7
40647353-3f84-4ec3-a0f0-a7f4b36f3829,4198c9dc-ceac-4738-a7d7-1cc1e75905ed,28ae8355-8f26-7e6d-901c-c3a3871044d3
80669ce9-b13c-4e89-827b-bc27b77a240b,c01750ef-b10d-448e-9f11-26e45286f6a7,751f2806-ecc0-3aaa-1b8e-95b20de1736d
e2817bb1-24fc-49dd-945d-1324d0f7e16d,3b68da47-1153-4585-8314-1ca0561a97cc,bb2c0906-96a4-c07b-7d94-b9211c57e754
fc169e78-fde5-441f-b4de-a0dd9bf3e0bc,6e5842be-7206-45e3-b322-ff4b99a67325,4ab674e7-043a-c940-e28c-66941d3997d8
84b85a01-489f-4bac-8dd8-bf4d7af4d345,38bbbd17-fc49-41e6-9e12-1cab4f1eb6d6,e000f17a-01fd-d1d7-5811-e1c6ab49ca4b
4d01d22c-e6c4-482f-b4c0-dea275c22fff,663125b8-84d8-4625-97b9-883d23c26cef,a307407c-601d-d3f9-ee9b-21a692e9d680
550dff80-d226-4bbb-a7dd-bb1f2697e76c,b1fa3aaa-c49f-46af-a62d-00b1efc0308d,0e9df44a-7230-916a-bfa7-eb1a951938db
7ab2dadc-9a35-4562-8ab3-f0949b148adf,6fe70d88-342f-4ad7-9bf9-718a3f02cae9,a5426c3c-8f1e-77c4-5514-142b7966743e
969e35a7-e8f8-4c91-b806-1ba5d536a48e,3e993821-3286-43f7-8dbf-cfbccfa02d89,102466a6-3181-42be-1697-39312ce5d621
99be27c9-fe85-44e4-ae00-85cf0cec304a,62244214-bf89-470a-b817-effc0ccbd243,43801230-300a-9aa5-421d-071b3550cbde
4e934439-3f9e-4666-8b7d-a4e803822df5,0e4bfd68-6277-4679-a078-9fbf48c79215,907a6631-845a-1139-32f9-1052c74d8f34
64d027dd-de97-43d4-ad3f-8a22bbb7e58e,411e8135-e2a3-4f84-b821-7a4ad6e9854c,94827cc8-f4f0-1171-3036-83ba6cbe1965
4a6bcd0c-92d0-47ef-946c-18bc95398a59,e52a0257-f496-48db-b2bb-ca274daf53b5,174f6c33-08ba-554e-f94a-fce83a733b69
7149d623-2bf0-4baa-b55e-5af26a9b7c05,2efe51c4-2f3b-454f-839e-db3948cc645a,e69d9b87-65fa-8adf-3424-bb127f13ef96
a459b201-4549-4d52-97bf-0c0b89711394,19a136e6-b997-4d98-b1b6-1bd905324ac9,d8e96faf-2ad5-0510-c8bf-146128adb660
62df9431-fbf0-4d49-b54a-97db4c3ef78b,de126780-d92f-47b1-ad30-82ca4e7d1188,b8bd9b7a-e300-2a3d-d7c2-fdc255302e5d
8b4d805b-f56f-4691-bcbb-ffbf34eaa18e,73f1f9aa-1164-4beb-b3fe-8f38a5a3bc48,2bf1fe94-1b06-d5b4-7c38-3daa70662f9d
fa831b57-d6a3-4cea-b989-3acf7d9d3142,bc651155-1084-4dc0-a72c-04806a619e4c,47760610-ff58-191e-90e4-b3c97d0bd2a1
05ec02db-7051-4512-ba99-e65dbdfabb9f,9b319991-0393-46df-8fc2-1583e5f55e3b,e3b32524-f5eb-6d05-9143-1561c01f8aae
827a21dc-3239-40e4-8f26-e16e43abd0d3,c76018b0-5357-42e5-94d4-a5d22e6be31a,c8c687aa-f4b5-a958-899a-4909fdcf2556
f5abafe9-4c51-4098-b3be-48537d9ac571,3d64fcb2-fb50-47d7-8ff0-7c83bea4fc2f,156c88ac-aeb9-1d40-0a76-662db39dfc06
f6ae4db0-cca6-4711-951f-8a85f6fb5622,55307c25-2a69-46fb-b5bf-882a0ea17aa2,a2105192-d4df-1e29-b139-7196fc58a14d
8db54abc-36c7-4227-bc8b-2cbc4a6d62b7,3c61340b-3bab-4a47-a68c-ff3d03cc66dc,1ef55345-47fa-ca45-706b-fdeb9ba83e5b
abcfa26c-a8c6-4c1f-955c-67a79340eb6e,50c4126c-6935-4314-af84-d4513c212b34,78382fe8-f3d5-9de2-66a4-7a7b6695bf65
a32c2570-0f4b-4095-9409-8ceed6819705,c5ac5875-62e0-48af-8a38-9b2a5933acbf,2e3547cc-5de1-af68-e1f1-a20799a23fd0
53cad73e-8d4e-4588-82fe-a0b047fcd55d,ed960ef8-4d98-491f-ab10-fc4df7b64ec8,d619efa8-4177-1d13-a20d-b68e59744d72
40aef1bb-43b6-41ce-8a0c-903424a0d196,564840a0-2efc-4ceb-abf7-6870a827f939,6fa8af14-3385-dd81-9ac8-01302d65735a
80b810e2-b214-4d50-b5b3-e7a808bff8f3,1a0d4cf7-ee87-4e69-af4b-c8edbafb5d6f,5214482a-8b5f-0163-5378-a9dd8c8dad4c
c1e08f8d-78ff-4de2-8209-5488c21f9fa8,7bcc32ed-6495-43a9-9e21-8c4776d009b2,3b23ee99-7c72-a960-4bea-47085b7aed12
f77a3b0c-b18f-4fdd-ae6f-d550d96c7165,84a1b25a-3005-49b4-906c-c937b36e0a99,ae7d2d11-72ae-8b6f-0800-62e7b873547a
806426d4-9265-4c09-8e5d-579b159507b2,7e3ff5f1-d6ba-4d4d-ab35-bc3773c75556,48921da2-c921-c25b-7691-93ccdb3fff6e
5d2ad069-9020-40dc-8a69-3df302a61d0f,cf2dbcb2-814a-4220-8e89-4d846655bb4a,c14f14fd-984b-f515-a7d0-0dd28180616f
28fd876a-4367-4217-b777-0cbc54ad78fa,a86d4a27-23a8-49c9-99e3-c027b2e30eb4,8059dbb9-2ad9-5985-4fb4-550d922c31f5
5cfa4453-a481-4c53-96cc-d6b2f82d01f9,c94b115e-af80-42ee-a26c-c3117dd4b52e,43b59cf6-96db-5274-b8b4-6bd13fb45ec0
90256b1f-b4d3-477f-a78f-8f0159368486,f1472b7f-dedb-4014-a646-29ebdc034ce1,9a54dd46-0ede-0817-3606-f0fd440979fe
6b2b5f32-9f4d-48c4-93ba-a9f98dafe01b,cd08ddeb-fd3c-48b3-92dc-535b221b8450,81b80297-14ab-afbb-f57d-ed7e830e352d
8a8167ae-db09-458c-a1c4-46073ac47410,a8a8de39-9881-4158-8224-05f842f2ca13,409ce3e4-6b7b-8627-31a5-b363d21aa2a7
51763499-e47d-4011-a790-b8fee20172fd,4084b045-5609-4733-9e5a-67998afc9025,9f886e73-23ae-2239-4242-e0644ccac842
930d0347-12be-4b0d-ac6d-c14881fae277,1b721411-a9a4-4cdd-9fd8-c9c80e1955da,d016352f-e5f2-bb13-2488-b5234a1f9f29
f489e6ca-c3af-43d3-ba75-c578b3f1b115,d1dbb87d-653c-459d-a9ab-c4d28ed21b57,1f70e1eb-f7f3-54d3-f1a2-3569424ffda6
7fc6011a-719c-4d6b-8637-fe1ac5842c8e,c1e99c23-4a38-4fef-b4cc-47c74762dc6f,48935649-3cfc-f874-f368-861aa72a8471
b5444871-7a8e-468e-bab4-fd825fa2bfa9,d23268e9-9428-426b-9035-86b11c1cf3d2,2403df66-15c8-3f24-eb40-e33d3e59f3a6
8271e5d5-7d14-4ad9-9c91-98217de8af0e,09513a9f-37bf-42d9-b6ea-12a8abac7057,b01ab73e-1e3d-8337-1baa-23ab674aac3e
bb30388d-b224-4aad-ac89-7726ad0bcb07,f4e0a298-e9eb-4462-8d75-99bf866ec86b,77e37a31-429a-fc95-06ba-338e3295dec6
6e5e862a-e6d9-4a08-a60a-7a1a13dcbefc,b3ccc3ad-cee6-41af-82e2-cf8ffc77ee13,3921c4de-9b2c-0c12-e1f1-68b30f6dd6d6
9834a382-b6c8-46d6-bb7b-b472faa3c16f,50f4bc71-0c0d-4537-a0f6-ae29ac4b2fb0,0cad351f-6e83-e411-0b0b-cf248a2c63b8
7572ccc8-3f4f-45d4-af4f-ec591545aa21,7b4d9e1f-335f-4e27-9d94-0890ab272654,77354900-c893-71f6-921b-e16ac151fae1
71767491-c43d-4811-a137-2ca04366e666,0985843e-0a0c-4f8b-9721-e88faf7b64a3,51ccc76b-61d8-cfc2-6797-fd63a449547d
8e1c1a86-9560-45bc-a405-0ee058caad8c,9fdc9fe0-e39e-499c-b647-24413d4e4caa,873151a1-e594-980d-5c5a-de12d2400e52
da5830c6-ded7-43f1-8a84-3fb26c8e0625,4666ed15-cde2-42e7-9a4e-4563ad91774b,59ba0384-cf36-241f-ccb6-483656a9c9a9
0567319c-e720-4c8d-b054-80cdc0cabfd1,e0b1563c-3a09-4019-80eb-307f422955cd,d22ee17e-8603-3b9d-ca09-62c76e324423
9a2a26eb-4a0d-4be2-a25c-7305015a5ecc,c8cc3ddc-d1df-4478-86d8-9de08c4ccfb3,ac5f92d4-85a8-8e99-bbfe-599d5dd5e7d6
4fdb835c-f835-40c5-ae4c-5ebcfa45013d,e8dc9e68-fabd-47ad-8435-a978925d5f09,49549366-9433-e62a-ff81-5479da09a177
06ace141-e971-404a-a779-6c4dd17f5083,996c4cea-fcb7-4e2a-b33c-63cd317a5f47,9ae6d146-7e47-0fff-f874-9c773dd3f44c
02105ea7-0318-402c-b18f-43aced0baad2,2e63cf2e-6ed4-407f-81a0-7c60c8092e28,dbd12f71-f422-5e87-1dab-b277248149a3
dbebb52f-6865-40e9-9812-57ec07341004,6e5bf85f-1740-43bd-b9ef-9f207e720e30,ad8201e8-c1c3-db61-3fec-80a8b4a78c9a
533537c9-6552-4893-a260-d131217bf0f8,aaf3a4d2-a6d7-488c-9435-7e58d9f6ed8d,d57d4372-8bcd-2440-fac8-2c844843141b
32776283-8d68-445b-bd40-17c565d308b9,4f97aa14-0404-4788-b3d1-b8fb69c62b03,383e7c99-3312-a922-888d-9bb5c1c01870
382a0cf4-a1c7-4ae6-b1f2-453dd2b33d7a,eecc6a7b-8bea-47bd-a42f-2675cbdf9fd9,3b20f1b8-ec7a-cf15-3a59-0f1ea913c225
de06bb80-f6f7-4643-a201-23df2855c08b,4af93c30-cd40-4306-9179-26813cf86181,dde599f9-09c1-f98e-50c4-723ddc61cd6a
0a081955-31fd-41c4-8aee-c5fdcad84b76,03ec01fc-4609-44e7-91ee-726de5c52869,b18354ea-d12d-fc30-2c5c-2fc8c9c1e5df
ebdcb04b-d409-4060-8380-1e61169d73a9,b7ff334e-36e5-4021-9c3d-4459e159b74d,b45f8788-ab7b-0d8e-ea01-4ff75fbf8ea6
9969c47b-488d-46b8-afd1-4b80245eab49,11c882e2-bd79-418c-9151-36012b488624,97b79806-6d8c-98da-a492-710ce1c0f5b1
a452e0ba-a631-4a31-a1a1-87d7a5d18f5a,5dee538d-cf44-49ad-be98-00d266863090,9f2e2e79-4123-59d4-6193-7da305d15698
3aba2d88-66e9-45ad-871f-691702c08e79,20bf07b3-1c57-4972-b31f-fe15ef4ecd52,92e02087-97e2-1675-201b-c655cc23d934
9d55e806-77c7-4870-b875-5fb45ce50b66,7ae06210-f63f-4455-94c5-b859b5521e5b,afb3d27b-c01b-242f-b077-824de99b1637
efc59478-e4e7-4c6c-967b-eab9a98d270f,f8d8d346-1c24-4ba3-b924-d7384cc976d1,749ccc94-477f-d9e7-e02a-54e17757586f
c2e3e2cf-f941-43ae-aadb-f3d7a986c477,8794c62b-8ecc-47f7-9588-eba96bab06f4,804a799a-ea74-dc42-1429-020184c4b0e3
beb19167-71a8-4f92-aeb0-e69278179de3,0d6b2c25-cb58-46c7-bd71-7116a3093730,5364233d-be50-9518-bc38-77687da4d3dc
1e97240a-8abe-44d0-ac66-6d9610468252,60fc5a09-8409-464b-8820-b9c1d431edd1,4aac7ce7-274e-2d7d-45e0-493ce2d00a43
d6bd3fa1-576a-4da4-bc14-e1e60b539f64,63843625-a697-4ab3-ac4e-08ba63cf3745,5d3c8ab2-e698-91e9-3773-1459b54d10b2
07bc206e-c812-4f9f-b812-ce3e36253256,a92df8d4-0a52-4031-94d0-d69a36abaaf2,298812a7-e851-63fc-5cc6-6b07aabf7b39
ed5f80ec-a46a-4864-8c4f-2b8e820ae518,71734be1-2222-4df2-8203-8a18f8eddf91,4bf083ae-39ee-a592-2404-b9e36201d9e4
bed41e60-ad60-4685-ab02-21718e5f3f97,278a1158-51ba-4bff-be30-7b19404440ab,312f2bbd-6e56-7e02-fc1b-8872c1f137df
673193e1-ad26-4973-8dba-336521644c2a,00734540-060a-4934-a215-bfa03f15ca34,4a7d3a2d-61d2-566f-a100-187b0a107813
9b1a7722-e25f-40ca-b15d-66e07ef99f5d,e0192849-8fb3-43e8-b21f-63d89b67e84e,41875581-f5ad-8bc1-feb7-327cc5a68d2f
bd95f3e1-1405-4e1f-abbd-7f67d08c247f,82ba528e-66dc-486e-99ba-2aa2890ae29c,4f161444-bc9d-1ed9-111f-ded47aa472d8
639bef60-df57-43e2-9a3c-cd487fbb1737,5eab2e0c-b5e9-4a67-acc1-d432f34060fe,e9160d89-3f12-dcc9-9127-40423f1a7b58
b8d4b9ff-28a7-4e5f-9b15-e3e91efcbf22,2eb52278-cc10-489e-bf11-728de93e74d4,9614f816-1def-ae00-85a5-4b15eb0e13b7
996fb695-4d5f-4446-a017-084f76ae52f6,ac93ab06-618d-47cb-b6c3-6b26b24f5eef,23bca89e-8922-f2d9-5142-fa16f1567dfc
3bd8b8df-d4c1-4cce-980c-5d4308731d1c,3fba322e-da63-44a4-9b20-780c98bfb4b4,c6321102-4e7f-5947-eeff-54fd217381cf
b52483e4-21cc-4950-b42a-8d487eb03383,1ce8f771-b903-484f-bcc7-1f6b346eba61,9e936dda-d3d0-4b33-cac8-4e177a6e5048
9703926a-cafe-43c7-b556-c84dac9b879d,50b77891-a6ce-4b46-b14f-82e45600ba6e,f86471e4-32f7-2d92-43f4-6823805a8b27
703e8dca-0321-4701-94bb-ab2ca6590ed9,3e1c6383-6cb8-42e8-a055-959315c2d873,8b8755b8-9a0a-e7b9-76b7-47e44c6dacb2
af0b581e-510b-4cd0-81d9-bb9445338bda,d979c0ef-8272-41dc-8b16-198b4bb9fc90,c82e71dc-c5f4-20ba-b54f-a070d770f657
bfc6384f-f78a-449f-801f-9032b953b8fd,4c7dcb7a-ca57-405f-b843-66d52239bbdc,4775cc32-c8cc-413f-bd48-724eabf99b29
e3eee74a-c22c-4776-8116-ca7a68877f0d,8b888aee-f769-426c-af9d-80257028dbb8,560d2a30-1d30-2632-b41f-53a5d4f54fa3
da185b85-6aa7-4fd7-8193-e0cf1d769cab,19f442e0-a055-4ba5-baae-af1ca6b86ad1,a01ae5e8-b764-63b6-d922-b44fc400d482
b4c97a54-3d07-41bd-96fc-6ac1a5b2816b,e76dca59-9ed6-40e4-8624-e634b925bbad,1df1bdc7-43e1-75aa-7280-f73766d6a7be
806cf89a-3bd5-41c3-90a2-5fb30c7e1c3d,63f8fa08-0c1b-4d6f-987e-17766314a393,4405047c-bfa4-13fc-cff3-28f2bde1963c
7376773f-3164-46d1-bced-0d3417410763,e39447d2-77ac-42c3-bd77-883125ee7ab2,1025ae1e-11af-6203-3a35-19dd9d8c2555
d1221f31-9175-4fee-b05f-352bd6974a29,38050dbe-8871-4b62-a296-6a323399ae20,027efb29-8b65-9a2b-ec93-fdcea553b3a8
d16a3b1b-f36d-4063-9c89-acc181309928,0070dfbe-8ecb-40b8-a3be-3f18c75348d9,b01ab73e-1e3d-8337-1baa-23ab674aac3e
751c2db7-88fc-4d9d-ade2-aca2a891f7d8,5aeaa5d5-50df-46d3-9aa7-207af3952c2b,2f8cf74c-540b-0959-0026-613cc0a6143e
f21db452-e96f-4609-918e-60504930569e,2781f33b-17c3-484f-96c5-b3ef3dbbafb9,e566104f-709f-e638-3c57-bc812b714659
53abdf5e-baa8-4029-a575-45d344fb94d5,204618cd-9092-4ad3-b938-ba94d78db039,026e02f2-4890-f1ac-81ef-2d94907d08b6
9b6bf463-15a3-4bd6-8536-ace409edce50,3c48e84a-629e-4b13-9362-33fe8ed17f96,6fb369e6-c676-3a4a-9f7c-3341d01476c8
b9626f72-7926-4411-89c6-4523be009c35,5d2cc997-426e-48ed-a2e2-d1d83dee7803,cbd0e68b-9f5c-271b-31dd-8b4008c57143
163bf7eb-3be7-4d6c-b8c3-2c4688563d42,85d139f0-5dc7-4fa3-9aa4-03d8c6c927f0,7cd6a89d-a6e4-3c0b-a279-54f20fd7af08
0f38fc0d-947c-41e2-89fa-ccdf877965c1,0c34c387-2517-44c6-a324-1d80f039d80a,1cc21eb3-c341-30bc-b0be-493651ea045a
74cfc764-f113-428c-972f-e318163defd1,e9d4453d-e150-496f-8491-ab3fb9bf4ebe,90d195e8-0cc8-0074-946f-0d2548731d0a
2dc2b696-93ae-41ac-89a0-d86f7b00597c,3431432a-737b-4add-bcc8-7e441295103e,37f37728-82c9-d0c7-2337-229d3e6649f3
f8e9636e-17bb-4a1d-a7cc-9a013f313c42,bec76b0c-7de5-4281-9e7b-6ebde3ae629b,b40d1f47-4a4d-6552-601f-5b584fa58512
c5181801-1a46-482c-9dca-a5a4a1c243d7,77c8b330-21cb-4c33-b04c-71379194cebe,89b1e078-c8d9-3fd8-5461-13e53abd0c5e
03e8dfa8-5f41-47ce-9e44-0826e59f17bb,2acd2cc1-6773-4793-8398-665aa9ce3c5a,a4a31e98-4260-6cc8-780c-c0ae65145443
e8877a47-13f4-49ad-9006-eddc00f0174c,9bf67dfa-ec30-4f4d-8531-9cba24d6c48b,aaac3355-9a70-67de-49dd-814da41646fa
8371074e-eb82-4dc3-8407-1e520c78bd67,f041d06f-8bdd-4e28-9d2c-913eb3dc51d4,7c0e588a-256a-72ee-56ae-6d02e81bccd3
b249481a-7263-45f4-bc8e-2279827d26ca,dedeca2d-13a2-42f8-a41d-1a9b51c551c7,f1ac4f9d-591b-d619-a5b9-8c99fb99541f
cbe9e3a5-faf4-4524-8638-03174a97f014,521f14ef-25d1-49d4-9ba5-bd372bd59b19,06db7302-8ead-f26f-aacf-7b63a5ebc56e
d385158e-c5b4-4332-9709-0692da8bbbd1,ba6bd7ee-2701-4350-b80f-46ba45d4bf4a,679c6894-4e95-b757-c7e2-8bbd8d99a9de
a198c9e6-b426-448c-a6eb-ced386331929,36271ae7-1f32-4529-b899-422065fb405f,98b96ce4-99dd-f5d6-f2b2-406fcfeb5b58
c53b44bd-94e6-493e-8e3c-59f8f1b083bf,31e35dcd-cd73-434a-9319-828dc3d9fa67,b9f329f5-27a5-5b3a-5f6b-f6063d02d734
861aaf07-7c58-4af8-b50a-b4ad972a44e9,f633b6de-4ab6-4618-bc4c-f27c90fb36c4,54df545f-03aa-f9cc-76c9-a3bbc2b1ae62
ab6d7211-5390-4905-98bf-8998b3ae1509,2affa2b0-4d8e-4a8d-9a70-0b647c50003d,98eadd16-e708-ca53-5626-9f791ac44ad3
c1660e6f-8980-427c-9463-fefd9e71bc44,75572698-e951-419b-8838-95de99504f4b,3aaf8f38-fc52-053d-732e-9b099ee4ebee
7b1a9631-e33a-4cc0-99c2-54a7d20b26d4,4994a7b1-81e4-46e5-93c5-bfd6c110ae71,ad9a4f74-8275-2441-60a8-07e66da9ec06
19f42c5e-4691-4f99-9216-baa4679d42fa,0d4ec18e-4815-4958-82aa-cd9b80935263,58667071-c874-7f23-a2dc-69a81ba08cb7
4c748f1c-e7b3-4f85-9b48-8bd7fcfe8400,39d23fac-d13a-4c1c-841a-3f2bf7078282,900909f4-f617-1969-0664-acad4c577ee3
10f154bf-2531-46bc-9b6f-54a46474f8ea,1209fe21-8897-429f-aa62-36338e83d743,8cba155f-a482-2e53-edfc-f45474b25f96
18d47cac-8e22-4807-9d4c-f6e08bc897d0,1b3f104b-4755-4943-829b-52d24ff9ee89,24b320d5-d1aa-6e57-9ed4-81d125c1cd1a
15f5859c-ac99-4fb8-80b6-5ea3551e90ef,d47bf9eb-017e-46cd-84dd-2edf303e43da,16c953b9-4241-daff-0166-d8db9b0743c2
b54df4b1-90ed-46a0-a93e-a996c92a379b,bf935f2b-63d2-4680-abda-21473a388b99,31f969fb-d3d2-ba72-73f0-c86790c27d5d
91d7b5f9-0d59-4dc2-991e-ab58c1e13e88,08d7287e-341b-4e2a-b0be-171352b11683,5eb39a6a-c21a-689b-b692-87c33fc43c1d
49466c67-fa3c-4f3b-befc-8d11c2b4747c,4eb1773b-50e4-47f0-b3db-51dbb6d11925,de4a9209-06b2-1b1b-de8b-d90043b4a3c5
efbd3759-1069-4363-88d6-ae697e2ae779,67229729-1eac-4c74-aab8-f63ed4a69227,e6bf3a8f-6bd6-37f0-40dd-f45a1a649aa2
4d4fc754-2987-454a-90ee-b5ce0ba5698c,36547fbb-a66b-4861-b6f3-7ff6f09436ee,6d103eb5-f082-4e4b-b28a-e8d28b3a5664
eca70d0b-c00f-42fe-9152-90729c7c44f2,118f6d6b-fb0d-4a8a-914f-25321bca4032,310a5f10-1bbb-b462-00d4-22516993e3bb
aadb155c-f2bc-4d40-ab4b-4ee590363e28,d788ff15-bb62-493b-ad69-7c715fa8b933,3f2e9aac-099b-9f99-3d62-cc19b4554725
f9b30b7a-c92e-4d18-8636-f47f93d9ce74,2f951009-1b84-4817-b995-85fc8478f55b,8db22a4d-f13d-ceb0-effb-748a8252928f
1897d369-db36-480b-bf11-8b1c51bcd771,256f39a5-718a-40c6-b6b0-aa1e125aec78,25888539-4f55-3213-82af-f7804fd6cd9e
d513c003-1f53-4dfb-b972-7c8d428d075c,ff12e59a-656d-4210-b47c-2b23ddc532c5,04206eb4-7346-d32d-b869-afbb0cca338a
bdb89d6e-73e3-4045-adb0-13a77ecc8bcc,d3fdd1a7-8cda-4aa7-8582-e1496d319c75,8d59f1df-bc07-bbe2-5e45-abb19a51093f
0568d740-3a9e-47e9-9f61-b24f192b4c67,c289a23d-b108-4c06-a6a1-fb04d742c981,9f95f558-c1a4-0206-7b48-1bdf1aac7024
8dff6a90-b7b9-4293-bdd7-46a2238b087b,46a5fbd5-59c1-46d0-aa08-cfa72ab3e84d,bd1df743-029e-1e1d-3d9c-84c92d256fdb
65b253ca-7b15-41f2-8a09-70db19cd4035,a030eecc-38e6-457a-805f-3703ec3972d3,e7cbe8ee-0f84-b7e1-f3a1-754628932ad3
d3bd5f4a-67e8-4288-a2d6-6fb3c8d4c6bc,5203d674-0463-448b-acb3-761798dade95,9f114b41-9349-ff98-7f4e-944782e3d8ce
801becfb-6247-461b-b275-7b68c8eb581c,154bca04-43d2-4836-8710-d6d8dfc746c8,07fef0a2-7600-1bb0-cd2e-60c20f038fa4
e44567b3-1910-4e69-9926-b98bbc21ae00,cc601ca8-3e6c-4b96-ac24-6d688976ef71,0e4768f1-40bc-7b21-d2cf-02018147ead4
2650dcff-5811-4a19-a36c-f754c752cc46,dfcf072e-81d4-46c2-9624-29e70dd1a349,9ac1c982-792f-64a5-7ed9-2a3251edc036
d66ad69c-6d69-4d10-9fc6-24795d161614,5a8d19cf-5875-45e9-9049-067b9936f109,8924aec4-66c9-417c-299e-e35f202bfa3e
1759062c-523b-4665-a17b-0ba3e63fe101,f80325a8-c0da-4ae4-b404-540a114e615c,81be6bd7-6c05-9387-58c9-eb9f9f94864a
44abee33-48a2-4042-a10c-68a15f2e09d6,20fca22b-4c34-447d-8b22-c0a0cbea2573,6e05cbe7-c609-4399-2cd4-f054a8a2d993
18bbec57-2d40-463b-aea7-1c829d62ead1,764d90da-cd18-4853-bd3f-40661362c1d1,25ab3cab-2bea-ac52-80fb-069cbd0421c9
d00c5a85-b857-4488-9709-d192c4218681,45891ad6-6be0-4849-9bfd-e0c258f5de16,b07538c6-8429-2d68-bf5a-8f6f2470ce7d
3672ad2c-eb3c-4786-af28-71ae01a32583,79c2b27c-3eaf-4681-94f5-0be1086a5a0b,6dff10eb-91d4-ba52-fa94-d7be175f9fb3
d51f8e68-d892-4968-96e2-384e546b69be,0059d5a3-44ae-4bb4-8dfe-5ec1105b15d0,615ed68d-f602-416f-d730-514e8ce98504
d43a5ea8-5cf3-4361-b9a4-5324c5d27fc9,97a7de7b-f246-456d-aa30-af8feb4ea400,c72a3f1a-fb03-34a2-3477-085e99d99b40
74c514da-4622-4bfa-8450-f044f57ad342,8191cd1a-d563-4e54-a2b8-1b8f299b8210,d4349e81-8cad-a8cd-1aaa-7deaacda5fd0
911e0f4a-4749-4797-8f84-3075459995d2,023efc49-81ad-473b-bcb8-b153ee07688f,64d1a511-8e92-ec3a-0727-909e1716912e
7fb4d000-9bb4-40c3-9caa-1f706df0e4c4,7adcd3fe-6188-42ba-ac64-3302f5d56302,20bd6e46-9c18-cbf1-36dd-c784130ee07e
4d59819e-a9fb-44f6-a995-634c3336c72b,a814c769-db3a-4f8d-be32-737c6285ad38,b3469482-cab5-93e9-54fc-88b56c6c2754
ef86b850-8bd5-4dcd-ac57-a0b895f6a84a,fc78215e-cbcb-48c2-9bfd-75b8fea9afac,1a3696fd-37cf-fa3b-61e0-c1c8dd433bb9
6115a52e-d661-4ef5-a584-ba6e8fa25800,a1843f87-7819-4dc3-8680-cf908bc5603b,f865e367-0ad3-2027-89cd-03024ac85f23
48f7d885-45ad-4937-9140-65586895056c,6de69c92-2df1-4e81-9186-6989bfea27a0,14a9df30-ff34-7fdd-2be1-1aaa0a7b7f20
95a67205-2ac7-488a-ba4b-8dd10146aa24,0647511c-461c-4e8d-98bc-a3caeae118d8,4e4e78a3-8dad-b515-9299-5da4860c7138
f8ca9587-c2a9-49f1-a52a-56953d3d7686,091f9b99-92d5-4339-b34d-589646e7a9c7,6cbaff8f-f715-2b05-b30f-21acbb1d576f
aa3884ba-278a-4fcb-96ff-7d1333d3ecd6,ab14d63a-0aae-41f5-bf45-98a8b830a76e,601690f3-1687-ab35-22ab-ac25dd22c049
0e299106-a656-44a8-947a-31a2ba04d255,e4fc1665-bd7a-4f95-86ac-8308855d7e63,aa9784bb-f0aa-f9f3-1df2-0e3de9c2fa8b
8cbbd851-2147-4446-a1e9-e83f8e7a0306,6dc27d3f-21bc-4b15-9c78-0a61c7e1fe43,4716f45b-2d34-22b2-4d1b-dd6f71bb9638
00bee376-ad57-4445-bdff-3972ba83ac8c,58c509a3-997c-4a37-b1e5-01646ebb02cd,1d3d834a-e541-7537-70cd-348ab8b286d9
2605c868-44a6-4309-9424-8d796f144ee9,7c5ac75a-4b0e-4558-ace0-748bc88eeca9,087ca31b-3f86-0105-aef2-f65769f89ac1
d5fbc06a-f8ae-40f1-bcae-5a2bae4e990b,c5846433-f511-4df4-85a1-4ca70502cdba,b98432d9-9bd6-6d50-dd4c-2b3973033bc0
7ba2976f-edcf-4f70-a86c-2e2b7a751c14,db4b1987-6166-4ff5-a2d0-9c463e1a3597,fcb1538e-6501-e3aa-4d03-06ad6f10633d
4904c74b-fa4b-4a27-9128-0149f28c56d7,c4cc389f-e0be-4cd8-9ba2-450d490e1639,399c51ad-de9a-9968-e7c1-88ad9974f041
6c42bdaa-1cb0-49be-87a1-fcd1effcfaad,69f74b0b-d7cf-ea04-3435-92e35aa28e7b,7f1d696c-b3af-d1d7-2b09-8e53e7fb3853
e09f752d-5831-4666-921f-16db52300088,4cc47543-592e-e08c-7374-760c5c628808,ca443b81-8ecb-12be-3c9d-1d774c827457
aad1c6a4-778d-4ad0-8722-ff341ec04016,e6707f56-b86a-f9bd-60b6-23bb5ea55f2b,1b1b9eb1-7803-11d3-bdf0-00108302ead1
d27ffd89-f594-48b3-8558-5184bd5bd7c1,4269cb53-aeff-1576-c683-cb734793f3e2,56f2be52-7ebb-476c-ffc3-083e6832880b
be331845-1c4a-44a3-98c2-69906190f9f1,a3a4f299-275e-4717-9bf3-6a6b42818ddf,272c1340-6c0c-621c-742c-121fb0049861
b36fe7f0-4277-4662-9e7b-b7ac8c311563,94dd920e-94da-42ba-8444-e3723e618b0b,cd2b9e3f-c577-ce8c-53b5-d2fbbd2db68f
e38ca38a-e354-4f49-b838-be84af74fae8,804abf84-9039-4570-9d9a-5e531c003cf4,38e1737e-a6c9-b94d-e500-acb0ea199466
b654e95d-402d-4d7c-973a-7b14552b6c52,324c1782-eb22-46a8-8ef5-04cf484689c4,dc89913a-5d64-2ef3-27e9-9aaa950cd190
0de3c980-d55c-49eb-9b9f-b6ae5f697731,acc15d91-11e3-484d-83d9-8a7d3f8abba0,c369723f-948d-c095-32b7-6f420ba64dd0
a24d07e7-8659-4b2f-a603-01876db5cb22,43c8747a-6229-41b0-8ed0-08d87e523a92,dfa0f0e3-82d0-e6a3-d682-66bb95ccd00b
1ecbcec7-a111-4695-aab7-5ef765026f9b,b463290b-8854-43d7-8a33-cd11db286e05,6f357dbf-862a-7590-2197-63c5f3624a65
b38fe4f8-f59e-4697-8d76-2c2e00e91c87,2a236712-6519-448c-919c-0ffb29ab0fb4,e9fed869-dc57-64f7-c748-ad123fe0fce8
dcb893c8-89cc-4f54-82f3-ec0a6dd46592,66569434-4c13-4ba7-bd7d-63500f9ff2c2,cc7af4d1-a68c-7e54-6458-a766eeff27a3
9f48076a-2fad-439b-a0a1-75a93819f07e,21aa89ef-3f02-4a4f-8701-ffde057b1793,4000fff0-0f47-3b27-9def-0c8250b365a4
e9d4da5e-1691-44f5-97bf-208af017e9b8,04c66dc2-3eee-4f63-b9c7-71f74698ec59,1cfc35dc-68e3-285b-811e-bbf638cea319
f5767619-ebdd-4cb0-9edb-d09b821e5cf8,2e549af4-8c94-4665-a43c-0d656a6c99d0,aa250294-bbaf-248a-117d-ad51787fb3eb
139d5fd8-d9f7-4db3-9396-69afaee57a57,267c37d2-7027-4d4e-8f91-83f81d9883b7,5864b1a8-823e-8b11-3fe5-e9abc0b2908e
bc7973a9-dea9-4b62-82c2-4849e4d2ab2e,bf8716e1-6c49-48e1-8d22-c15e3fb0d56e,5c94dc85-8155-9008-ec4d-5e82a04bdd75
96909289-cb9a-42e0-88fc-368c226f68ab,cc26675a-4593-42af-b980-fa10b6fc4b6b,48fd2d1c-9848-c6e1-bb1d-56c676005184
1bc36c3e-6c99-479d-899c-081a088eae2a,180d5bdf-deee-40b6-94dc-3f92244b518c,eb78c57a-db3d-1765-2951-aa163b5c86d7
7fcbc026-11fc-43ef-ae16-7649acd0391d,c2c5ae6c-163f-461f-8edf-4ad7352854c9,a9ce82af-085a-ca17-1ec0-4b213ccb73d7
279472f0-2931-4ac4-b767-e4a1a5bb0684,72e8a50a-f2cf-4b61-b771-a055fb1af264,caa18ecd-1257-22aa-8293-b69402fe110e
419d9894-4707-4b1d-9a94-aa91facc405c,65f2b948-fc6f-4a43-8214-c83a322068b0,24cfb6d3-2b69-b2da-ee86-72e2de6a562a
70a24729-30d9-445c-b341-0789cafe2da1,74de537d-6acd-46f5-be36-26e53a38c176,36591497-21f9-7f93-cd2b-664610792bfe
a7b32230-36bd-4b6d-a0fb-6d07713caaf1,1a4980ab-771e-4b15-8469-ff3582eab601,36c1f091-7628-b8a5-6457-558adbd0f7a3
167d4361-d334-4916-9a95-3dcae794cb73,ad81349f-f277-43a0-8d30-bd0c0a9cd252,7a6a0182-0bc3-7fc1-4ca1-c0efd33bde26
f2f572ed-276d-412d-b41b-679673f2ce4b,b2198eac-56ba-4526-8cb7-db7b36f7871f,64b0227c-ad92-8877-edc1-8bfa4bfcfcb9
b480c906-4bb1-4668-8bd2-35a7418a404c,5733473d-4910-4fd0-95b5-373032aca881,77aa63f9-a15c-7db9-b982-a1f55212dadd
c30be068-cbcc-429a-84bb-bc3020c06dbe,893ecbf9-231a-43af-8b76-afc719f971d4,bd1ab53b-6e9e-616e-0829-6b1b50c69636
db4ba3d6-30a4-49ae-ae29-25fdcbc01d38,3d6da61c-15ea-4993-8134-6dff2c846907,304c9118-c38d-5cf8-3a22-b498a8bc69bf
224c39d8-56bc-46cc-97dd-9d770aa993bb,175af957-9a52-4be4-b89f-eb5c32947d74,24e2a58d-b844-4b75-44ef-05f8cfd06cea
357d347d-2614-4183-bb4d-acb94c997904,3308c727-f9e6-49c8-8dce-a0d4bd39a8b4,3f8c961b-5db9-3697-551c-396b41a1cb68
a0d04445-a8c2-4530-afb6-d8dba9c0f28c,dc227ca1-492a-49bb-bb5f-f16463fd86ee,ea6adc18-37e8-8d61-3f91-339d64c67f9a
7bcdca58-2f99-4130-ba91-6e70ce8a896a,02c29bb0-003e-4619-90b1-c643b7bb85b3,21af7fa7-fff0-b219-4994-827ccac4e715
a7426bc1-dfdb-4196-98a3-40c46fb778c1,86ac2869-760e-447e-af25-d97714a4fe31,3c40018f-558f-263d-d75c-1add76fb5039
d7b51c7f-b0c4-4d0b-9366-b369325624b7,fd07450a-4884-48ed-aa71-5b0dc39cc42e,59961bea-5780-b827-a342-aa4a8507f8e1
1ffaba50-b134-42af-8951-28e53df68af2,7639aedc-fc51-4df0-bdd5-8ca9169948d2,8ec937fa-e0d5-f477-560f-815b0750e296
aba8a94b-0d58-4c81-bc7a-e61b4be770dd,376d6fd0-5f77-4962-a5d3-cab1df1a1100,2cbcac4b-6170-9ff3-b49e-16dbd790b928
87a7fd19-b442-4628-ad9e-8c3e0b758426,4c3fe73b-fdb6-45ff-af31-b44d9cf59667,eadfdf03-c926-c0e4-7221-1d73294f37b0
c0a6d9d9-b8d0-4362-93c5-e480eea14e4f,37863ed2-ec30-468b-ade6-4ef6efd7eb82,f3562a17-9fc5-1794-973f-a84f9319cf16
6becad28-b395-4f39-8dc8-2deeeb4d9e35,5ed30bf3-0ab4-4562-a9f5-02bf8cf90c7a,3b871989-e183-634f-04ce-6a2d9bb548a2
804d1b77-b816-43b6-a3cc-eebae74b447f,ae6a6c87-650f-4d58-927b-c50100b47d1f,6b03ee9d-f024-e419-b645-5b0a5c5cb9ff
760cde7e-f202-45aa-8f1c-89892dc64fc9,0bacb92a-451c-4250-abed-26a10a55788c,506687b7-60b4-1f09-5d23-7dc2b53216ac
c57b2b63-9365-4abc-8200-1449b53523eb,ad165209-68c4-4c77-89c9-82cae8df875a,ffac58e9-894f-041e-2d00-cd7702c6a90d
c73c79e9-13d3-45d2-b0a1-68e044d449df,8e7e62b2-71bd-42ac-94db-2211da54f5e3,0a0edf2c-7683-38dc-0af1-d3dd607ba169
86c2ae03-2469-4669-bc89-fdbc994382a7,d3cdb8bb-173b-4ccf-9afd-fa45bb773a42,dded5869-47d1-2477-ba50-35476500e207
a124fa3b-7e64-492d-962a-f28291344305,119a9282-5d77-4d48-b846-834675ba1158,3da1cb5f-0388-84e1-4fe8-f459ec4a7c35
d0474078-6966-49f8-a606-8617864851a6,3fcff8e8-32c7-45bf-afc8-bda1d703787a,93350b6f-40f7-b1c1-9f50-55916bc4dd39
0d1fd77b-ffc8-4287-bf51-01b4110603de,1b770aae-3ba3-4ca0-89bd-0009d6aa928e,b76288ef-d835-6568-b8f9-cfd4f177094c
24fdee8a-1e7e-4f1f-8243-169238943f24,473c867e-b6ac-4ecd-8439-29d54c8ad66a,87396458-6d3e-2f15-eabe-80142cb8d80e
8f9e6e40-3283-47b2-8204-11d90909a822,a339a66f-3642-44d2-b73f-877da4bbd36d,bef57f89-a615-4e87-a6dd-e9f5319d4dd4
2b38cc25-df33-4c5f-a901-be83c80cdd7a,688497cc-f93e-4c1e-b6a1-120732c008f3,c8a61fad-c38b-1dd2-600a-07e7cec1a744
f8073e47-86a6-4246-a35f-3b59329f8840,55e9c80b-e7fd-4336-9e62-2db282bde3b9,8f9220ce-77a5-3995-b9de-be02772559d9
2e1fc243-08c0-404d-9073-582982bf518f,9d06f1b4-7de3-4f9b-acb5-2a9cb3b2023a,3eb40b43-eb95-d37f-ecd9-c8e831e3b703
f0d4eb3e-a064-485b-9976-c87ab847223a,60188f20-b39e-4868-b0f7-f383cf55e0fa,f8cd8e84-4a0f-23a8-9af3-c25401076a61
9a97f47e-cecf-4320-a57b-8b8a65e8c2fd,2d4c6794-6967-48e7-a1bb-24e90580f060,edc94023-dc34-03a2-b810-c6967c0f4b65
aeb5d973-b603-43eb-92e6-f5567ed34887,c7290f07-56e5-46f3-858f-c6720d0c18d3,7be5d29a-39b4-d256-50c9-4cb083a4f87d
0df5c8b0-fcd2-4e59-8a2f-443f702facc8,b220cd75-25d2-40c6-bdbf-a42385f2535a,89f7cd66-a17d-27da-d684-496e218a20c4
1422473e-c653-4fee-9bd2-65e17be2a301,24aa6bc4-df0b-4ff9-9c8c-41e0aadbb184,6e009ac5-50e2-0ca6-80cb-579034db3ffe
b817d3ef-0b40-4b96-a968-2944c2af2004,447cc56c-2701-459a-8454-99fb42acd3fd,e95857df-87b0-9bbf-79a4-a060f64a8783
e6f32ca6-72cc-4c8d-afd4-efa74bcbafad,6b7d2cbe-d897-4b32-ac4f-80d1fd257666,7713bef4-c9f9-1ce6-228c-9070e924edcd
061f3694-c1b0-419b-9206-43d5a34c3e18,314a674e-36c2-4ded-aa0c-2ec3004be218,c2e2c512-814f-82ac-23f1-c1819d727f89
aacac0fc-09c0-4ce8-9e5b-33792805a5c4,e272b4ce-cb84-4dee-a992-951e2cf1d412,0b484ac0-aab9-ad8e-a964-dffa84b030bf
5d422307-1a7e-4232-ac2a-372236ce81d0,bcb84d6a-158d-4823-b3c5-5f45cf13949c,0b6b9160-7d58-cc1d-d1f0-a878706382d2
4ca4ee7d-4f85-4028-a656-43b398007fdd,2e85e27a-6fef-4aba-9f2c-74ba87c14f76,aef309f0-3536-dd10-b309-fac87b59b84b
4e707701-3a3e-4ea6-8a73-99d1c473f94b,0ae12123-5ec8-41b1-b9ea-3d518290004c,62e437e5-c77d-441e-68f5-6d81b8ebfecc
44022dee-cf3b-4bda-9402-5311fbea3a04,ea760d87-1ff0-482d-8535-e1a127de4513,fdc46933-7f48-6f96-986e-d6585a6160a9
f45a8baf-1f84-4c8a-9f7e-2afd47d271f0,43b645d1-e662-4230-a798-a6180ec5d28a,d131c614-f77c-fd57-4655-da4b72a99c95
6581a6f5-3a21-4ac8-849e-ce193cf63163,f5a1256f-8b20-42e4-a71c-c18b5b9332fc,8ec48db7-8845-85f5-14c9-27b3e4735b7f
45ac1131-378b-42ba-bd59-6eae5f1b0ae3,f6d102d9-e083-4fd3-99c1-9af4cbda09d0,a70084e3-e203-aad2-58a4-89bc8285ac2e
90adfebe-927d-48eb-a5c7-ee0858d82318,761de1ba-dd6f-4ed1-9f58-18993736d14f,bb770bae-e562-5db3-c407-66ecb36d7901
9cdfa04f-bd2a-427d-9ee0-76f488f98d88,1493e469-5ca4-4a9d-8871-aa7b076a0d05,82a37adc-74d1-1b53-17b5-55fd9c5f4903
aab83cae-214a-43b7-87e7-e54d61601579,9e1b63f8-be35-47aa-90fb-be6914d90ee3,67692abd-2393-2b0c-f6b9-bbfedfa33684
5b010d15-897f-4cb5-b495-4f525e613bc8,e20e0ae1-77f0-4aba-8039-76e93fb50021,e204c8e8-7ead-047e-580b-a406adbee01d
8c466133-0b5f-4374-8431-959ae55b7a27,c173d8f2-575e-4081-a72c-90f29663c90f,9a51e31c-40ea-58cf-162e-d12dafba91b2
11aab0ca-77de-4029-a450-9294c9140281,89281c04-b17f-4193-810c-dfda73afb045,3fbc0085-4359-8c80-e313-2a839f0b4523
77a79071-abfd-4438-8e81-dd4ac2df19a3,a5c45924-ad32-4431-999b-2c6d6b58427b,84f02c00-35ff-0e22-5765-014d4fbeb271
a37ea446-522d-43c5-92ce-60b7e5d335bc,d98c1cc3-44fe-49ef-84f7-24a08f2ab5a0,a40adbb5-804a-98cc-b446-1d6ae909251f
ddba7dc4-7b43-4467-9ba3-65ca3b3f3f04,19041506-e7cc-4d8b-9301-9662c9fec0b9,054c6335-0fba-8453-94cf-b96f9489c074
04ebde7d-9d40-42c0-a87a-661c5e3ae134,caea0df0-87c7-4cb5-aefb-fb795a11f0d1,42360975-8dee-b64f-359c-ba41372242ba
fef89d5f-b7a0-4220-b787-402038c67051,138b6d0a-a9b0-4ed0-ac1b-6f37c37ac068,6a2994a6-9236-e6fe-8347-cfccbc746da7
d92df3a7-78a9-41c9-852c-e44a11434cc5,d5607426-8a5c-4298-b248-f573baecc6a4,2d0115ee-3cc2-02ce-2d6c-b40d085a00c1
aabff579-eb7e-45ec-8953-9cd5646258b1,4d534ff4-7f0a-4c8b-8ba1-e4d3534031b7,ae7bdc29-309c-fdce-fdbd-10e39b437263
9fb9a4fb-1f9e-466c-bb10-5c334f33bf17,c1af38fc-1960-4b22-88a9-cc960d123603,5ff57945-d800-0778-df85-4bcd3a62c4df
6983624c-1f64-46ad-afcb-aca13374a060,fa2da983-8cdb-482c-b556-56be7c4411c4,c62146d7-a0ab-b47a-c7e6-3b9a9268d149
b30221f8-3d22-4b59-ae2f-d49d1c9e528c,6bc6e3d1-2b2e-4cda-b1d2-ec2304d89500,f1079f51-c144-a2c6-db83-03ac3a94fc08
d3ee3689-b08b-40a3-b688-8d04b08cdbba,528c843f-ebcb-456d-80b1-7d15a52264d9,c136aa67-f2ba-e45c-2b14-a181e46a3e86
1dc4adbe-1740-465c-b182-2f337dfbb230,acda4a5e-2c79-4811-8075-379dde343b04,0d6b0965-62b2-7cfe-5ff1-c1e577eea5fd
b6f2b026-c17b-4c8f-97e4-2f84553512c6,abab541b-9d0a-427e-a15f-435092b0c97c,8e1b7a5c-dbeb-b048-59c2-6e5d2e617b70
11aca656-fdb4-4c8a-a0a6-dc9242bd223f,a1c6657c-9ab0-446f-9928-992351341f3e,f590c980-31cd-953b-345e-b10804838156
2052a597-7e08-444d-9917-742b47e94e62,b4e34c11-0380-4176-af76-73a8bc1692cf,fd92038c-5aee-02fa-97b1-20fef3c8b1cb
d197cf3f-1c7d-4e6f-8ae0-2fcf0068840a,d89936cb-7c6b-4995-b790-521a62de8319,a78a79ab-6d6f-6cae-8280-587d5c5dc709
eeba700d-99e0-4be0-9f33-9ff731859bc0,d9be5d4d-e868-43b3-8e0e-b983166c666a,1093b912-3f29-00dd-9833-8d55d66c8e3c
619315d7-a29f-4381-bda5-1d1166433b03,2b07a7b2-226f-47c6-a1e2-bdc202e796f1,d24fd9fd-de46-ae2f-3b1d-d2379ec167a7
cd7ec381-2bcd-41a1-b263-6dc039077e9f,36acee4a-74ff-4eea-a337-d8c48c77471a,710f346d-9c38-a83e-0dfc-e062835ea822
4894a6a9-4c38-47bb-b47f-3a08d56f8f29,75880666-6606-4690-9a28-bc4c25063b61,d020f5f6-6c81-1d79-6d2e-e181e545ffd2
d419223f-3946-4bd8-833d-0cebbc1537cb,1561c19d-e73c-423c-9ca0-6bc46d4be7ca,2b53c9b8-ff0a-0712-1177-f20e53bab82b
1677429a-f9a7-4a85-beef-5ef0bf2f6572,7f0d2e9c-6056-4567-9d91-31fdb432efe6,d8ec5ed1-9db4-2c11-c7c4-d96dbfa2a484
832e837f-5122-4155-9b68-70cba4085fd3,c9e94599-9a33-460f-919f-f021ab3be591,aeb118f1-10d7-00b5-b5f4-d5d95b7688dc
6546e281-c148-437c-8fab-42888501926e,7745d2a9-8fc5-4a61-942e-2264083b27f9,b6269e87-a06f-def3-2202-401cb3aad7b0
c506d90e-d2ff-4f04-a070-8ffa7739fa54,dfb5f796-bf49-4961-941d-94a85953c4b5,3809ac43-c4cb-9853-b0d6-435a31802047
4deff573-8b8f-4bd5-b10b-5fb11b1810aa,b7fff48b-3a65-413c-8166-fd4bb40b95ea,a59ab4da-6f62-ae32-0a8b-a6c54d95a4d7
d884093e-bdee-44d1-bfa6-b367a37d642a,b1da425e-feba-4849-944f-718135dc5093,7fa4cc7e-5143-1f2e-e8da-d76d7394dfac
83293728-34f0-4efe-9068-bb3fd273c029,b9fb5949-2df7-49bf-bdcb-2bfb4897b4dc,9ba2b6ea-961e-7719-e54f-e382c1d7cbba
4c475861-6617-4225-b170-f1abb86ed015,e98d3100-1f0f-4624-a519-6a96600cb727,0d125367-60f4-d382-e49f-28798e0a424e
29cc01d8-8c9e-4a2a-aac3-ae3d74c2d4fc,54d65e95-aafb-4e78-8532-ce34a021b32a,c7ebe66d-6502-96dc-43b4-1cdaf1f9f8ad
8b22265f-5fb3-4979-bedb-8a2485d7e2c4,426eb7b6-a813-4232-bf3c-24f8be1417c8,054f0bfc-f550-fdfc-7c54-ebdb2b53e148
5cef4d7f-1d35-4aaa-b100-ffc890d449bc,bdf051ca-36ef-4226-ac06-f1cc8e41f56f,acabea3f-b597-99a2-5f74-dedc999943d2
d7c68837-86af-4098-bab7-9732a40fa179,ae2c8ab9-de1c-4ffc-a623-cad46f02c2cc,3cd3ba27-925c-0231-a735-73c15ff2ee89
d7135412-b080-4766-948b-32d24efc4495,0036a10a-66d3-4ba9-9cfc-f39095552371,3d1fc8ef-915e-4018-6d09-d378a553cea5
decd8c30-35a0-480a-bc57-305dcc12aed1,4635d688-be1c-4817-a5f9-d2fe0f31e8d4,939f1f7b-bf65-9086-668a-2d7454b47407
6493e939-b433-4cb2-94d0-b0bba03942eb,d7ca04fe-4e32-4a86-b143-722457e7f4d6,bb271d56-da2d-6c34-b1d7-67b93a08320a
8a8feef9-e1f4-416a-8017-6a628d7e3eda,6d0458fa-abd7-49c7-92cd-84f6f5bbdbce,0db20c9c-3351-36b2-e343-3e1e93c2e930
9957c32b-357a-4f2f-87c6-770d7e8435f2,b837cc85-d87f-4e4b-8af3-6879c98e73fd,0a947122-98a7-5ea4-1001-fa0d42b09f58
ee970403-ba36-4ccf-ad5e-c2d2b0f14333,c283bb11-55a0-4225-a3aa-ddcaf9acd461,ec613efc-58cc-79a0-a72b-3eac24b1ca63
fea83874-1266-4dc0-9e44-0fa4b08d1973,81a42781-0122-4389-b689-59b68221c146,cdf25277-c0d4-6754-8e96-36ee72b0991e
115449bb-7e29-4c93-8f5f-e66c4340efeb,ce532889-b9d6-49ee-b533-a8e791d15d9f,cf5388cd-0a89-eeba-8a20-7837b9c395b8
f5f915d7-68a1-4f10-aebd-71e292a85643,5064d24d-f4c8-45c2-811d-a6305406b368,c369723f-948d-c095-32b7-6f420ba64dd0
c4a206ce-efa7-4dcc-a0e6-7910a009f494,570e3888-6829-49ce-85de-82d24574317e,71975fc2-b4c1-f0e2-5dc3-df2aca189c23
833cd2a1-1e4a-436d-b9a7-b026a543c737,1d543a99-ac70-4516-aa28-b1dc94416411,9bd4fbd8-8d5a-7123-46e1-5fb54310844f
26396c08-b6ff-4e20-bc0c-b902f5761eae,ba6f98fd-9599-4bdc-a079-494a1bf939cc,1283d867-dc80-d326-5334-3f9625525e15
f4ee2d78-79f7-42fd-91b5-15eeb6fe4352,f6b06c90-01cd-41b9-8e03-bd26ee7d52d8,ec09dc96-39f6-d1d4-09ec-015810921ba8
5b9a0b64-453c-466c-8b36-f45319907e99,9608f2bf-0a94-425e-ae8e-306415c930fa,850cc469-ee06-a099-e37e-ea1b92dfaac6
701802ce-551d-4121-8977-6676141772cd,a7707bad-d080-428f-855e-c906f6e23571,a6d5c8b2-3d9f-00b2-54fa-2b1971f70a05
ef82b75b-d13c-46dd-831c-0f85b79ebf7a,acc67267-0ba1-4379-abd7-6d60b23b35bf,b0f14d2e-dd94-1556-c0f8-7dd3e0d8329d
ed693908-e836-4d20-b4ea-bf8346e118ee,63e55af8-1368-4e49-8355-c7fd4876c56d,223f7e47-9838-5210-c618-92dfcff8a70e
92bd3cf9-34e3-4825-86f1-020d01061a7f,5e95e248-c41c-41cb-b0d7-941a83607b12,ad225e61-4541-86a9-3a3d-36904ca9683e
5026b252-b46a-443d-a910-7bdde9e7fd1d,2160142b-c4b9-438d-85e1-34d95448549d,602772f9-306f-8973-7a48-750bccdc622e
be97682d-ec9c-4b48-8a98-9ed7c3fad9b6,ec60b759-ec7c-46b5-a934-4bc599cfed04,8a005ac0-51b3-d057-3704-84043cc59d8f
721556ab-feb8-4322-a42f-c863e60cdf0c,588790fd-4fa8-4dfa-abef-8e45382c1632,4ba176b0-68be-ad8e-3e46-1202d8560d18
871315e8-70d2-4bab-8b63-df41d858504f,a721e373-1222-48ad-9034-3f3aedf5d098,debe8735-2c83-b9de-e4fa-78762ba77d30
b5e5f922-f9c9-40ee-aaa5-3025bd32caa4,4504c6e0-cc3a-4dbd-afff-f8a1d2c5c7f7,bef5d81e-375a-2669-22fc-d7a1170b1357
3bb0d83f-0c7b-468c-8af8-0d287c3ea5b6,3ac38f4b-3961-4418-be78-20f8d95f7231,fcd9e4fa-a376-1b85-58d8-ab7f4ed39589
819bab2a-82ca-44cb-b7de-73d918621656,d5db24c0-1686-41a3-b35a-d1d2473b7324,1fd6b895-9648-9631-bb0f-a3bc82be918a
7f461f27-eb39-46a2-b2c9-e9705ec0a6fc,14584c13-1196-4787-b985-9eb117570852,140b6e42-019e-ce31-9276-5da5559df681
7aa6777a-1127-4950-a320-44247c4c3140,2d6e5b4d-2a1a-4ebe-a0c4-cc53a2bbf20a,a88e7eee-e7ce-96e4-9807-ea6291e13d13
7f7116bd-12a3-40ae-8de0-50b3027c19a7,af0ee5ac-a249-4bde-a4f3-38d897ce63ad,4d9f0da6-ff21-7d83-47e8-5ef72bcd0ba8
b5d0f224-8fc5-4297-b755-9bc30cad615b,dff1515a-fc93-4f5d-b4f8-c887ca336fb2,fdfb367f-2cd8-9aea-a715-a6e048f5da1a
91d06497-b750-44b9-8e2c-c694862da568,b1e16652-f479-4ad1-acb0-c1f86d7ffeea,10a0dda5-33c6-6060-1939-47db9cf8c3c4
06d5b316-031c-4a8b-aa7b-2c338ec69394,7ab52b85-a81d-4f77-964b-fb01935c8766,388bf69a-b1bd-86bf-beee-72a4aa6e0813
3636307a-16b2-4d70-b048-55229338980d,d3b40e50-41c5-4407-9e23-c954f079543e,0ac2f6ca-3099-e421-09fe-0c4a6ee5662a
61fcf403-1077-46c6-934e-89ce20fd0a89,041d6042-65b9-4bf1-a735-87d4531e855e,33e40668-eef2-ccb2-a4d2-48a82ed66397
f42c4cb8-e034-4619-9cfe-9cc93e571a8a,630c5bee-0c66-4034-a6f7-d235951fc6a3,47661dfb-4ee1-6c92-45c8-1a40cfb8adc0
5e47ef83-9121-41c9-acc8-d3631c952435,9124fbaa-43fd-49d2-a299-f184b884c992,54f11311-2c92-8612-8c64-9ca82fd07ff9
111dd2f9-741d-4dbb-b04b-e9d53b9d26ee,17a73992-1722-4aad-93a4-49971cb71a6c,6fa0a1fb-e938-1e6d-673a-c3f31d992aaf
452895b8-2fbf-4939-be88-eb07b470b1aa,71c434c1-a689-4755-af99-ca23536a069a,7570b903-9f94-1c35-b6a2-201e9205fc3d
590d7fa2-24a8-45cf-b58f-3c6befcd3083,eeb5338a-6bc5-4740-90e9-32cf592080aa,aad22569-7695-16ab-0c40-7dc5d10dff94
5ad7b079-428c-4f9b-8e89-425e39e26d11,7c5f9a2c-a00c-48c6-96ec-9d2ea9b3ef5c,79951115-6f98-8bf1-08de-a6eb39d25f6a
b922df75-42d7-46e9-9c65-cd928324f6e2,1caf95b3-fd45-4ea6-afb0-dec44cb0e6eb,e8156e95-0c94-c71a-274e-1e4ce997f72d
6efe9cd7-60e9-4eba-9f25-888953d0f42e,5ae981a8-3667-4ac4-9394-56a32c08eae5,e8c7e61c-3bc4-7e3c-3e3f-0049a1bd31e3
9b0a07fb-c30b-4a3a-8e71-9ebdb3d4fa1b,a8498983-7799-4678-82a4-e6e0fbc0c321,971a4835-30ab-33a8-b8d9-c948603b1699
6c6bf3f3-ccac-4c32-8a91-0e1ab71b5834,0b419e93-217e-4c8d-ba98-35cf9a8072d7,273ede01-719b-2e63-2228-dba7b1d32235
8d63e6b1-9f9d-477e-aa07-4ac7adfc2834,f9e5c7af-7365-4395-bb80-dcd9d5a65cc9,02b77faf-1670-a838-aa7e-db831fd582cb
cd4fc5ab-9b90-40e7-8291-901ff20ad84e,86f7bc3c-b7f1-4f44-93b8-1a96be1f5e59,8c2e10e7-7646-adf9-ff2f-524eae14fefd
826034ef-de75-4725-9392-4814040dc848,64af46cb-c56b-4012-ba33-a25ffa7b6aa1,7101a622-2713-dc7d-311e-17898d7a8365
a2eb1b01-277d-42cb-83cb-1012f2caa200,109c74a6-fd5e-47db-a9b8-18c27da7877d,5d1dce4e-4c29-c227-6677-acd2f3ce2b0f
6cc77907-a6f4-402c-b410-698903d45ff4,94ea9a7e-4d7c-4905-934c-1aa58c40b2fe,645c0ae5-f612-ae70-df87-7965d853eb3c
66f45504-815d-491d-963b-dedf876e4621,a4d9ed21-a3d4-41b9-b8ed-182a98d00f0b,fd762de7-cf86-2aed-15bf-0c9ffdfd8598
457e2ab2-2cb9-44b9-bba9-acc11e92389a,82690555-b9f7-4f93-bc8c-3dcb3d37c3ee,90adeda2-ccc0-365b-64a6-a542bffa348f
47bfe744-9324-4702-8ffb-21c087f5f6fe,1f43b3e1-8b73-484a-bce4-336753d7b3b9,0beb45f7-812d-a019-a86f-de1120451992
f080f8f6-b8c7-46ee-bdcf-67851392b4a2,602bc977-3b2f-453b-813e-65bae4b723c9,b329f65f-1325-8700-4f52-e5daed8186e0
ecf46998-386c-4ad4-b0ed-5d15fed54b5b,35d3b4ea-1fea-477c-9ad0-682f6904a0ad,a11fbb93-152c-1425-7168-e57c3a73befa
45de9499-dc3c-4c09-ab9a-b13bf9929486,47ca34de-2c02-49b5-95d4-33f658365856,b58b0e21-abc8-99d4-db35-c09164de216e
21b886c7-ca4a-4126-95cc-730f5f79f5eb,e51520ed-c014-4c54-96f3-afce91f3b379,67365e29-ddc7-be3f-8516-b80026839fb5
d1b2a63c-c921-44b0-bf2f-a66b96d9cc58,dd97efed-b127-426f-b67e-a7eef25495f2,8a7d1f3a-1339-21af-8334-2a554ba1142d
c3453409-4429-4052-aec0-ede0bddadc47,95d0bd7b-23c4-4295-8344-d6d2d5c3511f,1a97adca-e533-32bf-3449-12fcd25d5fc0
e0c854ca-6139-402d-88ba-7daa7e24906c,f058ce8d-f8f2-418a-9022-4d7aadff34bb,be079e57-d715-5f93-9864-96afcc6e9359
8f26aead-696b-4a56-acd5-748f91302e33,76bad70d-b8b4-401c-a612-aa07c712f478,85808f66-d583-1797-2225-0c9c76cab5ae
386bdf5e-3f2d-4219-b6ca-fbf22fa757ef,cd8262f6-3b55-462f-9f6d-46b2677e7073,ccb83c89-6b23-bb83-01fb-d569442c6bd4
82c451bc-2891-485c-a7aa-980267197217,6c2478c3-00d9-4a41-8df1-a657a2993086,5584ed08-c145-e863-4681-d779bb1eff66
3902d550-b3a2-4cf2-a5c8-3f4f42895418,9bc9b20d-dcec-419b-9a9f-9b2b7fd29048,1b9fe006-14b4-7a42-abec-fcde65b9c7c4
961b9118-7604-4a1e-ad4c-4baf43285446,ea951824-ad63-4dd9-a07f-313c2a883c66,b6b7d6fa-31e3-f1e2-184a-90d26d777951
48269faa-6f59-4b75-b603-4921cffa3f3c,423eae62-209f-431f-aad7-af8310856e7f,6db624b5-0c74-5fce-6e08-e6a28acfc107
422abc0a-c410-4469-acb2-b7c7f74161e9,e73e1be9-c19f-46c5-881d-d7a1e2fe36f6,4695b7d2-cd73-f83d-b24d-24cf0108e66b
af94567f-4be6-46c0-b1ba-610b60a09baf,c262178f-fccb-4754-b014-6668bce4ef33,f74b7604-c0b8-acdc-e508-4d2ac81f08b3
1e8d1977-b8c8-40cd-a70a-15bb38693cdb,eed1d253-eb84-4ad1-80e7-6e049a123739,d02ac99d-ca71-d327-895f-93a5ebb60110
35f8f0b7-c16a-4d69-b9ea-2d1fca0f98cb,0e5eade5-8c34-454f-80c5-54dcb369cf14,a38e137c-ce4c-bb2f-4645-246850dca94e
483d25cc-d1a0-49b9-a5fa-c824fdd78b74,d5683caa-0029-4ef3-afa5-47b895697f82,dba541fc-b2ad-ce4e-3332-2e4bce2f95ea
b6b48c65-9dc2-42cf-a940-3604c0676adb,70d0de93-1cd1-4d65-9650-4222294b8730,97c00ee4-cd18-6449-8e05-e3d269177bd6
9aaea3d1-08fd-4dca-8b37-5f165a361a6f,f74cac06-55c2-48f3-b628-4795098faa69,e0bd034e-a2bd-bcb3-6f97-84a69c5c3ee6
c6a57b63-845b-4212-88bb-88d5fd647d80,2a77ad39-6cd6-4685-a868-d0e2afeeeede,ad66e943-2043-bbfa-3e49-85ca08e9e586
47aeaed0-5576-44f3-b3a3-2de6c822260d,85f47329-51f8-4a65-a847-8459f8a8d168,c955a568-e254-3a30-921e-673bf654f027
7a673777-db7e-410e-a3de-031cb4b48df9,e78eaee0-680e-4f95-9f2d-a01f85cdf388,a8287720-07e6-d953-4429-4a76c85614f9
9409ab06-f9e2-4ca3-a14d-cab57a43b990,5b46e2d4-656a-4ca6-ad14-b8c3de1d5dd1,89c0238b-a0fc-ca40-e820-80e4f6b6e6ca
1b34dd8c-0355-4dc6-80ba-deff11a1b0d9,ccd63087-65f9-472b-a2b8-081725f51e65,da71bb5f-b562-7177-d402-7f9d97a9f9f2
5038f512-2e38-41fd-b6c0-34018d244077,b239262f-447e-4a28-8998-05bbea17bb6e,8debc8c9-ee36-86d0-f624-ee5ec2a8e0ba
62ccc13f-5756-4ab6-a7ba-a37b2f34ccac,7e4424df-f9a6-45d7-bcfe-2317e1219924,1470d587-52ec-5f25-c3bb-b29c80a0ba5b
63643a89-5ce8-4d65-91d2-b8f83746aa66,c8df85c4-45e0-4b0d-9cb0-43d7e195641a,c366a0e6-5617-62b8-cf65-1deb6ebb52e4
96486c60-ae51-4d9f-a6e1-899f3fe08c04,6082477a-0d7d-48d2-be38-9c2d8308aec5,9899f522-715a-9297-1903-072cc1397e9a
a42f786d-957d-4d6e-8e8c-3cf1436b5b34,e31bd037-9ef5-4e8c-94d3-0ac89f29f787,ca9dba73-88d2-67ca-f7a4-485916a733ad
4a996ce9-dd33-4661-89bc-8f870510893b,e921871f-b2f6-4464-af76-51255bb2a9fd,ad4cfb94-68a7-53da-9479-2484b1efca0b
9b6a46a3-1e3f-42b5-aa42-eb8d5db403db,97455f39-a1b2-4dac-8f02-90174db98ef2,599d03c3-847b-ac61-86ce-566021b413b5
103f1fe0-2000-471e-83c8-c977d8c9a4b5,ce230097-1167-4641-90da-350795cd3094,e45f0b4f-ffbd-3524-546b-9727171bcfd3
58e08de7-495f-41d5-a335-13276afb82dd,b914327c-236c-4230-b591-7c249d35a922,46d454fc-2c05-130a-fe09-14b5d5a8d131
0d24efbe-7f3a-4fa2-a8a4-c1ebff5b79b1,0dd4cfd7-9b38-41d4-bb1f-339e02c20204,8d2deaa2-ae0e-0738-d119-ace50a015e07
df0f3e83-c47d-40ab-9cf1-db56849545ad,5a8e6bee-9617-475e-9391-976f530b9068,3cd3ba27-925c-0231-a735-73c15ff2ee89
ed4c9715-0323-4bd0-b135-7957b4422aef,0fd3fbde-66a3-4b34-aa21-f14949c267ed,f4829955-530a-fa10-b17a-87fda3f74c60
3dd40470-a151-43cc-8986-28f867127be3,970c431c-9d2c-41d4-99b0-5574c470e994,774f8535-c67e-05c9-6754-5ed7ea993272
e2dca4c4-acdc-4e8e-8d0a-ba9563f107c5,9fdac7a9-66d1-4111-a76f-90fa858b15df,a3032d64-e8b8-850c-8531-0ff8becc3c69
7cf2bede-8399-4dd3-87aa-470ef9721892,0f3d5ca3-df05-4933-bb97-58460e1bc8de,ac82077f-1681-9bec-2eda-7f6b7cd24d2a
799dc646-06b6-4525-9ef2-a81a980dc340,961f4e02-43af-4e56-a63e-4c6dcc6541e3,0d2995a2-4943-d5e2-110f-faa3d53a1e19
ea43adb6-eccf-40e2-bbe2-33fbaf8751ac,fe1e432e-754c-4447-800a-2ef28a9fc5b8,facfbd55-57f7-8d7b-1080-ea56cda22feb
a85193b3-82d5-4c5f-99bb-69b3111a7d0b,eb99e3cb-ddb3-4442-9b91-20a2f9c48e9f,e7c12552-2194-8623-bc60-40affed837b5
9c82aaf6-827a-4928-b9ea-76a15d8dafa0,ad679883-2473-4f12-962e-73c5d8875b45,3daade9e-57c1-0b6b-7b1a-c74d9237566d
9668c9e4-2b56-4a91-b33e-c34e95f40ea1,d5294775-a2eb-4860-9f7a-d9a7966da4f8,b802cd2b-dfec-e7cd-e5fa-fd88cd1aad18
dcd24195-969c-443f-a753-330e037556c2,1c69ea51-1a05-46c5-bade-5b1f3d0bd20e,ae365c30-11b2-349b-27d9-59dd9a1830df
6bc9f978-622e-4a98-8985-50d6ba2229aa,10ee2848-bf1d-49f7-82d4-bb35a11c4326,aa449537-0c26-fe87-4f7f-e22565e03006
e08f7b73-285b-4b52-a98d-680a84b36615,058c31d0-a210-43dd-b1fd-b0030b882a77,20a64179-5d5c-e9bd-5d40-fd349b41d439
126f7048-d4c3-4315-9cdd-d1997669a23f,e19a353b-dfdd-4a90-acd0-8151cf1acc61,f7326fc6-48c9-3a0e-609c-756ef37d2a9a
900676e9-402b-4419-9d61-2355396cb645,a625db63-964a-45d1-83fc-c91107017348,a70c9825-3516-2760-8723-eac42327e9a7
4b97a871-9778-42bf-a7c5-83952d79ce73,08681d4b-604c-4b05-8837-ba7302787701,2d226f44-7a4a-78f5-fca6-0a44b469495a
be5623c0-518d-41ac-8f0e-95c916fc1805,c9af3b85-761e-4664-b0f9-cd041cf76be1,741d6810-ef74-a361-57c2-a16f44ae5f76
8e1eba41-e415-4698-9142-c7e13afc0c24,a119b5a4-678d-48d5-b052-6dcadd4ae9e8,516f6bfb-a560-fe80-f260-00e5ff3893f8
e24a5854-d459-4c26-9c02-7a4806bf7f1c,0c051def-a922-4ec6-a35d-1f38d12ed145,4ab7a32a-9554-ac85-59f5-d47d802e47c9
56e3320b-a7ed-4d03-b8ef-708e830a052b,4f34cb44-2441-4e1a-bdda-f21b99b5cf1c,628e7da8-042d-e83f-910f-9cdf9b2c62df
6fa92eab-018d-4964-866a-b125fedd3206,16383644-0545-4a8f-9db9-0c40ca4140bc,9d281b4b-83e1-f877-cf92-4d429645c7a3
e3faf544-e360-469e-b088-e9b0ce516148,d3820c14-c3fb-4482-8680-eb75fead5f4d,f276cd5d-ed48-f9ca-40ce-f409b9b8fcf9
fcbfe735-cd67-4224-a51c-540cc5edd55e,2e36e059-76a0-4344-98ae-1891a09ff3df,3cd3ba27-925c-0231-a735-73c15ff2ee89
a2b98904-90ed-4791-a2f4-446a7ac8add9,e1b07370-c12a-4917-9afe-5399eb6bee67,f1dcd0e5-6fde-a8ec-b03a-729718a0cb38
60fcc795-71b3-472b-9a03-20da14528f0c,8836a421-eeae-46ee-8f80-1b8ada49b6e2,84e9e02a-4c6a-8c48-72e5-e7c6cbb95a62
35525482-d466-46eb-8f35-3499370ed5ad,510ca522-4861-4a2a-97bd-e2b627665f85,6b12a304-a539-525c-8e00-0c46d27d1589
862cbc82-7ab4-481b-b5b3-385a5b88fb5d,325f22d0-66fa-4ee3-8dd7-60c9e63a4915,c6d3832e-e7c7-e53f-733d-8710a8502b5d
fdd4bb2b-e6e3-47b0-8ca9-cd70eb81d487,f1850cd9-6585-40ce-8b61-0a1e23878b98,b82d2f89-7715-e360-f829-dbe0efdb8834
7b09b0a9-4efe-4c7c-9aaa-2850714ed609,dcec7f54-4111-40d5-81a5-c6ac13e063de,f89af2c3-7399-7b30-b5f4-29842c6cfaa3
82b8da6b-5dd3-407b-be86-5322266ce6cd,17ac3b0e-d874-4d15-be4b-f9c0e4235e0c,c1bbf1c5-c2ab-34d4-53f6-9afad61cc6e7
8f2762df-8965-4ff5-8ebe-e31f8649ae0d,c40c497f-b949-4179-a670-0249d2839a2a,4d8575a8-67b8-1439-a0fe-42cf7e997d46
afdee1cb-2d3c-40bb-8d1c-1c7e10d62e1f,61f3e1f9-4b59-4ae0-ba7c-68b1f559e3c5,292ea476-63fd-8d5e-cf28-4d3eb8b75ecf
c49ee04d-22b8-4126-9ca9-a81dbefa6665,f4316bd1-61a1-4b0f-ad44-82999b74c020,7d688f16-01b4-b260-8d51-fc5317c9e1df
ff54a4e7-7d81-4b06-92b8-57eaaacfa45a,221421ba-ef97-4b38-af76-debeba56ee80,970142ae-498d-70f6-990f-11d0aaa5e764
4cc7acc3-3f6b-46dc-8eea-ec4b1606ebbf,2bca6cf3-0eb5-4388-a9a0-319ed7c2d9b4,97631c3b-1f3c-a807-4938-4af47248a085
121f18ce-d339-4a7c-8794-9c2237520d27,c88fd3b4-f003-4f2a-9b89-e5a35d8c146c,88391b2f-36e7-2adf-668a-f99282b7ee87
d281b676-7b51-4fbb-8fcd-6dd48d6af01c,6c6da051-3e13-4aef-b52c-62b77ac4b5a0,428e472f-5a9b-32e8-5966-bcfb86afcf66
302e5dac-cca8-4ef4-a849-b1513b74992f,567690f0-703c-45cf-bc93-cf4ef3919a32,a2abf4e7-ca77-d38b-299c-6379f25ea8b0
dcd3c323-9a4a-4310-b4f9-1794ae38c619,f06d9d54-6006-417c-817b-07b8b08a6fd6,f8f1aab1-1717-102c-db75-f51ec82224cb
2eead2b0-0ac9-4185-8792-d27d6fc07f38,29b27dc3-317a-4cc3-806f-e59417b7e20e,08607125-5a31-906b-e6aa-cc36a59629bb
58b60646-fb6f-46c5-bb81-c5cc53554dd7,65bcf9b4-ecda-4c81-8c00-4cf60f02d36e,3196293e-c530-1965-c097-74763606d1f0
7709dd34-bb25-45f6-9f6b-c97454282972,916de64e-f51f-4dbc-923a-9ecc0ce5eeba,c3f6483f-a94d-54a5-f745-5ea85f905414
38e05a5e-898f-45fc-a1e5-b013affa82b8,ad04b053-ba7c-4681-97ad-2d9a731c082e,25ea5467-3503-3431-daf2-9015d5c5dec7
39c45c25-01b8-45d3-ac7f-65fa3ff450e7,b142761b-ee0d-4162-9f19-21431bfddb87,f7b42460-c56c-ba37-a621-1f0069d599b2
7cf944c0-4259-4cf2-996b-b7c295b9428b,f5c02326-2ce3-4a87-a9c5-781ed23d137b,115a5054-33a9-0efb-0fec-97dcd7706fe8
1c7751cb-dac5-4d7d-9fce-e8768b72ae83,1a579b06-f9ef-4ccc-a1b5-1dbf9e48cbc6,3c641c09-646e-9224-eb6c-99e7a61d7560
6f2f7bbf-de9f-4d5d-9442-97182497ee2a,aa1cb07f-473f-4257-b97b-b1dfcab3f59e,467d9040-338c-f51b-22d8-d70909a44165
5d97fab7-1877-463a-a0af-2fe04265ca5c,8384331a-611c-41eb-a482-5b9737bd53fc,8269d8aa-9bf2-80cf-eaf0-497385a9a907
ae664289-026c-429c-a36b-b45f1d7c6706,87af51bd-cb83-43d7-b235-8b5f8644ac6c,eac981c5-bde5-5a54-285f-92aec0473a92
88a024e4-3fbd-44fb-9fd4-e0c08c96baff,60ed00a8-5db8-40b5-ad7a-4355747484a3,fd049673-e88d-b433-794e-504e0ba613e1
b241a578-4e90-47c7-85d4-b27fecc2fc02,762ed785-3331-4014-b0c0-16884cca0119,c8cc2fac-3b82-c207-aca5-d391459f562b
97717c89-ce7b-4cf9-8c64-9a2ada6d8999,3b9c1c19-9eea-4386-a098-db9cf1728450,4b5c67f8-301b-9de6-ce91-16bf5980591f
1162b2ff-1431-4e81-b3a1-22ca0869abfb,93bd2ef7-9222-4341-8989-3df9cd5a6c6b,a61de91d-b582-b1a6-c4fe-ee169b9ff710
43335722-98a9-44e5-b090-cad7b8cb9278,55486381-2774-4e6d-8d75-363673e9d773,f3c37bc6-899e-1e2f-0f52-df871c0d37a3
d4d566d6-bf41-4400-b7f4-b8e4431690cc,b227e8f8-2323-472f-b23c-58e7ab4e9aeb,504e57fa-9665-6479-bbd7-74d9145e77df
82bf28b5-f010-44db-8cf5-ab59b99221c9,f83842d8-00be-4524-b261-e1b02a3753a9,5c3eb45d-6c4b-ce12-229f-11b663d03514
6828d045-9bed-42b4-b117-fc531f63c382,e8607ec6-63f2-4eda-b9ca-f6fdb1bfd143,06f9b68f-75e0-4ca2-520d-06d6fb6fb8d8
dcd5cd65-1762-47e9-9189-576814efbffc,9ebc8eb6-6bf7-46db-95bc-d6f4f2f586f6,53a63625-c737-686c-e41e-20dc860b7126
9f03caa0-023d-4337-8bc6-0260bd56203c,741c4bf7-d841-4686-87bc-3a84a50c8098,7949c388-1aaf-46ee-f5d1-6a268b83db03
ba107037-810a-4306-a1c9-3ce8535afbb8,3d715daf-6c75-4b2e-bc11-c67c79af347e,e84561e5-eb14-da7a-658d-e3f6b72902d4
2652b761-614a-46c0-9140-e7f358ede641,1453822b-bd89-4682-af2b-32af6532abf5,222780f8-9c07-629f-0f2b-86490fdc6997
26417d9a-c5b7-4dcd-9b4a-69e9d87b765d,e3b57479-e552-4cd5-9458-efed0bcc5779,f997d91d-d4ac-68a9-4dbf-4b47d93a8ec4
b22e5ad4-2eda-4cc7-9537-584b5d1cc985,118f12c4-5595-4921-ae5d-981356f10f48,0afd884a-23f8-9f63-d409-6deb57f901c0
71d56f3c-d6f3-4deb-b5b2-b1c28b412ed4,a0579846-0982-406b-bbba-f185d01c56ee,c4a8ddfc-1e1e-5fcd-0928-ccfd31d1b084
041d4122-ad2c-4cd2-a4a2-beb2732b0f2c,6a92365c-f849-4bad-a4ca-4487b3f7aa2d,fae050c6-c60d-d3ff-0ea8-684d97defd2b
c67ae947-fcc0-4d54-b186-d1c53998d439,b62fbe39-6e59-4045-84bf-6fd2e1887d7a,d280b55e-c762-eb7d-2b5e-46b364227e8d
91a5cb90-350d-4cac-acb0-7d651a150b46,ae349d37-4451-4f1f-9815-d3ab2d1056df,f7230486-85cf-2d4c-0bbd-69db2b83ba8a
c1894c60-b0fc-4c60-8155-e66e5a0ae0cc,4ee7a1e0-2ad1-445a-84ac-4301918d66d6,9fb34cd7-5a04-c6c3-d713-e506d3acf5ff
7ce5e48c-3fa7-4d50-b22f-9e7e71afde31,f52de3c6-e085-4938-b20e-b5ae2d8ed219,c4f48a25-1e21-1a39-3311-eed4a73c39da
af0071a3-be4c-4061-b308-000b2659b3b3,ad993ccb-37f4-4ef4-a34d-3c2b9e634813,22768777-c77f-5bc1-0812-5ddd4ae180a1
d8265305-3580-4735-985d-514fcddf7422,737907ef-2ca4-455b-b042-2851bb0f2236,3c7e8af5-0a5f-403d-2ee4-dc8e455d9774
058dd606-194c-476a-b452-a2c72eb3a43f,f9e0e4c6-8daf-444f-9f77-3375180cd496,4ca9dfba-0d50-33a6-66c9-2fbb9247e13b
1ac331ff-1de4-4954-88a9-7e4d163df489,92f12ef7-666d-4ba7-480b-c441c839a96c,dc151d71-99ed-c44e-bae0-d6798b7d7987
b24fad42-fffb-47e5-9b86-87efa5fed53c,9f79aa4f-f404-d6b8-bc7a-353dbe4cb312,b178dddb-8aab-f72d-da0b-9c95bf6b4106
8b01f508-8cb8-42ab-a1ff-b598b0a2dddf,e5890e70-4cd6-94d4-318f-c93e03aa94a4,900909f4-f617-1969-0664-acad4c577ee3
0533530b-4156-4342-8b19-ebf54f04cf10,bada1600-347c-ae0f-b3f7-2451dc92f27b,0489f4b3-a9c2-07e0-9e04-a6b0fb438c07
1859e312-4637-46e5-b6d0-f1f869d2567c,4c795c2d-9fb7-3d44-6d24-440b9aa5fada,0e8c65a9-904d-71c2-3ce4-9d9bb6690ff0
51f56948-a965-4230-b7d1-86d939e9aaf0,84ebf49f-0c72-4ea6-a9a9-83a7548273ea,0658ba1a-f2f6-6ef8-649a-7b7d4b62f695
8eb5f096-9a95-4ada-a7c9-8ccc8e61de15,5a89d275-843f-42b1-87a4-093a5c60c342,87f6b7e1-1edf-9422-79c3-510629217893
40e2e758-319e-4b0a-ad8f-4c586c45e3b3,188494ae-84ff-4b9c-a87d-aebb9ecb0b33,4c17692c-7b90-e694-444f-31b7ef4869c6
fdb5eaa4-1e10-4c09-bff7-27ece72ee356,72627ce5-959b-4052-8326-9066ef366c41,3cd3ba27-925c-0231-a735-73c15ff2ee89
5cb5052c-7e3d-44dc-8ee6-fd82006f4114,ae6be281-1627-54a5-9e69-5f9e9a751fad,58f777a8-d595-6153-e8d4-c2faaf0d49a3
bca101fd-1eca-4711-aba8-ecae4acf9873,459d1d84-0326-8ecd-5292-f6ba7878e779,5b1b6409-04da-416e-e0c1-3d90ebab71f6
4fc47375-f27b-496b-8ca4-6073564d6fdf,29e6a74e-af97-138a-496b-92c7e2af39c6,5b1b6409-04da-416e-e0c1-3d90ebab71f6
aee51906-408b-4f7c-914d-1e0245591afe,b463a73e-6ab0-6361-3072-ec4552658a01,6cc9516f-9646-3716-720d-a6e4035cb643
e6faacfc-4694-4dea-9c85-f51ec1dc63f9,994c8e8e-dc2d-0146-859b-918c6e97751d,da0b9e1e-5387-50b2-af9d-7aae0f11cd43
a6235a52-4c3e-498f-8f77-4f4ea86f324f,195f5cb4-5c73-8674-cbd3-4936c2f3a3dc,2795543e-0dea-b38e-aad9-2cda528c8466
08ee30c8-9d18-45b2-888b-c112e2143c1f,b3dc56dd-4e80-f97e-b817-febf00f3d32d,94eecd2b-1e87-f99e-eb73-31b1e5cb98ac
2657372b-4394-4547-b57f-ea3a1a6c895b,4fb27a20-d808-01dc-8c15-a1b6df57ff2c,662010a9-1e81-a215-582a-6994cd68fa21
eec90228-b274-4631-a016-00d337a23713,04f30e29-a472-453f-492d-7b62d18057d2,19d0f594-94e0-937a-685d-5c86ed7c7572
7cdf5448-6be1-44bb-adfc-4c56093400d2,1ede6c52-cace-1dd7-fbd4-b51716c8e958,1fd60c95-25e4-6044-3d1d-2e3b2eef2247
c12c8736-b03e-42f1-b0e6-175bde2653f2,7a66e8e5-d487-e284-5914-d5e970304309,662010a9-1e81-a215-582a-6994cd68fa21
77a8e07d-7cdc-449d-ad9b-824e9c8eccca,6bf262d6-e676-112c-d099-782b01569b1f,ccd99dfc-3a1c-a71f-33f1-b593c1663ed9
bbd6bfce-0a63-49f6-9869-50dc2c5a8010,2eae1ae1-0245-1267-f04e-6e0d64351175,882d0a55-c541-de9a-f8b9-be55b2bd534d
6c914791-0b9c-4fbf-a64b-1f86e3e336b2,ca00d0d1-082d-ceba-cba1-15a4269eedb1,707fd32b-d029-5be2-7be3-dc7eb8f5dcee
4aa0538a-3d43-48f0-b61a-a7bee9418269,5ae3cbf5-7ff5-ff0f-6c81-bc6c3d6f8ed3,acf687ad-b0ee-040f-06e1-f19a64177964
1e92f22e-1515-4ef6-b3cb-f8fe8e497cfc,6a402dfd-6164-25bc-2fd3-eefd4d35185a,58f777a8-d595-6153-e8d4-c2faaf0d49a3
aba46408-fe15-4054-a2ad-2c8bc11087ed,4deff295-db62-2b93-346a-9fa4a881fea7,463af2e0-3255-aa7f-8e85-fd07f61ed085
be125448-9739-4c33-9f7e-a758f325b124,54502675-b4d6-8d3d-a579-b5ac64785442,2c843132-0685-ee86-dfae-271f3c598b69
82c0c2c9-f51d-48e6-aa9e-07d34c1cffc2,847d54a8-ac3e-4932-938a-abc3846b6422,e1b7dba1-1387-872b-1a25-cc9b599fd7b0
9a795c04-0bb9-4b32-9878-cebbecd420dd,e26d1019-2b08-491a-878b-233bfa8258d4,acf952b4-d3c1-20a8-0c4c-930b8d11a88c
bb72918a-dc5e-4621-94cd-26b089a9bc94,13586d5e-dacd-49b4-bc16-15202acc7592,e0596d49-1b90-bc41-1084-2a841ee8e916
bb7d21ff-1adb-4194-9358-c77328cf9e77,814c48ca-79cb-43e8-81af-ce00bc05bf93,c2425328-abdf-fdf0-d795-f792aa25b2ab
4fc15e76-5760-40f6-8aea-9756f697fe7a,bd6a5e81-5f06-43d3-b4b5-bf5996d98ad3,d6c94ccd-cde3-c351-2d00-d90a2133aa8f
3143805c-ab91-4382-99b0-410945ef578d,1693ea7a-d88e-9838-89b8-c67931a3313d,248d682c-33fd-295a-b8a8-8432818eb9f9
d30e3d57-b912-4544-abd7-b90ad887413e,403a3279-ae76-156b-9741-12e38431caf9,8657a4e5-c2c6-573a-4333-290f45c814db
ad6dad36-60db-42a4-9c15-10ecb3b145c9,f56b8d40-f670-4d61-9bee-c8bc7b3fb214,3ec86821-3fb3-2ba0-eae3-dd0baee057b6
120e6034-9f90-4ca7-ab9c-716e14bd2f37,f9c5d58b-07de-4d9b-81da-54fc6e00aff8,f0ba0717-1cf9-34b7-2c50-f123aa291db8
4fc7bdb9-1e73-44b4-8519-6fad75dde9b7,37ee75ba-fa4c-44bf-a848-d591acf91918,a8b099fe-4018-0ea9-ac92-9818af68965b
e541ae00-34e6-4fc5-a060-9ed231a42fac,48be3940-657b-4724-a139-2c12418012dd,87e4bcf4-0beb-23ad-7fb1-b9aeabfafd4d
d708b71e-e397-4db3-8544-c07db2191cd4,039b24af-6b3d-4b76-8fe2-8c2f513f391a,3f0afa60-8765-6dfe-4b8b-cb33fb9eec66
3405a43b-c8d8-416c-9311-86955dbaec8a,39968465-18ae-7a52-41d1-ee59e591c96a,51b1c3bf-4914-90a3-721c-1327e72f4d5b
480d61de-ef32-47b0-9e1a-3abcec5f0dca,3f0e8517-18cc-d034-30d9-7688fd9971bd,51b1c3bf-4914-90a3-721c-1327e72f4d5b
bcc6d006-acfd-4e30-acc0-82bdeb69bdb9,0eb398b9-5fbe-44ba-a59c-0be969f79766,bacc1510-7f99-0c97-7d98-e2d6148a0f63
17c9f521-ba5c-48ae-9c3e-4462f0979054,5623c211-5e6c-4af9-eb5b-bfc7619fad48,6fa0a1fb-e938-1e6d-673a-c3f31d992aaf
2658ecd3-cb65-441c-bd0f-6c4879719821,34279005-d725-3ac4-e64a-d311bf75eada,87e4bcf4-0beb-23ad-7fb1-b9aeabfafd4d
e2dc25d5-9557-47be-8bb7-5911ae54be48,ff3678b4-55ee-a129-6bfc-8487f3ece501,9a6f71eb-06da-b160-c482-d41c2eed6150
1698d89a-0ad8-43b3-863c-19e6f7848e9a,5139109f-d2c2-417d-983a-d0ba8d0abd9e,a948135f-777b-cb18-5217-17185963ce49
512ebd4a-7b85-4a07-b82a-9f59ea5a5b8e,224db144-b303-4940-a96a-b5187744f16f,5ee62895-7097-7fc7-6bac-08adb6f0d98d
430817e6-21a9-407a-9b57-40260440d319,3be7ea5b-6bb6-42c2-be14-aca3c1656781,8b0447d1-48e0-b3bd-0788-4cb4282273dd
ec397693-72fb-4751-a06a-ed10f7787054,6e73977a-d679-f4bf-f3c8-aef47d6cbe7a,670553da-d902-095b-ecae-ce2167350d26
ac1348b4-cdbb-458a-bd57-68f83b68a446,64c5ebe8-28e6-4672-8a53-e97529371b9b,84cdc1f0-2ef9-410a-08d7-e5e5a10d629e
ae565ba5-f473-4704-a21b-8aaebbbdda8b,647239c9-54ca-4ab1-a6f3-b3c47c207bf3,63651859-5db5-2fb8-a202-e92638afa00c
03315b9f-11ca-41e0-95d0-0d7217580b07,747067f9-14a9-4ad5-8daf-d5087542c39b,29e3a54d-13e1-3af4-96e1-f0678b26ed66
3ddd4d7f-c99d-4fbe-a2aa-0c662b9a4600,5aa7013b-e06b-46e0-a956-19dd19712e97,acace4e8-4043-afc1-23c4-31edf1f822b8
78af2da1-b4c5-4099-b4b8-c54d41b69195,86b341c7-2706-41bd-80b6-cd9fe2dbe588,28713963-2587-6219-0ec7-b1ff29aeac0e
dce0ea24-6d11-4223-9304-c09cffeb0e90,5c2aab53-6b38-daf2-4d75-8cb83bcacc85,51b1c3bf-4914-90a3-721c-1327e72f4d5b
dad4f592-db83-473c-8715-3a872cf9b1fb,8acf4ae8-3779-6bc3-c0ed-3ad7d3353801,b4171e5e-a99a-804b-580f-e4260907deb2
22ec3bf8-132f-44a4-a6e4-d0a70b9a982c,9fc75212-fbd7-4bf7-b909-c681a459494e,9cbfae0c-0b87-f070-d518-47bac2dba283
bb47a8c5-307d-4270-ada1-1287ef9709d9,523b6cd0-9586-46de-9f0f-2d086e0c8959,2233042a-7f89-b7d2-ef9a-196a048376fb
8059a2b7-72d3-4a02-8584-6af9933e5eed,9ca52ca9-1870-e637-3861-77642afefc8b,48059f34-b834-0e09-557a-b83fc45c94ac
d0f36ab1-b79a-4662-a779-7b9053270b79,9cdba383-5f4d-4443-934f-163634d39260,719486dc-9f59-d839-79c9-aca5568f0ec4
84c1b4d2-2994-4838-9809-7fbb797fd59f,9e1900fb-d11e-6050-806d-61254cc17b25,7d3cae5a-8f26-979c-b960-67b44dedd168
46409948-8789-4c65-abd8-d8e0dec63660,962c4b78-54f6-4ff5-aa65-7061cf051c40,e630181a-b567-b68f-5f93-1b594fd58708
2f3494c4-6b04-426d-9b26-410a0bd46f25,728bfd99-e5e6-ee25-37d9-eeb1b366303d,23b38dc2-caa0-763f-f4c2-aa3a3056825e
4f5be333-f120-403b-bf8a-388300bea4ad,54e7be7e-182b-0f01-b847-84b6c317557d,ae7d2d11-72ae-8b6f-0800-62e7b873547a
d98f6e7e-4ae6-4c03-a40b-ab994f38820e,da5d6ef2-d2ad-4533-9076-aa09fd31c2e4,d7eca49a-b3ec-ef8c-711e-49dd381d89ab
868f0a8f-4717-4f8f-98c6-3678c03f989f,d7c4e3bd-ccbc-4487-a098-a3a759772774,969eaafe-3535-542c-d8b1-e9994305561b
9b964fd2-7838-4062-8f61-ebfb34d11b17,d67fb55f-d589-4188-f237-7ad95af5b272,9093d182-def3-0e7c-40dc-1fac75a0a56f
42d2c04a-8fa2-4c9f-831f-9482cc553401,badcceaa-4fb4-208a-f97d-ba30a93bfde6,94ae704d-567d-f072-d5d7-775501b54038
9fb964e9-7469-4c57-a64c-f58a8bac7876,e4c17d1d-3e78-e86d-880a-4acb5bd27bc3,4599e7b2-0b85-f76a-6a4a-c39a2764839a
295a229f-1012-423f-9516-8f97259546e4,bacfe61e-567a-84d4-2ee6-ccfc880cfbd8,84720db0-871d-1d25-0567-1041db5621d3
56b7c30f-e9fa-4a0c-a918-5fd9e25b7bd1,ba13b719-0b68-456a-bb09-e98768223036,d19c6e90-8790-4f1a-ebd9-4a0e8a09954a
097b45dd-aaa7-4ecd-9bf6-7309c231e011,aa008501-2048-229c-70a4-3beb7820e672,51b1c3bf-4914-90a3-721c-1327e72f4d5b
af94f897-045b-4b42-9fae-22bf763e5efc,dfe1f97c-cc2d-4d0d-853c-5c2c14865792,434508c0-431e-0ad3-efc3-62585a51d735
b5343001-3d4d-4969-a510-beac5c752ab3,aaf2ca59-ca56-4735-b160-ca258d27ddc4,8d01fbc0-32a1-e5e2-91b9-c6fb48f44502
90dd0a35-5f42-4208-abf6-5f0e8fbb7bca,df1e0374-015b-408a-b1e4-17553cb7cb6c,5c1fad0e-630c-e0d8-962e-422c44d45600
62e6a2ce-31af-41dc-829a-e44d4f2da251,d81de71f-9e8e-7324-b9d3-977d181552fb,c8d370e3-39d0-e154-812b-083af41702b2
2b3e7995-c173-4ca8-a173-5ead0c28d514,d56e6eae-6d8a-4a1c-b021-01923c620b02,09292ed2-201d-dee7-4771-0a6dbe832756
824b4a9b-8877-4b0d-8fc3-15a350d03dff,c902ff4e-5ba5-46f2-9139-baf08c0aa36f,d350c3c0-dbf1-5702-db95-583524bc2e7a
70c011d5-07cd-49fe-9c09-8f32a415ae41,a8b2e7f3-1b8f-1682-0618-dd014b10ca8c,b90f5bd4-7493-fb10-0962-37d0df33eacc
4b7c748a-8b85-47b0-b4cc-00d73b05409a,712bf81c-9fc2-4a9e-98e4-395af5ee5854,a32981fb-2579-e5b7-9dde-ea23e5a9090f
9952d2e7-ec27-4ffa-bf4c-0eec2f40af28,e9a5afbd-a153-488f-b60f-9d60c7256803,aa473c4a-6c1b-7dd1-75b2-44833b06c12d
df51ce3b-a2f3-4711-a39d-396fbea2d8a5,e2eca9de-c716-4018-a1cc-5ab3952b865f,84d17324-903e-4d7a-56b9-e19d3dbac3e9
b95986e7-47e9-4747-95fb-222573096212,ff3dc5b2-61a0-40d9-a242-94499a408eba,29dc3ceb-b2d4-3f4a-82b6-c5a50cab8598
1535d668-7aee-441a-81ee-8fb7ec95a185,ff74de92-95c2-d999-2044-9270258a33df,66359b4a-4c2c-53a8-b42c-773f28a54242
056bb294-7450-46f0-9817-fc87e2ba7bd8,f1d8ce61-9ee5-ad2c-72d3-b6fc90280bbe,79ce4ced-eeb8-8a8e-d5d5-712c2f3587d3
eaab3d3c-93ee-4af0-8193-f2fa8db21d4a,f7d94987-0f4f-4d00-96ea-0fecc010ef18,a3d3d769-e068-a873-ccd4-8ad528463d68
edfa8ef3-67c5-46b4-ad0a-5681637a8833,f8524824-049b-4462-b0f8-df5324e95ed8,ffd68179-9bf4-093a-caa4-c7d6a1235a5c
961abb33-cef1-4c3c-970a-359ee3780b8a,f4a9cb54-36fe-445d-b280-f68fe0e6a20d,fb52dd01-e513-fb31-3372-84bfb7ef65b8
a253067f-7b1c-4e07-8178-b156ea0c609a,ef83ac08-aa78-780d-ea59-f1075a9fc600,72bfdcd5-49de-8127-f4c5-91ed282a6d89
1882303a-1c31-4fb8-8c56-c4a684e0227b,ee83be75-8390-aaa5-f263-fadc59a1352d,35301209-6f6f-efec-96ac-b4616fa538c5
78c30147-e019-4cab-87f5-581e87c53288,7a96fcc6-72d0-99c9-17d4-0ddc6bacf170,b4171e5e-a99a-804b-580f-e4260907deb2
02a5fefa-76f4-452d-9215-a0f0d6954a10,d5f89e44-480f-1977-9b11-94290e5c4d02,a0d837c5-50a3-3b23-40e6-9b1fd5348cc0
c876325e-ef8d-4cb7-9ed9-ca53f1c0cf7e,67383250-f8a1-470a-439b-5e2367c8acfb,367dbbcd-561b-380b-4f7b-3679864ea842
d03a38d5-9c02-41f9-8ee7-406f9ee164ba,689d524a-f769-2b56-1c4f-e229c1d033e4,8eabba9a-fa8b-a1d4-5ba5-2464eb24e1e6
0e34f0e2-897e-419e-a528-57c8610cfb5e,fb63c3a9-9a75-ed98-9f69-d281c2420d79,74f56052-06ab-a874-c432-7f98bef80a93
16b9d671-9b50-4cb5-b6fb-65ed8110699d,a8c3ca42-7e39-d11b-7df0-364f633858b4,146fbd42-078b-3785-2f96-e5fe53678622
ef1f1337-15a4-42b9-827f-2e2f308177e6,aac78fed-ca4b-0535-1947-806f7ab19097,5d73e300-dd5b-1126-bafc-9e94a5a849de
2b749207-db81-44d7-aa7d-4df9096664a9,0d5026f5-09de-192f-19c2-679e374e69f1,3299bad9-ef48-7824-9f7a-f2bcc0df5939
a5502367-0389-48c2-b3c1-306a3a3bb0af,cc8b94cb-85cb-2dc6-ac57-0d4cc4bb0886,ca460eb3-931f-ebc9-b815-fee02267e573
d00b29db-3a37-46e4-9295-1ffd45c44fed,8e555ab6-ad5b-97a1-a63c-e73d63c10d68,f62b7350-e88d-9c74-7b87-7331d4872941
4e6890ef-2886-4df2-b09e-d747c8f61ece,c51967f8-6d0d-f6cd-05ca-d4768acec662,8e2b04f1-8489-b001-7f7c-496c368074e1
,,
,,
,,
,,
,,
,,
,,
,,
,,
,,
,,
,,
,,
,,
,,
,,
,,
,,
,,
,,
,,
,,
,,
,,
,,
,,
,,
,,
,,
,,
,,
,,
,,
,,
,,
,,
,,
,,
,,
,,
,,
,,
,,
,,
,,
,,
,,
,,
,,
,,
,,
,,
,,
,,
,,
,,
,,
,,
,,
,,
,,
,,
,,
,,
,,
,,
,,
,,
,,
,,
,,
,,
,,
,,
,,
,,
,,
,,
,,
,,
,,
,,
,,
,,
,,
,,
,,
,,
,,
,,
,,
,,
,,
,,
,,
,,
,,
,,
,,
,,
,,
,,
,,
,,
,,
,,
,,
,,
,,
,,
,,
,,
,,
,,
,,
,,
,,
,,
,,
,,
,,
,,
,,
,,
,,
,,
,,
,,
,,
,,
,,
,,
,,
,,
,,
,,
,,
,,
,,
,,
,,
,,
,,
,,
,,
,,
,,
,,
,,
,,
,,
,,
,,
,,
,,
,,
,,
,,
,,
,,
,,
,,
,,
,,
,,
,,
,,
,,
,,
,,
,,
,,
,,
,,
,,
,,
,,
,,
,,
,,
,,
,,
,,
,,
,,
,,
,,
,,
,,
,,
,,
,,
,,
,,
,,
,,
,,
,,
,,
,,
,,
,,
,,
,,
,,
,,
,,
,,
,,
,,
,,
,,
,,
,,
,,
,,
,,
,,
,,
,,
,,
,,
,,
,,
,,
,,
,,
,,
,,
,,
,,
,,
,,
,,
,,
,,
,,
,,
,,
,,
,,
