pkid,name,description,tkmodel,tkdeviceprotocol
b111d03a-5816-0717-6253-84fd79d09b87,SEP5CB12EE150B0,3333253027 - IT (STX),683,11
b14652bd-b340-5217-caec-9bdbe9aa4dcd,SEPC0F87F9CF14D,3335763014 - Melody Esposito (HFD),683,11
b1357e19-7632-e7e1-a01e-c9999eeebd17,SEP002F5C7A3E01,3333023035-Training Rm (HRL),683,11
b15bff5b-e92a-1e3b-92a3-2aa404d56f71,SEPDCEB94BDAFB9,3334843003 - Office 1 (OWA),683,11
b213f7a9-062b-798d-5273-97c661b77621,SEPCC9891D1A1FE,3334083019 -Andy Collura  (MAU),683,11
b3af6e67-a92f-439e-28e5-bf30d7e13005,SEP0C116722D08E,3333253012-  (STX),683,11
b7e0a2aa-de15-7953-2528-5c5bb3b41bce,SEP7CAD4F5E0319,3333583703 - Dock Stand (NDA),683,11
ba829eae-7dcc-50fd-7896-1aef4c217afa,SEP00AF1F9D81B2,3338613003 - Matthew Pratt (PIT),683,11
ba640a80-24fc-0384-4bd4-1a2b2be8480c,SEP247E12BF9FBE,3333623015 - Office 13 (NHU),683,11
bb2f657b-ece4-f4e3-4af5-02c6c8658110,SEPE41F7BDCAF48,RKI-3334703305-Edward Rasso,683,11
c257d678-5c32-384f-491e-ca895c691c5f,SEPB4A8B968BE86,3332955555 - Reception (AGS),683,11
c656d189-1c7c-cb9d-1173-e5fe1471b06f,SEPF0B2E58E1EF7,3335313010 - Kevin Courtney (VBE),683,11
c6569af2-0a68-bcb1-2e63-3fd2302c8cea,SEP0041D2937FDA,3333583005 - Office (NDA),683,11
c7176331-616c-a714-5315-fdd41af4c9ea,SEPDCEB94BDB518,3333123012 - City Dispatch (FTW),683,11
6f8dee13-a66d-d3a8-9a11-b0178a834aa1,SEPDCEB94BD4AEB,3332103042 - Dispatch (DRS),683,11
32090dd2-b854-e4ee-b06d-cb8ca4b8461b,SEPF0B2E58E2516,3332103005 - Office 3 (DRS),683,11
11c99680-dd30-3242-016c-5815cf7bc735,SEPF0B2E58FABF2,3332103043 - Dispatch (DRS),683,11
23998724-e838-66d6-3bfd-6f816694b517,SEPDCEB94BD4B19,3332103007 - Office 5 (DRS),683,11
7418b904-58af-849b-6ae1-7d8d24183fb7,SEPF0B2E58E26FF,3332103003 - Office 1 (DRS),683,11
a0d5292e-92cd-08ee-bd11-6f39bd7a0542,SEPF0B2E58E63A5,3332103800 - Telcom Room (DRS),683,11
f234fb63-75d4-7be5-d746-4ddf6c55a8d5,SEP00D6FE05D4E3,3335543005 - Office 3 (KTL),683,11
f5002680-93e1-aa33-fd74-7b050c673040,SEPCC5A535FAC1A,3335543320 - Shop Office (KTL),683,11
2f47199f-33ae-4a90-4ce8-5bb4d983085a,SEPB4A8B969557F,3335543301 - Shop (KTL),683,11
67fe27aa-3e43-77ee-cfb9-51f7afba7b1f,SEPF0B2E58E1EA4,3337953007 - Office 5 (EVV),683,11
6d9b2025-9a56-7538-d634-9c0b5042e6e4,SEPF0B2E58E2335,3337953042 - Dispatch 3 (EVV),683,11
4754291a-d6c2-1abc-1a68-b60fe5399311,SEPF0B2E58E228B,3337953006 - Office 4 (EVV),683,11
16c2b8d1-c7b6-5812-c3b0-e7b6c2f5c653,SEPDCEB94BD4DB7,3337953070 - Break Room (EVV),683,11
0e0bc16e-d707-17b5-3bc0-fab16128b906,SEPF0B2E58E1DB7,3337953005 - Office 3 (EVV),683,11
55840143-4bb8-9bfe-35eb-43dc42285b26,SEPF0B2E58E263A,3337953004 - Ginny McCandless (EVV),683,11
9babbb1a-0b73-793e-ea2d-692ae4fbf55e,SEPF0B2E58F65FC,3337953002 - Josh Barnes (EVV),683,11
085899d7-58df-37fe-5e76-ebdcc76518fc,SEPF0B2E58E20EE,3331823008 - Dock Wall (SLM),683,11
4e26246e-3918-1295-2dab-f7029355e38a,SEPF0B2E58E264D,3331823003 - Office 1 (SLM),683,11
a819e3e4-94a5-3f76-153c-20a8f750c7a6,SEPF0B2E58FAADA,3331823013 - Breakroom (SLM),683,11
b26f135d-8233-26fc-4520-566173cf78f9,SEPC0F87F754701,3331823014 - Casondra VanDoren(SLM),683,11
b3fcb92e-4906-33e8-9ba5-760127d9c245,SEPDCEB94BD4EDC,3331823004 - Office 2 (SLM),683,11
e231276e-5906-98ab-f6d6-273e453dad8a,SEP00AF1F9CA0C4,3333903003 - Stephanie Larson (TYR),683,11
403ecc0c-2a95-2d40-5f77-2669bb60c1f5,SEP204C9ED6E0C9,3333903700 - Dock (TYR),683,11
37d28484-06af-0fdd-d6a6-985b690d1edb,SEP00AF1F9D2718,3333903800 - Telco Room (TYR),683,11
3838d943-c40c-0c8f-50d1-d7717ef9fda7,SEP00D6FE05DDC9,3333903027 - VIckie Lopez (TYR),683,11
17a41339-058e-fc39-4f5e-44a164efcc41,SEP00AF1F9D813C,3333903004 - Dispatch (TYR),683,11
3b68aeb9-0568-0fbb-84b9-20cfcfbcc2b7,SEPBCC493A50CF2,3335053005 - Office 3 (SLO),683,11
344ae885-5e12-bb03-8e6e-e0d4d64b7724,SEP04BD97D390A7,3335053020 - Office 2 (SLO),683,11
5798e13f-e32e-60a0-275b-367aad6bef29,SEPDCEB94BDB214,3331503040 - Dispatch 1 (LOW),683,11
4cce4142-9491-9d4d-0062-479da4bc08b2,SEP00D6FE05DB6A,3331503006 - General Office 4 (LOW),683,11
55ac2f35-b8b9-a8b8-3fc0-f3184907a614,SEPF0B2E58F6543,3331503005 - General Office 3 (LOW),683,11
a557398f-2c21-57d8-ba84-e8d88d3905d2,SEPF0B2E58E1E87,3331503013 - Open 3 (LOW),683,11
c3e55678-66e2-c61a-dace-f6e3d113c74b,SEPF0B2E58E6162,3331503012 - Scott Wessel (LOW),683,11
43838137-8b83-7279-6791-b8cee7480d76,SEP00AF1F9C9C69,3338613016 - Amy Campbell (PIT),683,11
47e962f8-1152-1e7c-31f0-9431a385e0e0,SEP00AF1F9D6BAD,3338613031 - Conference Room (PIT),683,11
36053772-7d59-8c98-af6c-6eb64988ec4c,SEP00AF1F9C9C9B,3338613007 -  Niki Mascaro-Link,683,11
192ecef8-0e0b-acb8-64cd-f96aa527bc49,SEP00CCFC4A013C,3338613017 - Margie Jurysta (PIT),683,11
1b27de98-df58-3d32-dc10-10f83cf40245,SEP00AF1F9DD752,3338613008 - Baylee Baptiste (PIT),683,11
bb418914-bcc5-fe6d-be41-91b0047f3f36,SEP00AF1F9D2E27,3338613018 - Abby McCambridge (PIT),683,11
c19d7889-b3e8-9f6b-e837-2a5c3536e0f4,SEP00AF1F9D2433,3338613015 - Amy Campbell (PIT),683,11
dbb8096c-ac5e-c19e-195f-fed83914dda8,SEPBCC493A51EE8,3333103004 - Office 2 (WFT),683,11
60ff7ae8-0f4b-6274-f7ad-7d92ac417149,SEPBCC493A50C10,3333103005 - Office 3 (WFT),683,11
4c44a1db-60e3-ff76-77a5-00b2b278d2fb,SEPBCC493A50B91,3333103003 - Office 1 (WFT),683,11
bb6cad9b-2618-25d7-4ae0-7bcb3108514a,SEP70C9C669E3D1,3338403040 - Dispatch 1 (LCH),683,11
270d7d40-349b-3bf8-1df9-c4bc16200b8f,SEP00CCFC4B6A5C,3335443700 - Dock Stand (PKB),683,11
962d899a-1229-dc5b-9443-a77062e1ee7f,SEP689E0B29BD2B,3335443002 - Tyler Cancade  (PKB),683,11
3fa49ff5-bf64-a3d9-dabf-384da95a118b,SEPDCEB94BD49AE,3339523004 - Office 5 (PCA),683,11
883559ee-8944-6363-62e6-4c2a37881c12,SEPF0B2E58FAA46,3339523008 - Office 1 (PCA),683,11
6ca72c8c-bc41-667a-32c0-31c190c37e68,SEP00B0E15F4DAC,3335683302 - Shop Bay (BGM),683,11
588b064e-5262-d1d5-a2c3-023dfac057cb,SEP00B0E15F3402,3335683010 - Office (BGM),683,11
ec91fb7c-92f5-2821-4732-e524c6dbc65b,SEP00B0E15F500F,3335683700 - Dock Stand (BGM),683,11
27318532-246f-abc1-783a-1686ea727f5a,SEP00B0E15F4EAD,3335683073 - Meeting Room (BGM),683,11
0969bbba-9082-363d-7514-0dbbe824797f,SEP5CB12EE2219A,3335683005 - Office (BGM),683,11
483fbdb4-351c-5b70-d444-cbd2272fc543,SEP00B0E15F2082,3335683370 - Shop Breakroom (BGM),683,11
af6eaa1f-c9ee-dc20-11cb-ccecd6d63e79,SEP00B0E15EF41B,3335683301 - Shop Parts (BGM),683,11
b06972dd-5bd1-1b74-c4a8-3f012a5e6471,SEP00B0E15F5018,3335683800 - Telco Room (BGM),683,11
701291c9-118e-4469-ed71-175d1d4fc5fa,SEPF0B2E58E1DFA,3333993101 - Dusty Greer (EDA),683,11
7054091d-8d46-2335-a7f7-42f67d9c26d9,SEP28AFFDCB4F43,3333993069 - Dockstand 5 (EDA),683,11
ea9b63a0-c937-51b1-6f89-3a505245ca93,SEPF0B2E58E1F16,3333993305 - Shop Break (EDA),683,11
1f0ca9b0-6439-4d26-9904-fa02028a29e8,SEPF0B2E58E22D0,3333993104 - Stephanie Carter (EDA),683,11
2a704ec4-0a08-f212-7ecc-84d44310ae70,SEP204C9ED64AA3,3333993302 - Shop Tech (EDA),683,11
521563d8-9556-513d-94a3-41fcaed659ae,SEPF0B2E58E177A,3333993060-Luis Sanchez,683,11
95791266-c6cc-1cbd-13b3-42a7259b847d,SEPDCEB94BD4BEE,3333993057 - Imaging Station (EDA),683,11
b2194ac4-55df-6886-9116-095bc68394d8,SEPDCEB94BD4B7D,3333993044 - Fabiola Campos (EDA),683,11
b9740e44-2ef9-5eca-e4f3-ca47ca4c6b1e,SEPF0B2E58E1AD2,3333993012 - Ops Office 2 (EDA),683,11
29e4c1a0-2e1e-2a4e-efbc-3a5b4f3dee9b,SEPE8EB34D98790,3332603602 - Road B,683,11
899526cc-9ab8-743e-7885-ff92d8e34ab3,SEPDC774C952E1F,3332603044 - Admin Support B,683,11
80f315ec-52e3-c14d-b86f-ba8011e097d9,SEPA03D6E4FB23F,3332603043 - Dispatch B,683,11
93380741-7caf-4be1-47a2-87bee58a1a85,SEPBCE7127EC362,FXF-RDU - 3332603004 - Operations Room B,683,11
b4124c11-cf3c-6afd-d6eb-942d40e47b9e,SEPA03D6E4FB274,3332603703 - Center Dock Stand - Right (RDU),683,11
b5279af9-68d3-bb1e-4c09-6bc46428ece6,SEPDC774C94EB00,3332603305 - Shop CBE Room B(RDU),683,11
c4142b24-7c9e-6b2f-e783-bae6473c8f39,SEPE8EB34D98A77,3332603803 - MOD D (RDU),683,11
33f60f1b-627a-22fc-f2ac-dc1c4b803f35,SEP00AF1F9D4D99,3335763024-Kyle Demers,683,11
5c8a6ad2-77a3-d778-bc64-31085b60de72,SEP00AF1F9CAD0B,3335763003 - Andrew Hunger (HFD),683,11
20b7d10c-7cf3-1c73-c455-732971c0a162,SEP00AF1F9D4E6C,3335763320 - Shop 1 (HFD),683,11
55d0af34-b91d-f65f-3fe2-aecabde2b3f3,SEP00AF1F9D5052,3335763070 - Break Room (HFD),683,11
9923e014-bee6-5ef4-ffdd-e10a3fed3019,SEP247E12BFA397,3331403302 - SHOP BAY 1 (TXK),683,11
03f816cd-7123-cb93-6d81-0c065812a61a,SEPF0B2E58F6775,3334193005 - Office 3 (DPL),683,11
3337610d-2ce1-e5b7-4222-71e2a3180a7d,SEPC0F87F9CF105,Alex Gray,683,11
acc69b41-2c0a-73af-c83a-d829260dd8fa,SEPF0B2E58E25DD,3334193004 - Office 2 (DPL),683,11
76e851ec-44f9-29e8-5f64-bbcd25de591f,SEPCC5A535ED5AA,3333123020 - Main Dockstand (FTW),683,11
5552496a-be67-d02b-14dc-8ec86bdf652c,SEPBC8D1F17C318,3333123031 - WEST #1,683,11
9547f547-8874-9b22-b3b0-3e2333139fd0,SEPC0F87FCB3C42,3333123009 - East 1 (FTW),683,11
b421eafa-ecc3-e92c-a1a2-ead3ca72e9d8,SEPCC70ED56E9FC,3333123053 - North 2 (FTW),683,11
b876c63d-d9a2-8a9e-02bb-84be253211c1,SEPDCEB94BD4F8B,3333123030-Derek Fox,683,11
c7936785-d7dd-95b3-5ae5-82994dea9615,SEPF0B2E58E1B71,3333123301 - Art Ortiz (FTW),683,11
72c29c45-808e-a388-0191-9492bf3bfd1b,SEP00AF1F9D52DE,3338673041 - Dispatch 2 (WPT),683,11
864cecfa-4e05-e607-9388-e3e7e8de76d9,SEPF0B2E58E6140,3332683021 - Fuel (GSP),683,11
741c7594-8764-20e3-ef17-9df0bb748a08,SEPF0B2E58E1AC5,3335313006 - Jose Martins (VBE),683,11
1db8a6d5-5ce7-90cb-3a2d-0f6e965d3eb8,SEP74860B71B492,3335083001 - Office 2 (BIS),683,11
780a97dd-bf60-f81b-da51-3ddc2ea87771,SEP0041D29380D0,3333583008 - Erin Reesman (NDA),683,11
79c3e025-35d1-1764-c11c-db358001c13a,SEP0041D2935494,3333583052 - Courtney Gregory (NDA),683,11
5236e022-e8e0-d30d-4873-606b5cb8fc20,SEP0041D2937C89,3333583034 - Michael Lancaster (NDA),683,11
a4a49812-6489-980b-d837-dc477ab6f102,SEP0041D2935243,3333583950 - Executive off (NDA),683,11
c8ad40b3-cb8a-3199-051c-564c2d3e499c,SEP8C941F2A34DE,3339603004 - Ray Rollins (DOT),683,11
30cd8b90-d6f1-4079-d2c6-a18d0db0df25,SEP00AF1F9CE58E,3333023013 - Jesse Salce (HRL),683,11
af62e42d-c938-defd-f21e-3443f530e44d,SEP0029C2C92D92,3333023301-Parts (HRL),683,11
8134ede3-fcd2-ec7c-26bb-0c2225a5438c,SEP00AF1F9DCA62,3334703005-Jason Sellers,683,11
9008d13c-1919-f948-1489-8548dd4e00a5,SEP00AF1F9D5DEC,3334703008-Patty Austin,683,11
646c094f-c93b-ce8d-d94c-c8a9dece8dba,SEP007E95FD4CBB,3338713709 - Donna Rodriguez (POS),683,11
3f07ca4c-44f1-3609-8c43-67108ae6b090,SEPA4B439D3B37B,3338713035 - Frank Angelo  (POS),683,11
350c6170-a732-126c-715b-91519efc2b5c,SEP00AF1F9CE656,3332593016 - Tina Hale (GBO),683,11
887b3084-795b-57c9-bf63-9af2dff251d9,SEPD0E042A72400,3335503709 - Vacant (KCY),683,11
07518e5c-10ac-720c-0e97-9bb598f18fc2,SEP00AF1F9D2A75,3337393044 - Omar Lozano,683,11
f5c6aaca-97e7-b66b-d79b-9650bbefe71b,SEP00AF1F9D7C47,3332305555 - Check in,683,11
c6a0768c-89bf-4dde-3eb6-cca4691b5152,SEP0041D2F9BFFA,3333503900 - Doug Clavier (HOU),684,11
e141b5ab-8522-8f26-6115-d647f6292058,SEP2C01B5E4F8EE,3333503067-Adalberto Torres,683,11
fb81f1fc-e9b4-1b1b-0fd7-db9ee8a7f3f3,SEP00AF1F9D46E1,3333503032-Chez Melancon,683,11
f3928d18-c5c8-a618-3ebd-c8a66b64e25d,SEP0041D2F99A94,3333503001-Mason Quintanilla,684,11
723158ca-2423-1b45-c6fa-05cf596a8b81,SEP00AF1F9DDEAC,3333503040 - Marc Lester (HOU),683,11
5b9a01b9-1c1c-2bc9-79f0-1e9312d7b307,SEP00AF1F9DD5D0,3333503086 - Spare Phone (HOU),683,11
60baf53e-521d-8184-3c87-d5758140d40f,SEP5006AB0974E2,3333503023 - Donald Moten (HOU),684,11
20306542-9afe-4711-2760-b03eb671c6dc,SEP045FB9003C7F,3333503066 - Augustine B (HOU),683,11
12f48cfb-678c-3397-b3b6-546732f8f249,SEP6026AAB35274,SEP6026AAB35274,683,11
15e64ac7-83eb-72b8-4b9c-82ae0d7da5e8,SEP2C01B5E4F906,3333503042 -Patrick Omile (HOU),683,11
84d0b10e-734d-788f-ee3f-d821dc941a79,SEPC4B9CDD9B11E,3333503063-Isaac Barbosa,683,11
8886960a-1564-0f0e-b7fa-61445a793bfa,SEP00AF1F9D8A43,3333503008-Anikka Cox,683,11
800e3d19-6680-3e3b-a90c-7b5b904844e4,SEP00AF1F9D8739,3333503203 -Zuleima Gonzalez (HOU),683,11
09ec8589-085c-1eba-5e91-2c686d391982,SEP00AF1F9D44D7,3333503021 - Sam Spark (HOU),683,11
49142d94-1218-2815-5c26-1c5cd6d8cd82,SEP00AF1F9CA0B0,3333503005 - Stacey Culpepper (HOU),683,11
111765aa-b4d0-c3e8-bf2b-8f5330501437,SEP00CCFC4B644A,3332503022-Dylan Moore,683,11
b0bb45e6-9e07-d778-9930-c7836af755b0,SEP00AF1F9CA0DD,3333503800 - Telco (HOU),683,11
b1fcc63b-36f3-f28a-ccf8-4bb8ecf6c923,SEP00AF1F9D2943,3333503013 - Alfred Hunt (HOU),683,11
b8d79a9a-f51c-6170-e617-f430526dd8d7,SEP00AF1F9DDFEC,3333503704-Broderick Johnson,683,11
bd569eff-03bd-9807-3c08-3fbac08ae839,SEP7001B5DB6370,3333503300 - Jesse Waite  (HOU),684,11
c2614f73-2baa-8ab1-ef24-494a54c08caa,SEPCC8E7148F943,3333503035 - Deneen Roberson (HOU),683,11
c91b615d-c899-f2d9-065c-6cabe794ee8a,SEP0041D2F9A190,3333503030-Emerit Euseda,684,11
1fe87168-a933-0f19-480a-902e9ee573eb,SEP00CCFC4A35B1,3335343041 - Minda Montes (FTA),683,11
4a8ae163-d9fd-4bd2-d9a0-081880b180bc,SEP5488DECE1714,3333833005 - Connie Horner (EKC),683,11
cfd7eb17-19e5-ecd8-916f-ff2e428f43ce,SEP8C941FFF6CAB,3339903008 - Amber Wetmore (TOL),683,11
45bbcda4-ab90-a283-5601-6ee9523c6d4a,SEP34F8E77B4410,3334873041 - Dispatch (FAR),683,11
4622e179-c499-5e37-1fe9-25878ef356be,SEP689E0B29BBBA,3339903301 - Shop Parts (TOL),683,11
633a89a2-62ed-ba2f-a9c2-17db7db07a86,SEP0476B04757D2,3331303003 - Chance Walker (FSM),683,11
10862d1e-5868-41e5-d07f-c86cc1123aaa,SEP689E0B29BEA2,3339903303 - Shop 2 (TOL),683,11
64e54444-c52a-6c87-6e8f-b2aa0011a933,SEP689E0B13BEE2,3333403300 - Jesse Garcia (WCO),683,11
cbecb3ff-fa79-9991-bcce-dbba16e82224,SEP5488DECE1B59,3333403001 - Robert Farmer (WCO),683,11
d344c5b8-f25d-60e0-daf2-b34f3a4f48ec,SEP0476B0D8A2B5,3333403002 - Office (WCO),683,11
d8ea6673-afda-c7c1-0403-d471c0d37c47,SEP5488DECE1B5E,3333403302 - Shop 1 (WCO),683,11
e0c09407-06b2-5c57-0fc0-183fa0785479,SEP5488DECE1B63,3333403041 - Dispatch 1 (WCO),683,11
48044d80-433f-f7de-3be1-4db866844e96,SEP0476B0C4CA9C,3333403003 - Patti Tekell (WCO),683,11
5b08d7f1-4777-a033-4d79-8599dbb4997d,SEP689E0B154F57,3333403044 - Jakob Kostroun (WCO),683,11
5f4b293f-3560-108c-4677-4f0d4272e135,SEP5488DECE1AD7,3333403702 - Dock Stand 3 (WCO),683,11
75c2875e-3c88-661b-1626-a88bf1bad062,SEP5488DECE1AD6,3333403070 - Employee Breakroom (WCO),683,11
8dea6fd9-afe3-f321-266f-8dcd42d7459e,SEP689E0B13BEE9,3333403040 - Gary Autrey (WCO),683,11
04f114e7-f8d3-63c8-1a99-0d64236f767b,SEP0476B0D8A2C0,3333403800 - Telco Room (WCO),683,11
a17ba16e-9459-5e12-f5fe-73303b98c99b,SEP5488DECE1B61,3333403000 - Randy Snow (WCO),683,11
a3eb5b52-7f01-1d2c-2e18-c86ecbab3ba3,SEP0476B0D8A2B0,3333403042 - Shafer McAlister (WCO),683,11
a8d4e2c7-51c8-d172-44a4-1ef77f309e4d,SEP0476B087D4B1,3333403043 - Noah Russell (WCO),683,11
932f2e51-a8e6-edce-d78c-c59778a60ee1,SEP0476B0E76C63,3333403006 - RENAY FORD (WCO),683,11
95f0c460-0c01-e25e-c5a4-3e8083d50ce8,SEP689E0B154F14,3333403004 - Office (WCO),683,11
dc3071dd-0055-0d2a-8d40-a099358fabcd,SEP5488DEFFFFE0,3335543702 - Dock Stand 3 (KTL),683,11
fb972937-9ea9-7cbb-1ecf-4aca27ed47f5,SEP689E0B03B693,3335543050 - Supervisor 5 (KTL),683,11
ff9fd0c3-b807-9c87-37ab-f8fb873702e2,SEP8C941FFFF9A8,3335543008 - Office 6 (KTL),683,11
edee117f-0c30-fdb3-38b0-45f9f38af1c9,SEP5488DECE1719,3335543040 - Dispatch 1 (KTL),683,11
9ab89c63-e8b3-4256-0f57-0f6b8db58b6b,SEP0476B04757B8,3335543041 - Dispatch 2 (KTL),683,11
b5e86d09-af51-75bc-0441-1004cac94ee0,SEP0476B0475797,3335543049 - Supervisor 4 (KTL),683,11
099627ff-7ad3-85fc-cd89-2c0726e2fe83,SEP2C57415E5B9D,3333543005 - Office (FLG),683,11
92bee443-5a9f-aab3-f0f3-d0cc7edcd465,SEP2C57415E579F,3333543003 - Christine Jones (FLG),683,11
cd8015fe-b8e0-2573-23ec-8cc423d30a5f,SEP8C941FFF6484,3339903700 - Cris Shiple (TOL),683,11
d8bcc958-579f-e739-5e1b-ab4997362790,SEP2C01B5E58234,3339903701- IB/OB condo,683,11
e277f438-e4f5-ed30-b6f5-d9d024cb9679,SEP8C941FFF6CAC,3339903016 - Alanna McLemore (TOL),683,11
e36c3b6e-0d96-bfc1-d647-f297eb150a8e,SEP8C941FFF64FD,3339903004 - Jason Smith (TOL),683,11
3c86d8b1-1e68-8d66-e69d-d3b520ff75dd,SEP8C941FFF6C8D,3339903042-Sente Stewart,683,11
44d44884-0da0-22c7-4d07-4c5ce13f1bb8,SEP5488DE6C9F5D,3339903048 - Canada Condo 2 (TOL),683,11
5dab76cc-e093-63e9-e20e-70c809934b5b,SEP689E0BF68146,3339903304 - Shop 3 (TOL),683,11
11e0c60b-b09b-90a5-5ce9-63bf0bc7102b,SEP5488DE6C9F60,3339903006 - Fred Lavoy (TOL),683,11
85c10aae-5909-a417-33ba-e392a0325d86,SEP8C941FFF60C0,3339903007 -  Renee LaRue (TOL),683,11
7ae11e95-354c-fe84-bc18-ca00d84b65e7,SEP8C941FE1D2DC,3339903019- Billy Orth (TOL),683,11
0afe6a4b-cace-ddd3-b6c2-cf00dbae0b5a,SEP8C941FFF6506,3339903020 - Ariel + Ken (TOL),683,11
4cdc1202-3bb7-f8e9-d827-d24cedd76e07,SEP8C941FFF6094,3339903012 - Jeff Sharpe (TOL),683,11
31f88209-df65-47a7-7305-2d0d0b1c3e21,SEP689E0B05A702,3331303302 - Shop Parts (FSM),683,11
afccbb19-7e38-a731-0552-bb0cdd61c7ed,SEP0476B0691776,3331303004 - Todd Mayberry (FSM),683,11
ba52b5f9-a11e-4110-6195-70a837aa6667,SEP5488DECE181A,3331303070 - Breakroom (FSM),683,11
793bf563-245c-ecae-7959-cf1c2d481656,SEP0041D2F804C6,3338753080 - Front Desk (IND),684,11
a13d3f8c-cab7-4892-c30b-a5a0b0149210,SEP0041D2F9AE98,3335303042 - Dispatch 2 (STR),684,11
5050ed1f-bcf9-b9cd-f43e-ad25466a1316,SEP0041D2F812FA,3334433026 - Mike McCabe (EFH),684,11
df82e067-caaf-bbf2-3151-20d0b62619af,SEP689E0B29907A,3335863800 - Telco Room (WOR),683,11
6d041804-e649-dbd7-2ea9-67b4bc2af345,SEP8C941F2A3087,3333303004 - Office 4 (CRP),683,11
db0cb69f-9010-eab1-2166-28eb81a436a0,SEP689E0B29BBEC,3335133002 - Office 2 (PLB),683,11
f0a9d456-419e-c23a-fd02-b24f18b5a4ad,SEP5488DECE1722,3331513070 - Breakroom (ELK),683,11
47f879b8-56a5-28d1-1db6-a9656cb317d1,SEP0476B037A56F,3333853041 - Office (LFK),683,11
15d6cf87-f036-4c02-2a33-27edca398314,SEPCC7F75046829,FXF - NSL Dale Bailey 3334573901,683,11
1c6b5855-059c-edb2-86bd-70ad8d659a9a,SEP0476B0177B2D,3331273003 - Office (GLR),683,11
8db82b32-3240-d483-501c-26e2fd0d8f13,SEP689E0B29C42F,3336543700 - Dock Stand(EAB),683,11
09c73f2d-e607-db40-3ae2-6c83f33db62f,SEP689E0B299336,3334373800 - Telco Room (NSD),683,11
66a97dbb-3404-f440-29c3-4b44d70a8d11,CSF714238,FXE DFWVK 469-524-5998,503,11
4f00a6f3-eb47-bb83-9b86-a06174aba8be,SEP0476B0177B19,3331423040 - Dispatch (MID),683,11
b3518069-0686-1453-cdcc-dc16c2599f72,SEPCC7F75046349,3334573015 - Zack Larson (NSL),683,11
b9a237ea-ff9d-02c8-8711-8d50ef9aa75b,SEP689E0B298DD1,3334373070 - Employee Breakroom (NSD),683,11
d6f31e15-dff4-b398-1a4e-a03263e83b7a,SEP689E0B2991DD,3338303042 - Timothy Pugh (LFT),683,11
db50a7d7-8320-16b4-dc7a-04f5ed277f2a,SEP689E0B299300,3338303043 - Jeff Futch (LFT),683,11
44ea99a4-d630-b441-5cd0-34335373ec86,SEP689E0B29927C,3338303004 - Monica Malbrough (LFT),683,11
5f576bf1-7de8-bc0c-5618-204e679980b5,SEP689E0B299301,3338303039 - Dock Stand 2 (LFT),683,11
1ccea980-87e5-d167-9cc3-1456746e1316,SEP689E0B2989E9,3338303002 - Office Manager (LFT),683,11
8cbee7ac-7ed9-5196-588d-801f7f09b4e3,SEP689E0B299305,3338303800 - Telco (LFT),683,11
9fad81e8-85b2-4ddf-10f4-d1fdd286b941,SEP689E0B298DD8,3338303800 - Telco (LFT),683,11
a1a1dc78-d541-acde-683b-994bc96466e1,SEP689E0B29BEA4,3338303070 - Breakroom (LFT),683,11
a6491807-a514-23db-8926-ab62bd30e285,SEP689E0B29BEA6,3338303044 - Dispatch (LFT),683,11
ac60d2bf-270b-1bd6-963f-c9c89d3d8e20,SEP689E0B29916F,3338303039 - Dock Stand 2 (LFT),683,11
2f73c2bb-e544-8ca9-6868-1c772ed9e9ab,SEP689E0B29B882,3335443004 - Office 4 (PKB),683,11
0c1b0fbc-b9b4-7fb3-7a75-3dd5200b53f8,SEP689E0B29BCA8,3335443042 - Bobbie Hayes (PKB),683,11
0ca05674-c78f-a15a-bbc1-90b57cbf60ca,SEP689E0B29C362,3335443000 - *Open (PKB),683,11
c6e4354b-3be5-e397-a08c-22224c477251,SEP689E0B29BE29,3335443076 - Training Room (PKB),683,11
fec77c36-0f4e-2ccf-3a84-03deb667b4e9,SEPDC774C01954A,3333853002 - Conference (LFK),683,11
2e55f47c-582d-37f9-8c2f-035e0e74d2b5,SEP689E0B1B3C38,3333853700 - Dock Stand 1 (LFK),683,11
a76aff8e-25ea-c92d-7a8c-86f8b5f41459,SEP0476B037A561,3333853001 - Office (LFK),683,11
b571b2c2-79c4-0a1c-e728-b0adb811c3b9,SEP689E0B1B3C3A,3333853042 - Dispatch (LFK),683,11
3e7ff357-fbdd-61b2-4b7b-9c85d696ffed,SEP0476B07E132A,3331273000 - SCM Katie Anderson (GLR),683,11
373de7be-acb4-3085-71e5-24980555c765,SEP0476B04757C0,3331273004 - Office (GLR),683,11
e3a71c1e-2c00-ee15-6366-9a676a0c5b3a,SEP00CCFC4A471A,3335333076 - Felicia McWilliams (OAK),683,11
03108ce2-6797-80b0-d564-b7f0a9ae607f,SEP5006AB098146,3335333002 - Lindsey Gomez  (OAK),684,11
0916b81f-4cec-c619-f486-3c57d6de4093,SEP00AF1F9D582D,3335333014 - Diana Bogosian (OAK),683,11
4bc4e99c-a0cc-a6c0-0b18-edc07f2e650d,SEP00AF1F9D56B4,3335333023 - Cathi Navarette (OAK),683,11
93d29971-df25-4c05-6537-afad96146693,SEP00AF1F9D1F16,3335333040 - Ernie Lozano (OAK),683,11
b06a6145-bb58-a81a-d694-8b89be5e9e50,SEP00AF1F9D583A,3335333029 - Asinate Tuifao (OAK),683,11
c792ccd3-1352-9f4f-87c1-ad0db2dcc744,SEP9C57AD03D96A,3335333012 - Mary Amador (OAK),683,11
91d7b0c3-65b4-a1bc-7226-af5b7e7c3512,SEPB4A8B969CFAE,3332483800 - TELCO (NOG),683,11
9a5c14ad-3b28-c8aa-899b-cddf9d171cd3,SEPB4A8B969DA42,3332483008 - Office 5 (NOG),683,11
afdaacfa-c27c-bc02-1065-881ad91f8f52,SEP247E12BE049A,3332483042 - Office 3 (NOG),683,11
8d18000e-b9e7-72cc-9e58-31b803f9c59f,SEP00CCFC4A0147,3334123020 - Daniel Mellis  (CGT),683,11
98bd6165-f8f9-7b6d-37c0-676a274577e6,SEP00CCFC4A0608,3332753068 - Marino  McKinney  (ATL),683,11
6fbe13b9-033a-ca1b-092e-5e76f01c4cd1,SEP00B8B33B5C7E,3333543302 - Shop 2 (FLG),683,11
7da80f22-7bfb-3f0a-7b5e-d086b0be19a8,SEPF8E57ED655EB,3337393026-Dock Stand X,683,11
dfdb2b92-d074-8fb3-c793-9a02ea026a24,SEP0476B04757DC,3336463041 - Drew Baer (WNP),683,11
d02285fb-4195-9cb5-be5a-2956e47d30eb,SEP5488DECE1758,3333833304 - Shop  Coordinator (EKC),683,11
308b2c9f-a2fe-a354-bbfd-cb257b8fbb6a,SEP0476B07E134E,3335533004 - Office 4 (MAN),683,11
d219e0eb-6564-fbe7-185d-9ab77c2bf9d1,SEP689E0B29BB3C,3333873304 - Johnnie Benson (WME ),683,11
0c62cbd6-cb5b-9d8a-6efc-08f466ee19f6,SEPC0F87F9CFC1F,3335533008 - Office (MAN),683,11
d352223c-9e3e-8a17-fd80-d01066503066,SEP8C941FFF5F49,3331123006 -Chris Berends,683,11
d68d9c89-4a05-a06b-f993-503eeb7266ec,SEP5488DECE6F39,3333643800 -Shakila Jeevachandran,683,11
6ce58234-6347-d35c-89e9-f68f5a75573f,SEP8C941FFF4CDB,3333743004 - Denise Krauter (NAT),683,11
569691b5-dd21-caf1-47a7-99f892fb52fd,SEP0476B00A4095,3335243007- Kevin Fisher (BKF),683,11
dd36108f-850a-1384-f779-afb32a0c7ee2,SEP8C941FFF5F89,3331123041 -  Main Office (GRR),683,11
e4b526df-4a8c-0323-ac77-300582f912ac,SEP689E0B12E257,3332923005 - Debbie Allen (CSR),683,11
e4ad6ffb-79db-5827-ed45-b5e14b7ee241,SEP5488DECE6A2F,3334583070 - DownStairs Break Rm (MRL),683,11
f637a250-abcd-f837-2df7-a30a70693db6,SEP8C941FFF4144,3338443040 - Brenda Abele (VNL),683,11
f634611c-7350-d33b-a03d-639a05a0d93d,SEP8C941FFF4A1F,3338523017 - Ruth Moore (PHL),683,11
f83b106d-d1c8-daaa-ed83-0cc9ff770dea,SEP0476B0691744,3331833002 Dock South (SPO),683,11
5b1736fe-efc5-1049-b3c4-3849598f445c,SEP689E0B29BE9A,3331783014 - Sharon Arce (SEA),683,11
fb9abe92-8db4-88d2-b9e7-a762e7eee585,SEPD42C447E49C2,3334823050 - Bruce Taylor (STC),683,11
fbb84c48-6c4e-293f-cee2-e2a2864448d7,SEP0476B09A4CAE,3333663046 - Frederick Brunson,683,11
fc2af999-d5ef-957c-7281-30e54059f8b7,SEP0476B0177B1E,3335273004 - Kim Wellman (ROA),683,11
fc2e6a44-f7ac-50b9-39a7-bf0051531e84,SEPE41F7BDCA63F,3333863027 - Juana Lopez,683,11
e6ba9e97-91b2-ccbc-f6ef-d5137577840f,SEP0476B0A67209,3339923041 - Dispatch (CTH),683,11
ec14ac41-4723-ca19-d760-28f005ffc104,SEP5488DECE174B,3335573004 - Steve (FED),683,11
ec939343-2afe-5f4f-49d0-760ad77baf6f,SEP689E0BF6819E,3333773150 - Sales Manager (WBA),683,11
f3693eae-1cc6-0d4b-122d-c1fd466f51ab,SEP8C941FFF6090,3332893070 - Greg Dobbs (SWA),683,11
3c73e989-a9d5-c04a-b9e9-d98882c195ba,SEPDC774C019510,3333873301 - Shop Supervisor (WME ),683,11
2f71ad4f-aa08-9fa7-4e25-3702cfbfc794,SEP5488DEFFFFA4,3332233307 - Shop (BTE),683,11
365011d7-b3ee-a6dc-f222-c0895dcf9409,SEP689E0B29BD68,3333773007 - Dispatch 2 (WBA),683,11
5c81dd4d-e8ae-09d4-ffe8-3524bc4db7d5,SEP689E0B29BC48,3334583013 - Margie Cruz-Mascorro (MRL),683,11
5d5055d6-f2a5-c33d-26f2-50ef129eda7e,SEPDC774C01952A,3333873025 - Butch Roberts (WME),683,11
6283293d-a071-8e7e-c9ef-2d6f8eb6d860,SEP48A17099D272,3339603800 - Telco (DOT),683,11
0f4fc8f2-b2bf-5ca5-fed6-bf89983324ac,SEP689E0BFFFEED,3333873071 - Road Break Room (WME),683,11
10327c91-13f6-6cbe-bca9-f08c6dfd5455,SEP0476B07E130F,3332213004 - Timothy Gregory (BLS),683,11
112358e1-77c5-6c3a-4173-08ec5b928061,SEP0476B0D8A2AB,3333753011 - Gilbert Terrones (ELP),683,11
1fdaef57-16e7-00ab-38e1-6256a16108b5,SEPDC774C019529,3333643015 - Alex Singh (ETO),683,11
152c0cba-bb54-7e9a-9f71-78f12c101e75,SEP0476B037A564,3333923010 - Office  8 (HMS),683,11
15772973-37b1-169d-7bea-7c742330c1b1,SEP689E0B29BB4A,3334643002 - Brandon Fogg (SBG),683,11
16772884-30d5-cd3e-fbb5-be0394a7f377,SEP8C941FFF555E,3335643703 - Dock 4 (ROC),683,11
1892e3cb-48f6-2ec7-4290-e3d24d012108,SEP5488DECE18D2,3335573800 - Telco (FED),683,11
1ae42d18-4b9a-8d19-8a07-984e4e5754e5,SEP8C941FFF3E4D,3335643711- (ROC),683,11
73545fff-a2aa-7ef3-9371-511467d62803,SEP689E0B29B683,3333643014 - Downstairs Confrence Room (ETO),683,11
73a221f0-f8ef-2eb7-5216-c42d966673a1,SEP0476B037A565,3339783006 - Michele Weilnau (HUR),683,11
752bac37-e3b8-0a07-4112-b5fd258aa632,SEP0476B04AA788,3335243000 - Jeff Fleming (BKF),683,11
7b7f283c-5adc-cc91-f046-011815fa0343,SEP8C941FFF6CB5,3338523042 - Dispatch 3 (PHL),683,11
7cadec2c-a201-f878-94ad-d74b8c57e0a0,SEPDC774C6E2B0E,3333873047 - RD Office (WME),683,11
8acc657c-b6f2-42dd-26af-29a39d0a6948,SEP2C57415E077C,3334523010 - Sales 4 (ONG),683,11
8129a78b-b944-8953-a105-a9b22c36a087,SEP0476B056F810,3338153044 - Phillip Lester (HWO),683,11
0acbda70-11cd-63a6-eb9e-613bff47fa47,SEP0476B04757D3,3334443003 - Katelyn McGuire (BOL),683,11
0dfd2362-5764-aecc-3dd7-2e31c56acab3,SEP689E0BF6813C,3334583043 - Office  (MRL),683,11
48f2f60c-be29-4a13-ab2f-0a7ab1f1c91c,SEP689E0B1240FE,3339773042 - CHECK IN (MNT),683,11
4c091ea9-7646-8b30-c0f1-490e908bd54f,SEP689E0BF68155,3332893302 - Fleet 2 (SWA),683,11
513f1b09-07f9-3341-d1aa-393d6d633da8,SEP689E0B29BBBD,3334583341 - Kevin Bair (MRL),683,11
5431124b-28cc-b689-3cb1-778b37f23ce8,SEP689E0B29B90A,3334583301 - Shop Supervisor (MRL),683,11
a1bc65e6-d791-a93c-443c-bcdf94e7b0b5,SEP8C941F496160,3333743800 - Telco Room (NAT),683,11
a8f852d0-65b5-5230-923e-9a15a689d36e,SEP28AFFDCB6948,3333863019,683,11
aaca978f-146a-0e7a-2a00-6dbefc12de3b,SEP8C941FFF5DEB,3331123013 -  Main Office (GRR),683,11
abfbb16c-e026-3326-04d7-66233c81c652,SEP8C941F49617B,3333743041 - Jason Snyder (NAT),683,11
2962c7e4-333c-9e02-b3fd-29d3309e2ff6,SEP0476B04757D8,3336413702 - Dock Stand 2 (CGY),683,11
b5daefba-5b31-5ab4-b085-8bbd2bc0addd,SEP5488DECE1706,3331833008 - Piper Oneil,683,11
50879dbe-9396-a270-3765-550f2369b5a0,SEP689E0B29695A,3336413002 - Ruthy Solorzano (CGY),683,11
bca2d738-1413-9244-dbbe-98dfbddfa6d5,SEP689E0B29BB3B,3333873019 - Alex Triplett (WME),683,11
c4263df3-f35c-7eea-7648-fe59b54c2d4c,SEP0476B04AA7C3,3333923009 - Office  7 (HMS),683,11
c66c2b07-6580-f897-15d1-720e535adff4,SEP8C941FFF6CAF,3338523016 - Michael Gemma (PHL),683,11
5ed2fd53-4852-66ae-63aa-92c478373733,SEP5488DECE18CD,3335793001-John Ellingwood,683,11
2481969c-e1a2-bb2d-d0a5-edac2e4e8840,SEP0476B07E135A,3335793005-Kelly Cote,683,11
281f242f-895d-c49b-53d6-1c6ab40d57d5,SEP0476B07E1348,3335793004 - Brian Stephens (BNH),683,11
d5472d46-2a88-481d-ea6b-fc23c0ffb625,SEP8C941F496170,3333823015 - Jim Whye (NHS),683,11
da340596-017a-f664-fc6b-9a6eb5ba1bf8,SEP8C941FFF6C82,3333823040 -ryan tracy (NHS),683,11
e3b4660e-faef-06d2-882a-d2661a8d99ff,SEP8C941FFF4E27,3333823016 -SPARE,683,11
e55dfdd8-1c1e-0ab8-1a69-c6d97021f70a,SEP8C941FFF60A2,3333823302 - Dawn Ramsey (NHS),683,11
efa984f0-27cf-4ac5-abb2-c70ae5eda581,SEP8C941FFF64FF,3333823000 - SCM NHS (NHS),683,11
59a9d530-47fe-f723-34ee-5d8069e589ca,SEP8C941FFF4DAF,3333823050 - Road Dispatch (NHS),683,11
1d941452-58a3-d1e0-64d7-45724f77a9f1,SEP8C941FFF4D96,3333823002 - West Tree Stand 1,683,11
19e27e85-667b-e0a1-5b9b-47934cf9d07a,SEP8C941FFF5F44,3333823005 - Judy Knull,683,11
bd049cb3-e7a5-c132-47b5-5111b60f99c1,SEP682C7B41EF82,3333823070 - OM Office (NHS),683,11
bd1b8340-cfe3-b5c1-f67c-2d12aeda855e,SEP8C941FFF445A,3333823026- Freight Analysis,683,11
e0276e57-2484-20d7-6ec7-99b0551f3ccc,SEP689E0B29BBBE,3335223100 - Regional Sales MD (OXN),683,11
43c63d3c-04d1-6045-3748-9ae32f91a2b7,SEP689E0B29B99A,3335223041 - Stacy Ortiz (OXN),683,11
100b02d5-1e0d-81b5-55bb-c817f015a14a,SEP689E0B29B9B3,3335223006 - Beth Itnyre (OXN),683,11
10e5ce87-c2cf-5ce4-d150-655de55a31e3,SEP689E0B29BECF,3335223150 - Ed Thompson,683,11
5615d4b5-32d2-5203-e466-42775d0d3247,SEP74AD98C5B7BE,3335223012-OXN-Julian Guerrero,683,11
97f2b661-32d7-e8c0-88f9-13783045b568,SEP6C13D5C083B5,3335223012-OXN-Julian Guerrero,683,11
9c05dfbf-9b37-487f-b012-2814f60229d7,SEP8C941F49613E,3335223800 - Telco Office (OXN),683,11
313ed5b4-4a28-2c53-51e4-0173038e8ae5,SEP689E0B29BEB4,3334583019 - Diane Portune (MRL),683,11
1994e1bf-6023-e6d6-bc91-5133fff11327,SEP8C941FFFD295,3334583303 - Shop Tech (MRL),683,11
844ff272-931e-e70d-79b4-7ab9a53749f3,SEP689E0B29BD55,3334583712 -Keith Hartman,683,11
7863c96a-c468-0c94-fa18-5e80f1ecc076,SEP689E0B29B885,3334583028 - Ruben Bustos (MRL),683,11
7b5d9ddd-b450-ca42-99a5-e3fe693493f5,SEP689E0BFFFED4,3334583300 -  Mainor Portillo,683,11
7fa5f25d-8590-eb61-fa6e-aa8ecf1c9e76,SEP689E0B29BD60,3334583042 - Juan Contreras (MRL),683,11
09ca1459-a056-b73b-ab4c-90b4cda9a19b,SEPDC774C5357C9,3334583038 - Minda Montes (MRL),683,11
93fc5ddf-7899-9485-4e72-afd092501a48,SEP689E0B29BDAA,3334583006 - Eva Ramos   (MRL),683,11
9c3a2fb6-a5c1-1e70-cae6-a926812794b5,SEP689E0B29BC17,3334583041 - Josh Bowers  (MRL),683,11
9d5c544f-91e9-5dd1-b222-38265846862d,SEP689E0B29BDE8,3334583031 - Danette Diaz (MRL),683,11
c58e3d68-6d93-0d3f-5957-9f57e0abf1b0,SEP689E0BF6811B,3334583040 - Amber Park (MRL),683,11
ebe6d7d3-7b93-01d7-d436-a30efdadd168,SEP5488DEFFFFCE,3335273003 - Heather Holland (ROA),683,11
1d620fc1-cab9-4266-662d-67831e8c0abf,SEP689E0B05A71F,3335273041 - David Arehart (ROA),683,11
9708d85f-90de-e1f8-e033-6ae7144dc93b,SEP5488DECE18E6,3335273300 - Shop Manager (ROA),683,11
df12f5f5-3dd1-e952-2622-9b39c35f3a36,SEP689E0B13BEF2,3332563013 - Dispatch 2 (HKY),683,11
1d736e9d-72db-9fee-6566-957962a1424d,SEP5488DECE1B1E,3332563000 - Matthew Combs (HKY),683,11
787a3bb5-8e9b-3326-37e6-786a0ee394ad,SEP5488DECE1B31,3332563005 - Office 3 (HKY),683,11
fa5da35c-d7d9-26ce-eaf6-f1eb3c4fd930,SEP2C57415EAB94,3338003020 - OPS - 1 (NOL),683,11
41ffaad6-2b23-e052-4ea8-d08160f18c0e,SEP8C941FFF4CC6,3338003005 - Irelle Lee,683,11
0b36d429-4197-2f55-3cb7-db36b0c8c896,SEP689E0B299073,3338003006 - FACILITY SOLUTIONS (NOL),683,11
a642fa7f-d3b9-5cb1-38f6-35395c688905,SEP8C941FFF4C00,3338003014 - NOL Office-2,683,11
914938fa-6e4e-9a6b-8ff6-14b3c6c22a47,SEP689E0B2992AB,3338003040 - Dispatch (NOL),683,11
edae1ad0-e365-ff0b-f0fd-7132444e5d04,SEP0476B07E1302,3335243300 - Shop 1 (BKF),683,11
09b34cc4-8691-2faf-3e13-cd1c72b68156,SEP5488DEFFFFE8,3335243302 - Shop 3 (BKF),683,11
f8b19312-6e3d-fd63-f16d-a7586d84a33c,SEP0476B0177AE6,3332233306 - Shop (BTE),683,11
eaff595d-d474-5200-a1a0-64599d9dd761,SEP5488DECE190F,3332233300 - Shop Manager (BTE),683,11
7d06b50d-fe45-b655-1c77-73870d5a8715,SEP8C941FFFF4C6,3332233008 -  Daniel Tabert (BTE),683,11
8da403f9-a4f6-6f38-4ad4-9d1ad1c19a8d,SEP689E0B06D368,3332233304 - Shop (BTE),683,11
03b7e354-6b2c-9afb-51c4-fbf66ef12a29,SEP689E0B0486EA,3332233305 - Shop (BTE),683,11
b545817a-81d7-0e13-60f0-68beb7b893c3,SEP5488DECE17C3,3332233302 - Shop Breakroom (BTE),683,11
b592ac31-a1a8-6a7b-cab5-6bfacefe00e9,SEP8C941FFFF32A,3332233900 - Eric Anzik (BTE),683,11
b7c5251e-6e0b-8324-0be4-1b184234ee1a,SEP5488DEE7E2EC,3332233701 - Pod Spare (BTE),683,11
c444a270-f2ad-d1e5-1caa-fe7e434654c8,SEP689E0B03E6AB,3332233700 - Canada Side - Dock (BTE),683,11
5defd129-9b41-eb21-72cb-6432e7c219c6,SEP8C941FFF5551,3333863010 - Alfonso Ramirez (SLG),683,11
f9342da1-08e3-4590-02c4-6ccf67b09520,SEP8C941FFF3BDD,3338773006 - Keith Cox,683,11
3d811520-1866-f0d8-9095-5e7e6b7f9f1e,SEP689E0B1240FB,3339923040 - Shawn Stubbs (CTH),683,11
1d396f44-ca29-2ecd-a958-c6132fdce77d,SEP5488DECE1C0E,3339925555 - Kim Wiseman (CTH),683,11
b29e4012-2e40-66fc-ee6e-08671e07c1c3,SEP689E0B03E6DE,3338153014 - Training Room (HWO),683,11
c15b5382-ecdf-7cc5-95fe-612b282ca2fd,SEP0476B07E1323,3333833305 - Learning Center (EKC),683,11
f463d7fd-1dd1-b91c-0e04-e997c31c1982,SEP8C941F2A3517,3333923810 - Guard Shack (HMS),683,11
2c726c20-88cb-d5e6-9b17-35965eeb89d9,SEP0476B0D8A2E4,3333923046 - Dispatch 6 (HMS),683,11
78a0397c-ac27-9270-aa5f-f081fc30ee42,SEP5488DECE1B97,3333923048 - Kathy Faulkner (HMS),683,11
c9ee4523-5661-46a7-c74c-a954352563cd,SEP8C941FFF5573,3335643500 - Guard Shack (ROC),683,11
fb34f547-1c60-6402-35e0-234c71d0fb3d,SEP8C941FFF5647,3335643011 - Bill Maskell (ROC),683,11
856db4be-6590-fffd-619b-c51774d87aab,SEP8C941FFF54EB,3335643045 - Dispatch 6 (ROC),683,11
7f5da6f4-06e4-5d2d-5610-48f06107bb01,SEP689E0B29BE86,3333873004-William Foley,683,11
0206bfa2-80a9-71fd-dc88-d7194b18a68a,SEPDC774C01950C,3333873000-Derek Thomason,683,11
0ca37c16-d034-2987-8445-98f827bc717c,SEP689E0B29BD0D,3333873070 - Dustin O'Donnell,683,11
282dc0d1-729c-f812-a164-65b65593ea56,SEP00CCFC4A360A,3338713310 - Steven Hagy (POS),683,11
bfdd9620-354e-7bcf-b8d2-4059f91ea1e1,SEP2C01B5E4282E,3338713302 - Karen Corliss (POS),683,11
e13be6d7-bc3f-9e6e-faeb-908fdd947464,SEP00AF1F9D5A6A,3332003017 - Angel Penilton (MEM),683,11
e8dad9b5-4eb5-0d4a-6aae-a9ff9cb6f544,SEP00CCFC4B1B7A,3338483041 - Charles Agel  (SBR),683,11
124b49c7-2fe0-f104-f72a-977de893f6d1,SEP00AF1F9D670E,3338483019-Office X,683,11
7865b297-04aa-6c04-80ac-1289b204531c,SEP00CCFC4A3A08,3338483012 - Office X,683,11
9874bc38-056a-52d4-ef4c-6181197f355a,SEP00AF1F9D5CB4,3338483011-Office X,683,11
aa78f90f-f458-3f5c-d043-5163e72ee8a4,SEP0041D2F9C044,3331773300 - Dan Forquell (RNO),684,11
ebf80c86-4f49-0641-ffc4-f344f2c57aae,SEP00B8B33A79AF,3338753055 -Christina (IND),683,11
a789c15a-4d4c-996e-e3e0-2c414b05e331,SEP00AF1F9D7DEF,3337753042 - Chad Peyton (LOU),683,11
e6762c31-68dd-40e7-a406-7d27cfcfaf65,SEP0476B04757CC,3338183009 - Olliva  Anna (WPB),683,11
7ee6303f-967e-4240-b321-6ea727d6e6f8,SEP8C941FFFF662,3338183010 -Monica Cardoso(WPB),683,11
60659c9a-cf92-ce5f-87bc-2d035ebab9af,SEP0041D2F91E22,3335003000 - Brendan Wright (STL),684,11
5233bd1e-167e-8956-3255-9d028c766a1e,SEP0041D2F90296,3335033535 - Robert Cunha (SAC),684,11
1c9ffb28-4022-cb99-e279-5e4fa7b0ec76,SEP00CCFC4A4309,3335553017 - Kathy Thompson (BMM),683,11
ef8afc33-fd09-4a2c-a8b9-a99b5b458c00,SEPCC7F75046D5C,FXLG-HQ 901-455-0545 2B291,683,11
29c7ae9e-dc99-ed0a-ffa2-15022365ece1,SEPCC7F7504202F,FXLG-HQ 901-450-6493 1B269,683,11
81e7af8a-e505-a1a0-c8e9-2748a4a5b476,SEPCC7F75044934,FXLG-HQ 901-455-0777 2C291,683,11
53150132-86a7-e73e-0bcd-57e6b96968e1,SEP2C57415FF65B,FXLG-HQ 901-455-0884 Control Rm A246,683,11
e2be8f3f-6f11-aff7-9862-d7f220e9655e,SEPCC7F75042E8F,FXLG-HQ 901-455-0612 2B248,683,11
f9a6156b-5995-3da3-8564-cec67c2515cc,SEPCC7F75042897,FXLG-HQ 901-455-0597 2B333,683,11
2ea342d0-01b1-c208-be1b-3441b4e5e92c,SEPCC7F75047012,FXLG-HQ 901-450-6499 1B275,683,11
5e64b955-1639-5aeb-5240-b27017631eef,SEPCC7F75042E64,FXLG-HQ 901-455-0775 2C289,683,11
1a3006c0-c94a-ce29-30ae-8c2ad2cbb4b3,SEPCC7F7504444E,FXLG-HQ 901-455-0604 2B340,683,11
77e780a7-4b4a-fe42-14b8-b2a9b881234f,SEP2C01B5E56E24,FXLG-HQ 901-455-0674 Brokerage Dockworker 2,683,11
7e787c68-2d86-f1b0-9e2e-d5c4dcc3eee6,SEP2C57415F593A,FXLG-PHO  480-637-6267 Cube,683,11
032c6e6c-8693-1d27-45ae-5e23ef794608,SEPCC7F75042F75,FXLG-HQ 901-450-6447 1B325,683,11
069aac96-f91c-ca93-c85e-5ca7be3bbdda,SEP2C57415F1655,FXLG-PHO  480-637-6221 Cube,683,11
a5ea42a5-af3e-91c8-d5ef-821ef2f30b9b,SEPCC7F75042E90,FXLG-HQ 901-455-0450 Office B166,683,11
a83e9a95-32f5-3f8d-1e6f-d65707fd893a,SEPCC7F750428F7,FXLG-HQ 901-455-0745 2C259,683,11
993b24a1-8f6a-26b6-9475-97dd0f35f5bc,SEPCC7F75046803,FXLG-HQ 901-455-0549 2B295,683,11
c4808582-f732-91d0-62d8-c3bd8727b267,SEPCC7F75042E28,FXLG-HQ 901-450-6392 1A169,683,11
526abe5a-494d-c8f6-bce8-56c30d36a846,SEP548ABA902037,716-725-6459 - RVW Lunch Room B2,683,11
b351a3cd-e27c-f881-ac4f-33fd11580576,SEPF0B2E58F658E,3333123005 - CS (FTW),683,11
ccf6e95f-bd6f-272c-52d1-b805fd0055d4,SEP0041D2F967B0,MDW-3334385555-Front Desk,684,11
dda28b19-6de7-3f82-2369-341e50537ed6,SEPC4B9CDD8B81D,3334383711 - Dock Stand 12 (MDW),683,11
147060fe-1133-7c9f-d1cc-f2abae8bd0c6,SEP8C941FFF60DB,3332893044 - Driver Check-In (SWA),683,11
148204fb-9ba0-b441-9e56-5303b3b3efc7,SEP00DA55270296,3332833036-Shawn Woods,683,11
8194da61-96e5-8bb0-9b3f-2be6f70633ae,SEPB4A8B969F281,3335263300 - Steven Gee (ENJ),683,11
4a901ec9-13e6-e8ff-7476-fa5b28e02dfa,SEP0059DC63169E,3335263050 - Pedro E Venereo Padilla  (ENJ),683,11
1ff675c2-3876-5f8c-f2cc-07a966726934,SEP002F5C7A3413,3334633005 - Office 3 (SBM),683,11
d0d5c506-5fe1-8acc-8970-ce1819452eea,SEP74860B70508B,3335253301 - Shop Maintenance 6 (RCH),683,11
2c418119-5794-76f7-8d20-dc2fe8b85066,SEP2C31246EEBA0,3334203022 - Office 21 (JOT),683,11
308ce14d-736e-48f1-c723-b4ed9587fd64,SEP2C01B5E4F5E8,3336433014 - Spare (MON),683,11
5b94e20b-9f78-d563-fd50-0cbfc08a1d57,SEPC4B9CDD92A2B,3334383700 - Dock Stand 1 (MDW),683,11
0ee2e6f5-89c9-3daa-2ddb-94bb7b7bb615,SEP00B8B33A8233,3336433005 - Operations (MON),683,11
2436d8cb-51ae-2015-345c-c0a06c6e8165,SEPC4B9CDD84545,3338823015 Donald Jeeninga,683,11
25382c61-72ba-334e-f0a8-92d3d6106983,SEPC4B9CDD82A62,3334383028 - Anne Serra (MDW),683,11
753f79ca-bb70-9634-bafc-9ca35c8ec077,SEPC4B9CDD9B7D6,3338823300 Shop Manager  (SBN),683,11
75a8aeab-a6a6-17f1-5445-d6c8848878e9,SEPC4B9CDD880E0,3338823044 Dispatch X,683,11
015ffdd0-ee46-7351-bf00-2102a6c0b834,SEP00B8B33A0BF4,3336433008 - Stephanie Buljugic (MON),683,11
018d35c1-391f-e313-df81-ec6b8f64d3d1,SEPC4B9CDD8B54B,3334383073 - Conference Room 2 (MDW),683,11
01d84779-f8c3-421e-7088-bb20abaf7cc8,SEP689E0B2A292A,3334383707 - Main Dock Stand (MDW),683,11
c1855352-5869-1b5d-ee16-f15e196f78aa,SEPAC7E8A2B72BA,3332833010- Freda Weaver,683,11
c2359ec2-62e9-3b64-4e00-a197fcf635da,SEPD0EC352CD739,3332893704 - Dock Stand 5 (SWA),683,11
66bc1ce4-4795-1bf3-4cf7-1ae53e26d1f9,SEPCC9891D1B36E,3335253033 - Ryan Smelser,683,11
6715baf5-220d-8e36-ba50-1763d10822d0,SEPCC9891D1B43F,3335253030 - Greg Burton (RCH),683,11
de891cd4-c8c2-d745-c19c-23074f19f521,SEPCC9891D1B38E,3335253047 -Nicholas Guill (RCH),683,11
e29661f8-1edc-bdee-284f-c5e5564d6b3f,SEP74860B7053BF,3335253700 - Dock Stand 1 (RCH),683,11
f3f5aea8-f39c-448d-55b7-509e1edb385b,SEP74860B705116,3335253020 - Billing 1 (RCH),683,11
3bbbe49c-faf0-7679-c871-a12cade61998,SEP74860B704FCB,3335253024 - Billing 5 (RCH),683,11
44a2035f-8150-d263-133f-d05ef64f6b68,SEP74860B7050D1,3335253070 - Chase Hays,683,11
472d5cc6-94df-1cae-6506-5d27b8d5a1c0,SEPCC9891D1B4F4,3335253045 - Billing 3 (RCH),683,11
5ebb4f3a-e363-955d-13b3-e97f3591a6a0,SEP74860B705205,3335253306- Shop Maintenance 2 (RCH),683,11
72e0c7c1-b190-4748-277e-1d46bd0cfa2f,SEPCC9891D1B508,3335253052 - Road Dispatch 4 (RCH),683,11
0fa71b97-a024-5af2-c7cb-8a5c769b576d,SEPCC9891D1B3E5,3335253076 - Pod 2 Breakroom (RCH),683,11
0faf0297-6a61-0799-be5b-1aa6030e4eff,SEP74860B7051B4,3335253021 - Billing 2 (RCH),683,11
0fe5978e-1f32-4a31-6fc0-fcddcaf445ff,SEP28AFFDD846C9,3335253305 - Shop Maintenance 5 (RCH),683,11
19ed2529-7f2c-2f5d-7595-cc0df45744ee,SEP74860B705388,3335253051 - Road Dispatch 3 (RCH),683,11
28cbc73f-0055-a37f-f50d-ec942d8ddf93,SEPC0F87F7F0AA0,3335253303 - (RCH),683,11
7c9ce3e1-a182-880a-3b19-15d480153ecb,SEPCC9891D1B2C2,3335253050 - Road Dispatch 2 (RCH),683,11
804a646b-c0c5-3334-84b6-ad15eb5ec7d1,SEP74860B70517A,3335253535 - Arthur Thompson (Del),683,11
0ddf91d9-3395-f97d-aabe-27bd3b611986,SEP74860B7050A8,3335253041 - corey DePaul (RCH),683,11
4ae896df-5f89-e823-7280-7f4e8794f102,SEPCC9891D1B3D2,3335253002  - Samuel Wood (RCH),683,11
507f70c1-e74c-6618-e1f1-5feca2794329,SEP6C13D5B31670,3335253042 - City 1 (RCH),683,11
90de99d4-0d85-c660-57f1-03baa8f8159e,SEPCC9891D1B2F4,3335253304 - Shop Maintenance 4 (RCH),683,11
9bee6006-e7f9-822c-eb9c-b2d4dd1e9c03,SEPCC9891D1B329,3335253702 - Dock Stand 3  (RCH),683,11
9c66fbbe-afd1-3a8f-99e8-897c1420164c,SEP74860B7050D2,3335253370 - Shop Breakroom (RCH),683,11
c328e9a3-5454-eac2-268d-bbee7abb2653,SEP74860B705394,3335253800 - Telco Room (RCH),683,11
c895437b-28cb-3399-3702-072522fafb11,SEPCC9891D1B4EF,3335253006 - Chris Wise,683,11
5713f4d0-5a9d-6197-25f1-39cc3bf135ac,SEPC4B9CDD8E822,3331743040 - Dispatch 1 (POC),683,11
e8993e50-24d9-9a49-7a74-a188b0c7220e,SEPC4B9CDD9F524,3331743044 - Dispatch 5 (POC),683,11
ed3c9981-cf78-0a8a-f6c4-40487ba86fc0,SEPC4B9CDD9F54A,3331743004 - Office 3 (POC),683,11
640a112a-7764-528f-b25d-1eebfa057cac,SEPC4B9CDD9D11A,3331743003 - Office 2 (POC),683,11
221b200d-1225-c720-0591-22e71e4daaff,SEPC4B9CDD9D421,3331743700 - Dock Stand 1 (POC),683,11
16cfff34-5f6f-99fe-24b2-6ba13fccf01c,SEPC4B9CDD9C928,3331743001 - Office  (POC),683,11
e70d6d16-d2c8-d1d4-2849-d81249fd794b,SEP0059DC62FDE7,3335263070 - BREAK RM (ENJ),683,11
3902e90c-5d30-8c69-20f4-b02c7a65b175,SEP0059DC634FB3,3335263049 - DISPATCH (ENJ),683,11
5a892c98-b1e9-e212-565b-bc22ca76bfad,SEP3C5EC30C8626,3335263000 - Anthony Lovaglio (ENJ),683,11
5e02c575-7976-6298-61c6-b174db57e725,SEP2C0BE90515A1,3335263040 - Matilda Joyce,683,11
5eb6d455-8a6e-e705-efc1-3964ffe066e5,SEP0059DC635411,3335263703 - TELCO ROOM (ENJ),683,11
849aa81e-add5-e0bd-fe67-238463cf0b75,SEP6C13D5B31AD0,3335263023-Deacon Dunbar,683,11
01f2605a-ebe8-b370-2901-462c0004dfd5,SEP188B451953A5,3335263045-Miesha Clark,683,11
0a97fa4e-e897-79ca-fc0e-a4d694582b6d,SEP0059DC635758,3335263014 - Jason (ENJ),683,11
9f51327d-9104-2dee-046b-ee21a5058578,SEPC0F87F7493BA,3335263701 - DOCK STAND 2 (ENJ),683,11
a118e99a-aa37-002b-a7ff-a553323634b7,SEP0059DC634E56,3335263013 - UPSTRS OFC (ENJ),683,11
95d41ccf-369f-9806-5621-8fbe0bae7b52,SEPB4A8B969AF71,3335263010 Oscar Pacas (ENJ),683,11
2b42aa4d-db3b-abcb-11fd-fbf19a6d786f,SEPC4B9CDD8BE5C,3334203308 - Workstation 5 (Jot),683,11
2cf56193-5868-76ca-e667-9fc68cbd4662,SEP2C31246EEBE6,3334203039 - Driver Check In 1 (JOT),683,11
2eb2421b-527e-64bf-c04a-66a4db71d54d,SEPC4B9CDD8AB46,3334203010 - Brandon Fogg,683,11
304fbe65-8287-6226-016c-6023b52e6317,SEP2C31246EEBDA,3334203031 - Sam Bylon(JOT),683,11
63fc0fec-1be2-9e5c-8570-78726f786f21,SEPB4A8B9696F1B,3334203057 - Office 56 (JOT),683,11
200a963d-e84d-7c97-69a7-3f0d29289516,SEPC4B9CDD8A26B,3334203704 - Dock Stand 5 (JOT),683,11
16b09ec3-ef54-ecb6-aead-b91dfca740a4,SEPB4A8B96945C0,3334203053 - Office 52 (JOT),683,11
83d57545-3cd8-6ebe-5be2-f52354b52de9,SEPC4B9CDD8AAEB,3334203703 - Dock Stand 4 (JOT),683,11
882aff94-382b-0ce0-8988-374fd1bb04b6,SEPC4B9CDD85FCB,3334203701 - Dock Stand 2 (JOT),683,11
7e7ef733-237f-9ceb-b63a-559b047978df,SEPC4B9CDD828A2,3334203023-Alicia Gonzalez,683,11
0066597e-6be0-3e7a-b812-1ca5749d7d77,SEPC4B9CDD8C105,3334203013 - Kristen Montgomery (JOT),683,11
04b72c9d-c57e-60af-ec5e-c1d00805d364,SEPC4B9CDD8A09B,3334203070 - Breakroom 1 (JOT),683,11
075763c1-1f8c-743f-d6d6-537d246abaf5,SEP2C31246FD162,3334203304 - Workstation 1 (Jot),683,11
080c2de7-3517-8221-d9f6-88d718b9f891,SEPC4B9CDD828A7,3334203041 - Samuel Bylon  (JOT),683,11
08f35990-ad97-00fc-c9fb-ef75d1aa52fc,SEPC4B9CDD8AB4E,3334203008 - Stuart Baxter  (JOT),683,11
4fb45e63-857f-c3a9-3995-76fc49db6a9e,SEP2C31246F5ABD,3334203708 - Jonathan Wolfe (JOT),683,11
9fb2147e-44b9-4b87-471d-74e06ab7098c,SEPC4B9CDD820F5,3334203025 -Ashsley Hall (JOT),683,11
b1828e4a-57ca-2c53-3640-98d9c8fc978d,SEPB4A8B9698DEB,3334203056 - Office 55 (JOT),683,11
bb33c107-1cb2-b625-1bcb-cb20cf79ad98,SEPC4B9CDD828F5,3334203033 - Supervisor OPS 4 (JOT),683,11
c14412b6-6447-92cd-11be-6bdcfeb72559,SEP2C31246FC1AE,3334203038 - Melissa Banas  (JOT),683,11
c475fa6b-e256-3b2c-175a-ce7b5ad3892b,SEP2C31246FC4D3,3334203302 - Amy Colonna (JOT),683,11
6766ba03-e38e-03f9-7f61-f040590fadee,SEP689CE2E641B5,3332833000 - Keith Ross (NWA),683,11
e75a7edb-0f98-f038-daaf-330b8760bd1a,SEP002F5C7AA71B,3334633041 - Dispatch 2 (SBM),683,11
ee452f55-9979-e391-5945-04f08d827eb2,SEP0029C2C93107,3334633011-Charles Vanginkle,683,11
46ad17df-cbe3-6128-bc71-6343ebf5f13b,SEP0029C2C92BD7,3334633070 - Break Room (SBM),683,11
3475550c-4cfa-5304-6464-2fffcc7d379e,SEP002F5C7A3BF4,3334633702 - Dock Stand 3 (SBM),683,11
1c970c78-a277-7a31-ff96-9a87f63db1af,SEP0029C2C9E475,3334633009 - Office 7 (SBM),683,11
7a507c94-3ddb-1ef4-f41d-cdc7d747e1d6,SEP0029C2C930D1,3334633013 - Office 11 (SBM),683,11
7c77befc-8d1e-9b42-f079-d9a502dee781,SEP002F5C7A9DBE,3334633012 - Office 10 (SBM),683,11
7fc7da58-b7e3-93f0-ed41-f8ad18bd1643,SEP0029C2C92E53,3334633043 - Dispatch 4 (SBM),683,11
0dfb424e-2437-3e38-78c3-82ef3ed14be9,SEP0029C2C92DDE,3334633040 - Dispatch 1 (SBM),683,11
0e049701-1a67-2c07-aa66-703885a8faae,SEP002F5C7A9E25,3334633014 - CBE Room (SBM),683,11
4ed1db0b-7270-e8a4-e059-b3c135cb2611,SEP0029C2C92A51,3334633031 - Meeting Room (SBM),683,11
bc459c8d-f3a0-cc5d-3fbd-4f0874e0a174,SEP002F5C7AA19D,3334633042 - Dispatch 3 (SBM),683,11
a46159fb-1d34-aabc-d5d1-42b0a259430e,SEP0029C2C9964F,3332623005 - Office 3 (WMN),683,11
965a89b1-8638-cacf-6214-a59e556c2a73,SEP70C9C669214F,3332623041 - Dispatch 2 (WMN),683,11
9b894c58-c373-be2c-6eaf-7aab6dcdcffe,SEP0029C2C9CB1B,3332623004 - Office 2 (WMN),683,11
90b3fc82-addf-499e-e7ad-66d6f7f6477e,SEP682C7B400778,9053662136 - Tara Harris (TGO),683,11
2ae30ec7-042b-989a-973a-1e7337ec468b,SEP2C31246FDE1A,3339943046 - Supervisor's Office (YNG),683,11
cf5eeac0-3324-3198-f363-331af1d8913a,SEP00CCFC4A03B3,3338193333  Sales Office 1 (MDL),683,11
6c307420-0b79-4b54-b12d-dee8398a5cb9,SEP00AF1F9D601B,3339823038 - Dan McCormick (CMH),683,11
e8124430-e623-c7ce-f578-5339d1cb7525,SEP00D6FE055902,3331383302 - Shop Work Station (AQE),683,11
4399e669-af46-1d4a-717c-5f726b6fc690,SEP002F5C7A556A,3335353000 -  Richard Flores(CLX),683,11
474401d0-a344-cf13-8410-c03ca9540d60,SEP00CCFC4AB73F,3333523027 - Office 17 (HOB),683,11
5c3f0c04-9f18-d4a4-5fd6-9ad482e5143c,SEP00AF1F9CA7FD,3332593044 - Scott Preston/Travis Mcintyre(GBO),683,11
61d30a8c-b4d3-98bf-537e-a1a246546e99,SEP00AF1F9D5CB5,3339823008 - ACD Agent (CMH),683,11
14d6479c-4104-b174-f955-41f4b312616e,SEP00AF1F9CB398,3339503040 - Road (BHM),683,11
ce2bf91f-d758-5fa0-9484-c37e89fb5acf,SEP00AF1F9DE084,3332653088 - Tracy Mathews (CLT),683,11
7db6f52e-c0ab-4f28-b0d8-a07b720a9fa0,SEP00AF1F9D5A78,3339823014 - Vacant cube (CMH),683,11
506878d8-a12a-f989-b306-1cd8030c1a85,SEP00AF1F9DD4AF,3339853340 - Scott Slone (DAY),683,11
9c7f61b7-22b1-d551-e71e-2c924b0aa109,SEP0041D2F825EA,3334743800 - Telco Room (WTL),684,11
c0f85405-630e-67a0-6ca4-e08317873b02,SEPB4A8B968DAAE,3331813014- Angelina Collins,683,11
c2723d49-03b1-7807-00cd-45507c314ebd,SEP0029C2C92D44,3335353801 - MOD (CLX),683,11
c5cb380b-c395-2c4d-8c5e-417c9f969dbd,SEP0041D2935251,3333583306 - SCM (NDA),683,11
4d26bbd7-623b-1c2b-f272-946781f44406,SEPF0B2E58E5F13,3334393700 - Dock Stand (RNJ),683,11
2b44dd91-c88c-5448-2073-1928933d0723,SEP00AF1F9CAE47,3339503021 - Brandon Dill (BHM),683,11
a4c4c7ae-0e20-11ed-6448-c107e4d9293b,SEP00CCFC4A3A01,3331383013 - Office 5 (AQE),683,11
b6ef7b56-80d8-6c87-2699-7399e3d5ad5e,SEP00CCFC4A3A67,3331383014 - Office 6 (AQE),683,11
caf8f64c-d9ca-b3de-4114-523f666dfa1a,SEP00CCFC4AB4D3,3339823749 - Dock stand DR104 (CMH),683,11
d44d1aeb-057a-f6ae-e5a0-f53fd7b119ac,SEP00AF1F9D8C80,3339823011 - Operations (CMH),683,11
68892d11-57cb-e323-2bc9-6c0f487c4b67,SEP00CCFC4AB2E8,3339823041 - Road dispatch (CMH),683,11
6a984dda-58b4-3fe1-2281-523bb4d8c455,SEP00AF1F9D93E1,3339823901 - ABIGAIL SCAFF,683,11
6bc5fd42-91d8-4475-9ba2-ed2d0b0ac1bc,SEP00AF1F9D6AF3,3339823037 - Dana Pinskey (CMH),683,11
6cb6fd91-a267-23f9-7bd4-aa26bf68b5bd,SEP00CCFC4A3BC0,3339823027 - Joseph Pollock (CMH),683,11
d93d800e-7240-dbe5-372b-0af7614c7f91,SEP00C1B13EDCDC,3339823719 - Dock stand DR19 (CMH),683,11
dbdb9d20-edca-e77d-97f3-1223ef6308c8,SEP00AF1F9D7F47,3339823018 - Operations (CMH),683,11
5d6ecf9a-05c9-b8e3-6432-be0cbde86105,SEP00AF1F9D87A3,3339823051 - Dispatch (CMH),683,11
62ba3d58-211d-ad01-97f6-e3fd87afb010,SEPC0F87F7542F5,3339823729 - condo 50,683,11
14705373-f656-24a3-97e0-7a04d2adb3a1,SEP00AF1F9D93C9,3339823035 - Office 1 (CMH),683,11
24308a7c-a252-e967-9c48-31af02722bed,SEPDC0539FF9D91,3339823304 -  (CMH),683,11
25ae35cd-fd52-f834-3108-f333acd8a6b1,SEP00AF1F9DE74E,3339823300 - Bill Fox (CMH),683,11
7647c25b-94ad-6c37-52ce-b48726a61ba3,SEP00AF1F9C9F34,3339823063 - Road dispatch (CMH),683,11
89c0d4c8-5999-17f7-dabd-9ecbe590544b,SEP00AF1F9D9163,3339823046 - City dispatch (CMH),683,11
7f039d59-e6ac-5256-2b86-8190aeea5a53,SEP00AF1F9D93CC,3339823034 - Nelson Lackings (CMH),683,11
015f371d-ad3a-a019-398b-c86a7af1ba81,SEP00AF1F9D61BF,3339823004 - Class room (CMH),683,11
4baa39fe-8ae8-4b1e-4596-a6a844d95c9a,SEP00CCFC4AB3C8,3339823712 - Dock stand DR246 (CMH),683,11
4fe60053-0561-9aa0-51c2-44204f498b7b,SEP00AF1F9D51DD,3339823714 - Dock stand DR217 (CMH),683,11
52f10024-5136-3902-ae59-1d1b72988db8,SEP00AF1F9D66DE,3339823021-Spencer Zimmer,683,11
a1aee991-e504-348c-8d5d-7b5fa06e933b,SEP00AF1F9DD081,3339823900 - David Ice,683,11
a1cceeb2-d4d5-54b8-9bbc-b173fbd88add,SEP74860B71B02C,3339823029 - Stephen Borden (CMH),683,11
a34bd885-edaa-7f5d-a767-a12076c428b0,SEP00AF1F9D2C42,3339823310 - Shop (CMH),683,11
9058d088-8f05-7dfe-ccc5-cb5e5138c350,SEP00CCFC4A4616,3339823009 - Vacant cubicle (CMH),683,11
0c0dac66-9bd0-3f55-87de-fe19b02fce11,SEPB4A8B969D776,3331813900-Dale Bailey,683,11
be9017f1-be7f-1bca-1294-743bc1c7cb33,SEP002F5C7A99D6,3335353008 - Cynthia Leon (CLX),683,11
eafa43aa-0f16-0454-57cd-20019c35b1a0,SEP0041D2F84726,3335603004 - Rene Knight (SJM),684,11
7fae822a-2633-8b1c-e7a6-fedabe221dc3,SEPF0B2E58E1908,3338253000 - Craig Donaldson (ORL),683,11
c665d25c-f04c-881c-9b76-43cfb5cced42,SEP0041D2F96CDC,3331883040 - DISPATCH (WHT),684,11
c9a24cc4-27c7-2897-81a2-dc9425af9fbd,SEP0041D2F927E0,3337743040 - Josh Hines (NKY),684,11
ab2b5865-c80f-562d-93a9-7637f9b7debb,SEP8C941FFF3C96,3338393701 - Dock stand 2 (NEW),683,11
3e1a594e-62e1-f737-a595-53b538442ac5,SEPF0B2E58E2075,3332203005 - Office 3 (JKT),683,11
6602439e-f2cb-edb6-bebe-0035ca6118db,SEP00AF1F9D4C21,Russell Sansing 870-715-6830,683,11
56c48b54-2e99-a2a3-17dc-4efac7b6510f,SEP045FB99A488A,8707156817 - Ryan Plumlee,684,11
5704558e-0fd5-d22c-8dd7-d3679b5e5fc3,SEPE41F7B319A2C,8707156179 - Beth Dees,683,11
d8b53fd0-c510-5752-65d3-e653a4bd10df,SEPE41F7B9EC935,8707156438 - Michael Teague,683,11
e1648d84-83e1-ab29-3cfa-3d5cf75dc7ae,SEPE41F7B9EC46E,8707045067 - Breana Bower,683,11
f0b32f63-eb66-5541-9357-de1abbe04474,SEPE41F7B9EC903,8707156807 - Paul Leonard,683,11
3aa8bbe9-2dee-552f-0158-2737be6690b6,SEPE41F7B88AEE1,8707045165 - Veronica Colliver,683,11
3496898f-b176-57d6-249f-a4671f07e216,SEPE41F7B319C65,8707156599 - Break Room North Basement,683,11
34b4dd44-469c-aa34-0fb8-b7d7f6e23912,SEP045FB99A878E,8707156262 - Margaret Rutledge,684,11
71de2c8c-eae9-48b5-285f-3157381a603e,SEP548ABA5C72B8,8707045346 - Andy Due,684,11
5dd84cab-2c2f-85b6-ed7b-3a9cb6508bcb,SEP045FB901D149,8707045943 - Steve Duck,683,11
12beab17-3af9-e819-7712-1a0985fdef34,SEPE41F7B85B76A,8707045073 - Str Plng Spt,683,11
25272edd-e827-e2c7-5fc5-64ce4b8f0a5a,SEPE41F7B9EC55B,8707045171 - Bobby Braden,683,11
75b79da4-59f1-7fc5-5458-445b1503d5dc,SEP0041D2F98D4C,3332503300 - Mike Rogers (NAS),684,11
aa4d483f-a137-0a02-7c0e-d0ffcec64b30,SEPE41F7B9EC672,8703654018 - Eddie Klank,683,11
bd0b7833-3f4f-4199-3fb7-e0e84a096a88,SEPE41F7B9EC930,8707156126 - Cecil Weddle,683,11
c12e5deb-5b84-6498-108b-f65cf55eed8c,SEP045FB99A4A38,8707045328 -Parth Shah,684,11
e2b5a3db-f2c9-4d6d-1bfb-172844f30d77,SEP0041D2F90D3A,3332503002 - Scott Miller ASCM,684,11
d11b0836-540b-ddfc-a898-93f0267faf47,SEP00562BB5B01C,3333123750-Ted Clay,684,11
6f4bc2b9-7bf9-715f-5cfe-407c2c2514bd,SEP700B4F9CEA48,Deb Fesenmyer - 870-391-4252,684,11
7e928b54-396d-ae8e-980b-e3dcfeb30d56,SEP548ABA5C859C,8707045481 - Kailey Smith,684,11
44facf56-a430-7164-ee4e-54c6fca94923,SEP00CCFC4B8DC9,3335033062 - Brian Boyer (SAC),683,11
079304fb-74d0-de0a-61cd-e1dcb6ce81ac,SEP8C941FFF4DAE,3335463118 - Manny M / Mentors (SBO),683,11
8656dbc5-0f15-238e-910c-19c8d613194b,SEP00AF1F9CA786,3335003048 - Ryan Cleveland  (STL),683,11
8b52d112-5068-efb4-7b1d-26d8039b8ee0,SEPC4B9CDD8770F,3335003056 - Office 7  (STL),683,11
4a92c418-adbd-a2bc-864a-b749fd2725a1,SEP00AF1F9CA7C6,3335003032 - Katie Ziolko (STL),683,11
4fedc77e-1971-4235-26e7-eb00431a511a,SEPC4B9CDD8716C,3335003055 - Office 6  (STL),683,11
51692798-2ab3-41ba-ba8b-555c5ed572b4,SEP00AF1F9CE3AD,3335003036 - LaJoyce Lucus (STL),683,11
22876f5b-3302-8296-d7f1-1a8a530f2240,SEPB8A377B85DA3,3335033071 -Check-In,683,11
fa4b57a7-c2c4-a246-954b-d9133370d2d7,SEPF8B7E246D002,3335033001 -Sead Mujagic (SAC),684,11
6fae6030-cb32-d0f0-fa7c-54e02dee5419,SEPE8EB34D98AAE,3335003060 - CBE Room (STL),683,11
e4eccf64-5f23-bd74-24a1-b21a87082032,SEP0C11676241E1,3335003034-Old Main Dock Stand,684,11
e4f7039e-7ca9-dde8-ec63-dad20306ca10,SEP00AF1F9D613E,3335003001-Michael Culbertson,683,11
f0802855-35d9-b02b-522e-14c4c08ab540,SEP0C116762240E,3335003039 - Maintenance (STL),684,11
3b906830-c299-1e9a-184a-b2ad7ea15a71,SEP5006AB08D946,3335003600 - Monique Cho (STL),684,11
3d238c3c-d3e9-28ab-2c27-0cc4ccd1e374,SEP002F5C7A3868,3335003306 - Shop Stand 3 (STL),683,11
3e4890e0-6aa2-44a8-bd10-942b05299b86,SEP0C11676241FE,3335003033 - Lamar Colvin (STL),684,11
4774b417-e069-3ac4-7cec-90ad971df7d6,SEP0C1167624C44,3335003031 - Sam Hunkins (STL),684,11
5a2ca5ee-5c9a-9d12-e0c6-f61ab18f7528,SEP00B8B33A7860,3335003071-FXF-STL,683,11
26e795b7-ec16-86df-1117-6e5420372720,SEP00AF1F9CB3E6,3335003016 - Don Marischen (STL),683,11
2600e6e0-a587-5892-fd25-56b5cc65e9ed,SEP0C1167622224,3335003400 - Michael Whitrock (STL),684,11
29882bb6-b5e0-0fd2-1c05-8472ab676d18,SEP00AF1F9CB238,3335003018 - Joe Kuhlmann (STL),683,11
1b84d807-0b5b-4f68-3948-0111d404c289,SEP689E0B13BEEE,3335003044 - Road Dispatch #1 (STL),683,11
824a61ac-6198-9eb5-17c0-02e56941bab5,SEP0041D2F922DE,3335003600 - Jeff Chapman (STL),684,11
0052c7b7-f475-a280-99f1-daef35e6bf10,SEP0029C2C9DAA0,3335003304 - Shop Stand 1 (STL),683,11
00cb1365-583c-8c26-b899-811d455082ec,SEP00AF1F9CA986,3335003045 - Scott Schaffer (STL),683,11
04facbdb-6d3c-a0e3-61ec-f6fb33624219,SEP00B8B33A79C4,3335003064 - Office 11 (STL),683,11
4ab8a694-c892-eade-2940-dca6055f2ea9,SEP34F8E77AE6EB,3335003062- Matt Schichtig (STL),683,11
50336424-d235-9d2d-e10e-4fb74203b783,SEP0041D2F91A96,3335003012 - Scott Tattitch (STL),684,11
b6da1c05-c4ca-f9b8-87fd-3b9841cda2df,SEP0C1167621642,3335003300 -Tom Bowles (STL),684,11
c5ef762b-ea4f-2448-24f2-7db55611be79,SEPC4B9CDD931A6,3335003067 - Office 4 (STL),683,11
c8214dbe-6dec-fdcc-87fa-168962a2355f,SEP689E0B13BEAF,3335003704 - Dock Stand T (STL),683,11
12c865be-eccd-391d-99da-dc439a75ad01,SEP2C01B5E570A6,3332503721 - Zone 2 (NAS),683,11
0adf9ddd-62ea-4f22-ecf5-4f3ea2b78b61,SEP00AF1F9CE7E6,3332503054 - Telco (NAS),683,11
9acb6be1-8784-6e6d-b891-e9beef73f87f,SEPA84FB122D095,3332503718 - Zone 3 (NAS),683,11
c2531b36-18fa-bd5a-4ad6-036fe16e27b2,SEP00CCFC4B8E12,3332503016 -  Stephen Winm (NAS),683,11
c6790870-bbef-3242-ae07-04b0a035cd1b,SEP00AF1F9CEC62,3332503012 - Tim Goodwin (NAS),683,11
f612470f-1a41-69d4-d3a0-8dbecd9b9ec6,SEPC0F87F74ABA7,3335463303 - SBO Parts (SBO),683,11
ff90a822-e6be-20d2-1110-40faafe1e35c,SEP00CCFC4A363C,3335463037 - Computer Lab (SBO),683,11
3b9ad647-f898-84f4-9dc8-9057decca217,SEP00AF1F9D8FC7,3335463062 - Neri Montes (SBO),683,11
437fa3a0-850c-54fb-2dbd-ca64999395e4,SEP0041D2F99980,3335463716 -  Maria Arroyo,684,11
37a73aac-e17a-34e0-da3e-b86bf943dc48,SEP00AF1F9D91C3,3335463017 - David Cervantes (SBO),683,11
25704637-60c0-e575-05c8-a31e349be2bf,SEP00AF1F9CAA32,3335463302 - Shop Supervisor (SBO),683,11
a65e6eea-f3aa-4e3d-9f6d-3c7c6235bd40,SEP00AF1F9D4847,3335463112 - Yeseny Alas,683,11
9273a7e1-9f66-ae7e-77b7-9d5151125c8e,SEP00AF1F9D49FB,3335463070 - Main Breakroom (SBO),683,11
b61c037c-575a-acda-38b3-f914a367fb1f,SEP00AF1F9C9ED2,3335463111 - Matt Molek (SBO),683,11
f1daa1f5-98a4-3b48-87ed-400c86c6185e,SEP2C01B5E4DE2D,3334983701 - Dock Stand 2 (GRB),683,11
3e90cfaf-64e2-c361-268b-c31c924ffbf6,SEP002F5C7BBE92,3334983070 - Ofc Brk Rm (GRB),683,11
419cd72d-59fc-70cf-9c20-8cb1900dd7c5,SEP002F5C7BC11C,3334983041 - Dispatch (GRB),683,11
2d733983-99c0-5ab4-d793-d1ecde556123,SEPC4B9CDD98552,3334983001 - Michael Peck (GRB),683,11
7120cefb-ce67-d911-7c59-f3ca55ccf8bc,SEPF0B2E58E21AA,3334983370 - Shop Brk Rm (GRB),683,11
20ec9fea-89f7-5ae6-c88d-45d244e3d958,SEP00A2896D0627,3334983004 - Office 4 (GRB),683,11
754e2adc-f050-4cba-a130-360e473a0a80,SEP70C9C6692198,3334983702 - Dock Stand 3 (GRB),683,11
7d69b796-6b86-7d91-655f-123dc717dbf2,SEP002F5C7BCAF4,3334983303 - SHOP BAY (GRB),683,11
7d6a60b9-c610-49b5-0053-5e55a71c6577,SEP002F5C7B33A3,3334983040 - Dispatch (GRB),683,11
8f5877e2-d1f1-c881-245b-070705332d90,SEP70C9C669EB29,3334983801 - Shop Telco (GRB),683,11
01d0a05e-e0de-3575-eec4-cfc338ed3b3b,SEP002F5C7BEDD9,3334983043 - Dispatch (GRB),683,11
3636abf3-5f5e-7456-2b63-bddc882eb188,SEPDCEB94BD4FAD,3331753008 - Vlad Barajas (POR),683,11
dcd154df-f793-3d76-3d32-87c3130680f2,CSF642278,FXE DFWVK 469-524-5904,503,11
7728c322-e80b-beac-012b-445323ba0362,SEP700B4F9C6E6E,3331753014 - Pamela Sanders (POR),684,11
28fb6949-133a-c466-1eb4-bc47f896621f,SEPB07D47D36AC2,3339003006 - Terrance McKenzie (JKM),684,11
2763000d-cd6a-528c-374e-b2fcbf8ae8cb,SEPF0B2E58E627C,3331753037 - Office 1 (POR),683,11
9353889f-126c-f998-58ae-6e2f38f98370,SEPDCEB94BD49E7,3331753017 - Office 3 (POR),683,11
d4316779-11e0-d95e-fcf1-c51d27ffcce5,SEP00DA5526F754,617-568-7120 - BOS Evie Sutter,683,11
d6ef1277-7a1e-7518-e28a-cde84910b3d1,SEP0041D29276E0,716-447-3491 - COOP Keith Wallak,683,11
6b6069b2-d0e2-ee61-5e2e-83df3381ca1a,SEPA411BBF1F8AB,317-246-6031 - IND,683,11
6be60c8a-2fd1-c4b3-805d-20f006bf255d,SEPE41F7B9EC9D7,630-274-7554 - CHI Michelle Tate,683,11
6db0abce-6274-e6ed-1819-566d78711f48,SEP548ABA903A3E,630-875-6518 - CHI,683,11
e693375b-2ef8-cc8c-6349-f6ae9213394f,SEPC4B9CDD9BA79,7189778655,683,11
e9377c6e-5d06-4042-e6e5-7a57f3c946e9,SEPC4B9CDD8EE27,718-977-2979 - ROS Dobi Lo,683,11
39f8d47c-9675-e5dc-84d4-475a40007825,SEP8C941FFF4AE1,310-965-5636- Sylvia Holmes,683,11
63a60572-6dbf-a933-3330-027bc35ce296,SEP5006AB091190,310-512-6393-  LAX Dora Paz,684,11
10222f37-2c84-24ea-e5a3-fa3eedbbd824,SEP0041D2F96C8E,720-374-7164 - DEN Kristen Anderson,684,11
2127113f-3906-9f84-f98a-51fe55fe00b2,SEP00DA55267410,617-568-7141 - BOS Frank Velez,683,11
197d62e1-6dd5-4feb-90db-cade037f7db6,SEPA0554FDB5C5A,310-965-5682- Stephanie Aguilar,684,11
74959b31-2e6c-09db-86c1-746f655bbd8f,SEP00AF1F9CB236,718-481-5074 - ROS Erica Graham,683,11
852b3ea3-e450-a41e-0fa7-21b68cfd2e94,SEP0041D2F9696E,310-527-8398-  LAX Arianna Loyosa,684,11
76ccc81f-c4b8-c704-b013-6f2b95dbe678,SEP00AF1F9D59A2,253-561-0505 - SEA Lunch Room,683,11
5383f611-4f7f-f8e4-7b3e-c494f960e061,SEPCC8E7148AF94,808-837-6803 - HNL Cube 3,683,11
554dddd0-09df-1a9f-ef29-3ae518fd2418,SEP00AF1F9D4B64,415-591-6677 - WTX Edith St. John,683,11
abd033a6-479d-bcfe-d039-186fbbe17a03,SEP38ED18FF3520,360-325-6416 - BLA Julia Swinburnson,684,11
ad37a901-076a-5004-e9bf-7924e211c4c5,SEPE41F7B319B11,716-783-7204 - RVW Ryan Brooks,683,11
b3cd6652-510f-fdaf-4905-9a72a8942a16,SEP5486BCAE0D78,630-274-7491 - CHI ROWENA ROOT,683,11
b7deb8f5-ad50-d6fe-9937-29b21aad41f4,SEP0C116723F645,716-879-1531 - COOP Vacant,683,11
c90b5ad1-110a-b265-af01-771897e76861,SEPC4B9CDD921CB,716-879-1347 - RVW Kelly Hoffman,683,11
c916f78f-d386-2546-4aed-282c319e5fe7,SEPE41F7B9EC92E,630-875-6508 - CHI Meagan Kurcz,683,11
d49d34a9-e194-bacc-d006-ea197c17c9cd,SEP00EBD5CC1C17,310-965-5258 - Evangelina Alvarado,683,11
674b8c8a-697d-11ee-3c04-f8d58c8bc447,SEPA4B439D20C1C,650-763-5676 - SFO Brokerage,683,11
69a56d8d-b30c-f9dc-c00f-cf08fad38aca,SEP0041D2F998D8,720-374-7170 - DEN Debra Vanzant,684,11
69f98461-0c68-def7-6640-75e711ac4485,SEP00DA55271F07,617-568-7161 - BOS Keith Naso,683,11
6d9a04d5-4b82-b3aa-df9e-791e5c32c368,SEPA4B439D23962,650-763-5701 - SFO Telecom Rm,683,11
703a33cf-2732-22a9-8d98-4d79911039e2,SEP00CCFC4A3686,253-561-0641 - SEA Warehouse South,683,11
d81653fa-c95d-ec9e-aecc-131d7601acba,SEP00DA55270CF0,617-568-7166 - BOS Ocean Export,683,11
ddff0b4a-f32d-3b37-c7bf-4a735e8124ca,SEP00EBD5CB1153,310-965-5229 - LAX Pongpan Sreesook,683,11
fe755d4b-1ec6-2c07-efdf-092e20a7b956,SEP00AF1F9D4C9F,253-561-0517 - SEA Gay Wycoff,683,11
3a1124f9-2b4d-fa72-965b-205ee05c1119,SEP00AF1F9D1C44,253-561-0553 - SEA Patrick Dang,683,11
3f9c3fd2-f51b-441d-9a0f-cff74aafda8a,SEP0041D2F96C2C,310-527-8385- LAX-WH David Cabrera,684,11
421e6090-f746-3ca6-818a-e24654a48137,SEP00EBD5CBF656,310-965-5270 - LAX,683,11
4647b657-5c67-3955-ca88-c71810c304f7,SEP00CCFC4A06BB,253-561-0639 - SEA,683,11
310f4ca6-0cc8-d9ae-3067-b247e83f626e,SEP00EBD5CB13D2,310-965-5238 - LAX Sylvia Holmes,683,11
5c215722-cd52-d480-bf5d-4e75cd00e211,SEP00AF1F9D5A44,253-561-0521 - SEA Pete Pyle,683,11
816489aa-2eeb-a22f-bdbc-58c6945bc1a6,SEPA4B239B7D2A2,650-763-5691 - SFO Admin,684,11
1158b511-ceca-cf38-f18e-7d85c41e6530,SEP0041D29278F1,404-684-2216- ATL Michelle Hill,683,11
234eadc4-f9d2-6302-d882-f470b7d8cbdf,SEP00EBD5CC18EC,310-965-5282 - LAX Jai Shaw,683,11
254c9394-3f26-5966-2038-ff69786c28b7,SEP0027901CFCD2,281-985-2034 - HOU Maria Adad,683,11
1ab2a101-4780-e8a3-efed-998320144242,SEP00AF1F9D8CD9,253-561-0508 - SEA Linda Hynes,683,11
295be086-420a-4da1-97c4-435d07bca4dc,SEP0041D2F9692C,310-527-8384- LAX-WH Brian Gutierrez,684,11
1c92cb01-1d2c-50e2-8880-23aca14345d6,SEPC4B9CDD9D029,6196712134,683,11
87ccc4fc-1454-d6f9-ae10-2e191d6365b0,SEP0041D2F98F5A,253-561-0568 - SEA Sean Sandifer | Justin Hall,684,11
0c7b6e54-9be8-dfdd-ffe1-793c2699a219,SEP00EBD5CC1C69,310-965-5210 - LAX Joy Imprapa,683,11
48cbcec8-ea99-3cbb-6bc0-83087dc7f225,SEP0041D29278F0,4046842214 - COOP Tim McMyne,683,11
4fa6c14a-1916-aef4-45ec-8364ac6e9c65,SEP00AF1F9CB2A9,253-561-0649 - SEA Benjamin Wheeler,683,11
a0939996-d912-a2e6-ed38-b6588e435f5e,SEPA4B439D21A37,650-763-5654 - SFO Brokerage,683,11
a2b96c30-e308-9261-751f-c860f045e65f,SEPA4B439D20C23,650-763-5675 - SFO Brokerage,683,11
9123f535-9077-e85d-fba8-765c42d4417a,SEP0041D292AF05,404-684-2274,683,11
9264b752-a499-2e65-e8a2-b1863514c0af,SEP00DA552776D7,617-568-7132 - BOS Calandra Glover,683,11
98b58ca9-b429-f208-6bdf-4f13aac53032,SEP00DA5527008E,617-568-7177 - BOS Russell Burgio,683,11
b1f30bc2-cb35-f2e2-a9e3-f7c28717752e,SEP00CCFC4A4C3B,253-561-0546 - SEA Janzen Nelson,683,11
b2a46729-6a73-65f5-93b8-e182fbd2c404,SEP00AF1F9CE883,253-561-0529 - SEA Erin Qiao,683,11
b5f28dfd-8b0e-505a-b074-6f2cf74e8450,SEPA4B439D20C54,650-763-5661 - SFO Eric Wu,683,11
c850ddcb-6c20-4bee-acad-0ff0563ccf24,SEPCC8E7148A727,808-838-6138 - HNL Kari King,683,11
c9146184-0bd8-d170-f7bb-18bbb641d888,SEP00EBD5CC623E,310-965-5276 - LAX Open,683,11
5811ff70-e100-09bf-7a56-7cc6c53b0f39,SEP00EBD5CC0BB7,915-787-3968 - ELP Luis Quintero,683,11
8a04657c-7aa9-b3e2-8428-a0705c61c756,SEPC4B9CDD9F3F3,915-787-3958 - ELP Carmen Yepez,683,11
5552bfae-1f67-b197-af55-cd0bcf23a57f,SEPC4B9CDD9F531,915-787-3952 - ELP Ralph Padilla,683,11
a0612e86-8e85-0e4e-b0a7-c1515efe6cc0,SEP00CCFC4B23BA,956-791-7734 - LAR Eduardo Garrido,683,11
c4696844-c9dd-5d86-7652-0fe2f49c2349,SEPC4B9CDD99A23,915-787-3969 JOCELYNE RODRIGUEZ,683,11
c65d990a-a1d4-5bcc-5463-c6fc23d75384,SEPA411BBF1F549,956-791-7733 - LAR,683,11
c9b8c300-c59e-5033-358c-ab46c7fd4957,SEPE41F7B9EC768,716-725-6229 - RVW John Wojuzak,683,11
d11fee70-08d1-d9aa-0ece-bda2b5acdbbc,SEPE41F7B9EC855,716-725-6649 - RVW Spare,683,11
d133b589-f81e-c8bf-676e-181849971757,SEPE41F7B9EC6E1,716-725-6586 - RVW TBD,683,11
3c47a798-85c3-4d4b-eece-dd81de60494e,SEPE41F7B319C7D,716-725-6273 - RVW Sherice Woodhull,683,11
3325442e-3700-694d-48fe-fce6f0dc1eb6,SEP548ABA901F56,716-783-7201 - RVW Elaine Bukaty-Watts,683,11
381e4735-787c-c2bf-a141-c57a65fe0993,SEP548ABA90247C,716-725-6393 - RVW Ryan Drass,683,11
631ce189-8393-5352-8523-2fe576b04586,SEPE41F7B9EC83C,716-871-3271 - RVW Santo S. Parisi,683,11
14efdecf-ba18-46a1-08ea-234053fec65f,SEPE41F7B9EC846,716-725-6326 - RVW Sondra King,683,11
29ed429f-6b73-382b-f0c0-927e9db4974c,SEPE41F7B9EC6D9,716-725-6806 - RVW Kerry Sedota,683,11
73315072-8ef6-09a3-f0f7-3e5a9ab9212f,SEPE41F7B9EC761,716-725-6356 - RVW Bob Young,683,11
7ba438f4-b15b-8bd4-4331-bef5673f30e9,SEPE41F7B9EC6F1,716-783-7196 - RVW Sarah Jagiello,683,11
08a32110-fe3a-14ad-3733-7f0e348eb049,SEPE41F7B319A38,716-725-6207 - RVW Linda Zanow,683,11
3855e82d-8b54-d316-1e3c-686dd6997127,SEP5006AB08B48A,310-965-5610-  LAX Chau Tran,684,11
94e32eb3-e3bd-4407-adbd-a68336af4b22,SEP5006AB087626,310-965-5630-  LAX Cecilia Meza Martinez,684,11
c6e14197-f793-6c01-6797-724aa65b8f77,SEP5006AB08A6CC,518-298-7102 - CHA2 John McDonald,684,11
c4aafc73-3e5f-dcb9-86d4-60b5e3ae8e8a,SEPF87B2036617C,716-879-1005 - COOP Debbie Latona,684,11
b6d0a924-8661-37d3-6435-c661aecfcd19,SEPCC9891D1A7C5,Neal Waldeck MRA Test,683,11
03b303cf-7a44-5441-e9e7-1200f5997de1,CSF962260,Sandip Patel - 6302747484 - Test,503,11
b81d5a22-3c7a-8ce3-d544-5cd6506dd762,SEP7CAD4FF6C656,Conference phone 3333003014,36258,11
8cfd0d16-cecd-31cc-b900-afd5a693bf76,SEPAC44F212DC6F,8707047313- Taneycomo Conference Room,659,11
35f6c012-70f7-a929-9a4d-ee9b021cd0d7,SEPAC44F21C395D,8703654082 - Facility Conf Room,659,11
9cf20e4a-c26b-2d02-2816-ac7d5280b061,SEPAC44F212CC13,8707045459- Viking Conference Room,659,11
5507964d-9919-ad73-dcd4-48abaf048cdf,SEPAC44F212DE36,8707045466 - HR Conference Room,659,11
4881a021-d54a-ec5a-c497-538c6d62f304,SEPAC44F218C910,8707045969 - HRO ST 1st fl Conf Room,659,11
7b6b71c5-b83a-53ad-c8ab-1764c90e73d1,SEPC0F87F9CDE47,3333783901-Sherry Young,683,11
0da4e11e-9ef9-d663-4e3a-7cffa260c61a,SEPAC44F212DC57,8707045450  - American Freightways Conf. Room,659,11
70c4b101-1737-a5ec-960c-7e39165ef1e9,SEPAC44F212DA89,8707156208 Learning and Development Classroom,659,11
d7367cdb-f470-485f-5936-f1639fefaa8a,SEPAC44F212C37E,8707047306 - Boston Mtn. Conference Room,659,11
59cd0892-91f4-f56f-a373-5f9d634a440c,SEPAC44F212DAE7,8707156145 - Transportation Planning Conf Room,659,11
8bf59d5f-d534-b01b-c6f7-6e38aa7f2db4,SEPAC44F212DFB3,8707045452 - Kings River Conf. Room (HRO),659,11
a39459e5-a570-81b4-8549-2dfe5252ff1c,SEPAC44F212DCF1,8707047309 - Watkins CR,659,11
191250f6-8b87-4345-69b1-994e02e08cf8,SEP2C3124C824CC,Steve Powell Test Phone,685,11
8d70cb26-bfcf-c19d-8120-7bd1d9d777ca,SEPE41F7B88AE6C,Aya Blackwell 870-704-5309,683,11
4815003e-5d80-a4fe-8f80-dde0d6722cce,CSF5102466,518-298-7140 - CHA1 Michael Rizos,503,11
d607d168-ff83-1467-5acf-6122d701def7,CSF4024742,test,503,11
2f53caa1-39f9-31ee-7ae7-2a0746f17bfe,CSF1890255,FXLG-RVW Thomas Love,503,11
bc1fee6e-1f11-24c2-08a1-f0d736f212e9,CSF2266815,FXLG-RVW Heather Love,503,11
bb771b7f-c47a-532e-9a0a-370509d0c5f5,CSF3592315,FXLG-RVW Adam Colosimo,503,11
08f6a24c-13be-d755-fa27-22963e1e2e51,CSF3656246,FXLG-RVW Paul Gadawski,503,11
bc142365-445b-f125-80b2-8de961557fff,CSF3679586,FXLG-RVW Christopher Eberhart,503,11
f855fead-01b4-3166-4968-05b3188a231b,CSF3711453,FXLG-RVW Liane Farolino,503,11
279c8f03-c7ef-258a-2a7b-887afb8113b3,CSF3746651,FXLG-RVW Kathryn Durham,503,11
ad8365d6-db8e-98a4-f029-6a89f2e131b6,CSF3756068,FXLG-RVW Marlene Urban,503,11
96ab2dc1-ecb0-18d6-8054-f7e4e5363aea,CSF4549556,FXLG-RVW Yasmine Gonzalez,503,11
e868686a-7675-625c-1a6e-f1541c225a66,CSF4924791,FXLG-RVW Amanda Horanburg,503,11
4632129e-dd65-4aae-6716-816cb2d74ac5,CSF4933878,FXLG-RVW Jalen Le,503,11
dbb2f756-f994-7608-68af-e730894d9aa0,CSF5241948,FXLG-RVW Willie Proctor,503,11
39cbad97-9883-9aeb-6351-93e0aa7df7aa,CSF6065121,FXLG-RVW Holly Sweitzer,503,11
2698dd2c-e04a-ab85-e634-b686c75fbce4,CSF6098657,FXLG-RVW Sean Carter,503,11
4e5259b4-8a83-a3e7-fdb3-a9d3908321ab,CSF610797,FXLG-RVW Kathleen Barber,503,11
00df99d6-22a3-f900-1f23-cfd3905814e0,CSF6116174,FXLG-RVW Nicholas Salvatore,503,11
bf1a2d8f-a7aa-922e-1b6e-57d4278d1bec,CSF6146638,FXLG-RVW Heather Prior,503,11
e0e888a5-2118-80c9-54e8-53bc8412744d,CSF624974,FXLG-RVW Robert Holmes,503,11
11afb64d-a9ae-f589-f796-5772807bfccf,CSF785132,FXLG-RVW Debora Kristich,503,11
5b81a7ef-396a-76d2-b876-f7b9c51e1326,CSF874655,FXLG-RVW Mark Cleary,503,11
03c8485e-f740-9206-a53a-0b532d2a963c,CSF399646,Michael Dineen 810-966-3601,503,11
129f9b13-9c64-6297-dfb0-6fe30ea38e91,CSF611128,Michael Dineen 810-966-3602,503,11
f670b27a-0797-f098-be86-4f968a148cc6,CSF875223,Dagny Evenson 810-966-3603,503,11
24982db0-832e-340c-e62e-aefd9327bfe0,CSF5067674,Dawn Urban 810-966-3607,503,11
3e2af788-36dd-f867-5adc-30eed2ac00df,CSF5146421,Kimberly Stevens 810-966-3609,503,11
0d668e68-a27d-3f32-55f2-3af4f1c12714,CSF3840756,Vinesh Karia 810-966-3610,503,11
249407fb-94fa-e693-ca46-c4eb25e569fe,CSF3858501,Tyler Martin 810-966-3611,503,11
9f2ebba5-2bbd-2622-9bb6-90ee37ed97e0,CSF3867843,Kelsey Vargo 810-966-3612,503,11
e81ab17a-e5ca-d299-b09e-4150f1a696b1,CSF3874236,Kristie Wolf 810-966-3613,503,11
13c36ab7-a48d-e818-3388-43f700da8b05,CSF3877992,Tyler Kniceley 810-966-3614,503,11
07a6ccf9-173b-a9bf-635b-47691eabbaa3,CSF3903454,Jason Ray 810-966-3615,503,11
1f6dac05-85b7-a33d-a35c-3c48a8cbfd3b,CSF4071442,Suzanne Parry - 810-966-3616,503,11
ace6de97-8d6e-a8ed-f027-c7f4ad8a6e38,CSF4179401,Jared Nichols 810-966-3617,503,11
2fc2da17-9842-998b-977e-f2cf758abb45,CSF4323757,Mitchell Mawer 810-966-3618,503,11
41d1f382-de1b-4830-0436-9c2d1952af97,CSf4369983,Jessica Lewis 810-966-3619,503,11
a00b4205-dcc6-7ff4-6da0-27c87a6f6962,CSF406802,Jasmyn Ebner 810-966-3620,503,11
e6429486-0ee1-7e11-4707-0ccba769e831,CSF4489137,Avery Leffler 810-966-3621,503,11
33850419-94a6-d1ef-ed95-8c396d6b72b5,SEPD0DC2CC55900,Darren Plumlee 870-715-6460,684,11
ccbaa32b-70be-2bdc-9a37-25f48ceedfb0,CSF4620601,FXLG-RVW Rachel Diel,503,11
4240145b-8434-dfd3-1ba2-e1c758cc8900,SEP0022EE222A4A,3339943090 YNG Algo 8180 G2 - SIP Ringer,374,11
f236babd-4bbc-4f9b-8aa7-a85c25ecb683,SEP7CAD4FF330A5,3333003031 - Eric Robertson (DAL),683,11
16079195-2ecc-37e9-80bc-0ccc9d982cc7,SEP8C9461EF8087,3333053008 - Office 3 (LBB),683,11
fbec3847-a1b4-da70-dde3-a363d2cb1dfe,SEP5CB12EE1A528,3333003081 - Dock 4 (DAL),683,11
b0f8b0df-c8b4-4150-326c-8d0636740047,SEP5CB12EE15075,3333003036 - Eric Robertson (DAL),683,11
fda2ad50-daac-0665-7c1e-64ad239d36ae,SEPD0E042FEE005,718-977-4621 - Ravendra Mahadeo,683,11
c777f8c6-a1fd-d71b-552f-ebbf459836e6,SEPB07D47D2B080,8703917777 - Chris Sims - MRA1,684,11
4ce38119-5008-da90-506d-18072379f848,SEPF87B204E9655,3338613014 - Office 1 (PIT),683,11
d86711bc-2d74-79a6-6be7-a19dc794f10d,SEPBC8D1F33E394,3338393042 - Gerris Wilcox (NEW),683,11
3372474b-0e2a-3b70-c9c0-b6908c1fe6a1,SEPAC4A569377CE,3333503708 - (HOU),684,11
cd8a381e-8a81-a489-28ef-875b116b3b76,SEPAC44F212E176,870-715-6782 Account Finance Enclave,659,11
b26243b8-73d3-7d8c-3ccb-cf16de0bbafc,SEP00EBD5CBE480,310-965-5694- FXLG-LAX-EPC,683,11
b93c8394-957d-eb23-0d13-21e96fda5bff,SEPF0B2E58E2655,3339803301 - Missy D'Aurelio,683,11
b06bd9b9-4a66-4ae8-a91a-ef3bd29744f3,SEP00CCFC4A7E1C,3339753005 tiffany (MGM),683,11
155fd2fb-e81f-52b5-32e1-3bf3f51a6541,SEP28AFFD62D3B6,3333993059 - Dockstand 4 (EDA),683,11
37313966-f513-afc5-ec8c-466397502bdd,SEP6C29D2B8D6C3,FXF-HRO-8885551174-Stephan Goyette,683,11
89759979-a6df-b2e3-8001-b543dae9c6e4,SEPAC44F212DFE9,8707156211,659,11
3e255fc2-9eee-fe39-be5e-89eccd04c5d9,SEPA411BB8FF0A0,870-715-6357 - Stefanie Gardner,683,11
750d14b5-7adf-b036-cc51-fcdb4c868a02,SEP00EBD5CBB09D,310-965-5209 Pam Pradabwong,683,11
5c046544-f0d4-a4b2-6baf-4a2fc36aa96f,SEP4CBC482DEE44,3335203008 - Chant Long (CPG),684,11
eeca5cbc-b5fe-0eac-b7d2-06e1113ef94b,SEP44B6BED619A3,SEP38FDF881E0EF CONFERENCE PHONE,36217,11
b26bbe22-78a1-7aef-1a96-a0cd5834ad6f,SEP00EBD5CBF0BA,310-965-5211- LAX,683,11
5e2a0859-9521-4347-7268-0e9c70892094,SEP5006AB097D8C,3333503707- FTW Dockstand,684,11
3d02098c-150e-f8dd-62c4-9c00f94d995c,SEP8C9461E165DF,3335743001 - Front Desk (ALB),683,11
f0ffc800-cef1-6354-6880-c4bfc5ec8a71,SEP548ABA901E67,3339853720 - Door 221 (DAY),683,11
6fb4c16f-d779-2dd5-8d87-efdfc7844df2,SEP548ABA902B3B,3339853756 -150 Condo 2 (DAY),683,11
dc57c12f-6219-5bf5-8969-b06f5f59aca2,SEPE41F7B9EC5B0,3339853755 - 150 Condo 1 (DAY),683,11
af01b360-9917-8140-ec89-c1e9ce19fedb,SEPCC36CF98F99D,3333993009 - OS D Bay (EDA),683,11
7657a5ab-b1e3-07ce-f648-7622bee7f6da,SEPBC8D1F17C377,3331883043 - ALAIM LOPEZ,683,11
98ded1d6-9130-488f-98d3-f8f766f67566,SEPBC8D1F17C3FA,3332503001- Stephen Winn (NAS),683,11
54ab1c9d-5d15-d026-8c8f-e1e21cf81a4e,SEPBCC493A4EB65,3332253003 -  (CHA),683,11
74db6e8c-f81d-574d-f0aa-a459ab628817,SEP045FB901D6C7,870-715-6041   HR Angela Glover,683,11
439f98ce-e8fe-c110-d7a2-49021bfd3315,SEP689E0B299041,3338003016 - BACK DOCK (NOL),683,11
0fa63764-2414-61c7-8a7f-75bab6c585f3,SEPCC8E71480907,3332703002 - (CHS),683,11
4281bb0e-9ca6-9a78-f357-888e02db9b38,SEPCC70ED572EBB,3334703032-Scott Rains,683,11
91731673-0397-e21b-0ae1-cd1fe2bc40e3,SEPE41F7B9EC57C,3333503707,683,11
6ee191f2-69f5-b448-bac0-1ebe409f575d,SEP00B8B33AA3DA,3333503033- Main Dock stand,683,11
2489f45e-ff28-fcac-6eaa-1ce508baf0a0,SEP548ABA902CD3,8707045212 - Tari Wray,683,11
96521b23-d6f9-89d0-a118-46eb1286228c,SEP706E6D111F8E,POR-8885551185-Aaron Griffin,684,11
5c6859dc-9e6e-0539-a6de-f8a09629619e,SEPA411BBEF48CB,956-791-7717 - LAR Luis Aldrete,683,11
be71cd26-717c-09a4-eb14-bc7154f25b66,SEPF0B2E58E2236,3335283800 - Telco Room (STN),683,11
baf53fef-6499-5600-b505-b4c8700490df,SEP00CCFC4A3ACA,3338713706  Dock 3 Strip Desk (POS),683,11
d2c2fe0c-f219-2f46-06dc-da6856773310,SEP002F5C7B6393,3338543710 - Dock 8 (HGR),683,11
4c3786f9-c2f5-2538-6027-dda254a3e143,SEPAC44F212C4D5,8707156959 - Greg Armitage,659,11
48996110-a053-271b-e223-47882cbcffe5,SEP00B0E15E03FD,3333523019 - Office 34 (HOB),683,11
9383fa09-c446-4c5b-b42f-d654e041fd56,CSF724539,863-499-7692 - Neal Waldeck (LAL),503,11
0ad249db-beb8-e135-0f75-4fa47222ddf3,SEPAC44F212D350,8707156824 - Depot Conf Room,659,11
f89f8bac-e3bf-b0c9-ad0c-ccfe01027be0,SEPBC8D1F32729E,3335743001 - Front Desk (ALB),683,11
362ed279-5eb1-8028-b0d1-8d36deafc1b6,SEPCC8E71481011,3338203302 - Shop Mainte 1 (BTR),683,11
2a923281-6f51-6dff-6526-324e098f51eb,SEPCC70ED579B88,3332503749 - Zone 5 (NAS),683,11
17ab8db9-a6ec-951b-3987-50bb4155a780,SEPAC44F212D320,870-715-6117 Facility Solutions,659,11
2cb2e472-84a8-110e-6da5-eadb11dcee9e,SEPC88234BD12FE,3332503717- Zone 4 (NAS),683,11
fb48c489-4a47-d0cf-3cac-8293cde392ec,SEP648F3E7286DB,870.704.5437 - Maya Thurman,683,11
d82bf231-c18c-b2cc-fac5-f8d59d35ba62,SEPE41F7B9EC51E,3333753009 - (ELP),683,11
92f575bf-b59a-9cc3-c7ae-8f0cde177600,SEPE41F7BD07695,3333753017 -(ELP),683,11
7ff6095c-3406-9868-86b9-e0a0ac1257a6,SEPAC44F212E60D,8707156217- PT Planning Conference Room,659,11
f122ae24-169f-1197-a6c8-b2386f162b34,SEPC0F87F749719,3335403002  - Scott Bailey  (CRW),683,11
aafc869e-b9ca-e901-d326-a3e2a575beed,SEPCC8E7148EDF7,5008113102 - XVAN Engineering 1,683,11
38c3fa4e-6397-694e-9499-4c22e4ce5b09,SEPC0F87F9CE6CD,3334583052 (MRL),683,11
88972f3f-5aa7-53a7-18d0-ea28413dd773,SEPCC8E71482D55,5008113106 - XVAN GTS Support,683,11
77d9a6aa-a795-d0a6-db27-78ff2ee56de8,SEPCC5A535E2FCB,7782820736 - XVAN Claims,683,11
d446d684-7440-808e-2287-095fe6a70e0c,SEPB4A8B9687DF3,5008113109 - XVAN Dispatch Open,683,11
420a6397-3ec3-33d3-99df-57be033e5ab3,SEPCC8E7148ED91,5008113122 - XVAN IT 1,683,11
149ad6ca-3645-cdb2-db50-0d77991245de,SEPCC8E714808FB,5008113126 - XVAN Clearance,683,11
c7234e44-2f45-9ee8-2cb0-bda937409b7d,SEPB4A8B968860A,5008113127 - Ray Lowe,683,11
989e357b-4563-1a98-3190-339dd833aab8,SEP00A2896CAFAD,3338003704 - Dock 2 (NOL),683,11
09550ef4-e980-44aa-15ba-cc1b097fa4f3,SEP247E12BFD7C8,7782820735 - XVAN MAG 1,683,11
8e041809-f794-af21-8a65-f319463b9de7,SEPB4A8B9688B4D,7782820735 - XVAN MAG 2,683,11
e5d87160-22af-23a6-863e-3c73555f86e1,SEPCC8E7148EF86,7782820735 - XVAN MAG 3,683,11
64cfe3c8-a16c-3fcf-8e9e-5b4cb2d4b23d,SEPB4A8B9688B11,7782820735 - XVAN MAG 4,683,11
203f1195-7d82-2479-0a8f-df32b09c203e,SEPAC44F212DFA8,8707156218 - Poly Lora,659,11
949db54b-c7a4-15d0-e909-18e1a36b1c88,SEPC0F87F9CDD2A,3338903002-Lisa Barone,683,11
ef86180f-e4a5-119e-bb5e-006e22c3f978,SEPC0F87F749488,3335403023 - Matthew Barrett,683,11
8f6fd5eb-eed5-55a8-c92a-48d9df32ab78,SEPB4A8B9688836,7782820737 - XVAN Eugene Lee,683,11
d88f95e0-92b4-0e41-0682-ff7dc98ea093,SEP5006AB09F6A8,3334173039 - JOE FALCK(ELH),684,11
839521b2-f017-e20b-6aa3-0b150233c6c0,SEPAC44F212D473,8707047372 - Amber Taylor,659,11
bd31577f-4ac1-3eba-d401-02a9dc12743c,SEP4CA64DBB5EA4,3178513328 - Scheduling Clerk (GRN),684,11
f8eec116-3139-f1a5-410e-7133458e0877,cipc724539,Neal Waldeck - CIPC - Do not Delete,30016,11
24f5ecf2-2848-c50a-be81-1e218440aea9,SEP00EBD5CC1CAE,310-965-5691 - Ryo Artamaya,683,11
2573a43b-6598-fd73-4a0d-7e3b5750d0de,SEP00C1B13F788D,FSC-HYCA 9094296276,683,11
740518d1-8425-23fc-ff91-c13227653521,SEP8C9461E165A5,3335373041 - Dispatch (SAL),683,11
523a6980-ee20-46c7-66ee-1ee689c9689a,SEPE8D322EADF02,3338483000 - Michael Hollowniczky (SBR),684,11
08e293f4-432c-0df4-3d79-aa40cf20c0a5,SEP8C44A5A322D2,8782507201  - Brad Parrish,684,11
dbc84968-40f2-24b2-a24a-96a80a9cd0e9,SEP8C44A5A324B2,8782507202  - Carley Chiado,684,11
c4317681-3111-9f73-31ee-8a31d9c1b0d3,SEP8C44A5A3250E,8782507203  - Eryk Welsh,684,11
ac6f5083-0b6c-f6c4-0b87-90be28474e45,SEPF83918CE1684,8782507204  - Even Shirey,684,11
8ade2202-b99d-48fd-1a12-0f1336ac1747,SEP8C44A5A3236E,8782507205  - Karen Loperfito,684,11
00127f23-f27e-2db2-2869-d47916108450,SEP8C44A5A32396,8782507207  - Morgan Truter,684,11
128668a3-cc05-3a4d-a973-5e1d88c63119,SEPF83918CE154E,8782507206  - Marlo Weiskircher,684,11
db721cce-7b37-2a61-4757-0b05f1830222,SEP84EBEFBC6CBC,3339803000-Phil Cramer,684,11
5c22bba2-95df-9e91-7272-1826ad9b9ec2,SEP7001B5DD1759,3335843024 - 0FFICE 2 (PVD),683,11
2e8bec57-63bc-6197-1520-e98e58f04108,SEPE41F7B9EC8DE,915-787-3951 - ELP Sonia Ordaz,683,11
0b76bcd5-0088-ed54-6982-0c73a9d235cf,SEP00AF1F9D7ED1,3337753051 - Office 5 (LOU),683,11
a04c611f-cf9a-6b89-15cc-f02e9f6693e3,SEP548ABA903CC5,8707045596 - North Tower 2,683,11
ef8c6faf-bff2-bc3e-e407-5d68651dff93,SEPE41F7B319A1F,8707045595 - North Tower 1,683,11
852f954f-2e5f-d00e-9d5a-31d883e6f81f,SEPE41F7B9EC9D5,8707045598 - South Tower 2,683,11
1da2e5e3-98b6-ac0b-86cc-5cb711cd6b23,SEPE41F7B9EC9E9,8707045599 - South Tower 1,683,11
2612d844-a4bf-630e-e04b-efecdde66d67,SEPAC7E8A2B90F0,North Telco 870-715-6998,683,11
8877c8f7-37ca-3974-a3c0-453e16b6f256,SEPDC774C01955B,3339903045 - Freda/Canada Dispatch (TOL),683,11
e7f9ecc1-cd50-0c66-8566-0b731b670916,SEP00AF1F9D5BA3,3334123080-City Dispatch 2,683,11
18b026e5-cdb3-116a-fb14-cd75df4ef09c,SEP00AF1F9D4EBB,3334123044 - Road Dispatch 1 (CGT),683,11
594fc92f-af1b-abbf-8f75-c195e6779b01,SEP00AF1F9D2DD0,3334433021 - City Dispatch 1 (EFH),683,11
8a434282-92e9-c771-49c2-a9dc027b3a62,SEP548ABA901555,8707045174 - Angela Bailey,683,11
50df4819-cbfd-60ba-7c83-54826f14485c,SEPE41F7B319A37,8707045158 - Meagan Spicer,683,11
e9150b42-64a5-be0c-f0fe-70ad5b0786cf,SEP00CCFC4A4682,8707045047 - Victoria Staysa,683,11
f421076a-2dbb-e6b9-4221-7b536816ad06,SEPAC44F212CC96,8707156216 - Facility Design,659,11
5f051f92-7c85-090d-a684-5b50bac0e3f5,SEPE41F7BB26646,8707156114 - Dustin Ladyman,683,11
1be5bc06-5346-dc7c-2ca1-8bffd6b270ae,SEPCC8E7148E90C,5008113101 - XVAN Eric Miranda,683,11
8119c4ce-6c59-eb19-d918-9392554c016c,SEPCC8E7148F087,5008113103 - XVAN Joelle Steer,683,11
260236ac-b71c-5a9c-211f-79f0668bc547,SEPCC5A535E2FD8,5008113104 - XVAN Samantha Liu,683,11
69eebb59-04c4-825f-a67e-24955ff06ea6,SEPCC8E71482B5F,7782820726 - XVAN Ken Ralph,683,11
b964f1b7-9fef-cf5e-728c-e6475ff77b9a,SEPCC8E71495BBA,7782820727 - XVAN Leanne Anthony,683,11
f2efd29f-5b01-1948-e509-694e378a48dc,SEPB4A8B9688246,7782820729 - XVAN Barb Barbour,683,11
cc28669d-92b9-5394-af20-2965b7d7a795,SEPCC8E714833BA,7782820730 - XVAN Catrina Costa,683,11
0919a84f-d3c9-0bbb-3fb3-0de13b571c40,SEPCC8E71481E5B,7782820731 - XVAN Christine Pollard,683,11
ed33d076-06e9-756a-3d52-b6ffcc728391,SEPB4A8B96886DA,7782820733 - XVAN Oleg Machnyk,683,11
a0564762-a52a-4811-2095-09c6d4f4a89d,SEPB4A8B9687A40,7782820734 - XVAN Cindy Dew,683,11
4a917c1c-f762-a7d4-35ed-b0598af91f55,SEP00AF1F9D82B4,3337753041-Doug Young(LOU),683,11
f9161692-109a-5f36-f40d-410962babf14,CSF4747180,778-282-0744 - XVAN Siobhan OReilly,503,11
6ce67ee3-8c1a-53f6-fd3e-bf4985db5259,CSF133108,778-282-0746 - XVAN Dawnne Adam,503,11
b587f182-f5b2-cabb-4667-0c4e56b62fb0,CSF3766112,500-811-3108 - XVAN Parul Chalana,503,11
f3891d5e-99c7-c88f-375d-155cb04c6096,CSF5078888,778-282-0750 - XVAN Garrett Law,503,11
51c7b672-2a98-5c09-f6c1-ec5a69523fe0,CSF135252,778-282-0751 - XVAN Frank Heseltine,503,11
677aeedf-264b-cd00-0929-ed6b1f3c9685,CSF134998,778-282-0740 - XVAN Michael Fury,503,11
3ea46e20-c59e-185d-622c-bbd811c7ecfb,CSF790223,778-282-0752 - XVAN Mark Kanevsky,503,11
dd952104-83b6-766a-188f-2648a20084fb,CSF942477,778-282-0753 - XVAN Vincent Lien,503,11
ce7789a8-2a7d-edc7-6a24-16297160ec85,CSF582096,500-811-3111 - XVAN Jimmy Lawson,503,11
108fb889-15b6-010d-b8fa-6cb5984c2d6a,CSF404382,5008-113-112 XVAN Sharmila Kasbekar,503,11
cc24e2c4-716e-e7d7-0e13-09eb64a3a580,CSF354691,500-811-3113 - XVAN Crystal Smith,503,11
2168bf7c-89b2-616e-240a-808096b6002b,CSF133687,500-811-3115 - XVAN Jasbir Sall,503,11
ff4d0e73-79d0-51ce-314d-00f8917916fe,CSF133331,500-811-3116 - XVAN Kris Sangha,503,11
56c5af3f-14e7-0439-d1fe-303bc3b67e3a,CSF5152059,500-811-3117 - XVAN Liju Babu,503,11
faf926a7-a262-697c-632b-538405d63800,CSF799131,500-811-3118 - XVAN Louis Hsu,503,11
f544a404-41d8-ffad-e19d-0c1795fe5f26,CSF3507189,500-811-3119 - XVAN Mary Mei,503,11
cca794a7-abf9-c369-04f7-ff7a8de2439d,CSF5190040,778-282-0724 - XVAN Rosalyn Echon,503,11
66852f80-b1da-ef8d-9d17-6c56292da1e4,CSF694275,500-811-3121 - XVAN Sarah Jane Isip,503,11
c5de2cf3-b7e3-83ad-dbc7-a6fef0837291,CSF239988,500-811-3123 - XVAN Tracy Ho,503,11
b0d7a100-0683-54ca-e046-8810e8b2cd0a,CSF198592,500-811-3124 - XVAN Christelle Mailhe,503,11
28afd006-ddcf-80c3-d92b-49944752a2cd,CSF165614,778-282-0725 - XVAN Nickie Sahota,503,11
69505189-9549-ac87-3eaf-92018677051b,CSF3679592,500-811-3127 - XVAN Peter Yee,503,11
b067bb24-0ab3-af99-8088-437ebc42062c,CSF135346,500-811-3128 - XVAN Nagini Lingam,503,11
8c3aeabe-a0ee-5882-bf70-5c6fff36ac21,CSF137625,500-811-3129 - XVAN Joanne Cooke,503,11
91de8d66-c426-a449-4d00-9bb0c0064426,CSF184550,500-811-3130 - XVAN Jean Tang,503,11
40d2fff2-53ed-98b6-789d-36781a741782,CSF268567,500-811-3131 - XVAN Susan Yee,503,11
9acb9eed-60cb-811b-003f-bc94ce3c7f26,CSF547473,500-811-3132 - XVAN Jeffrey Pat,503,11
eb2da2a2-b95b-fe35-7f23-2125f58e5bfe,CSF832341,500-811-3133 - XVAN Tom So,503,11
eeec944d-7b7d-0b99-c519-68ce5c3f0206,CSF836322,7782820741 - XVAN Allan Jensen,503,11
2a41c37b-867f-f110-35a5-9395f6ea3d25,CSF871966,500-811-3134 - XVAN Simone Rodrigues,503,11
7ad5b480-f9a7-78c8-6c17-8a9d6b5a5985,CSF5588990,500-811-3135 - XVAN Rushin Shah,503,11
de2d90ee-1acc-87e5-0ead-9eeb2ab867a1,CSF765549,7782820745 - XVAN Daniel Schofield,503,11
d9ddc237-8acc-dfff-adb3-e7c872d1aeff,CSF3766121,500-811-3136 - XVAN Shraddha Pathak,503,11
62a11374-11e5-83a0-dbc0-6e5f7fbff3dc,SEPB0C53CBC18A8,LEEA Manager 500-211-2066,684,11
c42523c0-320b-8b91-2fad-448718217e7b,CSF5933424,500-811-3137 - XVAN Rachel Jung,503,11
e34b4a22-0bc2-7162-f72c-9cbcdd75bb0c,CSF3857766,500-811-3138 - XVAN Parul Mawar,503,11
664ef70e-92ba-fe23-e7c6-fd1b956c6d5d,CSF803387,7782820749 - XVAN Scott Stainsby,503,11
9b0a27bf-9a26-6e50-44fd-278c1c86fdcb,CSF961695,500-811-3139 - XVAN Ryan Yi,503,11
79d85ab6-7b15-52ce-6b5f-5c0f8711a323,CSF133255,7782820755 - XVAN Val Jobin,503,11
87f82106-c926-7f08-8b71-e0eeb44a87ce,CSF135281,778-282-0748 - XVAN Debbie Wilson,503,11
08e543c7-fd30-2106-4191-05e28da8664d,SEPCCD342A4136D,3338243023- (TPA),683,11
f537e74f-0be3-8e4c-0653-48f9611924f4,SEPE41F7B9EC53F,8707156019 Ella Nelle,683,11
468d75de-ede0-a654-275e-ec35fe20159e,SEP08F3FBBAAFB4,3338153012 - Taveis Smith,683,11
c0fcfe63-4b25-009a-d6ff-f15d398fac1f,SEP00AF1F9D41DB,3335503048,683,11
53212257-fde1-49d8-4200-57a2845be5e4,SEP00AF1F9D4EAC,3338543043 - Road Dispatch (HGR),683,11
4b95f6f4-2a71-7a6e-fa96-2b2ed9d076be,SEP000832A9254B,8707156018- Amanda Moore,683,11
bac51a55-1944-0638-ba3e-4568d1973b9f,SEPE41F7B319AAF,8707156017- Gavin Lackey,683,11
64f793d6-22c9-4e2f-694f-ec0eb0c75862,SEPE41F7B9EC9BA,8707156016- Jacob Prewitt,683,11
9d7779f8-9483-35fb-2489-6f9f1e5b6353,SEPE41F7B9EC90A,8707156015- Christopher Cross,683,11
5f56d3d4-69c4-8ac0-7bed-448c46dd199f,SEP548ABA9016E0,8707156014- Luke Atkinson,683,11
6a5913ca-3498-85ba-7c70-192731d38d8d,SEPE41F7B9EC558,8707156013- LaTasha McFall,683,11
315391a1-54ff-7980-f13c-561f910d2fb4,SEP045FB901D656,8707156012- Mackenzi Stewart,683,11
516be09e-880d-4cba-b37f-20199cc223cb,SEP00CCFC4A3830,3338543064 - Inbound Planning (HGR),683,11
c5028beb-574d-a9fa-af75-b89c9a1ac7c0,SEP0041D2F9BCD4,3337393109 -Tony Matteroli,684,11
709ee092-c4ae-c6d8-c1c5-4576d62d2f05,CSF365827,778-282-0738 - XVAN Sheila Hamade,503,11
b7db4f43-16ba-7048-93fd-6a9abbd23579,SEP504921C0F244,8174917794 - Big Bend Conference,36258,11
78796884-d108-9a50-b909-c2816602d1bd,SEPCC7F750537DE,3332653700 - Center Dock Stand (CLT),683,11
1438bbe6-bf6e-5637-b1e8-337906613c8a,SEP247E12BF5959,3337673370 - Shop Breakroom (COS),683,11
8ce3b80c-46b0-d1f1-0ea4-e87abdfb71ef,SEP2C73A02C2A00,3338703010 - Matt Sohomuch (YRK),684,11
f826fafc-acbe-a213-d657-e52525fb9397,CSF562000,778-282-0739 XVAN Ryan MacPherson,503,11
69351e20-e38b-c627-6463-2d2f9ed5a349,SEP2852613A2A32,3334123711 - Door 344 (CGT),684,11
a06a9ef7-c0c3-9263-5e3b-d2ccc17ae1cc,SEP00D6FE05B1A5,3331733019 - Office (PHX),683,11
e5055ca5-182e-09ae-e8e6-1a992c248a3a,CSF639334,FXE DFWVK 469-524-5999,503,11
5ddb928c-adbc-a78f-9260-e40a34d0ba7a,CSF5203448,FXE DFWVK 469-524-6820,503,11
f6ae265a-05ec-2514-bb8f-3425a2fd7bdd,CSF5167108,FXE DFWVK 469-524-6125,503,11
cc49e2e7-1c8a-3d99-87f0-2b7f203f691a,SEPBC8D1F33E3B4,SEPBC8D1F33E3B4,683,11
971d7f47-7a00-50e5-6edb-ba03194f1376,SEP482E7202535F,3332503032 - Part time office (NAS),683,11
62677f16-5133-ce67-079a-ef3c0b6e6ff8,SEP5006AB09B9EC,3332503535 - Brian Haskins,684,11
16510bba-48a0-1583-995f-fc6ba6251cb1,SEP00AF1F9D5AC5,3332503013 - Trip Pittman (NAS),683,11
bbf2b5e1-8186-0efe-37e2-522225a98574,SEP0041D2F94126,3332503361 - Teresa Spakes (NAS),684,11
4ea22732-e264-093b-a0c3-2026a43a6c95,SEP009AD2F1E300,3331303700 - Dockstand (FSM),684,11
385fd7c9-8ad4-ae02-cad8-493bb4254426,SEP70C9C6691E84,3331383041 - Jolene Ortega (AQE),683,11
f6bdfcba-17b6-8458-f951-fc7f7ae6d9e7,SEP002F5C7A0B1A,3339953017 - Dispatch PM (AKR),683,11
c8f39492-b9d2-2f36-45e9-06a4ce947d29,SEP44643CBDA517,3339553005 - General Office Area (ANB),683,11
f7c4f5fb-05bb-fdad-13e5-d21ade860034,SEP0027902B0136,OSUA 614-470-3340,684,11
3b02e44c-837d-410b-afab-9ea92ea955ba,SEP0041D2F81716,SUSA Quality Assurance Agnt 314-768-6429,684,11
5a13b151-4d31-1dd8-cafd-7db5b238e579,SEP00CCFC4A0F82,TYSR Lobby 865-380-8023,683,11
75c952e4-5c72-0748-ec56-c66302fa1117,AN0BCBBCC4D000A,IADR Orange Belt Pscan 703-661-2072,30027,0
e35c826f-d099-35c5-9e9a-a68de535f8be,AN0BCBBCC4D0009,IADR MD Assistant FAX 703-661-2049,30027,0
f2d0d3fd-ab49-8d51-249e-29e93e1ca54d,AN0BCBBCC4D0006,IADR Strip Line 703-661-2037,30027,0
3a0ba179-af7a-94b6-0683-4af497bfa863,AN0BCBBCC4D0005,IADR IDA Fax 1 703-661-2035,30027,0
3cea8b62-bea0-4372-9486-51d5e7210f2c,AN0BCBBCC4D0004,IADR GSE Maint crew 703-661-2032,30027,0
34f89381-4117-24e6-35b1-44b5c1480e74,AN0BCBBCC4D000C,IADR Unico Building Mx Fax 703-661-2077,30027,0
294b4969-7bf7-7150-d960-83016246b18a,AN0BCBBCC4D0002,IADR  Aircraft Maint Fax 703-661-2022,30027,0
074464ea-c673-6b8e-6a4a-9aa3c0f54518,AN0BCBBCC4D0000,IADR Paging 500-211-7676,30027,0
5fe0d7ff-14fa-7c30-d8ce-01407ea190d9,AN0BCBBCC4D0001,IADR Ed Koorbusch Fax 703-661-2014,30027,0
7046ab8d-3ffe-54c0-f963-85068a8b31f2,AN1DFC7232B0002,Express TULR FAX 918 831 8064,30027,0
03dbda60-e2fe-bb07-104a-b8ea933a19f7,AN1DFC7232B0001,EXpress TULR FAX 918 834 7016,30027,0
6398974c-8ae8-2921-fdce-a93470fed2ac,AN1DFC7232B0000,TULR CSA FAX 918-831-8028,30027,0
3fdf5e5b-0f9a-ce1c-3c4e-f3cb2abc7f9e,AN1DFC7232B0004,Express TULR FAX  918 831 8026,30027,0
3d0db96f-7887-3efc-3b69-01ff70346bcb,AN1DFC7232B0005,Express TULR FAX 18 831 8090,30027,0
6bb3d18f-8e10-29f8-60f7-00233d6ef429,AN1DFC7232B000E,TULR Loud Bell  918 831 8073,30027,0
6dcf66df-1e88-ec3c-3370-6833061f7eed,AN1DFC7232B0006,Express TULR FAX 918 831 8025,30027,0
6bde3baf-9470-4b2f-8bed-3fcacacf1ebd,AN1DFC7232B0007,Express TULR FAX Empire 918 831 8023,30027,0
aa290e4c-75fa-81f7-1de9-4e80df418017,AN1DFC7232B0008,Express TULR RVSA FAX  918 831 8011,30027,0
bd880f1e-0307-c4dd-eab5-e01fda68fcf9,AN1DFC7232B000A,Express TULR Outside phone,30027,0
e26ff435-d211-20e3-4bb8-ff586340d209,AN1DFC7232B000C,Express TULR Loud Bell 918 624 6058,30027,0
8d059c7c-3793-3e66-1f83-7990e392e51c,AN1DFC7232B000D,TULR Loud Bell 918 831 8027,30027,0
19e4d1bf-1525-99e1-5a6e-8710938bbb98,AN1DFC7234F0000,IPLA Paging Line 500-211-7676,30027,0
f57ec2a0-6890-8028-bf84-7669039cdf7e,AN1DFC723B20001,JLNA Night Bell,30027,0
ae168c77-a598-5edf-dcff-0e7c31ba4a98,AN1DFC723B20000,5005117676 - Paging (JLNA),30027,0
35e80893-113f-4954-2fdb-800282483525,AN1DFC723CD0005,SDMA Warehouse 2 619-527-2045,30027,0
b38ab903-437d-fc5d-0b3f-1f71db512c86,AN1DFC723CD0006,SDMA Warehouse 3 619-527-2055,30027,0
61d4420c-833f-fd85-83e9-ca365c8a2558,AN1DFC723CD0010,SDMA Warehouse 10 619-527-2042,30027,0
14115a74-4e06-87a5-b6b0-0a60f34267df,AN1DFC723CD000F,SDMA Warehouse 9 619-527-2049,30027,0
b9b19e7f-047f-9e57-3e0c-b1defbebcb86,AN1DFC723CD000E,SDMA Warehouse 8 619-527-2048,30027,0
b2723e4d-6746-6327-32bb-8da022332643,AN1DFC723CD0007,SDMA Warehouse 6 619-527-2044,30027,0
605cc291-ac47-54cd-9624-879383c63b4d,AN1DFC723CD000C,SDMA Dispatch Breakroom 6195273094,30027,0
0fb652e9-94da-274c-beba-29d294ba8f78,AN1DFC723CD000B,SDMA Employee Lounge 619-527-2002,30027,0
84be89d1-ce21-12a1-5bf6-772a43f72684,AN1DFC723CD000A,SDMA CTV Deck South 619-527-2038,30027,0
e4b3c0df-9368-dec1-648c-d76c993c19ed,AN1DFC723CD0009,SDMA CTV Deck North 619-527-2035,30027,0
c6ea6e69-eef3-e44b-613b-358d21453e52,AN1DFC723CD0008,SDMA Warehouse 4 619-527-2037,30027,0
5de91fb6-7dfb-5850-d121-5f7081aaf5a1,AN1DFC723CD000D,SDMA Warehouse 7 619-527-2043,30027,0
3bc81029-02de-a429-1251-9f968c8453a2,AN1DFC723CD0000,SDMA Paging Line 500-211-7676,30027,0
41eb51ab-ff78-c535-f26f-1357734b5bdb,AN1DFC723CD0001,SDMA Break Room 1 619-527-2032,30027,0
4003624b-a729-f27f-553a-3996ad7d8c3e,AN1DFC723CD0003,SDMA Courier Check-In 619-527-2018,30027,0
ebc086c6-b303-e9dd-7f7d-79ccd8e34093,AN1DFC723CD0004,SDMA Warehouse 1 619-527-2041,30027,0
c1146be1-9074-4073-4f22-4bc394810ced,AN1DFC723D18002,LYHA Mechanic - Cordless phone,30027,0
42f6e7ca-c01a-f4af-1d28-362bb83658e9,AN1DFC723D18001,LYHA NightBell 500-211-2070,30027,0
da2dd8a8-fb4e-166c-b751-8a9627432ba9,AN1DFC723D18000,LYHA Paging 500-211-7676,30027,0
d8ad80d4-f92c-4d6a-5afb-35964260cb87,AN1DFC723D60001,AN1DFC723D60001,30027,0
135c22b8-6b29-67d6-7c93-d0d0ccfed6bf,AN1DFC723D60000,AVPA Paging,30027,0
1a296668-668b-1151-e422-27d47cdab2a9,AN1DFC723DA8000,HGRA PAGING 5002117676,30027,0
dda19d34-a3bc-82c9-abe6-14c6bdff31f7,AN1DFC723DF0000,PWTA Paging 500-211-7676,30027,0
fc1ba4f4-c027-656a-39dc-363bd02b0d5b,AN1DFC723DF0001,PWTA Loud Bell 500-211-2090,30027,0
40ef8e7a-c6c4-88e9-8914-f6179a9cf913,AN1DFC723E38000,OBKA 500-211-7676 Paging,30027,0
f9e93a6f-6538-0ffc-017d-1b85adccee4b,AN1DFC7245D0001,AN1DFC7245D0001,30027,0
9c2e990b-f032-c050-83c8-7028c18aaa1b,AN1DFC7245D0000,AN1DFC7245D0000,30027,0
1779de1a-5a35-fa07-0140-e6925f512991,AN1DFC724780000,AN1DFC724780000 Paging,30027,0
d0f1e4cb-9a01-ce8f-9303-b4b956625fff,AN1DFC724780001,AN1DFC724780001 Night Bell,30027,0
6f911875-6079-9f66-ed9a-af7131cfb362,AN1DFC724780002,AN1DFC724780002 Cordless Phone,30027,0
450404fa-a575-5351-52ca-d6e0308f1c50,AN1DFC724858000,BOFA PAGING 5002117676,30027,0
c8d03a1a-2cf4-eb87-81e1-36526fac2bde,AN1DFC724A98000,SFMA Paging,30027,0
0f6ab720-6e5d-5a7c-945e-8f479baa3006,AN1DFC724DB0000,ABIA Paging 500-211-7676,30027,0
b1e119a2-583f-4371-3b2d-8b3f223a1a1e,AN1DFC724DB0001,ABIA Loud Bell 325-676-9241,30027,0
aadb0901-681a-bc57-ac28-633d437e5b49,AN1DFC7263E8000,SDFA Paging 5002117676,30027,0
f187cdc9-76f4-d9ad-07bb-568e6fefe615,AN1DFC7263E8002,SDFA Global Veh Techn 5002112027,30027,0
61a91505-d11e-a2f7-067d-d2fb1b80ff3f,AN1DFC7263E8001,SDFA Night Bell 5002112070,30027,0
f4e1b0b1-c148-ab8a-50a2-fc8f36240de0,ANFEC8DE1878003,APAA Hold Room 303-925-8004,30027,0
540fd5bd-9c48-70ea-0ae6-e501b2d2af7b,AN1DFC726598001,MLUA Paging 5002117676 - New port,30027,0
c770def1-c88e-c227-5512-aef517c7a8a8,AN1DFC726598000,MLUA Paging 5002117676,30027,0
d1346d4d-b74e-44ee-8058-8d6fc1c64c53,AN1DFC726CA0003,DEOA EnGenius Cordless #3 500-211-2006,30027,0
f69af77c-c3c6-0e40-06c1-312f6d44aac2,AN1DFC726CA0001,DEOA EnGenius Cordless #1 500-211-2004,30027,0
648f6dc5-0e47-9036-f7dd-ac3ad09566bb,AN1DFC726CA0004,DEOA EnGenius Cordless #4 500-211-2007,30027,0
2f620de8-9ce1-ea40-bb12-8aeefe2c7cb8,AN1DFC726CA0002,DEOA EnGenius Cordless #2 500-211-2005,30027,0
733ab061-25da-84e6-2239-366028f5946c,AN1DFC726CA0000,DEOA Paging 500-211-7676,30027,0
b51773c3-9529-6771-7b4a-5370cae874e7,AN1DFC726CE8002,CIDR Break room 3198465416,30027,0
b6dcf020-7ce7-bd4f-a1c1-59499e1704aa,AN1DFC726CE8017,CIDR Shop Bell 319-846-5441,30027,0
7ea865cd-fd53-77ed-46af-115d289d63a5,AN1DFC726CE8016,CIDR 2nd floor fax 3198465406,30027,0
306cad6c-0405-3c81-23ce-fa62ca3f5fcc,AN1DFC726CE8015,CIDR Dispatch Fax 3198465305 - outbound only,30027,0
436c9a19-a261-bfcc-9c7a-528234ac4ac8,AN1DFC726CE8014,CIDR Shop Wall 3198465442,30027,0
609be7e9-f6b2-a0ef-3bc8-3b83b7f5d151,AN1DFC726CE8013,CIDR Shop Cordless 3198465443,30027,0
ea77a7c7-519b-4504-bc8b-821aabc768ad,AN1DFC726CE8012,CIDR Conveyor Office 3198465480,30027,0
6a351192-b844-1357-2ee2-0a8a1a75e2f4,AN1DFC726CE8011,CIDR OHDA Office 3198465476,30027,0
940f107b-74b0-f81f-af57-94399c10d39e,AN1DFC726CE8010,CIDR Night Bell 500-211-2070,30027,0
22287a6f-14ba-e117-72b1-bbb91dbbbd49,AN1DFC726CE800F,CIDR Copy room 3198465461,30027,0
2b223bea-5353-9037-3bdf-31f521f89543,AN1DFC726CE800E,CIDR Conference room cidr 3198465474,30027,0
2b0583d2-e0a8-a823-8378-6912e11d7bda,AN1DFC726CE8001,CIDR Break room 3198465415,30027,0
98119523-dee8-c923-4606-6d9e867c3215,AN1DFC726CE800D,CIDR Idf 3198465456,30027,0
02d03ab6-7233-378f-1ab1-a398e6c21708,AN1DFC726CE8000,CIDR Paging 5002117676,30027,0
03d701b7-301b-67fb-bc74-cd6f6253cef0,AN1DFC726CE800C,CIDR East conveyor belt 3198465484,30027,0
81debc44-742b-98aa-5ff6-bb0003e5ced1,AN1DFC726CE800B,CIDR Warehouse door a 3198465483,30027,0
1a2b317d-eb54-7c83-68d4-3f550792ccaf,AN1DFC726CE800A,CIDR Ohda 39 3198465485,30027,0
435e6558-e99a-80c5-4ee3-d1d8620a0ff1,AN1DFC726CE8009,CIDR West end warehouse 3198465482,30027,0
47855b9e-8bb1-240a-7578-9a641ffb8e8e,AN1DFC726CE8008,CIDR North ohda 16 3198465477,30027,0
a1f3c512-de7e-217c-7c6f-3923cf8ab937,AN1DFC726CE8007,CIDR North trucking dispatch 3198465478,30027,0
7e689a2c-8047-3433-625e-9faf72491673,AN1DFC726CE8006,CIDR North ohda 9 3198465479,30027,0
050042ee-f7e3-8f45-6655-a8ff9bc00a8e,AN1DFC726CE8005,CIDR Conveyor s curve 3198465481,30027,0
ab1618fd-4112-1b39-444f-63f6be2367ef,AN1DFC726CE8004,CIDR Equipment room 3198465436,30027,0
1fca3d6c-75ba-1b35-4be5-bf1e1bce45f3,AN1DFC726CE8003,CIDR Alcove 3198465431,30027,0
8fc4ad9e-aaf8-201b-bd53-b16c8aa5a7fe,AN1DFC726EE0000,OAKA Paging 500-211-7676,30027,0
2c841f21-e7a8-fb49-4b3b-48777ef50c2b,AN1DFC726EE0001,OAKA Bell 5002112090,30027,0
f2528a6c-a444-8730-f6cb-f85cc6f7399f,AN1DFC726EE0002,OAKA Wireless Phone,30027,0
b8691cde-b601-937b-78dc-0ab9e95579b0,AN1DFC727870001,EATA Paging 500-211-7676,30027,0
b80be219-4ec6-a759-02ad-c5b5b3128dee,AN1DFC727948000,IKBA Paging 500-211-7676,30027,0
f2aa675f-62a8-8488-27ea-1f754fc873c7,SEPF0B2E58E1920,Truck Control Desk 5002112056,683,11
11dac911-1e76-7860-15b4-942f4413b7d9,AN1DFC7282D8017,AN1DFC7282D8017,30027,0
aeca6026-abd8-9daa-33a4-a8aca11be129,AN1DFC7282D8000,LRUA PAGING,30027,0
5af4362a-6a2f-f7b1-e116-21ee003fdeb7,AN1DFC7282D8001,AN1DFC7282D8001,30027,0
c3b9a2cf-0a90-b862-e578-61815a962829,AN1DFC7283F8000,ITHA Paging 5002117676,30027,0
bec19bcf-beb9-acca-32f2-847832ececaf,AN1DFC728440000,AN1DFC728440000,30027,0
55863762-53b9-413c-60bd-c13152b14307,AN1DFC7285F0000,ESFA Paging 5002117676,30027,0
62667559-0f77-2a8c-8523-445ee17d7994,AN1DFC728638001,ROAR Paging 500-211-7676 - New Port,30027,0
be9a3497-de28-2096-b328-28aa738ded88,AN1DFC728638000,ROAR Paging 500-211-7676,30027,0
27c68fd3-c6d9-cad0-3e40-b7a6ecb0817f,AN1DFC728680001,MKLA Loud Bell 500-211-2070,30027,0
38b9e515-3914-183e-97bc-bea365210fa3,AN1DFC728680000,MKLA Paging 500-211-7676,30027,0
da789428-e56b-ae2f-3e27-af4652712327,AN1DFC728710000,BLVA Paging 500-211-7676,30027,0
65110e31-61fc-1e03-b10c-41ff5c95b1b7,AN1DFC728758000,FLGA PAGING,30027,0
d26e16f8-2ead-2ddf-9853-479f5f41f091,AN1DFC7287E8000,AN1DFC7287E8000,30027,0
6ce0a895-7829-25db-6b54-b9e21770b403,AN1DFC728830000,EVVA Paging 500-211-7676,30027,0
d7aaff08-0485-0411-b163-2c062a367ce7,AN1DFC728B00000,CRPA Paging 5002117676,30027,0
8b64d3b1-ecfc-a086-4f5d-469225c19dc5,AN1DFC728EA8000,WHHA Paging 5002117676,30027,0
d622c38a-9eee-d363-8f8e-a1859c3e748a,AN1DFC728F38000,MSOA Paging 500-211-7676,30027,0
5071546a-3f2b-cf4f-3f16-05c0739953a8,AN1DFC728F38017,MSOA2 Paging Access - 5002117676,30027,0
63008554-4345-b301-8189-3c706427bd5a,AN1DFC728F80001,FNLA Shop Mech  500-211-2015,30027,0
df9ffc4a-e5dd-7053-6b8a-f1d110b10aa6,AN1DFC728F80000,FNLA Paging 5002117676,30027,0
9daffe85-1e9c-8328-63e1-7764aad0ee59,AN1DFC728FC8005,DETA EnGenius Cordless #4 500-211-2007,30027,0
0942aca6-120c-50ba-3f39-1989313cab56,AN1DFC728FC8002,DETA EnGenius Cordless #1 500-211-2004,30027,0
b34404a2-3f5d-36fe-78d8-53ef947684d5,AN1DFC728FC8003,DETA EnGenius Cordless #2 500-211-2005,30027,0
f766db27-4d3e-f7c3-a38a-3a9feda263b0,AN1DFC728FC8001,DETA Night Bell 500-211-2070,30027,0
534285c8-0569-9594-bc1a-a69850a37ad7,AN1DFC728FC8000,DETA Pagining 5002117676,30027,0
cc19ebe5-6d9b-139d-b7af-5fb2f85cb327,AN1DFC728FC8004,DETA EnGenius Cordless #3 500-211-2006,30027,0
7c813cd4-43f7-0ff9-178d-2dc07d8abec8,AN1DFC7290A0003,AN1DFC7290A0003,30027,0
7f4ea343-2325-63d0-af4a-cb2c69a07998,AN1DFC729130001,PTBA Night Bell 500-211-2090,30027,0
43eec070-f5f9-70a4-a799-ee2da63d4e81,AN1DFC729208000,AN1DFC729208000,30027,0
1667ad3a-6230-3c6f-c233-50485690636a,AN1DFC729208001,AN1DFC729208001,30027,0
7792622f-1102-6bd6-5ae6-18bb7fec36af,AN1DFC7294D8001,BLIA Mechanic Office 1 500-211-2039,30027,0
9dfb8efd-a783-61dd-d108-fec4d9d4c524,AN1DFC7294D8002,BLIA Night Bell 500-211-2070,30027,0
0f036472-468c-16e1-53c8-b564da3bfeb6,AN1DFC7294D8000,BLIA Paging 500-211-7676,30027,0
387c6985-a0c3-21d1-0e49-7abe4160de1a,AN1DFC729520001,ELMA Night Bell - 5002112070,30027,0
f10e6582-9bb8-018e-cb7d-35ffa64e271c,AN1DFC729520000,ELMA Paging 5002117676,30027,0
5c65419b-e2c1-5220-7677-3c9685170ff0,AN1DFC729568000,500-211-7676 Paging 0/0,30027,0
a96e5857-35da-b8d3-0fd0-46d0e327cb4f,AN1DFC7295F8000,AN1DFC7295F8000,30027,0
fbb7ca64-0b5e-c76e-486c-7fc7109e9445,AN1DFC729688000,IDAA PAGING,30027,0
cd936fd1-7de4-d345-6f73-e97b1cdd8338,AN1DFC7296D0008,FTYA Analog 404-362-5468,30027,0
7a05cbe1-5c0e-94b4-e971-99196f7983b6,AN1DFC7296D0007,FTYA Analog 404-362-5469,30027,0
408e81e9-0125-27c4-8bf9-c1933b42b8c7,AN1DFC7296D0006,FTYA FAX 404-362-0584,30027,0
1d2f3ea4-6a88-cf1b-ca78-05d632af8e68,AN1DFC7296D0005,FTYA FAX 404-366-7176,30027,0
b049f6ae-c103-0764-e5a4-88ede72e4bdb,AN1DFC7296D0004,FTYA FAX 404-362-9973,30027,0
f5771db2-3027-5b68-ddac-0deb5060681a,AN1DFC7296D0003,FTYA FAX 404-366-7761,30027,0
d36bcb73-07a1-9705-01aa-115165f47c6b,AN1DFC7296D0001,FTYA FAX 404-362-0343,30027,0
df118cea-6304-8e7e-b524-0bf2a63c53e3,AN1DFC7296D0000,FTYA  FOPRT Paging - 5002117676,30027,0
36a667d8-1771-d2ae-31f2-5bca0a044a87,AN1DFC7296D0002,FTYA FAX 404-362-5310,30027,0
59d974e8-e35d-5566-1a6c-1e662db1c10c,AN1DFC7296D0011,FTYA FAX 404-362-5473,30027,0
bd3c2ec5-6569-27c1-ccee-f57a9e0925ed,AN1DFC7296D0010,FTYA FAX 404-362-5291,30027,0
5310c529-1c6e-8258-ede5-0744e09adc43,AN1DFC7296D000F,FTYA Analog 404-362-5328,30027,0
6de7a92c-b0fc-f38b-7395-b1de1839c719,AN1DFC7296D000E,FTYA Analog 404-362-2902,30027,0
d0a068fb-35df-507f-c23a-58cf199c0c48,AN1DFC7296D000D,FTYA Analog 404-362-2825,30027,0
59d001e8-d8bd-5099-6740-28f30757cb47,AN1DFC7296D000C,FTYA Analog 404-362-2803,30027,0
148106ec-827f-be6c-4597-550e32cc7b26,AN1DFC7296D000B,FTYA Analog 404-362-5467,30027,0
e9d9a7e6-8e35-2332-767e-4fa002a35a1e,AN1DFC7296D000A,FTYA Analog 404-362-5474,30027,0
de12fc9e-72e6-a78c-c311-9d08230f5084,AN1DFC7296D0009,FTYA Analog 404-362-5466,30027,0
5618a4e4-8ed0-3608-cda3-7bd4f47520ae,AN1DFC729718000,ELPR ELPR PAGING 5002117676,30027,0
67824531-e0ac-f216-0fba-fd4d6980933c,AN1DFC729718008,ELPR915-915-887-6344 bell,30027,0
46d5e525-a987-eaa6-36ca-87e21ecea380,AN1DFC729718001,ELPR Breakroom,30027,0
f541c7a5-a2c3-71de-3425-e7e4a3e13d7f,AN1DFC729718002,ELPR 915-887-6314,30027,0
40f941a1-6576-ba0c-72a7-57545eda727c,AN1DFC729718003,ELPR 915-8876328,30027,0
afd93d3f-e7a0-4344-4ba1-7910e69dece5,AN1DFC729718004,915-887-6339,30027,0
21c34edb-f69e-3437-f860-b98a3be03483,AN1DFC729718005,915-8876348,30027,0
2b235aef-e92d-de8d-deb9-f3f80ece10b3,AN1DFC729718006,ELPPR 915-887-6354,30027,0
14a41c4a-7835-b6c6-669e-c8945e14e6ab,AN1DFC729718007,ELPR915-8876366,30027,0
8524ae41-d0a5-24a5-3cb4-61f8d2e5042e,AN1DFC7297F0000,LHUA PAging,30027,0
bd859cba-d5e9-f89c-a4e3-78e703285215,AN1DFC7299A0002,TUSA 5205124546,30027,0
8c0834ec-195f-6e57-1b3c-95997f7e07c1,AN1DFC7299A0003,TUSA FAX,30027,0
efe0bb5d-fd28-c24b-708d-ec06cecb8e9d,AN1DFC7299A0001,TUSA 5205124525,30027,0
01a96ebb-885b-14a8-71da-a89d7fe3f2e9,AN1DFC7299A0000,TUSA PAGING,30027,0
ab484526-100d-c576-2dfb-a33154513a78,AN1DFC7299E8005,OLVA GHMA Fax 901-370-5131,30027,0
28a91ce5-9653-e0d5-f22a-3c92778faf65,AN1DFC7299E8007,Ringer Bell 901-712-0050,30027,0
97c800ec-09cf-84b6-8134-becfb4e4a9e7,AN1DFC7299E8006,OLVA Down Stairs Fax 901-712-0019,30027,0
dd38e8b8-0d7a-0248-95a8-2b80c0524227,AN1DFC7299E8004,OLVA Dispatch Fax 901-370-5128,30027,0
7a2f56c9-b55a-cec4-bde9-d849fadf72d3,AN1DFC7299E8003,OLVA Currier Checkin Fax 901-370-5002,30027,0
99471a47-1210-766f-baa0-3486b211f86b,AN1DFC7299E8002,OLVA Dispatch answering machine 901-370-5133,30027,0
22d8e29a-e67e-85ce-111f-c190bcbba496,AN1DFC7299E8001,OLVA Loud Bell 500-211-2070,30027,0
f2a2acaa-1c2b-f6fd-7e29-7d42c1b297e6,AN1DFC7299E8000,OLVA Paging 500-211-7676,30027,0
9c78a61f-a76d-e9c6-88ff-0d161f15c964,AN1DFC729A78000,BJJA Paging 5002117676,30027,0
92b61995-90f5-4114-d1bc-5656880ba0b9,AN1DFC729AC0000,MGWA Paging 5002117676,30027,0
cb4e49cf-a4e0-1151-f868-176c9897a6c2,AN1DFC729B08000,ERIA PAGING 5002117676,30027,0
6966020f-5580-000f-9c7f-6641d5ce1ddd,AN1DFC729B98000,CSVA Paging 5002117676,30027,0
249b3072-4818-4ce8-f0f6-ccba01a85d9c,SEP00AF1F9DD372,BOSVM Info Agent 500-211-2054,683,11
bbda02f6-5517-9292-5717-4da274bdaa85,SEP04BD9780FEDC,3333003001 - Ryan Williams  (DAL),683,11
37543e46-013c-b6ce-c225-2a30d281ae48,AN1DFC729C28000,CLMA Paging 500-211-7676,30027,0
27cad94d-05b9-1ad0-f020-b32358135923,AN1DFC729C70002,IAHRT Fax One 281-986-3739,30027,0
3b8ef259-93d1-b645-5880-5c0c21f0e0fe,AN1DFC729C70005,Paging,30027,0
2ce1bbe8-6f76-d521-529e-07f3345f9985,AN1DFC729C70001,IAHRT Shop bell 500-211-2090,30027,0
ca80987e-7676-7ba9-a870-33110df3207e,AN1DFC729C70003,IAHRT Fax Two 281-986-3793,30027,0
959a5b08-8227-3ef6-c887-277f23f8a2f1,AN1DFC729C70004,IAHRT Fax Three 281-986-3712,30027,0
93470c3c-6c56-6122-a737-5eae8861953f,AN1DFC729C70006,IAHRT Elevator - 500-211-2091,30027,0
35528a07-8b9d-4984-01fe-77e6f461c193,AN1DFC729D00000,LCHA Paging 5002117676,30027,0
2aa8ee14-d7c0-2151-597b-6137ff645c3e,AN1DFC729D90002,AOOA Vech Dep,30027,0
80e2ef1c-d9d3-4391-47cb-19e852dab09d,AN1DFC729D90000,AOOA PAGING 500-211-7676,30027,0
6b398bea-a86b-194b-c5e4-affba0f360e4,AN1DFC729D90001,AOOA Night Bell 5002117070,30027,0
6ec579e6-79eb-fa27-1c17-3bf9febe683e,AN1DFC729E68000,DXRA Cordless Phone 5002112064,30027,0
007fe535-9f26-ec2b-48a0-3075a2e491e6,AN1DFC729EF8003,CCRA Night Bell-3 925-674-4016,30027,0
2b5a733b-8551-3181-8dfe-625f520caee5,AN1DFC729EF8000,CCRA Paging Line 500-211-7676,30027,0
4e0b2f1a-1ec8-9a7a-0d45-1114e79d1d7f,AN1DFC729EF8001,CCRA Night Bell-1 500-211-2071,30027,0
8ac0d2cd-68db-3594-fc50-192e2cd3aa27,AN1DFC729FD0000,CRSA Paging 5002117676,30027,0
f6b3d694-c051-e842-8a0c-b5541d39269d,AN1DFC72A018001,BNHA Mechanic Cordless 500-211-2026,30027,0
9e68f1e2-7c45-afac-ccfb-93764483b9b1,AN1DFC72A018000,BNHA Paging 500-211-7676,30027,0
0939ef0b-43f1-6237-cccb-ab4cad0ec439,AN1DFC72A060000,BMIA Paging 500-211-7676,30027,0
efb13e79-d2ae-8192-0563-5b085d5bab11,AN1DFC72A0A8001,MRNA Ringer 500-211-2090,30027,0
fd7c9077-3917-ba07-fa36-337ec412552d,AN1DFC72A0A8000,MRNA Paging 500-211-7676,30027,0
b431aff3-6d81-899b-a088-08618a5ae783,SEP28AFFDCB6C75,FXE-MQIA 500-211-2021,683,11
c7935340-4166-20e2-08b0-3341bf300edd,SEP28AFFDCB692E,FXE-MQIA 500-211-2022,683,11
85ad58f8-e1bb-7b8b-6d31-400467fc74db,AN1DFC72A138000,PIHA PAGING,30027,0
b2d4c884-3243-5e6f-595d-5c8bea5aca15,AN26C7ABB720002,Mechanic Bell 500-211-2028,30027,0
3fc357d2-5a23-51de-f4ad-be19809ae36b,AN26C7ABB720001,Warehouse Bell 500-211-2040,30027,0
a003bf61-5e10-e55a-a8c1-612b9347b755,AN26C7ABB720003,Mechanic 500-211-2029,30027,0
a185bb72-f4c0-8793-843c-6212a7c35096,AN26C7ABB720004,MDTR VHX Bay Bell 500-211-2030,30027,0
a75f1ef0-b5d9-f963-9627-876b4499f1c3,AN26C7ABB720000,MDTR Paging 500-211-7676,30027,0
11d8abc7-f96f-1ba5-2de0-99ec9f2f2370,AN2A10FAE400006,WTCA Fire pump room phone 500211-2044,30027,0
4c6b9b9f-14c7-3671-65d7-cc9117d3449c,AN2A10FAE400007,WTCA Fire valve room phone 646-486-5005,30027,0
989c5057-4b5a-a9e6-e569-0603329b37d2,AN2A10FAE400014,Test AN2A10FAE400014,30027,0
ab6f6b23-244c-80a5-f013-f3c43dd086b0,AN2A10FAE400008,WTCA Fax 2nd Fl agents rm 646-486-5027,30027,0
c9a86a61-5baf-99da-5c8f-ddf1f41dca09,AN2A10FAE400017,WTCA Paging 5002117676,30027,0
f0df2de4-f9ba-0615-4843-b5d356230e61,AN2A10FAE400013,Faulty Port,30027,0
dc275b02-8723-3f53-1790-cf4bfe092c12,AN2A10FAE400009,WTCA Fax Room 90 646-486-5094,30027,0
09f8fa25-06b8-494b-0268-e31c054ccba2,AN2A10FAE400011,WTCA Zone 4 Fl 4 5002117674,30027,0
e1d8f534-0f0f-ee16-4b2f-7dbf708cafc1,AN2A10FAE40000A,WTCA FAX Copy room 646-486-5088,30027,0
375967cd-0308-4683-220f-067018617f85,AN2A10FAE40000C,WTCA FAX Room #57 646-486-5196,30027,0
4c80a4ec-ee29-cbad-caf9-439c54006629,AN2A10FAE40000D,WTCA Zone 5 Fl 5 5002117675,30027,0
ce69a4b6-8695-2d61-4743-47b358c6a213,AN2A10FAE400012,Faulty Port,30027,0
60005823-07c3-7ecc-5706-b3ef850b55ff,AN2A10FAE400000,AN2A10FAE400000 - 2613,30027,0
171dc94b-0e37-e1d6-3762-7cf18a14121e,AN2A10FAE400001,AN2A10FAE400001 - 2650,30027,0
163be2f8-6a04-c9d3-ac78-605af7ce4ff5,AN2A10FAE400002,AN2A10FAE400002 - 2810,30027,0
580d0624-0c89-f6fa-af24-291349980042,AN2A10FAE400003,WTCA 1st FL Sort Phone 500-211-2041,30027,0
aee00913-a9fb-da6a-d459-c1e6a250813b,AN2A10FAE40000E,WTCA zone 1 Fl 1 5002117671,30027,0
7a60dfe7-8783-8610-58be-55cc9a255017,AN2A10FAE40000F,WTCA zone 2 Fl 2 5002117672,30027,0
ddc18bd9-380f-76eb-1345-36c0c9de6dd6,AN2A10FAE400010,WTCA Zone 3 Fl 3 5002117673,30027,0
426feac0-a907-23ce-2533-bc3df85c3249,AN2A10FAE400004,WTCA 1st fl sort Phone 500-211-2042,30027,0
f67b8047-fffa-670e-42f1-306cf61217dd,AN2A10FAE400005,WTCA 1st fl sort Phone 500211-2043,30027,0
cda2c92e-f027-716e-c34e-35031bc62782,AN3D6FE51420007,FXG-1708 Wareshouse C 500-211-2041,30027,0
8644a667-bf18-8560-b8ed-18d6e4c873bd,AN3D6FE51420008,FXG-1708 Warehouse 500-211-2042,30027,0
bd4674cd-b173-9f4a-6e4d-ccf91fe83743,AN3D6FE51420001,FXG-1708 Bell 500-211-3090,30027,0
6f05d321-fca3-45c2-f6c5-2a0f08d57a62,AN3D6FE5142000A,FXG-1708 Warehouse 500-211-2043,30027,0
68e5e6d8-0e23-e886-610e-476219c4246d,AN3D6FE5142000B,FXG-1708 Warehouse 500-211-2044,30027,0
9cdd0f00-bbb2-7528-cce4-45e927e6f87a,AN3D6FE51420000,FXG-1708 Paging 500-211-7676,30027,0
6ad9a5d6-6647-b599-42a9-386623382c47,AN3D6FE51420009,FXG-1708 Fax Room 225-298-3825,30027,0
aa71bc7d-56ff-37b8-9a4e-9ed9804e0a5a,AN3D6FE51420006,FXG-1708 Warehouse D 500-211-2040,30027,0
2569e455-9e50-9215-c741-bdea6c904cab,AN3D6FE51420005,FXG-1708 Vechicle Maintenance - Garage 225-298-3830,30027,0
adaf35c6-4b4f-8bce-f6c1-9f07dcea74dc,AN3D6FE51420004,FXG-1708 Fax Room 225-298-3885,30027,0
0844a16c-cf2f-f4cf-1556-356a4067e2fd,AN3D6FE51420003,FXG-1708 Genesis Fax Machine 225-298-3888,30027,0
37616301-95e1-af26-39e5-180ec037dc39,AN3D6FE51420002,FXG-1708 Break Room 225-298-3292,30027,0
61492180-9138-52b7-3f1c-1347379781a4,AN3D6FE522C0001,FXE PRIA Night Bell Mechanic 609-689-6464,30027,0
511ef7a8-1dda-1c83-f890-d1f72e7fe13a,AN3D6FE522C0000,FXE PRIA Paging 500-211-7676,30027,0
e24ea55c-fdd9-9d16-03b6-598f21455e25,AN3D6FE522C000C,FXE PRIA Warehouse 500-211-2055,30027,0
0dfe2f7b-bcf0-1480-6478-97940b7145ae,AN3D6FE522C000A,FXE PRIA Warehouse 500-211-2053,30027,0
0668c761-1eaf-d5f8-f892-3d6b7ed8cd25,AN3D6FE522C000B,FXE PRIA Warehouse 500-211-2054,30027,0
2ac12be2-8c8d-b831-0d74-deee6f7b6f9f,AN3D6FE522C0009,FXE PRIA Warehouse 500-211-2052,30027,0
8d27a34e-742f-51fb-9526-cbe32fb5f914,AN3D6FE522C0008,FXE PRIA Warehouse 500-211-2051,30027,0
b42631ea-ce7c-2310-6f6d-0e209f460a6e,AN3D6FE522C0007,FXE PRIA Mechanic fax 609-689-6465,30027,0
d5f2e37d-caba-a5bb-95a9-4a955d75ef2f,AN3D6FE522C0006,FXE PRIA CSA fax 609-689-6493,30027,0
75b297a0-486a-57ae-9934-58144e27466e,AN3D6FE522C0005,FXE PRIA P-scan2 609-689-6488,30027,0
1fe97e5c-52aa-c410-577f-3f4dd257f0e8,AN3D6FE522C0004,FXE PRIA Dock sort desk 500-211-2050,30027,0
9896c3a9-4cfc-5b9c-115e-29254f660967,AN3D6FE522C0003,FXE PRIA Dock sort desk 2 609-689-6494,30027,0
b87a0f44-09ab-384d-2e18-caa3c73cf811,AN3D6FE52B30005,FXE ORDRT Warehouse 6 773-601-5878,30027,0
29ba5dd4-31c7-469f-ef94-c9a51c1c62d6,AN3D6FE52B30010,FXE ORDRT FAX 773-601-5858,30027,0
8e5bf2b9-33f7-ab60-ec91-9f04a25fd1c2,AN3D6FE52B30004,FXE ORDRT Warehouse 5 773-601-5928,30027,0
0c8309a1-f555-82d3-0ba1-7391c0acbe3a,AN3D6FE52B30003,FXE ORDRT Warehouse 773-601-5857,30027,0
55cd6863-0cb0-5213-de8b-0f542925d4a5,AN3D6FE52B30002,AN3D6FE52B30002,30027,0
f46245c8-5323-24e1-06f7-e952bb955f4a,AN3D6FE52B30000,FXE ORDRT Paging 5002127676,30027,0
91d90004-b753-529f-d0ec-fd63f6ea36a5,AN3D6FE52B3000C,FXE ORDRT FAX 773-601-5872,30027,0
16a4a251-d883-45c1-eea2-e74d27ed8515,AN3D6FE52B3000F,FXE ORDRT Night Bell 5002112072,30027,0
8fd15c6a-074d-d3bc-f312-78422d31b644,AN3D6FE52B3000B,FXE ORDRT FAX 773-601-5868,30027,0
e1dcf461-698e-657c-3845-9d704296f676,AN3D6FE52B3000A,FXE ORDRT Warehouse 11 773-601-5853,30027,0
a23a2c17-a950-0e75-524e-9d35573e0e4c,AN3D6FE52B30009,FXE ORDRT Warehouse 10 773-601-5909,30027,0
38ca8ec2-c460-db24-b121-e3a7dd51181d,AN3D6FE52B30008,FXE ORDRT Warehouse 9 773-601-5864,30027,0
a367be31-972c-828a-d0e3-b867109424d6,AN3D6FE52B30007,FXE ORDRT Warehouse 8 773-601-5861,30027,0
5416752d-d995-21a2-e98e-2b3b1e7cc69b,AN3D6FE52B3000E,FXE ORDRT Night Bell 5002112071,30027,0
277e8903-d6d3-0c3e-1eac-128244581fd9,AN3D6FE52B3000D,FXE ORDRT FAX 773-601-5859,30027,0
b30cc689-d4ec-38fc-1eeb-7dc7f49a8810,AN3D6FE52B30006,FXE ORDRT Warehouse 7 773-6015932,30027,0
fb44daaf-6840-cf77-88c1-ffdf6f03b541,AN3D6FE5826000B,ALBA Bell Shop 5182708570,30027,0
0ecec53e-5b88-d0f8-8eb7-1130b8c91a7f,AN3D6FE5826000C,ALBA Fax 518-270-8561,30027,0
a83b10e4-0f6e-b304-89d0-067bef0e57bb,AN3D6FE5826000D,ALBA FAX 5182708546,30027,0
6749344e-640b-a874-aeed-12bfe8d7b673,AN3D6FE5826000E,ALBA FAX 518-270-8593,30027,0
0a91247a-2f74-df08-ceae-052980721a90,AN3D6FE5826000F,ALBA FAX 518-270-7680,30027,0
0e9aaa0d-41ab-eae3-6592-22c7c760537f,AN3D6FE58260006,ALBA Break Room 5182708604,30027,0
bc98647f-bba0-b68d-3298-51fb4b942b94,AN3D6FE58260000,ALBA Door 26 5182708664,30027,0
c459aa95-0743-0c4c-3b16-97fcb7a0d842,AN3D6FE58260001,ALBA Door 28 5182708655,30027,0
1018925c-1e44-fdbe-af51-9d9d81533f3c,AN3D6FE58260003,ALBA Haz Area 5182708614,30027,0
0d7010a3-f8a9-f33e-c8f7-c5b3c1f6df62,AN3D6FE58260004,ALBA Break Room 5182708605,30027,0
67f8a4ea-342f-5cde-55df-0aec0b6429c2,AN3D6FE58260005,ALBA Lobby 5182708646,30027,0
4756f2a9-49af-4177-f388-ac15735657f8,AN3D6FE58260007,ALBA Vehicle Maintenance Shop 5182708570,30027,0
f051992c-918f-b157-845f-5bdd18ea0443,AN3D6FE58260008,ALBA NZ 5182708662,30027,0
68e2ce59-b850-0394-e000-34bd45e06f3e,AN3D6FE58260009,ALBA NZ -7 next to Door 27 5182708663,30027,0
6e6b6c4a-e396-0544-be17-27bc92d00923,AN3D6FE5826000A,ALBA Paging 5002117676,30027,0
fdd8843a-67a8-06c5-08c0-eb7724fe1845,AN3D6FE59928003,EUGA Dispatch Break Room 500-211-2051,30027,0
875123e8-5c2b-9d2d-fc32-effb9d795fa6,AN3D6FE59928001,EUGA Dispatch FAX 541-736-5346,30027,0
fe8d9f69-96e8-39e9-2f42-ee89a1f5be07,AN3D6FE59928004,EUGA 541-736-5315 FAX 0/0/4,30027,0
c470cbc6-9454-72ce-2488-3bd1ef696576,AN3D6FE59928000,EUGA Paging 500-211-7676,30027,0
42aa0bea-84f9-7d58-6e92-291cd524e33f,AN3D6FE59928002,EUGA Lobby Customer Access Phone 500-211-2050,30027,0
be1bde27-62eb-8956-bf60-0c34715ca2fe,AN3D6FE59CD0000,FXE CRWA Paging 500-211-7676,30027,0
1deead0f-23ff-daad-dbca-28207781ecae,AN3D6FE59D18001,FXE BGRA FAX 207-945-9815,30027,0
47990bb1-4de1-b106-14eb-e0ed7eda6cdd,AN3D6FE59DA8004,MDTA Break Room 500-211-2050,30027,0
7a7566e2-9169-afee-8a5c-7ce6838ce213,AN3D6FE59DA8005,MDTA Vehicle Maintenance Bell 717-930-8891,30027,0
39722163-7850-e6f2-3717-c11f81722125,AN3D6FE59DA8000,MDTA Paging 500-211-7676,30027,0
31564f6a-4576-af81-57e7-d71de5addf84,AN3D6FE59DA8002,MDTA Deck Captain Fax 717-930-8975,30027,0
9fe5c9b1-99a0-235f-37a0-cbaff862dc3a,AN3D6FE59DA8006,MDTA New Fax  Machnine 717-930-8971,30027,0
8a95ef79-1f84-8352-d231-393ecb0dd6ea,AN3D6FE59DA8003,MDTA Vehicle Maintenance Fax 717-930-8886,30027,0
c4a937ac-cf3f-1d8e-8feb-e4528e196e12,AN3D6FE59DF0004,RNOA FAX 775-321-5691,30027,0
9fb1e22f-50b9-2252-5c74-d43616a819c2,AN3D6FE59DF0002,FXE RNOA Bell 5002112071 - Working,30027,0
78cda063-547e-dd82-1171-05aac15c7bb5,AN3D6FE59DF0003,FXE RNOA Mechanics 775-321-5660,30027,0
843ff817-b632-b740-7e28-d9f4f74b28f7,AN3D6FE59DF0001,FXE RNOA Bell 5002112070,30027,0
7af79760-9d31-4fbb-403b-b8fecd67d4c7,AN3D6FE59DF0000,FXE RNOA Paging 500-211-7676,30027,0
d26c2091-c2ec-a6a3-ed65-1f24a5330aa2,AN3D6FE59E38000,GMVA Paging 500-211-7676,30027,0
c8bfc0a2-9b6c-1da6-2df7-c1341442b91e,AN3D6FE59E38009,GMVA WH 500-211-2055,30027,0
8fe38bf2-7b73-527c-f240-bf54ab5fbd01,AN3D6FE59E38001,GMVA Night Bell 500-211-3090,30027,0
9ae733d0-03c7-9ac7-32aa-7f0387e20754,AN3D6FE59E3800A,GMVA WH 500-211-2056,30027,0
16743442-52ef-2b27-f1e1-cb3cd18c3654,AN3D6FE59E3800B,GMVA WH 500-211-2057,30027,0
65a018db-35b3-e8e8-479f-0e313219355a,AN3D6FE59E38002,GMVA Mechanic Fax 201-828-9797,30027,0
041af588-f2be-f885-afef-f58737172bbb,AN3D6FE59E38003,GMVA Package Re-Attempt 201-828-9739,30027,0
0e38f64d-1a33-7a71-0c94-9c90cc56bc7f,AN3D6FE59E3800D,GMVA WH Wall 500-211-2059,30027,0
8652732d-b0d5-2780-7024-ae777906f000,AN3D6FE59E38004,GMVA Break Room Analog Phone 500-211-2050,30027,0
ff0c67e3-e8a6-053d-71c6-82a48040a24d,AN3D6FE59E3800C,GMVA WH 500-211-2058,30027,0
61488aa7-afd1-81f6-684c-b80a128c4bc8,AN3D6FE59E38011,GMVA Mechanic Bell 201-828-9769,30027,0
0d4cbbf3-bb31-a469-2911-2b17015e668c,AN3D6FE59E38010,GMVA-1 FB line 201-828-9704,30027,0
b907e4c5-0ecc-e44f-7091-57773f8472b0,AN3D6FE59E3800E,GMVA-1 FB line 201-828-9704,30027,0
c0b1cbc3-aed9-1067-e33e-a3c580e389cc,AN3D6FE59E38005,GMVA GMVA Office 500-211-2051,30027,0
91a88129-f103-ccfd-19f5-2cfde320711d,AN3D6FE59E38006,GMVA WH 500-211-2052,30027,0
53563289-f5d5-0291-23be-d10c27af848d,AN3D6FE59E38007,GMVA WH 500-211-2053,30027,0
6b48e6bf-0c39-811d-88b5-13c47ec52f46,AN3D6FE59E38008,GMVA WH 500-211-2054,30027,0
a115c364-b958-a61f-63be-a9b1545c5a16,AN3D6FE59F10009,FXE SWFA Warehouse 845-567-5285,30027,0
3d3ce803-b557-f937-7828-5823814299a3,AN3D6FE59F10008,SWFA Warehouse 845-567-5260,30027,0
ac46a36f-9cb8-0b29-685c-0696ccb44df3,AN3D6FE59F10007,SWFA Warehouse 845-567-5258,30027,0
d39646bd-1d20-8280-5045-e2240a41c715,AN3D6FE59F10006,SWFA Warehouse 845-567-5281,30027,0
559531e2-57d7-9fa9-f1e3-204abd927e61,AN3D6FE59F10005,FXE SWFA Warehouse 845-567-5280,30027,0
ab193d4f-2d81-1d2c-dc1c-0712e8af80cc,AN3D6FE59F10004,SWFA Break Room 845-567-5550,30027,0
5b55aaec-90e0-2f7a-c9d6-5cfb17e77fe5,AN3D6FE59F1000A,FXE SWFA Vehicle Maint 845-567-5578,30027,0
f882e68d-c81a-f32e-86db-a984b21c4863,AN3D6FE59F10003,FXE SWFA Warehouse 845-567-5266,30027,0
476dc654-4fd2-f0fa-07fa-f4bce97ed53d,AN3D6FE59F10001,SWFA Main FAX 845-567-5505,30027,0
e88901cf-b961-987a-22a7-fcfe8b32a020,AN3D6FE59F10002,SWFA FAX Line 845-567-5515,30027,0
05293366-0493-ef69-0115-270abadaa342,AN3D6FE59F1000B,FXE SWFA VM Bell 845-567-5574,30027,0
142eebd9-ad2e-452d-0706-e08919c6e41e,AN3D6FE59F1000C,FXE SWFA Hazmat 845-567-5259,30027,0
c6f43d1c-d923-7ca5-1b38-aaf0eb9bd631,AN3D6FE59F1000D,FXE SWFA Caretaker 845-567-5288,30027,0
0d3ee9cc-f822-ea2f-be3d-d17d23b72402,AN3D6FE59F1000E,FXE SWFA Warehouse 845-567-5286,30027,0
fc94c6ee-f1f6-991d-9031-8e9cf9044619,AN3D6FE59F10000,FXE SWFA Paging 5002117676,30027,0
4d54365c-2f0f-e748-4483-775a91662cd1,AN3D6FE59F58008,SCKA Break Room 209-983-4460,30027,0
4a6c525b-709f-3528-c65c-75d2af7c8513,AN3D6FE59F58009,SCKA Copy Room 209-983-4444,30027,0
cbb7109e-fd84-8ded-28cf-62635e0473cd,AN3D6FE59F5800A,SCKA Dispatch 209-983-4437,30027,0
96186ecc-af6b-abee-ec24-74c28a3e6daa,AN3D6FE59F5800B,SCKA Paging 500-211-7676,30027,0
30db6386-e057-ff1f-51b7-21514d2fbe35,AN3D6FE59F58003,SCKA Insertion 209-983-4486,30027,0
a363803a-9b4b-340c-0c2f-d463f9a05bec,AN3D6FE59F58005,SCKA Warehouse 209-983-4473,30027,0
536198eb-a696-7d26-8e7b-3c6bc7ab5018,AN3D6FE59F58001,SCKA Mechanic 209-983-4470,30027,0
67d0c02b-9c67-37bb-3b80-5242d9656040,AN3D6FE59F58006,SCKA Warehouse 209-983-4475,30027,0
558ad2c1-4f44-008e-499d-806a62b129be,AN3D6FE59F58002,SCKA Warehouse 209-983-4470,30027,0
f8c14f99-3619-47fa-8681-946f94e0dd91,AN3D6FE59F58007,SCKA Warehouse 209-983-4471,30027,0
7e5e3650-1ca9-0425-c159-a6b63bbd626e,AN3D6FE59FE8004,BTFA Warehouse 500-211-2050,30027,0
ef6d1d57-a2cf-ea5a-8a09-35c993247abd,AN3D6FE59FE8005,BTFA Warehouse 500-211-2051,30027,0
3ec3e947-b930-1c68-c562-0ab07f200b49,AN3D6FE59FE8006,BTFA Analog 801-887-4001,30027,0
55fac4c3-62c3-16c4-8e52-b8a54b39e0a1,AN3D6FE59FE8007,BTFA Breakroomn 500-211-2004,30027,0
a8a91598-3e89-7bbb-6265-65e2e4265510,AN3D6FE59FE8008,FXE BTFA FAX 801-908-2499,30027,0
22cd1862-2d7b-fd10-18b6-6d57ad27cd04,AN3D6FE59FE800A,BTFA FAX SHOP 801-887-4090,30027,0
10ae8069-9faf-90b5-41b5-5280b23569ec,AN3D6FE59FE8000,Paging BTFA Paging 500-211-7676,30027,0
4fe4b747-5c40-72e0-fefa-a3f6be2342b8,AN3D6FE59FE8001,BTFA Vehicle Mnt. Area 801-887-4044,30027,0
795976c8-076e-db8d-0964-0629201d93ab,AN3D6FE59FE8009,BTFA Warehouse 500-211-2052,30027,0
e592bb2b-d261-33f0-adf5-7a26588d8886,AN3D6FE59FE8002,BTFA Vehicle Mnt. Area 801-887-4044,30027,0
38808d8a-ca48-499f-3ad6-8c593eb198ef,AN3D6FE59FE8003,BTFA Vehicle Mnt. Area 801-887-4044,30027,0
2b5d1c1b-c09e-f0f4-3bcb-a2b2b68e8b7d,AN3D6FE5A198000,MKER Paging 5002117676,30027,0
e143c5de-e9e6-a390-a83a-d2afb784da84,AN3D6FE5A19800C,MKER Warehouse 2 500-211-2054,30027,0
e7d930a9-3446-4105-d199-ed18ca6c55b8,AN3D6FE5A198001,MKER Front Office Bell 5002112070,30027,0
4e35103f-8d04-9dd0-109b-843701e05add,AN3D6FE5A198002,MKER Door 18 500-211-2050,30027,0
0c3775d7-c642-42d3-f90c-66e4fa2f9e55,AN3D6FE5A198003,MKER Heavyweight Office Fax 4142945976,30027,0
ed727081-7842-ba94-ff0c-f81ba46d3a5e,AN3D6FE5A198004,MKER Postal Fax 4142945950,30027,0
89e7a968-57f4-cd10-267a-19a94b21845e,AN3D6FE5A198005,MKER Ram Agents Fax 4142945993,30027,0
12cd56e8-8e63-d6bf-7729-819628e581ea,AN3D6FE5A19800D,MKER Break Room 500-211-2004,30027,0
1ea5aa78-0aa6-3d27-c3e6-a9c0c32bb18e,AN3D6FE5A198006,MKER Recruitment Fax 4142945991,30027,0
b71d514e-1bcc-5336-34ce-463939b01005,AN3D6FE5A19800E,MKER ACMX Fax 414-294-5989,30027,0
97997ce1-a0c6-8274-afc9-0428e00e0558,AN3D6FE5A198007,MKER Door 34 500-211-2052,30027,0
59d831ca-0f40-f150-704d-fe54b7904432,AN3D6FE5A198008,MKER Warehouse 1 500-211-2055,30027,0
50e41cbc-663f-6311-4803-3b1746303f1a,AN3D6FE5A198009,MKER Trane Modem 4142945977,30027,0
3c866b11-f4bf-02bf-5a65-d50ebcb54121,AN3D6FE5A19800A,MKER VMX Office 4142945982,30027,0
85e686dc-0e33-ec1c-c50b-8d7ffebd2f65,AN3D6FE5A19800B,MKER Door 29 500-211-2053,30027,0
48811e1f-329e-a159-2f9f-52b1c4dac47b,AN3D6FEE3A50005,OMAA Warehouse A3 402-537-7261,30027,0
96a8e3ff-ac90-1a24-f341-fde56a2bef49,AN3D6FEE3A50006,OMAA Warehouse A4 402-537-7279,30027,0
27f273c5-19cb-3c0c-bf24-8ce0f49bb04b,AN3D6FEE3A50007,OMAA Warehouse A5 402-537-7283,30027,0
22c3a102-adea-e118-02b6-417b4a2f8868,AN3D6FEE3A50009,OMAA Warehouse A7 402-537-7282,30027,0
0c42d933-ab47-24e5-f4bd-cfccbc8c44d3,AN3D6FEE3A5000A,OMAA Break Room 402-537-7251,30027,0
78b827be-e645-653d-b556-7593a7d2e52e,AN3D6FEE3A50008,OMAA Warehouse A6 402-537-7281,30027,0
c4efe8ee-4d03-f3cb-8d6b-35c8936bd780,AN3D6FEE3A50000,OMAA Paging 500-211-7676,30027,0
c790537e-302c-4c32-cae3-728ca0c81c57,AN3D6FEE3A50002,OMAA Customer Courtesy 402-537-7269,30027,0
2abe0d24-f04b-469e-da61-0afef7673d55,AN3D6FEE3A50003,OMAA Warehouse A1 402-537-7266,30027,0
bcb0e535-d48f-d545-2cbf-bccea98fabb9,AN3D6FEE3A50004,OMAA Warehouse A2 402-537-7263,30027,0
8215ce90-ff3f-7c64-eb41-adb08e27bdf1,AN46D659F7E0006,NZJA Vehicle Maintenance Fax 949-788-8471,30027,0
64913e31-3938-ac82-deda-82189a168b1f,AN46D659F7E0000,NZJA Mid Belt 1 500-211-2050,30027,0
924a2555-2895-2a22-a98d-a314012a36ab,AN46D659F7E0008,NZJA Maintenance Bell 500-211-2071,30027,0
29577efa-5924-2486-b18a-357b4d8554cb,AN46D659F7E0004,NZJA Paging 500-211-7676,30027,0
0d2ecfed-b29e-c7a5-b530-b4ffe8abad9c,AN46D659F7E0005,NZJA Main Fax 949-788-8431,30027,0
26e3d239-12fc-e905-b677-049076025f78,AN46D65A5D20001,JFKR GSE Maintenance Bell 718-995-5370,30027,0
176b6561-1b43-0c76-3236-91d3e8dfeb78,AN46D65A5D20000,JFKR HTO truck Maintenance 718-995-3139,30027,0
451ea6b2-4530-f252-9428-2f0de205c221,AN46D65A8A68001,SFBA Paging,30027,0
655cb3d8-be54-9a83-744c-9768e91c3860,AN46D65A8A68003,FXE SFBA NightBell 500-211-2070,30027,0
e5fa104a-eaa2-aed7-016b-3c5e2c5c4d32,AN46D65A8AB000F,"""Warehouse A4, Left Wall, Check-in (NCQA)""",30027,0
d697d8e9-ff18-05c4-b1f6-a8a13cb682fd,AN46D65A8AB000E,"""Warehouse E8, Poles 78/79 (NCQA)""",30027,0
bc8718d3-f058-64b4-a66f-3789b59650ed,AN46D65A8AB000D,"""Warehouse A8, Poles 38/39 (NCQA)""",30027,0
32c0a9d0-7f53-dc5d-9733-ca22e66d806c,AN46D65A8AB000C,"""Warehouse E8, Poles 70/71 (NCQA)""",30027,0
4b31faf3-e0e6-0a67-d941-ef7698160cdd,AN46D65A8AB0000,NCQA Paging 500-211-7676,30027,0
fcdc1818-9003-69fc-f3c5-5158bca5c66f,AN46D65A8AB0001,Ringer Port( Configured For the Ringer),30027,0
86ec657e-c84b-7b93-2f9c-2c8fd23c186e,AN46D65A8AB0002,Fax line port,30027,0
81f85391-c846-7f00-a0a6-d7b0fd0564f9,AN46D65A8AB0003,"""Warehouse E8, Left Wall, Center (NCQA)""",30027,0
4ad06e49-2111-e4fd-626f-bcbc5696fa6a,AN46D65A8AB0004,"""Warehouse E8, Left Wall, Back Corner (NCQA)""",30027,0
a8536279-5de7-f267-86fc-8433789967ec,AN46D65A8AB000B,"""Warehouse A8, Poles 46/47 (NCQA)""",30027,0
a645cc48-d94c-3443-2e0b-037d1c363720,AN46D65A8AB0006,"""Warehouse A8, Right Wall, Back Corner (NCQA)""",30027,0
595f3193-074f-5b34-2e8c-9c47232cc82d,AN46D65A8AB0008,"""Warehouse A4, Right Wall, Spill Cleanup (NCQA)""",30027,0
82e1ad2c-c3ce-cf03-1159-6a806bc3acf0,AN46D65A8AB0007,"""Warehouse A8, Right Wall, Center (NCQA)""",30027,0
d76f0ded-9328-1bb3-3998-d6d1c7503075,AN46D65A8AB0009,"""Warehouse A4, Parking Spots 54/55 (NCQA)""",30027,0
2638d20e-099b-8cc1-0661-f73649803f08,AN46D65A8AB000A,"""Warehouse E4, Poles 62/63 (NCQA)""",30027,0
f77092f6-ddc6-1969-d19d-8ba069010fe9,AN46D65A8AB0010,770-956-3640 - Sr Manager FAX (NCQA),30027,0
b2403cdb-69f9-62c7-4227-49194da98e45,AN46D65A8B88005,INDRT Warehouse 317-821-4763 - Disconnected/Not in Service,30027,0
55ef5314-7ea1-fcef-8588-f91c12aa2454,AN46D65A8B88004,INDRT Warehouse 317-821-4754 - Disconnected/Not in Service,30027,0
4a4d9d8a-cce4-34dd-e1e0-4823849cc226,AN46D65A8B88003,INDRT Warehouse 317-821-4761 - Disconnected/Not in Service,30027,0
7cbc8887-c353-51cc-c75c-1a3926318d52,AN46D65A8B88017,INDRT Vehicle Maint Fax 317-821-2725,30027,0
6663b427-c189-8318-6b3f-fbd7a2eb204c,AN46D65A8B88016,INDRT Marsha Broadus fax 317-821-2726,30027,0
0a198503-cdaf-1e75-88f7-2ea12380b069,AN46D65A8B88015,INDRT Lisa Smith Fax 317-821-2824,30027,0
fe16f319-a3b4-c180-2a78-3bf633128819,AN46D65A8B88014,INDRT Shop Bell 317-821-2850,30027,0
5d6b281b-02f5-99a2-65be-85cd91d0cd5c,AN46D65A8B88013,INDRT 2nd Fl Dispatch Fax 317-821-2834,30027,0
e95ee0bc-24d4-6ef7-63bb-ce163ec81927,AN46D65A8B88012,INDRT Outside Front 317-821-2787,30027,0
1433cd7a-b286-deb6-5608-59d21fdaeb0f,AN46D65A8B88011,INDRT Fax 317-821-2873,30027,0
511041a5-8123-4c14-0fcd-2197a2444f81,AN46D65A8B88010,INDRT WSSA Fax 317-821-2796,30027,0
5fe22fd7-6214-dd34-a76f-8954c1f29393,AN46D65A8B8800F,INDRT Sr Manager Fax 317-821-2899,30027,0
ff9558c1-6df6-0812-7542-1336eabe3067,AN46D65A8B88002,INDRT Warehouse 317-821-4758 - Disconnected/Not in Service,30027,0
5d918316-89ff-f873-5db9-b3cea60c03e6,AN46D65A8B8800E,INDRT Admin Fax 317-821-2774,30027,0
a0659646-038d-39b6-d601-be3843f56b51,AN46D65A8B88000,Paging (INDRT) 500-211-7676,30027,0
d3048ae8-cddd-1b05-97b1-902bd1b64b48,AN46D65A8B8800D,INDRT Hallway Wall Phone 317-821-2747,30027,0
03591e4b-8b07-d46c-b04a-dd9d94e621f1,AN46D65A8B8800C,INDRT Couier Check In 317-821-2746,30027,0
b83f35be-f64b-1d90-9907-83355be9a066,AN46D65A8B8800B,INDRT Hall Wall by Rm 117 317-821-2732,30027,0
972697a5-b072-48ea-b431-6ace4b54b2d7,AN46D65A8B8800A,INDRT Break Room 317-821-2736,30027,0
389e7c7e-477a-3a9c-8895-da7d8eff2557,AN46D65A8B88009,INDRT Break Room 317-821-2737,30027,0
063d0af8-aa2a-5107-f355-f2d60c110f80,AN46D65A8B88008,INDRT Warehouse 317-821-4751 - Disconnected/Not in Service,30027,0
e263284f-b7e5-2c25-9ab5-24a2d775dbd2,AN46D65A8B88007,INDRT Warehouse 317-821-4752 - Disconnected/Not in Service,30027,0
78a6344c-c45a-8854-abf9-679568c114b1,AN46D65A8B88006,INDRT Warehouse Col C9 317-821-4756 - Disconnected/Not in Service,30027,0
e2ba5830-93c1-7585-39fd-9ae8a48e9295,AN46D65A8B88001,INDRT Warehouse 317-821-4759 - Disconnected/Not in Service,30027,0
e2c543fa-734f-515b-6081-8577f40db92e,AN46D65A8C60001,FAYA Loud Bell 500-211-2070,30027,0
b8a9e6dd-98a1-ad26-8650-8849f035e657,AN46D65A8C60000,FAYA Paging 500-211-7676,30027,0
387803e7-99ec-d226-9e44-a1d2d4334fb3,AN46D65A8C60002,FAYA Loud Bell 2 500-211-2071,30027,0
834f4669-2b89-c055-923c-6e4d2169b438,AN46D65A8CF000A,CLDA Belt Line 5 - 760-602-4767,30027,0
01600655-8e38-b0b8-91c4-3868780236ee,AN46D65A8CF000B,CLDA Top Side - 760-602-4768,30027,0
b48ce87a-247f-2307-3831-679b30a8e844,AN46D65A8CF000C,Sony Setup - 760-602-4769,30027,0
9dfb6451-20fd-b809-8ca3-a6152f6ac1a9,AN46D65A8CF0004,CLDA Dock 2 - 760-602-4761,30027,0
3bed1d13-8bce-fb88-77aa-041539251d1a,AN46D65A8CF0003,CLDA Dock 1 - 760-602-4760,30027,0
2cba0c24-a031-aade-aea2-2150db7cecfb,AN46D65A8CF0002,CLDA FAX 760-602-4756,30027,0
8b036cb1-3c53-37c5-dc7e-ac2d48e865c4,AN46D65A8CF0000,CLDA Paging 500-211-7676,30027,0
5f0a54f0-40b9-14b1-d947-1a534c6ea577,AN46D65A8CF0001,CLDA Loud Bell 760-602-4751,30027,0
c091f246-77fa-50b1-c0ed-d5181f8f4f40,AN46D65A8CF0005,CLDA Dock 3 - 760-602-4762,30027,0
38f81a67-f8af-3b1f-f253-fbc066bc5109,AN46D65A8CF0006,CLDA Belt Line 1 - 760-602-4763,30027,0
39bb58a5-629f-46a7-041e-ae6471c2c2bb,AN46D65A8CF000D,Break Room - 760-602-4770,30027,0
113e2118-4db2-41ec-0551-248fd8ddcad0,AN46D65A8CF000E,CLDA Shop 500-211-2001,30027,0
d714ea5b-b6f7-6a1c-c5e1-636cbe63eaba,AN46D65A8CF000F,CLDA Shop Wall 2 500-211-2002,30027,0
bd5b3542-594c-a4a7-645b-2a1ebf1964a2,AN46D65A8CF0007,CLDA Belt Line 2 - 760-602-4764,30027,0
1ede1dbf-4bb0-2e28-b905-35b20754292f,AN46D65A8CF0008,CLDA Belt Line 3 - 760-602-4765,30027,0
c6d2eac8-0c1f-2861-448a-a927dc99102e,AN46D65A8CF0009,CLDA Belt Line 4 - 760-602-4766,30027,0
09ea6e4e-abf2-ca51-a770-ad93e2dd6f7d,AN46D65A8D38002,EKAA Paging 5002117676,30027,0
10f4cfcd-2bca-53f1-d335-c91f14048008,AN46D65A8D38004,EKAA Night Bell 5002112070,30027,0
bd7bc4ce-350f-df0c-4bf0-f1f46121156b,AN46D65A8E10000,BTVA Loud Bell,30027,0
7787f961-87c8-5fc2-d6c1-daad57e35d41,AN46D65A8F78017,MMUA Mechanic Bell 500 211 2250,30027,0
be622753-0eed-1ee2-7300-b9bed055b6bc,AN46D65A8F78000,MMUA Pagning,30027,0
5c49a825-12d9-c6df-4f54-1d60b1e8b499,AN46D65A8F78016,MMUA Mechanic Bell 500 211 2250,30027,0
f7e8ef86-176a-eb6e-5d96-fb06ebd083c2,AN4E05872370003,,30027,0
46f81d7e-1659-7746-62b6-25041a1d0809,AN4E05872370000,,30027,0
5685e426-18ff-3279-6b93-7b84392ec761,AN4E05872370001,,30027,0
214f148c-245f-ac96-7874-4611144478d6,AN4E05872370005,,30027,0
15cc1964-9d23-3adf-18c4-66993d65b26d,AN4E05872370004,,30027,0
b1577a25-b5c6-1d72-4315-fa2f9cd3a46f,AN4E05872370002,,30027,0
44a476d1-6ab1-35d1-4f9d-3d853634f482,AN4E05872370009,,30027,0
f635c6a5-1abf-ba40-d19c-87491de41c27,AN4E05872370008,,30027,0
76b52563-861c-a0d1-ca64-717a83641d1e,AN4E0587237000A,,30027,0
2a939457-3414-1f25-1f25-b3dd4816fb71,AN4E05872370007,,30027,0
fdf0e92b-b715-eab2-13a9-d1ff1da40791,AN4E05872370017,,30027,0
da852d7f-f4f9-815c-193d-b8705d7bfee1,AN4E0587237000B,,30027,0
dbf78f38-77c0-0b14-8547-d96c7901524c,AN4E05872370006,,30027,0
422176a6-dba7-457e-a27b-ae6ad0e213cf,AN4E058726D0000,LAWA Paging 500-211-7676,30027,0
1ce87f7d-ea9e-ece6-3412-afdb4490452e,AN4E058727A8001,LRDA FAX 500-211-2070,30027,0
edc2316c-87e5-2b6e-d5d7-40e04c1e10df,AN4E058727A8000,LRDA Paging 500-211-7676,30027,0
63080506-02b4-7098-49ab-76bd02f67578,AN4E058727A8002,LRDA Ringer Bell 500-211-2055,30027,0
461ac472-a132-bb0c-81f4-1a0579d37f83,AN4E058727A8004,AN4E058727A8004,30027,0
f78ec158-a2cc-efa7-d6b4-05d53668c1f0,AN4E058727A8003,LRDA Gatekeeper warehouse Ringer 500-211-2063,30027,0
fe260637-542a-8c3c-3730-f2fed635579e,AN4E058729E8002,,30027,0
9f98958c-d01f-dcc5-2f5c-d5f69787b11a,AN4E058729E8001,,30027,0
79f02cf3-f8ad-9498-e60d-358079edb947,AN4F5243E080001,External Ringer Bell 724-772-0631,30027,0
42397959-6b5b-6ec2-9cba-676cfa6d9b1f,AN4F5243E080000,BFDA PAGING 5002117676,30027,0
b94feb29-c4ab-e2c0-d476-186b2f135aa3,AN6549AE8C60000,OTHA Paging 500-211-7676,30027,0
24ffb1f9-e9da-2e7c-b553-2dc9a8210985,AN6549AE8C60001,OTHA Loud Bell 500-211-2090,30027,0
08822262-7384-325a-80f5-d14083e3bee3,AN6549AE95A8001,DAYR Bell 500-211-2090,30027,0
d0e35853-6361-328b-4bab-87af50fb1649,AN6549AE95A8000,DAYR Paging 500-211-7676,30027,0
46bcdfb3-e156-cea8-2541-15846fbf2b85,AN776DC253A0017,MSOA2 Paging Code - 5002117676,30027,0
1b4067f7-8042-dc45-dead-ca89b534f9c1,AN776DC253A0000,MSOA2 Fax PVM - 406-303-3503,30027,0
1108df0a-ba09-ae5b-43a3-c2dea5d54e21,AN776DC253A0001,MSOA2 Fax - 406-303-3504,30027,0
f7c1cadc-338e-0f64-4d43-0ad0da4f1ba7,AN776DC253A0002,MSOA2 VMX Fax - 406-303-3505,30027,0
0e3b7f1b-1c77-0cc3-8190-e574fff64535,AN776DC253A0003,MSOA2 VMX Loud Bell - 406-303-3498,30027,0
f5c2481c-7d2c-d3c8-d972-2488a22e533b,AN8B9DBF2B00410,ATLR - Vehicle Mx Analog - 4042092793,30027,0
0a680364-bfae-a30b-c290-6dc999213e9d,AN8B9DBF2B00411,ATLR - Air freight sales - 4042092726,30027,0
05dd80a2-0070-3256-6bb9-9e0d945e74bb,AN8B9DBF2B00412,ATLR - AM Truck Desk - 4042092834,30027,0
0d8b5f52-d225-c390-9c61-217f89c12baa,AN8B9DBF2B00413,ATLR 404-209-2848,30027,0
ec9f0d69-f3b5-b47f-94be-9b8f87b648f8,AN8B9DBF2B00414,ATLR - Break Rm - 4042092872,30027,0
4704ed08-080e-dbee-4836-a9f6e354c05f,AN8B9DBF2B00415,ATLR - Service master  - 4042092890,30027,0
3c0b5988-89e2-9e2f-c487-7af37bedda4c,AN8B9DBF2B00416,ATLR - Rick Middleton - 4042092828,30027,0
ce835997-29ea-78a5-1044-fa6b6c979aea,AN8B9DBF2B00417,ATLR - Break Rm - 4042092759,30027,0
f4e585da-dbae-ab32-d35d-6ee4524aaee5,AN8B9DBF2B00418,ATLR - Break Rm - 4042092735,30027,0
07c36808-cdf8-37c0-46b0-9a6edeaafb34,AN8B9DBF2B0041A,ATLR - Heavyweight Office  - 4042092768,30027,0
79555702-61eb-d8d3-f503-c66ee6de4d32,AN8B9DBF2B00402,ATLR Frank Brogan Fax 4042092741,30027,0
03430c02-0ce3-c931-962a-4d1ddfb3a139,AN8B9DBF2B00400,500-211-7676 Paging (ATLR),30027,0
0bac59eb-5ec1-d66d-3349-395316db80fd,AN8B9DBF2B00403,ATLR - Aircraft Mngt Fax - 4042092763,30027,0
1266f923-101f-0363-ac23-05afd12e97a2,AN8B9DBF2B00401,500-211-7677 Paging-2 (ATLR),30027,0
60888591-762b-6238-8d34-7d2edc087e76,AN8B9DBF2B00404,ATLR - Facility MX Fax - 4042092815,30027,0
d0532a50-aba0-c828-bd87-c0cf6b4a93fc,AN8B9DBF2B00405,ATLR - Aircraft Store Line - 4042092845,30027,0
714d48a2-525a-00eb-62ef-661e5188968c,AN8B9DBF2B00406,ATLR - Kerry Mason Fax - 4042092886,30027,0
a91f61df-4e73-0b9f-f183-f23bcad095d1,AN8B9DBF2B00407,ATLR - Steve Luton Fax - 4042092894,30027,0
6c913b5c-919e-ffe7-0e97-fcc7a0e5b5e9,AN8B9DBF2B00408,ATLR - Expedite Office Fax - 4042092895,30027,0
999de5e3-0a0f-97fd-93fd-b91631290645,AN8B9DBF2B00409,ATLR - Keith Smith Sr Fax - 4043052910,30027,0
7c0c6832-eb24-bd07-cb49-03c5e2b6e6a0,AN8B9DBF2B0040A,ATLR - Engineering Fax - 4042092787,30027,0
1ae93fce-b36a-dbe1-34f4-fcb5c6d4bb1d,AN8B9DBF2B0040B,ATLR - Vehicle Mx Analog - 4042092707,30027,0
ddc62fd8-e9bd-fa84-8c14-9e5aadac1012,AN8B9DBF2B0040C,ATLR - Ramp Office fax - 4042092723,30027,0
8ba55293-920f-18ab-b820-992f5bd737d6,AN8B9DBF2B0040D,ATLR - Lois Burnett Fax - 4042092756,30027,0
64e7c6e5-f44b-2c13-95e9-82bc62d8a609,AN8B9DBF2B0040E,ATLR - Lisa Sims Fax - 4043052997,30027,0
e72013db-4c9e-8ad2-e859-901e55614528,AN8B9DBF2B0040F,ATLR - Vehicle Mx Analog - 4042092769,30027,0
d1346568-69ad-66ca-9184-cd0d6dd3ab7f,AN8B9DBF2C80403,MIA Homeland FAX 786-265-6820,30027,0
a02c734e-fdab-3377-547e-dca71d6a177c,AN8B9DBF2C80404,MIA Hallway Admin 500-211-2050,30027,0
57aaaeb1-0434-de38-13c4-72e85c3e5b20,AN8B9DBF2C80405,MIA Hallway Admin 500-211-2051,30027,0
f3da66ba-42a9-be26-430a-4e1b62543b7a,AN8B9DBF2C80406,MIA Security Gate Back 786-265-6632,30027,0
108042b9-d1c4-4a1b-6046-24c86732a3d9,AN8B9DBF2C8041A,FXE-MIAR 786-265-6745 Copy Rm 241A fax,30027,0
9c97056a-f7cf-404b-51af-87ec217b67da,AN8B9DBF2C80419,FXE-MIAR 786-265-6740 Copy Rm 241A fax,30027,0
13919a78-27e9-de7c-6020-1c53641cd06b,AN8B9DBF2C80402,MIA Vehicle Maintenance Bell 786-265-6509,30027,0
9a44c664-bd20-64be-1667-32a95b80d380,AN8B9DBF2C80401,MIA Feeder Ops 786-265-6610,30027,0
8bdd842d-dfec-b024-148e-34c9c4e11c25,AN8B9DBF2C80418,FXE-MIAR 786-265-6739 Copy Rm 226A fax,30027,0
29645e76-a884-8444-d9c8-ac9ccc7a4456,AN8B9DBF2C80417,FXE-MIAR 786-265-6738 Copy Rm 202 fax,30027,0
8b17805d-c6e3-118d-ce7b-0e14e61c8b50,AN8B9DBF2C80400,MIA Paging Zone 1 Warehouse 500-211-7670,30027,0
5afb8bdc-5f10-3994-4290-6db9c41e1d0d,AN8B9DBF2C8040D,MIA Security Lot Pedastool OUT 500-211-2032,30027,0
e5f243f8-9054-932f-be5e-dd0ac63e543a,AN8B9DBF2C8040E,MIA Back Gate Pedastool IN 500-211-2033,30027,0
3327c600-e24d-44fe-30c2-6168f204feca,AN8B9DBF2C8040F,MIA Vehicle Maintenance Bell 786-265-6509,30027,0
3e7e0554-769a-475a-ed78-30e3b32e7591,AN8B9DBF2C80407,MIA FTN FAX 786-265-6814,30027,0
122622a8-8857-82a0-51fe-dc4e493e1523,AN8B9DBF2C8040C,MIA Security Lot Pedastool IN 500-211-2031,30027,0
55df9e25-b3d7-f2bf-7c26-3e547f6c5e26,AN8B9DBF2C8040B,MIA Parking Lot Pedastool 500-211-2030,30027,0
01abbfe8-6a2f-6c07-98ff-b0e749639504,AN8B9DBF2C8040A,MIA Paging All Zones 5002117673,30027,0
bd78f2ef-5b27-d783-daf6-c135cf903461,AN8B9DBF2C80409,MIA Paging 2nd Floor Zone 3 500-211-7672,30027,0
be7013be-6868-cf13-3ffd-33f11557c0c6,AN8B9DBF2C80410,MIA Vehicle Maintenance Bell 786-265-6509,30027,0
d577cc12-1405-d6d0-d50c-535ccf814088,AN8B9DBF2C80411,MIA Building Sort Maintenance FAX 786-265-6627,30027,0
cb18f5a2-8660-6c83-127c-6cfdf00e61cd,AN8B9DBF2C80412,MIA Security Specialist 786-265-6805,30027,0
943ec0eb-d7ec-ca23-53ee-36cf7051dcd7,AN8B9DBF2C80413,FXE-MIAR 786-265-6734 IDA Fax,30027,0
b6f23750-8075-d1fb-00ff-70b3eb4074ab,AN8B9DBF2C80408,MIA Paging Ground Floor Zone 2 500-211-7671,30027,0
f3046fd6-7b5b-348a-508c-16c6b423f400,AN8B9DBF2C80416,FXE-MIAR 786-265-6737 Copy Rm 130A fax,30027,0
3f87ecfb-6882-9ca6-24d8-f3f44d513a19,AN8B9DBF2C80415,FXE-MIAR 786-265-6735 IDA Fax,30027,0
150ddd5e-b802-416f-fb27-f0e07b6e759c,AN8B9DBF2C80414,FXE-MIAR 786-265-6735 IDA Fax,30027,0
31e3ee55-7e0e-4278-6237-1a14498b4767,AN8B9DBFAE80404,LAXR Crew Room Fax 310-348-2178,30027,0
88f84d9b-adae-ce11-aef0-607d7abe41c4,AN8B9DBFAE80403,LAXR Shop ringer 1491 500-211-2071,30027,0
92d340c6-0a9d-cf50-883c-ba48d9c5a6b3,AN8B9DBFAE80402,LAXR GSE Router Modem 310-641-4712,30027,0
08a39221-bf98-166e-39c3-b20b410948fc,AN8B9DBFAE80401,LAXR  Guard Shack Shadow Ave 500-211-2031,30027,0
bdfd81b9-9634-eb6e-a588-5af45b9fac98,AN8B9DBFAE80400,LAXR East Gate Guard Shack 500-211-2030,30027,0
0b1b11d8-8121-42da-c74b-36078f5ebc94,AN8B9DBFAE80425,LAXR Loud bell 500-211-2070,30027,0
33c7cf75-5e21-d788-55a6-ea3fd4285dc2,AN8B9DBFAE80426,LAXR Radio 310-348-2252,30027,0
8ed87aaa-1bf3-8a21-d212-8272055535f6,AN8B9DBFAE80420,LAXR Container weigh Station 310-348-2022,30027,0
36ca8db9-8a5a-e4b3-5c30-0d7353ca8dfa,AN8B9DBFAE80427,LAXR Honeywell 310-348-2254,30027,0
9358b049-1d5c-3520-1653-0d1244b35eae,AN8B9DBFAE80435,GSE Shop Loud Bell (Klaxon),30027,0
c08ac830-45f6-d97c-9d94-6e445e5b5efa,AN8B9DBFAE80428,LAXR MODEM 310-348-2190,30027,0
9f260fae-ceb1-2c76-9241-da8a9a781d8c,AN8B9DBFAE80429,LAXR MMAILM 310-348-2199,30027,0
5ea3a8c7-ce54-7bd3-ce11-617d4c401802,AN8B9DBFAE8042A,LAXR MODEM 310-348-2213,30027,0
e1e02bd1-0018-e4dc-91cf-db69e10e58c1,AN8B9DBFAE80434,AN8B9DBFAE80434,30027,0
6059da23-62c7-91a1-d7ec-a3ba967d014c,AN8B9DBFAE8042B,LAXR INFO 310-348-2248,30027,0
2c1f6948-4bf2-1782-46cd-71447a405a4c,AN8B9DBFAE8042C,LAXR MODEM 310-348-2260,30027,0
88527706-3e8a-5b4c-c289-8a9357a78511,AN8B9DBFAE8042D,LAXR MODEM 310-348-2261,30027,0
5a76e7d5-d182-0f3a-e0df-49f8f909b322,AN8B9DBFAE8042E,LAXR Gate Call Box 500-211-2073,30027,0
f0e2e064-1f19-de83-85e6-0f1496ab0738,AN8B9DBFAE8042F,LAXR ACRFTW 310-348-2264,30027,0
2737da3f-d917-e2e4-7cad-7306ab1c5205,AN8B9DBFAE80430,FXE GSC Shop 500-211-2072,30027,0
62616a46-8b43-24a7-ecba-7aa4d8a34bd8,AN8B9DBFAE80431,LAXR GSE Fax Machine - 310-665-4855,30027,0
e4fc8f71-1ae4-656d-8d29-188a4aac7d43,AN8B9DBFAE80432,LAXR Uniserve 310-665-4814,30027,0
a0f5461b-96e7-3fe7-9cc4-e288cbf67979,AN8B9DBFAE80436,AN8B9DBFAE80436,30027,0
09b4122f-c6c2-257d-0004-f35355daddac,AN8B9DBFAE80433,LAXR Cross Dock,30027,0
e218c4b6-92b3-77bf-d907-8e37bbe71bff,AN8B9DBFAE80437,AN8B9DBFAE80437,30027,0
85d89c00-1ac9-ae63-e50a-987b5ea9f3ff,AN8B9DBFAE80438,LAXR Back Primary,30027,0
99f8e713-9d5e-2cab-8f4f-155ca74525ec,AN8B9DBFAE80439,LAXR East Belt DG 500-211-2088,30027,0
dbcf79b9-7e0c-4ed6-7984-75839a9cd3c0,AN8B9DBFAE8043A,LAXR Warehouse-1 5002112035,30027,0
0dbffd5a-f85f-74e9-cbff-5ae348696038,AN8B9DBFAE8043B,LAXR Warehouse 5002112036,30027,0
80fd7801-0ed6-485f-f4a5-ce4a9436e23c,AN8B9DBFAE8043C,LAXR Warehouse-3 5002112037,30027,0
cb0f090e-4f12-991d-bac1-7628ad39dd01,AN8B9DBFAE8043D,LAXR Warehouse-4 5002112038,30027,0
f6f6efd7-7beb-3701-5d12-f121a0929ab6,AN8B9DBFAE8043E,LAXR Warehouse-5 5002112039,30027,0
bcbaf204-0642-22bc-edda-f95474c2b07f,AN8B9DBFAE8041E,LAXR East Belt 310-348-2265,30027,0
637badae-b1df-2a4b-90be-125a8ce99a8c,AN8B9DBFAE8041F,LAXR East Belt 310-348-2265,30027,0
0afb5686-7f7e-c5d7-ee38-8729254fc61f,AN8B9DBFAE80424,LAXR Primary Sort Control 500-211-2060,30027,0
a5e87a5a-b5e1-2ef1-1a2a-db8b2bc82640,AN8B9DBFAE80423,LAXR Primary Sort 500-211-2059,30027,0
a71e1219-d5a9-1cd5-5d89-e3a7a18f5192,AN8B9DBFAE8041D,LAXR Sort Belt 3 S 500-211-2056,30027,0
1fe5cf0d-f377-522b-aeea-a62dc7e554d1,AN8B9DBFAE8041C,LAXR Sort Belt 1 N 500-211-2055,30027,0
bd723307-3f36-3c18-ce2b-6172b163b2eb,AN8B9DBFAE8041B,LAXR Sort Belt 2 N 500-211-2054,30027,0
29da6f3c-1948-d387-08c6-3841e122ff19,AN8B9DBFAE8041A,LAXR Sort Belt 4 N 500-211-2053,30027,0
20709f4c-6314-f3dd-7cf9-169acf48fa6a,AN8B9DBFAE80419,LAXR Sort Belt 6 N 500-211-2052,30027,0
9e2d1400-fcf0-7dad-06be-606a3466e903,AN8B9DBFAE80418,LAXR Sort Belt 5 N 500-211-2051,30027,0
102abc85-c52d-e6bc-322d-60b0dc3bf6f8,AN8B9DBFAE80417,LAXR Sort Belt 6 S 500-211-2050,30027,0
d3165f89-1597-8ab4-90dd-b3c94a8b1269,AN8B9DBFAE80416,LAXR Sort Belt 4 S 5002112048,30027,0
edc2b801-fab8-86cf-a74d-2cd7ae037103,AN8B9DBFAE80415,LAXR DG Desk 5002112047,30027,0
1580ec19-6b4c-39d9-775b-7c2524d7e770,AN8B9DBFAE80414,LAXR DG Desk 3106651001,30027,0
f3f3a174-aa51-2597-f86b-99281cdb08d8,AN8B9DBFAE80413,LAXR near south belt 5002112061,30027,0
bef59d33-9f5e-617f-2245-3f846067f9b2,AN8B9DBFAE80422,LAXR Rewrap 500-211-2058,30027,0
b0acc358-7de9-3daa-4903-ee78593d41cc,AN8B9DBFAE80412,LAXR Input Belt 5002112046,30027,0
f416e0de-cb34-fdbb-0e9b-201c433697a4,AN8B9DBFAE80421,LAXR Column weigh Station 500-211-2057,30027,0
eef2cb50-8e3a-cdb4-1557-39fb5d27534b,AN8B9DBFAE80411,LAXR Truck Load 5002112045,30027,0
5d4eb104-f017-d117-726e-cef7810542f0,AN8B9DBFAE80410,LAXR Secondary Sort 48 5002112044,30027,0
c14cc7d6-71a3-9d8a-79d3-c395e3f47414,AN8B9DBFAE8040F,LAXR Secondary Sort 41 5002112043,30027,0
91507d6e-108f-5bc9-1f25-fbe4e2cd3cfd,AN8B9DBFAE8040E,LAXR Secondary Sort 27 5002112042,30027,0
49016c79-3d47-64dc-ca05-b527f5d9c473,AN8B9DBFAE8040D,LAXR Secondary Sort 24 5002112041,30027,0
4362c899-656c-398a-122b-511d82cf6dce,AN8B9DBFAE8040C,LAXR Secondary Sort 1 5002112040,30027,0
2e025af1-ffed-574e-79a5-3828e57ccd75,AN8B9DBFAE8040B,LAXR Uniserve Fax 310-641-9253,30027,0
9769d3e5-3ec5-7036-7b56-46e2b73a570f,AN8B9DBFAE8040A,LAXR Break Room 500-211-2004,30027,0
f22c6532-1c15-adbc-f22a-2db747c34bee,AN8B9DBFAE80409,LAXR Security 310-348-2198,30027,0
289b522d-10e7-8a4b-09f3-075034935790,AN8B9DBFAE80408,LAXR Expediting Fax 310-348-2204,30027,0
172a2070-74a6-faf8-460b-9ee18affad8a,AN8B9DBFAE80407,LAXR File Storage Fax 310-665-4812,30027,0
cb4cbc1d-9395-dd2a-2821-d3b5d742626c,AN8B9DBFAE80406,LAXR Postage Machine 310-665-1097,30027,0
8647fd0c-038e-8206-b06e-9a2b56d81062,AN8B9DBFAE80405,LAXR Ramp Office Fax 310-641-9777,30027,0
4a82a221-8528-eee5-6d48-ef6bf9f2ff2c,AN8BCF1F5E18000,AN1DFC7286C8000 - Paging - 7676,30027,0
139f5f8c-3397-8348-7c07-9a4cb6bf673e,AN8BCF1F5E18001,AN1DFC7286C8001,30027,0
a1329079-8ff1-f94b-572a-2dfa309f1922,AN9D210DF280844,COSDC,30027,0
ef7e7175-b16d-2f35-27e7-dd88a5c29937,AN9D210DF280845,COSDC,30027,0
f2d72f14-f1f8-6480-c72d-5106e53de2dc,AN9D210DF280800,COSDC,30027,0
23020da7-c139-3c76-2f17-473f1a7d329e,AN9D210DF280801,COSDC,30027,0
84f5e4f2-45b1-fc87-4e09-fe7ef81bf07d,AN9D210DF280802,COSDC,30027,0
dcf48c70-6361-bd5e-0aff-718033a3c0bd,AN9D210DF280846,COSDC,30027,0
f4a06bdc-91c0-5323-330c-3d10f3c58783,AN9D210DF280803,COSDC,30027,0
84a8879d-b7ab-cd7e-2ab4-dcab3835e6f2,AN9D210DF280847,COSDC,30027,0
f52d4ccd-a697-9dc3-d230-eca084870d4c,AN9D210DF280804,,30027,0
7f074c16-a501-218d-4c68-6345418d5c8a,AN9D210DF280805,COSDC,30027,0
5f9b3c6d-dab2-654b-9243-be22389ce73d,AN9D210DF280806,COSDC,30027,0
a1639444-d20a-b54d-854d-31cf3db07afd,AN9D210DF280807,COSDC,30027,0
2c1724f1-76d8-403e-4f87-475c6ae2f706,AN9D210DF280808,,30027,0
e378e578-d780-d65a-5817-ac8fc45c6b01,AN9D210DF280809,,30027,0
ce269a4a-409f-bd8c-f94f-ec28f911ea57,AN9D210DF28080A,COSDC,30027,0
71f4975e-6834-ba0b-bd86-c6d45664d0e8,AN9D210DF28080B,COSDC,30027,0
8206cc43-883d-ca55-7121-b5c933219d56,AN9D210DF28080C,COSDC,30027,0
9a1db5ef-413f-c639-f97e-6bcfc7034528,AN9D210DF28080D,COSDC,30027,0
2618f471-56f5-5168-c8fe-47e8bdb0b281,AN9D210DF28080E,COSDC,30027,0
de3a2b71-5fd1-00c1-e625-01d8520bbdd1,AN9D210DF28080F,COSDC,30027,0
23c7e236-5015-0e96-0deb-486d7be7f2f6,AN9D210DF280810,COSDC,30027,0
02a1022c-9492-8a2d-ba14-949896c92754,AN9D210DF280811,COSDC,30027,0
fcae78d7-5aa0-bcc8-7978-85ffb62de83b,AN9D210DF280812,COSDC,30027,0
e98d9ad3-c373-c51d-2102-3ac84a3bde2d,AN9D210DF280813,,30027,0
b5ecda89-d52f-fb2e-0d6e-511aa7f42f71,AN9D210DF280814,COSDC,30027,0
28663042-dffb-a214-d742-8bab8955887b,AN9D210DF280815,,30027,0
610632df-4762-3336-985e-3c3e301e6953,AN9D210DF280816,,30027,0
fce42c06-4ed3-b300-c44b-6c2c76c7af21,AN9D210DF280817,COSDC,30027,0
8b78ea11-6311-a775-0596-5d93d320d404,AN9D210DF280818,COSDC,30027,0
c1933136-449c-b2f6-93b9-5a941786c530,AN9D210DF280819,COSDC,30027,0
93742dcb-d2db-fe7b-ed17-0eedaed15eb4,AN9D210DF28081A,COSDC,30027,0
6c2a8b96-6dec-1ac4-7037-e839ce6b2df3,AN9D210DF28081B,COSDC,30027,0
2856ac7b-6255-2eb2-cb5a-c8b02a3c3e3d,AN9D210DF28081C,COSDC,30027,0
e30b7974-30bd-3ca5-af8b-197f56ed1571,AN9D210DF28081D,COSDC,30027,0
0431af19-be91-d164-3308-b727a7d14e0d,AN9D210DF28081E,COSDC,30027,0
4165aaf9-1754-3104-dfad-1169fbfaac51,AN9D210DF28081F,COSDC,30027,0
aa956522-f3c1-078f-be33-5f70acb44b88,AN9D210DF280820,,30027,0
663f8503-3e2a-5f3e-c4dd-7f8d2798b3ff,AN9D210DF280821,COSDC,30027,0
38a2e416-5c77-34fa-2458-9789d873695a,AN9D210DF280822,COSDC,30027,0
0124b2c5-115c-ad47-9e0a-fdfdf709b31a,AN9D210DF280823,COSDC,30027,0
04aae576-7691-efda-9831-697f9ef3f002,AN9D210DF280824,COSDC,30027,0
d669c8eb-8be8-d139-2f94-96b21dd82dbe,AN9D210DF280825,COSDC,30027,0
3d45f84a-9337-128a-2f4e-3ddc6cef015d,AN9D210DF280826,COSDC,30027,0
36a8b9db-5ea8-0be0-c314-b353386f25aa,AN9D210DF280827,COSDC,30027,0
30211c46-bf7f-34a6-3b78-f63ce8cb4516,AN9D210DF280828,COSDC,30027,0
fac68639-1492-77cc-1e07-806caa7b77f3,AN9D210DF280829,COSDC,30027,0
acd02469-6a46-8b71-ec9c-f8a7da95236c,AN9D210DF28082A,COSDC,30027,0
125ed538-86f3-b297-d8a1-eecefd9e39ea,AN9D210DF28082B,,30027,0
8b41e3b9-4946-a893-a7f4-60c85e76d66c,AN9D210DF28082C,,30027,0
db40c178-acf4-5884-c3ef-09018c861b89,AN9D210DF28082D,,30027,0
02b71d71-8097-1895-3570-91266a069148,AN9D210DF28082E,COSDC,30027,0
ced5c888-fd6f-8890-1148-53d1d4d11826,AN9D210DF28082F,COSDC,30027,0
626bd2ea-a03b-31cc-5c94-6a3670e1cb86,AN9D210DF280830,COSDC,30027,0
f1ae18c9-76ff-e695-2943-5cadb182e452,AN9D210DF280831,COSDC,30027,0
1c234c33-f831-28e5-2985-5cada8e5a1a9,AN9D210DF280832,COSDC,30027,0
b625c2c3-636e-158c-53d9-6645fa3f5d9f,AN9D210DF280833,COSDC,30027,0
0f246ff2-fa5d-9f3f-562f-feda4445de9d,AN9D210DF280834,COSDC,30027,0
e80397ca-7477-0eaa-76f8-75ac0ec4f20b,AN9D210DF280835,COSDC,30027,0
2a032687-f228-e30b-a675-0b0898b4e7b2,AN9D210DF280836,COSDC,30027,0
bbfe32dd-f426-b714-d552-6e03aeae7bbe,AN9D210DF280837,,30027,0
03b2230e-cefe-fab2-bcc4-50c3be0e5de3,AN9D210DF280838,COSDC,30027,0
fa0e4918-8103-7cd6-c5cd-7acc0a10f171,AN9D210DF280839,COSDC,30027,0
7460b0c4-2daf-d591-35fa-1b1d6bd95443,AN9D210DF28083A,COSDC,30027,0
923a72c3-6c50-ffbd-f46a-fc8b8c34a222,AN9D210DF28083B,COSDC,30027,0
a901cbce-9d5f-af91-6c17-b76a25ad1bc4,AN9D210DF28083C,COSDC,30027,0
60395796-6597-d8f6-f2ca-e3bbb041708f,AN9D210DF28083D,,30027,0
a1aded4d-66c8-0d49-0e5b-31e45b228c36,AN9D210DF28083E,COSDC,30027,0
316a4019-2297-6bf9-bbf4-0ca1374ce2bf,AN9D210DF28083F,COSDC,30027,0
79122886-dd64-d60e-d14b-d8aeb8e98d8f,AN9D210DF280840,COSDC,30027,0
92a82b83-3482-155a-369b-15ac3ac2c1fc,AN9D210DF280841,,30027,0
9ea65f53-aac5-740d-ac79-46de38d1decd,AN9D210DF280842,COSDC,30027,0
31a8e5b8-5336-5f3a-329f-7021b7ddbb39,AN9D210DF280843,COSDC,30027,0
5761c702-0a0d-5b47-e01f-b188df84acab,AN9D210DF280430,COSDC,30027,0
8653f918-468d-a941-7566-a509871a886a,AN9D210DF28042F,COSDC,30027,0
0cdb3b43-3a3e-6e4b-43dc-109389604721,AN9D210DF28042E,,30027,0
982cce3c-7cd9-1cb9-ebb0-237abc2fdeba,AN9D210DF28042D,,30027,0
4f4605e3-d575-cfac-9cc3-30c39057db94,AN9D210DF28042C,COSDC,30027,0
838fcc23-6dbd-3703-d704-7ba4e5ad59ae,AN9D210DF28042B,COSDC,30027,0
6b660d6c-984b-e5ee-c242-6f9260144fd8,AN9D210DF28042A,COSDC,30027,0
8900c02c-f3ee-d08a-872a-2770d33dda62,AN9D210DF280429,COSDC,30027,0
4f26ae14-5221-dc2f-976b-60dc024b2c20,AN9D210DF280428,COSDC,30027,0
63aefa4f-11f8-dde7-492a-57b138f5d43e,AN9D210DF280427,COSDC,30027,0
11228c50-ff8e-9e53-2cf2-a363af5f555c,AN9D210DF280426,COSDC,30027,0
6ddd1a8b-01cc-01fd-1610-6e779c65b030,AN9D210DF280425,COSDC,30027,0
bec1280c-d89e-df21-430b-08c232e6c1f2,AN9D210DF280424,COSDC,30027,0
aa4bd3fd-ef2a-0252-9154-158f591e3f41,AN9D210DF280423,,30027,0
7b463c52-0110-ae53-6967-a6dc60ff74cf,AN9D210DF280422,COSDC,30027,0
130f3999-da99-4d2c-b6c5-cb5de8a6f4e1,AN9D210DF280421,COSDC,30027,0
5ea2f5cd-25cd-5028-788d-54e3a87eea24,AN9D210DF280420,COSDC,30027,0
fedbca95-259e-d2e0-0953-53720ea8270b,AN9D210DF28041F,COSDC,30027,0
92fb4c1c-3fae-14df-d5a3-6948bd543b93,AN9D210DF28041E,COSDC,30027,0
f0fa5f45-ba74-fd50-77ff-cf2fb3cad068,AN9D210DF28041D,COSDC,30027,0
38997d6a-8aec-15df-1fce-57c961c7768e,AN9D210DF28041C,COSDC,30027,0
213cd5cf-b481-7f8c-bf1a-b263a30a2f44,AN9D210DF28041B,COSDC,30027,0
395577d4-2fb0-246e-3a18-cc511da951b1,AN9D210DF28041A,COSDC,30027,0
b64d1be9-8fb5-378a-4782-6e6e795e5e1b,AN9D210DF280419,,30027,0
703f460c-add9-cb62-a677-729eeadd28dc,AN9D210DF280418,,30027,0
3cc14299-12f4-12d8-7622-122da7b80ae5,AN9D210DF280417,COSDC,30027,0
9911f9d9-7f19-c0b2-6a9c-913539bd74eb,AN9D210DF280416,COSDC,30027,0
0b29b217-0689-f849-e51d-3e47dd050034,AN9D210DF280415,COSDC,30027,0
058a68e0-7528-34f0-4777-44191a3c75aa,AN9D210DF280414,,30027,0
32059d7c-adc2-2805-a381-962cd2be1998,AN9D210DF280413,COSDC,30027,0
1e7655b0-745f-9a53-52d9-96fc1565e76e,AN9D210DF280412,,30027,0
0d882bdf-b013-1f3d-4785-37c11e2a7943,AN9D210DF280410,COSDC,30027,0
c66f9b01-a2ec-2b77-29be-d0c62eb36fe8,AN9D210DF28040F,,30027,0
111ee460-2128-67e1-6025-73795174b149,AN9D210DF28040E,COSDC,30027,0
3bf0cfcd-bdd9-6ff0-f427-3c8ac0fb5549,AN9D210DF28040D,COSDC,30027,0
c2c8b7b1-bb66-3ac1-69d9-338b61b67a46,AN9D210DF28040C,COSDC,30027,0
a05ff03b-b209-efb5-6fb5-c7443c4316fd,AN9D210DF28040B,,30027,0
482822ac-7644-12b4-d521-e86b45dd1e95,AN9D210DF28040A,COSDC,30027,0
e857fd62-227a-6e79-edad-a54d1982ee9b,AN9D210DF280409,COSDC,30027,0
fdeb5378-82c6-366d-4ff0-6683ed16ce59,AN9D210DF280408,COSDC,30027,0
bb3f8630-404e-b462-164f-640a385e3b4e,AN9D210DF280407,,30027,0
cfcf22ba-7c83-6ecd-4400-a76f3c13e1f7,AN9D210DF280406,,30027,0
cba5396f-6106-7b26-018f-ba2c2595ae81,AN9D210DF280405,,30027,0
9d00baac-6c4b-9895-cee3-8ca326b8e698,AN9D210DF280404,COSDC,30027,0
5f00f6f3-5687-69af-9d13-5fefad4b774d,AN9D210DF280403,COSDC,30027,0
c5a50fc1-fd6f-81ce-c9fa-54d55938e4c7,AN9D210DF280402,COSDC,30027,0
c7ec89bd-5790-a48d-c6f5-72daf3926421,AN9D210DF280400,COSDC,30027,0
4a4e8db2-76f0-772d-2f80-700e4c7cec3f,AN9D210DF280401,COSDC,30027,0
aa0e30f6-4a01-0201-c2c5-0d6fc1f06ed9,AN9D210DF280411,COSDC,30027,0
b8febeaf-65ca-9250-6917-db0c2ec81f82,AN9D210DF280447,COSDC,30027,0
f9e0e95e-1b27-57ad-4ba3-c730cb4242ee,AN9D210DF280446,,30027,0
be275656-afb4-ad2f-04fa-b7d9991fc85e,AN9D210DF280445,,30027,0
f0b16059-26cf-5b9c-8c4c-19c175ef9805,AN9D210DF280444,,30027,0
ffd42eb4-7412-ed9c-7784-e87b19f8b5f7,AN9D210DF280443,,30027,0
29d12ef8-a4d4-5a03-bbae-fe166ae03738,AN9D210DF280442,COSDC,30027,0
3edaf7c6-e909-93c0-919c-78dce9880b88,AN9D210DF280441,COSDC,30027,0
03c208d8-ada1-de9a-f468-763878592ca5,AN9D210DF280440,COSDC,30027,0
c69b9111-4e96-27f4-9bfa-8a97d9bb41b5,AN9D210DF28043F,COSDC,30027,0
3ab2a568-4c48-5986-254f-50fe4a5aa0e5,AN9D210DF28043E,COSDC,30027,0
73315d4d-7be4-0bf3-acaf-287ead3d0388,AN9D210DF28043D,,30027,0
fc512e0b-16f2-8015-eb92-bdcc24e9185a,AN9D210DF28043C,COSDC,30027,0
2c8887e1-b267-98e2-43d0-81e59f353159,AN9D210DF28043B,COSDC,30027,0
5fc2aef0-a8a8-873b-d851-2b10c5086c11,AN9D210DF28043A,,30027,0
149948f8-cb17-a01a-bb02-f6fa5b7aa136,AN9D210DF280438,COSDC,30027,0
30265e4b-a124-493a-231f-c69d5c3ada85,AN9D210DF280437,COSDC,30027,0
596db48e-b416-7803-ac4b-49f342daa46f,AN9D210DF280436,COSDC,30027,0
f38ee3ba-1d86-a51d-33c3-dce852fda32a,AN9D210DF280435,COSDC,30027,0
1855a1af-a477-76a4-d4ec-292dfa020c60,AN9D210DF280434,,30027,0
0df06e4b-dce1-b710-0d4c-c6a9d0f06fd1,AN9D210DF280433,COSDC,30027,0
ed88efdc-6e6c-8a9f-8cc7-b2eb083f06a1,AN9D210DF280432,COSDC,30027,0
666f488f-23cc-c0d5-8a59-26b726cfca75,AN9D210DF280431,COSDC,30027,0
bc224782-5745-14a0-0d50-80f1afb1befe,AN9D212B0E80432,COSDC,30027,0
6b93e06e-0877-cf6b-d221-302bb9cd806d,AN9D212B0E80433,COSDC,30027,0
bcd01070-f54e-439d-0198-05c5c943976b,AN9D212B0E80434,COSDC,30027,0
cc25190b-4eb2-62ca-73ca-09cad5954e46,AN9D212B0E80438,COSDC,30027,0
53b43c8b-2fd6-d403-6a12-cd1b04bf9c56,AN9D212B0E80435,,30027,0
0597654d-fa3c-a2e7-4951-f8f3cb70bad8,AN9D212B0E80436,COSDC,30027,0
0630dbf9-bf22-631d-6ccc-7b2d03ce997a,AN9D212B0E80437,COSDC,30027,0
080d3d84-f80b-0ced-7f26-1d178f6b0ccd,AN9D212B0E80439,COSDC,30027,0
59421a94-b486-9ba7-0b5a-3865b0222a3d,AN9D212B0E8043A,COSDC,30027,0
e80c59a3-08f5-8a03-0e7e-c2a72cf212bf,AN9D212B0E8043B,COSDC,30027,0
02578086-6ab8-efd1-4b34-19a1a34fb8ca,AN9D212B0E8043C,COSDC,30027,0
43c326f8-76c5-aee6-190c-b7c8814e12ab,AN9D212B0E8043D,COSDC,30027,0
852340ec-51fa-fd29-da55-0b91492dd3a7,AN9D212B0E80430,COSDC,30027,0
0b6b1d11-c6db-3a81-174e-8afa18e0f7bd,AN9D212B0E8043E,COSDC,30027,0
b00ddbe4-77c3-9113-e8a6-37ceff53cc60,AN9D212B0E8043F,COSDC,30027,0
fabc9a92-a47f-e465-b415-3b7aae4c3c8f,AN9D212B0E8042F,COSDC,30027,0
1b340720-a4ac-7e78-f7aa-026651578f31,AN9D212B0E8042E,COSDC,30027,0
c8aba25d-0455-1a72-6473-bc20cbdfb6cb,AN9D212B0E80400,COSDC,30027,0
2b62e6e6-aaee-27ca-a01d-17b537738524,AN9D212B0E80401,COSDC,30027,0
6cb9393c-a67b-9f21-6b42-a0d010512f2f,AN9D212B0E80402,COSDC,30027,0
5ee69170-42c3-b04d-dea1-2089757501be,AN9D212B0E80404,,30027,0
d488059c-c4e2-f94d-c756-c13e27f00be4,AN9D212B0E80405,COSDC,30027,0
ec14551c-a353-7217-f6b3-65d3b1ba2ebf,AN9D212B0E80406,COSDC,30027,0
06d59656-80e1-ed4f-672b-8cdaf1472f3b,AN9D212B0E8042D,COSDC,30027,0
7bed961d-c3cd-15dc-d54a-ee01df833124,AN9D212B0E80407,COSDC,30027,0
8c8b1d86-3e4b-da73-899d-d0c5d1f54eee,AN9D212B0E80408,COSDC,30027,0
e1b14f0d-495a-2389-64be-f7201ceac5d2,AN9D212B0E80409,COSDC,30027,0
7b230f17-39d1-89a6-af7c-c82844c05c8e,AN9D212B0E80440,COSDC,30027,0
526738df-8374-aec9-3b01-f0ec687ef184,AN9D212B0E80442,COSDC,30027,0
29ae27ba-8117-0d10-5300-d67abcf61079,AN9D212B0E80443,COSDC,30027,0
1c301202-7d48-d7d7-2a36-a5fdfba54f20,AN9D212B0E80444,COSDC,30027,0
9bae868b-fa64-27e7-2390-44a3d98fb9a6,AN9D212B0E80445,COSDC,30027,0
74a5ae31-f732-67a1-b859-9765c5159304,AN9D212B0E80446,COSDC,30027,0
b05c5786-cf5b-bc12-0d5a-5095f44a0f09,AN9D212B0E80447,COSDC,30027,0
74c18db1-d2e9-7218-8ecd-1165d1f27a52,AN9D212B0E8040A,COSDC,30027,0
4a74f01a-468b-cecf-341d-130d5491662e,AN9D212B0E8040B,COSDC,30027,0
9dcc6ce4-a3f1-f395-e33c-e5438380f317,AN9D212B0E8040C,COSDC,30027,0
0abf3654-b1a1-3fb7-9ed3-554a1025ad47,AN9D212B0E8040D,COSDC,30027,0
cea9b5c3-312e-6fcf-91a6-4db56178cd78,AN9D212B0E8040E,COSDC,30027,0
03618907-0ee2-1913-9033-5b09d513afc5,AN9D212B0E8082F,COSDC,30027,0
bed20782-5b3b-ccff-4e9e-88d21dac95b4,AN9D212B0E8082E,COSDC,30027,0
012c939b-0a82-57f7-746b-42b1c2a12c43,AN9D212B0E8082D,COSDC,30027,0
a425532d-4ff3-0660-11be-3538d1db0b43,AN9D212B0E8082C,COSDC,30027,0
0f6898a2-a326-705f-c548-301f1eeb6965,AN9D212B0E8082B,COSDC,30027,0
c7329502-cacb-38fa-cdc9-01a5ec47cc7a,AN9D212B0E8082A,COSDC,30027,0
c815438f-3086-b951-7334-f327c02d3fb7,AN9D212B0E80829,COSDC,30027,0
12546f90-424e-357c-6b07-37a9d92a97d1,AN9D212B0E80828,COSDC,30027,0
210fef43-2ff7-d9ff-c0bf-9d2243ff7b97,AN9D212B0E80827,COSDC,30027,0
347f8f27-e0ab-de47-d3c5-7342825224c2,AN9D212B0E80826,COSDC,30027,0
72b55a2a-b082-eccb-83cb-0c652c966350,AN9D212B0E8080B,COSDC,30027,0
1aab0b37-1df1-a04c-5853-0e599020e37f,AN9D212B0E8042C,COSDC,30027,0
b813445e-e668-20fc-b25a-d30fb8f4f76c,AN9D212B0E8080C,COSDC,30027,0
ee8d67de-d4a8-cae9-39e1-b15dda0248ea,AN9D212B0E8080D,COSDC,30027,0
7099dbff-3c77-715c-a04c-1944a0176ab1,AN9D212B0E8080E,COSDC,30027,0
116b962f-3519-84e5-ce9b-0db344002e50,AN9D212B0E8080F,COSDC,30027,0
cf45078f-87f9-b5ef-801c-4133042c8619,AN9D212B0E80810,COSDC,30027,0
f55ebe5a-7420-9c2d-cfa7-8dbeb5b33958,AN9D212B0E80811,COSDC,30027,0
9e3d6a5f-bde1-fc0d-1dbe-c0397bc45afa,AN9D212B0E80812,COSDC,30027,0
24ccd4cc-477d-e127-65d9-6b5100eb1640,AN9D212B0E80813,COSDC,30027,0
102ceb9d-26d6-82cc-c132-19cca1ddced2,AN9D212B0E80814,COSDC,30027,0
a48b79c8-3ebc-f1c0-e9b4-2cd15bdc0f40,AN9D212B0E80815,COSDC,30027,0
70404452-2388-6cbb-e924-3e327daa8510,AN9D212B0E80816,COSDC,30027,0
1a9cbecc-9aee-91f4-de8b-c423047d8d2d,AN9D212B0E80817,COSDC,30027,0
aff202b6-267d-0b44-6dd0-dbaa949a1f7a,AN9D212B0E80818,COSDC,30027,0
a110e2e4-2d1d-7d63-f867-0de819044d1a,AN9D212B0E80819,COSDC,30027,0
8220f060-6b0c-5dce-e491-2a3040ec2158,AN9D212B0E8081A,COSDC,30027,0
268546fa-c01b-c8c8-f93e-e9fc2fda2042,AN9D212B0E80431,COSDC,30027,0
7d7645ce-e46e-e871-a8f2-a79133b9fc7b,AN9D212B0E8081B,COSDC,30027,0
13444e83-3e99-1974-8f10-12e33a6cbce2,AN9D212B0E8083F,COSDC,30027,0
ab1c8489-f15e-45cd-3515-962eb4936599,AN9D212B0E8081C,COSDC,30027,0
d72e210d-4b3c-4222-106f-586264d57bfe,AN9D212B0E8042B,COSDC,30027,0
7ad827d6-df2f-3181-ca23-6c6afcfc502b,AN9D212B0E8042A,COSDC,30027,0
98d6acac-15dc-7039-062b-59dd076f48ff,AN9D212B0E80429,COSDC,30027,0
28c2c77b-f0c1-c993-c754-921b9232a146,AN9D212B0E80428,COSDC,30027,0
7875039f-32bd-46ac-66f7-1ae28d14fedf,AN9D212B0E80427,COSDC,30027,0
5c1520b7-02eb-dca9-f0fd-4a6b81ff8f5b,AN9D212B0E80426,COSDC,30027,0
cd59042b-4a29-b3ba-f216-299c6de6f545,AN9D212B0E80425,COSDC,30027,0
c4ac960c-4da1-798b-1a80-2604356a5792,AN9D212B0E80424,COSDC,30027,0
c7a31538-bb0f-ce5b-c978-f76c64919cad,AN9D212B0E80423,COSDC,30027,0
a17dc205-820e-7958-0127-94542edb0484,AN9D212B0E80422,,30027,0
97aba78b-4872-450e-94dd-06c8818f4356,AN9D212B0E80421,COSDC,30027,0
26a9b29e-d32c-e897-7886-2cf05e44b569,AN9D212B0E80420,COSDC,30027,0
a02292d1-f13a-b822-9c4e-be482b4cf23c,AN9D212B0E8041F,COSDC,30027,0
5fb94889-b96a-3127-e5b1-4abeb5f9cd41,AN9D212B0E8041E,COSDC,30027,0
9ef6d4d9-a3eb-bc6c-c960-76cf919a4cef,AN9D212B0E8041D,COSDC,30027,0
f5986d09-1e82-b630-9704-ed91d8ce3a10,AN9D212B0E8041C,COSDC,30027,0
8f4177fd-e343-20f7-aabd-e6dfac7cd6f1,AN9D212B0E8041B,COSDC,30027,0
179768d6-c0e0-355e-2f35-b68c9f184812,AN9D212B0E8041A,COSDC,30027,0
3fcd2bd3-3f33-7841-ba30-07f4e5dbe7f9,AN9D212B0E80419,COSDC,30027,0
1c3a0e01-12b9-1cf0-71f2-9f30de375209,AN9D212B0E80418,COSDC,30027,0
3d2f7489-e9bb-e789-890e-2f10e8eb882f,AN9D212B0E80417,COSDC,30027,0
7d980f3e-51af-a36d-5ebe-5b88457d5604,AN9D212B0E80416,COSDC,30027,0
0b593e82-7272-0a46-58c2-97e9ff8d7b27,AN9D212B0E80414,COSDC,30027,0
19a38637-89c9-31d6-078a-970a913c8005,AN9D212B0E80413,COSDC,30027,0
8f5304fb-521f-f677-39f8-7a86a18224f5,AN9D212B0E80412,COSDC,30027,0
df7ef9ca-c289-1ed6-df38-0b71c12286b4,AN9D212B0E80411,COSDC,30027,0
fddcace5-453c-ee5d-1388-6c74f2a358d1,AN9D212B0E8081D,COSDC,30027,0
eb0ed9f6-ba19-6b3d-fb74-24bc146cde7b,AN9D212B0E8081E,COSDC,30027,0
ede73c2c-241b-b8ac-360e-e2e0eef0e673,AN9D212B0E8081F,COSDC,30027,0
5edec379-cfe7-2d00-95d1-e2c6eb68fcda,AN9D212B0E80821,COSDC,30027,0
4e8aeeae-95c9-c67e-c0f2-00e3d0cc12fd,AN9D212B0E80822,COSDC,30027,0
52675292-c565-311c-307a-3d99f6aafd46,AN9D212B0E80823,COSDC,30027,0
546ffb8e-aaf6-f7b8-8a65-23ebd727babc,AN9D212B0E80824,COSDC,30027,0
85139dbd-e77d-0d8c-17da-421a30de7c03,AN9D212B0E80825,COSDC,30027,0
41628444-e6e0-a526-0ac9-093f5ba56b23,AN9D212B0E80830,COSDC,30027,0
d3b50faa-cd72-12f4-8c9a-24003ad62f29,AN9D212B0E80831,,30027,0
a7c62380-5aa7-bdf7-d500-e0750bdc671a,AN9D212B0E80832,,30027,0
1cbe25d2-0e31-af30-4ea1-b694329d227b,AN9D212B0E80833,,30027,0
63efae87-ad46-4ea5-41e3-4f167f101972,AN9D212B0E80834,,30027,0
7ff67e93-01db-f511-39a2-9dfebe8341ca,AN9D212B0E80800,COSDC,30027,0
3e81198f-0e3a-0907-5826-cc5560eebe18,AN9D212B0E80801,COSDC,30027,0
17970ddb-be88-897e-ed2d-9a6c99b2c781,AN9D212B0E80802,COSDC,30027,0
f3cf3770-6b09-a0ce-92b3-94d49453275f,AN9D212B0E80803,COSDC,30027,0
877d2046-f3b7-4825-f40c-a5a488b2d869,AN9D212B0E80804,COSDC,30027,0
d4c9be55-fe4f-4c7a-db05-a25506b50f1d,AN9D212B0E80805,COSDC,30027,0
87e04a39-78d7-fdf5-eab5-2dfd42dffc8b,AN9D212B0E80806,COSDC,30027,0
45f6833e-1b29-b08d-c579-2bf49e73051d,AN9D212B0E80807,COSDC,30027,0
1be3f024-aa1a-24ae-5af9-c122ec2b53dd,AN9D212B0E80808,COSDC,30027,0
4e4d335d-e8ff-7654-048e-ad2a635c2219,AN9D212B0E80809,COSDC,30027,0
587aeacb-b67a-9694-53c6-fbad3c9c5728,AN9D212B0E80835,COSDC,30027,0
59f17bcc-4974-28cf-8ab8-800ba3bae6ce,AN9D212B0E80836,COSDC,30027,0
8aaebd73-6460-f878-d6b0-f54281163a50,AN9D212B0E80837,COSDC,30027,0
87c2f4f7-4f3b-4ec6-ce86-ab5bdf6d4bfd,AN9D212B0E80838,COSDC,30027,0
ab31e2d3-53ec-088a-8335-d28dac9c460c,AN9D212B0E8040F,COSDC,30027,0
a30ebf81-9e24-29e2-0073-7912ec94b8ba,AN9D212B0E80839,COSDC,30027,0
029ddbd6-44fd-46b9-cbb1-1163bc480be4,AN9D212B0E8083A,COSDC,30027,0
769e34c2-f618-6689-f62e-73846b2230be,AN9D212B0E8083B,COSDC,30027,0
e491a783-d089-b013-893b-b244d702caaf,AN9D212B0E8083C,COSDC,30027,0
0fa5e099-c017-154a-b7aa-7e8124070cbb,AN9D212B0E8083D,COSDC,30027,0
60532cc8-4650-372b-e13e-6b78d5504501,AN9D212B0E80410,COSDC,30027,0
8692bea4-8289-c0e4-5d63-2d54583d6249,AN9D212B0E8083E,COSDC,30027,0
e2bb657c-491b-aabc-71ed-7e511336ed0a,AN9D212B0E80843,COSDC,30027,0
f8ed5fcc-3f87-42ee-cb95-a28d2db382df,AN9D212B0E80842,COSDC,30027,0
93915845-82de-b20b-701a-a7fea5a1b1c7,AN9D212B0E80841,,30027,0
31a7034f-621d-d598-5eac-c8be003d3e32,AN9D212B0E8080A,COSDC,30027,0
95e74649-89a7-77c3-bde4-db6db6637c8e,AN9D212B0E80840,COSDC,30027,0
5e6fdaae-2852-48ef-397d-3a71b1eb8763,ANA38E37C29000D,GSPA Drivers 10 8642362278,30027,0
e430727a-e837-a64f-362f-b30f20f2e977,ANA38E37C290000,GSPA Front Area 8642362230,30027,0
b73c1fbd-25be-fdbb-f627-32a832459233,ANA38E37C290011,GSPA Drivers 14 8642362284,30027,0
ae4f58e7-4cad-e449-f242-bcae0d86343a,ANA38E37C290009,GSPA Drivers 6 8642362267,30027,0
65d43229-1317-59cf-f002-df2be265ea9a,ANA38E37C290010,GSPA Drivers 13 8642362282,30027,0
5893eeca-3572-5f9d-3f68-78d8940978da,ANA38E37C290006,GSPA Drivers 3 8642362263,30027,0
fdd90a89-2981-d42e-5a50-01be54fd58fe,ANA38E37C290005,GSPA Drivers 2 8642362262,30027,0
dd6a9205-5180-3f57-bf07-2af5c3b1446c,ANA38E37C290004,GSPA Drivers 1 8642362261,30027,0
33bea37d-f513-6a9a-1ceb-0f02b46d95bf,ANA38E37C290003,GSPA CSA 8642362260,30027,0
2751e0c5-2796-97e9-c170-8ed5f64c541d,ANA38E37C290007,GSPA Drivers 4 8642362264,30027,0
b26d7733-55aa-807a-1d01-a8fa0809d636,ANA38E37C290001,GSPA Fax 8642362246,30027,0
58d384d2-5576-1424-9cdf-a34c5735ddb8,ANA38E37C29000E,GSPA Drivers 11 8642362279,30027,0
94c2b71f-d19f-7fe5-5fa3-40d2805bf7c9,ANA38E37C29000A,GSPA Drivers 7 8642362269,30027,0
8b9a1f2f-102f-d70b-99a8-02bff6e33041,ANA38E37C290008,GSPA Drivers 5 8642362265,30027,0
b9a9a68d-3f8d-77a7-2130-d65edf3ca1e4,ANA38E37C29000B,GSPA Drivers 8 8642362276,30027,0
bdc84a00-ada1-b069-92df-f37beb35935c,ANA38E37C29000C,GSPA Drivers 9 8642362277,30027,0
3b77b508-aab6-91bd-569b-92bdcbe5989c,ANA38E37C290002,GSPA Safety 8642362251,30027,0
b0eb69f9-cddf-f704-3888-962b4ce26f2e,ANA38E37C29000F,GSPA Drivers 12 8642362280,30027,0
084d643d-b967-47bf-d5d7-d89b705ccef7,ANA38E37C290013,GSPA Mech Bell 8642362285,30027,0
06910cb9-50b6-f718-8c44-f355992424b4,ANA38E37C290012,GSPA Paging 5002117676,30027,0
0d488d0f-1f5a-4b1f-c39a-594689524795,ANA38E37D178005,CLER International Desk 2163628461,30027,0
9b3dc1ab-38a6-1289-76c2-b13c41cfeafc,ANA38E37D178006,CLER Managers Fax 2163628276,30027,0
793130fd-165a-32dc-8d6f-cb90a1bed338,ANA38E37D178007,CLER Ramp Fax 2163628150,30027,0
72e4a199-2b96-5a3b-5640-3d9a28404495,ANA38E37D178008,CLER Break Room 2163628347,30027,0
07cf39ef-ef27-f1c2-4fd7-4830c400762a,ANA38E37D178009,CLER International Desk 2163628578,30027,0
b94bf229-de17-6b3d-c5b5-88260c3b7e1b,ANA38E37D178000,CLER Paging 5002117676,30027,0
c9797163-2b25-b25d-9bed-9401de571a64,ANA38E37D178001,CLER Vehicle Maintenance 2163628337,30027,0
bf56ba75-f6a0-0e8a-8e3a-4ed8447e9d99,ANA38E37D178002,CLER Analog Wireless 2163628660,30027,0
1d47daf1-1524-dada-3607-0a07e57a5716,ANA38E37D178003,CLER CSR 2163628368,30027,0
d504b60d-8983-65ae-3a1f-a523dc2bee47,ANA38E37D178004,CLER Warehouse Door G 2163628576,30027,0
a2d0ea08-f16f-6adb-8918-c52486153d92,ANA38E37EC7800A,EMTA LoudBell Shop Area  213-741-2428,30027,0
b8a99c6b-4dfb-9784-a5e0-c6079ee63589,ANA38E37EC78009,EMTA LoudBell VMX 213-741-2429,30027,0
c93b1205-e540-8c23-50a5-89eed9139472,ANA38E37EC78008,EMTA Security Guard 213-741-2430,30027,0
91e7d3e3-d17f-b99d-b6ee-51a308bdf716,ANA38E37EC78007,EMTA Catwalk3 213-741-4103,30027,0
964a28e6-6480-379f-6bde-3cb707038ead,ANA38E37EC78006,EMTA LoudBell 500-211-2070,30027,0
e545983a-fef7-5113-a848-a70ac1dad224,ANA38E37EC78005,EMTA Paging 500-211-7676,30027,0
c559cdc7-39a1-fb48-4815-6e8cef7e81f0,ANA38E37EC78004,EMTA Catwalk1 213-741-4104,30027,0
732ffc17-867a-d453-e582-ed19bbcbe85b,ANA38E37EC78003,EMTA Catwalk4 2137-41-4102,30027,0
19af2b6a-53e9-f5b3-e328-014887626fd5,ANA38E37EC78002,EMTA Catwalk6 213-741-4201,30027,0
d6d156a6-0f3f-815d-9045-c0ab41760d6c,ANA38E37EC78001,EMTA Catwalk7 213-741-3210,30027,0
13d27e36-9597-94e5-41bb-931260424b16,ANA38E37EC7800B,EMTA LoudBell 500-211-2070,30027,0
0645c9e7-9dca-fd91-7fe8-d4a4cb64263c,ANA38E37EC78000,EMTA Catwalk8 213-741-3211,30027,0
6f80707a-a0f6-d6ff-5b7b-4f66eda21294,ANA38E37EE70009,NYCS 1F Warehouse 2122593420,30027,0
6df6f07b-9563-7d14-fcbb-808b18e85d93,ANA38E37EE7000A,NYCS 1F Warehouse 2122593419,30027,0
dbddc288-dc07-8ad9-4fbc-9f1f332f9744,ANA38E37EE7000B,ANA38E37EE7000B,30027,0
f6a50cf2-e9ce-7f79-c48e-cca8048a4e85,ANA38E37EE7000C,NYCS 1F Warehouse 2122593413,30027,0
22b7bfac-550d-a471-820d-49a51b7dc7e7,ANA38E37EE7000D,NYCS 1F Warehouse 2122593412,30027,0
1ac1361b-fc88-ed4f-17ee-68b7a249e8f0,ANA38E37EE7000E,NYCS Boiler RM 2122593402,30027,0
9bbd50df-2b17-e465-18f3-dfedcce29780,ANA38E37EE7000F,NYCS 2F Warehouse 2122593502,30027,0
f3cefa88-85e2-8098-b4ac-9727192f2878,ANA38E37EE70000,NYCS Paging - 1 5002117676,30027,0
2919f5df-f512-dd94-64e9-8300b351ebf7,ANA38E37EE70001,NYCS Paging - 2 5002117677,30027,0
17a7884a-14ed-8685-90df-b868d0ce4306,ANA38E37EE70006,NYCS Mechanic Shop 2122593347,30027,0
4313b7b4-de44-d9c3-7a2d-64740ad45577,ANA38E37EE70002,NYCS Paging - 3 5002117678,30027,0
a55dcb0d-7e4d-d6df-62b4-5e26848d60cd,ANA38E37EE70012,NYCS JRBA Break RM 2122593419,30027,0
7388dbbe-86c3-ada4-281e-a6e67a5964b8,ANA38E37EE70010,NYCS 2F Warehouse 2122593505,30027,0
a9bcaa13-50ce-d5c2-9464-4b08106dab75,ANA38E37EE70003,NYCS Paging - 4 5002117679,30027,0
5024a8cc-e489-0530-5067-92d36c903be4,ANA38E37EE70004,NYCS JRBA Main Fax 2122593340,30027,0
0cf25438-f9c7-2961-02da-e552e1fe23bc,ANA38E37EE70005,NYCS NYCA Main Fax 2122593532,30027,0
fc735b81-654a-a78e-0061-e1a65ab4df7c,ANA38E37EE70011,NYCS 2F Warehouse 2122593501,30027,0
cf6af308-7894-506f-4d72-37ba0c18fb86,ANA38E37EE70007,NYCS Mechanic Shop 2122593441,30027,0
a6654405-2aab-9b3e-f5bd-62fe51504733,ANA38E37EE70008,NYCS JRBA Break RM 2122593320,30027,0
739dfc5a-1667-302e-13f2-9741358f3fcd,ANA38E37EE70013,NYCS F2 Break Room 2122593510,30027,0
e75bdd03-5ae6-591e-cbf6-c6af12ef9eb9,ANA38E37EE70016,NYCS JRBA Main Fax 2122593343,30027,0
40235b56-7e8e-d34e-f970-9adc687f3fce,ANA38E37EE70015,NYCS  RM 2122593427,30027,0
1dfef19f-b301-e9f7-dd9e-70a6bd093368,ANA38E37EE70014,NYCS  RM 2122593428,30027,0
9d53af93-cb9f-5e6a-99b0-b4d9d96b43f7,ANA38E37F5C000C,FXE MWLA Warehouse 9 5002112050,30027,0
c8be7cfc-5321-69a6-a10a-46759cb32294,ANA38E37F5C000D,FXE MWLA Main Office Fax 8172302198,30027,0
07392dbb-a1f0-db09-9ef9-de0529e28902,ANA38E37F5C000E,FXE MWLA Paging 5002117676,30027,0
2e8825c1-f6b3-e4f5-f8ce-00a6c88c90c0,ANA38E37F5C000F,MWLA- Weather Line 817-230-2170,30027,0
70388388-08bd-1f39-b48e-a1433a73a22e,ANA38E37F5C0008,FXE MWLA Warehouse 8 5002112049,30027,0
2e8ae4a2-04cd-e66b-4c4d-8b56c06d3995,ANA38E37F5C0007,FXE MWLA Warehouse 7 5002112048,30027,0
a7093c31-71ed-a43e-dee3-2c4863c9d0c0,ANA38E37F5C0006,FXE MWLA Warehouse 6 5002112047,30027,0
04efda88-c4a3-c035-2696-dc18933a4d65,ANA38E37F5C0005,FXE MWLA Warehouse 5 5002112046,30027,0
53b416a4-e36f-dacb-d228-1a90e5295324,ANA38E37F5C0004,FXE MWLA Warehouse 4 5002112045,30027,0
9ee48a72-1c64-e2e6-14fc-44af0cede825,ANA38E37F5C0002,FXE MWLA Warehouse 2 5002112043,30027,0
0a7b5f17-8ac1-9629-c3ff-c2eae9cc5bfa,ANA38E37F5C0001,FXE MWLA International 5002112042,30027,0
baccf68a-26f8-7281-92de-a46d1ccc5dd9,ANA38E37F5C0000,FXE MWLA Warehouse 1 5002112041,30027,0
e37d30d8-0fe3-2ac5-71ed-3a44113bef4e,ANA38E37F5C0009,FXE MWLA Break Room 8172302142,30027,0
c8ff077d-a266-f10a-bcaf-fb1390f3f778,ANA38E37F5C0003,FXE MWLA Warehouse 3 5002112044,30027,0
12ff8699-4634-b3a3-29e7-15d7644f4cce,ANA38E37F5C000A,FXE MWLA Veh Maintenance shop 8172302160,30027,0
661967ba-d643-ec57-8663-2441d76f7d57,ANA38E37F5C000B,FXE MWLA Veh Maintenance shop Ringer 8172302160,30027,0
9add0a8e-dfcb-32a1-8e89-d99081a475b7,ANA38E383430000,DFWR Paging 500-211-7676,30027,0
69e75773-d95a-8d9f-680a-fdbba76180c4,ANA38E383430002,DFWR Uniform Storage 972-456-4475,30027,0
47eec5e5-65a0-524e-c937-48dfbcd92a8e,ANA38E383430004,DFWR Back Wall Phone 972-456-4432,30027,0
f7f59784-6a9c-09e4-cfa1-b685d1e5ced2,ANA38E383430001,DFWR Admin Fax 972-456-4437,30027,0
253ff1ae-abc0-e98b-f38b-781c2260f960,ANA38E383430003,DFWR Small Slide Phone 972-456-4461,30027,0
1ff23230-2b73-1f76-cb05-05de60c53b27,ANA38E3843A8001,CLES Caretaker Desk 2 440-735-7284,30027,0
3fa40d3a-f279-b66c-ca12-9326ee2ec030,ANA38E3843A8004,CLES Break Room 440-735-7231,30027,0
49f6a091-ebe8-d5fc-893e-41fec79f8bad,ANA38E3843A8000,CLES Maintenance Shop Bell 440-735-7275,30027,0
e27fbfb6-1406-d37c-d8a2-c3eae2dcba5e,ANA38E3843A8003,CLES Admin 440-735-7285,30027,0
3e2c4ecf-7a6e-f8dd-d0e1-09503938d001,ANA38E3843A8002,CLES Maintenance cordless 440-735-7275,30027,0
1d12bef1-400c-c944-6fbf-7ad96154b79f,ANA38E3843A8005,CLES Paging 500-211-7676,30027,0
86962ee9-41b4-6cdb-c5f5-544d9df940c8,ANA38E384480000,SMFA Paging Line 500-211-7676,30027,0
9ad9e702-4557-b7b0-aa1e-8833bac4cb70,ANA38E3849D8004,DTKRT FAX Recruiting 972-456-6607,30027,0
356a856e-e502-2549-aed3-1ac82c30f74c,ANA38E3849D8005,DTKRT FAX IDA 972-456-6708,30027,0
95ee953b-e6eb-374e-9eed-9709d5c324b2,ANA38E3849D8006,DTKRT West WH 1 972-456-6704,30027,0
5bcf321c-9f88-2565-64ba-570205962823,ANA38E3849D8007,DTKRT W Warehouse 2 972-456-6705,30027,0
aaee6b0e-b296-1faa-4ede-e86c528f66ca,ANA38E3849D8008,DTKRT Guard Shack 1 972-456-6701,30027,0
9a9b2748-eecc-d23f-2ab1-b433ac5e9f94,ANA38E3849D8009,DTKRT Guard Shack 2 972-456-6702,30027,0
a29052f5-048b-536e-cff5-9c7a213f9b22,ANA38E3849D800A,DTKRT FAX 972-456-6719,30027,0
64d19715-e377-61ac-6d81-7f3b7437f92a,ANA38E3849D8001,DTKRT FAX 1 972-456-6690,30027,0
255cf9a1-766e-9206-5f62-e62ade0c35e5,ANA38E3849D800B,DTKRT Paging 500-211-7676,30027,0
5f7a480e-5a4f-5465-ce5c-293e232b2498,ANA38E3849D8002,DTKRT FAX 2 972-456-6691,30027,0
df6c99b4-8c76-8218-8288-daaa506f6601,ANA38E3849D8003,DTKRT FAX Vehicle Maint 972-456-6602,30027,0
d7841804-bf86-7a3c-7404-ea8936ab0e85,ANA38E384A68001,BFIA Warehouse 500-211-2052,30027,0
81ce0140-d926-6353-20fe-7d46d12823c1,ANA38E384A6800B,BFIA Dispatch Bell 500-211-2070,30027,0
e5e5f675-8d21-1e4a-3044-a9e5f7f4f15a,ANA38E384A6800A,BFIA Shop Bell 206-332-7250,30027,0
b6468c92-9563-0007-5323-fca26d6f159c,ANA38E384A68008,BFIA Paging 500-211-7676,30027,0
c1d0307e-0356-607d-1c43-c2761cb86fbc,ANA38E384A68000,BFIA Warehouse 500-211-2051,30027,0
e6f5a072-f99d-d8bd-8f24-7ff6c0e60e9e,ANA38E384A68007,BFIA MDF 206-332-7298,30027,0
e983b0a6-f6b1-f672-e511-422d64d95858,ANA38E384A68002,BFIA Warehouse 500-211-2053,30027,0
142c11bd-61d4-c3c7-ae4c-26f87112ac1a,ANA38E384A68006,BFIA Break Room 206-332-7297,30027,0
842b337e-2b7a-7a31-1302-0b6e9362d97d,ANA38E384A68005,BFIA Break Room 206-332-7296,30027,0
14757b01-3ab8-2e68-9cb3-fe61ebc46529,ANA38E384A68004,BFIA Warehouse 500-211-2055,30027,0
7408e5c5-b927-a905-ac4a-da793c6c067d,ANA38E384A68003,BFIA Warehouse 500-211-2054,30027,0
ae807ee1-5e7f-7647-37b4-e7babbb1d3cd,ANA38E389148003,TPAR Warehouse 2 8136736908,30027,0
a699a105-1a4b-69df-9f8e-9a61e59026ee,ANA38E389148004,TPAR Warehouse 3 8136736909,30027,0
d75ac84a-f15f-7ebb-7c61-8ac2176d0764,ANA38E389148005,TPAR Warehouse 4 8136736919,30027,0
46d0f339-b25a-1581-e08e-e0966bea6c50,ANA38E389148006,TPAR Warehouse 5 813-673-6929,30027,0
dfa6fa14-855a-b284-3525-0af9e59aa605,ANA38E389148007,TPAR Warehouse 1 813-673-6944,30027,0
e159ae2c-f730-46c3-f3a1-abfefedc4689,ANA38E389148008,TPAR Warehouse 6 8136736949,30027,0
793932c3-ce59-499b-548c-58bf3ee4650b,ANA38E389148009,TPAR Warehouse 7 813-673-6953,30027,0
517f6cae-ddde-21e0-2a96-9ce6077de12d,ANA38E38914800A,TPAR Dispatch Break Area 813-673-6859,30027,0
fd04c20f-ccc3-df4d-a6ff-f3558749e57c,ANA38E38914800B,TPAR Aircraft Maint 1 8136736852,30027,0
162f7ef2-8165-b868-d26d-a876cea13223,ANA38E38914800C,TPAR Paging Office+Warehouse 500-211-7676,30027,0
02064709-a6a8-c3fd-0429-aa3a13df00ed,ANA38E38914800D,TPAR Heavy Wt Bell 813-673-6866,30027,0
7d24ce44-96aa-2023-2808-3520e91f4a63,ANA38E38914800E,TPAR Vmx Aircraft Door 813-673-6863,30027,0
1f5d6aa8-c9eb-35ef-7f01-b285695a001e,ANA38E38914800F,TPAR Security Front Counter 813-673-6850,30027,0
cd82227b-6799-910d-0ae6-f3b2ab296e40,ANA38E389148010,TPAR Warehouse 8 813-673-6904,30027,0
f83fa055-afd1-35ac-4df1-67b859248eba,ANA38E389148011,TPAR Vehicle Mx Fax 813-673-6802,30027,0
2f611cd5-f9c7-56a1-8567-c7022401a1a7,ANA38E389148001,TPAR Vmx Front Bay Door 813-673-6864,30027,0
b4e1d05b-fe1a-1dbd-b09b-403999540bb0,ANA38E389148012,TPAR Paging Office Zone 500-211-7677,30027,0
87059eff-ba3f-f132-b619-97fb7b5a026a,ANA38E389148013,TPAR Paging Warehouse Zone 500-211-7678,30027,0
1e340da7-95a7-ffe3-7131-c4a6972955c4,ANA38E389148000,TPAR Vmx Bell 813-673-6867,30027,0
79874ee3-fe2f-d414-33e7-6159a8fb0574,ANA38E389148002,TPAR Upstairs Break Rm 813-673-6906,30027,0
0f936b66-8382-283b-cb6a-903585cc7b10,ANA38E389C88002,HOUA Overnight Area 713-842-4464,30027,0
ea54b3a8-916a-1251-0978-c4f23080c156,ANA38E389C88003,HOUA Warehouse 713-842-4471,30027,0
471e12e4-b5ec-831f-03be-e39ca8fe502c,ANA38E389C88004,HOUA AB Belt 713-842-4475,30027,0
88d55823-fb9d-7f46-d15b-e9c23b6eb68c,ANA38E389C88005,HOUA AB Belt 713-842-4477,30027,0
20509ede-9362-fb74-422b-48582f2f7c56,ANA38E389C88001,HOUA CD Belt 713-842-4463,30027,0
a062bd69-9a93-3077-70a9-07ab55155720,ANA38E389C88006,HOUA CD Belt Warehouse 713-842-4479,30027,0
bcfda6a6-072b-1729-b139-6c7e8a280b8c,ANA38E389C88000,HOUA Break room 713-842-4437,30027,0
62d47b91-64fa-188c-0f65-230db4aaec6c,ANA38E389C88007,HOUA Mechanic Bay 713-842-4482,30027,0
ad34e82f-420e-d9d7-8a4a-dddb56fdc852,ANA38E389C88008,HOUA Mechanic Bay 713-842-4482,30027,0
329893cf-a0d4-1d8d-9bbf-fb9c93e697fa,ANA38E389C88009,HOUA FAX 713-842-4483,30027,0
ce1682af-0d1f-d040-a341-db8cc18b792e,ANA38E389C8800A,HOUA Ringer 500-211-2070,30027,0
b9ba1e2d-27b4-9bac-443f-d81a9c23898d,ANA38E389C8800B,HOUA Paging 500-211-7676 0/0/11,30027,0
7083ff26-e592-049c-378c-552c542d625b,ANA38E38A078004,GYYA Warehouse 500-211-2052,30027,0
d1b51522-9c97-ca7c-4586-0651362b898b,ANA38E38A078001,GYYA Vehicle Mnt Loud  Bell 312-867-5809,30027,0
538b3e08-96b7-2dc8-9a66-3b847fbc0b20,ANA38E38A078002,GYYA Warehouse 500-211-2050,30027,0
92a21ff4-d527-08ee-102a-ae0318a0c300,ANA38E38A078003,GYYA Warehouse 500-211-2051,30027,0
e2dcd8a3-2d5b-0cf4-dda4-e130892e7899,ANA38E38A078000,GYYA Guard Shack 312-867-5889,30027,0
f0cf6e4e-615b-eee1-39be-679ccc05e411,ANA38E38A150000,PAOA Paging 5002117676,30027,0
ca5321ae-3c21-a478-2434-cf9f29bb169a,ANA38E38A5D0002,FXE SUSA Middle Garage Phone 500-211-2051,30027,0
a0c72540-0631-2edb-635e-d180e67d3b8a,ANA38E38A5D0001,FXE SUSA Haz Desk 500-211-2050,30027,0
8d5460ee-3572-94d3-da61-b6be16965d16,ANA38E38A5D0003,FXE SUSA End Garage Phone 500-211-2052,30027,0
173f183c-9299-db31-b168-5e286c824f11,ANA38E38A5D0000,FXE SUSA Paging 500-211-7676,30027,0
89063475-0b8d-d7c1-965a-8d74e5caee73,ANA38E38B08000C,NDVA Paging 500-211-7676,30027,0
f0c0fb3d-21c8-96c0-0e62-a6ea7340898e,ANA38E38B080001,NDVA WH W Wall Ph-1 703-823-7087,30027,0
88fa4655-b941-d8d7-7358-5a1e11f244be,ANA38E38B08000D,NDVA FAX 703-823-7091,30027,0
9812175b-7dd9-c32d-1aec-b288537f2f86,ANA38E38B08000E,NDVA WH E Wall Ph-1 703-823-7085,30027,0
071aac01-4d65-8004-977b-f4088610ef4e,ANA38E38B08000F,NDVA MECHANIC BELL 7038237064,30027,0
ea7ebdd2-ad06-ad2b-e40a-455bcadb2da5,ANA38E38B08000A,NDVA WH Rw-2 Cl-7 Ph-2 500-211-2000,30027,0
273d2671-6d31-4bff-5652-d3dc26dd30f2,ANA38E38B080009,NDVA WH E Wall Ph-3 703-823-7094,30027,0
4d76fcbc-8087-f6d5-7c30-b423577a5983,ANA38E38B080000,NDVA WH E Wall Ph-2 703-823-7086,30027,0
a1ede3fd-b676-36e4-fc71-0a0ddecaa855,ANA38E38B08000B,NDVA WH Rw-3 Cl-11 Ph-2 500-211-2001,30027,0
ce718d05-9dce-8a4b-4d2e-e3eddfcc9642,ANA38E38B080007,NDVA WH Rear Wall Ph-1 703-823-7093,30027,0
06dd9470-772c-e6d4-467c-cb82d3b96a73,ANA38E38B080006,NDVA WH Rw-3 Cl-7 703-823-7092,30027,0
cb51f3c9-79ea-9e42-ff85-1df0c87ab1c9,ANA38E38B080005,NDVA WH W Wall Ph-2 703-823-7090,30027,0
f7922ffe-b143-e803-be72-6e6e995abaea,ANA38E38B080004,NDVA WH Rear Wall Ph-2 703-823-7089,30027,0
94e85705-fb12-a71a-95f6-daada283b5ad,ANA38E38B080002,NDVA WH Rw-2 Cl-3 Ph-1 703-823-7088,30027,0
87e059c0-4c51-b81d-a50a-fde55575b514,ANA38ECACF18000,BZNA PAGING,30027,0
3e374bd2-5256-4827-5bf7-eeaea53c8dbd,ANA38ECADA58003,BJCA Agent 303-730-4353,30027,0
817d2971-5bc6-f242-fff9-df1b0fc73165,ANA38ECADA58002,BJCA Agent 500-211-2050,30027,0
ab6ab71b-98b9-3e3a-42e4-3d060b74339b,ANA38ECADA58001,BJCA CSA FAX 303-730-4305,30027,0
30064416-bfe9-e08f-f686-41bd70024b56,ANA38ECADA58000,BJCA Mechanic FAX 303-730-4322,30027,0
dd4bc72e-3229-8e97-2ffd-44495d7bf39b,ANA38ECADA58008,BJCA Middle East Belt 500-211-2055,30027,0
47ff3194-05ef-6df1-1c1e-6b2230440d1a,ANA38ECADA58017,BJCA Paging 500-211-7676,30027,0
2456ac7d-dfcc-45d3-dab3-505e98497e25,ANA38ECADA5800B,FXE BJCA Bell 500-211-2090,30027,0
bd91376f-642e-8a03-753a-729293cba7b7,ANA38ECADA5800A,BJCA Break room 303-730-4328,30027,0
06fe7674-11c3-e756-329d-16fcd240b8c5,ANA38ECADA58009,BFCA End East Belt 500-211-2056,30027,0
3eceeea6-1033-bffb-148c-953cf8353854,ANA38ECADA58007,BJCA Gatekeeper area 500-211-2054,30027,0
58dd21d3-bef6-b3bc-7f30-9adc3e867f90,ANA38ECADA58006,BJCA Agent 500-211-2053,30027,0
de8dcec4-4a92-c2d8-5579-f9de89286070,ANA38ECADA58005,BJCA Agent 500-211-2052,30027,0
03743aa5-cba8-188c-35a2-9027b05dde0b,ANA38ECADA58004,BJCA Agent 500-211-2051,30027,0
60357ed5-105a-c674-43cf-9373e8dffc9f,ANA38ECADC9800E,LCKR IDF413 614-492-6230,30027,0
1a4a8823-4c9b-3012-7156-f97cbe544925,ANA38ECADC9800D,LCKR AirCraft Mnt. Office,30027,0
f00f1953-26f1-26e1-15c0-a3ef4995b7aa,ANA38ECADC9800C,LCKR FAX 614-492-6221,30027,0
2b5d7efd-be07-a545-892f-b82c7dd23f30,ANA38ECADC9800B,LCKR Primary Control 614-492-6131,30027,0
18d9ddce-8599-c464-ab0f-640f2e60958b,ANA38ECADC9800A,LCKR Orange Slide 614-492-6164,30027,0
bacd01bc-d42b-d4f6-eb56-dc99c05a291e,ANA38ECADC98009,LCKR Bell 614-492-7706,30027,0
c9545bf2-209a-7538-65ab-224327c757f7,ANA38ECADC9800F,LCKR Aircraft Mnt. Lounge 614-492-6273,30027,0
ab574f7c-e3fc-62c1-a5e6-6670edd4c620,ANA38ECADC98007,LCKR Yellow Slide 614-492-6168,30027,0
e96189df-c9de-b44c-bc0d-1f7ed7d8d5f4,ANA38ECADC98006,LCKR Blue Slide 614-492-6162,30027,0
47e16350-8f99-efb9-6f7f-756f9cc3b835,ANA38ECADC98005,LCKR Finger 5  614-492-6160,30027,0
0d722f51-ad2a-d71a-3a08-2132c3b48321,ANA38ECADC98004,LCKR Red Slide 614-492-6156,30027,0
a0df6be6-1ef8-b39e-d0f6-940679003b64,ANA38ECADC98003,LCKR FAX 614-492-6172,30027,0
1b6066ab-5fdf-9bf3-ecd2-75ef81ecfe6a,ANA38ECADC98002,LCKR 3K Belt  614-492-6155,30027,0
6f6fefdb-1736-9d55-c309-71b45e7efeb8,ANA38ECADC98001,LCKR Green Slide 614-492-6158,30027,0
42af2090-cfcd-a096-a7ba-0c53a8450cf1,ANA38ECADC98000,LCKR FAX 614-492-6151,30027,0
9dde13b8-4617-7d4b-d57e-01d97a314ee1,ANA38ECADC98017,LCKR Paging 500-211-7676,30027,0
8946a20c-2dda-c5a3-ea42-f5a85f8707fb,ANA38ECADC98008,LCKR Bell 614-492-7180,30027,0
894002b8-a64d-4482-b57d-5fac1f35ae99,ANA38ECADE90007,FXE ORLA Dock 3 5002112056,30027,0
499c3e13-dc80-e87f-1c4b-7201adb47fe2,ANA38ECADE90008,FXE ORLA Dock 2 5002112057,30027,0
060f8752-986d-b548-c9aa-5f3024b14d5f,ANA38ECADE90009,FXE ORLA Dock 1 5002112058,30027,0
ac8dfd4f-6302-1715-8aa7-233fd592da61,ANA38ECADE9000A,FXE ORLA DG 4078937917,30027,0
4953440f-a2ed-33d7-021d-1d41ac0662a7,ANA38ECADE9000B,FXE ORLA Break Room 5002112004,30027,0
a3d66d4c-bc45-b484-835f-0053017c2fb5,ANA38ECADE9000C,FXE ORLA Dock 10 5002112059,30027,0
590286e3-c3c9-08c2-b32f-bfdf847991d8,ANA38ECADE90000,FXE ORLA Paging 5002117676,30027,0
34caf867-bdbd-f4eb-ac42-eef88bfb6276,ANA38ECADE9000D,FXE ORLA Rear Belt Line 500-211-2060,30027,0
42452515-f87d-25d6-48e2-d7609b9ab660,ANA38ECADE90006,FXE ORLA Dock 4 5002112055,30027,0
edc30fcb-5d28-998c-f7a6-eb7ebbb637da,ANA38ECADE9000E,FXE ORLA Customer Counter 500-211-2061,30027,0
23de97fe-2a77-178a-1eca-ad8a6d36c427,ANA38ECADE9000F,FXE ORLA Maintenance Bell 407-893-7956,30027,0
9d8238aa-76f2-42f5-132c-b1a38eadd45a,ANA38ECADE90004,FXE ORLA Dock 6 5002112053,30027,0
f856407b-04d5-7a8b-5e67-8ba43cafe420,ANA38ECADE90001,FXE ORLA Dock 9 5002112050,30027,0
92815ccc-e37e-5969-cefb-6f84707b3e02,ANA38ECADE90002,FXE ORLA Dock 8 5002112051,30027,0
26fd964d-2f09-c53e-cd4d-3b0783de7d65,ANA38ECADE90003,FXE ORLA Dock 7 5002112052,30027,0
b81d6b4b-913f-9d01-3c18-29f87e46ae4b,ANA38ECADE90005,FXE ORLA Dock 5 5002112054,30027,0
b05faa09-e51d-a451-ea8e-e7808557e715,ANA38ECAE6B800D,TPFA Paging 5002117676,30027,0
3fca976f-a716-3bc7-5bdb-8138e5edb53e,ANA38ECAE6B800C,TPFA Primary Fire 8132497238,30027,0
ba069198-e3a4-8d77-6644-7e285924e1ec,ANA38ECAE6B800B,TPFA Mechanic Bell 8132437359,30027,0
ffe3b5c5-a699-3a10-72e7-19ca9a9b0c46,ANA38ECAE6B800A,TPFA Audit Room 1 8132437353,30027,0
54314c42-3e49-90fa-1e0d-1216b0a9f020,ANA38ECAE6B8009,TPFA COD Fax 8132437313,30027,0
8711fc14-ea6d-e21c-b8c9-091c03e0e9e4,ANA38ECAE6B8007,TPFA Caretaker 8132437308,30027,0
a7411a23-923e-6c8d-bd2f-422f38eb2148,ANA38ECAE6B8006,TPFA Dock Sort 6 5002112045,30027,0
676ebfe2-4ae1-dc11-b8f2-36a850072656,ANA38ECAE6B8005,TPFA Dock Sort 5 5002112044,30027,0
b34a91f9-ef55-b521-0b35-824c7a70683a,ANA38ECAE6B8004,TPFA Dock Sort 4 5002112043,30027,0
691b4cfe-70a9-062b-0687-f186f755cc2e,ANA38ECAE6B8003,TPFA Dock Sort 3 5002112042,30027,0
67a9bb39-05f9-535c-3707-db5a6535e969,ANA38ECAE6B8010,TPFA Caretaker 2 5002112047,30027,0
8b52f47e-ff01-de26-212f-7cddd9f1b82b,ANA38ECAE6B8002,TPFA Dock Sort 2 5002112041,30027,0
e1c98f2b-f7e4-6dce-6cd7-4c74496fafc6,ANA38ECAE6B8011,TPFA Dock Sort 3 5002112046,30027,0
026eaad8-c370-06bb-a066-b508ceceddcb,ANA38ECAE6B8001,TPFA Dock Sort 1 5002112040,30027,0
98db4bf0-4eb6-da7a-37e8-98d2dcdf574e,ANA38ECAE6B8000,TPFA Break Room 5002112004,30027,0
e2807622-2517-e35e-8349-d41f278fce0d,ANA38ECAE6B8008,TPFA Lobby 5002112060,30027,0
d3e3e5b4-6225-1968-3d2b-d0fb2267a745,ANA38ECAE6B800F,FXE TPFA Mechanic Fax 813-243-7350,30027,0
13d1f293-ff3b-ced6-65ab-9057dfa9f0cd,ANA38ECAE6B800E,FXE TPFA Mechanic Phone 813-243-7359,30027,0
acd80ce7-865d-7135-e521-8fe9cfa357d3,ANA38ECAE748000,DTWA EnGenius Cordless #1 500-2112003,30027,0
e3c46786-83e7-d96c-c479-8a9a61628905,ANA38ECAE748017,DTWA Paging 500-211-7676,30027,0
1fbea185-05f3-435d-ac19-5c484791f54f,ANA38ECAE748001,DTWA EnGenius Cordless #2 500-211-2005,30027,0
bbd8f5b5-cd4b-4979-8eb9-cba2f6cf0d24,ANA38ECAE748016,DTWA Bell 500-211-2070,30027,0
504421ae-d303-8352-e2a8-7ddbf98ce2dc,ANA38ECAE748002,DTWA EnGenius Cordless #3 500-211-2006,30027,0
10057639-28d7-b867-8c4a-0dde46830748,ANA38ECAE748003,DTWA EnGenius Cordless #4 500-211-2007,30027,0
a7228609-5729-1248-fc63-8b9516e6cfb4,ANA38ECAED30000,CDWA Vehicle Maintenance 9082062446,30027,0
05b784f3-4a8f-cbf3-8e52-47b31c90abdb,ANA38ECAED30002,CDWA Warehouse 9082062452,30027,0
968162f2-0d50-0955-fc2a-a33deeb63e8a,ANA38ECAED30001,CDWA Warehouse 9082062448,30027,0
170e340c-e449-9bad-3bb0-327db0e829ea,ANA38ECAED30003,CDWA Warehouse Back 9082062453,30027,0
01148838-c9dc-894f-0b4a-1d1ff84f0a20,ANA38ECAED30005,CDWA Warehouse 9082062455,30027,0
b6d835c9-fb18-4aa3-a9b4-f35f940daea4,ANA38ECAED30006,CDWA Warehouse 9082062456,30027,0
45f05c18-0cb3-b933-ca04-1a04ff17fbf8,ANA38ECAED30007,CDWA Fax 9082062433,30027,0
1bf965bd-c3eb-45e4-e811-dc7b011e44a2,ANA38ECAED30008,CDWA Vehicle Maintenance Bell 9082062444,30027,0
b2c7a6f6-31b5-d82f-99a1-df646153cecc,ANA38ECAED30004,CDWA Warehouse 9082062454,30027,0
5d8e345e-d068-82fd-cb8f-90b88cbb9a74,ANA38ECAED30009,CDWA Paging 5002117676,30027,0
a2e74d51-8004-6ad7-4cf3-2d712609f10e,ANA38ECAF828001,BMLA Training Room 1 500-211-2050,30027,0
b32036ba-ab0c-733c-b1ed-1049800b21bc,ANA38ECAF82800F,BMLA Paging 500-211-7676,30027,0
99c2aab3-0573-1891-8626-89afd61c2a3b,ANA38ECAF828002,BMLA Training Room 2 500-211-2051,30027,0
c94ff18d-a83b-2eea-6e85-683a17beb95b,ANA38ECAF828003,BMLA Emergency Phone Front Sort 3 603-627-0289,30027,0
0924e033-2b6a-ec52-f2ec-0058f52fc398,ANA38ECAF828006,BMLA Emergency Phone Front Sort 1 603-627-0293,30027,0
52e837b4-7131-202b-e636-d96bc6875804,ANA38ECAF828007,BMLA Emergency Phone Second Row 2 603-627-2300,30027,0
83577a9d-fc62-043e-3059-62bf31263bb2,ANA38ECAF828008,BMLA Emergency Phone Second Row 1 603-627-0295,30027,0
e37f14fb-21be-1d55-a1f6-f02c11740799,ANA38ECAF828009,BMLA Emergency Phone Middle Sort 3 603-627-0296,30027,0
310e8a26-e491-051d-4580-a2d70a13db56,ANA38ECAF82800A,BMLA Emergency Phone Middle Sort 2 603-627-0297,30027,0
e21ba79e-3c63-6c58-852b-5884d922d9f5,ANA38ECAF82800B,BMLA Emergency Phone Middle Sort 1 603-627-0298,30027,0
8d8eea7d-8da6-c7a9-b311-4a02c8f22cbb,ANA38ECAF82800C,BMLA Emergency Phone Rear Sort 1 603-627-0289,30027,0
67466e52-cccb-d8db-3671-104827976312,ANA38ECAF82800E,BMLA Lunch Room 603-627-0216,30027,0
18624788-27a1-6cf9-9af5-d33393e1dd17,ANAC9ECA69C8002,BVUA Bay Phone 3 5002112053,30027,0
fec31745-ef72-7c4a-3ee3-d9ae63fd6167,ANAC9ECA69C800B,BVUA Breakroom 425-427-2062,30027,0
15668853-7ac1-f11e-869a-0e15cc34fe30,ANAC9ECA69C800A,BVUA Breakroom 425-427-2061,30027,0
6470331d-9c7b-eee4-eb2e-45fcdfcda1cd,ANAC9ECA69C8007,BVUA cordless phone 4254272064,30027,0
9e43ccaf-f939-7dab-36da-e5092e4219c7,ANAC9ECA69C8009,BVUA Paging 500-211-7676,30027,0
e9e0a300-b41e-5304-e69b-c15cf2a3f2b5,ANAC9ECA69C8001,BVUA Bay Phone 2 5002112052,30027,0
f25c585d-13d4-7aad-7386-759cd00a8f86,ANAC9ECA69C8000,BVUA Bay Phone 1 5002112051,30027,0
2743d5d1-9efb-a7c0-7d23-838dcf56ea77,ANAC9ECA69C8003,BVUA Bay Phone 4 5002112058,30027,0
66a19ff4-b22d-05c6-4f7d-ded42d2d79d5,ANAC9ECA69C8008,BVUA Vehicle Maint 2 425-427-2064,30027,0
e590b677-0b7e-94d9-a694-ddf5505d1111,ANAC9ECA69C8004,BVUA Bay Phone 5 5002112055,30027,0
67abe098-06d5-cef7-1660-1d1c37052da8,ANAC9ECA69C8005,BVUA Bay Floor Pillar 5002112056,30027,0
64eae9c5-7c9c-0eb7-ded2-a3621b01ab48,ANAC9ECA69C8006,BVUA Network Rm 4254274033,30027,0
7652ea7d-0a1c-b854-a90f-42336605672c,ANAC9ECA69C800D,BVUA Vehicle Maintenance 425-427-2024,30027,0
03353bac-8b76-6770-b3d4-a80345b83af7,ANAC9ECA69C800C,BVUA CSA fax 425-427-201,30027,0
8201e75d-aaa8-a868-35bf-de91b08047c7,ANBD1DAD5898003,LDJA Wareshouse 500-211-2041,30027,0
01966571-0a8d-5cc5-99d4-0c99ee6c84da,ANBD1DAD5898004,LDJA Warehouse 732-346-7272,30027,0
e851c8e1-3543-2807-7984-3986e698a387,ANBD1DAD5898005,LDJA Warehouse 500-211-2042,30027,0
b2573abf-784b-9be7-3dff-e1c243a6261a,ANBD1DAD5898006,LDJA Warehouse 500-211-2043,30027,0
7666fddf-396c-42f3-48b8-1712a00dc49f,ANBD1DAD5898007,LDJA Wareshouse 500-211-2044,30027,0
1fb6d476-d17e-1f20-6c8c-3513db8e7f69,ANBD1DAD5898008,LDJA Wareshouse 500-211-2045,30027,0
6163c30f-6424-a873-5997-942d6d8c4c04,ANBD1DAD5898009,LDJA Warehouse 732-346-7275,30027,0
f6689198-f8cd-d7d4-dd01-25f33d4f4c92,ANBD1DAD589800A,LDJA Warehouse  500-211-2046,30027,0
1a2e4563-13d0-61eb-1624-fffdae1c69bb,ANBD1DAD589800B,LDJA Warehouse 500-211-2047,30027,0
003250c0-4710-444f-b8cf-720f1680680a,ANBD1DAD589800C,LDJA Warehouse 500-211-2048,30027,0
482d7458-a925-f197-7c05-252b8d591ae8,ANBD1DAD589800E,LDJA Garage Wall 500-211-2049,30027,0
24f15e01-ce15-598c-cf2b-385f64cfecad,ANBD1DAD589800D,LDJA Genesis 732-346-7254,30027,0
d00d4a30-972e-97a7-7109-64ec7bb413d9,ANBD1DAD5898000,LDJA Paging 500-211-7676,30027,0
6352dfe4-12a4-4ecf-f607-3283d08bfb21,ANBD1DAD5898001,LDJA Garage Bell 732-346-7278,30027,0
25dfc17d-6e37-8a1b-165f-bb422d8b7dde,ANBD1DAD5898002,LDJA Warehouse 500-211-2040,30027,0
9a0e24ee-585f-3690-a13a-b7190a67033d,ANC28809417800F,,30027,0
55f8a80e-38c7-902f-90ba-e145ce52a756,ANC28809417800E,,30027,0
db59446f-bfea-37d0-472c-c76a5365b613,ANC28809417800D,,30027,0
472a7869-1707-ada1-9e17-0aa33ac34196,ANC288094178006,,30027,0
8ae758a3-50b6-6e47-0735-35c89ad28441,ANC288094178007,,30027,0
81f809b8-e243-ee69-4f0f-d132961a3541,ANC288094178008,,30027,0
a2b3d373-7336-816f-1d8a-08bea6c57d71,ANC288094178014,,30027,0
39722995-1d30-9cf8-32af-d3f87a9be6ee,ANC28809417800C,,30027,0
19cd8cb7-3beb-2f7d-cdf1-4f2655b6f03d,ANC288094178003,,30027,0
4b1f4cb1-22aa-52e6-f52f-2cf5d6b609bc,ANC288094178000,,30027,0
dd6c4b37-9e40-48df-f427-bc299a965c4e,ANC288094178001,,30027,0
856fbe1a-e5d3-ed30-2452-9d7e31bab744,ANC288094178009,,30027,0
b3de6a0d-0c77-a55f-8ab2-538339896ed9,ANC28809417800A,,30027,0
997e920f-7f82-d9d9-96e1-0b29132a1219,ANC288094178002,,30027,0
42cf47aa-33d0-1786-eb3a-d867b5e9a7fb,ANC28809417800B,,30027,0
6b5166a9-78d4-0ee8-16ae-18c4e974d78b,ANC288094178004,,30027,0
05480437-8cec-8015-9fe4-41144e6e47b1,ANC2880982B8001,YNGA Maintenance Bell and Cordless,30027,0
ded8a99b-55e8-174c-d02e-ea11e38c83db,ANC2880982B8000,,30027,0
240ae5c6-4b42-4b31-b50f-fc66c2d29742,ANC288098300002,FBGA NightBell 500-211-2071,30027,0
23041197-d18c-355c-66ed-f0528e2eb9e0,ANC288098300000,FBGA Paging 500-211-7676,30027,0
93eb019a-19f8-3609-726a-2e8fb39f724d,ANC288098300001,FBGA NightBell 500-211-2070,30027,0
90b623f9-8358-628e-c455-024b946b7681,ANC288098300003,Vehicle Maintenance Cordless Phone,30027,0
d5a62422-a611-257b-161a-c5ab43759585,ANC288098738000,DAGA Paging 500-211-7676,30027,0
ae5cae35-c88e-0d57-cf21-074e1485bc2e,ANC288098858011,CHAA,30027,0
3845786c-f922-6b99-f8b8-c8bf0f48ee5c,ANC288098858005,CHAA,30027,0
67d6a01f-9d57-9be1-4229-21abcbdf6ead,ANC288098858010,CHAA,30027,0
23027685-118e-100d-d033-f554a6889332,ANC28809885800F,CHAA,30027,0
c61e10ce-93b4-3b43-66f5-2a646737bac6,ANC28809885800D,CHAA,30027,0
a77a6761-c9f6-4dc2-a75e-ebc15dadbd1a,ANC28809885800C,CHAA,30027,0
fc6c6fe4-1e1e-7922-cae4-594806ef71ea,ANC28809885800B,CHAA,30027,0
753d2af7-c96d-34c1-e70c-402007127a6e,ANC28809885800A,CHAA,30027,0
dc5002c6-2657-e6dc-72c3-46b3ad17ec1b,ANC288098858009,CHAA,30027,0
87c8e2dd-fc4a-e113-4517-6d2a27fa9715,ANC288098858008,CHAA,30027,0
141dea52-e141-ab29-47df-47f53fa7435c,ANC288098858007,CHAA,30027,0
3322ef44-f5c3-1732-4c12-ff9ed10aedf4,ANC288098858006,CHAA,30027,0
17064cc5-cb32-4e7a-8509-f0cc5ad42f89,ANC288098858004,CHAA,30027,0
f1466972-27bf-6c47-6cf0-cca6d3710045,ANC288098858012,CHAA,30027,0
70d66328-4ebc-17f3-7db5-d885e6e697f6,ANC288098858000,CHAA Page 0/0/0,30027,0
b8c9469f-934b-bc78-236c-5bd8dc2b10de,ANC288098858001,CHAA,30027,0
f8b98111-25c2-742f-ad6a-5deceecf5c07,ANC288098858002,CHAA,30027,0
88f0b48f-3e5e-7ff7-d3b0-af41ba809ca1,ANC288098858003,CHAA,30027,0
92cdd087-7f3c-18cb-21c7-d1cb3896c497,ANC288099398000,FXE SAVA Paging 500-211-7676,30027,0
30f4da08-b1bf-b545-3d94-3dded7e78c0b,ANC2880994B8014,COSDC,30027,0
0eb7ea29-080d-49f5-7253-f3b307186287,ANC2880994B8013,COSDC,30027,0
c7e14109-cbf1-7df6-9fae-bf586f458b13,ANC2880994B8012,COSDC,30027,0
2ca595bf-4806-bcec-eaa4-9d69e1940145,ANC2880994B8011,COSDC,30027,0
965abbcf-0623-b648-fcd9-3623af3b7e28,ANC2880994B8010,COSDC,30027,0
137ab32a-8b5b-e220-3d0b-066d90ec5a12,ANC2880994B800F,COSDC,30027,0
fc95d63f-5c52-1815-7fb3-c0db8079851e,ANC2880994B800E,COSDC,30027,0
00156092-cd80-9d89-4708-fdc1806044ff,ANC2880994B800D,COSDC,30027,0
de1767b8-1d92-e895-dcd7-2fe48d4161e2,ANC2880994B800B,COSDC,30027,0
39a555c2-2ef1-f8e7-8c69-58481b106ee2,ANC2880994B800A,COSDC,30027,0
05ace304-a783-06eb-7e1d-11314b3700ef,ANC2880994B8009,COSDC,30027,0
747193a5-86b0-a075-cc1e-99c0ea5e10d6,ANC2880994B8008,COSDC,30027,0
0abe5bee-45ac-cf02-07d7-e65ecec0df9d,ANC2880994B8007,COSDC,30027,0
86a07d10-096a-1eb7-5c53-d2d5603f8e57,ANC2880994B8000,COSDC,30027,0
df3863b9-8ea9-b3b6-b8d0-359268a8b590,ANC2880994B8001,COSDC,30027,0
b68eb85d-ce0b-7315-8c25-72fecb4f8354,ANC2880994B8002,COSDC,30027,0
645b77d4-8d3c-1695-5e83-fe0e622789c9,ANC2880994B8003,COSDC,30027,0
b8a312e6-7907-e992-a70b-9f41fd6abe4e,ANC2880994B8004,COSDC,30027,0
9317694b-035b-5d99-b2e3-d9396c473d42,ANC2880994B8005,COSDC,30027,0
1dcfb4c2-b040-f124-8c85-43657b63bb41,ANC2880994B8006,COSDC,30027,0
8807ad0b-9e65-4af1-10ca-9962cf260213,ANC2880994B800C,COSDC,30027,0
022d8b9a-4a6c-6211-7a9f-eed327858a41,ANC2880994B8016,COSDC,30027,0
8ac21ecc-bc36-fddc-dc62-d307db9200f4,ANC2880994B8015,COSDC,30027,0
9150757c-90a8-14be-d3af-59e374671534,ANC288099938001,RDGA Roll Over Bell,30027,0
f508de63-0fa6-0bdc-4728-64edf1f28c75,ANC288099938002,RDGA Maintenance Bell 500-211-2071,30027,0
29a947a2-b07f-2eac-cc99-89f697be9101,ANC288099938000,RDGA PAGING,30027,0
4c645c80-32bc-a932-24c3-182a090ec0a7,ANC288099980003,ANC288099980003,30027,0
6a8d1a70-c664-85eb-ce5f-093e9aa1253e,ANC288099980000,LNKA Paging 5002117676,30027,0
d807c4d9-acd6-cce6-7505-4ee470421644,ANC2880999C8000,ANC2880999C8000 AGSA Paging 500-211-7676,30027,0
8697a1b7-c833-0997-0198-a0b2fca7fc53,ANC288099A10000,ANC288099A10000,30027,0
3ffc3538-28ac-976d-8dd5-952087aa23c1,ANC288099A58000,NTUA PAGING,30027,0
3600f95d-eb78-7eb7-3603-3450aa46b27e,ANC288099A58001,NTUA VMX Ringer,30027,0
1c218272-ca55-949d-6054-bc121813816f,ANC288099AA0000,IKKA Paging 500-211-7676,30027,0
49c2d140-ecc3-2df5-c00f-f4aae9144f82,ANC288099AA0001,IKKA Paging 815-929-0827,30027,0
a9cc89b7-16ae-3bd8-66c4-0217d6681a09,ANC288099B3000B,11th floor fax,30027,0
00b5f263-518c-7011-ae6b-72c64296fb94,ANC288099B3000C,12th floor fax,30027,0
68d2afbc-91c1-3518-43f3-20773b3941af,ANC288099B3000D,,30027,0
b2c1e295-fee4-d183-b069-d83633a78d55,ANC288099B3000E,15th floor fax,30027,0
da9d2aac-77d2-8080-e671-82c758ea3101,ANC288099B3000F,3rd Fl Break Room 407-916-3376,30027,0
2905d380-03c8-f992-c90a-38bd09579417,ANC288099B30010,,30027,0
868c3f37-2d05-635d-a9ad-a0386d7db07a,ANC288099B30011,15th fl Telepresence,30027,0
5df8a7c7-bda6-4508-8e02-6f9b7d5df863,ANC288099B30016,,30027,0
2fb29902-2d77-820f-55a3-a79a7797b57d,ANC288099B30015,,30027,0
09e9d491-87c2-3802-b272-c9e697900c31,ANC288099B30014,,30027,0
e26355a9-66aa-f84d-36a0-7ed4faedc70f,ANC288099B30000,,30027,0
1d0e1b45-13e4-23af-84b7-39f7a5d82cfa,ANC288099B30001,,30027,0
caddbc0d-9d10-d896-11d4-508074705f81,ANC288099B30013,14th fl Service Elevator 407-916-3504,30027,0
c6126dce-df2d-5863-193f-5f9f80a6eb8e,ANC288099B30002,,30027,0
c474eeef-bed8-d120-df88-c7d018d323de,ANC288099B30012,14th fl Elevator Lobby 407-916-3485,30027,0
9ca73b9f-0892-809f-5aa3-bcaeacec2a8c,ANC288099B30004,,30027,0
806aa959-0e70-a3b0-5cf3-2023c04a52cc,ANC288099B30005,,30027,0
0d192b18-517f-b8ea-1987-345dd863ff35,ANC288099B30007,,30027,0
618a924f-c2c8-03bf-5342-fe3865fe4a9d,ANC288099B30008,,30027,0
ee6aeeb7-129d-5027-ddac-e70554c2c230,ANC288099B30009,,30027,0
73482bd1-d4ee-6b5d-b9e8-afa590d7d587,ANC288099B3000A,10th floor fax,30027,0
bfcb4ab8-fbb1-9c7b-0193-3e4702eacf40,ANC288099DB8000,BOSR Paging 5002117676,30027,0
87d8d698-3b62-c3a9-ce3a-69ea13e1a0b4,ANC288099DB8001,BOSR 1264 Scale Booth 5002112045,30027,0
9b5ba54f-36f2-a4b4-bebb-678d9fc28685,ANC288099DB8011,BOSR Vehicle Maintenance Bell,30027,0
b65dc841-04ae-3502-1eb2-e3cb1fc76eae,ANC288099DB8002,BOSR Truck Bay 5002112041,30027,0
3674660c-b7bb-828d-b8e7-49bf7b355107,ANC288099DB8003,BOSR Warehouse Bubble Place 5002112046,30027,0
b31273f1-aefe-3398-1148-0fa98cf16db4,ANC288099DB8004,BOSR Heavywt - Freight Bay 5002112040,30027,0
a2667530-b04e-7af1-69be-4094077f22d9,ANC288099DB8005,BOSR Maint Bay by Elevator 5002112025,30027,0
c819b09e-924e-09c5-073b-b4c211b71c05,ANC288099DB8006,BOSR 1264 Scale Bay 5002112044,30027,0
13c44a88-aa06-379e-c29b-f4bfbcc186ac,ANC288099DB8007,BOSR 1264 Scale Bay 5002112043,30027,0
4ca207a4-0e65-13e8-a5a1-4e286e914c57,ANC288099DB8008,BOSR 1264 Scale Bay 5002112042,30027,0
3e655aae-ef1d-cf00-ef0b-65313cbd3b92,ANC288099DB8009,BOSR Bypass 5002112060,30027,0
ff253d1c-d271-162d-6865-55229fd41723,ANC288099DB800D,BOSR Ramp Control Fax 6175688240,30027,0
a3a8a46a-4379-56f5-3ba4-33c25efe937c,ANC288099DB8010,BOSR Break Room 5002112005,30027,0
158ca44e-cfda-46fd-4f94-64bf3afa71f5,ANC288099DB800F,BOSR Break Room 5002112006,30027,0
2b94774f-59e5-0f9e-4cd6-21809ce5f344,ANC288099DB800A,BOSR Service Center Fax 6175688226,30027,0
7ffd0773-517b-be02-249c-99fde6994255,ANC288099DB800E,BOSR Entrance Phone 6175688246,30027,0
79026869-41f2-b320-5397-cc5a3e84765a,ANC288099DB800B,BOSR Sales Fax 6175688234,30027,0
70fcaec3-0a76-8f4a-ae84-d29757a6fdc9,ANC288099DB800C,BOSR Aircraft Maint Fax 6175688237,30027,0
6b511907-5ba3-45f5-0652-987e246e8a9d,ANC288099E00005,ABQA Warehouse4 505-341-3411,30027,0
4b1c3e8f-ac97-6a77-b0ed-89d38af0f43e,ANC288099E00004,ABQA Warehouse3 505-341-3404,30027,0
31b8f583-37fc-88a6-9f49-cbdb72507ea4,ANC288099E0000D,ABQA Night Bell 500-211-2070,30027,0
4dd9bc46-b86a-42f1-73a1-f7ac9511d3c2,ANC288099E00002,ABQA Warehouse1 505-341-3413,30027,0
2663ffbb-e4db-b023-992c-7c2138cdbede,ANC288099E0000B,ABQA Break RM 505-341-5458,30027,0
b4340fc3-733c-e01c-b51b-28c9aeae2fdc,ANC288099E0000C,ABQA Paging 5002117676,30027,0
2ae3ed2b-7775-41d6-7c91-f026430e70cf,ANC288099E0000A,ABQA Warehouse9 505-341-3407,30027,0
1029b480-453b-3eaf-58f2-7eefdd8fa484,ANC288099E00001,ABQA Dispatch FAX 505-341-5416,30027,0
62a96d7b-95be-3e5e-5cbf-3d7f7fe2535f,ANC288099E00009,ABQA Warehouse8 505-341-3409,30027,0
c1034a5f-5acd-dc8b-215c-2ae16b950fc0,ANC288099E00000,ABQA FAX 505-341-5422,30027,0
4d5a306f-3b09-37f7-697d-a33d705e7c99,ANC288099E00008,ABQA Warehouse7 505-341-3402,30027,0
9e4344cc-29ac-4551-2609-fc5d5d3a7818,ANC288099E00007,ABQA Warehouse6 505-341-3403,30027,0
91d0a91a-a854-97b0-5772-5d87399425a1,ANC288099E00006,ABQA Warehouse5 505-341-3410,30027,0
834bb72f-2115-0405-a37f-005bb52d97ef,ANC288099E48000,CAER Paging 500-211-7676,30027,0
28d03e96-9d92-476c-f4c3-4db138da1c7e,ANC288099E48002,CAER Cordless,30027,0
08d8f3b3-cb81-e154-90d2-88260c00fb63,ANC288099E48003,CAER Cordless - New Port Configured- not used,30027,0
2c33be09-583b-e38c-b28e-45aa249d138e,ANC28809A238000,Pagining,30027,0
e721c694-89f4-7843-7f08-0bf2c51fb36b,ANC28809A238005,Ringer Line Test,30027,0
794cc084-314f-10a4-285c-bffca2423634,ANC28809A238001,Ringer Line,30027,0
3a0226a8-391e-cc19-e04f-8e6f1ed1ac3b,ANC28809A280000,FSMA Paging 500-211-7676,30027,0
95586fab-4697-bafe-5751-a4bf30f7a9ae,ANC28809A310001,FXE MPJA Ringer Bell 500-211-3090,30027,0
27a8c3ed-e27d-2d85-2d50-0ee933fd4e56,ANC28809A310000,MPJA Paging 500-211-7676,30027,0
926f045f-5bcc-afed-5846-570254f6663e,ANC28809A478001,ANC28809A478001 AZOZ-FAX 269-321-2513,30027,0
5d6f92ce-925a-13a4-bd2a-750ef7af7f12,ANC28809A478000,AZOA PAGING,30027,0
05ddf9cd-70ca-5e2a-fce4-213c08ac152d,ANC28809A508000,lufa paging,30027,0
c8df885c-c171-d8a0-86c2-75c76b29ab9c,ANC28809A508001,ANC28809A508001,30027,0
93d128ed-9fa8-dd42-f21e-4a0c45d472b5,ANC28809AB80000,STJA Paging 5002117676,30027,0
0bb4a158-c773-b0e6-4ba3-9fdb8f9c0c0d,ANC28809AB80001,STJA Warehouse North 5002112040,30027,0
2f50bf80-32c4-28b7-e77e-b0d96202112b,ANC28809AC58002,ABQR Ringer,30027,0
8b7df71e-ff93-f866-6d5a-747d03a237d2,ANC28809AC58000,ABQR Paging 5002117676,30027,0
d087cb05-1c35-9f27-3984-fbaf15a0758a,ANC28809ADC0000,ANC28809ADC0000,30027,0
6f5d49e6-a258-273a-637e-749330c87446,ANC28809ADC0001,ANC28809ADC0001,30027,0
f3a86f2a-16e9-6efa-1a3d-35d5a2055061,ANC28809AE08002,GRBA Night Bell 500-211-2090,30027,0
3adb53b8-840a-27f7-d16f-0bcb4d82a355,ANC28809AE08001,ANC28809AE08001,30027,0
1e8555dd-1fb0-a981-9c0e-531b93de6ce6,ANC28809AE08000,GRBA Paging 500-211-7676,30027,0
8a579edf-ebf6-d05f-1036-3510c45c38db,ANC28809AEE0003,FXG-SCFA 480-429-4372 fax,30027,0
9ee14273-08b7-c8fc-a53d-6bf3bd5dd4a8,ANC28809AEE0002,FXG-SCFA 480-429-4371 fax,30027,0
d38dfc67-d789-da19-61c4-c0e2229049dc,ANC28809AEE0000,SCFA PAGING,30027,0
95a0ecff-4187-f288-4047-36f4c4bd6a84,ANC28809AEE0001,SCFA - Night Bell ANC28809AEE0001,30027,0
32846f63-b10e-38c6-007f-7b6a76231aa5,ANC28809AEE0004,ANC28809AEE0004,30027,0
17d2c8eb-c108-1ffc-f53b-0e4a06448a01,ANC28809B000000,Ringer port 0/0/0,30027,0
9a0f599d-3f64-1925-e5e3-30692980f19f,ANC28809B048000,ACTA Paging 500-211-7676,30027,0
b7e367c7-c99e-0aff-657f-96260ac2ddde,ANC28809B0D8001,FXE-GEGA Fax line 5093816942,30027,0
8df8aa84-c24d-dacd-521f-034730d217f7,ANC28809B0D8000,GEGA Paging 500-211-7676,30027,0
f66bc345-2155-bf6c-fd7f-696038ad1aa8,ANC28809B288000,AYEA Paging 500-211-7676,30027,0
fd4a4ef7-eb18-2710-9844-4a6878294b11,ANC28809B288001,AYEA NightBell 500-211-2075,30027,0
202d89a9-36ad-507f-efa0-770e749f29d4,ANC28809B480000,ANC28809B480000,30027,0
09651358-2bab-91a5-e294-3192ad3af5ec,ANC28809B480002,ABER Vehicle Maintenance 2 500-211-2025,30027,0
38f5399a-bfd6-9a7e-4305-d24efbae2b84,ANC28809B480003,ABER CSA OFFICE 500-211-2066,30027,0
82e56b5a-de3d-0f97-55e1-317ec3f9b339,ANC28809B558001,APFA NightBell - 5002112070,30027,0
3b64afa5-8479-d328-8d1b-b29314802040,ANC28809B558000,APFA Paging - 5002117676,30027,0
409fcf84-be76-01fa-b65e-0998f1d5ae8e,ANC28809B708009,GRRR Aircraft Maintenance 4 6165754727,30027,0
5a1fddee-017c-025e-966d-7ba3a820e4f6,ANC28809B70800A,GRRR Aircraft Maintenance 5 6165754727,30027,0
52b077d2-4b82-8ddc-f717-78bffd47fada,ANC28809B70800B,Faulty Port,30027,0
c77efd56-8fd6-3758-6691-8c015c9aafcd,ANC28809B70800C,GRRR Paging - 5002117676,30027,0
4fc69f34-f8a6-c56f-adb7-be6abc0c04ab,ANC28809B708001,GRRR NightBell - 5002112070,30027,0
71244f96-bd98-bcf6-0ce9-28eda0a9f75f,ANC28809B70800D,GRRR Shop Bell 6165754750,30027,0
cb3f50aa-19c8-7b59-c32e-3263a69cc9d1,ANC28809B708004,GRRR GSE Maintenance 4 6165754750,30027,0
f30300f8-caa9-684e-0d4c-8a24830eac03,ANC28809B70800F,GRRR Guard Gate 2 - 6165753944,30027,0
6e35dca3-c8f8-9d32-1c04-d9165b86bbc6,ANC28809B708010,GRRR Guard Gate 1 - 6165753945,30027,0
10fbf829-e43d-dc02-d5bb-7c5c4478ab0c,ANC28809B708005,GRRR GSE Maintenance 5 6165754750,30027,0
1c4fdbee-f1b6-0f69-e9d0-7498d197d7cd,ANC28809B708006,GRRR Upstairs Hallway 6165754782,30027,0
3276be67-9781-4f70-1299-ded6dd42262c,ANC28809B708007,GRRR GSE Maintenance 6 6165754750,30027,0
dbdbc527-088f-27e5-a6a7-f8ecde32e4a0,ANC28809B708008,GRRR GSE Maintenance 7 6165754750,30027,0
788b98b1-23e8-be31-dc24-4a965a123719,ANC28809B7E0000,ANC28809B7E0000,30027,0
60210d3b-0796-2de9-4f42-0168b59c1d96,ANC28809B7E0001,ANC28809B7E0001,30027,0
d6db49f8-2578-2b06-4ba8-031ee8bf664e,ANC28809B828000,HHRA Paging Line 5002117676,30027,0
918c0e16-8033-8205-79b0-d58eede32804,ANC28809B828001,HHRA Analog Phone 5002114601,30027,0
539ec679-468c-11ad-1831-290be50740ac,ANC28809B828002,HHRA Maintenance 310-263-4654,30027,0
25c005c0-9f03-59d0-322c-f6957cceb6aa,ANC28809B900000,FXE MDTRT Paging 500-211-7676,30027,0
4539673d-79df-5084-b2d8-34e9f591a3ab,ANC28809B948002,ANC28809B948002,30027,0
d2261495-366d-f513-c081-87adad58a389,ANC28809B948000,ANC28809B948000,30027,0
41f4d032-a509-3089-8a9e-29e31cefe350,ANC28809B948001,ANC28809B948001,30027,0
8fdcc2e9-7390-f365-beb5-d65d8f518a08,ANC28809B9D8000,RSWR Paging - 5002117676,30027,0
80c1043b-38d6-3513-f426-bdba161b3504,ANC28809D4D8001,OKCR Vehicle Maint Bell and Recording 200-211-2070,30027,0
032181c9-c922-f69d-09f3-fc2a173fe050,ANC28809D4D8000,OKCR Paging 500-211-7676,30027,0
21755964-5db0-8def-211e-7f611157307d,ANC28809DF4000A,BHMRT - Vehicle Main. Ringer Bell - 205-714-3268,30027,0
1d2bf487-151e-ecef-ad83-16cb89a66d45,ANC28809DF40009,BHMRT Analog 5281,30027,0
64531530-ff1f-ce31-18b9-c777cf65f61b,ANC28809DF40008,BHMRT Night bell,30027,0
83c7eacf-3cd2-e076-8c0c-46faadbea1ec,ANC28809DF40007,ANC28809DF40007,30027,0
6c4abdb5-d82a-1963-3450-2c0ffc7924ae,ANC28809DF4000C,BHMRT Elevator Phone 500-211-7677,30027,0
0597d57a-5f6e-73f9-8a08-1b02f9ecce47,ANC28809DF40006,BHMRT  Analog 5201,30027,0
a7ee453b-cf04-cafe-9322-e61c9b601de0,ANC28809DF4000D,ANC28809DF4000D,30027,0
40fab0c4-65f8-c0c8-be20-0c53daec210f,ANC28809DF40005,BHMRT  Analog 3276,30027,0
a2377d2f-ae34-d474-c92f-e837a9ef389a,ANC28809DF40004,BHMRT  Analog 5282,30027,0
c8e5d17d-d523-ccc4-8e3b-9c68f5d35a08,ANC28809DF40003,BHMRT  Analog 5284,30027,0
6a2c9ce6-9b71-fdc4-35c8-ed0e1e9ae08f,ANC28809DF40002,BHMRT Analog 5283,30027,0
c6593eb6-d141-8322-bef0-581c3a0ce6ad,ANC28809DF40001,BHMRT  Analog 5275,30027,0
f1d3bde1-044e-ce75-8e85-e3cd9fc1d826,ANC28809DF40000,BHMRT  Paging 5002117676,30027,0
a6905fed-edd7-81c6-858b-e303c19c7e09,ANC28809DF4000E,BHMRT FAX LINE 205-714-3269,30027,0
74da04a3-b5fe-dc59-b351-83877bd48e41,ANC28809DF4000B,ANC28809DF4000B,30027,0
9a5a7716-1fb7-49d6-6abf-6ea5b641587a,ANC28809E258001,ANC28809E258001,30027,0
7312d8aa-85ed-8676-4c1b-cc9d17b368e7,ANC28809E258000,PWMR Paging 500-211-7676,30027,0
3b67e1ba-0234-9b51-0b5a-f0276e7c1251,ANC28809F068003,DCAA Mezz Fax 202-636-0965,30027,0
7816f9f8-839e-95f2-97c7-b895b087687e,ANC28809F068002,DCAA CSA Fax 202-636-0711,30027,0
651ce2a8-1e59-6338-ad81-829643fa84d9,ANC28809F068001,DCAA CSA Bell 500-211-2070,30027,0
dc7c7104-eca4-6da4-25f4-4e02751ee614,ANC28809F068004,DCAA District Office Fax 202-636-0996,30027,0
8d3673b6-6341-cdb9-6d9e-beb121e1dd7b,ANC28809F068000,DCAA Paging 500-211-7676,30027,0
0435fd55-b7e9-942f-48b8-9997d2cce8e1,ANC28809F0B000D,RZZA DOCK STAND 12 - 5002112053,30027,0
f7b7e0b9-a942-5986-320d-1ad73d7829d7,ANC28809F0B000E,RZZA DOCK STAND 13 - 5002112054,30027,0
1a53cccc-b50b-e7d0-8db8-5fac17783eb8,ANC28809F0B000F,RZZA DOCK STAND 14 - 5002112055,30027,0
85914e57-fde0-3873-e4d9-446cb9add6f1,ANC28809F0B0010,RZZA DOCK STAND 15 - 919-877-3019,30027,0
496a5455-f00b-85dd-a57e-ff2ef49b571f,ANC28809F0B0011,RZZA DOCK STAND 16 - 5002112057,30027,0
776ebe58-0d3c-572c-20f0-a1e236e748d4,ANC28809F0B0012,RZZA Senior Manager Fax - 9198773026,30027,0
9c074919-378f-2711-b7f6-6dfbdec905ed,ANC28809F0B0013,RZZA Paging Line 500-211-7676,30027,0
2aa6f590-f80c-23a2-25b9-da7e95d29d9b,ANC28809F0B0014,RZZA NightBell - 5002112070,30027,0
9304f1ed-4e01-42c9-af7e-d86d5b96a3a3,ANC28809F0B0015,RZZA Fax 919-877-3020,30027,0
7b3c075e-896d-2b3d-8a84-e342d77b7f49,ANC28809F0B0000,RZZA Dock Stand 1 5002112040,30027,0
5d5b0e29-f051-0e80-2d0a-b45474b6a428,ANC28809F0B0001,RZZA DOCK STAND 2 - 5002112041,30027,0
80db331d-7e55-0bc7-6a14-d65442aaf3ca,ANC28809F0B0002,RZZA Dock Cordless 1 - 5002112042,30027,0
5f6ec784-504b-1462-f100-cd7171386099,ANC28809F0B0003,RZZA DOCK Cordless 2 - 5002112043,30027,0
c27639aa-8041-de49-d81a-6c23196452fb,ANC28809F0B0004,RZZA DOCK STAND 3 - 5002112044,30027,0
5ba99364-cb7f-be0a-d3cb-ed96af8003e3,ANC28809F0B0016,RZZA FAX 919-877-3084,30027,0
ff9f9308-a2eb-71f8-f2e1-6dba79ed03e2,ANC28809F0B0005,RZZA DOCK STAND 4 - 5002112045,30027,0
9bc58c25-ee73-05df-52c0-06069b68c005,ANC28809F0B0017,RZZA Break Room 500-211-2004,30027,0
e4497c7a-fbb6-97cc-48bd-66e0bd548899,ANC28809F0B0006,RZZA DOCK STAND 5 - 5002112046,30027,0
f3e0f323-c4e4-7c90-a370-11ebb4d4d686,ANC28809F0B0007,RZZA DOCK STAND 6 - 5002112047,30027,0
9b10ed16-83bc-e61e-da3c-5498f30eba7c,ANC28809F0B0008,RZZA DOCK STAND 7 - 5002112048,30027,0
a9f4a14e-80ee-7e75-e002-27f6f3247949,ANC28809F0B0009,RZZA DOCK STAND 8 - 5002112049,30027,0
1ab9b8b5-307a-246a-28aa-e6ad32934ae5,ANC28809F0B000A,RZZA DOCK STAND 9 - 5002112050,30027,0
c3ee4d46-3e03-9c29-1417-77b1422ecfd5,ANC28809F0B000B,RZZA DOCK STAND 10 - 5002112051,30027,0
15ecfc50-af94-c9d1-99d1-75e89d34d62b,ANC28809F0B000C,RZZA DOCK STAND 11 - 5002112052,30027,0
c2eb79f8-a17a-9bc4-aefc-f9691f6b29f5,ANC28809F4A0007,FXE DENR Tool Bay 3033425316,30027,0
2ef125b0-72eb-c563-b978-174083b00226,ANC28809F4A0005,DENR Paging 500-211-7676,30027,0
785a75fc-afc0-3824-7638-26f6e027ca3c,ANC28809F4A0004,DENR 1st Flr Breakroom 303-342-5319,30027,0
a0a053d7-ef92-cde1-bc38-6d8b9dda3a93,ANC28809F4A0003,DENR Deck 303-342-5285,30027,0
6469685d-d093-b9fd-34ec-c0cee416339c,ANC28809F4A0008,FXE DENR East Guard station 3033425354,30027,0
3fc170e3-65d7-6291-8a93-82d60469b039,ANC28809F4A0002,DENR Maint Tech 303-342-5208,30027,0
44242ff9-25cf-0e9c-ec75-8c3eafbc2988,ANC28809F4A0006,FXE DENR Scale 1 3033425286,30027,0
0425f613-c1b9-a6f3-62f0-ab72d8cf926e,ANC28809F4A0001,DENR Vehicle Mnt 303-342-5207,30027,0
e564b8b1-ad6a-e4ee-ff44-0781d336971e,ANC28809F4A0000,DENR 2nd Flr BreakRoom 303-342-5271,30027,0
8e84a6d6-fd79-437c-736c-70d0a39fc80c,ANC28809F4A0009,FXE DENR West Guard Station Exit Gate 3033425355,30027,0
926d8e86-14cc-1504-4808-970c4b029056,ANC28809F4A000B,DENR Fuel Pump Modem 303-342-5275,30027,0
ad214012-8a23-11fc-3248-33662f92552f,ANDE31F00550002,ANC28809AE50002,30027,0
f368cea1-0798-6b93-b91a-1346f3455b11,ANDE31F00550001,ANC28809AE50001,30027,0
4abefc1c-ba23-55d1-f03b-b12f33087ae0,ANDE31F00550000,Paging SRWA,30027,0
5b203910-dcf4-629a-a9c4-a36b9e97a370,ANE01DCA1688001,FXE AUSA Ringer500-211-3090,30027,0
2e4391b8-71b0-8f80-36f6-41958d621a4d,ANE01DCA1688000,FXE AUSA Paging 500-211-7676,30027,0
0553547a-3e8e-d9c3-b748-a090268a7008,ANE01DCA16D0001,CVOA Ringer  500-211-2015,30027,0
d962e40d-5989-79a0-f003-f63905238c3d,ANE01DCA16D0000,CVOA Paging 500-211-7676,30027,0
10ff2341-c51d-4481-f871-db2c9a6acac5,ANE01DCA1718000,PITA PAGING 5002117676,30027,0
661453bb-f099-1308-4915-55c0c99c9107,ANE01DCA1718001,PITA Analog Phone 4127881912,30027,0
5280d93a-a058-8520-243f-d5e1a59355d1,ANE01DCA17A8000,COIA Paging 5002117676,30027,0
e7980851-95f5-6aa4-f1ef-00002fcc4db9,ANE01DCA17A8001,COIA Night Bell 5002112070,30027,0
9f52e9d8-e790-d872-62fd-694df18e2ddd,ANF6632419E0001,FXE-Field-A GFKA 701-335-2961 CSA Fax,30027,0
7c792a94-4f5d-3067-66b4-c0ac870cbf24,ANF6632419E0017,FXE-Field-A-GFKA 500-211-7676 Paging Port,30027,0
62467116-2da4-77e7-0d2a-9f9a1b5c2659,ANF6632419E0000,FXE-Field-A-GFKA 500-211-5001 VMX Loud Bell,30027,0
23911ea3-1e4f-370c-ee3e-2cab22fe94fb,ANFEC8DE16C8000,FXE MYFA Paging 5002117676,30027,0
c9513cf9-2b38-8d16-1662-5084ac244913,ANFEC8DE1758004,MMRA Warehouse Analog 5123494008,30027,0
31bac9df-1d5a-50f6-3c06-bfd6d29488de,ANFEC8DE1758006,MMRA Warehouse Analog 5123494010,30027,0
2b763bc1-e9a5-017b-68c8-e139efad86c5,ANFEC8DE1758005,MMRA Warehouse Analog 5123494009,30027,0
a4f5dc1f-708d-3065-51fa-199a35664f3f,ANFEC8DE1758008,MMRA Paging #500-211-7676,30027,0
82ff193c-23b5-611a-bca0-9c1da9f03470,ANFEC8DE1758003,MMRA Warehouse Analog 5123494005,30027,0
f5edd5f0-a7bf-4660-1d6e-1ac9cc0e6d77,ANFEC8DE1758002,MMRA Fax 5123496520,30027,0
cfac1fae-74e2-9bc4-4bb4-b433680d64a8,ANFEC8DE1758001,MMRA Breakroom Analog 5123496529,30027,0
7822175c-1ba4-14b8-6454-d6a39ed378ac,ANFEC8DE1758000,MMRA Mechanic Shop Analog  5123496542,30027,0
061f2a7b-fb69-5cfd-8aca-2b016cb2686c,ANFEC8DE1878009,APAA Hold room 303-925-8004,30027,0
d327c6d0-6d0e-3c7d-a64b-c945a3312544,ANFEC8DE187800A,APAA Paging 500-211-7676,30027,0
7eb06f8e-fa7a-2618-ca2d-597f690ae9d1,ANFEC8DE1878005,APAA Break Room 303-925-8556,30027,0
4af46df7-8702-76bc-a8af-af16b11a0c24,ANFEC8DE1878000,APAA Tony 303-925-8097,30027,0
ff26b3ec-11a0-4f66-0959-f78b0ae991ed,ANFEC8DE1878001,APAA Warehouse 303-925-8571,30027,0
8f0a2a5f-a379-1a32-395d-1144d4af1512,ANFEC8DE1878004,APAA Warehouse 303-925-8566,30027,0
945985b9-8ede-51a7-a234-472434f335ff,ANFEC8DE1878002,APAA Warehouse 303-925-8567,30027,0
f0e101ad-8578-05f5-4d44-b45501fc0442,ANFEC8DE1878006,APAA Break Room 303-925-8535,30027,0
f6419944-808c-e1fa-a1e5-c06e1c3279bb,ANFEC8DE1878007,APAA Warehouse 303-925-8567,30027,0
973b6df3-1fd6-936f-b944-2ede4fe8b098,ANFEC8DE1878008,APAA Warehouse 303-925-8561,30027,0
9d88b77b-899a-8fd1-01aa-ea710a655f59,ANFEC8DE1908000,PHXR Night Bell Shed 602-392-7284,30027,0
3b5abcfc-6e52-5d2b-3b60-8c2d1433890c,ANFEC8DE1908003,PHXR Paging Line 500-211-7676,30027,0
3f8528df-a307-8f0c-24f6-20801a64bc5b,ANFEC8DE1908007,ANFEC8DE1908007 - Ringer for 602-392-7233,30027,0
9fe0fd8f-2b6e-417a-0b07-e615c652d22c,ANFEC8DE1908004,PHXR Night Bell Ground Support 602-392-7275,30027,0
53e0ec9c-5f6f-8781-0b0f-c5362c733941,ANFEC8DE1908006,Fax Machine Line - 602-392-7309,30027,0
fde4c503-5d22-e39c-2b92-d9d675dc2e55,ANFEC8DE1908005,ANFEC8DE1908005,30027,0
3c8f6745-263d-ef04-23c4-d2a6e0995e0d,ANFEC8DE1908002,PHXR Night Bell Heavyweight 602-392-7301,30027,0
2a6b1b94-e2c0-07bb-dc45-649bf375ea3c,ANFEC8DE1908001,PHXR Night Bell Vehicle MX 602-392-7312,30027,0
ad1b4dec-5810-ec31-09fe-f6d6a3bb3222,ANFEC8DE1950000,STCA Paging 5002117676,30027,0
efe7a4ea-b837-31e5-43da-82afe1144ea7,ANFEC8DE1950001,STCA  Night Bell 500-211-2070,30027,0
04ae2b35-fda5-dde6-1c15-17bff61a4891,ANFEC8DE1A28000,BPTA Paging 5002117676,30027,0
9c1179d4-a9ab-c550-db12-cb8a93c5be0f,ANFEC8DE1C68003,SMFVK yukie fax 949-862-4774,30027,0
01af617d-2793-6b08-454c-b2be2bc14373,ANFEC8DE1C68000,SMFVK Paging Line 500-211-7676,30027,0
c6dfa624-03e2-71a0-afe2-2d6c4f2b08b6,ANFEC8DE1C68001,SMFVK Fax 949-862-4464,30027,0
6fae6092-e082-ea5a-7d2a-dd0cbe9dfb2b,ANFEC8DE1C68002,SMFVK lani fax 949-862-4773,30027,0
53d27d0d-12ec-92c8-b17c-762c51655fb2,ANFEC8DE1C68008,SMFVK Postage Meter OPEN DID,30027,0
db2da3a5-00e6-4257-9df7-2499673dfc36,ANFEC8DE1E60000,BHMA Paging 500-211-7676,30027,0
c5cf0ca8-1738-6375-ece0-2b8a93355268,ANFEC8DE1E60001,BHMA Bell 500-211-2070,30027,0
aee79f11-00b9-b024-05d3-d0d504967607,ANFEC8DE1E60002,BHMA FAX 205-956-7796,30027,0
2132d97e-67f1-a5ec-a0d5-259f8600d00d,ANFEC8DE1E60003,BHMA Customer Phone 500-211-2079,30027,0
370027bc-28e2-eb07-d854-6aed274abcf4,ANFEC8DE1E60004,BHMA Break room 500-211-2005,30027,0
681688a8-1b76-ec8f-ca90-9d2ceb105673,ANFEC8DE1E60005,BHMA Warehouse Pole 1 500-211-2046,30027,0
4b5c84fd-a6c7-a852-c669-68ab7632b5ea,ANFEC8DE1E60006,BHMA Warehouse Pole 2 500-211-2047,30027,0
6830f665-3822-c5cd-3513-0d8b850448a6,ANFEC8DE1E60007,BHMA Warehouse Pole 3 500-211-2048,30027,0
12816220-8678-0148-b6eb-486b476a11c6,ANFEC8DE1E60008,BHMA Warehouse Pole 4 500-211-2049,30027,0
74fc3833-c923-df93-c609-dcf6612f6324,ANFEC8DE1E60009,BHMA Warehouse Pole 5 500-211-2050,30027,0
1a8b59ec-3c16-6618-b2d3-66670d5ae8fc,ANFEC8DE1E6000A,BHMA FAX 205-956-7793,30027,0
f5f01c27-fa09-d649-330e-3631a5826f1e,ANFEC8DE1F38000,RBGA Paging 500-211-7676,30027,0
a5644d64-eeb8-4574-2b20-e5ddbe53b1e2,ANFEC8DE2718000,PUBA PAGING,30027,0
b12833fe-109e-35d9-8056-9a8043ea7db4,ANFEC8DE2718001,PUBA BELL,30027,0
f16584c0-9985-9be6-ec77-c8f0bd295a0d,ANFEC8DE3F48000,JDYA Paging Line 500-211-7676,30027,0
6e24d033-b6c9-c9ad-efdc-815543a7ed9f,ANFEC8DE44E8000,GSPR Paging 5002117676,30027,0
1b05a4f3-d511-bf22-3d3c-9ab4a7b4f6f9,ANFEC8DE46E0001,OXDA Night Bell 5002112070,30027,0
698b07bb-cdfb-7c2b-91ef-57042df9b4a7,ANFEC8DE46E0000,OXDA Paging 5002117676,30027,0
30c7e32c-5d6f-1051-9ead-77243d0df747,ANFEC8DE4FE0000,FXE POCA Paging 500-211-7676,30027,0
bcf799af-580d-a7f7-8c82-80863031c6bd,ANFEC8DE5538001,BILA Vechile Maintenance,30027,0
aee64eb5-c0e1-ee6f-84ae-41aa9a39deba,ANFEC8DE5538000,BILA PAGING,30027,0
d4fceab0-ea8b-21a0-7920-64a39a7c51f2,ANFEC8DE5610008,FXE-FLLET-HOWA 954-945-3947,30027,0
74941100-4494-01c4-1de2-066a033045da,ANFEC8DE5610000,FLLRT/HWOA FAX 9543167680,30027,0
48e17117-8bc8-48ae-d6ff-7c1438ce80da,ANFEC8DE5610009,FXE-FLLRT-HWOA 954-945-3848,30027,0
584afb26-569e-5cbf-f03d-40c37a5e9691,ANFEC8DE561000A,FXE-FLLRT-HWOA 954-945-3949,30027,0
0236799d-e983-1bda-9ff5-c090d51adb1e,ANFEC8DE561000B,FXE-FLLET-HOWA 954-945-3966,30027,0
56e62114-9db0-429e-5e3b-14469428724f,ANFEC8DE5610003,HWOA/FLLRT - Security Gate - 9543167682,30027,0
63df1caf-c05b-16c9-d87b-f184c17f8ba7,ANFEC8DE5610004,HWOA-FLLRT Vehicle MX Loud Bell 5002112080,30027,0
ca1da436-d3d1-29cd-9b0a-7ef297e2996b,ANFEC8DE5610005,HWOA-FLLRT Vehicle MX 5002112081,30027,0
9645c168-1839-4a2e-7302-f6c5534c5344,ANFEC8DE5610006,FLLRT FAX 9543167728,30027,0
9a172c5f-c999-1989-40e2-86bc20a284eb,ANFEC8DE5610001,FLLRT Paging 5002112076,30027,0
9645f68c-89d5-4e6f-4d88-653363af4a40,ANFEC8DE5808002,EWNA Paging 500-211-7676,30027,0
c0816a8e-5b6f-6147-a79a-eb23fa5f849c,ANFEC8DE5808003,EWNA Paging 500-211-7676,30027,0
45d663f7-0c2c-ef75-54f4-21fcf758970a,ANFEC8DE5898001,JSNA Loud Bell 500-211-2070,30027,0
694e2cbc-5dc8-fb5c-1906-bab9f7b876f0,ANFEC8DE5898000,JSNA Paging 500-211-7676,30027,0
8ae17f03-f8ec-b3c5-f134-3692c4e4b338,ANFEC8DE5928000,OJCA Paging 500-211-7676,30027,0
cb810191-7847-6d04-3bdc-af487a43199c,ANFEC8DE6348000,JHWA PAIGING 5002117676,30027,0
5868616f-5e9e-040a-fa0e-d0d9b5a1f401,ANFEC8DE6348001,ANFEC8DE6348001,30027,0
df5768d6-0133-0c1e-8735-c193a8ba0afb,ANFEC8DE66F000B,FNTA WH Right 3 500-211-2091,30027,0
d16d9a5d-d065-57a9-5888-95edb251a1fc,ANFEC8DE66F000C,FNTA WH Right 4 500-211-2092,30027,0
28aa849b-32ba-944d-25a0-1f578573c562,ANFEC8DE66F000D,FNTA WH 4th L Wall 500-211-2093,30027,0
a1ab7e37-ec31-15b8-6104-21f3c7d66ac2,ANFEC8DE66F0011,FNTA Mechanic Bell 810-720-5640,30027,0
e4a7e765-3db5-9f31-94df-e6bf97822e89,ANFEC8DE66F0010,PAGING FNTA 5002117676 0/0/16,30027,0
38a7af77-0ee7-2f36-34ca-8e11f6f9d834,ANFEC8DE66F0000,FNTA Lobby 810-720-5603,30027,0
9fd35751-1fcc-a56b-0ed2-ee1412111bf7,ANFEC8DE66F000E,FNTA Send Again 500-211-2094,30027,0
4d019561-dec1-6f88-70ca-6e415be3210c,ANFEC8DE66F0001,FNTA Break Rm 810-720-5639,30027,0
5bd0f9f8-a0f2-5d80-0cef-424850c35ed8,ANFEC8DE66F0002,FNTA Maint 500-211-2082,30027,0
bab3fe3a-95f5-76dc-af13-a3e00d388b03,ANFEC8DE66F0003,FNTA Fax CSA 810-720-5608,30027,0
1202ea3c-98ed-b86f-ab43-d2767cc77642,ANFEC8DE66F000A,FNTA WH Right 2 500-211-2090,30027,0
4d95ceb0-11cc-5364-d456-c18fdd99021b,ANFEC8DE66F0009,FNTA WH Right 1 500-211-2089,30027,0
a9daf0e2-31c7-68ba-773a-3d540a1aadd6,ANFEC8DE66F0008,FNTA WH 2nd Pole 500-211-2088,30027,0
5ae44b25-8f7d-fd69-afbc-643ee290a737,ANFEC8DE66F0007,FNTA WH First Pole 500-211-2087,30027,0
9bdf85f2-e59a-fac8-df92-0e5482f8e39c,ANFEC8DE66F0006,FNTA WH 3rd L Wall 500-211-2086,30027,0
d91cc58f-7eb5-7c37-2f28-130124bb1dd6,ANFEC8DE66F0005,FNTA WH 2nd L Wall 500-211-2085,30027,0
6bc6e46d-6ab1-264b-a5e1-bc4195766033,ANFEC8DE66F0004,FNTA WH 1st L Wall 500-211-2084,30027,0
f28fb3a2-0623-cf28-7781-07c80513856e,ANFEC8DE681000A,JGXA Paging 500-211-7676,30027,0
fdabae04-b7c7-0166-d354-36c008aa1d18,ANFEC8DE6810001,JGXA FAX 323-441-7058,30027,0
b8954d56-ea15-3e4b-cc80-19397256dbcb,ANFEC8DE681000B,ANFEC8DE681000B,30027,0
2e95bd68-311c-3280-de55-d006dc057dd3,ANFEC8DE6810000,JGXA Paging 500-211-7676,30027,0
886ce073-e591-918c-3529-7f9b31071fb8,ANFEC8DE6810002,JGXA Warehouse 323-441-2086,30027,0
e6695b0a-3ec0-cf96-3f19-41a17f47a1b7,ANFEC8DE6810009,JGXA Empolyee Break Room 323-441-2054,30027,0
9bc03036-4d4c-ed15-af07-5183f32db69a,ANFEC8DE6810003,JGXA Warehouse 323-441-2085,30027,0
ab158e29-b987-75b2-7440-facfac59703e,ANFEC8DE6810004,JGXA Warehouse 323-441-2063,30027,0
e525b313-8811-c56a-bda2-91bcad0fe148,ANFEC8DE6810005,JGXA Warehouse 323-441-2064,30027,0
d6c7d62f-b53c-a065-5dbc-29f6a5b31579,ANFEC8DE6810006,JGXA Warehouse 323-441-2088,30027,0
cde11a61-f9f6-9d6f-4dad-c91ea0e92510,ANFEC8DE6810007,JGXA Warehouse 323-441-2071,30027,0
8d468755-680e-3b14-025b-cb1d349a32ec,ANFEC8DE6810008,JGXA Warehouse 323-441-2074,30027,0
f5f88494-43af-4467-83fb-5d6cfa881b41,ANFEC8DE693000A,VNYA Send Again Cage 818-920-4279,30027,0
c0330a2f-90ce-1cdb-812d-0cd567ab7102,ANFEC8DE693000C,VNYA LoudBell 500-211-2070,30027,0
8d75e0fd-df94-61ee-3a2b-ceaee21d966b,ANFEC8DE6930006,VNYA Belt Single Line 818-920-4275,30027,0
15674965-5380-73fe-d8cb-e9d49ef3ae62,ANFEC8DE693000D,ANFEC8DE693000D,30027,0
d0cfe9a9-4e36-8b0a-9c81-288be616cc70,ANFEC8DE693000E,VNYA Loud Bell,30027,0
3b1908cc-1624-85f7-551b-60af4b7a55fd,ANFEC8DE6930005,VNYA Jtoa Belt Warehouse 818-920-4274,30027,0
0872acb9-75b1-c6e7-986e-dcdcfb257d36,ANFEC8DE6930004,VNYA Jtoa Belt Warehouse 818-920-4273,30027,0
2a5b0151-799f-6825-5b9b-644211c76fd6,ANFEC8DE6930003,VNYA Hafa Belt Warehouse 818-920-4272,30027,0
65d356a2-cdd6-000c-a8f4-20350b163117,ANFEC8DE6930002,VNYA Dangerous Goods 818-920-4271,30027,0
aa5843d2-0d06-0da8-469d-1a2efb4eb80a,ANFEC8DE6930007,VNYA Belt Single Line 818-920-4276,30027,0
8e420a9e-aa89-da1e-a9f8-286fe7e87bae,ANFEC8DE6930008,VNYA Belt Single Line 818-920-4277,30027,0
5017f1ff-7481-d52a-edf8-df8db8426958,ANFEC8DE6930001,VNYA FAX 818-920-4261,30027,0
b1f9db8d-f7e3-ab44-1cb0-b8d6a0fd9641,ANFEC8DE693000B,VNYA Break Room 818-920-4280,30027,0
930ac5e7-0645-3353-e449-50e429f0d22d,ANFEC8DE6930000,VNYA Paging 500-211-7676,30027,0
7cfe9363-e236-67ef-bfd0-cae765a843fa,ANFEC8DE6930009,VNYA Dangerous Goods 818-920-4278,30027,0
2c8570ed-8ed7-dfdb-1add-46017c753873,ANFEC8DE6A50001,HHHA Loud Bell 500-211-2070,30027,0
8ba99f69-950b-3e15-02d9-7e8b0679bb0b,ANFEC8DE6A50000,HHHA PAGING 500-211-7676,30027,0
2765b266-fedd-b257-e9a5-e782d175119d,ANFEC8DE7080009,SEAR Aircraft Maintenance 206-248-7811,30027,0
47bab822-76dd-344d-cbfa-87ccf98a0716,ANFEC8DE7080005,SEAR Catwalk 2 206-248-7788,30027,0
241d75dc-c57d-d883-4034-d19f74b92f09,ANFEC8DE708000B,SEAR Dock Sort Platform 206-248-2905,30027,0
1bab4410-13fd-b849-c2c6-3bbbd1e435de,ANFEC8DE708000A,SEAR Outside Door phone 500 211-2999,30027,0
14ca7f2b-5160-dfc4-5794-e331a95042d7,ANFEC8DE708000D,SEAR Open Office 206-248-8026,30027,0
1799c56e-ff3d-d559-168f-82369464f9c6,ANFEC8DE7080007,SEAR Ramp Warehouse Wall 2  206-248-2924,30027,0
5117bc06-072c-2c7c-1fe6-8fbd077e5d2d,ANFEC8DE7080004,SEAR Catwalk 1 500 211 2910,30027,0
24fc1a74-b54b-21b0-ed42-a6a2f709e60e,ANFEC8DE7080003,SEAR Elevator,30027,0
7c7076f3-4915-ccc7-3720-336e75997166,ANFEC8DE7080002,SEAR Guard Shack West 206-248-7740,30027,0
a9435416-66f4-3560-f094-fb4d9eb37501,ANFEC8DE7080008,SEAR Guard Shack West 500-211-2906,30027,0
1b44d925-7777-c7a2-c193-beb8f4b96692,ANFEC8DE7080006,Sear Warehouse Wall 500-211-2904,30027,0
477c1e4e-408e-399f-99fc-20b35c9af5eb,ANFEC8DE7080001,SEAR LOUD BELL 206-248-7817,30027,0
09ae1d26-fe52-acfc-a0a1-9fa83688c47c,ANFEC8DE7080000,SEAR PAGING 500-211-7676,30027,0
2cb6aa59-dc25-db48-2d5a-554cdf207f2c,ANFEC8DE7398001,CMIA Bell 500-211-2090,30027,0
7575838b-8a29-5312-e579-8ff5b1181368,ANFEC8DE7398000,CMIA Paging 500-211-7676,30027,0
f1ee257a-4e3d-5043-26b4-267a3f3422c3,ANFEC8DE73E0000,JAXR Paging,30027,0
c601e330-6200-77d2-9b28-2a1899854852,ANc28809af70001,ACYA Ringer 500 211 2264,30027,0
0e1f4e59-0e2e-df5b-c1df-b225a2ced8ac,ANc28809af70000,ANC28809AF70000,30027,0
0b8476f8-0899-a714-9be8-64316db8efaa,SEP74860B7127E6,ATUA Security 305-470-3563,683,11
0d0e84b8-2a79-a195-8fb7-fe35e4b45c21,SEPDCEB94BD4AC7,ABER HAZERDOUS Material 500-211-2041,683,11
35e9507a-9979-2970-9047-ea00c39d67f4,SEPBCD295588714,CSGA CARETAKER 500-211-2050,683,11
06959e79-1a81-5022-b327-06a18e0c1b5b,SEPBCC4935043AC,JFKR Export Desk 8 718-995-6170,684,11
b158ef70-1cea-729b-49fa-540da997e830,SEP0041D2F9BFA2,BWIR1 Dispatch 500-211-2051,684,11
471efe43-6fbb-0fde-caba-5892a4313fde,SEPF87B20366642,SATS Dispatch Manager 500-211-2071,684,11
c135aa7d-9eae-1459-f9e5-279a46b4059b,SEPC4B9CDD9C8A5,PYMA Vehicle Maint 508-884-3649,683,11
4f6fe379-59b7-f149-9913-84e8b62f28f0,SEPBCC493A50841,5002112213 - (SYRR),683,11
2fea7b6f-c99d-186e-876e-9624c69f3761,SEP6C13D5B315F1,SJCRT,683,11
ad77cb6f-594d-a3d1-5988-8e47d773da78,SEPF0B2E58FAB17,ABER Break room 500-211-2004,683,11
093a84ba-004e-9bf2-7899-9c2ca15c6ba4,SEPB4A8B9693988,RCVA PRR OLB 662-892-3775,683,11
d10620f2-6755-a87f-860b-4b4bcf3bd86f,SEP00AF1F9CA886,BWIA CSA 410-609-1102,683,11
0be53fed-3121-4693-177a-219354f904f9,SEPF87B203726B4,MCOS  500-211-2070,684,11
8b2a63df-d5b0-bbb1-29d7-e617cb4303f4,SEP007E95FDDD70,RKWA CSA 865-777-5058,683,11
0c5766cb-6a63-c2a8-bd40-4a87e0caa440,SEP00AF1F9CA6CE,BOSR GSE Maint Office  500-211-2018,683,11
ce7afdde-caa7-4660-8e40-7424a0289227,CSF191194,SDMA Jenn Petruzzelli 619-527-2072,503,11
62f60e8b-094f-47c4-a14f-00220594dc0d,SEP00DA55275C06,CSGA GENESIS 500-211-2056,683,11
5d75619d-34f6-1bd9-19b9-f6cc58520164,SEP5006AB08B3C8,TPAR TPF Dispatch 2 813-673-6938,684,11
49d67d39-d9eb-e9a5-9b0f-c9030b858580,SEPC4B9CDD8F265,IAHR GSE Maint 281-230-5125,683,11
bf685183-bf02-f2a7-7bc1-5eaf19243940,SEPBCC493501B46,CVOA Office 3 500-211-2052,684,11
b8e67d4c-d3da-8292-6ec6-36212c1f3c74,SEPF0B2E58E1AAB,JEFA Dock 1 500-211-2050,683,11
b54e8f10-a3aa-a9df-87c5-53d819851bbf,SEPF0B2E58FAAD3,ACYA Check-In Rm 5002112232,683,11
f9dcda57-4640-965b-f30b-f0ee730913d8,SEP00DA552722D4,TMBA CSA 3 500-211-2054,683,11
f5f9f760-c3db-74f4-739b-daac12e138de,SEP9C57AD128708,LAXR Sr Mgr Hub Ops 310-665-4827,684,11
d5b2845f-2386-a2c1-7a78-071c26f5a6c9,SEP38205644E606,BHMA Csa 1 205-956-7709,684,11
9bd11d57-bd9c-b944-58fe-94a9df8a9f96,SEPC4B9CDD82825,HIOA Security 5036704563,683,11
def495c8-eea1-9a99-8e96-3f924d63c418,SEPF0B2E58E1B90,DENR CSA Front Counter 303-342-5250,683,11
859c9885-adcb-f50c-3ba0-c6f2d2bb8bf9,SEPBCC493A52139,5002112214 - (JSDA),683,11
f110669c-9e06-6947-27c6-e905b5fa4c51,SEPB07D47D37058,SDFR Jeremiah Smith 502-380-2014,684,11
35d4ae25-a60c-954f-088c-302571f20f46,SEP00AF1F9DCDFF,GVTA International Desk 500-211-2066,683,11
af0a1fee-5d91-d66f-3581-4bd40990650c,SEP74860B7076FB,COAA CSA 408-220-0750,683,11
b71921ba-9865-d323-b396-dfd684248219,SEP6C13D5B31F1F,LASA2,683,11
afcd1445-3ac7-17c6-c110-f4a6ec2acb0e,SEP00AF1F9D6495,PRIA Sales 609-689-6451,683,11
bf0cba02-11d9-0a61-92ca-056d93f5d43a,SEP74860B70243D,LAXR Hub Control Room 310-348-2215,683,11
a4acc823-6b29-4912-517a-c71f53cdc266,SEPDCCEC1F1AE9F,PWTA A Warehouse 500-211-2041,683,11
d5b371d4-0f87-8ae1-8645-f446d9c2a1a9,SEPBCC493A526E0,SDFR Justin Thompson  502-380-2062,683,11
90d21d99-f815-4f19-99b1-b818212c1c8a,SEPF0B2E58F632B,FEPA LOVIE 500-211-2051,683,11
824424f7-8ff6-772d-c6cf-aec544440341,SEP8C941FFF645B,,683,11
75db8461-928f-3059-e11d-6b7a93aec4d0,SEP38ED18FEC3EC,JDYA Elder Con 500-211-2062,684,11
250790ba-a9db-69b8-12bf-387178584caf,SEP28AFFDCB4E0C,FXE-MIAR 786-265-6747 Hwy Weight Cubes,683,11
d75f2397-f3c7-f20a-20ff-3bf85ae8ccd3,SEP00C1B13E369F,BWIR Recruitment Specialist 500-211-2068,683,11
e433847d-d13e-f468-bdee-66c9739041b9,SEP00AF1F9D9321,UIZA Warehouse 500-211-2041,683,11
c60e6658-9b09-4480-f5c6-ba7820632f50,SEP0041D2F9BC90,LITA Admin 500-211-2061,684,11
117ebdc9-7cd4-e9df-f574-67710463e230,SEPB4A8B9698982,ABER Vehicle Maintenance Bay 500-211-2066,683,11
fba49205-fc00-41d3-19a5-bf3966e8f942,SEPC4B9CDD99B90,ORLA ROADS 407-893-7911,683,11
6a98d322-6db1-0454-17c5-ba60237894d7,SEPC4B9CDD868CF,SEGA Top of Belt B Pole 215-540-8708,683,11
9042528e-5cec-9372-ad19-fbb70e5ac9fa,SEP00CCFC4A4E98,CICA Hold Room 500-211-2053,683,11
503a2dbe-4b03-d327-7eed-494fc4c44658,SEP5006AB08AD44,FARA Csa1 500-211-2060,684,11
d36dd3ae-c420-e598-2354-6367983ed068,SEP9C57ADF436E8,RSTR Dangerous Goods PM 500-211-2057,683,11
1b2589ea-73b0-98d1-e52a-c94b42650d44,SEP0041D2F9A33C,FXE-SMFWK 916-364-6103,684,11
3af3ec62-9ae5-82f1-8922-bad70a956f7b,SEP007E95FDDECF,ISPA CSA 631-580-4957,683,11
cbcaa5d4-40b5-9a72-c487-dfdcefdd1159,SEPF0B2E58FAA47,MKEA Richard Alvord 500-211-2053,683,11
977ef230-9b6d-375e-2d1e-635846df9e16,SEPF0B2E58F6766,STLR Storage 314-983-1506,683,11
4de432c5-bdad-790c-f1c8-7d52b4a0604f,CIPCROAA1,Do Not Delete,30016,11
519ffb92-48f7-8758-f175-b209ff3c92df,SEP00DA55277EB3,3234417021- Enrico Dario,683,11
b5682f97-09db-55a8-7e4b-8effef8334a1,SEP00AF1F9CA0C7,CLER BKLA 2163628332,683,11
d5321a9f-34ec-05fa-d9ca-1623a68c1be7,SEP08F3FBBDBF7C,DETRT Guard Shack 734-955-8166,684,11
158eac33-c266-92c9-bce2-fcc876b0f977,SEP5006AB09209A,INDRT PU and D Dispatch 317-821-2881,684,11
b90af5fd-62dc-9323-2a16-68835fb60e9f,SEPBCC493504978,SATR Opts Man Raymond 5002112050,684,11
d8b047c7-f1f1-4b2c-fd6b-0eed8a0a7d10,SEPB07D47D2B876,CAER Darryl Blakely 500-211-2000,684,11
b36ee91e-d828-3e97-d840-ea68e0733fef,SEP6C13D5B31E92,,683,11
caf9e6be-d11b-a21f-20cf-f1ebe400915b,SEP00DA5527227B,GJTR Machanics office A 500-211-2023,683,11
203f112c-b2a5-15bd-9554-0f6f9e3caca6,SEP4CBC482C5EF0,FXE-AUSA 512-726-6755,684,11
f68c6f99-2a20-05c2-acbb-6c21c285ea85,SEPDCCEC1F1B469,SDMA Jenn Petruzzelli 619-527-2072,683,11
f0f66f63-8fff-286b-edfa-a0149f039d8d,SEPBCC493A51D1C,CIDR Mdf room 319-846-5418,683,11
940011e0-1272-31d8-ffbe-4aa554f54771,SEPAC44F213185A,CVGRT,659,11
abb39115-11a9-9a4c-5e46-fc31c987fd6e,SEP6C13D5B3120C,,683,11
c1b2575c-54b3-eb0d-d1d8-3d094f9dfa0e,SEPBCC493500B82,DHNA Mike Smith 500-211-2000,684,11
4a5c2142-9618-170b-2e8f-f774660dab95,SEPB07D47D3DCB0,FTYA Kelly Costello 404-362-5320,684,11
18f344a0-f8d4-f951-9291-baa9bce35c0a,SEP5006AB08EF3C,SHVA Jason Carroway 500-211-2054,684,11
90f08889-c64d-9699-538f-564cd09ef061,SEP9C57ADF4F38D,BQKA Front Desk 5002112050,683,11
723d80fa-19f3-9c1a-4b8e-004d0c92788e,SEP00DA5526366E,SMXA Back Wall 500-211-2051,683,11
30bb5f2c-e189-0a28-57c4-520733be12d2,SEP00AF1F9C11AC,PHLRT CSA 500-211-2068,683,11
a11b6907-072e-f50b-7d4c-b7ddc3bd81ab,SEPDCEB94BDB4F9,ASEA Reload Area 500-211-2051,683,11
b9f6fffe-8416-ad73-254b-2a976ce45be2,SEPC4B9CDB51C2A,NMZA Operation Mgr 500-211-2051,684,11
934f39ef-0121-66fa-aa2d-3ca4e6787074,SEP5006AB0872F0,TPAR OCF GNV TPR 1 813-673-6967,684,11
ba460636-c474-3de9-e49d-985fd229f335,SEP00DA552726DF,TYSRT Drivers desk 500-211-2051,683,11
2d54fd56-9e62-27ad-3578-e3168dc0758f,SEP00AF1F9DCD1F,DTWRT Team Lead 500-211-2056,683,11
90acc833-13c0-0456-8e36-aced253d1762,SEP00AF1F9DC9FC,JSLA Sr Svc Agent 201-507-3495,683,11
3de72e7b-eb6b-c486-ee27-e77665dc6ef4,SEP00AF1F9D62CD,MYRA 500-211-2058,683,11
db464bd0-5db3-b6d0-a9ab-357427b2d5fd,SEPB07D47D36582,5002112000-Tracy Swope,684,11
e0273734-d253-51ba-e692-d2b596981266,SEPC4B9CDD92FA6,MWLA Front Counter 817-230-2102,683,11
1947e00d-a6cd-05d7-7021-7059f5d8fcd8,SEP9C57ADF5A4F3,MTHA DG Desk 500-211-2003,683,11
6b3186bf-92b5-61f2-7e60-72ea0f62e0c2,SEP74860B71712D,LAXR Cosmos Room 310-665-1087,683,11
f2559da6-173f-c3a6-13c0-02c7c1ef27eb,SEP6C13D5B317DE,,683,11
a35fd1c7-48ca-abb5-c1fb-0d903b6b5536,SEPD4ADBDCB624B,FXE-RIVA 909-522-3106,683,11
d1ddaf1f-0210-bb88-41b8-b030bed2c81f,SEPB4A8B969EE96,RDUR Ops Agent 500-211-2070,683,11
e27cc77b-c462-37ef-6141-912eb88e48c8,SEP9C57ADF46C8D,GSPR Office 864-968-2706,683,11
4192a255-c1f4-8d5b-927a-feea62bfc727,CSF72201,FXE IAHS 713-268-7895,503,11
0441327f-ea38-b32d-aaa5-26b51cdc8792,SEP74860B71271C,OGGA Dispatch 500-211-2050,683,11
2ed8ab02-d050-9e84-1d5c-95955437952e,SEPC4B9CDD9EF3E,BCTA Check In 561-912-2016,683,11
153d898c-9673-dc94-4991-a901e209f0d7,SEP9C57AD025EFD,DEOA Office 1 500-211-2050,683,11
a6558400-2d33-0179-93b6-fa57f9f641ec,SEP5006AB091718,BWIR1 S.A.A. 500-211-2001,684,11
584dfcbb-e191-4997-1bb4-f4eb04023543,SEPB07D47D2AB50,LOZA Thomas Waggoner 500-211-2002,684,11
0151fffc-c9d6-52e2-6a4f-51399b9c5df3,SEPCC5A535E02BD,FXE-FIELD-A-LAXRT 310-735-0807,683,11
27469d54-54d2-2bd1-04cc-f18c0e871ccb,SEP9C57ADF435DB,JHWA Training Room 500-211-2011,683,11
48175be6-6e1e-685f-4fdd-d1de6af9a44f,SEP0041D2F9AA84,MHTR Manager 500-211-2061,684,11
92dc1771-779f-1f46-a559-e07be3ab91ed,SEP2C01B5E4ECA9,EWRRT 908-282-5502,683,11
684c8cf7-bac2-76cb-9dcd-415bcd1ce0c8,SEP0041D2F8F5E8,NBUA Branch Manager 847-674-3994,684,11
58c99fb2-fd57-2708-6b9c-d457dd35f5ab,SEPB07D47D31276,LRDA Parts 5002112090,684,11
38c058c8-c2b1-dff9-5607-7ae24fc772d3,SEPDCEB94BD4A77,MCCVM 510-347-2435,683,11
ace83430-d998-4de7-a947-90781e80f5e4,SEP9C57AD025D13,JFKR Maintenance Break Room 718-995-5370,683,11
8825bbba-5b19-cc58-4fd2-806d3fe0f35c,SEPB8A3771CE845,FXE-MAIR 786-265-6660 Office,683,11
ef113de2-7f50-71b9-cef9-79ee8a627ce3,SEPF0B2E58E2250,ATLR Mngt Facilir 404-209-2856,683,11
5ae9ff52-8632-0dd0-7a57-f03912b7ce6f,SEPC4B9CDD8FFFF,LVKA CSA 925-730-5636,683,11
d9fa9a9e-b83b-5ba3-506e-7ade6084e364,SEPE0899DFA92B8,SEPE0899DFA92B8,684,11
a70ed72c-aa92-327e-c972-66a4053b509c,CSF767973,305-908-1303 - Ileana Santos (FTN),503,11
73e34b39-8491-ee34-e043-c56d7197f609,SEPBCC493507FC6,CVGA Bill Hurst 500-211-2001,684,11
d5ae77b3-c3ba-8304-a419-2b8d1bb03058,SEPF0B2E58E1FDA,,683,11
62500824-6339-bbb2-adc3-6e536fcf828d,SEP5488DECE1515,APVA,683,11
19f80bfb-7e84-0cd9-330f-9e4504c46247,SEPDCCEC1F10A02,ELPR Mechanic 03 500-211-2017,683,11
8bb96854-db45-4910-4a5a-e5a43f83bbcd,SEP00CCFC4A7E25,OWDA Mechanic 500-211-2015,683,11
cadf1b13-83b9-3502-6d7d-97800ff5fd0d,SEP00AF1F9D5A77,GVTA Warehouse SW Wall 500-211-2042,683,11
e69ba1cf-ad54-0032-968b-a616ceae32e6,SEP00CCFC4A483B,MDTR Brian Pogorzelski 500-211-2056,683,11
1ea48da1-f871-7f14-ddc4-c319b7389759,SEPB07D47D36E9C,AELA Todd Moser 500-211-2025,684,11
6e4fe382-ab40-089c-4c1d-fcbb30c0e0eb,SEPF0B2E58E18A1,ATLR 404-209-2827,683,11
828d3f5a-b531-e67f-6b6e-4526883287c2,SEP28AFFDCB4563,ORDR 773-894-6572,683,11
fe66a660-8a88-a2b7-0325-ee81d71cdcbc,SEPC4B9CDD8EFCA,ABEA Mechanics office 2 610-317-5254,683,11
0c33a4c1-b886-d103-bb3a-112ff1aebafd,SEPC4B9CDD92293,IAHR Ramp Agents 6 281-230-5149,683,11
3459e6d9-6c45-9a8b-ab47-f949a22e09fa,SEP00AF1F9D4B63,DCAA CSA 202-636-0758,683,11
7b0f9a26-0dd2-5c6a-815e-e1f670fed284,SEP4CA64DBB5D0C,,684,11
ca1466ef-1693-9e9b-176c-d71dd67219c7,SEP00DA55272361,SBSA Office 14 500-211-2063,683,11
ff0fef4a-4450-dc69-8745-08e2ff50d0e0,SEPC0F87F9CF6C2,FXE-BFLA 661-695-4850 Files,683,11
9c38985f-ac82-6a88-4a37-1b5bd230f469,SEP00AF1F9D4D5A,NOHA Agent 847-839-3800,683,11
100d5be0-ece5-1de8-6954-c735b45e0ac6,SEPC0F87F9CF52F,HWOA/FLLRT - Deborah Frink-Mapps 7485,683,11
eca939ae-471b-0e35-40d5-c02d350791b0,SEP00DA55275E60,MYFA Rosalinda 8586542927,683,11
ebaafa0a-2ba5-f1b3-94ad-72d7734327c8,SEP0476B09D22CD,AZOA 2693212525,683,11
3833089e-843c-2058-cc05-28b9b916abdb,SEPB07D47D2B3A8,ATLR Manager 404-209-2743,684,11
cb8e03c7-401a-dea9-0e51-d2189ff36b9f,SEPBCC493A50347,BCBVM Spare Office 500-211-2051,683,11
078891d6-43c6-7e62-7361-49e1e7e0fd9e,SEPBCC49350422A,JFKR Export Desk 8 718-995-6173,684,11
c3ca661d-a6c3-e88b-f545-f8b771d44e83,SEP5006AB090B08,INTA  Tracy Best  1 500-211-2061,684,11
6ae501a6-e644-7825-e78a-e7e7957cc26d,SEP0041D2927595,ANBA  500-211-2052,683,11
2ebb640f-0668-9321-b7fe-77d21eee473f,SEPF0B2E58E2174,5002112006 -   (AUGA),683,11
0a5cd8e2-acea-e041-0b9e-5ac94e30e803,CSF78742,7132687890-IAHS-Michael Vesmirovsky,503,11
d12d8809-2f6d-0f25-963e-f81e1cb53053,SEP38205644BC3E,5002112050-Alex Masferrer,684,11
6e3b8c2c-016e-e7cf-1866-78d59a79773b,SEP00DA552777B5,WRIA DG Desk 500-211-2054,683,11
82f3497f-0fd3-4bb7-72de-dd2ae79c7870,SEP6C13D5C0839D,FNTR,683,11
908d9b5b-0317-427c-d7b2-2ea79a4a0b48,SEP806A00D7E040,Shavonne Ellis 281-969-1874,683,11
59ef0d56-3e18-9fef-0df4-caf9a8bc67a4,SEP0041D2F9BD7A,BPAA Manager 500-211-2096,684,11
6cd9d567-dd73-ca01-ae20-17fe56b1bc53,SEPC4B9CDB41D08,MRYA 5002112059,684,11
b1e2e12e-a9fe-2d29-79ae-c4b65de327b7,SEP00DA55262D9B,ZTYRT Jim Groover 610-364-3013,683,11
2020da8d-41bb-533d-6fa1-0dd106c68c69,SEP00AF1F9DD1DB,SFOA Dock 415-401-2855,683,11
73cb2ff1-5b3e-4aeb-caec-22a89f0b9686,SEP00AF1F9D4B7D,DGNA CSA 500-211-2052,683,11
21cd4770-66cf-f04c-ee99-5f8ae28bef16,SEP2C31246D6AC8,BWIA Operations Manager 410-609-2839,684,11
e677c036-a904-5816-7572-975d65dd3c6e,SEP0041D2F96740,NIPA Sr Mgr Conf Room 904-695-8036,684,11
e07820ec-3d15-245c-6a57-c7614d7e1393,SEP00DA5526A2CF,MMRA Noel Valdez 512-349-6538,683,11
f4d00685-f58e-bcdb-df39-46a272a21291,SEP00DA55272011,TOAA Lorraine Harding 500-211-2063,683,11
a9ee0115-c64c-4ecf-af29-1bdf4aa2cf80,SEP00AF1F9CB2A1,BJCA Service Agent 303-730-4304,683,11
0c95e498-c832-0ba1-2f75-b36229e67f31,SEPC4B9CDD8AC1B,NYCS Genesis Room 212-259-3535,683,11
8ba3b20f-de7b-65f8-91b4-ae0c340edeab,SEPBCD29558879C,,683,11
93b29919-74b7-3906-830f-314a233d45a6,SEP40A6E85320D1,CHAA,683,11
94b58c33-31f8-cd44-c372-10a32384a74a,SEPF0B2E58E1E96,FXG-1638 Ops Lead office 5002112025,683,11
cab52128-f49e-eb42-92ba-75818bc4a4fa,SEPDC774C95009C,JOTA Agent 500-211-2051,683,11
d1d77e93-e444-d76b-e966-ddb8d5c89341,SEP0027901CFFC4,LCKRT MCC 500-211-2055,683,11
016f2ea6-806f-4e25-c1e8-ec24a3826cca,SEPF0B2E58E19D8,5002112230 - Robin  (WWDA),683,11
b942d8e5-3020-b7f9-4803-38d7ec9a728a,SEP38205645169A,MMRA Nancy Rhone #512-349-6515,684,11
23a9fce7-0c49-46b0-0c19-88e251e94be0,SEPB07D47D3733A,FXG-1286 OPS Manager 2 500-211-2034,684,11
82437e98-3e9f-ebbb-f5fe-5da85211bb98,SEPF87B20365D90,IADR AM Sort Manager 703-661-2013,684,11
44595830-63b4-f946-dfd9-73e63bd52958,SEPF87B203652DC,BCBA - 7037092653,684,11
537ecb53-0a2d-e70b-2a84-ce3f0d66d2c3,SEPBCC493A52812,SDFR CSA Front Left 502-380-2003,683,11
e40fe0c0-e8cb-882f-b0c6-c99256225cf5,SEP5488DECE1952,,683,11
86165456-23d6-94a1-6ac6-f57606d8087d,SEP00AF1F9D6C0F,CHOA Courier 500-211-2050,683,11
ee6e5a66-867d-1867-3231-ec7cf885df3c,SEP38ED18FED2B8,9047418832-Dannielle Bradley,684,11
a2612351-e833-c1a5-ce00-fe05896bfe00,SEP28AFFDCB4553,LAXR Dangerous Goods Cage 310-348-2145,683,11
f724de48-da9c-2356-64dc-7c8e7990edee,SEP481BA4CDD6D6,MCORT,683,11
a0059c62-418c-4448-1be1-a7b45207a035,CSF870591,778 282 0747 - XVAN Tarnbir Sidhu,503,11
27de9521-b714-35f3-fb4c-240227c9a7f1,SEP74860B712851,WTCA Front Counter 646-486-5017,683,11
97b8f924-0f8e-80a8-3c09-c64d6b6cea3d,SEP0027902ADEC2,OGGA Customer Agent 500-211-2055,684,11
7a8d412d-7ed9-5c8c-e721-39dc8867d52a,SEP9C57AD030BD7,EVAA Front Counter 5002112052,683,11
485a230e-5c46-e30d-f9b6-2c7a6a808615,SEP28AFFDCB4E9E,ORDR 773-894-6545,683,11
f924767e-5b39-db47-09f8-c6ca4b8fe1d3,SEP74860B712179,WTCA Facility 646-486-5002,683,11
af6bf7ff-871f-b959-d1e0-c6d1d14bb131,SEPF0B2E58FAAB5,GRBA Breakroom 500-211-2055,683,11
4f523501-a6d1-5c53-c3b2-c502ae685ae7,SEPF0B2E58E176C,FATA Mechanic 2 5593472580,683,11
74a3f00f-d2a0-e490-566b-e7c37a2449ab,SEPC4B9CDD8EB34,GYYA Customer Service 6 312-867-5820,683,11
febce648-0641-52cf-58c0-aa70b10df5ea,SEP6C13D5B3219C,SGUA,683,11
75721479-f520-630e-318d-17454c50422b,SEP0041D2F91B84,PDXA Senior Manager 500-211-2000,684,11
f47cf375-c285-9eea-28f5-e0e2046b6d60,SEP00DA55271F65,PHLRT Admin Conf. 500-211-2070,683,11
4e7dc6bf-b1a2-b558-feae-23b456a699be,SEP6C710DACEF26,3334773000  - Office (SUX),683,11
48925606-c59a-7c9f-7ca8-08216c961bff,CSF566576,FXE 2483650355,503,11
85cb2db4-390c-b4ad-5a03-b92e262fc57e,SEPF0B2E58FABA4,HHRA  3102634741,683,11
088427a3-126c-c4fa-d173-1949eb275298,SEPC4B9CDD8D64C,LVKA Warehouse 925-730-5661,683,11
cdc3c088-7936-bc70-e9a0-5c78858a3089,SEP9C57AD024EF7,BOIR Ramp Agent 2  500-211-2059,683,11
7092ba1b-6649-f834-ca34-35aee7522ba7,SEPC4C603F13FAC,DETRT Dispatch 734-955-8108,684,11
b233fcbe-f74c-141a-a074-b5e4e8101a62,SEPC4B9CDD9C8A3,FXE-FIELD-A 310-846-3439,683,11
6fb83621-ed8b-0a47-1b1a-e9f9d5fd5990,SEPCC8E71498B37,JFKR CSA Desk4 718-995-8692,683,11
93d577df-d2a4-4712-84db-6354d2952dab,SEPB07D47D31282,ATLR 404-209-2704,684,11
81505353-39ea-b2f1-6ff3-1a73e1cb3e41,SEP6C13D5B31E90,,683,11
6905d3bb-409f-e3e8-4ca3-3363cd61f7fa,SEP6C13D5BEE349,,683,11
80f3c398-29f1-b2c2-6e26-5be669e2f84f,SEP648F3E728775,CC5A535F9C2B,683,11
4f737935-15ce-f6d4-e6a2-f9a4fe05eac3,SEPCC7F75046FC5,DALA,683,11
6b4af329-04f1-d6cc-8918-927abce57bc7,SEP28AFFDCB48A3,ORDR 773-601-7444,683,11
9c0aaa3d-8c9c-442d-8dd4-46d01236364c,SEP00AF1F9D6C12,EHTA Csa 860-292-5158,683,11
161d52d1-4180-f103-b1fb-dafe783e763a,SEPBCC493A503FD,CIDR 319-846-5457,683,11
e7f10dd2-233d-cde0-fbc9-fd3fdddeb44d,SEPBCC493A502D0,Jonathon Anderson 319-846-5466,683,11
b981d70d-d094-c8b3-f8a1-bd03d4047cba,CSF155219,FXE IAHS 713-268-7895.,503,11
99203c51-53c2-814c-a5e5-dbd986e5f1c6,SEP00AF1F9C624E,PHLRT IDA Office 500-211-2052,683,11
c2169d04-e59e-d755-bc95-b3100b957b69,SEPC4B9CDD9EF24,PAOA Fady Emil Samra Project Engineer 650-463-4429,683,11
74bd399f-e643-a104-446d-4b9e1afff634,SEP00DA552708F2,OMA Shop 5002112050,683,11
53244818-a574-2307-0a8f-89dd2876f34a,SEP9C57ADF43243,SATR Ramp Office 1 5002112073,683,11
03a4f7f6-8d36-6aad-7290-6b4f062ca690,SEP5006AB08D1B8,ORFR Mechanics 500-211-2051,684,11
6900a67c-023c-3643-0159-8ec03d90db48,CSF505904,778-282-0743 - XVAN Vincent Noriega,503,11
d3744d1e-d717-6559-723e-47f2c0fc6c1d,SEPC0F87F749B9E,FXE-CLTR 980-376-5783 Office,683,11
9ee2e09a-37e6-b363-1f93-f21e61922684,SEP00AF1F9DDB62,FRONT OFFICE 500-211-2057,683,11
08661bf5-f160-cddc-27e5-6587aa5d76c5,SEP00AF1F9D6222,BEDA CSA 500-211-2063,683,11
406ff4d8-3342-c773-6cdd-da8919e6db5c,SEP00AF1F9CEF51,PITRT WSSA 500-211-2003,683,11
3342283c-87bb-ab9e-6fc3-7786a98e1fa7,SEP0059DC63EF62,FXE-FIELD-A-FTYWK 404-728-5270,683,11
115d4a40-879c-f32e-d76e-16c7ae9e1fe3,SEP00AF1F9DCAAC,SCKA Warehouse 209-983-4425,683,11
72e25835-0817-6d3e-f52b-008bec510dbe,SEP00AF1F9DDAD1,MDTA Mechanic 717-930-8881,683,11
89600f4c-f2e8-2c5c-58b1-cea54870e8a5,SEP9C57ADF4D14C,MSYA Quiana Anderson 5047316545,683,11
911235ed-5577-b5a5-c0d5-afebe5adcd8b,SEPC4B9CDD9F500,ISPA International Haz 631-580-4981,683,11
ccf73a0a-bac2-25a7-e282-5bba12a71981,SEPB07D47D365F4,EATA Kelly 500-211-2021,684,11
4cf28bbc-c7f1-cd1f-4e44-f543180bc161,SEPB07D47D2AA4E,5002112060-Deborah Skoczylas,684,11
cdac934e-eca1-6a7d-c725-44d91bc2f1d8,SEPB4A8B969D826,FXE-PAEA2 425-382-4398,683,11
70bbd784-bdd3-6773-bb9d-81b2becf6088,SEPC4B9CDD885B7,GSPA Auto Shop 864-236-2285,683,11
fcd30a43-9326-f616-3ddb-52022332b156,SEP9C57ADF4D93A,FWAA Office 8 500-211-2057,683,11
cd8c3e00-2d42-623e-39d0-16ca564adf93,SEPB07D47D37830,CCRA Terrie 925-674-4002,684,11
e3d13365-9ed3-1ba9-bb47-ba5233d3a74d,SEP9C57ADF46724,BZNA 500-211-2052,683,11
712bea93-80e7-4820-2051-b364c9c4a9fc,SEPBCD29558877A,,683,11
cb972148-b7af-4644-5ad4-4e6e2fde2ce5,SEP34F8E77BB85A,RBGA Conference 2 500-211-2052,683,11
24ede262-1eae-79a4-aed4-e80085e227c4,SEPB07D47D2AA40,SJTA Senior Manager 500-211-2000,684,11
995af5a7-dc6c-b59b-e521-d35341f73fd3,SEPC4B9CDD933E3,ORLA Gatekeeper 2 407-893-7954,683,11
013cf148-e0a6-e505-2ce9-87b3b068c364,SEP6C13D5B31CCC,LASR,683,11
41ad89db-7efc-b042-b983-6df4b24ff597,SEP00AF1F9C60F0,PHLRT GSE Shop 500-211-2064,683,11
e655021d-08c5-1783-471e-c7ba30166739,SEP0041D2F95568,BFRA  500-211-2046,684,11
c4185c65-26a6-e598-2c35-795563b351a1,SEP00D6FE057B48,FXE-FNLA2 303-217-9775,683,11
8981eb53-76a3-e0d8-28c1-0e0f9aa3b886,SEPDCEB94BD4C49,OXDA  500-211-2026,683,11
09970281-d059-9121-cde4-dca5086bccc9,SEP00DA552702FE,SUAA CSA 2 500-211-2002,683,11
bb6a1aee-8b26-604b-1f36-5ee1a5477050,SEP8C941FFF5E01,ORDRT Lead Imp/Exp 7736015985,683,11
3fa834bf-859e-1816-900f-85450b8910dc,SEP002F5C7A1F0D,FTYA West Gate 404-362-5528,683,11
d57f7b12-4f16-df19-f6d6-463d85984200,SEP00AF1F9C9BBD,ATWA Engineer 920-830-4013,683,11
8f8359b9-8c28-59cb-f6ce-1b83a684f4b7,SEP682C7B41F5E9,SEGA CSA 215-540-8718,683,11
fb91be4c-0ad3-5420-4937-1771f124af03,SEP6C13D5B31AEB,,683,11
7a8271ab-8c96-5c6a-0aca-823e9b0a9e7b,SEP00DA55270637,500-211-2017,683,11
bf263743-df8b-3c4d-03b5-2e5e5e100e94,SEPD42C447EA5C4,FXE-TWFA 208-735-2722,683,11
59559dd9-fe5d-f59a-fe6c-cecdf66c78a7,SEPBCC493507AAE,8649682803-Marc Fialho,684,11
c4a34284-dac7-d8a8-7eec-bb287ec1c34b,SEP00C1B1E40190,TCMA Service Assurance Agent 500-211-2052,684,11
bcfa9562-0a15-5d93-585a-10b45a38f3a7,SEP00AF1F9D5C9E,DCAA Courier 202-636-0708,683,11
e86ae37b-800f-b7db-03eb-3ec37fc39d0f,SEPC0F87F74974E,fXE-CLTR 980-376-5785 Office,683,11
93e9e4b2-11c7-6654-e520-c3ffe9368051,SEP00C1B13FCAC6,MKER ACMX 2 414-294-5920,683,11
0d42f5de-41db-81a3-1628-c52f95ffbcbc,CIPC381187,SATS SAT Dispatch 1 500-211-2052,30016,11
8e8d991a-bab0-6a2b-922a-1fccc5fb997a,SEP00CCFC4A068D,PBIA training room 1 500-211-2012,683,11
fafeab24-f3d5-3b8e-15aa-598d2d505ae1,SEP9C57AD032092,RDUR Customer Service 3 500-211-2059,683,11
fa9f6e04-51d9-aef9-bbaa-6ec15ebd920c,SEPBCC493500E9C,CVOA Belt 1 500-211-2058,684,11
7bdfc89e-2acb-7665-0d06-911eaabe01f1,CSF4666872,FXE Abigail Renner 610-317-5216,503,11
e94ce7fb-67f4-f679-6db0-85deeec020f3,SEP9C57AD024D98,CRPA Warehouse 500-211-2040,683,11
813a1b01-b48d-c82e-2762-8503d15ad13f,SEPB4A8B9695163,APVA _3512,683,11
d4521a74-47d2-eee8-8531-a86767ae8819,SEPAC44F217C431,ZSYA conference room 500-211-2002,659,11
56158023-810a-5d7e-680f-d72b6f092614,SEP247E12BE1858,FXE-PAEA2 425-382-4402,683,11
c609f5c2-1e5d-c6e5-579b-49b14970fc0e,SEPC4B9CDB4F398,PHDA Senior Manager 500-211-2000,684,11
f49fe0ad-3483-db16-ce4d-5c11c65c2eff,SEPC4B9CDD85281,GAIA 240-314-2006,683,11
5d033734-294b-d9d6-1e44-199a725713ec,SEPC4B9CDD8A630,NYCS Corporate Security 212-259-3416,683,11
68188ab1-2eaf-a0ad-c10b-17690b24c35a,SEPF0B2E58E1C11,RKWA Manager 865-777-5042,683,11
84075485-89da-49c5-d5db-7bbc751c4a25,SEP5488DECE1C5F,,683,11
b3074f7a-0204-3421-4bf5-331e5983c78f,SEPA47806FFCC92,OCFA Care Taker 5002112050,684,11
8392f9e3-3f8c-a91c-2937-cd3781fbe4d2,SEPF0B2E58E1D8F,,683,11
06392a06-d2a9-73c5-0219-c32bbe0f5a3e,SEP00CCFC4A3F6A,GRRR Brian Sorensen Disp 6165754748,683,11
8f31fea9-c725-a3af-c0d3-c0c69d266b53,CIPC914434,OLVA 901-712-0145,30016,11
5dcceed4-7b02-6aad-745a-6412f1dfc43e,SEPC4B9CDB52992,NYCS Operations Manager 212-259-3318,684,11
d3a09b5d-ec6b-8c93-b25c-766c53e4e77b,SEPDCCEC1F117DA,SEAR RON OCHOA 206-248-7796,683,11
dc877056-4353-1e9e-a68f-b91588dd8aea,SEPF0B2E58F676A,STLR Counter 2 314-983-1700,683,11
de48d040-2a86-d246-0061-3c2c5374ddef,SEPCC9891D1EB19,LAXR Hub Control Room 310-348-2215,683,11
dbde56c0-8e75-2f88-88f8-c3b254322618,SEP00DA5526FEFD,TPAR Security Desk 813-673-6972,683,11
71b931cf-899f-ee24-c677-851da4369e44,SEP00AF1F9C4000,TPAR Service Center 1 813-673-6811,683,11
642a5bf5-456b-cb73-e23c-831ff8975bd3,SEP00DA55270A1F,PHXR Gill Van Leuven 602-392-7258,683,11
0a1f2b5a-34ae-8c0a-b0b0-5c63c71bb6d2,CIPC392193,FXE TULR 918-831-8096,503,11
e6ac712b-a67b-847a-be19-0786839a95a7,SEP9C57AD0386D3,SATR Ramp Office 2 5002112076,683,11
ec53d822-2686-8ae5-4700-9258a12b7f7d,SEP00778DAC404A,SCKA 209-983-4415 Kevin Salazar,684,11
c7ec8aac-4cc8-7569-85db-810d68aa9938,SEPA4B2392FA7D6,FXE-LAXT7 424-393-3917,683,11
aaef6071-22eb-150e-52bc-29a9d2f18228,SEPC4B9CDD92C33,CTXA Vehicle Maintenance 500-211-2027,683,11
60a038c0-2397-155c-93d9-964c2b6992a6,SEPDCEB94BD4D16,HHRB Open Desk 500-211-2021,683,11
1154a5fb-5c51-8339-30ba-ba7a718a9630,SEPDCCEC1F142EA,MSPR Vechicle Maint 500-211-2051,683,11
c556bbfc-c57f-7f88-50b3-20180dc04bc6,SEPB07D47D2A79E,6127138553-Julie Nelson,684,11
5edd5028-d278-b616-ef3b-93800ff43e05,SEPF87B20361C74,ESPA Ops Manager 215-218-5721,684,11
ef665bb5-6721-6f75-8029-1d13d8ca501f,SEPDCEB94BD48B9,DETA Maurice 500-211-2054,683,11
e7167149-048c-b838-b035-cd9abbf69ee6,SEPBCC493A4E77C,QFEA DG Area 500-211-2068,683,11
6e433a05-b226-c93b-c043-ef4de1b0c4e0,SEP00AF1F9DD85D,GMVA Customer Counter 201-828-9748,683,11
ebee20a3-6bd2-7a50-edd7-25943c582a8d,SEPC0F87F9CE3FA,fXE-CLTR 980-376-5789 IDF,683,11
ed4b722c-f204-b200-9a5b-d461ca85fc0c,SEPC4B9CDD99F6F,FXE-FIELD-A-CHSA 843-996-3209,683,11
3273a493-c1c9-9277-5f19-7a7b4f89863f,SEP0041D2F81E44,SUSA Operations Mgr 314-768-6401,684,11
76b17ac5-f150-5bcd-da98-94e5944f9c16,SEPC4B9CDD99291,PYMA Roads Office 508-884-3656,683,11
b0b73e65-df29-ee3b-8878-b107a007b0d3,SEPF0B2E58E238A,DAGA X-Ray/Scan Area 500-211-2050,683,11
328e43a3-27a4-8ab7-7010-610bcece05ec,SEPC0F87F9CE486,fXE-CLTR 980-376-5790 Warehouse,683,11
511df29f-b0f0-6859-b4b5-d1a15fb68f63,SEPC0F87F9CE76B,fXE-CLTR 980-376-5791 PSCAN,683,11
005373b3-f55d-9919-2e2f-3e965f6cea44,SEPC0F87F74A8AF,OMAR 402-930-2029,683,11
9812d219-53d9-4fcf-a4fb-bd07f2f2b6aa,SEPDCCEC1F1090E,FXE-MOTA 701-418-2300/2302,683,11
3565569d-fe3f-9a9c-27b4-0bbfdf2bfa59,SEP00AF1F9D5997,LDJA Counter 732-346-7202,683,11
1285039d-3a8a-5a56-a688-09ce86512a6b,SEP00C1B13F3149,DFWR Guard Shack 972-456-4480,683,11
77b243b0-654a-89c0-f14e-3764e98bf54d,SEPB4A8B968E5E2,NIPA Counter 904-695-8011,683,11
e77904b5-d981-9a4b-ab3f-a06b1b991662,CSF4290687,FXE SCKA 209-983-4461,503,11
a1e349a6-97e2-0b67-47f8-bd58979438e9,SEPDCCEC114E06E,HBGA Conf Rm 500-211-2002,683,11
47118da3-e908-d937-99d9-4a7010e9b845,SEPC0F87F9CE603,fXE-CLTR 980-376-5792 Warehouse,683,11
498a3c47-130b-cd4c-2e50-f67b865a5a04,SEP74860B706959,WTCA Operator 646-486-5007,683,11
40bd388a-8536-c9ae-897c-88b745919824,SEP9C57ADF46F02,AGCA Tim 500-211-2056,683,11
00f121a0-34ca-3ce0-4871-e51bfc6662b3,SEPA0554FDBF5D0,SATA Opts Man Michelle 5002112073,684,11
0e8be3f3-4751-b3b1-fd01-ff27fdbccab5,SEP0041D2F9A5BA,SEAR Aircraft Mechanics 206-248-7811,684,11
f8354c79-2ce8-de66-9c58-f6451c360bbc,SEP00778D341F28,LEEA Manager 500-211-2062,684,11
064c99a8-df4c-b600-6a45-b65cfa604a34,SEP00AF1F9D93B5,JSLA Front Counter 201-507-3531,683,11
0aa6feaa-c63e-0153-ba9a-e6ea0aa7408c,SEP9C57ADF4697A,SATA Eng Ferando Office 1 5002112067,683,11
03826f18-397c-1881-cbdb-6cf649baaf21,SEPDCCEC114DF37,HBGA Kayla Fokis 500-211-2057,683,11
2366875e-3e87-cf17-9922-697228db1039,SEP6C13D5B31676,OMAR 402-930-2032,683,11
3f0dc8d8-57a5-b427-46fe-ec02cd055952,SEP00DA55272469,TLH 5002112026,683,11
03f947b9-9680-d1d5-ec5a-2a68e73ce5a5,SEPC4B9CDD8F493,PYMA Shuttle Driver 508-884-3640,683,11
3b575b6e-fbf3-36e5-cda3-5e35faf1928f,SEP8C941FFF60B7,,683,11
7c3b3764-ce4c-451e-20cb-7766b17a0dd8,SEP0041D292ABA1,LSEA �Sales 500-211-2012,683,11
57455a52-c44f-eb66-343e-16ca929208fe,SEP00DA552756A2,PHXR Front Counter Door 602-392-7202,683,11
ecdafb76-5a48-e3ff-7619-ea4bc22864ba,SEPA411BBF25380,DPAA Conference Room 500-211-2025,683,11
566108fe-9390-dd03-ad0c-a8763f84922b,SEP00AF1F9CB602,MZZA Svc Engineer 3179152312,683,11
d717e1d8-755c-bc25-5759-d4cac74850d7,SEPB07D47D3650A,5002112207 - (PLBA),684,11
c0bf77c7-fed6-77a5-406e-9f10576d2ae6,SEP8C941FFF4DBD,,683,11
2b4e88b3-b291-20bb-655d-c993e00c16d5,SEPBCC493A50493,BCBVM Shop 3 500-211-2053,683,11
4e23a183-d7ca-5983-dfc6-f2e3a461b180,SEPC4B9CDD86DB6,CLER Maintech Office 216-362-8364,683,11
f7d7edbe-4dfc-cc49-3a04-d55c0d81e524,SEP00D6FE054A95,SEP9CF7AD025E7C,683,11
ff1e6609-cf41-ce92-0bfe-b86ae8d9058f,SEP28AFFDCB6A8A,3335463709 - Deya Jimenez (SBO),683,11
40f7242b-6865-d11b-253a-1c2c70c88eb9,SEP0041D2F99970,SEGA Security Manager 215-540-8790,684,11
609e468f-90b4-9233-4df9-024d29e0d255,SEPD009C87DCF60,FXE-CLTR 980-376-5788 Conference Rm,36258,11
b4f25910-2993-1343-c60b-a79d5503f030,SEP34F8E77BD51D,9082825501,683,11
587d4ad0-42ce-40b5-d738-becf7147b069,SEPF87B20371B9C,BTFA Dispatch 801-908-2487,684,11
1244f069-4764-c5db-213c-ac8948cefd84,SEP28AFFDCB4E56,LAXR East Gate Shack 310-348-2130,683,11
331d0215-d94f-a5e9-efd5-55da72288ecb,CSF210624,FXE SLCR 801-239-1951,503,11
d61e0684-2c7c-195f-872b-744d9b743d92,SEP00DA55275F1F,MMRA-5123496542-Ruben Mora,683,11
64059809-5e39-4194-5d9a-5ef484033050,SEPB07D47D370FC,5002112245  SCM (MJXA),684,11
e8b86860-7aa3-dd34-1f61-40476dae5cec,SEPDCCEC1F13BB5,CCRA SA Belt 3 925-674-4021,683,11
bfa80ea5-3908-0b7e-271f-f9c5620efd66,SEPB8A377B85DC4,HBYA CSA 500-211-2008,683,11
124fcadd-be7c-193c-694e-658627ba5f04,SEPC4B9CDD9B214,GSPA Counter 2 864-236-2205,683,11
3d8ee2ae-0a87-cfac-fc18-f03bc57ac80c,SEPB07D47D2AD92,CIDR Josh Galpin 319-846-5452,684,11
f4959f8b-32bc-c282-c4bb-baa5e4d244cc,SEP74860B70BFB8,LCKR PHONE ROOM 614-492-6299,683,11
b5faf15f-d4dc-4924-1e40-783d854b3c8e,SEP8C941FFF6500,,683,11
29d94e5b-40f8-b9b2-eb1c-e7121906bb59,SEP0041D2F921B2,YKMA Ops Manager 500-211-2050,684,11
d8dbaf10-efd6-60df-7ab9-9e54d223ad21,SEPB07D47D3DF70,,684,11
2af101d0-9911-e344-9874-f0db79f7552f,SEPC4B9CDB41576,MDTA Operations Manager 717-930-8849,684,11
9055625e-2a97-8c4c-e2c8-22628065aa38,SEPF87B2036898A,TVCA Ops. Manager 231-932-5858,684,11
4f409222-3fbf-5030-d667-927e5fc2ad88,SEPC4B9CDB4FE14,SCKA Dispatch 209-983-4439,684,11
a96c6ad8-2ffe-431d-51f3-d670406b3f65,SEPC4B9CDD8F1E4,FATR Aircraft Mechanic 500-211-2015,683,11
aa1a9a52-4f14-a3fa-e4fb-2157ea76f4cb,SEP6C13D5B32612,,683,11
8f6892a3-22d9-0234-2831-1b7fd01f73b1,SEP74860B7119B1,3335463063 - Shaun Bullock (SBO),683,11
bd99b388-02d9-1cf5-e4b5-d794fd81c88f,SEP5006AB08EE60,3178212851-Jessica Grismer,684,11
f01c75d2-d27b-bb3e-ad2f-4cef85be4538,CIPC407162,MCOS-CHSA2- 407-919-7152,30016,11
893eeab7-b05e-7ea9-360a-c945eef18dd1,SEPD0EC35C0E7AE,FXE-AUSA 512-726-6764,683,11
124918d1-3b51-60d2-7a90-14dff4962f58,SEP9C57AD02598C,OVEA Warehouse 1 5002112040,683,11
2adb43cf-2648-001f-cd5e-0c4f956f6118,SEPBCC493A500FB,ABQA Manolito Royal 505-341-5470,683,11
63f23218-aa0a-0adc-6186-b8aba6f75201,SEPF0B2E58F6741,HHRA DeAuna 310-263-4617,683,11
2b5f551a-f466-b551-bb59-9401d5ee5bb5,SEPF87A41D995E9,,683,11
2e83e8a8-edcb-80ef-a3c5-9da03af58029,SEP00A3D1F37E22,APVA,683,11
fa369f33-f703-918d-360d-988fefe1a33b,SEPF8E57ED8D77E,SEPF8E57ED8D77E,683,11
212fb753-2ff7-cbd4-6003-a90d9efe314c,SEPC4B9CDB41376,BTFA Dispatch 801-908-2478,684,11
f9c39b44-84af-72c7-e5dc-20be43bcad45,SEPF0B2E58E174E,SAVA  5002112073,683,11
90136b74-ce16-e70a-47d1-0a903697e9c0,SEP6C13D5B3261D,,683,11
2ac1b1ee-a96a-abe6-90a4-e69ee75c75ad,SEP74860B71F124,PASC 509-416-5585 Sort Area 3,683,11
30f95a58-49bf-6199-75f9-02d6f497f619,SEP348818C7B834,NOHA Nallely Franco 847-839-3734,683,11
4fe85e42-7d9a-694a-e8cf-1f4b36a92933,SEP5006AB090624,MTCA Dennis Bede 248-365-0358,684,11
751e09a8-9d3e-8934-b3fa-ee3c48d6e833,SEP00AF1F9D63BD,BOSR Ramp Agent  500-211-2056,683,11
13660a10-1e12-c96f-bbba-be8c6c96ae2a,SEPBCC493A4FB7B,500-211-2057,683,11
8790377f-a58a-f7fa-2eb9-d29823f8dcb6,SEPBCC493A50BC2,SYVA  Mechanics Shop 500-211-2064,683,11
45ed46e0-3fa8-8562-194e-c645680cb8ae,SEPF0B2E58FAB5C,GRBA Courier check in 500-211-2054,683,11
80d5e9b2-7dc6-83af-490b-77cf76ca18aa,SEP5488DECE1B76,,683,11
9bda50b0-c6c5-7886-f100-d0d4e7894d75,SEP9C57ADF5A4E2,CECA Office 2 500-211-2051,683,11
61aa695a-f8f4-c3c3-b9c4-79890f242abf,SEPDCCEC1F1B78B,MIA Aircraft Maintenance 786-265-6510,683,11
03da3b65-574b-9cf6-08d1-1620a3c69462,SEP9C57AD038ADF,IXDA CSA 1 500-211-2064,683,11
edaf950b-6917-3e4d-fc89-a8bfcfb28b12,SEP14169DBE21DE,SCKA 209-983-4419 Gary Merkt,684,11
0568ddae-354e-b6fb-2b29-bad11d1e5b5c,SEP00CCFC4A3DB7,MDTR 500-211-2061,683,11
bb2c810b-e3a1-5a0e-42a4-be53963dfe07,SEP74860B706BE2,WTCA RSPM Manager 212-843-2796,683,11
a66ae42b-40b0-acc1-0ec4-e9d04cae0e42,SEPC4B9CDB508D8,BGRA Stacey 207-573-5573,684,11
ebafd0ff-085a-cd7d-d214-96ffb263fb4b,SEPF0B2E58E250E,MCFA Cindy Attanasio 5002112050,683,11
1a1db6b7-4c6c-b46c-ad4d-b9a9c98450fa,SEP00DA5527616D,SUSA Dispatcher 314-768-6449,683,11
78e08f48-4e26-05cf-e467-a477844912f6,SEPCC5A535F48D7,LBEA 4127987623,683,11
f960f528-7569-27a2-02a6-f4bf769f9cb4,SEP74860B7195C8,COAA CSA 408-220-0732,683,11
cfb658b3-bbc3-50c8-97fe-5179d14d57eb,SEPC4B9CDB48174,FXE-FLLRT-HWOA 954-945-3941,684,11
25f4a3ec-7480-e19a-9b1b-921796772520,SEP00C1B1E41680,MSCA Dispatch 480-753-4028,684,11
75f4efff-21a2-20ef-a607-2d2d4283258f,SEPC4B9CDD8B593,HSTA Gate Keeper 500-211-2050,683,11
937ccbdb-3cb8-7c8b-825d-fc7bc8a0b9a6,SEP00AF1F9D6051,MCOS 5002112022,683,11
e6f54ca7-0c7d-c6be-47b2-6a625dd8824a,SEP00AF1F9D263F,ORDRT Agent 7736015845,683,11
69044894-0e58-69ab-0a8a-a7cb56fd68d7,SEPA0554FDBFBCC,9543167654-Jonathan Martinez,684,11
d9f374f5-f0b3-f666-7cc0-070a80b2ea20,SEPB07D47D313B0,MDTRT Ramp Agent 1 500-211-2051,684,11
66c7c7d6-eb55-979e-95a8-0aeaf9136c62,SEP5488DECE1858,8088386191-James Ruvio,683,11
0d48c10e-712f-7920-1ae5-3fc8b3d83f2a,SEP74AD98C5B8A8,2812305160-Larry Scallion,683,11
11dfb60b-4896-4441-973f-89806a5e7ab7,SEP00AF1F9DE44C,FRGWK Agent 631-777-7969,683,11
50ef0145-fca7-b460-03ec-c4b9064f5d0d,SEPA4B439D3508D,SEGA CSA 215-540-8713,683,11
6f695984-77bb-ea3d-d954-5787835f2a4b,SEP00DA5526748C,JSNA Bad Add 818-316-2824,683,11
ed3780db-1ac7-b69e-d44b-8b8966f36799,SEP00C1B13FC853,5002112054-Kevin Mitchell,683,11
e941552d-362a-e11c-cf25-df3327c9fb16,SEP00AF1F9CAC44,LDJA Testing Rm 732-346-7233,683,11
99d6109f-ad95-3bb8-c60a-0ebc4d94af6e,SEP9C57AD0250D4,MWOA Office 9 500-211-2058,683,11
0fb8fbe5-3671-d614-9811-81f66cebd329,SEP9C57ADF4D118,SATR CSA Office 3 5002112058,683,11
3380feb2-f001-3cc0-ab84-6a393a07d05d,SEP6C13D5B773AE,,683,11
79766b74-174d-57a8-33cb-1fbc83879639,SEPBC8D1F17C308,CCRA SA Belt 3 925-674-4043,683,11
9870f163-7da5-82ea-9946-dc5273d42158,SEP74860B716EE1,WTCA Check In Room 646-486-5080,683,11
4f5689a8-1abd-690e-532a-438ca6c14951,SEP00DA552621F6,MKTA Breakroom 500-211-2053,683,11
6ddd0279-8234-b891-f36f-649963cc8687,SEP0027902ACC36,DLHA Ops Manager 500-211-2054,684,11
e3e06533-d915-364e-f302-e62f30e3d6b7,SEP9C57ADF43644,GONA Front Desk 2 500-211-2010,683,11
f7b1da46-ce34-63bc-80f8-8997e8767f72,SEPC4B9CDD82C13,ABEA Steph Castillo 610-317-5247,683,11
e320cb08-093e-1e23-bcfc-adfba95f3952,SEP9C57ADF43509,PNSA 500-211-2063,683,11
9cede58f-630e-4e86-29bf-95b96f8ed837,SEPC4B9CDB409F4,SRUA Manager 500-211-2053,684,11
519e1320-9e7c-46c1-abea-4b5c5153ddc7,SEPB07D47D3DFF2,HHRA Feras 310-263-4632,684,11
7d1829b0-a8b6-1877-3722-500ff685525e,SEPBCC493508016,CVOA Office 5 500-211-2061,684,11
58bbba98-91bf-c882-c3fd-40dd8719dcd3,SEP00CCFC4BAAD4,SEP00CCFC4BAAD4,683,11
9eb8518e-bdc3-704c-530c-ddc52d2bafb7,SEP0027902B2DA2,BCTA Senior Manager 561-912-2023,684,11
72608256-aa4d-5918-dfe7-a73d8b258d98,SEPC4B9CDD9D11B,SANR Memphis 500-211-2057,683,11
859dd709-7243-390f-1d15-0ee5b75724de,SEPCC9891D1F81A,PDXA Front Desk 500-211-2065,683,11
711b8466-41a2-e090-f63e-cba89d8750c8,SEP8C941FFF3C26,,683,11
e550e7df-7f77-6e09-b0fd-73738bc712b6,SEP00AF1F9DD75F,BPAA Open 500-211-2076,683,11
f9a30d83-111e-0240-2d83-67c10cbe3de7,SEP6C13D5B32629,,683,11
c085f649-6fcd-10dc-5401-a5368b18960f,SEP0C116762F070,GAIA Mgr 240-314-2020,684,11
f0c0a579-0315-e3f1-cd4d-6861596263a3,SEPC4B9CDB414E0,PSCA Christine 500-211-2054,684,11
9ab04745-fcfa-9547-0f35-68d2f43f7d13,SEPF0B2E58E1B5A,SCFA  480-941-4601,683,11
4595499b-3f5e-01d7-06aa-4c7f99fd7c32,SEPE80AB95B8D38,JOTA Bertel Jackson 500-211-2074,683,11
f8b05522-fe9b-6ff5-0e6e-a53057b6eab7,SEPC4B9CDB4E698,FXE-FLLRT-HWOA 954-945-3943,684,11
97a09913-63f9-93a0-5571-94e3b960f7f1,SEP9C57AD038AA2,JHWA DG Desk 500-211-2080,683,11
861c8040-7318-5e9c-87e2-6531b4b55bb2,SEP74860B719550,DLHA Ops 500-211-2058,683,11
29146429-0c14-eb08-2932-9f86aa429bec,SEP00B8B33B4E91,FXE-ITOA2 808-339-9455,683,11
ee791369-dd1d-507e-b721-357fca57b66e,SEP74860B716EE2,WTCA Caretaker 3rd Fl 646-486-5084,683,11
85aba66d-b679-da40-096e-963be03fcf94,SEPC4B9CDD9F403,IADR MDF 703-661-2081,683,11
2785878f-4683-6d4b-3905-9d61037a8f0d,SEP74860B706F73,COAA CSA 408-220-0752,683,11
b78f1d41-11f5-c299-2107-5ae322fa554f,SEP00B8B33BCEC8,FXE-RIVA 909-522-3143,683,11
03d32928-4304-3431-5e64-e8f68e7a1d56,SEPC0F87F74B4EC,DTWA -500-211-2058,683,11
9558e8df-9a7c-77ba-a5d9-cc20a06c9523,SEP74860B716F11,WTCA Unknown 646-486-5062,683,11
8f49560b-b5fb-2ce6-a0bd-601e88811aa5,SEP6C13D5B310CE,,683,11
d2e4c6fd-f0b5-5e35-1506-079ffa005473,SEP00AF1F9D6AAD,BOSR BOS It Heavywt 617-568-8295,683,11
d242d014-b955-e236-fc65-01301cda26f3,SEPC4B9CDD99F83,IADR Training Room 703-661-2097,683,11
6c81a87d-8161-4dad-84ae-add2cefed79a,SEP0041D2F94EBC,GAO Data MDF Room - 202-218-3898 (s3p10),684,11
a641a740-cbfe-f833-6597-66c4e5632df3,SEP0476B07E130E,DALA,683,11
b1107a16-b7fc-7967-f3b3-5b05e3273482,SEP00CCFC4A34CC,ADWA Office 1 410-451-5430,683,11
05ef75fd-906b-4325-f8ec-8ff7dea9f6cf,SEP00DA55277B9C,TMBA Dock 2 500-211-2060,683,11
9cbb51a1-e5f0-a8f2-4cce-3d68afa8488b,SEPB07D47D2B194,MSPR Tom Parrish 612-713-8581,684,11
4ffd589a-5bc7-1f0d-8399-ed75ce61d93f,SEP6C13D5C18696,FXE-RKSA-307-362-4931,683,11
7ac93992-4677-4809-4754-4901e594c493,SEPB07D47D385EE,OLVS Dispatch 901-712-0137,684,11
53f3d6ab-0bca-96e4-00ab-5d169cdf6f34,SEPA0554FDB9F46,MIA Ramp Agents 786-265-6600,684,11
dc664bd4-96c7-bb93-64d3-a2fe5e3599c1,SEP00DA55270299,LNSA Gatekeeper 500-211-2030,683,11
d758db97-047f-d447-7682-2f61a46410ca,SEPDCCEC1F13A0E,OXCA Vehicle Maintenance 500-211-2025,683,11
ee5685da-2b03-da58-7f6b-bc97de3b356a,SEPA4780687E074,8439963181-Robert McCurry,684,11
47fe907e-e7dc-974e-e269-4d2e2f743ad4,SEPF4BD9E4A331C,FXE-RIVA 909-522-3104,683,11
457a93a7-c9a7-dd19-598e-827cf2a2b637,SEP706E6D10E5D8,WTCA Sale Manager 646-486-5157,684,11
e7513591-3f79-82ea-e885-ab088d8899f8,SEPEC1D8BBAEB5C,FXE-LAXRC 424-310-3828,684,11
885576ed-04ed-63f6-151e-aceff6bca35b,SEPB4A8B969F670,FXE-Field-A-PAEA2 425-659-7021 BBEA End Belt,683,11
0a440e9f-23de-3c70-8dba-138d28750534,SEP3820564567E2,GJTR Manager office 500-211-2000,684,11
1506002b-286f-05fb-ddde-cd9170bc6a68,SEP00AF1F9D2953,MSCA SAA 480-753-4009,683,11
3ea88b13-d2f9-88af-e377-c45560c69482,SEP5486BCAE2487,MNNA Office 614-492-6149,683,11
84a7dded-9418-842f-a0e8-ef5fe566e072,SEPB07D47D3DDF6,ATLR Ramp 404-209-2826,684,11
d4e8701f-bd80-9efc-96f1-181c41acefa9,SEP9C57ADF4CD98,ATWA Engineer 9208436191,683,11
5091e6ea-353f-ddda-9532-e4a0e0f14802,SEP00CCFC4A417E,TCMA Mechanic 500-211-2015,683,11
4fa922dc-ec53-1ff3-d94d-bd873f9e3970,SEPDCCEC1F0D93E,FLLRT - Diane Gardella - 9543167666,683,11
41919a90-5803-8e2b-c3dc-08d1dec1cb94,SEP00DA55262907,TPAR Flight Crew 2 813-673-6809,683,11
f0988274-53b0-7095-5ee9-68d59470e28f,SEP00DA552700F0,MGCA Mechanic 500-211-2015,683,11
63ab3cd6-bc8a-36b1-0144-7148c42cd8d0,SEP00CCFC4A4E24,SWFA Front Counter 845-567-5508,683,11
f24278c0-c47e-060f-2f0f-e423b4330379,SEP0041D2F8E4A4,SMFRT Ops Manager 916-554-5463,684,11
e8ba717f-e9db-f04c-495c-77925fecddfb,SEP00AF1F9DCB78,BGRA Warehouse 1 207-573-5564,683,11
abc20605-9ac7-eadb-81e8-923f1f44fc00,SEP74860B71B70C,APGA Warehouse 3 500-211-2043,683,11
b4282bf8-f622-386f-810e-6d07b5a563ae,SEP00CCFC4A0366,HBYA CSA 500-211-2065,683,11
daa3122f-ba95-74cd-d683-5ab728b187c8,SEPF0B2E58E2293,5002112221 - Front Counter  (MJXA),683,11
1c830fc8-393b-b52c-42fc-5bfe239bab2f,SEP9C57ADF46EE4,CSNA Shop Office 1 5002112025,683,11
ba962816-2097-3aaf-bb34-8024e066b035,SEPF0B2E58E1BEB,AHNA  500-211-2066,683,11
8bf1f5c7-1169-c510-60f7-dc6b18080096,SEP00B8B33A1089,NQAA Phone -  9013874914,683,11
35b01304-8b7d-c485-32a0-20c699084b77,SEP2C01B5E4148D,MSCA GSI Cage 480-753-4088,683,11
8c620536-af24-8ecd-da18-d71e1695cee2,SEPF87B20365558,2812305182-Smith Boddie,684,11
026bb9dd-1e92-6d23-3664-c10e9ef289e4,SEP9C57AD028ED5,EKAA General Office 5002112057,683,11
2d2d9f5e-10eb-6872-41ff-775e326bd36b,SEPCC7F7504277E,DALA,683,11
c11198c3-bc39-11c8-1298-612d3b591773,SEPDCCEC1151DA0,TUSA CSA 3,683,11
595e1ae1-baaf-ff40-1081-57af354b4076,SEPDCEB94BD4D18,FTYA Dispatch 404-362-5514,683,11
9a76ef33-1635-f503-6ec8-e20d67f806ce,SEPB07D47D3DFA4,5002112222 Tanja (MJXA),684,11
c1155ce0-57df-f8de-b237-a6541e082913,SEP00AF1F9DE367,BOSR Desktop Conference Room  617-568-8221,683,11
26539b79-6247-d905-009c-07ba6128e1f2,SEPB07D47D3DCDC,5002112250 Maureen (MJXA),684,11
76b66f1e-a198-3413-4857-2de583801123,SEPB07D47D3DD22,5002112223 Jo Ann (MJXA),684,11
eeec08d9-5ff5-bb5e-e300-3c9905b5581e,SEPF0B2E58E21F1,COUA Front Counter 500-211-2053,683,11
76c2633a-c6ac-c723-4ce6-65d004c7dd6e,SEPB07D47D37536,LALA Karrie Shaubroeck Manager 5002112062,684,11
28faa28e-fee0-1526-ffe4-929ecb9c9afd,SEPF0B2E58E5E88,FSDA  Telcom 500-211-2055,683,11
579ce58f-a6a0-c902-b5a5-1f391d8355d0,SEP8C941FFF60C1,,683,11
359546a0-7db9-37c7-7e63-023ecfa53d05,SEP2C01B5E5AFC3,SLC PULLS 385-285-3517,683,11
d5f1206b-6bb8-dd0b-78ae-c6c789dabb9c,SEPBCC493A503FE,SDFR Hazard Shack 502-380-2060,683,11
f240120d-78bd-dc22-2732-a52a5cf5b0c8,SEPB07D47D2A884,FXE TULR 918-831-8093,684,11
2855dce5-a1a7-7861-e4ff-12edca672337,SEP9C57AD025DA6,DXRA P-Scan Phone (DG Desk) 5002112054,683,11
42109bc4-fba4-0ab1-e020-3ed6f497ccc1,SEPC4B9CDB47C0A,RNOA Manager 775-321-5632,684,11
1cf639b4-d031-2d16-b872-87d4b317a239,CSF158130,Auto 5002112015,503,11
db831aaa-76bd-9889-6a43-deb6285b3122,SEP9C57ADF46A24,FBLA Training Backroom 500-211-2011,683,11
f7a02838-fbde-606f-6021-10b6b791f406,CSF458604,FXE SDMA 619-527-2079,503,11
d43b154a-4986-4b59-95e1-62ca9bb0d6dc,SEP0476B069173B,JREA 7184106650,683,11
c09c113b-97c0-e8e9-4931-8356af478b5e,SEP5006AB08994E,FSDR Manager 500-211-2401,684,11
569a16a9-c1e6-ec1e-3f24-636da0adcbb3,SEP9C57ADF4D0E6,PITA DG 500-211-2080,683,11
2231709e-bc8f-9860-94e0-74fb6953c5fd,SEP9C57ADF435E7,HLGA Break Room 500-211-2004,683,11
5eeb8687-dd3c-af06-10a9-fbdff51df2c7,SEP6C13D5B3261E,BNAA,683,11
60a458fe-0f2e-2bdd-5f13-9e6ff4d362a2,SEP74860B710DCE,LCKR Aircraft Mnt. 614-492-6237,683,11
5c1cded8-b792-5fee-3f92-a21a09c7c480,SEPE41F7B9EC495,FXE-ONTR 909-458-6118 ONTR Ramp Office 5,683,11
02829d76-baf7-cdb3-1426-697f20aa7c17,SEPA0554FDB6D0A,RSTR Manager 500-211-2065,684,11
68ab662f-16f5-b0c0-033c-2ac9bba6ea3e,SEPB07D47D3DB86,HVNA Paul Sobolewski 5002112070,684,11
79db81d7-856a-3d71-0ec1-7332c707a599,SEP6C13D5C1870D,LASA2,683,11
0a302c17-8fc9-5d7c-5f4e-70f7e0ae7e1d,SEPC4B9CDD99C64,IAHR Ramp Agents 6 281-230-5149,683,11
d15ce6f1-51f1-298f-c0ab-b850711837b7,SEP00AF1F9D8E6E,DGNA CSA 500-211-2050,683,11
e0be2190-a395-d25d-cd11-53270d39b760,SEPB07D47D36A52,BNHA Manager/Yenitza 500-211-2051,684,11
efdc52a0-9bdc-5fce-5adb-0a5817ce4ecc,SEP687909FF1C69,CRSA  500-211-2065,683,11
bfcfb9f8-792e-f442-3438-f8eb97c6b39a,SEP2C01B5E4F73D,GYYA Customer Service 13 312-867-5824,683,11
f6514840-0783-54e1-6b75-c9aca518a675,SEPDCCEC1F11652,IAHRT Roger Armstrong  281-986-3707,683,11
0ef01d6b-c5ca-11f3-e4b9-a85cb23ed31f,SEPD0E042563ACE,ORDR 773-601-7365,683,11
99134e98-c385-a450-7a9a-51bbe7e1199b,SEP00AF1F9D5EB6,GMVA Sales Admin 201-828-9706,683,11
7dfd57a6-bd49-d507-30b3-f602554b7a22,SEPBCC493A4FB9F,ROCR Marc Wiggins 500-211-2005,683,11
96ed29fb-faf3-f10d-2cad-807cb735330a,SEP8C9461E165E5,CRSA  500-211-2066,683,11
6e3e072b-4cfb-1825-5838-06b8b8bde39e,SEP00DA55270B65,SLNA vacant 500-211-2031,683,11
dc638cbe-15b6-8c3c-54d8-de9d31ef9c08,SEP00AF1F9D913E,ADSA Front Counter 500-211-2065,683,11
9f40b85c-2311-dceb-4e6e-cdfcc955054f,SEPB07D47D36BFC,ATYA Manager 500-211-2059,684,11
e3a8ed65-8b53-b713-7906-3dc30730dd84,SEP34F8E77B52FF,FXE-FIELD-A-LFTA 500-211-2251 VMX Office,683,11
3f9e40dc-6158-75e4-d250-9cd37027364f,SEP00AF1F9D61BE,UKIA Gate Keeper 500-211-2050,683,11
e77bb0f6-22af-f43f-5de4-064542efae46,SEPDCCEC1F1E5BF,SDMA Steve Hillman 619-527-2093,683,11
c3196703-7536-ca33-8a88-a25a742c3348,SEPBCC493A506EF,BUFA A  Belt 500-211-2087,683,11
6a912b9b-585b-17f2-1de1-3a06f3c9486c,SEP00AF1F9D47BE,PIEA Lead Agent 500-211-2073,683,11
09727f51-7a4d-9f80-1629-2b30237bba99,SEP38ED18FF8536,2062487809-Jacob Defur,684,11
e29c9ef6-7a5d-6cdc-80a0-f37fbb30453f,SEPB07D47D3DF2C,AlOrtiz  500-211-2001,684,11
7963d229-ead6-fb58-202f-779e62ad2052,SEPF8A5C5A0768D,3852853404-Christopher Pressler,36217,11
43940b52-591c-2dff-cdc5-210d5a0150dd,SEP00AF1F9D6226,LITA Admin 500-211-2064,683,11
89a1948d-d31c-7a82-90a6-716bae034ba5,SEPD0EC35C0739F,FXE-CLTR 704-521-7028,683,11
e361b0a8-c085-0bd5-4f42-db2ec8918a96,SEPC0F87F7496F3,5002112067,683,11
69e951a3-c5dc-1b27-d3f0-6b02d4761c7f,SEPD0EC3550442C,LGAA James Kapetanakos 500-211-2046,684,11
b8a45ad8-fa14-fe27-f479-ccd8a4f881fb,SEPF0B2E58E2320,ATLR Sr Trng Instr 404-209-2732,683,11
9e51ba97-5cb6-2456-27bb-822d4273084a,SEPDC0B09D333F2,PHFA,684,11
b7e59090-236a-d277-ca49-3697c929f578,SEP28AFFDCB4EA6,ORDR 773-894-6437,683,11
2e641000-910e-d5a0-b67d-c09e45c77553,SEP5488DECE18E3,DALA,683,11
d2b6c3f4-1059-6567-fa84-078224f9473d,SEPF0B2E58F680F,OXRA DG 5002112022,683,11
d1640af5-ab3f-cfc7-e9b5-846b4d363454,SEP00CCFC4A3828,ATWA 500-211-2075,683,11
c550cf18-7a51-8fcc-345a-85c71474418b,CSF923256,305-908-1308 - Santiago Gatto (FTN),503,11
c242d070-2b80-2997-cbf6-b5290818813c,SEPDCCEC1F13B69,TULR TRAINING ROOM # 3 918-831-8098,683,11
9b38e40e-f3ef-1983-d42a-919c13f3f3e6,SEP00DA552755DD,PHXR Ramp Office 602-392-7290,683,11
50932f5a-843f-780d-3b11-db5b3b42bfba,CSF4937621,305-908-1292 - Alyandro Priede (FTN),503,11
83b6c379-a8b1-7043-c7b1-34440439be3b,SEPBCC493A4EEBF,JVLA Mike Spielmann 500-211-2059,683,11
44933275-0340-7065-2cf4-06cd003d9802,CSF4336507,305-908-1280 - Ana Quintana (FTN),503,11
11d32ae2-090f-b851-7cbb-c043f374072a,SEPDC774C01955F,MCORT,683,11
0bd8fee9-5107-2fc7-cc6f-0adb84874f8b,CSF259044,FXE SMFA 500-211-2064,503,11
f10ad52c-1772-4803-00f9-ba3325d404ab,SEP0027902BC1A4,DTKRT Sr Mgr Paul Burt 972-456-6659,684,11
f02aafce-2f1c-4d1d-d2ad-35e81a0ed157,SEPDCCEC1F1B580,RAPA Warehouse 2 500-211-2041,683,11
a6a8f697-c469-1ec4-5036-f555ec0e107e,SEPB4A8B9681A03,FXE-TDJX 929-600-5945,683,11
4187ec18-a12b-8448-e9fc-f6720a61fd51,SEPC4B9CDD84AB8,GAIA CSA 240-314-2027,683,11
c264c942-8563-e6e6-9845-18fe095af8b9,SEPBCC493A4EE73,COSR Warehouse Dock 500-211-2040,683,11
1cbaea22-d656-6f15-b0c6-b898561bc0fe,SEP9C57ADF42D93,RDUR Ramp Agent 2 500-211-2075,683,11
d424baa9-20f6-4d12-77b1-873b0e3c39fc,SEPC4B9CDD8F332,PSMA Front Office 500-211-2057,683,11
64549cf1-babb-8381-7a54-bbb7b08b39f2,SEPC0F87F9CDFF0,BUFA Trevor Taramasco 500-211-2014,683,11
a5e3f94a-e679-57e5-5f5e-be441b7a78b8,SEPF87B203650F0,ESPA Ops Manager 215-218-5717,684,11
ff53deb7-fa70-455c-2b85-a2261e5b502c,SEP9C57ADF4D0EB,PHXR Rebecca Meinnert 602-392-7370,683,11
c985966b-ddd4-018f-781a-2c8453dc3425,SEP6C0309EF8034,FXE-PDXB 503-821-5107 Sr. Mgr.,684,11
d4af3944-4861-fb2b-0f2c-9e25c3ac62a6,SEP00DA552757FA,HPNA COLLETTE C3 5002112021,683,11
9c4b9966-520c-a318-9917-679a7fd1bf6a,SEP00DA55276F82,GVLA Gregory Jackson 678-297-2415,683,11
4230b8e8-fcb5-77dc-8b7e-5715871473f6,SEP0027902B0132,WTCA AGFS Manager 646-486-5148,684,11
a8772b1f-4f4a-91c0-fdce-73f45394def2,SEPDCCEC1F1E350,LCHA Office 2 500-211-2051,683,11
1d319597-5c74-fcae-4b0b-911361e8f67d,CSF4720571,305-908-1282 - Angelica Escobar (FTN),503,11
d11d0670-2fb7-6e62-892b-47a46fb51632,SEP5006AB091E5E,TNTA Ops Manager Denise 500-211-2077,684,11
d28618c9-de40-cb34-089a-7657a11ae122,SEP34F8E77BD2AB,BPAA 516-214-9592,683,11
3bcf7488-a3a0-b82b-6b8e-05b46cb0c675,SEPBCC493A51F3D,LOUA 502-333-3072,683,11
7dcd0e28-df19-78e4-a214-4abc2db87ccf,SEPF87B20377CA8,SFBA OPS Manager Paul 500-211-2004,684,11
8ea7cc6f-c457-6a77-b3a3-e721bdfb0096,SEP00AF1F9D4ABD,LGAA Front Counter 1 500-211-2063,683,11
17c7bf6d-d6e0-f627-0a08-b7400a431e06,SEP0029C2C9E99B,FLLR Aircraft Mnt 2 500-211-2026,683,11
e94ae620-4b96-7a60-b3b7-e207c70c62f1,SEP8C9461E1659A,FXE-Field-A SLCA 385-645-2508,683,11
158bcdfb-7086-6bc0-9337-dbb0b7f3c8cf,SEP8C9461ED4F05,ZTYRT Guard Shark 610-364-3050,683,11
33dc7a42-4891-3baa-b375-a558305425fb,CSF4485481,FXE MSYA 5047316585 Test,503,11
526da2e0-05f4-80fa-6364-85931e8f9607,SEPB4A8B969B512,FXE-OBKS 847-385-9517,683,11
d9fdf544-2702-8824-7b7c-95d1947c9e93,SEP689E0B298DD2,,683,11
ac13876b-6215-6e3a-8573-1ce0a6357638,CSF4697367,305-908-1306 - Lewin Villegas (FTN),503,11
df031846-48ea-9aac-9c15-ea0f2bd7df9f,SEPDCCEC1F1110A,(BTVA) - 5002112223,683,11
d0b77d48-de8a-61b8-f8e7-697fd26b246d,SEP548ABA901EDC,FXE-ONTR 909-458-6085 ACMX SCL,683,11
79f39fad-1159-5944-c06f-0a1da863ea24,SEPF0B2E58F66FF,,683,11
8f2df6f7-3636-6d5c-52a5-c83ff435f002,SEPF87B20366112,CDWA Operations Mgr 908-206-2415,684,11
8baf6a07-232e-73b5-7dc6-a4ac4fbccedd,SEP00DA55277B90,DETRT Project Engineer 734-955-8134,683,11
7f129f0c-899e-8e05-88b4-635f77403aad,SEPDCEB94BD4E81,RLAA Front Office1 500-211-2051,683,11
24c801f1-2920-39ce-17e0-dc475170342a,SEPF87B204F0D36,FXE-PNVA 980-335-5275,683,11
3aa7e047-4e02-6cab-7026-a368723158a0,SEPBCC493A4EEEF,ESFA GateKeeper2 500-211-2031,683,11
926ac898-3165-f8c7-7aca-31aef5ec1432,CSF3808206,305-908-1299 - Maida Serer (FTN),503,11
1df401f0-ed93-003e-7afa-81661662fb6a,SEPB07D47D2AA26,ABER Backup Manager 500-211-2054,684,11
51b3c138-53d3-30ae-b81b-43f3d00f256d,SEPC4B9CDD8E27E,CLES Admin 440-735-7239,683,11
2164840f-dd01-012b-400f-2902bee7b36b,SEPCC70ED34A66E,Melissa Metheny 816-243-3408,684,11
85e67f7d-f35b-7dd1-57c2-9c0a73fe4341,SEP3820564517E8,Dr. Michael Trujillo | 904-332-5410,684,11
5297ad32-a083-eb7e-1a63-e9517f11bcb7,SEP382056446B62,BHMA Dispatch Mgr 205-956-7750,684,11
28791ebb-3fbf-bdbe-f006-16fe801995c4,SEP0476B04AD01F,MCORT,683,11
45126d28-18e6-7ec7-633b-46213a7cbe77,SEP0041D2F903DC,WSHA Senior Manager 500-211-2000,684,11
209a9f72-56f9-0d61-d967-d8072a9ee417,SEP00CCFC4B268D,OAKRT 510-383-3732,683,11
eb612382-3d55-e3b1-084e-f4b0daf27436,SEPF0B2E58E22DC,,683,11
a3db82af-4d37-669c-815e-db59b971401f,SEPA0554FDBF2DC,JFKR John Walsh 718-995-6682,684,11
93bd273a-e286-cd7c-5900-e994b6eeea70,CSF4650465,305-908-1290 - Nicolas Pinto (FTN),503,11
deb6acfe-f497-51eb-ba9d-398299d2e07c,SEPC0F87F7542CE,YVVA_Kristopher Clark_4303,683,11
86facbf2-5b6c-5c50-e1e6-a00fe1b0d343,SEPB0C53C7CE576,FTYA Roslyn Howell 404-362-5515,683,11
91d19400-2c0a-36cf-e895-b3550d566c8f,SEPB4CADDC485FC,SEPB4CADDC485FC,683,11
cdb83dee-4309-69d3-220e-01c7fd14d43b,SEP00DA55277475,JSNA Maintenance 818-316-2829,683,11
f95eaa37-0aec-72a4-1761-a2101108e486,SEPF0B2E58FAAF5,DMOA Courier Area 500-211-2054,683,11
224d8d45-11f7-c20b-1bf0-ba7552761ddf,SEPC4B9CDB48A28,LBBA Mgr 4 500-211-2058,684,11
be9a9f30-b4d6-e1aa-ee5f-fdef179401d8,SEPCC7F75051BA3,SEAR Vehicle Maintenance 206-248-7817,683,11
6116b22e-dcb8-e99b-f51f-6932d4a690aa,SEP28AFFDCB4E41,ORDR Veh Mx Algo Strobe #3 - 7738946401,683,11
d3ec6d47-d9d6-4a71-224b-91916e962a5c,SEP00AF1F9D8A67,JVIA Customer Counter 2 500-211-2053,683,11
8f8d98e9-ce84-9383-e268-88d4972dc079,SEP00AF1F9C9AB3,RNOA IT 775-321-5642,683,11
e5d9d6c1-320b-ded1-c065-6a8f81110750,SEP00AF1F9DCA38,GVTA Front Counter 500-211-2061,683,11
f1ffda21-df5b-0858-36f2-03bf5bc746a9,SEPBCC493A4ED9D,COSR Ramp Office3 500-211-2052,683,11
a67f0b4e-acd4-348a-307d-0cecd2580a44,SEP5CE176E83864,FXE-CLLA 979-599-5658 Conference Rm,36258,11
0b83e1d1-6192-4095-e6ed-ed374ec871e0,SEPA411BBF25290,ABER Aircraft Maintenance 1 500-211-2064,683,11
70f6a55f-aa24-6f1f-edbd-f8c8aed3d4e1,SEP38205644E2F2,APAA Dispatch Manager 303-925-8058,684,11
8b775f4e-1dbd-21ce-1225-0fd612254315,SEP00AF1F9D939E,LDJA Manager 732-346-7230,683,11
8b56c37f-c42a-937d-caf7-1467d2ae1c56,SEP9C57ADF4CD9E,EWNA CSA / Tim 500-211-2052,683,11
3b266ab3-ff46-1947-86cd-80b1cbadc6fc,SEPDCCEC1F1E3BE,BFMRT Maintenance 500-211-2025,683,11
a7b1ede6-ebc9-ebeb-7a70-4268553391cf,SEPBCD29578AEC0,,683,11
3f9c1f08-f7d2-2de2-6549-4110d6c41b0f,SEP9C57ADF53B40,MIA Warehouse  786-265-6586,683,11
a6855d9d-3dc8-2358-9d3f-8dab729723bf,SEPC4B9CDD8E65C,GYYA CSA 312-867-5868,683,11
ace85944-7782-6976-6330-087c2b92f27d,SEP00AF1F9CB6B3,PIEA Network Room 500-211-2003,683,11
53fc64c0-22ec-706c-50ad-afa030ab5db8,SEP0476B0E76C2F,,683,11
40f3a66d-e294-70c3-12f1-38bcc319f67b,SEPF0B2E58E207C,GRRR GSE Maintenance 1 6165754750,683,11
f84b6bfd-c825-f8e6-145e-e5fc6fd3bb3c,SEPBCD295588534,,683,11
4ff26424-a191-5619-f21f-e6bd8d8560d8,SEPCC5A535FAD2D,FXE-Field-A SLCA 385-645-2505,683,11
7c301624-e2f3-c4d7-2d17-724be0d11838,SEPDCCEC1F1E075,5002112052-Darla Beatty,683,11
1be105ec-cf26-505e-c7da-a51d6534bcd8,CSF4743836,305-908-1302 - Niuvis Gonzalez (FTN),503,11
f0a8eaa2-b8a9-cf11-9b41-39bb43aff4a3,SEPAC44F214B6A6,ARBA Conference Room 500-211-2003,659,11
30442ed2-f58d-e1a4-02b0-0d1baeee0cc7,SEP00C1B13EE2B0,TPAR Warehouse Booth 1 813-673-6964,683,11
a30519da-2473-1496-c6b5-2840e68aae5d,SEP00AF1F9DDFAA,LFIA CSA Personnel 804-730-5116,683,11
c25471e8-5495-9960-c56f-7563f8a64f73,SEPC4B9CDB41E4E,BWIA Operations Manager 410-609-2837,684,11
b71b8e9b-c574-0ea4-8c1b-f762eb78dfcd,SEPCC7F75051DD0,FXE-GNVA 352-448-2763,683,11
e8404825-d345-dfb3-e8db-d7dd3885c7d5,SEP6C13D5C186BB,LASA2,683,11
983b4582-7500-37e3-f12b-1f3595f44768,SEPF0B2E58E1B9C,IKKA WareHouse 500-211-2034,683,11
15ef2fce-ec32-199c-754b-e1091f3fcabb,SEPC4B9CDD9B708,HOUA Dock Sort 713-842-4439,683,11
1512d9df-80c6-bc9f-c6a6-08831a5b303b,SEP28AFFDCB4E1D,FXE-MIAR 786-265-6502 Open Cubes,683,11
09400183-3d4e-e432-b5ac-69bd04a2d448,SEP38ED18FEE056,GADA Csa 3 500-211-2057,684,11
e28d5a09-b1a3-400e-5822-fed3710cfa24,SEP5488DECE6E8D,,683,11
ccf1fae4-7c60-cf36-b254-cde15b6f99b5,SEP5006AB090110,TPAS-8136736926-J Ernesto Ortiz,684,11
45504498-c28b-8765-d809-c2d67f133ad1,SEPC0F87F8AFDC7,FWHA 500-211-2069,683,11
5e7e8ac1-5a23-2cee-40fe-efc11e08f8ae,CSF488525,305-908-1307 - Sonia Jallo (FTN),503,11
c8a6591e-8be8-7f0e-5698-d6ef3e9211c5,SEPC4B9CDD9B775,IAHR Administrator 281-230-5181,683,11
b63a63cc-937b-2ef9-e141-430f9e55b714,SEP00DA552636BE,SWOA Warehouse East 500-211-2050,683,11
918e087e-e2d4-ac09-55e6-54bdfaf4b21d,SEP28AFFDCB455E,ORDR 773-601-7310,683,11
c66e5fba-6d1d-5bff-6ac9-f8f593d6e0eb,SEP6026AAA6C63D,FWHA 500-211-2070,683,11
34c92805-2d15-4851-0d02-203eb7431417,SEPB4A8B9929DAE,FXE-ITOA2 808-339-9460,684,11
d47a8172-f778-1277-de8e-e02583a06dc1,SEP00DA552724D3,GADA Customer phone 500-211-2054,683,11
930bf02c-a81a-72c3-2e6b-594d89820a69,SEP00AF1F9D4EF3,ASEA Front Office 3 500-211-2055,683,11
0de2233b-408b-6bde-e6fd-91ca13b5032e,SEPB4A8B969F5B8,FXE-FNLA2 303-217-9781,683,11
decfc3e1-0fa7-50ba-44cb-82e19e13f825,SEP00DA55277F86,FMNA Office 1 500-211-2002,683,11
73e2e4ce-0411-c83e-0fa6-fb4ecb96d6a1,SEP00AF1F9D8A0C,OWDA Dock 500-211-2074,683,11
ad38622c-35d8-6165-6ef3-b97fac7766bd,SEPC4B9CDD8D298,FATA CSA 559-347-2512,683,11
884f6aa4-50fe-0a15-a22e-a9ce69461ff2,SEPF0B2E58E24AB,ATLR Mngt Fclitatr 404-209-2835,683,11
6406ab4b-e344-1029-e974-83f023cbb682,SEPB07D47D36BC6,JXNA Service Center Manager 500-211-2000,684,11
5b839732-f673-0ce8-4a82-17c881a9d3c2,SEP74860B70F23F,WTCA PM Agent 646-486-5134,683,11
76b07a1b-b0b7-cea3-7ab3-58a12677978e,SEP28AFFDCB4BAE,FXE-MAIR 786-265-6652 Hwy Weight Cubes,683,11
74e8901a-6583-c29f-6399-39403a7f8d9b,SEPB07D47D3729A,WJFA April Correa 500-211-2000,684,11
b68053d8-8549-dcd2-a847-961f5302d891,SEPC4B9CDD85C7F,HIOA SAA 503-670-4524,683,11
f5ed58a0-6a96-03ae-1076-e9ba87f602cd,SEP00AF1F9CA200,BJCA Service Agent 303-730-4303,683,11
4102494e-1a00-a8fc-b2a4-9232b08473df,SEP9C57AD038488,RSTR Ramp Office  500-211-2050,683,11
05cce4a3-c0b9-4af7-773e-0774103373bf,SEP6C13D5B3257E,,683,11
d15c51cf-d657-743b-b972-3ed98d598b7a,SEPC0F87F13CBE8,FYTE,683,11
31dca818-c4b1-19e7-6a27-a7991c07d59c,SEP00AF1F9C951C,THVA,683,11
22f2e073-daaf-51af-664d-b50bd10170aa,CSF4656815,305-908-1291 - Susette Celestrin (FTN),503,11
869d7efe-31fc-a0d2-e880-82ef9351a1f9,SEP0041D292B37B,CPRA Linda 500-211-2023,683,11
4c8b676a-5f42-45bc-2191-446b26f5b757,SEP00AF1F9D8990,TCMA Equipment Room 500-211-2062,683,11
63936982-ae6f-8b65-48f0-4697314a32a5,SEP38205644932C,BHMA Ops Mgr 205-956-7727,684,11
8c643ac7-671c-5196-5484-92953de54c1c,SEP2C01B5E40AC0,APVA Jennifer Ibarra,683,11
2ea01a67-a274-bd83-c50f-97c3c117651d,SEPBCD29578AEFA,LKSA2 281-504-4436,683,11
5a40f90e-17ae-c550-6202-33565fb5cf7d,SEPCC7F7505048F,FXE-GNVA 352-448-2762,683,11
ec0f2d2c-47c5-3583-c8c5-27f9fcb9b417,SEP28AFFDCB48A7,ORDR 773-601-7440,683,11
aa13e717-0a4b-bc43-dbdc-6402fd712f76,SEP00CCFC4A3522,SSIA End of dock 2 500-211-2051,683,11
a197ab31-5299-6c34-62aa-096e948729a8,SEP00DA55262AB4,VNYA Export 818-920-4209,683,11
f9ffda2e-cffb-dd92-9445-d623de439ab9,SEP9C57ADF46E27,EAUA Front Counter 500-211-2054,683,11
246128be-c9d2-ff45-bef2-a3e3b9dff36d,SEP00CCFC4A36FA,LITA Maintenance 500-211-2026,683,11
870fcea4-609d-c088-c0e9-bffd77895a77,SEPC4B9CDD9B9AE,GAIA Mechanic GAIA 2 500-211-2017,683,11
40a5cf8f-ec11-3c9e-702d-aac59a21cac4,SEPB07D47D374CE,6165754785-Brenda Deering,684,11
f2cb0034-bd81-f49b-92c7-eea117e4a4f6,SEP6C13D5C18613,INDRT Katharine Palmer 3178212864,683,11
d7acec56-cd92-a13b-c5cf-5aa65e5d24d2,SEP5006AB08F8F4,MTCA Bruce Benscoter 248-365-0360,684,11
eb5da4c7-bfb4-31be-af8f-9044d6f247c8,SEP8C941FFFCC76,JAXR Security,683,11
64ce1f09-5978-54fc-30e4-2e2a4e7077d2,SEP00AF1F9D649A,CAKA SAA 500-211-2052,683,11
a2b7c9c6-92c7-44d0-2928-0d1957f3eba1,SEP38ED18FEBB58,JAXR manager  merrill,684,11
e7b5ed8a-3027-62c3-d086-1879049e538a,SEPDCCEC1F10931,HLNA 500-211-2050,683,11
e144e106-d740-ded2-db7a-7e59cae39f6e,SEP0041D2F9A17C,ADSA Manager  500-211-2001,684,11
e85f315e-9b38-a45d-d8a0-6c5a8a05e64e,SEP2C01B5E58437,CIDR ACMX,683,11
0034fdf0-1a64-4956-5119-a83ad8057a3d,SEP00B8B33B4F75,FXE-CVGR 859-568-6360,683,11
3dbf5882-3633-4b37-228c-6443f18164c2,SEPF8B7E2463768,FXE-TDJX 929-600-5932,684,11
2ced4ab1-cf0c-8919-d28c-8d20f20b61d6,SEPA4B2392FA672,SBAA,683,11
4193e0c6-b7ff-b42d-9442-19d26db84b44,SEP04BD97FFFADC,FXE-FBTA 718-965-6832 Gatekeeper,683,11
03367bc7-aa76-c2c1-89a6-2e7a3b1a1aaf,SEP00DA55271747,MPBA Sales office 5 305-960-3378,683,11
e8934492-49b3-9763-fd16-74090d34f69f,SEP0041D292AE52,FTYA Rm 242 404-362-5241,683,11
2e04c3e3-15eb-bfc9-2657-2672efb6e935,SEP00AF1F9D6B5A,CLDA Belt 2 760-602-4716,683,11
092d6448-98d0-c308-88ef-c8daf4316d26,SEPC0F87F9CDE6F,FXE-FBTA 718-965-6833 IAV,683,11
5d847e29-d39f-07df-a801-1fe8c2f57b4c,SEPF0B2E58FAA2B,,683,11
9c556429-4960-5cdf-3205-1345e088a5b1,SEPB07D47D36FBC,MLIA Manager 4 500-211-2067,684,11
dfc285e8-099d-137e-52ff-add3a6aa09b7,SEP9C57AD03896D,GSPR Office 500-211-2051,683,11
6c6af4f4-cf61-f41f-0778-6a5202a62772,SEPDCCEC1F1B442,DFWD Mechanics 3 500-211-2017,683,11
f368f3bb-a671-f90d-f2ef-dd4d105609f1,CSF971730,305-908-1304 - Zoila Platero (FTN),503,11
ec6c2d63-3f62-1b17-6f00-601cac1dfd26,SEP00CCFC4A0E90,BOSR Security 617-568-8210,683,11
5b7e7c5d-2d40-ceea-fa64-152a975468b1,SEP9C57ADF43568,BIXA Gatekeeper 500-211-2031,683,11
cdd6def2-f6d3-ca5f-46ca-9ab69de3506f,SEPF87B20365822,HIOA Cust Service Assoc 503-670-4513,684,11
b8f60c29-8721-d869-45be-3d3be9eb09a8,SEP00AF1F9DCB5B,SCKA End Of Belt 209-983-4486,683,11
d310741d-e047-2544-1465-82298ff75875,SEPD0E0423C1CE1,FXG-MSNR1 608-621-9051 Mgr. Office,683,11
33593024-4c26-d79e-d07d-ddfc8d4b55e9,SEPC0F87F74988D,FXE-FBTA 718-965-6835 IAV,683,11
4e76308e-46e4-c47a-3821-20400deeff8c,CSF3706583,305-908-1298 - Roberto Largaespada (FTN),503,11
2a96bae4-f29e-049d-f008-70b58911ed9b,SEPC0F87F749834,FXE-FBTA 718-965-6836 IAV,683,11
2a05db25-2102-8ae6-b05d-40d10c7f0549,SEPB07D47D3721E,ATLR 404.209.2867,684,11
62dbab2a-cd09-8bb7-cc40-30b67dcce09c,SEPC4B9CDB52016,ORFR2 Manager 500-211-2000,684,11
67b49468-0c7f-bc5e-33a6-5482fa398316,SEPB07D47D3DF44,5002112010 -  PQIA  8851,684,11
61f2821c-00f8-c65f-34d9-ce2c9e5e6250,SEPC0F87F749896,FXE-FBTA 718-965-6837 Ops Mgr ,683,11
9c6d18a0-7410-37f0-7ca0-89ba481e38ce,SEPCC5A535FAD93,DPAA Agent 500-211-2013,683,11
6dd90080-7104-cf98-a62d-0fb74217d6ad,SEP04BD97FFFBA9,FXE-FBTA 718-965-6839 Ops Mgr,683,11
f8e7925e-4917-01d9-e4bd-715df4a97940,SEP00DA55275FDD,NRBA Security Office 904-332-5401,683,11
46eff605-e200-4118-b312-300a45193749,SEP9C57AD028B85,EKAA Front Counter #2 5002112056,683,11
69a6f5e8-d089-9c83-8058-4548c762acd6,SEPDCCEC1F1177C,MIA Aircraft MX 786-265-6510,683,11
2073e550-0132-4e50-0920-4ade717c5218,SEPF8A5C59E3CC4,SMFGAO Mike Yadon 916-594-9956,684,11
9e1f2aa7-6bb1-0535-08e6-f5110da323cc,SEPC0F87F9CDE0D,FXE-FBTA 718-965-6841 Ops Mgr,683,11
d6575069-9f63-598e-836b-4670a6973e73,SEPC0F87F9CDE80,FXE-FBTA 718-965-6842 Admin,683,11
c6879b0c-cadd-f233-3c33-620845e18dba,SEPD4AD71BF7D93,FXE-DCLEG2 202-892-3949,683,11
69160ac1-1a9c-e360-b97c-b0a2158bb994,SEPC4B9CDD86F14,LVKA Front Counter 925-730-5603,683,11
a325881e-98d9-7ea6-7df5-b03b5b368b0a,SEPC0F87F9CDDCA,FXE-FBTA 718-965-6843 IAV,683,11
2a6d497b-aaff-42ab-7e09-e361c58884f1,SEPC4B9CDD9B77F,IAHR Pilots Lounge 281-230-5168,683,11
90570afe-7d59-a674-b7a5-3cb80dd9209e,SEPBCD295821F1D,BURA,683,11
74c53e84-8098-7593-f13b-fe1a813f8162,SEP9C57ADF4322F,EWNA Vehicle Maint 500-211-2025,683,11
13743486-8f1f-cd7a-8d5d-c207a844555c,SEP9C57AD03DF22,SATR Flight Man Office 3 5002112079,683,11
4b07513a-5027-d81f-d3ce-7b59953212ab,SEP00DA5527572E,SFBA Front Counter 2 500-211-2025,683,11
114d67ca-3be6-c10d-5c2f-9b1cf2a5b6fd,SEPA84FB1518FF7,ATLR Manager 404-209-2745,683,11
d868460b-7fea-c931-0ff6-d5b7d72213fb,SEPC0F87F7497B8,FXE-FBTA 718-965-6845 WH 1,683,11
2bec8517-35cb-dad3-9f0d-212fdbec74a2,SEP74860B71B810,FXE-ITOA2 808-339-9457,683,11
3b27652e-9f68-2214-9928-03e445e6d208,SEP38ED18FF3844,JGXA Martha Barjollo 323-441-7034,684,11
45153d9d-45b0-3361-8c2f-e8ec5b028cd5,SEP00CCFC4B6AB0,PDXA DG Desk 500-211-2062,683,11
0dcad48a-c926-4208-b31b-d3ed54c6f080,SEP38ED18FEC300,PHXR Dan Rinck 602-392-7269,684,11
a8bba615-d9e4-fe45-65d0-7f76e945e64f,SEPDCCEC1145B16,,683,11
45e3f05b-66c4-6547-afdd-18f22c768c36,SEP6C13D5C18730,,683,11
bb72099b-7157-c533-3599-2f2dacc64037,SEP04BD97FFFA25,BNAA,683,11
c4de9b8c-8451-58a7-46c0-b290f2d6e434,SEPC4B9CDB4F778,BTFA Operations Manager 801-887-4042,684,11
3ce53aeb-e6a9-9841-8cb1-72574dbcfd99,SEP74860B1E3702,FXE-Field-A SLCA 385-645-2525,684,11
799d8c7f-350c-4e03-c76f-a95f008514ae,SEP04BD97FFFCD5,FXE-FBTA 718-965-6846 WH 2,683,11
48e0f1ce-f872-f21d-4d2e-fcc3701ddde8,SEP6C13D5B319DB,,683,11
b41dfc74-9100-88fb-28e3-528a85bed29f,SEPF0B2E58E20EA,STLR Cubicle 4 314-983-1512,683,11
5e20a0ad-c9cb-7654-23b0-f5b48d17ec3f,SEPDCCEC1F13F79,MIA Open Desk 786-265-6515,683,11
b62c6e12-d5a7-a416-63fa-883ab0f9cfa6,SEP00AF1F9D2898,TUSA Warehouse,683,11
b9f78b55-28ae-7c67-6ffb-619b1194b126,SEP04BD97FFFC92,FXE-FBTA 718-965-6847 WH 3,683,11
cb820a01-701f-893d-9703-cefb50fef0fc,SEP00DA5527754B,MMRA Operations Manager#512-349-6509,683,11
e1683d6f-b6c8-0b9b-5cd6-21eaf0d6f64c,SEPC0F87F7498CB,FXE-FBTA 718-965-6848 WH 4,683,11
80f69480-56dd-4f62-96e8-12d46883daf3,SEPC0F87F96FA2C,FXE-FBTA 718-965-6849 WH 5,683,11
579617fd-66b0-1e21-2a68-84fbee64148e,SEPDCEB94BD4F0E,OXRA Genesis Room 5002112086,683,11
66551ec1-3011-acdb-71bf-78f8f645d1bd,SEP00AF1F9D4CDD,MZZA CSA 317-915-2362,683,11
65dae567-06cf-1fd6-9b97-4756e7f2af87,SEPC4B9CDD86D9C,SANR Memphis 500-211-2057,683,11
f44533ee-3c6a-242b-0aa6-7ddfdeda9eeb,SEPC0F87F8A24FD,FXE-FBTA 718-965-6850 WH 6,683,11
d4a077c2-bd89-bf8f-1b74-f2229e8c805c,SEP2C73A02C8B40,LALA Arlisa CSA 500-211-2061,684,11
2e789728-6f12-b7e4-5d61-3fc4039cd499,SEPB07D47D3641A,HHRA Sr Manager 310-263-4634,684,11
b92cd80f-2c35-77e8-b7af-2225ed1651d2,CSF81422,FXE IAHS 713-268-7891.,503,11
78339ecd-2d08-9585-4954-47fbcf4b8797,SEP00AF1F9D5647,GTFR RTD 406-454-8314,683,11
1b41ab19-8981-f4d1-1926-3358c4fb7a4e,SEP00C1B13E792F,MCORT,683,11
8facd2c2-78f7-a2ea-b786-90e6858c5d5e,SEP74860B712582,COAA CSA 408-220-0760,683,11
d00332c1-ad79-2d72-cec0-66f6ec240afa,SEPB8A3771CE827,FXE-MIAR 786-265-6659 Office,683,11
0e013005-9654-8d5a-d79c-136836e67989,SEP00DA55271F89,UCAA Tammy Wilson / 500-211-2002,683,11
2b8f76d7-0056-76db-7bc1-abb85f965a39,SEP74860B7122FD,DTWA CSA 500-211-2060,683,11
e3c9aa25-1151-a307-e393-b506edfb5022,SEPC0F87F9CDE15,FXE-FBTA 718-965-6851 WH 7,683,11
5abef374-d94b-eeed-699d-891a0993a472,SEP00DA55275618,SLNA Bay East 500-211-2028,683,11
107b609f-fbf3-077c-ce2c-27047e7fcadc,SEP8C941FFF4E6A,,683,11
88ae58d0-c5fe-c22e-784a-8761a8d9ce46,SEPF0B2E58E1E78,CVGRT,683,11
b52ed0a1-1d1a-1e20-79a6-8e6e961e299b,SEP00AF1F9DCC91,PBIA dock dg desk 500-211-2058,683,11
14215da4-7402-431d-af4c-47929163761b,SEPC0F87F749452,BNAA,683,11
814a3cf2-8b92-b314-a6cb-4a8d7995c77d,SEPC0F87F96FA24,FXE-FBTA 718-965-6852 WH 8,683,11
3f039f0c-085d-631e-1571-7468ea180d44,SEPF0B2E58E1D0B,6165754749-Alexander Kassel,683,11
6a6feba1-4c29-408d-c8f4-7b0132b3546a,SEPF0B2E58E2167,HHRA 310-263-4705,683,11
71acacf6-01ef-cbdf-8791-20fc2fb6cfc5,SEP00DA55270B04,NOTA TRAINING ROOM 707-781-2329,683,11
4dce7139-f2be-c461-c64c-95650a41b2cd,SEP6C13D5B3155F,,683,11
b924db0b-8436-4540-ae0d-ed5a89dd70e9,SEPC0F87F749535,FXE-FBTA 718-965-6853 WH 9,683,11
607719bf-ca75-8314-13d3-80aa0644f545,SEP00AF1F9D633F,PLNA Station 2 500-211-2051,683,11
8b4e9e09-752c-22b3-e8dd-b6fe48698876,SEP9C57AD03831D,AGCA Gate Keeper 1 500-211-2031,683,11
5be313e9-3d1f-60a5-98f0-f388b7e213bb,SEPC0F87F749765,FXE-FBTA 718-965-6854 WH 10,683,11
4fcd0189-921e-2a59-15a5-ff1c4a3b4dc8,SEPC4B9CDD9B1C1,IAHR Truck Dispatch 2 281-230-5118,683,11
8ad9e83f-55d5-235c-ac34-2159071ba529,SEPC0F87F9CE173,FXE-FBTA 718-965-6855 WH 11,683,11
30119355-77c4-fba5-5e3c-b487551fd184,SEPC0F87FBADD59,FXE-BFLA 661-695-4835 Shipping Center,683,11
96505b9c-1fe0-c33d-746f-7e1a945d17a4,SEP38205644E346,9047418845 - Darlene Wilcher,684,11
b19ab536-3195-756d-a72a-4cb179be4739,SEP00C1B1E421A6,MSCA Dispatch 480-753-4046,684,11
d5e7b754-940e-591a-f786-565694201158,SEPC4B9CDD90225,HIOA Care Taker 503-670-4510,683,11
c88e231c-8145-c7e6-7492-14651bcfc425,SEP0041D2F9BB14,PHLR  500-211-2162,684,11
e2c70335-ac76-5825-3d45-b35c9095ec7b,SEP00AF1F9D48E6,WSHA IB Room 500-211-2066,683,11
a8d019eb-af47-0de3-ceb9-356a1501ed75,SEPC0F87F756293,DPAA Warehouse 500-211-2301,683,11
331a317b-8086-41fd-062e-f51e73d36389,SEPBC8D1F17C30E,GMVA Sales Admin 201-828-9706,683,11
a809f4e3-4c2a-b89e-20de-457ef7b65390,SEP00C1B1E42408,8439963181-Robert McCurry,684,11
ce43cd92-d055-8d62-9781-49341e3db4dc,SEPC4B9CDB413B4,SMOA Op. Mngr 310-578-9039,684,11
f4ea407a-cae1-5579-e5ce-a6e79115e758,SEP6C13D5B317EA,,683,11
0bd44b14-2d19-48d8-24a0-45eac978ca9c,SEP0027901D4F27,SBDR GSC Breakroom 9095013683,683,11
279fc619-2fa5-7428-d5c6-3b4a278b5cea,SEP9C57ADF4CD57,AOHA Office 4 500-211-2053,683,11
47e28189-f99e-dc39-63a0-67c4f434bdc4,SEPCC70ED5686C0,ONTR Ramp Office 8 / 909-458-6555,683,11
7c8fd60b-1d1e-9955-cd55-287c3bb8677d,SEPF0B2E58E1EBD,SAVA  5002112057,683,11
a2fa25f9-e2d1-04fe-04bc-694486fadbb1,SEP00AF1F9D2B8C,LBBA CSA 4 500-211-2056,683,11
cd9500f2-d63b-88db-d8a3-be8a52ad625f,SEP9C57ADF42CC5,FBLA Upper WHSE 500-211-2041,683,11
2c6a437f-44e4-c3a2-6b65-52c06ac06e43,SEPD0EC352DCCAF,FXE-CLTR 704-521-7026,683,11
46a7b92f-965e-455a-c3c7-3e1e128daa4b,SEP9C57ADF4CDC9,MSPR District Entrance  500-211-2060,683,11
a576abb4-ac23-64a0-6c20-9fcca97704a1,SEP00CCFC4A3FC6,JSLA Vehicle Maint 201-507-3459,683,11
bbf1e0e4-6646-e87d-ffbf-b263a98725b8,SEP0027902ADFC0,OGGA Operations Manager 808-877-7072,684,11
4ee2b879-8f0c-63f8-8383-5c84227db98d,SEPC4B9CDD8F9E2,PYMA Front Counter 508-884-3603,683,11
5001b41d-a4c6-1753-6713-25e295d705b5,SEP6C13D5B34BF8,FXE-HIKA 808-426-5010 CSA,683,11
85afaf7f-7e94-4f19-77e6-d2529dccee37,SEPB07D47D36B1A,HMTA Raul Perez 500-211-2003,684,11
08c99c36-47cf-e5db-6dd0-b2b163f709ef,SEP00AF1F9CEC8A,BPAA Gate Keeper 500-211-2069,683,11
c21bbe1e-6536-8589-9429-bd263a16d99c,SEP00DA55277677,GVLA Shop 678-297-2485,683,11
c2154427-1b18-e72f-9144-69a1ce3f48c1,SEP6C13D5B3152E,,683,11
1291b655-e27f-e892-c659-f1c49bd934ed,SEP00AF1F9DD86A,LDJA CSM Office 732-346-7238,683,11
5dedb72a-8624-6ace-1ee7-f599c65094fe,SEPDC774C94E5BF,Department: Office Admin,683,11
95b60bfb-7211-b427-c1d2-ed0446a08249,SEP00AF1F9D6698,BVYA Service Assurance Agent 500-211-2073,683,11
dc94d68d-d246-7c3f-24f5-e8a95fdff292,SEPB07D47D37204,LRDA Parts 5002112000,684,11
4fccfefe-0f6e-eeda-34fc-0d6237f9aff6,SEP00DA5527284A,SWOA Courier Room 500-211-2052,683,11
b46ed432-f56c-bc90-5216-39e90d2967ab,SEPC4B9CDB57A00,FLLR Aircrafts Mgr 954-359-7482,684,11
92fdd5b5-ef47-b3c4-15ce-e63722771b89,SEP9C57AD030BEC,MYVA Judith Wilcox 5002112052,683,11
28d575a5-9898-4072-9f3a-02e25be7bc06,SEP00AF1F9DCC32,ISMA Telcom Rm 500-211-2003,683,11
064ff2b2-eea1-8c5c-6ce0-a80f96cb2923,SEP00AF1F9C951D,DNEA Front Lobby 500-211-2056,683,11
e8906fce-d9ce-5137-4e84-c19de37c7733,SEPF87B20365FDA,RHVA Ops Manager 408-546-3138,684,11
dd7165e1-d87a-0745-2492-39048a4b2980,SEP0027902B0556,WTCA Manager 646-486-5155,684,11
8ac26dba-ccae-7f84-3c14-a931aa3385d9,SEPBCC493A50707,RFDA Pete Brush 500-211-2060,683,11
6bcbbdf7-d5e4-0bfd-cd0c-3fa472747aec,SEP007E95FC92A1,ONTRT Emily / 909-458-6707,683,11
437a4f56-12f4-7946-cbdf-c60a857d56d2,SEP9C57AD028D74,MFDA Break Room 500-211-2004,683,11
00868906-7d25-dcf6-8d0b-6eaf352dc7de,SEP00B0E15F2DF7,ASEA Maint. Shop 2 500-211-2026,683,11
abbcb825-5e54-1368-3f82-d4ea836a1c1f,SEPA0554FDBFAEC,IXDA Nick Gurrero 500-211-2050,684,11
020b1a01-2edb-231f-a9a7-98393b1ffb14,SEPB07D47D36F90,OLVA  901-712-0104,684,11
dd511fb1-cda6-032b-9a4f-29b4388035ab,SEP5488DECE1B17,LASR,683,11
4c8a8074-f8c8-737e-5900-92ba8a6ebddb,SEPDCCEC1F1E5F3,5002112055-Stephen Molina,683,11
e5d9314c-5d80-0e97-bc9d-79778acef865,SEPF87B2036843A,MWLA Manager 817-230-2144,684,11
574a2d54-22bf-c216-b37e-e36928b0089d,SEP6C13D5B313EB,SJCRT,683,11
3fb394c3-7b85-fd5b-429f-5334f1fa72d9,SEP04BD97FFF99D,BNAA,683,11
afdbfd47-fc44-096f-a6bc-df964d5f344d,SEP38ED18FEE00A,NCQA Csa 4 770-956-5663,684,11
7a4b1a1a-f5c4-f8f3-8c2e-23a98c4b5a23,SEP00DA552721FC,NZJA  949-788-8427,683,11
a72a4eca-fd03-6449-1ae5-e7b0b2f378a6,SEPAC44F21574A5,ZMLA Small Conf Rm 262-970-5567,659,11
9119b856-ce0b-d363-280e-96b153d505cb,SEP0041D293DECD,TNTA Training Room 2 500-211-2012,683,11
e9494c11-ea76-8c8a-1e02-e2f6f30f76c5,CIPCRZZA1,DO Not Delete,30016,11
a9cb9161-3102-cdc5-4e8a-8cc55e729bdd,SEP00AF1F9D6675,BOSR Service Agents 500-211-2052,683,11
87084b9d-be94-be06-85a7-c5e112838f1e,SEPF0B2E58E17E1,WJFA CSA Wall 500-211-2081,683,11
ea0979ab-1fe5-82f6-32a2-e7a655bd6e12,SEP00AF1F9D563C,BVYA Front Counter 500-211-2075,683,11
151ec37a-8ec6-c5c8-fbdc-2a1e0cb28078,SEPBCC493A523C5,5002112203 - (JSDA),683,11
5043cf29-6091-8d45-b621-d57e562a5fdb,SEP00DA5526F9B6,TOAA Front Counter 5 500-211-2055,683,11
6cd864fa-c38e-09fa-0d1b-5ee233d508d0,SEPF0B2E58E19C8,LUFA   6022723392,683,11
b516f238-9ff2-1772-ab20-f5e26c36eeab,SEPD0E0422D8509,ORDR 773-601-7334,683,11
74beb9fd-63ab-ba1c-565d-91d23287976e,SEPBCC49350105E,IMTA Station Manager 500-211-2050,684,11
500075d8-ef45-e4c9-c597-805a31945782,SEP00AF1F9DDFB9,LFIA Mechanic 804-730-5184,683,11
85140da8-08b4-b1b6-9a30-4fd10f8e014a,SEPF0B2E58E2532,ALNA Gatekeeper 500-211-2030,683,11
becdce92-222a-6c55-04f7-2206407407af,SEPC4B9CDB50868,BWIA Manager Admin 410-609-1123,684,11
a4671e1a-ee05-13f9-8848-d1a2e4e686fa,SEPB4A8B9923F76,LCKR Ops. Manager 614-492-6114,684,11
f13ff635-8887-519e-4afc-0a748851d52f,SEP0041D2F8F070,TYSR Manager 865-380-8038,684,11
6a8dd571-b5e5-1d0c-02cc-ea96e0292271,SEPC4B9CDB47350,CRWA Senior Manager 304-343-2761,684,11
7cb2c201-03a2-d79d-be7e-ee87a1d1c209,SEP00CCFC4A4847,ADSA Admin 500-211-2051,683,11
4a1327b2-bf5e-8018-92d4-8beb23a87d46,SEP247E12BE00CF,LASA2,683,11
ddfa0d2f-d4f1-c28a-150b-534748caaec7,SEPB07D47D3733C,6165754783-Christopher Pett,684,11
ca5baee6-bf93-538e-7a71-726c9a2eab4b,SEPB07D47D384C6,SYVA Sharon Beasly 500-211-2052,684,11
18716260-818a-abd0-d7ff-1d47bb573ead,SEPDCCEC1F1E798,FTYA,683,11
cb095355-4bdd-8aee-64dc-5e4017b6149e,SEPB07D47D372CA,LOUA Shontay Lavender 502-333-3014,684,11
3b1b439a-ddea-993f-895c-747029a6e138,SEP0041D292AD27,4042092746-Dock,683,11
be47d2a0-e7a2-2924-4b30-a2fcd4b34774,SEP0041D2934E85,FARA North whse 500-211-2054,683,11
3ecdde81-8b59-e96a-0ed1-cbc4ac930685,SEPC4B9CDB50346,MKER Sr Manager 414-294-5953,684,11
1e93e534-a08f-9fe2-f8b8-45013f786b4f,SEP0027902A9060,PDXA Service Assurance 500-211-2051,684,11
f5e1d3cf-0311-e0e4-bf46-609814f8a72a,SEPAC44F214C6E0,SDMA Conf Room 2 619-527-2096,659,11
ce9863c1-9fe5-6c4d-9bc3-0eb26f076680,SEP9C57AD024BEA,TULR HALL PHONE  918-831-8059,683,11
59470df2-051c-4df6-008d-4b17e7e90e66,SEP00AF1F9CAB2E,NBUA Genesis Room 500-211-2066,683,11
2734cb10-b7c3-b92e-ae04-1f0ebf93fe5b,SEP0041D2F93B56,BWIA MTN Dispatch 1 410-609-2816,684,11
bb45c5fe-9ba3-aca5-7846-2bc64885b590,SEP00AF1F9C18C3,JOTA Bertel Jackson 500-211-2063,683,11
ca85eaa7-ce05-80c7-a489-19d8744dce73,SEPBCC493A526AF,COSR Toby Ritter _719-284-8662,683,11
1fdef15d-656f-feee-4912-8829b61b3418,SEPF87B203681C0,SATS MAF Dispatch 500-211-2062,684,11
ec808b6e-2862-d5aa-c9dc-70b0a8e6ed3a,SEPC4B9CDD8A2B6,NYCS Front Counter 212-259-3311,683,11
99d9ae73-cd51-9474-23d0-f19e454f8c04,SEPC4B9CDD8AE40,NYCS Tortes room 212-259-3418,683,11
7cec0eb5-abfe-b5a7-569a-9851ee2fcd6a,SEP9C57AD030BA6,SATR CSA Office 2 5002112056,683,11
ceb2647f-5f7a-98b1-5753-c27f611f4165,SEP00CCFC4A4D78,ILMA Simeon Kitt 500-211-2059,683,11
619fb153-b8fc-9e3b-7a71-fb22867d3a42,SEP9C57ADF4CEA4,LFKA Gate Keeper 5002112054,683,11
1de16ba9-4901-f4d0-8c64-f4046b53c1e7,SEP00DA55277EC5,INTA Customer / Reception 500-211-2055,683,11
45c3ce94-c182-1e80-0fc6-7d93557c928a,SEPC0F87F8AFD03,COUA Scottie Price 500-211-2055,683,11
add35193-1372-2a69-a913-aeaef64a620e,SEP00AF1F9C0AEE,FXE-Field-BFMR  251-690-4008,683,11
e14e0417-c15c-1eed-7647-9e94cea91159,SEPDCCEC115D6F9,LEEA Back Office 5002112054,683,11
836e8204-2318-e82c-dd19-5c35ba11ceb8,SEP00451D66B0F2,DAYA Office 16 500-211-2066,683,11
f66f9892-6362-a229-0a3a-4ed62bb2f096,SEP9C57AD025E58,SEP00AF1F9D62D1,683,11
a91f6ac5-73b8-2195-f34a-64ad6f89386d,SEP00DA5527039C,GVLA Gregory Jackson 678-297-2415,683,11
247ec302-4220-5846-fd2e-f7bd5d3e9465,SEP38ED18FF338C,FULA Gino Casanova 500-211-2053,684,11
01df92dc-d54c-c081-f100-503a7f83171d,SEP00AF1F9C9F92,BJCA Service Agent 303-730-4315,683,11
63ef5274-df60-531b-a7ac-a5a80f515773,SEPA0554FDB7534,EYWA Rollup 5002112055,684,11
d7574b46-bd21-f48a-dc5a-107f3ff23d47,SEPF0B2E58F6487,BHMRT - Vicki Shunnarah  205-714-3203,683,11
832ed361-9e8c-21b6-11fd-5f91f67ce50c,SEPC4B9CDD9B9C0,HIOA Front Counter 2 503-670-4503,683,11
0f788e4f-4b3e-9a1a-932f-3d27d5cca9df,SEP00AF1F9D4819,NMZA Project Eng Spec 500-211-2055,683,11
b430d8cf-a12d-7823-7074-644e44a70cf7,SEPA0554FDB715C,BZNA 500-211-2060,684,11
ba91d32f-d875-62a4-44aa-a104338869f3,SEP74AD98C5A314,FXE-PDXB 503-821-5112 WH,683,11
04656827-1018-20c1-daa1-480127176c34,SEP0041D292AF9A,TVCA Hold Room 231-932-5804,683,11
0b74f5b5-ddeb-f42e-e05f-64a500fbcf32,SEP9C57AD025F2C,HWOA/FLLRT -Javier Martinez- 9543167681,683,11
cfa0cafa-d8ac-1f05-f2a4-130a641607e7,SEP2C31246DFE8C,THAA Senior Manager 615-309-0322,684,11
06d7a98d-1ad7-0f1f-d3bd-a6e14449eb6f,SEP9C57ADF4D153,MSPR CSA2 612-713-8512,683,11
34a421a7-271e-35b8-4849-71f93deb4411,SEPBCC493A50B2F,ROCR Vehicle Maintenance 500-211-2004,683,11
906f14af-d43f-1deb-528c-4835fc6c9428,SEP00AF1F9D8302,ALBR Street Side Bay 500-211-2045,683,11
27c0fddd-21e7-ea9b-f239-b0822ba0f18e,SEPD4ADBDCB66AB,FXE-RIVA 909-522-3115,683,11
798dbc31-e108-45d2-a888-ada36ede4fcf,SEP70C9C668A670,FXE-DCLEG2 202-892-3943,683,11
bc8602ec-0536-f351-14c3-52d4d0548cb1,SEP5006AB08C01E,GVLA Ashley Coarde 678-297-2459,684,11
6b6bcd9b-39bd-58e3-ca82-3b434baa8080,SEP2C01B5E5EEFE,ACYA Mary Sue 5002112240,683,11
b4456469-2601-b761-f26b-7b2b2c51e782,SEPF87B2036822E,BCBA AM Ops. Manager 703-709-2630,684,11
7692819c-6198-740b-6585-c3167a487698,SEP6C13D5B31F88,HSVRT - 256-850-7090,683,11
ee31b71e-82e2-33ba-02f0-1b7289443538,SEP0041D2F91CC2,ADSA Manager 500-211-2057,684,11
747cf566-f70f-c2dd-b02e-117a3a2bad02,SEP6C13D5B31841,PSPA,683,11
ef5900cf-9333-b14d-af17-7d001a01b629,SEP74860B71B022,TUSR SAL 500-211-2053,683,11
c4a09b53-dc74-a6e2-f91a-73c88244cc6a,SEPDCCEC1F13C87,,683,11
80f9dd88-1cb0-131a-d21d-d151b85d5608,SEP00AF1F9D8409,SMOA CSA 500-211-2056,683,11
2f2bf628-7306-48ed-748b-2beb962d0e67,SEP0027901D7533,NWRRC Heather Johnson 385-285-3449,36217,11
5d372878-a07f-af7b-d7e5-ff659703352f,SEP9C57AD025C54,EKAA Suzette Yonker 5002112000,683,11
a3e428c8-28ef-309e-b868-b23188dc6dc3,SEP9C57ADF469B5,MSYR CSA Office  504-472-3309,683,11
a4739aed-e369-5e11-d60c-f2d633dd9928,SEPD0E0422E5665,FXE-MAIR 786-265-6719 Cargo Processing Super,683,11
b4eae543-0631-b879-128b-4a1f36458911,SEP9C57AD028B8E,CMHA CS4 500-211-2004,683,11
1f98978c-049c-538e-8548-afdee3d0770a,SEPF8B7E2479EC2,LAXR Mgr HUB Ops 310-665-1005,684,11
e0ade4d8-e08b-2a41-e69f-bac670babe2b,SEP9C57AD03DE0E,RSTR Flight Crew Rm 500-211-2061,683,11
dca34f42-29bd-8f71-418c-56459d9379b3,SEPF0B2E58E2702,ASEA Courier Room 500-211-2052,683,11
193f16f5-cfa1-0bd6-03d7-edba9ba971b9,SEP38ED18FF34B4,FULA Adam Wilson 500-211-2051,684,11
6c860bc4-fa78-1844-a7cc-df692446c841,SEP74860B719622,TUSR AC MX 500-211-2055,683,11
5933bf48-e596-bd9f-11f2-81569e0d55d3,SEPDCCEC1151E5F,HMTA Courier Check-in 500-211-2020,683,11
575dcf7b-54b9-1bd7-8bf9-9843acd06ec8,SEPC0F87F74A7D4,FXE-BFLA 661-695-4842 Electircal Rm,683,11
1d40cffb-ed83-5c86-fc61-e50c8584f90b,SEP00DA55271A31,SLNA Doc Sort 500-211-2023,683,11
231002e6-a896-2840-6d11-6fc0d204ecab,SEP00AF1F9D6CDD,GMVA Training Room 201-828-9703,683,11
fbb49a1d-1b38-145a-7dad-276e4a0c8542,SEP9C57ADF42DE3,MLBA Senior CSA 500-211-2059,683,11
446fc184-a83e-d60e-9c00-0790a0fd83ea,SEPDCEB94BD4AFC,RSWR WareHouse 1 5002112040,683,11
b9848002-5783-c1ef-dce7-7d5a3430992e,SEP00CCFC4A39FA,,683,11
5163d57b-874e-0179-b88a-fa328d4554f7,SEPB07D47D2B2DA,SMFR Sergio Beltran 5002112000,684,11
08738047-feea-1bc7-2724-2ff9e7ee0372,SEP0029C2C90983,FXE-GOA 202-218-3849,683,11
4e188f6f-2fd6-6443-95cd-bb9cbd5a0724,SEP5006AB08A6BC,HPNA Keith 5002112006,684,11
70af9bdf-b6ea-6aaa-a69a-40973ba3d633,SEP0041D2F81CEA,GVTA Karen Suber 500-211-2001,684,11
bf0f0299-14a4-1872-6e9c-69afcfefb0a4,SEPB4A8B969D42B,BOSR BOS Garrett Sexton 617-568-8218,683,11
74f84a53-b80f-fbed-4bfc-615cad270c35,SEPD47798FC237C,ORDR 773-894-6559,683,11
71fa10b5-8fd2-62d5-ad6a-f009beeb7cc2,SEP3820564581A2,US Customs (LAXR) 310-348-2120,684,11
00f72ee9-6870-c8e9-2239-cbed7933e901,SEP382056451AFC,6268392231-Elder Con,684,11
f361b2ab-5221-25bf-183a-3254d7b1e840,SEP00DA55271A36,NRBA End USTA Belt 904-332-5436,683,11
ba65d8d5-795b-a1af-ef7c-1c264be710f3,SEP0027902B12AA,PSMA Manager Office 500-211-2055,684,11
c8d97ea1-978e-3322-04dc-ec3fc6065e20,SEP6C13D5B3207B,LASA2,683,11
058dbf8e-5f30-1fea-debf-0dcad2043348,SEP00DA552760E1,TNTA Break Rm 500-211-2004,683,11
31f9ff05-c0e0-37d0-f3d7-b53b54ea1fdd,SEPDCCEC1F00204,OWBA Chrystal Ambs 500-211-2003,683,11
8c71a275-2d29-4538-06b5-e89affb97566,SEP9C57ADF46A4E,IXDA Caretaker 500-211-2058,683,11
daf2105e-c447-ff98-3885-723a0676e31c,SEP0041D2F9440A,MCOS Tina Lee 500-211-2054,684,11
c89c5a1c-bf0d-1e21-4fce-b259da9adc8c,SEPB07D47D2A8B8,Brett Edwards 319-846-5462,684,11
d6fe0853-836a-70d5-7bf3-a017ceb2bf0a,SEPEC1D8BBB589E,Rose PSCA,684,11
68bd984f-5de2-6f5c-ad09-371053a16f25,SEP00AF1F9D5AC4,ORDRT import/export 7736015814,683,11
60cc01a9-c80e-318d-520d-d7d71337f7aa,SEPB4A8B969A3BC,SDFA Tony  500-211-2022,683,11
7bff7138-a348-3309-bdc9-2004906aa66a,SEPDCEB94BD4B93,RKWA CSA 865-777-5017,683,11
631897ee-788e-d212-09c2-c9ad124e89b9,SEPF0B2E58E1A32,PHFA Office Manager 10 500-211-2032,683,11
0cb64033-9e8c-7e33-c6d2-25afdcd73a5a,SEP9C57ADF56F9E,CECA Office 1 500-211-2050,683,11
c2d9f87f-2908-b20d-2190-c4d36615ffab,SEPC0F87F9CDCF6,MKER Postal 500-211-2082,683,11
ec296565-1ab0-5bd4-b181-d0301e99e5d5,SEPF0B2E58E188C,BURR Ramp Office 500-211-2014,683,11
60145a15-b939-bc3e-a3cd-43cb1934edfd,SEP00AF1F9D2A4E,WSHA Warehouse 500-211-2046,683,11
3d1f89de-6bb2-909c-09c7-c174e08631e8,SEP00DA5527758C,FULA Front Counter 500-211-2057,683,11
b9121e75-f9aa-f0f9-fe13-9ad9f2d539d9,SEP0041D2F9AC68,ALBA Mgr 518-270-8549,684,11
a712f7c3-8a3e-701b-e7a9-4f9fdcdd5898,SEP00AF1F9D4D0A,MZZA CSA 317-915-2340,683,11
c8e95df2-0f04-528b-654d-8684eafa91b5,SEPF4BD9E4AA886,FXE-RIVA 909-522-3132,683,11
370adde7-4af3-1727-bb4e-91df27440702,SEPF0B2E58E2326,DENR IA Hut 303-342-5279,683,11
732dab66-06ea-4e14-8b0e-c4c5c8b1345c,SEP00AF1F9D26DD,MKER RTD Room 414-294-5931,683,11
4232f466-ab85-410e-c03f-4f7332224513,SEPF0B2E58E1DEF,GRRR Rebecca Bush 6165754774,683,11
5b24e361-9700-d6e8-fc90-c7f30b61bb72,SEP00AF1F9D57BD,GTFR Computer room 406-454-8324,683,11
ffdd7d1b-4c5d-94ab-eb1f-fe3d662df815,SEPF0B2E58E22F8,FTYA,683,11
38fd7250-d3a2-f757-037e-60cb289dd925,SEPF87B20365B64,CLEA Operations Manager 500-211-2058,684,11
485012f6-12fe-b83f-c0fb-7cc4235eea37,SEP689E0BF68139,APVA,683,11
ef7bd337-af3c-fcbb-4fb5-1f90a3ded223,SEP0041D2934D5D,FARA Hold rm Telco rm 500-211-2057,683,11
c6ee428b-d98f-b366-7ed7-b23c9ade8802,SEPF0B2E58E21CD,RICRT Sales Rep 500-211-2061,683,11
6bb93979-07bc-f921-cb6f-f3dba67a3dde,SEPC4B9CDB406E0,BTFA Dispatch 801-908-2492,684,11
193f3d27-ad2b-9665-c4aa-518d4b76fc15,SEP0041D2F92034,ADSA Manager 500-211-2054,684,11
a38ff662-fcd7-ae37-e00a-350884fadb27,SEP007E95FD19D2,ONTRT Shanta / 909-458-6706,683,11
77ec6823-09b1-2fbc-3bd4-c1de0e5f93f0,SEP6C13D5B317E3,LASR,683,11
7d3a68e9-81d7-44f1-daad-c43e2c1c3943,SEPDCCEC1F109E2,DEOA Office 8 500-211-2057,683,11
3c0bc97c-f4ae-0af4-338a-f63311766f61,SEPDCCEC1F108E5,AUSR Aircraft Maint 1 512-385-1041,683,11
3997f2bf-b761-d9c5-4772-bac103846716,SEPDCEB94BD4BF4,ATLR 404-209-2956,683,11
6cab3c79-42db-01d8-e76a-0df81b1eb17c,SEPD42C447E6C0E,FXE-Field-A-FARR 701-219-7028,683,11
9854e67e-b06d-8a11-2589-ca23508e321e,SEPF0B2E58E2266,MCIR Ramp Office 816-243-3460,683,11
2164af0e-f901-5a6b-c26c-4ec3b6039fa3,SEPBCC493A50287,SDFR 502-380-2153,683,11
57fb6d7a-bd35-ab71-7320-34e889fd2274,SEP0041D2F90A0E,ORDRT Pm Mgr. 7736015969,684,11
50f7e490-c8e7-3367-4063-38e8b3ef4f2b,SEP00C1B1E40826,MSCA Dispatch 480-753-4033,684,11
76d9bace-868d-891f-9d2a-e17cf6ae639f,SEP5486BCAE27EE,PITR-Mgr Ramp Ops/NonDOT,683,11
6e795666-12c5-fbc7-7697-f1c43acbf4af,SEP00DA552757DA,FXG 1627 Ops Coordinator's Office 2 217-585-2506,683,11
86cfe8fc-cb0a-2aad-4b4d-bcca6a225939,SEPB07D47D3DFAC,GEGA Trish 500-211-2023,684,11
aa721c72-a901-1761-4ccf-1a5a540b7d51,SEP0041D2F811C2,INTA  500-211-2069,684,11
02a24189-dfbf-5b9d-edf4-eb23c5ecbc58,SEPF0B2E58F65B0,RZZA Csa 919-877-3041,683,11
60696c0e-4094-051a-c7a5-50fbb16d449f,SEPE41F7B9EC7B7,FXE-ONTR 909-458-6179 Brian Baiza,683,11
108d0306-6b5d-59f7-c305-d79a0e91bbaf,SEPF0B2E58F6731,RKWA Conf Room 865-777-5021,683,11
d7c293aa-dca2-6f1b-b0bc-8b3e5bc687a0,SEPDCCEC1F13C88,MSPR Warehouse 4Q 612-713-8626,683,11
a5b5baad-d94d-bcaf-78e3-01054da1e2ac,SEPC4B9CDB4F716,CTXA Dispatch Agent 500-211-2052,684,11
32d05bbc-4038-0d1a-854f-8e7f6b0afa7f,SEP00AF1F9D6B41,HBYA CSA 500-211-2070,683,11
02b1755e-4530-169c-e006-e2deaee4d6a3,SEPB07D47D3167E,PDT Office Manager 500-211-2000,684,11
6dae6943-e3a5-9f0d-3ce7-7a8980c6552d,SEPC4B9CDB5F50A,ISMA Manager 500-211-2052,684,11
012b145c-75f0-986c-5385-d9329a86aa15,SEP0027902B222E,DTKRT Manager 972-456-6638,684,11
f3e6d869-1751-b65b-55ab-f5292e09c102,SEP341B2D5B9EC5,407-916-3175,683,11
d77b2d44-835a-d66d-f866-58dd76886d57,SEPDCCEC1F14064,DEOA Office 9 500-211-2058,683,11
e6a70b98-e70b-e572-f794-82548681cd9e,SEPA0554FDB789E,HHRA Shawna Jackson 310-263-4723,684,11
f5220189-9b01-a965-0119-bfa1942a0461,SEP2C57415F3116,CSGA SCOTT 500-211-2058,683,11
71a54233-10ea-b4c7-8bf1-648907a7fc5b,SEP00AF1F9D433D,PITRT Warehouse Phone 500-211-2041,683,11
59c6d8ac-3130-2d13-b8cc-0950f6c0136a,SEPF0B2E58E20A5,ANDA General Office Area 500-211-2053,683,11
0743d4ea-6c31-dfec-90d2-86b25ae68056,SEPA0554FDBF63E,JFKR HTOA Charisse Thurmond 718-995-4693,684,11
8fa73dba-a14d-fed2-eb32-ffa725b9d75d,SEPD0EC35C0737D,FXE-CLTR 704-521-7026,683,11
c563b578-441b-6aa1-2c37-05687ce4abb6,SEP00DA55270903,LNSA Vehicle MX Shop 500-211-2025,683,11
461cabc4-9fa7-b4f1-93e9-40fed4fdd6a3,SEP00DA5527040A,SFBA Network Room 500-211-2034,683,11
4f6af1ec-faad-1c4c-4f76-505ab6fcf4eb,SEP3820564516B6,ZSYA Jacob Flint 500-211-2000,684,11
5d98f0a8-b74b-bee6-311c-2f19b3427d19,SEPC4B9CDD82EFE,HIOA SAA 503-670-4571,683,11
95839166-0437-02c6-62c7-3e3f89102ca5,SEP0041D2F9AA8C,OAKRT 510-383-3733,684,11
94d59463-3930-a900-0b3a-995afd0404f5,SEP6026AAB352D8,GAIA CSA 240-314-2006,683,11
8e10c5dc-d602-6ef3-7116-248246f098b1,SEPDCCEC1F1E408,MSPR Main Tech 3 Main Tech 612-713-8523,683,11
e936cb34-b21a-0899-6110-b590846ad8d6,SEPC4B9CDD9D127,SATS Break room 500-211-2004,683,11
bd092862-903a-db73-9b06-917801262d60,SEP00DA552776AD,WRIA Tim Howley 500-211-2062,683,11
98fdf3ab-ed79-f607-32e3-345de2497516,SEP9C57ADF5A4D4,MIA Security Office 786-265-6507,683,11
9f42bd87-5f00-b163-8bca-592087219692,SEP00AF1F9C0D55,NZJA Front counter 949-788-8403,683,11
56fb1c49-b32b-f082-c47e-65e999ce985c,SEP00DA55276193,SUSA Mechanic Bay 314-768-6424,683,11
964eb5a0-e22f-1ebd-6823-167962e79f59,SEP6C13D5B31E67,,683,11
fbd17d87-775f-2875-9e54-1a941cd17731,SEP9C57AD025EDD,SEAR Expedites 206-248-7787,683,11
3a9464ef-74eb-219f-6b13-bc429c0bb5b2,SEP0059DC621FB7,3856452535-Randall Petersen,683,11
a68548d9-2f61-ccf1-5a9b-f6ef81a2a6b8,SEPE41F7B9EC9A1,FXE-ONTR 909-458-6123 RA Break,683,11
5a88a9b0-f7de-8b6d-20c4-663c9d6d226b,SEP0022EE12A54E,FXE-BZNA 406-813-3834 Maint Algo Alert,374,11
62c76d02-90c2-0c1e-a9ee-700b02200683,SEPB07D47D3DBA4,ABQA Gatekeeping 505-341-5406,684,11
279d51fa-cf4c-4221-d9a9-19b8181becc5,SEPE41F7B9EC78F,FXE-ONTR 909-458-6166 Agustin Cendejas Jr 148,683,11
98669390-cd81-0550-46cf-e5423e8cd77c,SEPF87B2036BC32,ISPA IT Manager 631-580-4936,684,11
f432897e-9e89-1fb2-25f2-49b8d823ae22,SEPE0899DFA7EB0,SSIA 500-211-2075,684,11
4e60b53b-9321-a027-fab6-5c3833d1200f,SEPC4B9CDD901AF,PNEA Warehouse B Belt 500-211-2042,683,11
1deade7a-6114-b9be-ce0d-4d9068a8b7c5,SEPD42C447E459E,FXE-DLDWK 610-337-6122,683,11
784f9ca2-bb34-420d-8817-0bbaa045ac72,SEP00AF1F9D507C,GTFR AC Office 406-454-8367,683,11
f1393395-1a28-df89-1095-499e379fc42a,SEP38205645638E,BGMA 2,684,11
04a60132-b9af-b46b-d9c6-2c4ea3002590,SEP5488DECE1920,JREA 7184105385,683,11
e297f16d-8eb3-c0e0-c21f-a707dd0ce310,SEP00A3D1F3184F,5002112204 - (ARTA),683,11
e4a82ab2-a6d8-10d2-7975-4e4c448184b9,SEP00DA55271A5C,MPBA Training Room 4 305-960-3390,683,11
04bc7664-8c3f-d102-06f4-ad44805b499b,SEP00DA5527297B,PHXR Eric/Dawn 602-392-7212,683,11
e1cfb5ff-3b6b-a648-6c1c-fd2ebe1c4276,SEP5488DECE1A84,,683,11
0b473370-46e2-7414-4b75-4fe1776db824,SEPC0F87F74AEF8,FXE-PNVA 704-587-7773,683,11
8256b0c6-dbe0-1d8b-54e2-dc09065c7b6e,SEP382056451F64,JAXR CSA -7,684,11
cc9dee5e-c762-cea3-8137-ff78df65cd12,CSF4257528,Ella Nelle 870-715-6019,503,11
a6e0f19d-9546-1756-6457-3da3f5629b15,SEP74860B706F84,COAA CSA 408-220-0749,683,11
5058bf09-8e0d-fc8a-7549-a976414a4107,SEP5488DECE1988,SEP2834A2F643E0,683,11
8ea6636a-d963-043a-b39b-1d2d69e74757,SEP38ED18FF8928,SEAR-2062487801-Tyler Chimenti,684,11
6eb61e2e-414b-4cd1-14ee-aa77daa3291e,SEPB07D47D2B244,Kimberly O'Brion 925-674-4008,684,11
02e7360a-7dae-7e9b-a34f-559508d450a7,SEPDCCEC1F1B7A0,SATA Warehouse 2 5002112079,683,11
fb2ab13c-2eb0-def1-16a9-ded14a640c47,SEP9C57ADF4377C,RNOR Ramp 500-211-2053,683,11
d06b2ade-6a18-2f1e-128e-2bd5ec521007,SEPC4B9CDB400D0,DGNA OPS Manager 500-211-2055,684,11
c666b424-272c-cb5e-0dae-14b90577bc72,SEP2C01B5E5F5F7,APVA,683,11
81c961e1-2ef2-bd35-1b45-6a07467fc4b2,SEP94D4692ADEA1,FXE-FIELD-A-LFTR 337-417-8749,683,11
7f9bafa7-60ab-fa9f-503d-80df7ca335b9,SEPF0B2E58E1D78,PHFA Conference Room 500-211-2002,683,11
da63a33b-aece-941e-0a28-0d8ba1c9b183,SEP00DA55272710,GCKA Raquel 500-211-2029,683,11
a316d8c5-eb28-d459-1985-256f4966ae87,SEP3820564564E8,DETRT Service Manager 734-955-8161,684,11
be576c39-8771-2622-d76b-d95473920f18,SEP00DA5527765A,TLH CSA 2 500-211-2055,683,11
909d2efa-c398-11dd-ec68-d450dab11382,SEPF0B2E58F6018,PNEA Maintenance Shop 500-211-2070,683,11
ff7cf24c-d0b1-ff52-e11a-e5b4aa832766,SEPF87B203681F2,CDWA Sr Manager 908-206-2409,684,11
ee64acbd-fba7-b187-538d-11a767ce3414,SEP6C13D5B30C16,,683,11
4d88b426-a5b2-5929-59c2-0d38f515d4d0,SEP00AF1F9DE30B,BOSR Human Resources Advisor 617-568-8289,683,11
541563bb-b672-e477-e3ae-f803b71126eb,SEP9C57AD03DE28,JHWA Supply Area 500-211-2055,683,11
16deda4e-2b25-09bc-12f3-1f2701d5f644,SEPF0B2E58E1E1F,BURR Dispatch 500-211-2015,683,11
c0ce046f-60f6-2453-68ab-93aa95124d53,SEPCC5A535F9406,SBAA,683,11
cb737fd6-f624-10ec-e919-6d72621987ed,SEP00AF1F9DD996,OAKRT 510-383-3734,683,11
8edf0bab-bb2f-90fe-7693-9db994627c9b,SEP00CCFC4A4879,MHTR Maintenance Staff 500-211-2016,683,11
26f95134-6369-e0ae-e71f-91e1f20fbfcc,SEPC4B9CDD98BE3,IADR Truck Desk 2 703-661-2099,683,11
53788a35-804a-b7e5-c230-70b5bd76b35f,SEP6C13D5B31CCA,LASR,683,11
545e4431-ea38-b596-0fd5-d3636cba97b7,SEP0027902BC2BA,DFWR Ramp Agent 972-456-4442,684,11
bfe1f7bf-19ff-596d-93ad-4b43c347094a,SEP38ED18FF88DC,SEAR Tom Embleton 206-248-7828,684,11
29fe5744-a2ad-2495-100e-a85e917bd4de,SEPBCC493507B1A,MSYA Devon Johnson 5047316587,684,11
144e14a9-4e7d-519d-af4e-929fb6fc73ea,SEPF0B2E58E195D,GRRR GSE Maintenance 3 6165754750,683,11
a208db32-183d-1fed-777b-0abe557c37fa,SEP8C941FFF4DA0,,683,11
69de5886-6580-a508-8815-0f871363b07d,SEP00DA552776DB,NCQA Mechanic Warehouse 1 770-956-3668,683,11
ba99244d-2ac3-5108-f2ea-3b7ee5a3eeae,SEPE41F7B319A32,FXE-ONTR 909-458-6138 Main Break,683,11
405c9d2e-d6af-385a-f1d0-d639931aea8b,SEPC4B9CDB469C4,GMVA Ops Manager 201-828-9731,684,11
5ea0fbe5-18aa-7caa-6256-708a47999426,SEPDCCEC1F1DFD7,CRPA Gatekeeper 500-211-2030,683,11
5e0890bf-32e0-e268-f403-926696a1c1ba,SEP00DA55272301,GVLA Front desk 678-297-2443,683,11
6c4a0bc7-1837-0449-3cee-9cb2c4d38141,SEP6C13D5C187AE,BURA,683,11
d2bb1ac0-53ad-ee17-efa0-03e3f972a1d3,SEPB07D47D2B266,TULR JUNE PALMER 918-624-6078,684,11
a22d8d7f-87b9-60d2-d9f3-6bcb67c8596c,SEPF0B2E58E2679,MLIA Break room 500-211-2050,683,11
b5155c8a-6e17-dbee-fc6b-fe67a43f2667,SEP689E0B296BF9,DALA,683,11
0a87ba38-cade-7387-08da-feb78e6bf5e5,SEPBCC493507780,JFKR Joachin Walters 718-995-5386,684,11
472f5e1c-95c8-c65f-af5b-3ca00a660f30,SEP74860B717096,LCKR Common Office 614-492-6117,683,11
7884dd0e-1125-f587-28ca-b44a460eaffb,SEP4CA64DBA28AE,GJTA,684,11
48ce3dc7-12f4-866f-b22b-77942ea2abbc,SEP5006AB08EDF4,PHLRT Aircraft Mnt. Mgr. 215-937-4230,684,11
8eaee829-078a-b66e-2253-aea43bb17aac,SEPBCC493A52185,BUFA Break Room 500-211-2004,683,11
337bd1e3-b262-4e43-02c5-8e44b85630c7,SEP2C01B5E4136C,ORLA Admin,683,11
17cd4054-3088-5f57-b7da-02f235f31b19,SEPA4B2392F980D,US Customs (LAXR) 310-348-2118 New,683,11
ba5367e7-740e-fb52-7df0-b5887a824d70,SEP9C57AD025DD0,(NZWA ) - 5002112206,683,11
861cba2a-89b6-5b46-1fa6-e60d8484cc45,SEPBCD2956990E4,,683,11
08dc1c65-e950-4bf5-f0e6-f73ce21359e7,SEPD0E0422E56C6,,683,11
d771c950-501b-828b-9f37-bd84fff2f496,SEP00DA55276E60,JSNA Trace 2 818-316-2804,683,11
552bf9c6-9313-9a36-6620-f35f5de50070,SEPF0B2E58E201E,DETA DG Desk 500-211-2055,683,11
68fe47de-b231-d483-1dd9-698ffd307a6c,SEPDCEB94BD4BAA,HOBA Front Counter 500-211-2050,683,11
37ad33ff-a0b4-231b-a661-4c18153c817c,SEPDCCEC1F1E483,CRSA Spare Office 500-211-2081,683,11
2d9deb98-0581-41d0-a4c1-16d85216c67c,SEPDCCEC115D7DF,OWBA Genesis Room 500-211-2004,683,11
722d4012-d808-6b72-9500-35cad61d2793,SEP6C13D5B31CB3,LKSA2 281-504-6041,683,11
f1e8e97b-03c8-2929-f97d-b8809386c95f,SEPC4B9CDD9B5DA,HOUA Unload Area 713-842-4469,683,11
00010af6-79de-80bc-4d10-1872048caef3,SEPC4B9CDD8E8F2,OSUA Service Insurance 614-470-3842,683,11
87acc29e-79d2-55a3-1da7-e4c41c69eafc,SEP00AF1F9CB3A8,EUGA HAL Room 541-736-5322,683,11
57a38390-0528-d91b-d59d-b3f7795ac9c8,SEPC4B9CDB4F4AE,GMVA Dispatcher 201-828-9765,684,11
efb64a8d-7f93-315a-c6e5-180e961786c0,SEP00A3D1F30BF1,ELPR Front Desk 500-211-2062,683,11
f611b9f6-a100-d8e6-de4b-11b8f8ecd685,SEPBCC493A52307,SDFR Office 1 502-380-2119,683,11
8e08f2ce-e08b-d592-6c90-c2eed32e4c0a,SEPDCCEC1F1B42E,SDMA Jonna Vaughn 619-527-2076,683,11
027df7cd-d36c-f4ed-7cdd-1c7be3245634,SEP4CA64D25FA12,6023927262-Jodi Granato,684,11
a10567b2-adf0-7694-2b90-b1aeee99fd3c,SEP00DA5527178D,MMRA John Wallace 512-349-6588,683,11
c0af54ac-5730-eacf-e5f1-860dcc8360d4,SEP689E0B154F53,JREA 7184104794,683,11
302ba73a-51cb-8b52-d31e-6ee9b3953405,SEP9C57ADF49B50,LNAA Training 2 5002112047,683,11
bdb7e33e-e503-43ee-f4ad-3bfce55f750f,SEP00AF1F9D5F51,BPAA CSA 500-211-2071,683,11
75e1cd14-a8c4-ec55-5e66-e9c8407549f0,SEP9C57ADF4D109,BZNA 406-813-3834,683,11
bf40853b-8e29-708a-ba1b-674600a0d245,SEPCC70ED56813F,LGAA BELT 2 500-211-2071,683,11
41ff1bde-db2e-2b17-7bbe-e008c8bb0d71,SEPB07D47D36784,MCIR AC Warehouse 816-243-3421,684,11
3570ba52-7445-5593-8637-358516db5a92,SEPC4B9CDD9B891,BFIA Gate keeper 206-332-7207,683,11
0b393508-909b-03bf-7bda-57eb7837da97,SEPC4B9CDD8AB50,SEGA CSA 215-540-8709,683,11
e69ce468-4e5b-142d-3e86-ad07b81cc0c7,SEP74860B71267A,DTWA Customer Service 500-211-2056,683,11
0c54f050-a848-7f16-7663-ed25555e6671,SEPC4B9CDD9826C,CLES Dispatch 440-735-7219,683,11
9296ebfa-bf72-f129-4571-b978cc9f0b3b,SEPF87B2036D36A,PYMA Operations Mgr 508-884-3682,684,11
aa66d86d-d3f2-9d33-7cb2-c70c8d45305c,SEP6C13D5ADD79F,,683,11
e1e826af-5e04-6754-dfe3-ddc1e0eb7264,SEPDCCEC1F1B263,TULR RVSA  Training Rm # 3 918-624-6053,683,11
2b171d8c-65a2-3f4f-ef00-59725e6c1a32,SEP00AF1F9D8A15,NOHA Agent 847-839-3750,683,11
a0c53056-aa31-653a-9986-0e33ff00213a,SEPB07D47D36C56,TULR GIB BURKEEN 918-831-8088,684,11
acdd376d-2779-1a56-3c53-79b2f5e6b8c0,SEP0041D293D7AD,TNTA Sal 500-211-2069,683,11
e321484c-87a5-daf7-cc84-2071fb87e355,SEPC0F87F749418,BNAA,683,11
68f96cbd-57ad-fcf7-a7e3-104404b8faa2,SEPA0554FDBED56,IXDA Trent Tally  500-211-2053,684,11
8775a42b-6697-4444-c253-d4e99eaa91cd,SEPDCEB94BD4E65,AUNA Carrol Parker CSA 5002112053,683,11
841f7c1e-8653-9611-dd4e-e2767e8712f8,SEP0041D2F96AE6,BWIR1 Ops. Manager 500-211-2050,684,11
3c694469-73ed-b605-bb60-2feaa6b1ca36,SEP689E0B13BE9D,APVA,683,11
b78820c7-82c7-d3f2-6cef-705926478b7e,SEP0041D293E1E9,SYRA Front Counter / 315-452-5103,683,11
88ae482e-893c-0136-23bd-c6aa3e0089b6,SEPDCCEC1F1B4EC,TULR TRAINING ROOM 918-831-8024,683,11
38a2258e-591c-33e3-2e15-d4b4975cdd4c,SEPC4B9CDD98597,BVUA Vehicle Maint 1 425-427-2063,683,11
5728dd34-5fdf-b64f-d185-1b3b8e591013,SEPF87B2036BB7A,SATS MMR Dispatch 1 500-211-2069,684,11
5df26f32-de52-29dd-0406-ac000ce52deb,SEP00CCFC4A3C86,OLMA Kathy 500-211-2054,683,11
3c51287f-6488-2879-b599-020d30033eef,SEPC4B9CDB41952,BWIA Operations Manager 410-609-1156,684,11
7868a250-f647-29e1-8220-803a395328c3,SEP0041D2F8463C,RDUA Dispatch 6 919-572-1038,684,11
68dd0286-8089-8f98-295d-9459503183af,SEP247E12BE0DA3,FXE-OBKS 847-385-9507,683,11
97fe0d7b-b497-14e2-a2f3-2dda78d9047e,SEP6C13D5B32B6A,,683,11
13dc023d-a13a-b715-9a57-003081e65eb7,SEP9C57ADF46713,OLVA Courier Checkin 901-712-0007,683,11
7f24d45a-6737-3c77-5812-23cd00e77a51,SEP0041D2927936,TVCA CSA  231-932-5810,683,11
8431b9cb-320d-bc10-ad85-0b546dae4025,SEPC4B9CDD99F6A,GYYA Customer Service 12 312-867-5816,683,11
7d014f60-e934-13d8-554b-6e742dd355bc,SEPB4A8B9925E56,DFWR AM Manager 972-456-4435,684,11
757d3008-9b73-536a-7cf2-b11c10c464f8,SEP5006AB08AE32,SYRA Chris Morelle / 315-452-5156,684,11
0d8c86b0-5691-3536-cafc-938f0ede1102,SEP00CCFC4A4659,ILMA Warehouse Front 500-211-2042,683,11
204fc183-b2f7-6648-e677-b79789d72019,SEPF0B2E58F654E,DENR Maint. Tech 303-342-5215,683,11
c29f3e8c-ce02-00f4-ce90-f1ee9e8790a2,SEP74860B716657,FXE PITR -AMX - Lead Office,683,11
3697e7e2-d997-6f07-3f7f-ea9f983f6635,SEP4C710C2F4B45,BPAA 516-214-9595,683,11
7f05d3a2-fd5e-e30a-dc1d-1167e06cb6ff,SEP34F8E77B54A8,ONTR Ramp Office 9 / 909-458-6554,683,11
1225a384-9212-3544-6cfb-f23218b48744,SEP8C941FFF609E,,683,11
2fd4fb8f-eae6-5b42-1dce-ba6054212d61,SEP00CCFC4A442B,BTFA Customer Service 801-887-4019,683,11
e8bef7af-a1ec-74f0-71b8-729a12ae5eb4,SEP00AF1F9DDF60,OWDA CSA 500-211-2059,683,11
7ce86f2b-fe7c-63a2-9b9c-eb4b37aaa466,SEP00CCFC4A0BF8,CHOA Mechanic 500-211-2015,683,11
9d6ccda6-7635-b149-eb3b-ce44fabbcffa,SEP9C57ADF4315B,RDUR Fligiht Crew 500-211-2081,683,11
f2171239-7bf9-4cd9-47ad-aecd4418ccdd,SEP00AF1F9DD7D5,MZZA Front Counter 317-915-2301,683,11
23083ad0-8f1b-a3e6-8120-d5afd3a2c8cd,SEP00AF1F9DDE50,OWDA Office 500-211-2003,683,11
406e9cba-2067-5f0d-1012-4ee5ace4f67f,SEPA0554FDBA11A,ABYA Manager 500-211-2051,684,11
104aec16-2c8b-9c48-763e-84b9e3bba8da,SEPC4B9CDD9B9D6,FXE-FIELD-A-CHSA 843-996-3174,683,11
ba530bc3-4021-efd3-fc16-128879ec3718,SEP6C13D5C08439,,683,11
d8aa6c62-34c0-7f4d-8f8a-049abfd0dd78,SEP00AF1F9D7BD0,GVTA Robbie Coleman 500-211-2054,683,11
80781e5f-df15-b8fc-f864-6258a13223f0,SEPB4A8B969B510,FXE-OBKS 847-385-9525,683,11
18e16b25-73bc-3b3e-25e6-c0050085cc8b,SEPDCCEC1F10AB4,DAYA Office 3 500-211-2052,683,11
d50c9a80-e37b-a681-1d76-858cbd13807b,SEP00DA552774F5,VNYA Michael Acevedo 818-920-4235,683,11
86e38df5-347c-df95-a25e-b01a0206eca4,SEPDCEB94BD4C63,DENR Heavyweight 303-342-5351,683,11
84ed53bd-6dd6-00f3-2eb8-bc3c9446e808,SEPB07D47D374A0,GRRR Tina Edwards 6165754738,684,11
d6a14a21-1eca-cc55-769b-e075a6f85e63,SEP38ED18FF4480,CWAA Manager 1 500-211-2063,684,11
dd0cff27-c2ea-4fff-902f-a50b59bd47a3,SEP00DA55270A9E,JAXR tech rep 1,683,11
af29cd29-77d0-ad68-7a3f-fe88c0d48f8c,SEP9C57AD025CBC,IAHRT Dock 2 281-986-3744,683,11
41735911-58da-2926-7610-53188a15d329,SEP00AF1F9D487D,Angela Jasinski  717-930-8845,683,11
25ef6a21-d1bb-1edc-a8fb-15b23d7197fb,SEP9C57ADF5A415,RDDA Office 7 500-211-2056,683,11
256004d1-d5a9-44b7-1a7c-576d498d1d71,SEPCC5A535F8CF3,SEPCC5A535F8CF3,683,11
ea695c26-10ae-0745-8c6d-a32bc7be3755,SEP9C57AD0382E8,ZTYRT Outbound 610-364-3070,683,11
8d5f37f7-2412-8b3a-faed-9d5600dd632c,SEP00CCFC4A4B9B,OLVA Ken Lange 901-712-0050,683,11
c4175731-b029-7629-3942-8265392cb13f,SEPBCD29577AD14,,683,11
cef3a26c-10a6-7e14-c98c-1b8f0f9dffb8,SEPF0B2E58E2605,CVGRT,683,11
8c74c0aa-8138-eb8f-81e8-68b30ee3d1af,SEP0059DC63ED7D,FXE-FIELD-A-FTYWK 404-248-6775,683,11
de7f1fd2-15d7-880b-ba80-d30084f469a8,SEPB07D47D37754,5002112051-James Davidson,684,11
bc9fc606-3a7c-fd6e-f477-084b740009b9,SEP0041D2F9756E,BFIA Operations Manager 206-332-7229,684,11
5f35a3f6-2b46-9743-1fbb-9f8c83b22393,SEP0041D2F96938,SEGA Operations Mgr 215-540-8736,684,11
c616c94e-031f-f8fa-0ff3-5fc9bc1750ae,SEPC4B9CDB4F30E,HBYA Rice Mgr 500-211-2050,684,11
25f63090-deb4-5d25-3478-585597add901,SEP00AF1F9D4978,ADSA SAA 500-211-2078,683,11
68e9df45-c633-81ed-6225-cb266ba71742,SEPC4B9CDD88681,HOUA Customer Service 713-842-4405,683,11
530448df-775e-3701-a9bf-bfd5103c2aa2,SEPB07D47D3DC98,PWMR Josh Francis 500-211-2001,684,11
81864216-666c-9737-f11e-c328d4933db1,SEPB07D47D36560,AZOA   269-321-2519,684,11
28fb9e99-0352-a788-8211-95dc6f40aae1,SEP9C57AD0383A8,HRLA Office 1 5002112053,683,11
0dddd865-1b2c-947a-d705-fc55c0775eb8,SEP74860B717275,BUFME Warehouse 2nd Phone  - 716-810-1256,683,11
595f852a-2a46-0fb4-97da-bc683f74b113,SEP00AF1F9D6180,ALBA  518-270-8558,683,11
0538a458-7f5e-93a5-75a3-5430643d49a5,SEP6C13D5B3205D,SGUA,683,11
60f085b8-27fc-82f6-80bf-a77e5720e52c,SEP00B8B33B4B38,FXE-CVGR 859-568-6383,683,11
3d40a388-d76f-01a4-0140-be0334cbaa43,SEPC4B9CDB56480,ABEA Sandy Mantz 610-317-5202,684,11
3300291a-80c8-66f6-3894-be5aec29c6d5,SEPF0B2E58FAB2A,ATLR Handler 4042092733,683,11
e12ce1b9-3cfb-a0d4-4f87-0d08a4f2faae,SEPDCCEC1F113ED,IAHRT Abdul Khan 281-986-3704,683,11
56ab6044-fe76-98df-3586-4d850d455017,SEP00AF1F9D2FA1,OLMA Warehouse 500-211-2041,683,11
a698fe18-d0b7-d88d-b243-0adbd272fcaa,SEP00DA55272A21,NRBA Check-in 1 904-332-5410,683,11
2036719b-02d9-9a93-8a49-513405085e90,SEP0476B07E1306,JREA 7184105096,683,11
04a595fb-b0eb-8282-e5ae-e35f3a4be5c9,SEP74860B702B92,LAXR Data Retention 310-665-1075,683,11
d71318e5-b2d7-df51-c89f-cab2f2bb7340,SEPF0B2E58FAB32,ALNA Problem Package area 500-211-2066,683,11
2e242a1d-74f7-89b1-1725-2bdf6ef1f035,SEPC4B9CDB52112,CLER Ops Mgr 216-362-8259,684,11
475069ac-1f02-0476-ffcb-ec6671a58c46,SEP00DA5527263A,FXG 1627 QA Office 1 217-585-2501,683,11
3c593a16-411a-e589-d29e-ae959d6ec055,SEP6C13D5B34BF0,FXE-HIKA 808-426-5017 Ops Mgr,683,11
9d5ca799-98ab-e718-8736-d57c9f5f82c8,SEP689E0B13BEA3,LBEA 4127987624,683,11
56163b41-b152-b803-f760-7b67100d2e5d,SEPF8A5C5A1478D,MKCA 816-245-2902,683,11
8c266cb2-71ae-118e-9b5b-7a16e0bcaf3f,SEPAC44F218A8BF,DFWR Conference Rm 972-456-4420,659,11
35d3d0dc-a842-9cc0-804b-9f0a7002dba4,SEPDCEB94BD4CBB,FTYA Dan Hunt 404-362-5338,683,11
6faff713-64b6-a5ce-5d2a-872682bf82d1,SEPB07D47D2B090,CRSA Sonia  500-211-2052,684,11
1c43b189-6b09-82ff-16f3-178e26ac317f,SEPDCEB94BDAF42,ROCA - Stacey L. Territo - 585-349-7910,683,11
64f38c61-08c1-8317-2cb4-fe7e4ac79bee,SEPC4B9CDD8F411,SANRT Sr IDA 500-211-2052,683,11
7d2b9f67-293a-6bce-b7c5-7d2de5a75fbd,SEPB4A8B969AB28,HBYA CSA 500-211-2066,683,11
4e0aa58c-8fcf-58e3-9524-2d495043945a,CIPC574022,TPAR-JOSHUA WELLS-813-673-6958,30016,11
d413317e-cc3b-0b2b-0a76-9a8ed9b1caf0,SEP74860B71AE92,ATUA Security 2 305-470-3650,683,11
0b7a106f-8e6e-6b5c-3539-a50d745cb5e7,SEPBCC493A4F0FA,ESFA Training Room2 500-211-2012,683,11
92194d5c-f25e-ce16-26ca-aaa6f7dd32b1,SEP5006AB096048,INDRT Dispatch 317-821-2713,684,11
1bb77ab4-60d2-a7ce-f7dd-ffedb16751af,SEP00BC60BFD11E,LAXR Sr Security Spec 310-348-2158,684,11
882abbcc-ab74-43c9-a4aa-ae7f8abb0dfc,SEPB07D47D36A66,EATA Wendy 500-211-2034,684,11
d60efaa6-9e2a-1653-9c01-099a957841c4,SEP6C13D5B3169C,,683,11
f13805bc-38b4-f500-27d8-9fe32558a6cd,SEP9C57ADF4CED2,BQKA Warehouse 1 5002112040,683,11
d5a03e97-0bbc-e4c6-d5d3-dcdf91726049,SEP00DA55272470,TYSRT Rear office 500-211-2056,683,11
92e0a9ae-98b2-4508-bf3b-69d1cac5cf93,SEPB07D47D3708C,MBSA Manager 1 500-211-2000,684,11
da0a343f-d1fb-f221-03f2-6e6655e66a9f,SEPA0554FDBA0DC,MSYA Sherrie Maykut 5047316554,684,11
06ed1f27-0194-7766-b323-b36c4897688d,SEP188B4519C1DB,CPRR Break Room 500-211-2024,683,11
9cc6e198-4652-b844-e0f5-46d7657da97f,SEPF87B20368060,ISPA Senior Manager 631-580-4927,684,11
b3cf11e3-2c15-17dc-8f39-a090a639694f,SEP9C57ADF4CDB9,IDAA Wareshouse West 5002112051,683,11
1663e691-89c0-1852-18cf-e6e8a6fb5a19,SEPB07D47D368B0,TULR Levi England 918-831-8068,684,11
6c1b37b7-bd3e-ad97-c7d8-d5dd660787ff,SEP38205644FEE2,MMRA Keith Orrison #512-349-6547,684,11
f0b4760c-bcfb-32b9-d857-ef3b62555149,SEP00DA552755C0,TOAA Exception Room 500-211-2054,683,11
a007fe7f-80cc-75f7-3fa8-7ed4f798fd5d,SEPB07D47D36894,LUFA �6022723392,684,11
219eaf30-7e40-f2b5-a89b-94e39bbede38,SEPCC989155C3D2,FXE-Field-A SLCA 385-645-2528,684,11
f86f0e62-b9bd-f5c1-bab2-efc0d57568a9,SEP0041D2F811B6,CLDA Robert Quinn 760-602-4732,684,11
498f043c-a0f6-677f-c62b-b74f0d8b9133,SEP9C57ADF4352D,COIA Front Office 500-211-2007,683,11
dea8368b-8169-cb44-0355-f3176c864ae9,SEP5486BCAE187F,NZJA 949-788-8425,683,11
f5e5d99a-1486-d7ce-efa9-2ec922837dc7,SEPE8D322FFFD23,3335983005 - Office 3 (CLR),683,11
f9881e35-546c-052a-a10f-9eed8113437e,SEP6C13D5C083A6,SANA Christine Bui 858-677-1051,683,11
70f02e1a-d0bf-8250-6ea4-a044449c1bfd,SEP0476B0849BFA,7147543576-Ashley Chalcarz,683,11
46f9f59f-7cb3-f39f-126c-8e4ca9788cb7,SEPC4B9CDD92B51,OSUA Service Agent 614-470-3323,683,11
1d4fff2d-e774-24e1-806b-b39abcaeeb15,SEP548ABA901FEF,FXE-ONTR 909-458-6087 Keith Morris,683,11
50e49cc6-52f6-2507-2f67-6db14c6fd7db,SEPD4AD71BFF9E4,FXE-DCLEG2 Katheryn Rizzo 202-892-3947,683,11
1cdf7edf-11d6-0e21-a6ca-5500ef619239,SEP00DA55275D86,FULA Luis Hernandez  500-211-2064,683,11
07a2890c-cad7-6e23-ab58-ed4209f3da4c,SEP9C57ADF4CFAF,FWAA Office 6 500-211-2055,683,11
68ac8fcf-c7e8-8e67-07d7-8a5f6975c380,SEP0041D2F81772,DPAA Wallace  500-211-2007,684,11
8d7d9e07-43c1-77ee-4054-c944ac50594e,SEP689E0B29C17B,RKWA Manager 865-777-5046,683,11
bee89c7b-8c7e-9234-096c-9fdae3b4e322,SEP00DA55277AB2,GVLA GYL Belt 500-211-2053,683,11
91be3a6a-0317-d2dd-fa4a-cc0a1388a2fb,SEPB07D47D36CDC,OXCA Operations Manager 500-211-2053,684,11
9ae1a9a0-50e5-9024-81b4-b0266266fcbc,SEPF0B2E58E2312,JSTA Genesys Room 500-211-2027,683,11
9eb1eaca-da61-a9a4-105c-14faa36958a7,SEPC4B9CDB4029E,GMVA Ops Manager 201-828-9732,684,11
40fdbcd1-4000-3588-f309-1b5e3a031ca1,SEP8C941FFF609B,,683,11
7f305fde-e0b2-49ca-f1d5-ce682e5d5e99,SEP00B8B33A0ACC,CLES CSR 440-735-7211,683,11
8cb5061a-0171-0f19-4e4d-c41a7287dbed,SEPC4B9CDB54158,UIZA Operations Manager 500-211-2052,684,11
d985eafd-9c7b-89b0-9e76-354a594c8642,SEPD47798E1CE42,COSDC,684,11
35c69fd9-eea9-b81e-b480-934973eae971,SEPA84FB1518FB1,FXG-1756 Training Room 500-211-2052,683,11
52cc0354-4cd5-25c3-5617-c7c203243d9f,SEP6C13D5B32193,MHRA 5002112014,683,11
7ed5fcc3-9a32-0a7b-d5bb-18bad147b968,SEPDCEB94BD4E0C,GEGA Warehouse Sort 1 500-211-2041,683,11
6d0f43c4-8f8a-b5f3-dcd6-ea7e6d523a58,SEP00AF1F9D2723,GDMA Gatekeeper 500-211-2054,683,11
207c4bdb-43ca-52ad-3d2e-3741e90cdf0d,SEP00C1B13E47D8,BCTA Engineering 561-912-2035,683,11
835604c0-62ec-c712-960f-32b449c27844,SEPB07D47D3DF94,ATLR Manager 404-209-2865,684,11
836b086c-d031-0976-8d9e-65b33dd5e271,SEP00DA55270CEC,WRIA Ted Hines 500-211-2051,683,11
9979bab0-9748-3e92-b8f5-f3dbaf4bad11,SEP0038DFAE5E0F,FXE-FIELD-A-FTYWK 404-248-6702,683,11
c90cbda8-0764-7cea-73f9-540a3c5ddf87,SEPC4B9CDD9C77C,HOUA Customer Service 713-842-4451,683,11
ae088d6b-f840-7219-b933-f76ab836fff5,SEPF0B2E58E25D7,LALA Breakroom 5002112004,683,11
13bfc6a8-1c3e-d458-e4e9-ac9cb275bb8b,SEP002F5C7ACA73,ILGA Customer Service 302-327-3505,683,11
d48b64aa-d3c6-1ec1-678b-ac4e7fe723ab,SEPF0B2E58E1C69,ABER Vehicle Maintenance 500-211-2025,683,11
a08e3f49-9cab-5b1c-993c-741298ae4fe3,SEPDC774C019559,MCORT,683,11
65e9a144-b9ba-c251-92e9-20623ca3d9fb,SEP00AF1F9CAC20,SSIA Service Agent 500-211-2055,683,11
5d760e13-c5bf-d45a-243c-bf493135e2be,SEPC4B9CDD8607A,IAHR Security 281-230-5190,683,11
b27b5c0a-5b04-91bd-6a27-f1f842f62e60,SEP00AF1F9C9DFE,GTFR Front Counter 406-454-8303,683,11
8abc13a7-07db-cf3e-bb98-b44fe5e3d801,SEP74860B7138C0,WTCA Check In Room 646-486-5082,683,11
10186eed-ec63-2afb-00e5-530802f86b6f,SEPF87B20367F04,PYMA Sr Mgr Ramps 508-884-3684,684,11
3c39c47d-3f3f-1bd3-f409-9b545602c221,SEP6C13D5B31B28,SJCRT,683,11
0231daf0-f93a-118d-62fe-66c02a766312,SEPBCC493508A6E,RBGA Front 1 500-211-2053,684,11
808ff8c2-6c07-d7d4-a4bc-3a67c3ee20cc,SEP00AF1F9DCF2D,JSLA Tech 201-507-3512,683,11
d4ad9d7d-9971-316a-5db2-2cab85fd1f02,SEPC4B9CDD9AFA9,BVUA Courier Check-in Rm 425-427-2013,683,11
381bdc6d-ec69-5a86-dfd4-7b07ea2c9a69,SEPF0B2E58F61D5,FTYA General Office 404-362-5342,683,11
76f7ca02-2a11-5061-cc96-803f601c78fd,SEP00DA5527290D,WRIA Paul Howley 500-211-2063,683,11
f66c3f8a-aa86-83ec-ae7f-a10321373d37,SEPC4B9CDD8872C,SEGA Open Desk 215-540-8727,683,11
278db75d-ba04-68b9-a6b9-a0c4e6e43306,SEPBCD295588457,FNTR,683,11
9ea99bd3-008a-b83b-155f-094ab513af12,SEPBCC493A51F8D,OGDA  500-211-2059,683,11
64013c48-971e-d823-589c-bdef1c072aa0,SEPF87A41D93BF6,SLC PULLS 385-285-3431,683,11
8337ada6-a197-3492-aa2b-6cd0cb8bd64b,SEP4CA64D25A80A,CLTRT Sr IDA 704-329-0421,684,11
4657248c-f7d8-0b9e-5354-02b301e1dad4,SEP74AD98C5B8AE,QFEA General office 500-211-2057,683,11
a131fc98-0daa-c9af-36b1-a52ce0e65ae8,SEP9C57AD02510F,AELA Office 4 500-211-2060,683,11
b3494fd5-65f8-ecd2-aa98-1d1c864e1c2b,SEP00AF1F9D4C3A,CPSA Telco Closet 500-211-2059,683,11
de3a1c08-efbd-fa62-f70e-a2cfc46a7549,SEP00DA55271A93,PHXR Empty Desk 602-392-7312,683,11
ee2a45d6-e715-fb5f-a10c-c78555643445,SEP00AF1F9D5500,BVYA Chk In Rm 1 500-211-2077,683,11
4ba82b84-38b9-6f5e-b1a8-33cf8caa1c75,SEP9C57ADF4367C,JFKR GSE Desk 7 718-995-5370,683,11
ea932fb3-8f10-b5ab-02bb-bcf9a3255e5b,SEP5006AB09632A,INTA Shawn Cox 500-211-2063,684,11
be4d83a5-c1d9-0b4b-b4aa-608b3757cc74,SEP9C57AD025BB8,IAHRT Vehicle Maint Office  281-986-3724,683,11
eebadf57-989d-0d02-e673-c7c256d45eb0,SEPCC70ED566B52,ONTR Aircraft MX 1 / 909-458-6571,683,11
26825eab-5ff6-e81c-c411-81f2c5bbba1c,SEPB07D47D2B02C,OGDA 385-405-7292,684,11
ffd4d1fe-6a06-d25c-028f-4d47b930990e,SEP00AF1F9D60E3,NMZA Warehouse 500-211-2043,683,11
3c92d183-374a-1e41-6c31-da28860c7301,SEP40A6E853AD98,CHAA,683,11
413d6285-d427-8a94-10e9-4c347385c8fe,SEP00CCFC4A0691,PRIA SAA 609-689-6456,683,11
bd9169a3-7151-288c-4fda-9dbea6f4cf7d,SEP9C57AD0250C3,MRNA Break Room 500-211-2004,683,11
7898a2b2-2cad-6b45-9cf9-5964f7177aff,SEP9C57AD0259C5,HGRA FDK Belt 500-211-2060,683,11
9c703bae-0fc0-9b60-e03b-e880b2181ade,SEPDCEB94BD4E60,,683,11
8b7ade08-a5ad-73c1-64d1-e6610d043e27,SEP34F8E77B254B,ONTR Aircraft MX Lead / 909-458-6570,683,11
8121bcea-efc7-1e65-ff62-da41c368210c,SEPB07D47D36F2C,5023802008-Julie Gilchrist,684,11
5dbca5ad-8129-870b-03ef-b02585f57d14,SEP00AF1F9D61CD,BGRA Adrian 207-573-5565,683,11
96ad2a21-8483-00c5-5d2d-cb545efa6d20,SEPBCC493A501A4,ABQA 505-341-5408,683,11
b100aec2-97df-49c0-5c35-f87e56d2dee3,SEPC4B9CDD84ADA,SEGA DG Sort Area 215-540-8703,683,11
75e001a4-2b1f-7a3e-437d-7ca328a6289d,SEPDCEB94BD4F47,BWGA Courier room 500-211-2031,683,11
5b07dc1d-3feb-68e3-7408-6b130a05e784,SEP74860B719588,LAXR Conference Break Room 310-665-1046,683,11
e30c7650-bdca-aeba-98e7-dcc10c7f3b4d,SEP00AF1F9D5F25,BGRA Customer Use 207-573-5566,683,11
2306ea50-aa6c-634b-f7ac-c1a10efd29f5,SEPC4B9CDD9826A,OSUA Service Agent 614-470-3334,683,11
e71a63f3-eb0e-35b3-476c-63260c26aed1,SEP00DA5527565A,VISA Break Room 500-211-2004,683,11
dd50add3-cd76-48c7-99a2-d3094a2101b5,SEP2C31246DFDFA,CRWA Dispatch 500-211-2053,684,11
06094c0e-af1a-d110-847a-7840c6fd6588,SEPB4A8B969EACA,RLAA Open Office 500-211-2055,683,11
fa4c3cd6-4b01-41c7-a653-bfa563d6c81c,SEP38ED18FEBD18,MMRA Warehouse #500-511-5500,684,11
1bb2cfee-45e7-3d57-b868-16356dc3776a,SEP74860B716FD6,LAXR Manager A/C MX 310-348-2189,683,11
60a09a25-b7e2-be9f-63b6-d3a9397f027c,SEP9C57AD024DAC,JXNA Office 10 500-211-2059,683,11
6241ba0b-3a83-ef3d-4cb4-b4fa513479f3,SEPBCC493500ED6,AUNA Laura Tormey 5002112068,684,11
c74584b7-8886-a8e2-f7aa-8f15ba67782c,SEPC4B9CDD86850,CDWA CSA 908-206-2465,683,11
dda58658-ce2b-6420-0467-65d8bad2ed7b,SEP9C57AD126780,CWAA Manager 2 500-211-2062,684,11
6114c9f6-6ec6-e2bd-fc47-0ecc9170f5af,SEPC4B9CDD8C052,MSOA2-Ramp Agent - 406-303-3502,683,11
8add6688-6bd3-cafc-8fdb-fb74240cfdd7,SEPF0B2E58E18AB,LWSA Telco Room 500-211-2031,683,11
075d85e1-7ba0-de32-fa5b-a901006f8d02,SEP00CCFC4A3EBF,LFIA CSA Personnel 804-730-5114,683,11
c44434a6-aad8-f6ca-4403-a32afb0c1fb9,SEP5006AB098328,DCAA Dispatch Mgr 202-636-0738,684,11
7b8847ad-99eb-6b62-6e85-30b48a991d38,SEPB07D47D319A6,BHMRT John Tubbs  205-714-3238,684,11
fb668878-5255-73f6-3ef3-1d2d8a601a61,SEPB07D47D38352,9017120037-Ricardo Romualdo,684,11
6e84d424-9eb3-c1b6-5a6a-37d3dad1afa6,SEPC4B9CDD984FA,IADR Ops Admin 703-661-2041,683,11
77cb6fd7-061e-6710-9a63-dbaa36539dc4,SEPBCD2956E72A8,,683,11
7e7e7162-70cc-d0b8-a48c-e78e97f449ec,SEP9C57ADF4CDF8,MSPR MIC Checkin 612-713-8669,683,11
ac4e0264-3b2a-6798-a1af-bcd59ac6156c,SEPC4B9CDB4EB6C,FXE-FLLRT-HWOA 954-945-3938,684,11
150693e5-3728-7dac-42d2-6334ee7a0772,SEP0041D2F99AA6,GAIA Mgr 240-314-2021,684,11
8df5e42c-0e7b-771c-9e26-72a53b638eff,SEP34F8E77B7985,MFEA  500-211-2049,683,11
ab0ae621-1fc9-87d7-3342-62794c5d1569,SEP00CCFC4A03BD,SWFA Customer Service Agent 845-567-5516,683,11
0922a232-c18e-4150-8fd7-cf59b9e8d162,SEP689E0B296B88,DALA,683,11
d879612e-f2f9-5805-6905-dea01ec612c1,SEPB07D47D2A812,OLVA Betty Franklin 901-712-0103,684,11
da33d122-3df4-5d8f-e864-973a20f5d17d,SEP00CCFC4B2D21,RKWA CSA 865-777-5018,683,11
2a49b852-bde2-d539-bffa-99ff1f3a151d,SEPC4B9CDB40644,PSCA Counter 500-211-2052,684,11
4d2a7ce1-8338-7241-f9c4-a56d955d673b,SEP2C01B5E4F496,BWIA MTN SAA 410-609-1161,683,11
4779b0bb-96b0-99f4-1f27-1a84cafd0ce1,SEPC4B9CDD8E0A3,IADR GSE Maintenance 703-661-2086,683,11
337c2995-befa-e81b-e294-51e5d12a328a,SEP6C13D5C185FD,,683,11
1735df90-2f2b-5f58-dd8a-765806922452,SEP5486BC7FB720,FXE-AUSA 512-726-6758,684,11
523f67cb-efe0-a539-21d9-ff2114dd463d,SEP28AFFDCB475A,ORDR 773-601-7446,683,11
fc905aa1-7ee7-72c8-50f5-02dd0c2ca5ae,SEP00AF1F9D50A0,ORDRT Warehouse 3 773-601-5898,683,11
450097f6-bec9-3890-2d75-a0509e89007f,SEP00AF1F9D5AE3,ORDRT training 7736015874,683,11
789cde45-0f38-85c9-952e-b9540ec28ce1,SEPCC5A535F6331,LKSA2-281-504-6046,683,11
caf134b3-68c1-8e6f-eb51-bb9f90763db1,SEP00CCFC4A33E8,TIKA Break Room 500-211-2004,683,11
3443b253-3ab5-0b70-5316-d837a035aa81,SEPBCC493A502DC,5023802042-Mary Graeter,683,11
f8225e58-2bec-f8ca-cbc6-9d199d9b8368,SEPDCCEC1F10DF4,LMTA Manager 500-211-2000,683,11
44ebd558-dae3-6076-5884-f8686dc9d30d,SEP6C13D5B3176D,SJCRT,683,11
f1ba99f5-f53a-1981-47c0-130f9d4eb917,SEP6C13D5B317BE,MRIA,683,11
37447c83-43c3-ea0b-0aa4-e86a4e8210de,SEP0041D2926ED6,FXE-DENA 303-373-7263,683,11
ed7d0e62-6d14-13d0-b3f0-58155682f3ee,SEP00AF1F9DD19C,SMOA Gatekeeper 500-211-2041,683,11
0b694f35-3bbb-7ca1-c84f-5f210cb58a0d,CIPC492080,OLVA 901-712-0153,30016,11
13f45f76-ce39-0dcf-f05d-cd760108b876,SEP9C57ADF5A4DD,FXEA Omar Sampson 5002112050,683,11
bee755a2-235a-0635-35ef-5b334aa9aba7,SEP00DA55272496,SLNA Break Room 500-211-2029,683,11
1a63c38b-5422-629a-6a9c-ce3028c78f39,SEP6C13D5BB344F,LKSA2 281-504-6081,683,11
0671da30-fceb-06c6-a9c2-f5952a57bbaa,SEP00DA5526244B,MTCA CSA 248-365-0372,683,11
913c3ed5-99ab-30ae-6e14-721b34cb4a98,SEPCC8E71483406,APVA,683,11
6fda4cd6-b28e-9127-c770-6c6ce9c5c0f9,SEP28AFFDCB6C1C,FTYA 4043625391 Margaret Laster,683,11
335c5ebb-a72f-0187-a71a-6cd38627eaad,SEP00AF1F9D6A2F,MKER Radio Room 414-294-5934,683,11
e3d431dc-b74e-071e-c762-8483e7ac8fae,SEPF0B2E58E1D02,STLR Tall Cubicle 314-983-1700,683,11
31f7ea10-ddcd-7f96-8ad1-6219344c5f7a,SEP00AF1F9C13AF,NZJA Telco Room 949-788-8441,683,11
6461911b-6aca-dd8d-7dca-eccd8c9a3711,SEPA0554FDBEE9A,CVOA Front Lobby 500-211-2054,684,11
2e6419f3-4a7c-0199-22b2-685ebbc3872c,SEP00DA55261D52,APAA Front Counter 303-925-8001,683,11
14c63db9-b484-291a-6ae6-1626a26dd72e,SEP74860B71AC36,LAXR Manager A/C MX 310-348-2139,683,11
7ab49507-4dda-93d5-05c2-217775ab9b89,SEPF0B2E58E1D09,MCIR VEC Maintenance-Bay 816-243-3440,683,11
187771df-22ff-9e1c-20fb-1d26d43e52f7,SEP0041D29279A2,TVCA Courier Room 231-932-5805,683,11
ac077b3b-b472-eacc-892f-d6e4144a4080,SEP3820564564E6,TPAR Sr Manager Asst 813-673-6881 [Migrated],684,11
84474d45-6ebd-4d9d-fd36-4fc8a544eabb,SEPDCCEC1F1AA93,(ARTA ) - 5002112205,683,11
b6cb50b9-7eb6-468f-dcac-76124ea1286e,SEP00CCFC4A8197,RNOA Courier 775-321-5626,683,11
1f8d352f-5c92-88a6-9700-e6610bfef43b,SEP28AFFDCB47EE,6459-Sandeep Dhaliwal,683,11
2ade05aa-12f7-7f29-b955-81b7f544de1b,SEP7001B5DD24EE,ONTRT ONTRT-DG / 909-458-6709,683,11
a0e7b0a9-90e3-9d3e-004f-4652dbb467a5,SEP00AF1F9D6014,SMFRT Sr Engineering Spec 916-554-5451,683,11
c85e3a6f-6e01-7833-4f8e-e6f7155da8f4,SEP00AF1F9D48A9,ORDRT Front Counter 7736015918,683,11
38f6b5c3-5fdd-2244-66b8-719330a6f428,SEP6C13D5B32F46,FXE-HIKA 808-426-5016 Ops Mgr,683,11
0fe72a4e-60a5-4992-e721-3cb4886746b0,SEP00AF1F9CED01,ORDRT DG Office 7736015948,683,11
c59693db-6458-2574-fd6e-52bd0fc88476,SEPB07D47D2B822,VGTA Managers Office 3 7029844524,684,11
0a8dba87-9d67-07c4-c469-f1ef3703fb10,SEPBCC493501454,SVZA Opts Man Eng Room 5002112054,684,11
06050c82-68d7-173e-3695-bec705d65402,SEP6C13D5B31E8E,LASA2,683,11
1a222e4e-385b-5d9f-22ea-3851c6ea242e,SEPE0899DFA9074,SEPE0899DFA9074,684,11
7f2dad2d-ed93-f3d9-0383-173ccf5cac76,SEPDC774C6E2ACD,MCORT,683,11
c780e395-7345-706b-8b4a-599ee01aed27,SEPF0B2E58E1DE8,LYHA Jerry 500-211-2043,683,11
760ffab0-958f-5cbc-5152-4b1fac64defc,SEPF0B2E58E271C,HHRA CSA Main Gate 310-263-4614,683,11
8e325ab7-a6e5-a964-b42a-d0b75b2a308a,SEPF87B20368792,RHVA Ops Manager 408-546-3126,684,11
4d309be5-206d-2552-c2a7-94da0be57834,SEPDCEB94BDB467,5002112051-Melanie Tarkowski,683,11
ec909327-0b85-d3d7-70b7-3dae5930135c,SEP9C57ADF4691A,JHWA Gennisis 500-211-2004,683,11
6a9d169a-0712-bdc0-39a7-82e3b787c2c2,SEPF0B2E58E1DCA,5002112006 -   (PQIA),683,11
7a663496-dc6e-357e-fe62-a47e0ed1a631,SEPC4B9CDB55280,MDTR Russell Williams 500-211-2053,684,11
8300710d-0204-ad96-dee6-97164f1fd15a,SEP00AF1F9D8A66,DGNA CSA 500-211-2058,683,11
94d98a78-d626-4021-cb29-6b12e151209d,SEPDCEB94BD4BEF,FTYA Curtis Hunter 404-362-5345,683,11
1b55cda1-113f-58b1-a9b8-7eb1fd897c38,SEP00AF1F9D62E2,PRIA CSA 609-689-6412,683,11
8f776a5e-5c0d-1a66-0e65-e6908491e4a4,SEPC4B9CDD8A5FB,2122593540- Norman Scott Jr,683,11
451d7115-09ff-4b99-8b40-5ffcd37f2692,SEPF0B2E58E174D,,683,11
fcc3bd49-29db-4437-7031-18ffb8e2c7a1,SEP6C13D5B31BAD,,683,11
03217222-a2fb-5cd4-65c5-d52eca9b5c4d,SEP38ED18FF3C92,LANa Field Packaging,684,11
77a44478-088c-73c5-cc70-3263fd04abf1,SEPF0B2E58E1823,MKGA Office 2 500-211-2051,683,11
7e9c0eab-90f1-3ee0-1a77-b67a54df4d34,SEP0027901DBB69,NWRRC Jesse Hopper 385-285-3421,36217,11
84cbf963-1647-aad3-71cf-a96f21fc24ab,SEP74860B7127E2,COAA CSA 408-220-0731,683,11
a79037b1-bf0b-21af-ff1f-860afe928815,SEP382056446034,SYRA PM dispatcher 315-452-5148,684,11
1bf46532-bb21-7463-4ca6-11a17f5ad623,SEPBCD2957BD347,FXE-LAXT7 424-393-3909,683,11
1d1bfd77-1352-6324-a74e-a945c04e4bf6,SEP6C13D5B31617,LKSA2 281-504-6049,683,11
85f361a2-9a70-5fe5-a51d-3a67d4a48087,SEP6C13D5B32756,PBIR,683,11
c3a04aa3-2c5c-affd-0dbe-d6a45a70ec8d,SEPDCCEC1F11660,IMTA Office 1 500-211-2052,683,11
cbf98e47-92f8-d3cd-e011-1e42d830727b,SEPBCD2955CE015,SBAA,683,11
2999a271-138e-9878-cbac-5eab36dc1030,SEPF0B2E58F5FFF,FTYA Booth-4 404-362-5266,683,11
ed876090-ae9b-8916-243f-f990c4e93c40,SEP9C57ADF5A508,HLNA Check in 500-211-2053,683,11
ecf916f1-b690-744b-be20-6c3f8ee651f5,SEPF0B2E58E19B3,MKEA Gate Keeper Na 500-211-2055,683,11
f09c886a-5a28-9717-f472-90fe1f1711ea,SEP00AF1F9C9CC6,YKMA Break Room 500-211-2004,683,11
3c9eb3cc-125c-dc60-3b36-052b07e0d05f,SEP5006AB08F43A,TOAA  500-211-2077,684,11
33f6c0e0-77a3-fc22-716f-1becdfe3d055,SEPD0EC352C4DAF,SEPD0EC352C4DAF,683,11
3921ea51-a644-790f-af66-4fa1e6eb672f,SEPD4AD71BF7C24,FXE-DCLEG2 202-892-3950,683,11
f14ab95e-adee-4f09-1a93-8e482aab301c,SEP00AF1F9D4197,ATWA WSSA 500-211-2061,683,11
f9834514-f522-36e9-48f1-0b321d974ff2,SEP9C57AD024BB2,BOIA Csa2 500-211-2054,683,11
68708772-03e3-6716-16d9-8214fbee7321,SEPC4B9CDB51E02,SANRT Manager 858-824-9476,684,11
9fe66fa2-e0df-38ad-8273-67f0b07667f4,SEP9C57AD025EC6,FTCA Shop Mech 500-211-2015,683,11
8fe1a7bb-b715-5812-b899-8531f201dfad,SEP9C57AD03834C,LRDA Front office 3 5002112081,683,11
a3a59d46-162c-e954-8989-d92e6e1d96c5,SEP00AF1F9CA805,TYSR Ramp Office 865-380-8021,683,11
2801594f-79e9-db1f-49c0-503375517c69,SEP00AF1F9D80A6,SWFA Customer Service Agent 845-567-5518,683,11
341065fd-f5f6-4122-18ce-d4b0e7f1e9ba,SEPF0B2E58E1D10,5002112247 - Upstairs Conf Rm  (WWDA),683,11
54486367-054e-3d46-6f33-5112e0920d11,SEP0027902B6546,DTWA Ops Manager 500-211-2061,684,11
540467d4-c5c4-0b7f-9265-168feb41ad9a,SEP6C13D5B31BE1,SGUA,683,11
49abbd8f-79c2-11d7-b859-4671263f7d32,SEPB07D47D3DC8C,DXRA Richard 5002112063,684,11
19483d50-01a4-272f-8b0f-9f9604e37e21,SEP00CCFC4A407D,FRGWK Agent 631-777-7917,683,11
01ae1744-1044-45d5-8c90-04c7a374d1f0,SEPDCCEC1F11625,OVEA Breakroom 1 5002112004,683,11
9fa5d6c2-2bad-1124-91aa-f5861e89855a,SEPC0F87F9CE034,FXE-FCELK 443-485-4116 Ops Supervisor,683,11
ea10eddc-2eb7-3c23-cb88-c5cbfb6b5bf7,SEPBCC493504196,JFKR Export Desk 5 718-995-6170,684,11
657f6c7f-06dd-7d2b-e1a1-4402ca3cacfa,SEPDCCEC1F1E51A,BJJA Breakroom 500-211-2004,683,11
01ef58a2-8af3-bfbc-d8ae-f373851d4065,SEP0476B069A7DD,,683,11
b369fa6f-3e12-508d-25b8-971d0d685586,SEPC0F87F9CE01E,FXE-FCELK 443-485-4117 Sr Material Handler,683,11
60e119e8-841a-e735-df03-073b1eed5fde,SEPC4B9CDD9B40A,CTXA Vehicle Maintenance 500-211-2026,683,11
4a43aad0-eb1f-b699-1407-4ec84336ea0a,SEP74860B717E38,LAXR IDF2 310-665-4833,683,11
563eead9-f9f1-3700-40f9-d3124cd9d155,SEP5006AB088C82,PHLRT Manager 215-937-4716,684,11
1051849b-339a-c4ca-58d1-a08983fb8e90,SEPAC44F21591E4,ZTYRT Conference Room 610-364-3083,659,11
851cf9aa-c559-b5b5-878d-fda298cfffad,SEPC4B9CDB5890E,NDVA Ops Manager 703-823-7060,684,11
f3af30cb-9aaa-56e0-0b6c-e0aca1b98254,SEP44B6BE73D5F1,FXE-Field-A SLCA 385-285-3440,683,11
a70d319a-ea50-0b71-4a29-ece9ca3e4a8e,SEPF87B2036898C,IAHR Administrator -281-230-5107,684,11
32a35814-3a84-ac22-3a3e-644519ac6f37,SEP04BD97EEA77A,BCBA AM Ops. Manager 703-709-2631,684,11
2cfa36ca-a2de-51d2-a19d-b0bb36cf790d,SEP00AF1F9D5B2A,NBUA Agent 500-211-2053,683,11
4c1288c7-89b8-17e7-b4dc-0c4c44806614,SEPF0B2E58E1E40,FTYA  404-362-5268,683,11
3fb5972a-1c50-822b-27eb-2ac536c6afdd,SEP00D6FE05B72D,NXXA_2157817244,683,11
eed34f5c-e65b-5b56-1422-7b5cd848519d,SEPC4B9CDB5567C,ABEA Dispatch 3 610-317-5211,684,11
1f1b16ab-4387-0f6d-d702-24441434eb60,SEPC4B9CDB572EC,MSCA Manager 480-753-4015,684,11
c2ac4e7a-327d-18df-a2ea-e716c1f3ac31,SEP00AF1F9D92D2,TCMA CSA 500-211-2067,683,11
402362d5-9728-4b08-f8f8-9e33301f53cb,SEPBCD2956E72CB,PBIR,683,11
f369dcca-97f5-4d6f-27a3-be07d093b5ff,SEPC4B9CDB523A6,5002112054-Corrinne Gray-Staples,684,11
8bd9e88f-9416-0132-9d29-8c6f24b041fa,SEP0041D2F95336,GAO Kathryn Kennedy - 202-218-3809 d097 (s3p46),684,11
8d078de6-ccbb-8e02-d2f7-84b45f352c2c,SEP9C57AD1252A2,BNAR 8682,684,11
1048508b-843a-cb4d-e9af-4c544d783137,SEP0041D2F9C3FC,BMLA Sr Manager 603-627-0240,684,11
2b3fa1a9-c842-6671-ea77-c93e1645e4e0,SEP00D6FE05D717,ESPA CSA 215-218-5710,683,11
f65c0f9a-0a47-2a60-ee12-2284216eb097,SEP00DA552729B1,NZJA SAL 949-788-8405,683,11
554e587c-da46-59ce-915a-8711dd4ab78f,SEPDCCEC115D965,HMTA Rudolph Grajeda 500-211-2029,683,11
5fa469bc-2ca6-840b-f003-142a797968cc,SEP28AFFDCB4D5C,FXE-MIAR 786-265-6650 Hwy Weight Cubes,683,11
8b7a41d5-9a0b-2e5a-cd02-7ca784980b09,SEP00DA55272D2A,TPAR CSA 813-673-6978,683,11
8ee144b9-a7c7-42ca-1393-deb93eee4180,SEP00AF1F9D8328,MZZA Caretaker 317-915-2370,683,11
690072d9-715a-f3b8-73cc-c956541367b2,SEP6C13D5B313C7,,683,11
d4a73270-23a6-c4da-4148-56abaac8a51f,SEP00AF1F9DCC06,LBBA CSA Office 500-211-2051,683,11
44918722-acf3-b7ac-5beb-56e863385771,SEPB07D47D2B368,HVNA Lisa Bissell 5002112068,684,11
1e2e344b-9120-709d-843a-66cdd2cef0fa,SEP5006AB08FCDC,TPAR PIE CLW 3 813-673-6928,684,11
9a392f1b-8dda-4fc5-43d4-c585ef2af064,SEP6C13D5B31557,,683,11
221e5fa2-d3f6-6d94-b4d8-ebe56ff8ac2a,SEP9C57AD03E243,LNAA Break Room 5002112043,683,11
aef027e3-e675-fd44-ae5e-11b8f4f2be2a,SEPF0B2E58E17A3,,683,11
2171abcb-e5d3-e588-6785-fc3d9b4167ce,SEP00AF1F9CAF34,CRWA Warehouse 500-211-2040,683,11
08c371eb-e063-f472-3ab7-cb911f51124b,SEP74860B7170CA,DFWR Equipment Assoc 972-456-4406,683,11
e5bb8a5d-4999-ecc7-6aed-52a051dbdf95,SEP9C57AD03843C,JFKR Front Door,683,11
7c8971b4-bbac-7704-15f6-a785c890362d,SEP0041D292B3DE,CPRA Training 500-211-2025,683,11
4b5d4f5f-730e-efaf-273b-d8e5b1ebc904,SEPD47798E0DFA8,FXE-MNSR1 608-621-9048 Sr Mgr,684,11
be5a3f4a-f586-db5a-8dbb-c19e8650d8dd,SEP6C13D5B31046,,683,11
70f1aaf7-9f94-ef9a-615e-152eb3147853,SEPBCD2956990DF,CLERT Amy 5002115221,683,11
dac4c7ce-bdf2-9a87-7b66-008994171a96,SEP6C13D5B313A6,,683,11
36095045-231f-463c-1063-d1f061554697,SEPC4B9CDB50196,BMLA Manager 603-627-0204,684,11
950f3d72-23f1-3410-f022-b119f1ec9fba,SEP6C13D5AC6CAD,NXXA 215-781-7272,683,11
648ded36-5a73-100a-211e-c90d8f6a43da,SEPBCC4935077E4,SATA Man Robert 5002112072,684,11
6b04334b-ae61-8a0f-1041-a57b18b21c82,SEP6C13D5B362FC,FXE-HIKA 808-426-5005 Ops Mgr,683,11
eaa69b7e-23fd-db04-e09d-06615d49bbfb,SEP9C57ADF46A49,HRLA Int 1 5002112061,683,11
52da369c-6d38-6f7b-31ab-5c9b4fe882ac,SEPEC1D8B2BBAB7,BIXA Mechanic 500-211-2015,683,11
2c37094d-eba2-2268-9500-8dbe8bbcd614,SEP00AF1F9C5D67,PHLRT GSE Mnt. 500-211-2063,683,11
93edae29-b6f4-4498-612c-10a8606fa8d6,SEPBCC493A50B0D,SDFR Conf Rm 219: 502-380-2082,683,11
b0c050ae-1ab6-5c7e-ffe4-612d49ca6492,SEP9C57ADF49C79,SEAR Edward Merced 206-248-8021,683,11
2c752c21-89da-7dde-5491-b759b45ed5a5,SEPB07D47D36C2A,5002112000-Jason Hopfinger,684,11
bf24437c-6d66-9453-67ae-0fbf81dfdd33,SEP84B5170848E8,SJCR Ramp Office 2,684,11
00b39cf3-6282-60c3-48ce-74dfa7952ba6,SEP9C57ADF436DB,BTMA POWER PADS 500-211-2054,683,11
c42ff3a9-20d5-0bee-62d3-4cd072213cc6,SEPF0B2E58E1E60,LUFA   6022723392,683,11
f73c6366-8106-9431-e134-3cb5aeb76e60,SEPC0F87F9CE01F,FXE-FCELK 443-485-4118 Material Handler,683,11
1ebc3e44-f9a2-a229-7795-1eba362d271d,SEPF0B2E58E26A5,RSWR Aircraft warehouse 5002112301,683,11
e93a7b5d-049f-1a5d-e6b7-e7c5f075b039,SEP9C57AD0257A8,RDDA Office 3 500-211-2052,683,11
e70ddd99-916d-970d-fbfe-6ebba565d2ee,SEP00AF1F9C0BA4,FXE-Field-BFMR  251-690-4011,683,11
b02ea973-14da-4380-3f0e-ed351b0d0918,SEPC4B9CDD9AF9E,FXE-FIELD-A-CHSA 843-996-3165,683,11
98c45a96-8cca-e513-387b-038a5073dac5,SEPC0F87F9CE026,FXE-FCELK 443-485-4119 Office,683,11
6bc429f6-5324-efdf-012f-e88c575f1255,SEP00DA55270C11,VNYA POS Front Counter 818-920-4202,683,11
c8689ba5-df62-3ac1-424b-a4d4bdd60ed8,SEP00AF1F9D5184,LGAA Front Counter 2 500-211-2062,683,11
067bfc45-e135-b34b-293a-27fc7c77d17a,SEPC4B9CDB5D678,JSLA AM Ops Mgr 201-507-3487,684,11
b15cd774-ef33-e60f-a1f4-2b4b17a48c6c,SEPBCD2957191EA,FBTA,683,11
2690b6be-ae3d-33e0-88aa-4948a62e8b0f,SEP00AF1F9D62E4,HBYA CSA 500-211-2063,683,11
4c7922d4-34d2-d2d1-60b4-512f2f27dfe5,SEPC4B9CDB58258,UIZA Front Counter 500-211-2058,684,11
e2c158ff-8fbf-ad28-3c7a-27f4f5d8e180,SEPF0B2E58F658F,DENR Front Door Ent. 303-342-5249,683,11
e159b694-f2d3-83ce-6155-3a96051727d3,SEP00AF1F9D4601,BOSVM Cab Bay 500-211-2056,683,11
beb1044f-3c23-935b-d1ba-92b219e4f912,SEP00AF1F9C0D9C,NZJA Intl Export 2 949-788-8444,683,11
b4c11c0c-e6a5-3d05-6ec1-c0e6365fa849,SEPF0B2E58FA96F,FEPA DIANA 500-211-2061,683,11
601f299a-6876-1d92-9942-1743b6df9455,SEPC4B9CDB5D194,JSLA CSA Mgr 201-507-3504,684,11
b409e7cb-5ba3-f6cb-9103-2c1bcb88dc9a,SEP00DA552636AC,FSDR  500-211-2411,683,11
f3f41f20-af81-5683-7ac9-0a0068ec2b51,SEP0041D2F8E008,PRIA Ops manager 609-689-6436,684,11
dd80d04c-9ff6-560f-8750-312f49d8f725,SEP5006AB08EED2,PHXR Flight Mechanic 602-392-7237,684,11
9de92705-28b3-d3bc-6443-6dfb74c8def5,SEP9C57AD025960,HVNA Brendalyn Lambert 5002112059,683,11
1174c917-3cdb-f2e2-3b55-29816a4c4026,SEPF0B2E58E5E7E,LRDA Open Desk 500-211-2067,683,11
2650290f-56d4-456f-c218-33e8c8bd57fa,SEP6C13D5B3257F,CRSA CSA1 500-211-2060,683,11
979de2a5-cfb9-cf00-5ea0-129ada9fb655,SEP5488DECE1C0C,APVA,683,11
c68e0285-275b-5824-cdc2-522721d8a2e4,SEP9C57ADF49AAF,AGCA DG Trailer 500-211-2080,683,11
3afced75-50b0-692f-0968-09af16082495,SEP0041D2F8EFF2,AMAA Sr. manager 500-211-2000,684,11
01c48fec-a72b-ce6b-be88-00d55f4bdc99,SEPB07D47D36852,EVVA John Willis 500-211-2034,684,11
502c428b-5db2-9c7b-bc22-04f02d0c3360,SEP00AF1F9D2CFE,BTFA Customer Service 801-887-4021,683,11
3af1ca02-e589-a125-ef86-5d0d09a20e0b,SEPF8A5C5A048AD,SEP00AF1F9D62D1,683,11
f743acb5-7c10-027e-5c8f-2dd3687dee76,SEP9C57AD03891F,JFKR Sort Desk3 718-995-2336,683,11
ecf11ae5-7e1b-25a4-3572-6577bed7249e,SEP00AF1F9D57AB,PITRT 500-211-2005,683,11
4001c4df-3d85-ac12-e21a-4743ee228c65,SEPC4B9CDD86D85,GSPA Conf Rm Desk 864-236-2248,683,11
7030be85-76fa-ba7a-bc69-e93b03cb78af,SEP00DA55276BAD,LANA 5002112054,683,11
418e4e1c-6594-2663-68a2-fdd53583b71d,SEP00DA552777D9,ZTYRT PHL Driver Room 610-364-3044,683,11
90657865-a8ef-d478-2d58-f754f773aaeb,SEPC4B36A6D6842,PITR-Sr. Recruitment Spec,683,11
0cca7d13-4de8-de0b-ec98-262482d34a20,SEP00CCFC4A40B8,MKER CSA 414-294-5903,683,11
22785528-5ebc-646a-a370-6967e353ac6c,SEP00C1B1E401C2,GAO - 202-218-3844,684,11
7e421210-6282-5e1b-4924-241de90c0afd,SEPDCCEC1F10AAB,FXEA CSA-1 5002112059,683,11
573ab816-280e-4bb4-ffc9-c347cc610893,SEP38ED18FED2BA,BGMA Derby,684,11
0dc7064f-9153-1bf1-27ae-8df9f0dde7f8,SEP9C57AD025E2B,PGVA Caretaker 500-211-2057,683,11
eb698e01-0bb2-7c50-c103-674844f2dddd,SEP00AF1F9C0F65,GVLA Front desk  678-297-2441,683,11
ddd56b87-5669-740f-48d5-8716ec0fc78a,SEP9C57ADF46D57,MSYA Mike Arceneaux 5047316517,683,11
dddadcf4-3b1a-4752-f674-6cb54852472c,SEP00DA55270AC1,MMRA Edward Rodriguez #512-349-6506,683,11
4dd61c2d-4dff-e427-dffb-95bc3a5b1633,SEPDCEB94BD4FC8,HHRB Rasheda McCloud 500-211-2085,683,11
aae274aa-0496-43a6-977d-fb9babf1c5c6,SEPA0554FDBF2A8,JFKR Angela Crosdale 718-995-6686,684,11
10a75aa6-65be-8e0f-644b-78d8f41e69a0,SEP74860B716A1E,ABEA  610-317-5213,683,11
d7029d09-72d8-0e32-a6ec-fb3762eef0a2,SEPC4B9CDD9AF81,BFIA Service assurance 206-332-7248,683,11
346482cb-afdd-8b7e-65ec-5940733e9c63,SEP28AFFDCB4FB1,FXE-AUSA 512-726-6748,683,11
ec7f9300-2a60-ab00-425a-4375c106b234,SEPF0B2E58F5F96,STLR Ramp OFC 1 314-983-1740,683,11
bb04b846-5fe9-97d2-8170-8f8874af52ce,SEPDCEB94BD4B37,,683,11
145aafb3-79fe-4131-bb0a-1d8fdfc63fa4,SEP0041D293DDF7,5002112412-0041D293DDF7,683,11
a536127b-2f69-416e-f022-3262c09d7aba,SEP00CCFC4A4B98,BIXA  500-211-2055,683,11
723e37d1-65e9-aa58-f726-924302ad1c4d,SEP9C57AD02592B,MIA Team Lead 786-265-6607,683,11
4b711b49-d9f1-e7ea-7f1a-3ac1a208b832,SEPC4B9CDD9F57F,ORLA SAA 407-893-7910,683,11
64114f7b-cdb6-0e32-ba29-4e9672838ec8,SEPB8A3775265D0,ORDR 773-601-7453,683,11
a8c541eb-2c49-ea23-2c86-d211113ff41b,SEP00AF1F9D2E39,MSCA Vacant Office 480-753-4049,683,11
a7ae00a2-ef70-9119-afcf-e9224f10fd4a,SEPF0B2E58E19CF,PWMR Operations 500-211-2060,683,11
48793c1d-aa78-df7e-e9a5-3ed8c2330c6b,SEP2C57415F5613,FXE-BOIA1 208-296-2107 IAV,683,11
0c645867-8d5b-e7ce-21ea-23cf9c3c9244,SEP0041D29319CC,SMFVK Telco Extension 949-862-4507,683,11
af4d6bca-a241-4f07-4f60-98d76b29b120,SEP00AF1F9D64D2,MKCA SAA 816-245-2931,683,11
a1db8b43-220a-e27d-35c8-2ad610d74781,SEP28AFFDCB4D01,FXE-MIAR 786-265-6767 IDA Cube,683,11
e24d1e4d-0e4c-9d63-29e1-dc6af050b556,SEP5006AB097872,BWIR1 Op. Manager 500-211-2053,684,11
349864db-f8f0-2f64-f453-3afd3d2ca3a9,SEP5006AB09AC32,EHTA Dispatch 860-292-5150,684,11
aa8dc5af-a3b0-face-37b2-beeb51b3417e,SEPC4B9CDD8B635,FATA CSA 559-347-2514,683,11
30e79a44-1d59-9d26-9e13-893328953d2c,SEPF0B2E58F6625,SRWA  Mechanic 704-795-0048,683,11
084c5870-0ada-2354-d944-a8b831dd7c60,SEP38205644E5A2,TLHA manager angie 500-211-2003,684,11
0274c593-21f7-65e2-b78c-35e7696f8266,SEPF0B2E58E1D77,MCIR Truck Dispatch 816-243-3428,683,11
2f19b181-f184-1234-edab-6757312df93a,SEP9C57ADF47060,DAYR Office 4 500-211-2053,683,11
bfc2f1f1-e834-e974-c5b8-9d0fcc3fbb60,SEPBCC493A501CE,CIDR Paula Thurber 319-846-5470,683,11
3d5ee232-4d25-e1e1-bbd0-57ca5ff34a00,SEPC4B9CDD9F0B0,BCTA Admin Sales 561-912-2032,683,11
605c085b-9676-a68e-2172-53b09fa33496,SEPA0554FDB77B2,CHSR Senior Manager 500-211-2000,684,11
c19f612b-2c23-36a2-1d83-0cb2ddaa2d8e,SEPDCCEC1F13E5C,BDLR Mechanic 500-211-2015,683,11
03fa3c07-d974-f2db-b616-3b788a0f524c,SEP6C13D5B31A83,,683,11
365d23f1-93c7-538d-12e1-04a13151c7fb,SEPF0B2E58E6340,BURR Hazard Office 500-211-2011,683,11
b7b5ca06-0303-231b-e32d-700c5606cae2,SEP00AF1F9DD880,ISMA CSA 1 500-211-2061,683,11
e84b9263-f1b6-3145-9b64-afc586fe1110,SEP6C13D5BEE337,,683,11
3d5653cc-e4d1-4cb2-b244-b48c1d1897b1,SEPF87B204EF730,FXE-PNVA 704-587-7688,683,11
c957bd66-188e-e53a-3e9a-8a0a1aead768,SEP0041D293DE8A,SMXA Ashly 500-211-2057,683,11
cec4021a-04d7-a64d-99fb-faf5558782a1,SEP00D6FE056358,FXE-FNLA2 303-217-9778,683,11
ec3d05dd-1190-dbec-03af-f3c96f0df927,SEP0041D2F90FA0,CHOA Manager 500-211-2060,684,11
c6fdbb50-f304-2db3-f0d8-61e372dc655c,SEP007E95FD85E4,COSR Aircraft Maint 3 500-211-2027,683,11
c7635905-e226-65f3-477b-dd514c514c94,SEP0C116723EC2A,BWIR Sr IDA 500-211-2067,683,11
645bb907-376d-399e-b8b8-6083a3659f27,SEP0029C2C91BEB,NYCS General Office 3 212-259-3545,683,11
5fc9b03e-bc51-a50a-fefb-d13188b3944e,SEPE41F7B9EC56A,FXE_CXOA 936-270-1365 DG Area,683,11
21da55e4-04a0-548f-3748-a8820e91f7bd,SEPBCC493A51F8F,DVTA  500-211-2050,683,11
ba28ccb0-e7b7-83c6-b48e-66f35fc112db,SEP5006AB08B4F4,TOAA Jamie Martinez 500-211-2068,684,11
edd2d182-fbd7-dbe4-5217-018d776836cb,SEP9C57AD030AB7,MFRA Time Clock 500-211-2053,683,11
7bfd3175-71dd-1653-6e3c-88f257cecfe1,SEP74860B70317C,LAXR- Latoya McAllister- 310-665-1034,683,11
3b49351a-511f-838e-0204-78001f05a1dc,SEP00AF1F9D8ACA,PBIA CSA -4 500-211-2053,683,11
c5e8d0d5-8e62-7171-bdd3-7bd88c98c15d,SEPBCC493A4FB9A,MODA Genesis Room 5002112055,683,11
e7ec83a4-27c3-a277-c2cf-68ef667a07cd,SEP0476B0D8A2BC,APVA,683,11
39ce51b0-b51a-f183-a0b0-446238da8bf5,SEPA4B2392F9B05,OGDA-MECHANIC BAY-Room 126-A041-1D,683,11
ff2b84c0-2660-6d8d-1d4c-db0ca53efc6b,SEPDCEB94BD4A98,SRWA  Office 704-795-0048,683,11
e0cb37ea-d403-7789-dfcb-c6d00609e1f5,SEP9C57ADF5DB5D,SEAR Pete Koski 206-248-7810,683,11
3c4851db-dfdf-0e18-5650-4100496b5478,SEPB07D47D36BE4,HHRA P/D Manager 10-263-4650,684,11
41245163-d513-3ade-92f6-d4a636a2cf4d,SEPF0B2E58E222B,CVGRT,683,11
938e7dcd-8d7f-5c18-e01c-3e5d0f3f17d5,SEPD42C447EE2E8,FXE-Field-A-FARR 701-219-7038,683,11
a01665d5-90f8-65fe-c858-543e429fb718,SEPB07D47D36CAE,Moffett R. Wells 4042092734,684,11
f2d971e1-f31f-e705-a5d7-a3193d6c8996,SEP9C57AD025D34,CMHA Engineering 500-211-2003,683,11
8e09058b-b40f-8ee1-035c-1dee22508c48,SEP5488DECE177B,LEEA- 5002112058,683,11
1677d07b-55c2-274e-9073-0e1faa424bf2,SEP00B8B33A0979,NQAA Phone -  9013874910,683,11
ee65d380-219a-8a85-c631-68a27a032c5c,SEP341B2D5B9E09,FedEx Security 407-916-3013,683,11
7c66dd0f-4ac6-c263-a05f-88af50f7880c,SEP6C13D5B31E00,,683,11
b02ffb79-4496-5088-583a-b34ef1c8b3ac,SEP6C13D5BEE378,ORDRT Agent 7736015846,683,11
3078be49-1c18-1b09-7e6f-ab6ecb77df81,SEP00CCFC4A0E25,DTWRT Operations Agent 500-211-2061,683,11
676dcc14-b539-3bbd-945d-edabcea62cc4,SEP9C57AD028E92,FLLRT - Dispatch 2 - 9543167712,683,11
ac9f8ba1-0142-5dc2-6d3e-5db5c5e6b0d9,SEP00DA552702DB,GADA Warehouse wall phone 500-211-2045,683,11
3538a005-175f-3f21-57b7-4ebc9f9e8d8b,SEP6C13D5B31CB7,LKSA2-281-504-2701,683,11
d73049db-3b7c-b8c6-9bc5-ee2f368e1279,SEPD0EC352DCE30,FXE-CLTR 704-521-7007,683,11
57ab0ed4-6711-4712-5fb3-e90420f0e125,SEPF0B2E58E633F,5002112059-Francis Fisher,683,11
e39081f0-ea37-21c6-1ae2-41b53a88b91c,SEPF0B2E58E1C06,OXRA Mechanic 5002112085,683,11
52ea8443-08a1-4b81-bcc3-1d7389bdece3,SEPAC44F21486FA,BWGA Conf Room 500-211-2029,659,11
4c9351e2-e263-f334-7a88-0e59c25082aa,SEPC4B9CDD9EF13,CLES HR 440-735-7226,683,11
729a4c6f-d7f4-6519-ab25-9b50a7934229,SEP00AF1F9D2CF1,MSNA CSA 500-211-2054,683,11
c0e4a47f-97d8-9559-6076-34b517132f28,SEP6C13D5B31906,,683,11
48712959-f7d6-e756-06ef-f7f97a10d2ac,SEP9C57AD029144,JFKR Fiaz Desk1 718-995-2346,683,11
6a51d48f-07ff-a18a-e41e-168c3f0a8fd1,SEP00AF1F9D6C14,CLTRT Craig 500-211-2054,683,11
12832f3d-036f-0101-ce60-d3f0eb24e33f,SEP00AF1F9C60EA,POCA Belt 2 626-839-2298,683,11
810c3b72-3b8a-6d58-5d08-584290d8e847,SEP0041D2F8F554,APGA Sr Manager 500-211-2000,684,11
7ed4e304-520c-e23e-fb22-aff760cf33e1,SEP0041D2F97556,EHTA Fleet Manager 860-292-5144,684,11
59c839e8-91cb-69c9-feaf-0097a0f22a38,SEP6C13D5B325E8,LKSA2 281-504-6067,683,11
58fd9135-cfdb-0ad6-dd9f-736e1c356ac1,SEPDCEB94BD4C6A,LHUA - 5002112057,683,11
6886ac7d-7d3d-f204-8103-a8c30f1d6a84,SEP5006AB086D58,Brian Hilligoss 813-673-6922,684,11
d65c19c9-5795-19c5-293d-524f9c1283d5,SEPDCEB94BD4AC0,FTYA General Office 404-362-5370,683,11
04906326-eb2f-bd41-5c45-a1e7afc1e7fe,SEP00DA55267405,STCA   HAZ DESK,683,11
5cc4750e-1ed2-6811-2897-76c9a39fff14,SEP00AF1F9C94CA,ATWA Break Room 500-211-2004,683,11
76f1f51d-ffb6-08c5-f809-b1223c59c72d,SEPB07D47D38412,DENR Dispatch 303-342-5307,684,11
167bf76c-e728-8c28-f82b-945c974c2602,SEPDCCEC1F1398D,AUSR Ramp Agent 512-651-8211,683,11
037573ae-deb1-dfe8-6b71-3f6b90527659,SEPF0B2E58E2706,JEFA Dock 3 500-211-2052,683,11
bf359ac7-7f55-4241-e48b-127791531508,SEPB07D47D3DBDA,AHNA Senior Manager 500-211-2000,684,11
4ccdf658-99df-7ea0-911a-5f14e09b9762,SEP5006AB08DF68,SBPA Tony 500-211-2050,684,11
7f3201f2-e54b-8f45-b24d-8cbe05429453,SEPF07816A23566,BOSVM Parts Area 500-211-2054,683,11
5f9f6f71-864b-ebdd-282d-1b1e5244eb63,SEPC4B9CDD82D6D,FLLR Vehicle Mnt 2 954-359-7493,683,11
510ea44f-987b-c377-0434-37ed19665fb5,SEP9C57AD0289B0,MIA Homeland  786-265-6820,683,11
3309716b-b993-df90-32bd-ad4fbe7da5a8,SEPC4B9CDB4100A,BWIA Senior Manager 410-609-2832,684,11
f3b4b733-3d21-4cb8-4b03-3b0a8104f5be,SEP000832A9F6D0,LAXRT IDA Office # 4 - 310-735-0801,683,11
131a71de-4956-600f-e85a-34e51ed686df,SEPF0B2E58F65A0,OBKA Office 7 500-211-2073,683,11
e75b9c43-9add-4bbf-e9ca-45150ad8e794,SEPCC7F7504EAF4,FXE-GNVA 352-448-2776,683,11
dcf63070-417a-889b-7ecc-4141c0a2b22e,SEP5488DECE19DB,SEP5488DECE19DB,683,11
94a52731-ecfa-35d3-688b-f35062d66359,SEP6C13D5B3248E,LKSA2 281-504-6061,683,11
07ff8d4d-a9fd-bd5d-49be-79ca2d92647c,SEP00AF1F9D85EB,JSLA Sr Svc Agent 201-507-3538,683,11
34a7921c-9f72-96ee-7ebd-1fa3d3462241,SEPC4B9CDD9B182,FRGA Sr Service Agent 500-211-2054,683,11
405b6d7b-b24e-0639-3c96-ce90aa5003c3,SEP9C57ADF4CD96,BFDA Front Counter 500-211-2001,683,11
9ea52abc-22a1-b93c-5cf5-6b7cf21581f1,SEP00AF1F9C9FD4,ADWA Service Agent 410-451-5417,683,11
1506f08a-0267-59b0-f52c-a39fea6347f5,SEP0041D2F939FA,ADWA Manager 410-451-5432,684,11
ef2f459e-3d97-349e-4f93-5e76c841320e,SEPDCCEC1145769,FXE-IAHS Janice 713-268-7891,683,11
20393e15-8ef7-d583-d3a6-506f1eaeded1,SEP5488DECE1933,SFOR 650-616-5[89]XX,683,11
f8fe9c90-559c-6c12-4842-5a8e31509ef0,SEP9C57AD02930B,EAUA Scan Room 500-211-2050,683,11
6ba38b1c-9548-9866-0a2c-d8fb314948b0,SEP9C57ADF4370E,LNAA CSA-1 5002112020,683,11
40263e42-834d-f114-5ad1-b2530a4a865c,SEPC4B9CDD9209A,GYYA Engineer 312-867-5639,683,11
55a3c39b-3eeb-2384-5f7e-44cf9847b2ba,SEPDCEB94BD48DF,OXRA Gatekeeper 5002112023,683,11
80d85062-c0d2-e7aa-52a6-23a135b00723,SEP007E95FD27C3,GXYA Sr. Service Agent Desk / 970-534-2230,683,11
129406b4-be89-2a8f-447f-934a284df177,SEP00DA55270A0B,TNTA CSA 7 500-211-2057,683,11
7677b742-6548-f43a-cab5-a62cb64fe6e6,SEP00DA55267583,SUSA Dispatcher 314-768-6451,683,11
d79c3191-9774-05da-b0f5-cf05e0512aa6,SEPBCD2956990B0,CLERT Jerry 5002115230,683,11
8eb925e9-f071-f06a-6f68-b2b64f2d0b04,SEP00DA55261EF0,MKTA Dangerous Goods 500-211-2052,683,11
094bed82-a919-977e-9425-9a70d5d678da,SEP6C13D5C18709,LASA2,683,11
5f3c5019-7052-d3d4-483e-8b2a3c1716f2,SEP0041D2F827A4,DNEA Bernard Wilson 500-211-2065,684,11
5fc846be-768b-4087-9080-7ecf2c3ad83a,SEPB07D47D36D70,5002112002-Damen Hensley,684,11
a2b9edff-4d31-4a5a-55ce-84f726762133,SEP00AA6E32B345,ATUA Conveyor 2 305-470-3502,683,11
5ec7b3ae-ca36-34d7-18e4-89c8edc4f518,SEPBCC493508140,HNBA Admn 500-211-2060,684,11
69020d95-cc1f-28aa-2d25-8de05b6d5d51,SEP00DA5526F73A,GVLA Check in room 678-297-2445,683,11
5d623ca8-4e66-4e78-729c-9c10bf692bca,SEPA4B2392F9CC5,JREA 7184105091,683,11
c722d00c-c83b-2850-9dbb-983539465941,SEPC4B9CDD8F3D8,GSPA Training 864-236-2223,683,11
57157994-5143-d4c8-72a1-d86e490d5122,SEPDCCEC1F13AB0,HGRA Marshal 500-211-2051,683,11
5a451c2a-1116-3bc3-f226-5812e2ecca6c,SEP0041D2F9892A,CLTRT Manager 704-357-1290,684,11
f3cea44d-afbb-4fd2-46aa-9503762c591a,SEP00AF1F9DD392,NOHA Hold Room 847-839-3803,683,11
20b599a7-06a2-ab65-4b2c-45a5b08d4ef4,SEP00C1B13E320E,IAHR Ramp Agents 3 281-230-5152,683,11
40cf5ed6-cfd0-70d0-d804-2b370359256c,SEPE0899DFA8110,5002112004 - Office  (SFMA),684,11
1b3d2dd4-cafe-d47f-5011-ad1b128fd78e,SEP00DA552708E8,GJTR Warehouse 1 500-211-2026,683,11
9afe5749-2ba0-14bc-c5e1-cc691b3c68e5,SEP9C57ADF42CA5,SATR Aircraft Main Office 2 5002112063,683,11
aeb2ca78-a459-e195-14f8-1e96fbb39f2e,SEPDC0539FBA750,RICR Ramp Agent 500-211-2058,684,11
d81e6d49-df96-2ada-d89b-f196a003b05b,SEP0041D2F97EC0,BFIA Dispatcher 206-332-7312,684,11
a4145080-a2ef-c198-5a9b-a3d0ab0b16f4,SEP38ED18FF38BA,TPAR Agfs Manager 813-673-6860,684,11
825d0f16-866c-b1e1-250a-cc035ecdf855,SEP9C57ADF49C98,8586771003-Alma Ibarra,683,11
3eddcbe1-847a-9afc-af7e-e503ed60824e,SEP74860B710E4C,DTWS Melinda Weber 248-348-7211,683,11
1f2e8769-f8a8-a54e-e7d5-62181ff1dd72,SEP2C01B5E4FDD2,GYYA Customer Service 14 312-867-5821,683,11
7bb87403-0d59-2d1c-4b48-158567542169,SEP6C13D5B317D6,LASR,683,11
66bb2643-698b-9822-0960-ad9d6bc53848,SEP74AD98C5B8BF,Brock DeBouck 281-230-5159,683,11
904c3228-d197-a5ce-920f-bc0a0145dc92,SEP00AF1F9D4240,BWIA CSA 410-609-1113,683,11
8c9fbb74-c154-78a4-3027-0759d74e6628,SEPE0899DFA8D1C,GRRR Aircraft Maintenance 1 6165754727,684,11
71fac437-5a2a-55b9-d649-b6f5eb6a9bf8,SEPAC44F218AE21,DCAA Conference Rm 202-636-0994,659,11
7b46be8f-6ec4-9cef-018a-dad5be515bd6,SEPB07D47D2A9CA,MCEA Opr Manager 5002112000,684,11
9187783f-4833-ae13-a1f7-6783afd8a23e,SEPDCEB94BD4E3B,RICRT Checkin Area 500-211-2030,683,11
0530dc1c-cb49-0986-9371-c9f60369ff06,SEP00AF1F9D5ACC,BOSVM Off Sales 500-211-2052,683,11
3f9d49e3-bac3-3245-2ef5-97e4c6620916,SEP00DA552720CF,NIRA Mechanics office 500-211-2015,683,11
953faa87-e564-8263-2f37-81c2fe0e6c4b,SEP00AF1F9D579E,THVA ds specialist / Brian 500-211-2053,683,11
cb068bf1-7421-81b4-9d53-507e4f7b96e9,SEP2C01B5E42473,Troy Tomlin BMIR,683,11
043740e4-79fe-9362-a3fc-4b39c4b7f57b,SEPC0F87FBADD5D,FXE-BFLA 661-695-4832 HAL,683,11
103d1db6-a1b6-7b2d-cb9c-0b7f5627cccb,SEPC4B9CDB4074C,MRYA Operation Manager 500-211-2053,684,11
dd9ca84a-7cc5-d83c-1d7f-367a2497d3a0,SEPE41F7B86E7CD,9094586109-Angela Corral,683,11
6ad6d551-06c6-04b6-d570-c5a5c2a6ca3b,SEP9C57AD124856,LAXR Aircraft Store 310-348-2187,684,11
82fc1d9b-1259-f8b1-5fcd-65a5a776d62c,SEP00CCFC4A4E97,LGAA FILE ROOM 500-211-2030,683,11
b4f6c35b-059d-e7b4-7e10-65a75c331745,SEPDCCEC1F1E34D,TUSA Equipment room,683,11
7f20604c-b2e5-1ec6-008b-13a9cc91f351,SEPDCEB94BD4B81,SRWA  Office 704-795-0048,683,11
1d99fc29-2fc3-5550-8712-70d490f44add,SEPCC70ED5625B1,NWRRC Kevin Campos 385-285-3407,36217,11
02be8c57-11cf-0d69-ed70-7d1843b08d87,SEP74860B7120ED,LCKR Barry Woodworth 614-492-6113,683,11
f80028ab-1fd8-970d-acf2-12598cfd28e0,SEPC4B9CDD87965,NYCS DRF Belt 212-259-3307,683,11
86bb906a-294f-b667-8933-a1d14c68cdb5,SEPBCC493A509F1,5002112220 - (SYRR),683,11
02a7e7aa-4d51-1e42-483f-f8b398ad6fe0,SEP0041D2F9ABAA,ALBA Manager 518-270-8547,684,11
9b88e0bd-e7ce-4d56-8204-b0b9836c8f34,SEP00AF1F9D5F67,ATWA Caretaker 500-211-2054,683,11
5d5ef568-9fc2-bfee-e7fc-d4f83ddcd1aa,SEP0027901D9023,SBDR GSC Maint 2 9095013682,683,11
15e73b2d-d15a-48b8-1967-586141137dae,SEPD0E0422E569C,FXE-MIAR 786-265-6746 Hwy Weight Cubes,683,11
00c6bd40-ed4d-acd8-bf01-f68a4870786d,SEPB07D47D3730E,AZOA   269-321-2521,684,11
4bf188a9-f92e-8230-9d0c-b69dfcb6c091,SEPB4A8B99253E2,DFWR AM Manager 972-456-4438,684,11
49fb671d-011f-4808-8d32-02080937a57b,SEPDCCEC1F1B3F3,MSPR Warehouse 2V 612-713-8657,683,11
34826086-7c45-e324-61c2-02125a689994,SEP6C13D5B31CC9,FXE-SLCR 801-239-1928 Travis Gregg,683,11
be606c74-8b6f-f910-4d81-50557905d32f,SEPCC7F7504F4FF,FXE-GNVA 352-448-2777,683,11
d790285b-66ed-41d2-2f13-f86d099e73d3,SEP9C57ADF434E7,JFKR Sort 718-995-4691,683,11
a9d10d08-f2f0-0694-9701-2e912e8257bf,SEPC4B9CDB47D60,FXE-FLLRT-HWOA 954-945-3932,684,11
43a03824-4764-3ac8-41ee-432694c03e1d,SEP00AF1F9DDAB6,LFIA Front Desk Personell 804-730-5100,683,11
ddc9eed5-f448-d0fc-2663-cd3f5a51246f,SEP00AF1F9DD7B2,PRIA Check-in 609-689-6409,683,11
7bed262a-fe8d-c352-e380-42df6d91816b,SEP00CCFC4A3622,DCAA Warehouse 1 500-211-2040,683,11
1f92e261-13dc-51ba-9c77-d75ad744ad5a,SEP6C13D5C083BA,LKSA2 281-504-6079 Brenda Chambers,683,11
3e68478f-ae3c-2a9a-a871-4a9a4b879fdd,SEPCC7F750428B7,FXE-BOIA1 208-296-2088 Ops Mgr,683,11
4d4eb234-d935-a8c4-3770-4277c60d1f6e,SEPC4B9CDD999B5,FXE-FIELD-A-CHSA 843-996-3156,683,11
f49f44ae-4f90-4cd1-6719-a20bf15517a8,SEPDCCEC1F1E1BA,SEAR Flight Crew 206-248-7824,683,11
24fcf812-388b-8d37-6a6f-3bec7e840ae1,SEP0027902B1494,614-492-6178-Tina Atkinson,684,11
b61ee233-7de6-0645-f021-4e6fcfa2eadb,SEP6C13D5B773BB,FXE-LAXT7 424-393-3915,683,11
909878ee-4e4c-e415-5f03-b646b34a964e,SEP8C941FFF4136,EWRRT 908-282-5527,683,11
49ef8fe1-85b6-af80-105a-404f1de3cb3b,SEPDCCEC11458DE,FXE-IAHS DENISE 713-268-7891,683,11
17efd658-7acb-919b-3ec9-3deb5edc2cde,SEPC4B9CDD99F12,CTXA Vehicle Maintenance 500-211-2025,683,11
e4332f3b-ac78-83dc-4101-0e07d5bcca20,SEPC4B9CDD99BDB,ESPA Gatekeeper 215-218-5771,683,11
d99f49d6-d388-ea41-93ef-337ea007da0a,SEP9C57ADF5A439,SEAR Vehicle Maintenance 206-248-7817,683,11
1a6f35d7-0f21-498b-092e-bc5d990965c5,SEPC4B9CDB406A4,BVYA Operations Manager 500-211-2062,684,11
8a682d6a-883a-07ed-c41e-fbf0ccc99cc1,SEP00DA55271653,INDRT Garage 317-821-2850,683,11
a539980f-798d-3624-64ff-21591d6e10b1,SEP0041D292B215,ABIA Mechanics 500-211-2045,683,11
1c688600-81ad-6473-52ca-de994bf04170,SEP689E0B0941E1,APVA,683,11
703f7411-50c0-8389-b798-640c6c59027d,SEPF0B2E58E17D5,PWMR Operations 500-211-2055,683,11
6f27a67e-6dda-6088-641b-c82d51b6c632,SEP00C1B1E443B8,SFOA Ops Manager 415-401-2848,684,11
59d70e98-a6dc-8041-3d22-c997aaea9633,SEPEC1D8BBAE514,FXE-LAXRC 424-310-3826,684,11
59803fae-083a-e97b-6fa3-5d605578a8fe,SEPDCEB94BD4EC7,GRRR Training Office 6165754764,683,11
da71f241-ade6-0191-1343-70fe6a2496c8,SEP00CCFC4A0F85,5002112068-Jayla Jones,683,11
3afcc33f-1b96-eb09-17e1-e3254c6a62ff,SEP00AF1F9DDDC4,MKER ACMX Shop 414-294-5909,683,11
c01aa52e-a3c1-78fe-781d-cc86c582ac36,SEP9C57ADF4D0F0,SVZA Office 3 5002112069,683,11
8d597b3b-1946-ea5c-22a2-1ce233f5b58c,SEP9C57ADF46929,DABA Tracy Rivera - SSA 5002112050,683,11
89b5dd7d-eeb8-e123-95e1-0c3eabb59a29,SEP00AF1F9C9A95,GTFR Training 406-454-8338,683,11
10ead6cb-a3b7-be28-7bce-e9c9f9a98954,SEPC4B9CDB5066A,CLER Ops Mgr 216-362-8240,684,11
9acac108-cf78-3929-c7c9-3f96c018b446,SEPB4A8B9923BCC,DFWR PM Manager 972-456-4469,684,11
13d5e1f2-16ee-3986-d6e4-fdce403fa430,SEPC0F87F749360,BNAA,683,11
7630bdeb-b69a-2d7c-cbbf-afc330a60fc4,SEP00DA552707E3,HPNA eileen 5002112002,683,11
e1b75f72-894b-598e-020a-64d03491ec5a,SEPF4BD9E4A326D,FXE-RIVA 909-522-3137,683,11
99b641b3-22fa-b97a-e7e7-b3f4e22d70af,SEP8C941FFF7E02,,683,11
f438cc1e-8cf3-9dfb-8e55-df5df00e61f8,SEP74860B70F248,WTCA 3rd Floor Sort Area 646-486-5024,683,11
be803aea-1a46-6cd1-f65a-13ad1d30c87b,SEPC4B9CDB57E74,JSLA AM Ops Mgr 201-507-3539,684,11
1c2a8cb2-9317-708c-9f06-96e4e01bca0a,SEPDCCEC114E5E7,TUSA CSA 1,683,11
0881a982-9cfe-f66f-9e7e-d1716dd8fc10,SEP0027902AE68E,LCKR Ops Manager 614-492-6258,684,11
0ea45996-c2b4-5a70-7c1d-09242b00d46f,SEPAC7E8A2AF079,EATA  500-211-2026,683,11
1a95c33a-0b08-77b1-bfa2-ef70e1a74e89,SEP00CCFC4A0C0E,EHTA Csa 860-292-5108,683,11
437a061d-6c3f-7a75-4424-7678352d0cbf,SEP9C57AD038789,SATR Dispatch Office 2 5002112074,683,11
6229d3ac-715e-bf5e-c624-94ab0ba9e0da,SEPBCC493A5282A,BCBVM Parts Room 500-211-2052,683,11
480b3dc2-bac9-b9cb-78ba-156518e3d527,SEP00DA55276D6C,SUAA Front Counter 500-211-2000,683,11
e23dcb54-c646-ba33-f7af-7c51cd91987f,SEP00DA5527276C,SBNA Whrehouse Southwest 500-211-2050,683,11
866ddb3d-f9ba-038f-c02b-be60537af5b4,SEP00DA552727CA,JAXR  air maint 3,683,11
9755e55a-ab22-4a3a-e670-a3e9042e2a47,SEPB07D47D36A76,ALNA Ron Wynn 500-211-2054,684,11
788b7eac-b994-0e8b-5f5e-d436f2f9913d,SEP6C13D5B7739B,LASR,683,11
1a82d24c-1f3b-22c5-43dc-bc1962a45d80,SEP00AF1F9DCF63,BWIA Customer Service Agent 410-609-2830,683,11
a99fcc34-58d7-5601-68e9-31e6162b53cf,SEP00B8B33A0A4F,BFIA Administrator 206-332-7273,683,11
c4680d32-1170-2d82-30c7-614d5fc4bc37,SEPDCCEC1F1E341,PWTA Telco 500-211-2003,683,11
ad025415-977c-2db0-ca46-80c60d435640,SEP00CCFC4A3DB1,MDTR Ramp Agent 1 500-211-2051,683,11
4b3dbb95-92f2-2798-2dd5-20aec43a5488,SEP9C57AD03E07B,RDUR Check-In 500-211-2053,683,11
716395fe-07ac-24fe-9602-6205dc595cb6,SEP9C57AD025EF5,IAHRT Ashly Russell 281-986-3753,683,11
48c30d95-651e-8806-bf60-6551b5aff479,SEPB4A8B9698123,APVA,683,11
ecd92305-e258-d849-1929-b16c7972e03a,SEPCC9891D1E206,LAXR Data Retention 310-665-1075,683,11
77a0c6a2-2537-70bc-ccda-628ccac4b978,SEP00AF1F9D59E7,ORDRT DG 7736015864,683,11
963e4f07-e29e-044a-c9a5-d3d4ac20a2e1,SEP689E0B29C76F,MCORT,683,11
adeb9144-7f7e-7fb0-08ef-2cf12531c3db,SEP0476B07E1343,,683,11
60a25992-baab-3c5e-a4ce-b61429f94648,SEP74860B71689E,ATUA SAL 305-470-3631,683,11
bcc54e88-8014-6626-ab0a-06fe396a3105,SEP9C57ADF4D00A,JFKR Curtis Fearon 718-995-6171,683,11
78daa8d0-07a5-6fc9-b2e3-a7bee864f5b1,SEP00AF1F9CA0D7,ATWA Dispatch 500-211-2073,683,11
2458da1a-1c4d-27ae-7c89-5f7081dd957f,SEP9C57ADF4D106,MSYA Warehouse DG 5002112040,683,11
da47f178-872f-b699-9f49-592b74b291d4,SEP00CCFC4A4481,BWIA Customer Assurance Agent 410-609-2838,683,11
17acc7f6-9400-12f2-4754-00cad5a723c4,SEP00DA552723A2,FPRA Front Counter 2 500-211-2064,683,11
0b2474a5-9a1a-0e3f-a3f5-c62043ab350f,SEP00DA55270254,FNTA Open Desk 810-720-5620,683,11
d07a8b44-5a1c-0569-9034-6e845991ceca,SEP6C13D5C187A4,,683,11
e6c0abee-79d8-f5c3-5bd9-a116d592c6d0,SEPBCC493502496,JFKR Export Desk 7 718-995-6170,684,11
3a1ff7b3-fb30-095e-a061-6f59c76e49db,SEP38ED18FFFE70,3234417052-Christophe Laguna,684,11
cc26df53-6a44-5a62-3190-ce84f8a7325f,SEP5006AB08B1B8,MPBA XAVIER XART  305-960-3351,684,11
597d28b3-2ee8-b95e-1637-407357b3e721,SEPC4B9CDD983A8,PSMA Mechanic 500-211-2015,683,11
edbda6ba-e5d0-9ab2-9f26-67948ec92495,SEPC4B9CDD8E432,FATA CSA 559-347-2506,683,11
eea4566b-6fc7-b49d-1c71-61f98cbcfc70,SEPDCCEC1F1E410,SDMA Melissa Pilsl 619-527-2071,683,11
4132158c-f9c5-178b-3f78-3cdca75fb1c8,SEP00CCFC4A0E92,JSLA Vehicle Maint 201-507-3459,683,11
d070f734-ab88-2b49-ca5f-d70097ebde53,SEPC0F87F7547CD,CLWA CSA Agent 1 5002112053,683,11
841a5546-a7ea-43cd-bcf7-eee6ee4444bf,SEP28AFFDCB4DC4,ORDR 773-894-6436,683,11
ec4410ad-0c00-17cf-13b4-4a255ff27a78,SEPDCCEC1145A92,,683,11
b8fff3c1-49fd-98db-e5d9-5550a55659c1,SEPDCCEC1F10C5B,SEAR Team Lead/I A 206-248-7794,683,11
8cc1d058-2758-96e4-8c68-1d08168066c5,SEP00AF1F9C61A1,7086494526-Kayla Martin,683,11
c92fd833-780f-a59e-5147-7df9d466c614,SEP9C57AD02486C,MSPR Front Counter 1 612-713-8508,683,11
cedc4973-4b40-dc58-7ef5-d5626d2ba5cf,SEP00DA55277B74,MYFA Cathie 8586542912,683,11
861f52e8-7bc7-400f-2047-a5f8e408668f,SEPDCEB94BD4D12,OXRA Warehouse-1 5002112040,683,11
bc31ed6f-03b5-c37f-2b0d-c73322c014ee,SEPD47798E1D116,COSDC,684,11
0b76828a-452d-315c-d89f-1a6c1b8dd896,SEPE41F7BD058E3,FXE_CXOA 936-270-1374 Break Rm,683,11
588f01f8-51cc-de62-d3b7-1091f1b6eb14,SEP00AF1F9D59CC,ADWA Service Agent 410-451-5411,683,11
08867df0-af31-21cc-ffc7-2a3817ffa8b9,SEP9C57AD030BB3,RAPA CSA 4 500-211-2057,683,11
a74dc339-d555-310c-468a-ab7943b34d5d,SEP0059DC63EF47,FXE-FIELD-A-FTYWK 404-327-3884,683,11
ba12a18b-f097-a950-a834-65c5ab14c4e6,SEPF0B2E58E212D,DETA Jose 500-211-2062,683,11
c4ba1116-9007-5fa4-7ac0-9bcb7658489f,SEPC4B9CDD9B401,FRGA Shop Area Mech 500-211-2017,683,11
84c94190-ce50-b8d5-6f62-d5b85e053715,SEPB07D47D2A8A4,ATLR Mgr Admin 404-209-2760,684,11
227573a1-e609-92f8-9977-8080c02fd436,SEP00AF1F9D82FD,MKER Service Assurance Agent 414-294-5952,683,11
a2ad778d-d022-6665-0f7e-958e8c986d05,SEPF0B2E58E2097,DENR Pilot Lounge 303-342-5356,683,11
45e4a7f3-e209-078e-add1-a662c0422c91,SEP00D6FE052314,FXE-FNLA2 303-217-9773,683,11
90f6e8e8-bd34-4a14-f39e-2ae9905808dd,SEPF0B2E58E2650,FTYA Reginal Harvey 404-362-5251,683,11
e5364d88-dcc3-ae8d-59f3-26714458c3b4,SEP2C31246ADC39,DAYA Office 15 500-211-2064,683,11
8b8904c2-1753-f9c9-0810-03bd3f6d9ce6,SEP00A28908293C,LGBA Anthony P. Lemza 5002112080,684,11
75e81f22-fafe-8d8a-7920-970554ecb6f9,SEP9C57AD0384F8,HRLA Office 3 5002112067,683,11
fe953ea9-ff06-7801-f06f-3b1f7359466a,SEPC4B9CDD8A437,PNEA CSA 500-211-2065,683,11
9fe69c78-519d-4a8c-5566-54d37bc08e7b,SEP00AF1F9D5F85,TYRA CSA 500-211-2059,683,11
1f50d1ef-5171-6877-dfaa-31a9138ffac9,SEPBCC493A50AF1,5002112205 - (JSDA),683,11
5aa75039-93a9-e96c-c03d-fced319278c6,SEP5488DECE1B81,,683,11
644e4509-3118-f401-6ac6-d46515ef7baf,SEPF87B2036BB92,RHVA AM Manager 408-546-3133,684,11
f45081a6-00a2-d393-2ebf-df938202801a,SEPA4B2392FD2AF,ATWA Shop 500-211-2069,683,11
85a3c876-0254-8160-5a0e-df6f7fca0abe,SEP00AF1F9D52B6,SFOA Sr Service Agent 415-401-2816,683,11
51070351-337b-ecf0-0a22-6f704e3dedd8,SEP00AF1F9D92C8,ADWA Office 6 410-451-5440,683,11
942dffb9-975c-ffa6-9fbc-a97a5a580b8e,SEP9C57AD030CE5,JFKR ABM Facility Services  718-995-7105,683,11
6e2d0398-c43c-1af9-0d20-958cbaf61848,SEP9C57AD025D0F,CHSR Office 7 500-211-2056,683,11
596d7a5c-160a-3713-0e97-f593b61f242e,SEP5006AB08B3FE,FPRA Ops Mgr Jason 500-211-2051,684,11
416db9be-ebb5-eeee-e737-eaa8db687d4f,SEPC4B9CDD8EDF5,FXE-FIELD-A 310-846-3398,683,11
6295b63f-889e-c6bd-89de-c6ec3657cd8a,SEPDCCEC1F05B66,JXNA Office 12 500-211-2061,683,11
7e838639-30ee-21e5-f4df-bb6e6e416472,SEPB07D47D2A76A,AUSR P.M. Ramp Mgr 512-389-1152,684,11
7d57733e-ef7b-2987-a7c5-779544cdeddf,SEP8C941FFF60C4,,683,11
12cfc8af-55e9-53d4-c487-ab85c3e71e0d,SEPA4B2392FA707,SBAA,683,11
fa95cfcc-0758-53a1-9d63-f6f06199ea26,SEP00AF1F9D4F9C,BWIA CSA 410-412-2320,683,11
831fef81-c1a3-d842-f7aa-dd962dac5b79,SEP6C13D5C189EA,,683,11
e075f278-e88d-19c5-8acb-ebc888e62901,SEPDCEB94BD4C7E,BHMRT - Security  205-714-3255,683,11
0a268496-509c-bac0-83a4-281db4ab554e,SEP00AF1F9DD73E,HBYA Senior technician 500-211-2015,683,11
c4a9fd3c-181f-538d-2606-fedde3066768,SEP00AF1F9DD8E7,BPAA Mechanics 2 500-211-2017,683,11
854a7fea-9677-a10e-29f8-94149ee9d80e,SEPC4B9CDB51BF2,UIZA Operations Manager 500-211-2053,684,11
ea213cc9-bc44-265c-e3eb-6c2fc2e390b5,SEP0041D292AE09,SMFVK Break Room 949-862-4718,683,11
9ae47c9e-c71e-66a6-db98-7105d7961dad,SEP28AFFDCB4DEC,FXE-MAIR 786-265-6726 IDF,683,11
baee15ec-49a6-217d-4eb1-a1386c8205f0,SEPC4B9CDB46EAA,7753215630-Sr. Manager,684,11
a3c3be8e-96db-9211-8448-e8b3ab2d2b3a,SEP0041D292797E,SMFVK Kathy Miller 949-862-4659,683,11
177c6c5d-e1e1-0b11-157d-49284c8f3018,SEPBCC493A51FCC,ROCR Dan Poppenberg 500-211-2050,683,11
8abd2a9b-45eb-2ea2-4ac4-6d5cabfe7cb2,SEPD0E0422E5675,ORDR 773-601-7417,683,11
2179612e-baa4-af09-7403-7d23c54fb4e4,SEP00CCFC4A8219,THAA Agent 500-211-2054,683,11
5aca5b70-f927-aee9-6f4c-cda2d59804fb,SEPF0B2E58E2493,LRDA POLE 5 POLE5 500-211-2062,683,11
3aa3f463-b83b-7d7b-bd1a-c15ebcd96cd2,SEPF0B2E58E1A8D,5002112223 - Patty  (WWDA),683,11
75adb3a5-e337-06b2-9986-44f501c26b27,SEP38ED18FF2BAC,NRBA OPS Manager Sharee 904-332-5426,684,11
5676fffe-a7a7-0864-fefb-de15c3df2c4e,SEPBCD2956990DB,BURA,683,11
fdaaf08f-bf7e-bfe3-4213-62fa7770c8e6,SEP00AF1F9DCAE7,SCKA Computer Rm 1 209-983-4461,683,11
c32d0669-6bc2-9e3e-5bf8-bbeac330168d,SEP00DA552756A9,SBNA Whrehouse Northwest 500-211-2051,683,11
77cd2503-a2ae-8876-c20a-53208d96f3b1,SEPCC7F75042E5C,FXE-BOIA1 208-296-2117 VMX office,683,11
182a3b72-a589-9d4f-d1c5-f0affda9837a,SEPF87B2036EC14,DTWRT Senior Manager 500-211-2003,684,11
04c1de97-1ee1-9619-bbf1-499455e2f371,SEPBCC493A4E779,CIDR John Powers 319-846-5439,683,11
52f6486d-74f1-f424-0784-ba644bfc7562,SEP0C116723EFF2,SBNA Keng 574-236-7456,683,11
fa77d410-8212-1ca8-9f0a-fc2e55d34d33,SEP00DA55263DBD,MPBA Front counter 2 305-960-3307,683,11
8ab5e162-307c-ed32-7ac6-970a1d09c356,SEP00AF1F9CE539,IPLA Courier Check-in 500-211-2021,683,11
34ddcd35-3705-423a-7f4c-e00037d9846c,SEP00AF1F9C1EF0,DPAA Agent 500-211-2014,683,11
a25b24ba-42fd-0500-d75e-4b675f19539a,SEPDCCEC1F13CE9,MSPR Aircrat Maint 612-713-8647,683,11
13c287ae-dc45-dfe8-1cf0-90912a24e219,SEPA4B2392FA7DB,FXE-LAXT7 424-393-3926,683,11
53b36243-bca5-90ac-cca6-a0db3764cc6c,SEP9C57ADF469FF,COIA Office 2 500-211-2012,683,11
ff4c7dc4-5483-4fdf-71b6-726f5e791a2e,SEP00DA55275482,ZSYA Front counter Sarah Martin 500-211-2055,683,11
bb0e531e-5117-763d-53ce-8eefb3c37be5,SEP00BC60BFC818,LAXR Mgr HUB Ops 310-665-4847,684,11
698d303b-a6c6-91c9-2671-0b312199b31f,SEPA4B2392F9930,OGDA-FRONT COUNTER-A005-2D,683,11
5832a13e-1873-d065-6cb2-db41d72deee6,SEP00AF1F9DD544,SEART CSA 1 500-211-2051,683,11
bb34ed0a-0356-bedc-da6b-4f5d7d2546e2,SEP74860B713DA0,LAXR CMI Training 310-665-4825,683,11
123063df-6991-82eb-42c1-58a1e424e30d,SEPBCC4935091BC,RIWA Manager,684,11
9a3c377d-639a-1a34-0136-0eb15da815a2,SEP5006AB09F890,DNEA Joel Gaston 500-211-2000,684,11
be559739-b9b6-a518-5491-b587a7814685,SEP00AF1F9D6732,ORDRT Mechanic Shop 1 773-601-5861,683,11
9a7d1179-00ba-0c9a-52f1-2ee62d5b758c,SEPC4B9CDD8B2D5,GSPA CSA 864-236-2250,683,11
72f309ca-c631-56f7-1b9d-b9c7a4e1b79f,SEP00DA55270897,BGMA Break Room,683,11
cf044781-1d54-d7f3-7613-f7b2e7f5f3db,SEPDCEB94BD1DBA,ABQR Ramp office  2 500-211-2065,683,11
bb4cc4ad-def2-79a5-8e80-ab665af7c529,SEPB07D47D2B55E,SDFA Sammie Hayes 502-907-3356,684,11
b2e8872c-5daf-7d0a-123c-965edd8d3488,SEP9C57AD03855F,SATA CSA Office 2 5002112061,683,11
1ddeecf9-c29c-42d3-35b8-29241f9663f8,SEP00CCFC4A3DF3,MRIA,683,11
6cc64252-0650-cbf9-3ea5-754f27ddce45,SEP00CCFC4A4F07,CICA Check in room 500-211-2060,683,11
f82a75d9-ff9c-a098-0f89-2d0abc9bd732,SEP00AF1F9D2642,WSHA Genesis Room 500-211-2063,683,11
7a2fb200-27ba-58e8-a82b-b7dda817c6ec,SEPB07D47D36636,PVUA 500-211-2063,684,11
538df109-e07f-7cac-3a30-f0629e26b5ac,SEP2C57415F51DD,FXE-BOIA1 208-296-2099 Gatekeeper,683,11
2052c82d-06cf-a10f-aaf0-2cc8038039fe,SEPF0B2E58E2338,8162433471-Matt Gotz,683,11
731f7576-6cf3-9765-cd8c-73fce267fd0a,SEP38205644E42A,6023927267-Alisa Arnold,684,11
bf0f0d64-69a7-a272-0f5c-6b36c8373883,SEP6C13D5B773D5,FXE-RKSA-307-362-4931,683,11
b814d9f4-158f-c6ea-6742-d80df18be644,SEP00AF1F9D8F97,GDMA CSA 500-211-2056,683,11
b6b400ce-f7aa-6749-769b-94470d4231a9,SEP00AF1F9DD6D1,FRGWK Agent 631-777-7962,683,11
3c7a9ac0-2f35-f662-a94b-8eb285a47f55,SEPB07D47D2B816,BOIA Steve Bostrom  Manager 500-211-2069,684,11
964e4c6d-4b8a-c809-58f0-320fb15bd00c,SEPF0B2E58FAAE7,RICRT Warehouse 500-211-2040,683,11
2d807e0a-fb0e-e93f-9072-a5d31b66b83e,SEP9C57AD025B63,SEAR Expedites 206-248-7786,683,11
e79a6509-7dfa-841f-c24e-340883e2a5ab,SEP6C13D5B30C23,,683,11
1aceb744-c6bd-70a8-5572-7fcec75ede97,SEP0059DC63EF44,FXE-FIELD-A-FTYWK 404-248-6779,683,11
765b1e3e-a5a8-5976-7ec8-d26a30b4b495,SEPF8A5C5A058F7,SANA,683,11
47fa61d8-5617-e36b-c2c9-9207ce0d56b4,SEP5006AB0920C8,INDRT Senior Manager 317-821-2865,684,11
0c5fe980-0a9b-41d9-50d6-423049366350,SEPF0B2E58E26B2,,683,11
d6c28bac-fbb3-f1f3-6594-71ba03db29bc,SEPC4B9CDD885E9,NYCS Check - In Room 212-259-3330,683,11
440e33e9-aecb-7d6d-7d93-a1b329f9fc99,SEPB07D47D364F8,LYHA Kevin 500-211-2000,684,11
35027c3e-ea2b-883e-e422-59e4c07536ef,SEPF0B2E58E192B,SCFA  480-941-4601,683,11
b817493e-dee2-1786-3f83-f2f79b3af425,SEPC4B9CDB538A2,QWGA Office MGR 500-211-2054,684,11
67962fb8-c28c-5c39-1b9c-365965b82d00,SEP38205644BF2A,CPRR Chris Lorenz 500-211-2002,684,11
ac1620a5-dc15-e0b3-99d4-b5d135a72e86,SEP00AF1F9CB05B,TYSR Inner Office 865-380-8051,683,11
33fe5cde-2bb3-81c8-1aaa-2b1cdf4e9ad3,SEP9C57ADF46B7E,FAYA CSA / Darlene 500-211-2054,683,11
1e23d59d-3ffd-00d9-d922-f99bca76a3ff,SEPBCC493A5021E,ESFA Office 2 500-211-2051,683,11
b76c41b3-7b00-eb75-7e75-18a3e74fb1fa,SEP5486BC7F9A1C,GGWA TEST 2 (HAVSC DID),684,11
102a72db-cbda-2419-238e-ec02058c1c95,SEP00B8B33BA30D,FXE-CVGR 859-568-6368,683,11
289b49ee-862b-868e-4226-326935696898,SEP74860B717072,DTKRT IDA 972-456-6617,683,11
e57bd3d5-0c76-dd17-a4aa-ebf56e51edb4,SEPF0B2E58E2241,5002112005 -   (AUGA),683,11
13be6cf3-cd2b-cb57-245e-8e5aa6beebe0,SEPB4A8B969F5DC,FXE-Field-A-PAEA2 425-659-7008 Service Agent,683,11
dada2f2a-c3f7-11d0-04d8-6d193280895a,SEP00D6FE055F37,FXE-FNLA2 303-993-1001,683,11
28b672d3-7083-69a1-a3e4-bf56debdb0a8,SEP00AF1F9D48DA,MSCA Gatekeeper 480-753-4003,683,11
ee618035-630e-9301-b5e8-a714cddaa8ff,SEP00AF1F9D6622,LGAA Manager 04 500-211-2050,683,11
d0fe9f58-daa8-6237-d3f6-ca916e7068a0,SEPCC8E71482CB8,FXE-OKCA2 405-416-6901,683,11
71706388-8ab4-1f0b-7340-e5b564454d3a,SEP00AF1F9D94B5,TOLA Front Counter 1 419-662-4293,683,11
a8778deb-228b-906c-9755-7f8ced246104,SEP5488DECE18CB,DALA,683,11
b1fdef15-3e38-584c-87c1-55f84efbb009,SEPC4B9CDB4F09A,LFIA Dispatch 804-730-5172,684,11
941c1c83-5d94-feab-3d32-6cbebf53ac90,SEP00DA55262D43,SUSA CSA 314-768-6427,683,11
a95c27e3-f5db-7a18-d5a3-afb1b23e8ef6,SEP0041D2F9937E,SLEA Steven Wagg 500-211-2054,684,11
ddcaa64a-65d5-bced-2ae4-6fd24d0e0a0c,SEP28AFFDCB4754,ORDR 773-601-7397,683,11
5e6a80e2-865a-dfe2-57c6-fae1838e576a,SEPC4B9CDB47B9C,5002112068-Shinya Nishizawa,684,11
bf1b264b-c277-3269-34c0-708349ecf959,SEP28AFFDCB4873,ORDR 773-894-6435,683,11
3af4f43e-0f99-2546-a9a6-1b67fb0a587a,SEP00DA552708E1,JAXR huracane hot line,683,11
daba5a9b-0e7d-0462-4bf3-d902dd8652cb,SEPCC70ED5652DC,BNAA Timothy Carlie 615-316-2680,683,11
54388f4b-be65-a67d-8c33-3c771a34173e,SEP74860B7192CB,LAXR Ramp Office 310-348-2124,683,11
dfbcaf54-6bf2-2471-850a-2991f8c9c03e,SEP00AF1F9CA8CF,ILGA CSA Agent 302-327-3520,683,11
0102dc2c-4e2b-baf2-4a82-1939a20c8c0c,SEPF0B2E58E6151,PDTA Office 1 500-211-2022,683,11
9de85d6c-1018-a615-1844-97a271f7a445,SEPDCCEC1F13E6A,MSPR Front Counter 3 612-713-8509,683,11
19fb71cb-cec4-2eef-42a6-9d025058eff0,SEP74860B711AB6,LAXR Shop 310-665-4882,683,11
f0b81955-4473-08ff-276d-60262b4cb8ba,SEP00AF1F9C640D,FXE-Field-BFMR  251-690-4009,683,11
633f5f3d-4f19-edd8-73bf-e416ec3b8d0c,SEPDCCEC115D90F,BLIA Front Counter 1 500-211-2030,683,11
18bc5b9f-7fb1-aa02-7288-d4870343fdeb,SEP28AFFDCB4D07,ORDR 773-894-6456,683,11
11672ad2-cbe3-f7f9-1260-3d9a54e5c6bd,SEP00AF1F9DD1F2,BOSR BOS It Heavywt  617-568-8288,683,11
1932bf78-61af-ed3f-d59c-7ea85cfab5f4,SEPC4B9CDB56920,RHVA  408-546-3125,684,11
0b83f9c3-5c07-bf8f-a969-a296320b0c57,SEP38205644DF86,MMRA Alicia Jorden #512-349-6526,684,11
77dca85b-1e7d-5e19-3d31-0516ff313160,SEP00AF1F9CAB8D,ILGA CSA Agent 302-327-3522,683,11
7c891bdc-46f4-2a0e-45b2-072e0569d7d3,SEPC4B9CDD9D0DA,CDWA Warehouse 908-206-2402,683,11
cc8d74b4-6a72-296f-895a-a8077b00024a,SEP5488DECE17D4,SFOR 650-616-5[89]XX,683,11
d6e535b9-d75c-192f-5fef-954917311e4c,SEPC4B9CDB41B70,SMOA Senior Manager 500-211-2000,684,11
1dc5a62a-3307-be10-2b55-d9d14f076fc0,SEPDCCEC1F16DA2,BDLR Hot Seat 2 500-211-2061,683,11
aa44549c-b528-ba51-ac0c-110d830e6764,SEP00CCFC4A37FF,LITA Admin 500-211-2067,683,11
f8f52d3b-fa2c-d8e0-269f-9db475d11eb6,SEP00DA55270905,FPRA Front Counter 1 500-211-2065,683,11
2bf7211d-3257-f6f7-e8ba-075c713047bc,SEPB07D47D3DAD2,GRBA Greg Frink 500-211-2061,684,11
a23f5c80-abd7-506b-77f9-555465deaff9,SEP9C57ADF436EF,HRLA Office 2 5002112054,683,11
aa7f03da-2c9b-4b7e-d5e7-95b2d3807239,SEP74860B710C7D,ICTR Maintenance Manager 3 5002112025,683,11
b67dbbc2-336e-ac82-317a-e3ec53eda20b,SEPC4B9CDB41FB8,LFIA Manager 804-730-5131,684,11
a003020c-998e-c60f-de52-3a773b828f63,SEPF8B7E247A82A,LAXR Mgr HUB Ops 310-348-2149,684,11
1613f83e-aab3-0e9e-4bed-e6b6583c6307,SEP9C57ADF46832,EAUA Warehouse 500-211-2040,683,11
bbc44cdb-b6f9-2270-e0b9-e28fbfbe12fc,SEPDCCEC1F1AC85,(PLBA) - 5002112202,683,11
567f4f5c-b934-e1c6-bc00-6f95309c94a0,SEPCC8E714819DB,FXE-OKCA2 405-416-6684,683,11
12fca6e1-5fb7-5b0f-3a10-141c6aedf5e2,SEPD42C447EE3CC,FXE-Field-A-FARR 701-219-7051,683,11
37ee40bf-78a6-6032-9960-127dda224f66,SEP00DA55277824,ZSYA Missort Belt 500-211-2041,683,11
e210f2a0-e11b-e2f8-c6e5-5badef79df84,SEPF0B2E58E1FF7,GEGA Front Counter 1 500-211-2021,683,11
b5f5eec8-2f39-9aa5-1c79-5015f6a1f953,SEP00DA5527747B,CWAA Carrier Check In 500-211-2056,683,11
e0f4dda4-019a-1bd1-810e-fd7170578c08,SEP00AF1F9DE048,MRYA Sal 500-211-2054,683,11
6d57c691-aff2-c9fc-bfcc-0c8e0a4475b4,SEP74860B702C6D,SEP74860B702C6D,683,11
4c7da65a-b8f3-ccd6-8fb2-12ecd16743b8,SEP00CCFC4A40F7,BOSR Ramp Control  617-568-8279,683,11
d30e9697-e32f-570e-e3df-0b2fc763b54b,SEP002F5C7A281C,LDJA Open Desk 732-346-7215,683,11
43ee5662-912a-071e-95aa-2e053090fbde,SEP5006AB08F0DC,HPNA Carmelo 5002112005,684,11
9b0bd6f0-5462-0657-e378-d18a00faf5dd,SEPDCCEC1F1390D,DAYA Office 15 500-211-2064,683,11
7c067c91-34a4-ce18-4711-e06ed0eef5c9,SEPC4B9CDD9A322,FRGA Belt 1 Sorting 500-211-2063,683,11
1450b7a7-2ee1-cb44-6872-887770dfe59c,SEPC4B36A35B428,FXE-CLTR-704-521-7004,684,11
ec9f138b-3a7e-d1fc-8f5e-48b2ba96906b,SEP00AF1F9D88E6,GDMA International Office 500-211-2053,683,11
7432a040-772d-2e51-bf07-754d32b59988,SEP9C57ADF4CE38,BNHA Debby 500-211-2057,683,11
ed4d51e1-c65a-589d-fa64-cda8861fdcf3,SEP00AF1F9CB652,SEAA Mechanic 500-211-2015,683,11
f1249b7c-21f7-7e55-ed81-c6ff49e50032,SEPB07D47D37478,LALA Jim Carabba manager 5002112060,684,11
5c4a58db-fb56-2f37-c177-0b6cdee4f725,SEPBCD2957BD335,8012391936-Brittany Cox,683,11
fdf50c37-092a-d657-8fc3-1aca9fe73bcd,SEPF87B2036BBF0,IAHR AM Ramp Mgr 281-230-5121,684,11
68652598-fcac-529e-9566-52194b0c38c0,SEPA4B439D35124,FNTR,683,11
bdac386c-8fbb-35af-aa30-bfba32542b09,SEPA0554FDB6F74,SVZA Opts Man Jennifer 5002112050,684,11
051b1a52-98df-ed83-d444-2feed419912d,SEPC4B9CDB4E8A6,SCKA Manager 209-983-4429,684,11
109a2c39-37c5-d5ec-6c04-91ea13909f0a,SEP0041D2F92586,TYSR Manager 865-380-8034,684,11
9f9cb953-6dc5-886f-fd5a-a173d83eb882,SEPD47798F67109,FXE-LCKR 614-295-2903,683,11
da376b1c-a061-acb8-0c8e-812b979d9c91,SEPF0B2E58E1D17,DENR GSE MX 303-342-5203,683,11
7dad9131-6d2c-4815-a073-ec2f5a94e02f,SEPB07D47D36E30,CAER 500-211-2051,684,11
b3d02ff2-d49c-7506-3e39-62e861e88b03,SEP0041D2F9AC42,FXG-1708 Operations Manager 225-298-3819,684,11
ffe5022f-b353-af9d-6ad3-924cafc8539e,SEP9C57ADF4D093,JFKR 2B Room Desk1 718-995-4699,683,11
bbe1ce2c-3c53-0897-23c8-7d4ecb53fba6,SEP5488DECE17D6,,683,11
11b8bbb8-2887-a2b8-60a8-df5417b1e65a,SEPDCCEC1F1E399,DFWD Warehouse 1 500-211-2041,683,11
f1af344b-a0ac-eb91-aa4a-7be36a0c57a1,SEP00DA55277EDF,SLNA Warehouse 500-211-2024,683,11
3c727ea9-5991-9633-3b28-7c9055b94b0a,SEP9C57ADF42CCD,RBGA Conference 2 500-211-2005,683,11
8fe3d1e3-4549-2414-66b2-5bb6e20c8a7d,SEPB07D47D31782,8595863452-Buddy Simmons,684,11
c39a415c-3263-5f98-4981-41d3ed60435a,SEP00AF1F9CA02B,MDTA CSA 717-930-8817,683,11
ba715a1d-3f3c-5910-9496-e5380fef96e7,SEP0476B0177ADB,LASR,683,11
fd90a82b-cacb-6b54-a6da-b6b493f54c2b,SEP9C57ADF5A438,PGVA  500-211-2062,683,11
93ba1a18-a891-c453-e899-1c746000cdc3,SEPF0B2E58FAAC5,RZZA Fleet Maint General 919-877-3086,683,11
7a7e5adf-61de-5c17-53c4-546ccd6ac53c,SEP689E0B13BEDE,LASR,683,11
2625f6c6-655d-7421-4271-67577ae9e2f0,SEPBCC493A4F1F9,LOUA Front Office Left 502-333-3006,683,11
ebf6ef8d-2f5d-10dd-97f3-158e1d077e21,SEP00C1B13F11B5,FYMA Breakroom 1 500-211-2006,683,11
71913c4b-2e6a-0184-bcb4-55f040507098,SEPC4B9CDD9AFDB,IADR Ed Bonia Jr 703-661-2021,683,11
73e12b8a-97de-5fbb-d3dc-805fa708ad37,SEPA0554FDB974C,GSPR Jason Gallagher  864-968-2812,684,11
bb4eeecd-8501-afa7-8acf-fa9ff5ab5716,SEP9C57ADF46D56,OLVA OLVA Breakroom 901-712-0013,683,11
28b6776f-5d3f-bbb9-f37b-4ec4686d6681,SEPB8A377B85DE4,,683,11
96cc56b4-9e6e-0a5f-c7e2-8be94b2dd3b7,SEP5486BCAE0900,COSR  Maintenance shop _719-284-8665,683,11
57ce69df-f7b5-db1a-03c3-b3e3d2a3b010,SEP0041D2F8E8EA,PBIA front mgr office 500-211-2067,684,11
741cae0b-ba7f-1876-ae96-6263248213b1,SEP9C57ADF434A2,RSTR Aircraft Mx 500-211-2027,683,11
9a2d6406-59f5-8f8f-f5aa-69fa26048cc3,SEP00AF1F9DD194,SRUA Maint Shop 500-211-2025,683,11
5eb8b448-d990-a050-fbf3-ee74c69c55fc,SEP2C01B5E415B6,OAKRT 510-383-3735,683,11
a5ee7d3c-dbee-318a-e413-c388d145ace9,SEPB07D47D2B774,OLVA Beverly Smith Weil 901-712-0030,684,11
1e92788d-2035-29ed-d7be-bbfcee0c6445,SEPC4B9CDD92323,BCBA Open Office 703-709-2651,683,11
f9e7b601-db8f-db91-abb9-26cddeedb39a,SEPB07D47D37334,SDFA Curtis Carr 500-211-2034,684,11
4a5c36b1-3a38-b7a0-f0a7-305c4fed8ab7,SEPF8E57ED01F19,BOSR Front Service Desk 617-568-8283,683,11
80b93261-5b6c-c5b8-fd7d-58461bc21135,SEPCC70ED5792DA,FXE-RIVA 909-522-3113,683,11
134f9b7e-6c35-3edf-129e-16026b70070a,SEP00DA55275C32,TOAA Front Counter 1 500-211-2059,683,11
0ef6932a-bef7-df55-728f-3ce0a03e344c,SEP38ED18FF2E8E,BGMA Dispatch,684,11
85f1a5ad-1f5e-d7a8-5ed5-e21b85958b66,SEP9C57AD03D6C9,RSTR CSA 500-211-2053,683,11
5d97f0a4-91ba-1e30-9784-7c90c19f7bc7,SEPBCC493A51ED4,LYHA BreakRoom 500-211-2005,683,11
b28b75da-ec8f-ef42-6e28-a118826599f3,SEP00DA55271768,TOCA Office 6 500-211-2055,683,11
f0882082-1320-16ea-fffa-6376f23ca3cf,SEP8C941FFF6085,,683,11
e1456610-f043-5e66-cc09-bbb52b378586,SEPBCC493A4EE7C,ITHA Manager - Pete 500-211-2050,683,11
99ac685c-fd9f-2bfe-a85f-2fc79f7eeb71,SEP28AFFDCB480E,ORDR 773-601-7447,683,11
e1b3c43d-3ba6-9f65-c084-2a9fda6872aa,SEPA0554FDBEE52,7189955360-Tom Barry,684,11
78cb3efe-3df3-8be8-b2f7-db85b066553b,SEP00CCFC4A371E,PRIA Security 609-689-6437,683,11
ddad64fb-4948-8d9a-0c5b-194235afdcd0,SEP00CCFC4A0F25,MKCA Front Counter 816-245-2903,683,11
d8216bca-b073-f393-54c9-23b2f3760950,SEP5006AB08EC18,7705365008-Trevor Westerlind,684,11
cc61fa1c-1d39-2b6a-dcd3-352088ea8ee6,SEP9C57AD0383AB,GSPR Equipment Room 864-968-2894,683,11
15c5b08d-ffa4-aa16-1e76-3fa800517bb0,SEP0041D2F96CD4,PRIA Ops manager 609-689-6426,684,11
d5e4883c-fde4-008d-988b-ad9092a18b8b,SEP00AF1F9D4A96,ROAA Customer Service 2 500-211-2058,683,11
df62d903-fadb-0768-ca6f-a1e8f4167256,SEPF8E57ED8D679,FXF-NSL 333-457-3055,683,11
acca4d65-79fc-93a7-5311-9a02b8e3be62,SEP00C1B13E33C2,FXE-FIELD-A-CHSA 843-996-3177,683,11
e7134dd1-54c9-fc44-0c17-1622e0195cb9,SEP00DA55270C5D,WRIA Ted Hines 500-211-2053,683,11
dd2d153c-4c6b-0b0f-11cb-0ec9ea9eee60,SEPF0B2E58E26AA,FTYA Karrie Lovvorn 404-362-5252,683,11
edd811be-9c26-0448-0e21-95cb44cbb462,SEP247E12BE0EED,FXE-OBKS 847-385-9526,683,11
361dd070-740f-1049-8b2e-b1cc6f343d57,SEP00DA552729D4,FXG 1627 RANDY DAY 217-585-2536,683,11
b983a58e-5dda-f8c3-25df-536e930f4d22,SEP6C13D5B31312,MRIA,683,11
b467ce72-187d-7639-1b8a-fad1b064a565,CIPC416756,ZMLA- James Nevels- 262-970-5545,30016,11
d559179c-9d27-66d3-953b-475f714f56d5,SEPDCEB94BD4BE8,BHMRT - Break Rm Upstairs 205-714-3270,683,11
2d4a00f4-e28e-cef7-bf9f-90ee85171bc5,SEP5006AB08B37A,PHLRT Engineer 215-937-4780,684,11
e2568839-1c36-667c-83a8-86dac111f2ad,SEP00DA55272410,JSNA Q-A 818-316-2828,683,11
5ececd6c-76d0-5206-44f6-e78e8c17b227,SEP00AF1F9D5082,DCAA CSA 202-636-0721,683,11
acbc67bb-599f-ed6f-0a4f-1b3fe7471c3d,SEPB07D47D3DABA,5002112226 - (ARTA),684,11
1362def8-ef0a-366f-149a-cf4408a85dd3,SEP80276CD89E50,FXE-ITOA2 808-339-9473,683,11
071281fb-a7a2-ff0a-4632-78552a894cb7,SEPA4B2392F9992,OGDA-GATEKEEPER-385-405-7297,683,11
13491167-e55e-568e-989b-6c4543efa3d5,SEP00AF1F9D1F26,MFEA Assurance Agent 500-211-2053,683,11
27a28374-6e50-e8d1-b1ad-ff69a185cda6,SEPBCC493504AAE,HHRA Humberto Ramirez 310-263-4738,684,11
f7672b6a-00ff-0c32-49c0-b9ba2c598b68,SEP0041D2F9BD8E,BPAA Manager 500-211-2093,684,11
d52c3479-ad3b-98ed-a985-0f9a55c17458,SEPBCD2957BD326,8012391934-Clayton Nelson,683,11
56949f1f-1765-7880-6aab-3a85f4515694,SEP00AF1F9D5A94,ADSA Courier Check In 500-211-2055,683,11
be66e6ff-4b54-eba7-3053-b5a45b61d519,SEP00CCFC4A4F00,ALBA Gatekeeper 518-270-8539,683,11
3ab76b23-d504-36f2-5275-ca42b5568dd6,SEP00DA552708D7,DPAA Mechanic 500-211-2261,683,11
0eedd155-96d3-e1d9-5e29-1f7235954996,SEP9C57ADF4D117,BFDA Break Room 500-211-2004,683,11
9f2bc591-f9f5-07af-789a-40343a45f343,SEP44B6BED63F24,,683,11
cd09b2b8-c4ab-08e3-5ec5-471534f3aa51,SEP6C13D5B773D9,SJCRT,683,11
fe3d6bb3-31e0-560f-eaa8-295c4cea810c,SEP6C13D5C18C9D,FXE-HIKA 808-426-5022 WH,683,11
e9f4c934-e8f8-6216-6221-696d9fb88c98,SEP00B0E15F5973,AUSR Vehicle Maint 5126518201,683,11
a7bdd4e4-8d08-a15e-67a2-db6dc654a969,SEP74860B7123C8,BUFME Control Room� - 716-810-1246,683,11
1e37562c-e82e-d98c-d6be-5b4f39332347,SEP00AF1F9D4BEF,DCAA Maintenance 202-636-0774,683,11
e437b513-ff9e-8d4f-481f-cf5ca50274cf,SEPC4B9CDB4E866,FLLRT - Tortes Shack - 9543167739,684,11
76ee8941-d708-da62-5d5f-a6bdd4556c30,SEP00CCFC4A4CF2,CHOA Empty desk 500-511-2054,683,11
73db0c54-24f7-470f-9f0d-2f234cebc6bf,SEPC4B9CDB52702,LVKA Sr Manager 925-730-5619,684,11
0bfeafb4-aa7a-a93f-fedf-206ae7358b87,SEP6C13D5B318A7,,683,11
fd4ce641-7bc7-a188-32f2-175f42bc2036,SEP6C13D5BEE35F,,683,11
8965f842-b6f9-5ebd-5fa7-6ffcb09ea397,SEP6C13D5B773FA,PBIR,683,11
133c1216-df8d-11e2-0856-5ebda4d2c695,SEP00DA552754DB,PHXR Parts 602-392-7259,683,11
59a7a291-ec71-9d20-d1b8-0bc5713cbfda,SEPF0B2E58E2717,OXRA Warehouse-3 5002112042,683,11
529535a3-44a7-b324-14a0-97260d752e25,SEPD47798F67130,RICR Vehicle Maintenance 804-222-2916,683,11
53dfa0c8-e5a7-c22e-9399-5d08260371f1,SEP2C31246F3E69,LAXRT  Rob Netrefa 310-735-0815,683,11
56bd5137-5b49-c685-ec1b-827e402996cd,SEPE0899DFA602A,FXE-FLLRT 954-945-3945 Captel Hearing Impaired,684,11
a2e83d72-9447-b7eb-e6c1-922d03bf1042,SEPC4B9CDB53198,SANRT Manager 858-824-9473,684,11
3bc517f6-ecb4-4c1f-7dfb-edf6f2a45825,SEP0027902AF07C,OSUA Operations Mgr 614-470-3345,684,11
1939f9ed-ac8b-ffbd-cda2-cdbc0ced48a7,SEPF0B2E58E1972,LYHA Checkout Room 500-211-2050,683,11
d8731e3e-a7aa-5808-2c2b-81d0bc89dad5,SEP00AF1F9D7BD6,DTWRT IDA Agent 500-211-2059,683,11
c2b9c5ae-8f3e-4161-cfbd-91d64b69a61c,SEPCC70ED5655D5,PITAV - Corp Aviation TEMP # 412-505-5610,683,11
13f45ba4-c0b3-9217-30b3-029df0471724,SEPF0B2E58E1C85,SRWA  Office 704-795-0048,683,11
c2d09115-e9df-fce6-a8a0-f8f6d9eeaa48,SEPBCC493A5029D,BUFA Ramp Office 1 500-211-2015,683,11
3221795e-98c3-4b12-aa13-d6c3e4bafc34,SEPCC70ED5656D1,SGFR Spare 500-211-2065,683,11
d37f5459-ecb2-a31f-a8a8-3e51489e208a,SEP9C57AD12529E,LAXR Mgr HUB Ops 310-665-1018,684,11
45d96aea-6916-877d-18d0-66fc8f81689e,SEP00DA55270845,POCA DG Area 626-839-2254,683,11
b00d448b-d89a-c157-00fe-67e1d6000801,SEP4C5D3CF50FCE,FXE PITR -AMX - Main Office 4,683,11
89e7282e-36f3-1d99-12d3-895df2aeb551,SEPCC7F75051D38,FXE-GNVA 352-448-2770,683,11
c9241a1f-aae9-f66c-af56-8fea53ea278a,SEP00DA5526F9A6,MMRA Robert Bonilla #512-349-6549,683,11
075da55b-3284-313b-9d82-01aa2378301c,SEP74860B70BE14,SMFA Equipment Room 500-211-2070,683,11
02b20220-5060-0bb6-6696-f96b6fd62479,SEP2C01B5E4310E,ORDR 773-894-6581,683,11
f68116bc-9b50-70ad-7403-a2c87143415f,SEPF0B2E58E1DCE,MCCVM Shop Maintenance 510-347-2421,683,11
df962bc6-6d0c-631f-14c2-ec232351edbd,SEP9C57ADF4CE4B,RDUR IDA 1 500-211-2078,683,11
3cf55a90-8bd7-a81c-4e78-c503abea4958,SEPB07D47D36BB6,COSR Jacques Moise MGR 500-211-2001,684,11
9dba1ac5-8683-314e-9e02-dea10b79f3ee,SEPB07D47D2A8C2,FXE-TUSA 520-512-4519,684,11
371ce056-736c-4a7e-e24c-4df7d9168c2d,SEPDCCEC11416E0,FNTR,683,11
e29209c7-b7dc-f091-9062-f7f297f1a1ad,SEP74860B716DD0,LAXR Ramp Office 310-348-2131,683,11
0208d94f-1485-c819-6803-bae2c9f8dff5,SEPC4B9CDB41BE0,GDMA Manager 500-211-2064,684,11
a68fb2ef-269b-96a2-7ab4-4e5368a8dd7f,SEP00AF1F9C9FCA,MMRA Dangerous Goods #512-349-6536,683,11
c46cded7-4530-ffa3-7a47-be575ac0578d,SEP9C57AD025833,RDDA Office 1 500-211-2050,683,11
f7915f2e-2e20-7dba-5703-65e7e5fb96e3,SEP689E0B0CB9DA,DALA,683,11
fc8a37fe-3328-e731-ba05-377a78c15189,SEP0041D29278F5,SMFVK Wanja Guy 949-862-4669,683,11
e9cd93c2-6531-8768-cb3a-4e89a7d05e86,SEPA0554FDBF82A,RDUR Ops Manager 1 500-211-2060,684,11
9f8e65a9-dc14-b711-235a-c202d68143c6,SEP9C57ADF5A9E2,CMHA Shelly Alford-Shaw 500-211-2060,683,11
fbecde9d-a5a8-2d02-4a71-87796f0e629a,SEP2C01B5E4EED2,MCORT,683,11
c6de83cd-052f-a67f-9642-50a5eb13df02,SEPB07D47D3DB08,5002112060-Delvis Hechevarria,684,11
3a9cf3fa-331b-f90d-f5f1-37f158b22e94,SEPB4A8B969185D,6628923865-Lasaudia Lovelace,683,11
3f58ecc1-fd66-a019-70f5-a64559251c04,SEP00CCFC4A496F,SWFA Customer Service Agent 845-567-5517,683,11
1518f9a3-0593-bee9-23fe-32b5d9732297,SEPBCC493A503D8,5002112052-Laurie Perritano,683,11
beec8404-773d-f61b-df9a-380c22f1737e,SEPDCCEC1F1E27E,MIA Ship Center 789-265-6512,683,11
a5f2d5e5-29bf-e216-1693-417c82b453a1,SEPC0F87F7493D6,HSTA Mechanics shop 500-211-2015,683,11
41452e29-7647-ba6d-4b6d-8799e00712bb,SEP9C57ADF4FC4F,PNSA Mechanic 500-211-2058,683,11
860720a3-4dde-f367-3091-9ce500dcd50c,SEPB07D47D388A8,ATLR Manager 404-209-2867,684,11
9df2f774-390c-14e9-5ba4-7c4f522dccdf,SEP00AF1F9D93DB,BEDA CSA 500-211-2061,683,11
8778a018-6d77-f49e-13bc-f1bb2949da5b,SEP6C13D5B309D3,BOSR Dangerous Goods  617-568-8238,683,11
c71ad992-3560-531f-873e-600cfaabf340,SEPB07D47D2B91A,5002112007 -  LCIA  8851,684,11
71b5de0e-09e1-4c99-57f9-3a277bd7a78c,SEPF8B7E247AF82,LAXR Mgr HUB Ops 310-665-1071,684,11
7769ab3d-6cf3-cee6-fcd2-d2b0ac5a5c6d,SEPB07D47D2B1AC,LAXRT Genesis Desk 310-735-0838,684,11
af7f4ef2-a2cc-6c53-4d5c-4076b405065c,SEP00AF1F9D8005,ANDREW DEMORE 781-444-6512,683,11
986606a7-36d1-5b49-2ba5-8dc2d679ef1e,SEPDCCEC1F1B4F7,NQAA Phone - 901-387-4916,683,11
027730f8-4d4d-ca39-d4c4-9fdbc5f89b54,SEP689E0B29BA1C,MCORT,683,11
67f911d4-d317-9882-41a0-fae50216e74c,SEP5006AB0970E6,FARA Admin 500-211-2061,684,11
336a3c70-d502-02c5-11e8-904cf5045d73,SEP9C57ADF5AB9B,PVDA Ron 500-211-2013,683,11
15e672f8-a890-7ef8-3518-0afbbbfe62e4,SEP38ED18FFFE5C,CPRR Cheryl Barr 500-211-2001,684,11
4c35c412-1503-80e4-dd99-5564d171a0fc,SEPB4A8B969E47E,FXE-FNLA2 303-217-9788,683,11
e398dd96-618d-479e-b1d5-998dd43c6021,SEP9C57AD038364,OLVA Melissa Moore 901-712-0021,683,11
8a785196-97fa-f611-7528-696aed0fdb6d,SEPC4B9CDD98DAF,IADR PM saa 703-661-2001,683,11
e7f5702c-2920-8b36-c82d-72865a512121,SEPC4B9CDD9A28E,ESPA Lobby Phone 1 215-218-5701,683,11
a079bdc1-dd4c-6961-9ac6-1ad0a930b2b4,SEP00A3D1F37C02,LKSA2 281-504-2677,683,11
0329b143-3e0c-27db-d447-06e7cea114c8,SEPB8A377526609,ORDR 773-601-7448,683,11
842ad078-59a5-bd26-c548-42a1a9f927a6,SEP74860B706DA0,WTCA RSPM Agent 212-843-2889,683,11
1ac21490-bafa-0b98-c591-9b0a510da5f6,SEP9C57ADF4D0B5,MSPR Warehouse Door 6-11 612-713-8662,683,11
6b7c7645-4b34-22c7-95b3-64a709771333,SEPD0EC35505722,,684,11
63cdd22a-efc3-4c52-081f-c2e90d3160d0,SEP00AF1F9C9E4D,RNORT Office 775-321-5694,683,11
566e82c2-2a95-642f-496e-edfa8482234d,SEP70C9C668EA83,FXE-DCLEG2 202-892-3965,683,11
2b077c5b-ae9b-27e6-0370-f74007f712d5,SEP38205644E49E,JAXR CSA -4,684,11
e7214498-0a21-3962-f88e-cf58edf1dfc9,SEPA4B2392FE8E8,AYEA (formely BEDWK),683,11
25857af2-284d-7dcf-748f-0a3fe67d38aa,SEPC4B9CDD9B6C9,,683,11
0cde7bc6-8a78-b3c9-c04f-aabf57c7f65f,SEPC4B9CDD9F017,CLES Gatekeeper 2 440-735-7204,683,11
8f7eaca0-d22f-5d1b-b263-96aefdd86b22,SEPB07D47D36238,LUFA �6022723392,684,11
1a1941b3-26f5-cfed-9562-80cf07630071,SEP00AF1F9D4E7A,DCAA CSA 202-636-0759,683,11
2855808c-0917-ba75-1a1c-da60c8d8fec5,SEP74860B71690F,COAA CSA 408-220-0748,683,11
d1ce4cfa-4ec8-d168-e67b-2951bd8913cc,SEP00AF1F9D585E,MHTRT Engineer 500-211-2053,683,11
07a9d698-d85c-01e8-3c88-5f88aa69d4d4,SEP6C13D5BEE35C,LKSA2 281-504-6042 William A. Sempe,683,11
f619db81-5668-9baa-f6fb-9f089c92e734,SEP74860B717D5D,TUSR Front Counter 500-211-2052,683,11
7f5480bc-fbe6-f5c2-99ed-fd8973695c7a,SEP00AF1F9D843D,LGAA TED 500-211-2072,683,11
f1e85654-c4a7-2563-b28c-4985429c7fb0,SEPC4B9CDB41DC8,BWIA BWI Dispatch 410-609-2812,684,11
5dce8e73-f385-8fb2-3572-e676ffebede8,SEPBCC493A503F5,GIFA Moe Van Liew CSA 5002112030,683,11
6d1ab6b0-5b85-7623-21aa-9d91d622bec9,SEPC4B9CDD99CB9,MWLA Tech 817-230-2121,683,11
e4296b44-0027-d8be-fe0a-a62d103df43d,SEP00DA552637F7,SMXA Debbie Perry 500-211-2053,683,11
a83aad47-a85a-5c82-9b8e-9812d2b6e2c1,SEP0C116723F782,7086494510-Marquita Young,683,11
fb50e300-2c69-1ab8-009e-5ffca966cafe,SEPB07D47D3DC8E,ORFA Nikkii Nikravesh 500-211-2052,684,11
a8626b76-fdec-77d6-df14-fa5e775bc189,SEP38ED18FECFC0,NZJA AGFS Mgr 949-788-8447,684,11
d27f72cd-a281-2a56-b6ee-6e18515456c5,SEPB07D47D2B284,MCIR Mark Fullerton 816-243-3468,684,11
c7a6ff7f-0ff3-5b29-4dd9-cc9200413558,SEPD0E0422E5697,FXE-MAIR 786-265-6700 Hwy Weight Cubes,683,11
9ec5f073-745c-57f2-297e-d828f138b221,SEPF0B2E58E63B4,FSMA Front Counter 500-211-2061,683,11
9d3a3339-4234-1cca-6783-fff878412d91,SEP38ED18FF6034,SMFVK Jo Davison 949-862-4547,684,11
c69360bd-1264-1e7f-2c90-d4f0fdde9266,SEPB07D47D2ABBA,TULR LAKESITA ASKEW 918-831-8096,684,11
c4bbd887-f167-922a-0fee-82e6d1e62c14,SEP00AF1F9DCA3F,LBBA Aircraft Mech 500-211-2017,683,11
979b1967-234a-cdb5-1db3-7029158d5c5a,SEPF87B204F0FA9,FXE-PNVA 704-587-7696,683,11
4c6c7230-3e88-c53f-7721-18b0881091cf,SEPBCD29577AD00,BURA,683,11
0f1a27a8-f27b-9065-d6ff-d2e8b070c10e,SEP74860B716637,LAXR TSR II 310-665-1012,683,11
c0797c45-4e46-0c52-408a-e4fb03708096,SEPB07D47D2624C,ABER Ramp Agent 2 500-211-2057,684,11
f8822baa-94ef-cf7f-b5f6-766aea3ab3f8,SEP0059DC635995,FXE-FIELD-A-FTYWK 404-248-6702,683,11
481ec352-58eb-0df8-bdc8-da1889ea2c06,SEPF0B2E58E629B,ATLR 4042092753,683,11
f0d3353a-4e9a-3846-03db-20a23e14ebc3,SEP0041D292785D,CPRR Training Room 500-211-2023,683,11
2c8ec704-cf16-3cee-26b5-07ca94c6551d,SEP0041D292B0AB,SFOR 650-616-5[89]XX,683,11
e21e25fe-90ac-d06c-da3c-0db3801700a1,SEPB8A3775265A4,ORDR 773-601-7345,683,11
c53887a3-c922-4706-edf5-69733abec5e7,SEPF0B2E58E1C07,WJFA Theresa Glazeir 500-211-2022,683,11
682f0e61-5dfa-3dc5-926e-cd2cc41d7486,SEP247E12BE0D7F,FXE-OBKS 847-385-9527,683,11
cd83832f-9b0d-da3a-e5d0-7d6bb58bee1d,SEPC4B9CDB5EF6A,ATWA Ops Manager 500-211-2058,684,11
226d99d9-00b7-af48-c8b2-96fd6600aff7,SEP5006AB09FE68,DPAA Carla 500-211-2003,684,11
1d05471b-de12-32e7-5686-795ffa7ca05a,SEPF0B2E58E1F04,VGTA Dispatch User 2 7029844532,683,11
c312e71d-2c06-f054-4e0f-553649e32ad7,SEPC4B9CDD9F573,ORLA CSA 2 407-893-7904,683,11
2bea4ec6-135b-2a6b-708e-221494f50981,SEP00DA55262CDF,XSDA  5002112050,683,11
7aedf944-4e64-c823-4373-14ce21399787,SEP9C57AD0384FE,GCCA Warehouse 500-211-2051,683,11
d8d0e5ad-28eb-7685-b139-b08c211a8d40,SEPB07D47D36BDE,GEGA Courier Desk 2 500-211-2027,684,11
a31638de-3a1a-7c40-76a0-fb807ae1d68f,SEPC4B9CDD9F412,GSPA Customer Svc 2 864-236-2216,683,11
f9ccfd13-4955-db17-7a95-1306403b8627,SEP689E0B296C07,SFOR 650-616-5[89]XX,683,11
267b079b-f443-8bcf-ba75-04952a567017,SEPE41F7B319AE7,FXE-ONTR 909-458-6133 TL 1,683,11
48963fbd-baae-b679-fce6-2e00a786241e,SEPC4B9CDD9A2EB,HOUA Security 713-842-4445,683,11
005a29df-8f37-8b77-c559-ccdbc0965c4b,SEP8C941FFF645A,,683,11
7f2b4462-51fc-4d16-a45f-12f4aff34703,SEPCC5A535FAC83,FXE-FIELD-A-EWRVK  9736823822,683,11
2477e035-812f-865c-248f-a3475305c253,SEP74860B710E90,WTCA Front Security 646-486-5001,683,11
5876dfd2-6343-3cd7-143c-664fd9bbad12,CSF3626810,305-908-1309 - Eleonora Hernandez (FTN),503,11
59a97fcf-6c0f-e3d9-5c51-bd8b7266450d,SEPB07D47D3741E,RZZA William Mitchell 919-877-3025,684,11
ab71098d-5448-89bc-1ad8-34bb710f40e9,SEPC4B9CDD9EEE5,PAOA Manny Hernandez CSA 650-463-4404,683,11
ff04618e-d635-c2ce-419d-42912835f19e,SEPBCC493A520E3,5002112217 - (JSDA),683,11
20988238-bbca-3e0d-9fee-707373494b55,SEP00DA55272066,ZSYA GENESIS OFFICE 500-211-2062,683,11
65160b33-c519-3274-8dab-adf0087e728c,SEP28AFFDD84961,SAFA-5054715686-Ricardo Cde Baca,683,11
e6003b7a-6005-3e8b-6fe7-64167d6036e6,SEP74860B7101E3,DTKRT Sr HR Rep 972-456-6675,683,11
eb3e72a4-06b7-14d6-2ea0-14ef4a4b268a,CIPC365495,OLVA OLVA Maranda Thomas  901-712-0136,30016,11
796d0e3b-55cd-f0e4-48c8-986c3db6fce7,SEP0041D292AF55,SYRA Front Counter / 315-452-5104,683,11
a9f9b929-63a0-35c7-929e-238ec0661830,SEPF87B2036BCA0,PYMA Ops Manager 508-884-3634,684,11
77c531fe-7222-0093-7619-748b4bad408e,SEP5006AB095F54,MTCA Bruce Benscoter 248-365-0357,684,11
de3cb239-38fb-bef4-15c7-359bf4770522,SEPB07D47D3653E,HIBA Manager 500-211-2055,684,11
9287104f-08a3-2073-1f6a-8e4b7dfdee56,SEP00DA55272D86,PHXR Other 602-392-7234,683,11
cada421e-26fe-96d4-880d-b8ed57210274,SEPB07D47D36F5E,OBKA Lisa 500-211-2091,684,11
8f729ccc-b7c7-1567-6746-8c2e335ece46,CSF3708947,305-908-1289 - Ayssel Baltodano  (FTN),503,11
642a1f9f-1e84-1f13-7e99-a999c3a49ac8,SEP00AF1F9DDAD0,MRYA 500-211-2004,683,11
62a74b30-0e42-b476-e993-2eadc4c251d5,SEPC4B9CDD9B701,FXE-FIELD-A 310-846-3400,683,11
4a20d0ab-b26d-efb4-0b67-5fb3d31bc30e,SEP9C57AD030BDB,SATR CSA Office 1 5002112077,683,11
1ccfe871-930d-d9ca-970e-10c8cbe4da42,SEP8C941F2A2D1F,,683,11
e877d09d-323c-1848-f843-5b67d328ac49,SEPB07D47D2AE70,FXG-1638 Paul Stoner  500-211-2001,684,11
0c2d8de7-5994-9c4c-09e4-9fe5ff5cb0c3,SEP74860B716768,LAXR Flight Ops Mgr 310-348-2102,683,11
7c9092a2-8c71-8ca1-4f12-77a77e0100c1,SEPB07D47D2B8BA,DENR Dispatch 303-342-5236,684,11
9759fb93-046c-beb5-8a4c-33bb92855b61,SEP74860B71918B,LFIA Service Agent 804-730-5105,683,11
17b50f94-59f1-08f9-3619-37e4f4128ac0,SEPB07D47D362F8,ABIA Ops Manager 1 500-211-2050,684,11
3729cb00-dce2-7d3d-4020-6931a37d893d,SEPA0554FDBA7CC,MTHA Steve Saunders 500-211-2001,684,11
9b7c122b-01f6-c370-8b11-e3f23afc165b,SEP00AF1F9DC995,TIKA-Gatekeeper 500-211-2057,683,11
a0dcc198-9ba7-7da5-ebdc-a750b9602847,SEP28AFFDCB4808,ORDR 773-601-7372,683,11
f2083773-2771-f8f0-9ff8-6e382bba4889,SEPBCC4935005E4,RNOR Ramp Office 2,684,11
449b85be-6fd8-2dcf-c545-c95e85a31da5,SEP689E0B296B8A,DALA,683,11
f5b6f2c8-9e3e-e163-921a-9b1b4c791963,SEPC4B9CDD92FB3,BFIA Courier check in 206-332-7221,683,11
06d38bda-3580-9ca7-f2f6-af4e0e40252a,SEP2C73A02CEE58,OCFA Kat Barker 5002112054,684,11
6f600d4a-d7a3-1731-7a71-88180b313ef5,SEPF87B2036B68A,5002112018 -  SFMA  8851,684,11
92974337-7a04-97fa-c6a2-0705ee410571,SEP9C57ADF467D8,JFKR Copy Room 718-995-3141,683,11
4f0f3c13-e715-33bf-6078-f8b9d5657745,SEPA0554FDB97B4,JFKR Nanette Malebranche 718-995-4665,684,11
a01f3e4c-a6e4-eeb2-e492-49e81b643923,SEP00CCFC4B80D3,OAKRT 510-383-3737,683,11
f2865d6e-2533-cee2-9777-a4169a524274,SEP5006AB08E652,PHLRT Manager 215-937-4707,684,11
4b58b41d-2929-c8b5-9a89-df44996af65c,SEP00DA55272CAE,HPNA Front Counter 5002112014,683,11
f3526f50-d5d8-2a25-4e67-67aa09d6b85d,SEP74AD98C5B7F9,JFKR- 7189955387,683,11
17219a85-44df-556a-bef1-122c8ac175a9,SEPBCD295821F1F,BURA,683,11
804b39b6-9543-372f-957f-ca9de70b032a,SEP00AF1F9DE39D,APAA doc sort,683,11
b8482d06-4a4e-e555-ce03-9c7e4d48f612,SEP00C1B13E312A,FXE-FIELD-A-CHSA 843-996-3149,683,11
30755a56-ed66-1f9e-06c3-de99d0b3a0ee,SEP40A6E853A05F,GJTA,683,11
04c8dc8a-2d0c-6920-416c-33b4da23413a,SEPB07D47D372B8,CVGRT,684,11
67d6c865-1486-9c33-2c41-ce15f16791b5,SEP9C57AD03202E,HRLA Ramp Office 1 5002112051,683,11
a6ce241b-a7cc-d6bd-5d2f-86b1d2b5ad5a,SEP00DA55272A16,FXG 1627 P and D Manager 217-585-2507,683,11
e29bc8f5-8b6f-aa83-84bd-9000ee13771e,SEPB07D47D3DB82,5002112233 - Paul (BLMA),684,11
be01c8ad-fe96-6e40-ab5c-5a0ac3bd57ff,SEPC4B9CDB4F60C,HBYA Ops Manager 500-211-2062,684,11
1ed218e1-2178-539d-8a61-7b33dc73d49a,SEP00AF1F9D8A8B,ORDRT DG office Main 7736015949,683,11
cd234fba-f843-4a93-9d84-f03d87251685,SEP9C57AD128592,FXE-LAXRC 424-310-3840,684,11
101fb27c-3ead-d865-a6ff-32bd874327d5,SEPDCEB94BD4F4F,FTYA General Office 404-362-5373,683,11
4de02f61-d626-ce61-9480-6b756ad1a762,SEP0041D2F81F52,DPAA Sharon 500-211-2006,684,11
0708ca5f-de57-3535-9ca2-53b466043f84,SEP74860B7026FD,LAXR Project Engineer 310-3482216,683,11
246643c2-e10f-192b-09ab-5318a1ada657,SEPB07D47D36C92,ABQR Henry Manager 500-211-2050,684,11
550e73d2-390f-f806-f45d-e1f5efd7b4d6,SEPF0B2E58FA953,ORFA SAA Desk 500-211-2024,683,11
83cabbd6-223f-7f84-0cbb-0fd00a497656,SEP0059DC63A3FD,FXE-FIELD-A-FTYWK 404-248-6774,683,11
12f1519f-cde6-5ece-faab-74864b89e5d1,SEPC4B9CDB46CE4,FXE-FLLRT-HWOA 954-945-3861,684,11
f148e7c1-e192-c203-0688-e1408401eb1f,SEP382056446372,CPRA Cheryl Carey 500-211-2000,684,11
9638e33b-9dc9-c4a2-8c2b-3af12d51ce6b,SEPC4B9CDD82D3D,GYYA Warehouse 7 312-867-5842,683,11
573202f7-c706-5bcb-b14e-c7e07579707b,SEP042AE2079DE0,MHTR CSA 500-211-2054,684,11
30721dc9-c185-0308-1280-c1042a8d2f7d,SEPC4B9CDD9C640,CTXA Customer Service Agent 500-211-2055,683,11
5d4ff79e-7d70-0a87-e444-251d2c5bede0,SEPC4B9CDD99E40,SATS Tech room 500-211-2065,683,11
f1ffe37e-4eb0-227d-ff72-0f02491e2032,SEP6C13D5B31D34,,683,11
f5bfa867-552e-1e16-ecb6-a2e129a2017a,SEP6C13D5C083FF,,683,11
95a099ad-3d4d-9e80-a63f-d5f499819bd9,SEP00CCFC4A06D4,APGA Warehouse 1 500-211-2045,683,11
3629afba-75bb-621c-41e7-a692a6aa491f,SEPDCCEC1F1B4D8,AOOA Inside Breakroom 500-211-2005,683,11
e8081574-9cf8-38e3-4da8-72148c3a64e0,SEPDCCEC1F1E237,SEAR Jare Shanahan 206-248-7815,683,11
568d9489-b760-abeb-36fb-1a008eb298d6,SEPDCCEC1F1E7BE,MSPR Postal Deck 612-713-8654,683,11
d50a6d83-b2c6-322a-597b-15edd0ae4f45,SEP8C941F2A3053,,683,11
35b06638-3008-f43f-54be-f655bc097beb,SEPBCC493A5007A,COSR Aircraft Maint 1 500-211-2025,683,11
4098d5d8-b308-4abc-9c71-29e61c0cd725,SEP00AF1F9D2E92,LBBA Ramp 1 500-211-2052,683,11
8b9040e1-09f7-854b-346a-27cba4dff552,SEPC4B9CDD9CC11,BCBA CSA 703-709-2617,683,11
9a691862-bb31-d9d7-804a-5d6430866453,SEP000832A9FE16,FXE-FIELD-A-LAXRT 310-735-0812,683,11
1c2b8c7d-d38e-1176-5e12-e2189fa433b1,SEPCC70ED5682DE,ONTR Ramp Office 3 / 909-458-6551,683,11
ad5397b7-9681-7f1a-7d17-e5f668865ed1,SEP00C1B1E42852,FXE-FIELD-A-CHSA 843-996-3175,684,11
22d32285-9111-116d-aa6b-226bbe302723,SEPC4B9CDD9F4AC,CLEA CSA Area 500-211-2060,683,11
82805762-279a-7760-6c87-272fdb28fa2d,SEPB07D47D3714A,PVUA 500-211-2062,684,11
607a692b-a065-57dc-7e58-2e8227c3bb12,SEPDCCEC1F136B2,HBGA Nicky Hudson 500-211-2055,683,11
75e83e18-073d-d357-b5f4-0ce87b823752,SEPBCD295588777,,683,11
6f996645-8512-6893-10f8-d9e9a8cd1e84,SEPF0B2E58E25EE,DROA Warehouse 2 500-211-2041,683,11
acd6347c-77b6-d547-6de2-dd173e4b6fc2,SEP00DA55272423,VNYA Mechanic 1 Room 818-920-4250,683,11
e43ca71a-9b19-5118-2c44-44ea416717d9,SEPB4A8B968BF51,JRAA Jinethe Garcia 212-290-6633,683,11
406f18b3-2981-01f9-4000-dae9beb42d9e,SEP00AF1F9D6316,ILGA Front 302-327-3502,683,11
1f405c84-ab83-59a6-da70-4036d66d44e1,SEP0027901D5296,SBDR Mgr 3 9095013675,683,11
b03dc82e-6c4d-5fb7-72c4-d1ed3029eab7,SEPF87B2036BB6E,HIOA Cust Service 503-670-4517,684,11
9edf8380-f0a2-956a-ac42-a1a5cbd67659,SEPC4B9CDD998C3,ISPA Project Engineer 631-580-4937,683,11
3648f728-8ee0-6992-10c1-dc5d5cd33857,SEP00AF1F9DCEC5,ILGA Front 302-327-3503,683,11
9308ad49-35c3-fa95-84be-fe48351902e7,SEP00DA552717BF,MPBA Break room 305-960-3351,683,11
c22674f6-8b7a-15f6-b966-01d297bc908c,SEP00DA5526326A,WRIA Gate Keeper 500-211-2067,683,11
f3d58120-a87d-9047-e16b-5789b203eb31,SEP6C13D5B31D1F,PSPA,683,11
7d3da9ef-ed4e-ca33-fc30-ba5c531fdd40,SEPDCEB94BD4AD8,MKGA Office 9 500-211-2058,683,11
f3861840-90de-7069-0468-529580533f32,SEP9C57AD024786,AOOA Outside Breakroom 500-211-2004,683,11
3470c4eb-9cff-5b9c-8b59-9b6c6781887d,SEP00AF1F9D5F0D,MSNA CSA 500-211-2053,683,11
6246d2a1-7c25-3652-bed6-fbaf46bebec6,SEP74860B71214F,WTCA Dispatcher 212-843-2567,683,11
023aaddd-1c92-9314-aa71-3cd773230d3d,SEP5006AB09714C,MPBA CeCe Sr Mgr 305-960-3354,684,11
2b135dc6-2a13-22af-96ab-1b741fa879ad,SEP689E0B29C222,310-348-1043,683,11
13fc6494-0053-a3a1-ff16-9287f12edc85,SEPC4B9CDB4EFA6,GMVA Ops Manager 201-828-9726,684,11
1ae21d2f-6954-f5c3-21ee-88809176f809,SEPD0EC35C0E5FE,FXE-AUSA 512-726-6747,683,11
7abd5c80-a6e5-4567-d150-ba71f3926a8d,SEP40A6E8539DDB,CHAA,683,11
8d4528d7-8ccf-2abb-5ca3-d3289013659c,SEPF0B2E58E265B,FTYA Steve Sattinger 404-362-5381,683,11
d861542d-e6fc-e628-54e3-e164c81c43eb,SEPF0B2E58E2100,IKKA Front Desk 500-211-2021,683,11
1b25aab8-77f6-5f9c-5b65-86b60320f3bf,SEPCC7F7504FF9E,FXE-CLLA 979-599-5664 VMX Service Bay,683,11
a4327a09-7117-c3a4-15c4-04365978f687,SEPD47798F670F5,ALNA-500-211-2124-Regina Fite,683,11
e221ec46-6dac-b21e-3d7a-b4efab471506,SEP00DA552637AA,TNTA Shop 2 500-211-2071,683,11
134cf16c-7885-4178-ecb2-b5ba4c1cfdfa,SEP9C57AD0247DD,PSPA,683,11
e5533286-6fa2-f0d2-76fa-6871124c612c,SEPC4B9CDB58C22,FXE-FIELD-A 310-846-3419,684,11
b07b6f8a-8910-95bf-1020-7bd09c29268f,SEP00AF1F9CED9D,SBYA Customer Service 500-211-2062,683,11
b944e7ba-9377-c60c-19ee-d1ab63e37a97,SEPC4B9CDD9CC0E,IAHR Truck Dispatch 3 281-230-5119,683,11
94dd77bb-f497-05a4-0ef7-81c66515fa9e,SEP00AF1F9D4AAE,ORDRT import/export 7736015917,683,11
4ea1b538-a213-ff86-e821-208d3d7e471c,SEP00CCFC4A0F86,MKCA CSA 816-245-2909,683,11
a1765abb-72cd-8f97-9394-5c96dfe46f39,SEPBCC493504B30,7862656544-Rosaly Lopez,684,11
7884888e-8e35-7328-fe51-be70fa21fc1a,SEP28AFFDCB4F05,ORDR 773-894-6416,683,11
f17dcbcb-3e06-a924-7e95-6c6460b29307,SEP00DA5526F741,FNTA Open Desk 810-720-5619,683,11
d07a9fe8-88fb-8650-528f-203c735ede49,SEP00AF1F9D6170,BMLA File Room 603-627-0211,683,11
e3ef14d6-00c6-83e4-2928-be4b2748e93e,SEPD47798F6714E,FXE-FIELD-A-LAXRT  310-735-0846,683,11
ee791d01-6cd3-1f1b-ce57-1fc0eae057cb,SEPBCC493A50BAD,LGBA Nicola Crosby 500-211-2021,683,11
afd5ed02-b4ac-36ab-1579-2717035a273a,SEP00DA552722CA,INDRT SAA 317-821-2724,683,11
e51ba4cd-333d-1475-a1a8-c90cc6139aa5,SEP74860B71688D,LCKR AirCraft Office 614-492-6216,683,11
a7fc38bd-59d3-3b0e-1546-73e9abd07e4c,SEP00A289FA55C0,TUSA -5205124520 - James Ware,684,11
c7e76303-1a40-6219-c498-1378fae854a8,SEPC4B9CDD9F3F4,IADR Aircraft Mnt. 1 703-661-2068,683,11
c86fd096-33e8-fe3d-8e3d-3c02e1a13aa0,SEPB4A8B96939B9,RCVA PRR OLB CallBack Cage 662-892-3795,683,11
6d5130ca-67b1-2b57-3a7b-20338c87bcae,SEP6C13D5B32A81,,683,11
6bee6e02-0249-014b-075e-4ba4d0638d02,SEP6C13D5B32137,,683,11
2f325408-2a0d-6394-e1db-bbc2418056ad,SEPB07D47D2B242,LAXRT Jennifer Livingston 310-537-8150,684,11
301a9329-9e70-ea39-0804-a8837e98665e,SEPC4B9CDB46C5E,Jason Hernandez  954-945-3863,684,11
00a5ce14-6075-ed55-c274-2e8a4a739de9,SEPF0B2E58FAB36,,683,11
3d5c1ac8-1f91-8a7e-e4ea-ae9099a49655,SEPBCC493509382,RAPA OPS  500-211-2051,684,11
5f0f482f-8ddc-0cec-3a6d-482140160351,SEP00AF1F9D80C8,LFIA Service Assurance Leader 804-730-5120,683,11
9adbb572-8ebf-9c30-fb64-972110720da2,SEPCC79D7AA53C4,612-713-8685,684,11
3522657c-5b57-31ce-0202-0f50ae176898,SEPF0B2E58FA9E6,ORFA Conference Room 500-211-2002,683,11
5a6738a5-ddc4-8286-fc91-2eb5f270cfe4,SEPB07D47D3156A,OGDA 385-405-7290,684,11
5a40e0ea-a653-4c7f-0ea8-83e4bde75c05,SEP6C13D5B31B54,,683,11
e0daafc0-5932-924f-2658-2d9b429371e5,SEP00DA552702DA,WRIA Kevin Okeefe 500-211-2066,683,11
fbbaa5e7-ad3f-542d-fcf6-ea07183d13a5,SEP00CCFC4A4AC6,CVAA Courier Room 500-211-2058,683,11
56ddbb5f-82e7-8f8e-5e36-002b5fb6a7ec,SEPB07D47D2A880,IAHRT Attila Kocsardy 281-986-3752,684,11
bcfaed90-ef97-c780-6a6a-a6f5c5fe8517,SEP00AF1F9D41F1,Nina Jones 202-636-0770,683,11
efd6e421-3e9d-59be-f609-41d3b6a21eda,SEP00AF1F9D4F06,DCAA CSA 202-636-0764,683,11
27143289-a5f1-dabd-00a0-e371a379cb2d,SEP00AF1F9D8994,TSSA SVC. Agent 500-211-2059,683,11
da387748-509b-d344-3163-0edfbd002e7e,SEP74860B7036AE,COAA Open Office 408-220-0739,683,11
8285b5f0-1d6b-e9bf-8657-08219ac4885e,SEP0041D2F9514C,GAO Paul McKernan - 202-218-3817 d091 (s3p25),684,11
a1abbb97-a058-56bc-478d-942d1fa489ae,SEP6C13D5B32AF2,,683,11
dc311835-5d9b-959e-ff7f-df5f4ea87b44,SEP0041D2F99F68,SEGA Senior Manager 215-540-8728,684,11
8a281bb5-d7c1-be55-c2f9-856e239c8878,SEP00AF1F9D6B85,CAKA DG area 500-211-2053,683,11
7305b836-d232-e8c0-694f-c6d1dfcfbd06,SEPC4B9CDD828FF,NIPA CSA - 5 904-695-8018,683,11
026143e3-083e-a6f0-dcdd-01c4424de055,SEP00DA55277676,SBPA Front Counter 500-211-2057,683,11
6ffe1307-34fb-9a46-8b53-bd762aa64a2e,SEP00AF1F9D9382,MKCA Vehicle Maintenance 816-245-2979,683,11
1e6ba311-b292-9c9d-06a4-8d8a123dbfca,SEPC4B9CDD9B2B8,NDVA Customer Service 703-823-7001,683,11
ef73c61e-3ef4-5764-d512-a947d7867351,SEPC4B9CDD9832F,FXE-FIELD-A-LFTR 337-417-8753,683,11
33da9578-bb8a-e1e5-f612-2c2126c4e5f9,SEP6C13D5B31646,LASR,683,11
07d298f6-5c2f-3ef1-ddf7-2f8102b596bc,SEPD47798F670D8,ALNA 500-211-2031-Ops's Admin,683,11
6820aadc-b569-6cea-6b19-fa884615fd06,SEP3820564565BE,BGMA alan-dispatch,684,11
14b12033-729a-19ac-dfb8-adffe418a8be,SEPF0B2E58E242B,DENR Maint. Tech 303-342-5218,683,11
e41e5360-ace1-0ae9-5823-e13d768b5178,SEP00CCFC4A4B76,TSSA First Fl Care Taker 500-211-2050,683,11
f7f5a8e3-64a6-9f89-d561-b0a884397258,SEPB07D47D3DAE8,COUA Katrece Newton 500-211-2050,684,11
da75ead9-e1d0-b945-5e67-6198fa1cbd84,SEP6C13D5B321A0,SGUA,683,11
5c94ec0d-32bf-fdf9-cb8c-f60b3b0d4b34,SEPBCC493500C2A,SATR Sr Man Admin 5002112000,684,11
9fe53c3b-8692-c126-de96-85f9c324b1bb,SEPC4B9CDD9B017,MWLA Agent 4 817-230-2117,683,11
43f5b1fe-fa59-2de9-2855-b6566c5bdd82,SEP94D4692ADFD2,FXE-FIELD-A-LFTR 337-417-8755,683,11
1bb4dafb-58ca-ab4c-5b6e-d8a53cd6e82e,SEP74860B713D09,DTKRT Engineer 972-456-6660,683,11
199ecd5f-498f-3bb8-ff53-6aaf6841d6f3,SEP28AFFDD83F02,,683,11
855a650c-4d38-2ef6-d94e-10a44850f094,SEP00DA55277927,TLHA network room 500-211-2060,683,11
f55910a4-bc16-9183-cbfa-aa64f8c3bf70,SEP9C57ADF5DB14,SEAR Equipment issue 206-248-7822,683,11
fc6c6256-a1a7-4d40-b3fa-00ccae535d04,SEP5006AB087030,VISA Senior Office 500-211-2053,684,11
de6e05e0-0bfd-0e9c-3053-df7a8108202a,SEP9C57ADF4671B,MSYR Warehouse OHDA 12 504-472-3341,683,11
42ec9a6c-3042-0065-290e-727c7360251b,SEP00DA55272853,DETRT Open Desk 734-955-8169,683,11
fdc939c2-2604-f025-6ce2-0e0cbcd8c69c,SEPC4B9CDD9AF9A,FXE-FIELD-A-CHSA 843-996-3173,683,11
6329ee12-3956-6767-7594-9e9c66e0eedb,SEPCC5A535F5F45,RZZA Csa 919-877-3057,683,11
bff565d9-5aa3-1d5f-9347-c889a0c569b0,SEP9C57ADF4CEF8,RBGA DG 500-211-2057,683,11
2eaab0a9-2798-6b71-41d1-50cecb8d41fd,SEP00AF1F9D4315,FXE-FIELD-A-FTYWK 404-248-6775,683,11
f9093617-9d34-4623-d468-9c015b2360a1,SEPF0B2E58E1EF5,AZOA Vehicle 269-321-2551,683,11
10347cef-2d81-5894-68d2-f069837b965c,SEPC4B9CDD8F488,CDWA Vehicle Maintenance 908-206-2444,683,11
d47ca25b-46e1-9d65-3953-ad4fc3229dc3,SEP28AFFDCB4866,ORDR 773-894-6572,683,11
5e7394d7-e6b7-01c2-389d-dd714ca4cc7b,SEP0041D2F97B3A,BFIA Dispatcher 206-332-7303,684,11
d2c69a86-5266-c8a8-51fe-d2d31390ab74,SEPF0B2E58FA9D4,MKGA Office  500-211-2059,683,11
32c17a03-e883-a90c-fe13-4c75cf45d38c,SEPB4A8B9925392,LCKR Ops. Manager 614-492-6116,684,11
2ed87984-7140-1b6e-2a77-99e4550a24e8,SEP9C57AD038ADB,OLVA 2nd floor breakroom 901-712-0107,683,11
17f7a3ea-d59f-e2be-f446-3758007e7d0f,SEP0041D2F96EF8,ALBR Ops Mgr 500-211-2058,684,11
a8a6a038-e12e-a5d8-2c99-fdd4ded25858,SEP0041D2F8258A,DNEA Omar Seikllay 500-211-2063,684,11
10d69c04-5963-3abd-e286-49f6b83147c7,SEP74860B716F22,SMFA End of Belt Desk 500-211-2017,683,11
c6202c6f-5a1e-2177-7273-b767f873a593,CSF102190,FXE PDXRT 503-205-5274,503,11
342d0504-7f2e-7328-9e92-a6df7ef795cf,SEP0041D2F9ED9E,MFEA Senior Manager 500-211-2000,684,11
93ccbf24-7bc0-96aa-99eb-83e8ecca11fb,SEP0041D2F99C72,ALBA Mgr 518-270-7693,684,11
8e46b1df-7d98-aa20-b9ed-30094951020d,SEPA0554FDBF922,MIA Sr Manager 786-265-6647,684,11
3228b529-b5f7-2e0d-0c7b-1f6fe76d08a6,SEPF0B2E58E247C,LRDA BREAK ROOM 500-211-2004,683,11
865cb8f0-b27f-1585-4aab-8aeac0ca0fde,SEP74860B7195E6,TUSR AC MX 500-211-2056,683,11
91eab34b-691d-7421-2617-6eb198c636a3,SEPD4ADBDCB621D,FXE-RIVA 909-522-3109,683,11
e849a5ec-94cc-450f-5a25-65bea23a3b2b,SEP0041D2F99730,BWIVM 500-211-2029,684,11
ff521010-e119-b6c2-fdd5-b384c1c27fdf,CSF302900,FXE LITA 500-211-2053,503,11
3470890e-a578-4feb-2237-debc32b5f121,SEP00AF1F9D4127,4064548301-Cory LaBrie,683,11
f0f5f57d-be29-ff3f-ec77-d62449b87aca,SEPB07D47D3686A,BNHA Senior Manager 500-211-2000,684,11
3175fa05-920d-59e0-38a2-b690e38f109c,SEP0041D2931950,SMFVK 949-862-4605,683,11
af4ce535-a5ff-5f33-9bc6-f799d62454c8,SEP9C57ADF4D115,CVGA Gate Keeper 500-211-2014,683,11
36bc8d49-bbbd-30ff-98f9-801222476176,SEP74860B71AD4F,LAXR Spill Clean-Up Agent 310-348-2122,683,11
f6035f2c-22fd-b34c-d11a-69a9c9d6310a,SEP0027902B2870,DTWA Ops Manager 500-211-2065,684,11
13c9e5c8-9c2b-6075-3813-b987eca0290c,SEP00AF1F9CE4BE,NBUA Agent 500-211-2069,683,11
0277e9a5-4245-cfe7-be83-5c50d63d4bdd,SEPC4B9CDD9D79E,BWIR Sr IDA 500-211-2064,683,11
71dc6c6b-dfd4-7624-5067-7879773fbd06,SEP9C57AD025968,TULR VEH MAINTENANCE 918-831-8027,683,11
6443b5b7-3430-8833-d4b6-c2fd6b0f987e,SEPC4B9CDD82D42,NDVA Customer Service 703-823-7017,683,11
fdb94b50-4132-ed97-02d7-3fad033275e5,SEPB07D47D3DA52,5002112209 - (BTVA),684,11
fb89c152-a8dc-5135-6e5d-0b220e9ec17f,SEPA03D6EDD36CE,FXE-Field-A SLCA 385-285-3514 Keaton DeWolf,684,11
e6fc7dc9-6279-2d73-4e2e-93fdf8ede7fc,SEPD47798E1D17E,COSDC,684,11
842c7ead-892a-58c3-f7ed-84fa56f3f6fa,SEP38205619601A,GJTA,683,11
6bf46b8f-4a60-932b-6fbc-a4db5197393b,SEPBCC493A50488,SFOE Front Counter 2 5002112051,683,11
bac82911-4f9f-64d9-9b5b-2864e6f015d3,SEPB07D47D2B93A,HVNA Adam Tarver 5002112067,684,11
b1b1cb98-0728-a2c4-4513-5fee0cdd4616,SEP00AF1F9D4AF4,MSCA CSA 480-753-4014,683,11
d07897a7-5d27-06bf-5712-8da7236ccfa7,SEPF0B2E58FABA3,CVGRT,683,11
542731fb-b078-9f98-3c8d-e6fed4f1b4a8,CSF306003,FXE BURA 818-759-3779,503,11
33c1c706-1587-a123-a741-e20379e789a5,SEP2C31246DFDF0,BWIA APG Dispatch 410-609-2814,684,11
7f7edf5d-46fb-6b73-433a-cafb43b5ee02,SEP74860B70813E,LAXR IDF2A 310-665-4841,683,11
5eb07afc-bb27-664a-2266-7950af6ef016,SEPF0B2E58F6745,OXRA Sue Southerland 5002112080,683,11
aa9cd911-d3ae-53c0-ffcd-9ac6ecef6524,SEP9C57ADF49D63,RAPA Warehouse 1 500-211-2040,683,11
c90047dd-fa19-b00c-b809-36ee60f4978e,SEP00DA55277947,Esli Pena 818-920-4208,683,11
34c56e02-01f2-6440-1cd0-12d6c96da89f,SEPF0B2E58E20C5,ORFA Don White 500-211-2032,683,11
cd738dc7-a351-fcf6-5223-5fd504b0480d,SEP2C31246ACF84,PBIR,683,11
3b2d1889-8f41-aaac-1319-62d2901abac8,SEPC4B9CDD98D75,FXE-FIELD-A-CHSA 843-996-3164,683,11
db06c6cc-8457-9645-62fc-4178a024d7a2,SEPF0B2E58E1976,ATLR 404-209-2831,683,11
f7e675aa-f70e-cd7e-45fa-3fc6da220412,SEP44B6BED637CA,LASR,683,11
fb7e080a-be8c-cd99-2fe9-fe9a17431bfa,SEP8C941FFF492E,,683,11
20bcaf25-b97c-3c77-0df6-552f556072fb,SEP00DA552706F7,FPRA Warehouse 500-211-2040,683,11
476f4591-76ba-6ebd-c133-1cb1c40c5b02,SEP00B8B33A0B1B,00B8B33A0B1B,683,11
9cafef17-f700-89d9-8aa6-a80a34b796e9,SEP28AFFDCB4832,ORDR 773-601-7390,683,11
61693d2b-0430-9f7b-5b78-6547abc0641d,SEPDCCEC1F1E127,SEAR Ed Merced 206-248-7829,683,11
457e615d-3cf1-e051-637f-9663b587f83a,SEPB07D47D31486,CVGRT,684,11
e1e5a86b-a650-5ee5-e1c1-d18e6aae069b,SEP00AF1F9D43F0,MSCA CSA 480-753-4013,683,11
98493e46-dee1-dd7d-9536-2140954f933f,SEPCC7F7504FF8E,FXE-CLLA 979-599-5663 Breakroom,683,11
22fcb292-4372-f66f-84c2-8fac77ab9fd0,SEP00AF1F9C9EDD,NOHA Whrehouse East 847-839-3704,683,11
7e69e1e1-d183-98a0-5f38-826e1c92998b,SEP00DA55270B06,MGCA Reception 500-211-2054,683,11
db3de80c-ae7c-d71b-db7f-02c8d9efe35d,SEPC4B9CDD8B648,ORLA Dock Cage 407-893-7918,683,11
50dd3f21-b606-0280-0901-1403bc05f086,SEPBCC49350218C,JFKR HTOA Paul Shea 718-995-4696,684,11
056ffa2e-576e-9b0e-b3dd-138ea66d2d4a,SEP00AF1F9D1D4C,TYSR Ramp Office 865-380-8042,683,11
9beb3617-5102-438f-bd61-cca5507d49e1,SEPCC5A535F5DE3,APVA,683,11
b3f96308-4851-9a86-ec38-2475b2537071,SEP00AF1F9D4D0D,ALBA Chk in 518-270-8552,683,11
bef8f340-a681-9dcd-ce14-65c683435828,SEP9C57ADF43752,OLVA Front Office 2 901-712-0016,683,11
bbbe0f48-8e6e-2222-13d5-31aa6a85e017,SEP0027901D00EB,SBDR Mgr 4 9095013676,683,11
1f1e7e00-9d09-a74d-9a42-58eb9f987643,SEPF0B2E58E1BA8,IKKA Cals Warehouse 500-211-2035,683,11
ef28dd6f-b756-9275-afe4-0c13f5f022da,SEP00AF1F9D2447,DNEA Jessie Townsend 500-211-2050,683,11
9cfc5936-0682-a822-c1df-1c45c0bc06eb,SEPC4B9CDB5F69C,MSCA Dispatch 480-753-4036,684,11
d69e5535-687c-785f-b17b-6482972b6070,SEP00778DAC3AF2,AYEA (formerly BEDWK),684,11
b7c24e1b-4138-b9f0-e0c5-ac4a84e68128,SEP045FB900349A,JRAA 212-290-6649,683,11
01ececdf-2da7-3aa1-fc22-9b198135b197,SEPB4A8B969EC14,SCFA Caretake,683,11
89ecc834-4836-93f0-0119-0c39a8f06e39,SEPF0B2E58FAAA5,ABER Checkin Room 500-211-2063,683,11
9e471f5e-005a-0686-01df-b84bd1ea1a40,SEP382056445C9E,BHMA Charles Cooper 205-956-7721,684,11
ae630cc2-77b5-a0da-da74-8b9bbecbe54b,CSF37626,FXE MSYA 504-731-6567,503,11
06a46ff8-3ec8-6ef6-d3f5-77f171fa9cc2,SEP00DA55270210,NZJA CSA 949-788-8421,683,11
df214aee-adb2-6450-5733-3d95883b6254,SEP00C1B13F3146,FXE-Field-A-APAHQ 303-740-5613,683,11
b278ec40-295f-32ef-c59c-ded5fc0eb2c4,SEP00AF1F9D8490,JSLA PM SAA 201-507-3498,683,11
3ead7dcc-6dcb-e5b3-1250-caa8b67e3d9a,SEPDCCEC1F1DE46,HTSA Courier 500-211-2053,683,11
ac1815aa-3c40-7dac-b882-d1f09d9d0d20,SEPE41F7B9EC7C8,FXE-ONTR 909-458-6193 Dawn Kelly,683,11
aeed623e-425c-8572-b9ea-0969c193129e,SEP9C57ADF59E7E,CMHA CSA 1 500-211-2050,683,11
18a95586-f4cc-d7c0-0500-69619a7efd69,SEP2C31246DFEA2,BWIA ADW Dispatcher 410-609-2820,684,11
7fde7644-a0e6-193c-6e46-9799f081a8d8,SEPF0B2E58E2319,LITRT Office 1 500-211-2050,683,11
7dd5c321-12a8-59a1-7a98-3f7bbdd927cc,SEP00DA55276F30,TOAA Reba Bransford 500-211-2066,683,11
533fba2c-5095-d8df-d96a-15a23aca6a78,SEP28AFFDCB4E89,ORDR 773-894-6543,683,11
39a5bcf0-ec9b-7a55-14fc-2fff1409625d,SEPCC7F7504E8FC,CIDR Vehicle Maintenance 319-846-5441,683,11
e7258597-51de-8e97-d397-73e98e406b5e,SEPC0F87F7546A2,2819691846 - Francis Singleton,683,11
2e925932-9ad1-a91e-86a2-031bbc5b7fcc,SEP0C116723F3FC,SBNA Drew Williams 574-236-7401,683,11
046634f8-7890-6cfd-e1bc-b6a4e4aa6697,SEP00AF1F9DD06C,SMFRT CSA 500-211-2063,683,11
180c38f6-17f6-be8b-2f92-70d60cc49ec4,SEPC4B9CDB53C2E,2122593324-Luis Rodriguez,684,11
a3eab026-f076-dd04-58af-d06dceec407f,SEP38ED18FF777A,SEAR Ramp Agents 206-248-8020,684,11
7fa7147e-9da9-a343-bb4d-f2de0ecbc9a4,SEP00DA55275833,FULA Engineering 500-211-2059,683,11
f75e0981-9777-1bc6-031e-12869423423b,SEP9C57AD03E1A3,SMFR GSC Warehouse 5002112013,683,11
9d8ed324-fa26-2933-53ee-7e0f49350662,SEPDCCEC115FF36,TULR DEBBIE PEARMAN 918-831-8063,683,11
09f01951-bce8-2b87-0bde-ccc57d3f5978,SEPBCC493A4FB36,QFEA Lobby 500-211-2071,683,11
fa56a460-b923-42f6-4543-08cab685766f,SEPF0B2E58E272A,,683,11
be7007ad-6916-970d-4057-f518f57de8a2,SEPCC7F7504FF0F,FXE-CLLA 979-599-5664 VMX Service Bay,683,11
8aa7e820-7828-c05a-6133-8ae9c387fe27,SEPC4B9CDD8E997,OSUA Service Agent 614-470-3890,683,11
e8d1f37d-d173-0176-ab0e-8a6596bbce8d,SEP5486BCAE8DDB,ONTA 909-605-8538,683,11
ce179e01-1683-5c76-b56f-23cf036e1159,SEPC4B9CDB50ADE,BEDA Manager 500-211-2069,684,11
edab8d0c-23c5-c9f2-1639-b2e70c03a872,SEP00A3D1F2FC2C,TRIA CSA 500-211-2015,683,11
59bb5891-8f85-ad31-4fa9-199a46e32600,SEP6C13D5B317E2,LASR,683,11
4f48d0a3-7775-cd41-5e36-7f24756e1b65,SEP00DA55270C89,PHLRT Heavyweight Whse 215-937-4721,683,11
0f32d5e5-9fdd-8486-6e00-ce888796386e,SEPB07D47D3DA8A,ATLR 404-209-2865,684,11
d418dc7e-9071-28c2-7144-922faf89b394,SEP74860B7134EE,LAXR Network Room 310-665-4820,683,11
b2776091-2b8b-b4ed-3d44-2455921545ec,SEP5006AB0878BC,JSNA Doug 818-316-2812,684,11
ace0bc81-4c34-0bfc-b5a8-8a100276f7f0,SEPF8A5C5A0582B,LASA2,683,11
72fdb4c8-e182-44a5-ab85-60b803e08547,SEP9C57ADF435E6,OLVA Gatekeeper2 901-712-0002,683,11
fb36a79d-2506-7a83-117b-3d641f4d5b35,SEPCC5A535F8CAA,LDJA Mechanic 732-346-7278,683,11
519848f1-da62-fcb2-ea6a-716c73e241f9,SEP74860B70F066,LAXR TCA 310-348-2216,683,11
ed0c430d-4812-52b9-b0b0-d7860b3c6cb0,SEP0041D292B222,SMFVK Tom Shin 949-862-4549,683,11
dbc09719-2739-3a68-f755-c6082dfe04bf,SEP9C57AD029211,SEAR Aircraft Mechanics 206-248-7811,683,11
35a441d1-f6ce-e864-d5c5-d2757f728ed5,SEPC4B9CDD82CC5,ORLA Gatekeeper 1 407-893-7903,683,11
28d31c35-a382-cd2b-1242-d69ca5c17d8c,SEPB07D47D2B030,LRDA LUIS HERNANDEZ 500-211-2079,684,11
7f1affae-aeba-6809-21d5-f4eaebe45e45,SEP00CCFC4A4F24,SCKA Customer Service 209-983-4404,683,11
38bc8300-5ef7-0780-0ec4-2f7b8e470fd9,SEPDCEB94BD4AAE,ANDA General Office Area 500-211-2054,683,11
370e5957-e597-07c3-a3ca-436fec3ec557,SEP5006AB0878C4,LNSA David Markle 500-211-2055,684,11
d3d1873f-23c9-ff22-cbd4-20560a51846c,SEP38ED18FF4512,LANA Angela Geykel,684,11
cea6051b-e7fb-d161-bc55-98b108413b2b,SEP0041D2F8E22A,PDXA Ops. Manager 500-211-2052,684,11
69cf79c9-39cc-4747-c417-9b3f38f43baa,SEP0027902B215A,DTKRT Mgr Ramp Ops 972-456-6640,684,11
464451d2-2f33-4a82-cc59-6e0e41fab850,SEP00AF1F9D5635,DGNA Service Assurance 500-211-2057,683,11
be08ba83-b3f0-bad8-75a6-ce2167a77404,SEP00AF1F9D2404,GVTA Mechanic 500-211-2016,683,11
eefa3cc1-eaa6-eac0-828c-b2e0431905ee,SEP00AF1F9DE03A,MKER CSA 414-294-5910,683,11
fcb750ea-0aa7-4ff5-c995-61d7bf419f05,SEPB07D47D3D9F4,GEGA Warehouse Desk 500-211-2040,684,11
bc12c29b-732a-a386-2f72-33b25c775bd9,SEP00AF1F9C9F41,MDTA Cage Agent 717-930-8822,683,11
54584781-617a-314a-61d1-c1feab1ce528,SEP6C13D5B31C86,LASR,683,11
efebc9d1-365e-a9f5-3dce-b367cea990fc,SEPC4B9CDD86EF5,LVKA  925-730-5617,683,11
f1fd5dd7-0ae7-b227-03f8-493e271b9bf4,SEP00DA5526FD86,UCAA Nick Argenzia / 500-211-2003,683,11
c9b6d086-5824-20dd-f993-e482d28b0e9c,SEPC4B9CDD8E7F0,OSUA Service Agent 614-470-3383,683,11
ff7f442f-7c9f-dc46-244b-4ad15a307c89,SEPB4CADDBF6E7B,FXE-LBFA 308-535-9412,683,11
8c825b60-fc3d-903c-c051-0c22172bae72,SEP5006AB08F244,JSNA Sandra Garcia-Mead 818-316-2808,684,11
0fd27095-eed0-61ef-c473-ca23c4814875,SEP74860B711655,WTCA Unknown 646-486-5146,683,11
f47fefa8-9ed0-1272-fb4e-ed47c0cd11f7,SEP00FCBA192A31,ESPA Gatekeeper 215-218-5748,683,11
578fbf7e-b9fc-897a-7b7f-7d6755c11ca6,SEPC4B9CDD9229F,BVUA CSA 425-427-2018,683,11
e0d32974-1a11-0dae-3882-cfc3b9e934fd,SEP5006AB095ED2,JSNA Paul Medina 818-316-2811,684,11
a2098ca6-34da-d1e1-b884-36dd155085c5,SEP6C13D5B32492,,683,11
b7f5aba7-f5ea-bec0-d27b-f68d4091a006,SEPDCEB94BDB500,SAVA  5002112067,683,11
786aba26-795e-a8a0-e494-f8a5faea20ee,SEP00778DAC3CC6,FNTR,684,11
6844c0f6-a5dc-ee4c-e7ca-265c1ae939e5,SEP9C57AD1240AA,LAXR Sr Mgr Hub Ops 310-348-2273,684,11
dbcc75a4-fdde-aaa2-2ab2-a6f09366342f,SEP00AF1F9D238A,SFOA Tech Service 415-401-2867,683,11
8b0b66af-11c7-654a-8f40-540169afc59b,SEPDCEB94BD4C68,OXRA Front Counter-2 5002112021,683,11
b3130a11-fed1-3e16-8532-cacb03a2559d,SEPB07D47D371D8,LUFA �6022723392,684,11
95ba1150-fc62-528f-97b6-199cb0111593,SEP38ED18FEC084,TPAR AGFS Manager 813-673-6810,684,11
2a6af029-466a-b335-b0f8-a82503a07e11,SEPF0B2E58E2184,DROA General Office 2 500-211-2051,683,11
328e20f0-2211-2a7b-605f-f0630f492113,SEP9C57AD025AE3,HWOA Lobby 9543167727,683,11
3662f212-2840-9272-76cd-af9db4aa2182,SEP0041D2F9D0D4,Ro Monsen 603-627-0279,684,11
bdbdcc78-9d31-523d-32ce-62321cc11bcd,SEP6C13D5B31A8E,,683,11
fab7869d-987a-7263-cd4e-ea85ca4d0165,SEPF0B2E58E25FA,CVGRT-Silvia  Kollmann,683,11
5b2d13fd-cd7a-2fde-d18c-d94fb53639ac,SEP5486BCAE092A,ORDRT 773-601-5865,683,11
dfe2aab1-7906-1ff3-117d-8d0ea704c9ba,SEP00AF1F9C13D6,BDFA kim Steele 708-649-4521,683,11
30df8798-509e-be8b-e9fc-f6bf8d1a21be,SEPB07D47D2AD0A,LAXRT Kandy Green 310-735-0829,684,11
4525e372-0ae9-31d8-d637-10f4bf0f9042,SEP6C13D5B30A44,LASR,683,11
821a0f66-4bd3-98b3-9090-31a95abe188c,SEP0C116723F6DB,JDYA Sean Bartilet 500-211-2059,683,11
b9504aba-9197-862b-7300-5634e2714b3f,SEP28AFFDCB4541,ORDR 773-601-7409,683,11
712f17c0-1902-18a9-8e5f-5c1c05618a81,SEP00B1E381706C,LKSA2 281-504-6063,684,11
42aea196-e42d-aa6c-efc5-922ab117f88d,SEP00DA55277B8F,SBNA Matt Purser 574-236-7424,683,11
ef8b4a6e-5a82-749b-fe0b-a5f1d80c13ac,SEP9C57ADF43442,JFKR Admin Desk 718-995-2632,683,11
12b8426c-c876-6f6f-a011-6d6ed88b97af,SEPBCC493500C66,GSPR Jonn Harris 864-968-2828,684,11
a2d98c62-436e-a250-9862-a8fc6b1d336b,SEPCC5A535F62BF,LASA2,683,11
964f4e1d-1211-9858-7113-5c71a6caa26a,SEPC4B9CDD9D828,CLES Dispatch 440-735-7249,683,11
670133c4-4cba-5b76-b9ff-1e6694b01cff,SEPB07D47D370DA,SDFR Maint Office 1 502-380-2109,684,11
5e10e7d5-bcdb-d092-0bd1-a143e0ba025f,SEP2C57415F39C0,,683,11
97942a47-4d50-b1d4-8220-e8a8f32053c7,SEP00AF1F9C9563,ZMLA Vehicle Maintenance 262-970-5530,683,11
abaafcde-3efb-1842-54c4-afcfb1520092,SEP00DA55270048,INDRT Visitor 317-821-2705,683,11
f37b99f2-aa3e-0e03-f080-b70090d1ba55,SEPF0B2E58E18F6,RZZA Csa 919-877-3037,683,11
a447ddd3-0f68-acbb-3d72-2e749f1ec9e2,SEPF0B2E58E1CFC,ORFA 500-211-2024 John Hardin Jr.,683,11
83938073-bd0f-57e7-de32-2a7abedc1f16,SEPDCCEC1F111E7,IAHRT Training room 1 281-986-3773,683,11
ac4a25b8-1695-2995-d64c-c3ec617ee2f2,SEP0027902ACFCE,TPFA Sr Manager 813-243-7334,684,11
f5e184e0-c105-1dc4-127c-757f434ded22,SEP0041D2F978E0,BFIA Dispatcher 206-332-7342,684,11
f17103a1-27a0-29db-bb8b-e8156f8dbf0c,SEP38ED18FEEAF2,TPAR First Overnight 813-673-6832,684,11
65700e3f-34aa-42fe-035f-dfa0ba073623,SEPF0B2E58F63B2,STLR Data RM 314-983-1780,683,11
19778cd0-e154-4a53-acc7-280c75faf58e,SEP0476B0C987EA,,683,11
f72f4bd0-1828-9bc2-ea6d-fb0809e2f87e,SEP28AFFDCB4E9C,ORDR 773-601-7406,683,11
10b442ca-0a9b-7fdf-3f1e-7d6469c4ecae,SEPE41F7B9EC7B4,FXE-ONTR 909-458-6176 Lori Ann Lacey,683,11
13320610-f972-d7a5-639a-94ec48ef8269,SEP74860B718F72,DTKRT IDA 972-456-6620,683,11
8ec3ef91-8f54-dd7d-1602-90ff85142a3a,SEPF0B2E58E20EB,ATLR 4042092754,683,11
e8b963c3-fca3-34d0-f478-7f126530b7cf,SEP00AF1F9D6340,SDMB Warehouse POS Counter 500-211-2041,683,11
403431c7-944e-5aa1-233f-4a9e76bc42bf,SEP28AFFDCB4CE4,ORDR 773-894-6546,683,11
18a43049-48fa-0cde-0520-6d2017b171d0,SEPDCCEC1F1B332,CRPA Front Counter 1 500-211-2060,683,11
b3590186-264f-0a2f-900c-ad03c416d579,SEPBCC493A50370,SYVA  500-211-2063,683,11
b6518bc5-6882-5025-ad3d-1182d3141bb2,SEP00B8B33BE71B,SBDR Line Maint 2 9095013679,683,11
fa146c4b-f815-275a-91ec-595f813b7819,SEP9C57ADF4CDA7,PNSA Gatekeeper 500-211-2059,683,11
945b9903-461e-4871-7009-fa8a8d0e2c15,SEP9C57ADF469EE,RNOR Breakroom 500-211-2004,683,11
ee402ad3-bccd-c423-037a-21cb202e4ae0,SEP74860B717339,ATUA Xray 305-470-3609,683,11
8598b84d-e18d-a8a7-3a22-00a218bb21a3,SEPC4B9CDB58728,FXE-FIELD-A 310-846-3416,684,11
5c7d37c6-1278-1d4c-b3b8-d49f3bbe4326,SEP9C57ADF49E14,HTOA CSA Desk6 718-995-5139,683,11
5534ff89-0001-e3f8-633d-048a0fc80cc0,SEP38205644E160,PHXR Scott Anderson 602-392-7254,684,11
d354b98b-7e25-c4b7-5738-601ac69db8a4,SEP9C57AD024EBC,FXE-MOTA 701-418-2300/2307,683,11
723765e6-8bb5-93d2-6a54-c3191c72546c,SEPB07D47D3186A,5002112270  George (MJXA),684,11
130d2f74-4b75-12ad-b4d2-b5e57e64ab4c,SEPC4B9CDD87269,FXE-FIELD-A-LAXRT 310-735-0817,683,11
9971c674-ed9f-bfc9-4785-8cf9d24f7162,SEPF0B2E58E2218,JEFA Check in Room 500-211-2059,683,11
e3f6b357-e806-3be9-17fd-d4efbde418f1,SEP00AF1F9CE82E,SEAA Customer Service Agent  500-211-2052,683,11
2f14f12a-cba9-d25a-1959-0449334d1c42,SEP00AF1F9D2BDB,TIKA-Crr Check In 1 500-211-2040,683,11
25bb5f9a-865d-fb83-9f53-a65221a1b8e4,SEP5488DECE210C,DALA,683,11
08c767c6-9a50-3d24-2d0a-2d472e84db4c,SEPF0B2E58E2633,ALNA Dangerous Goods 500-211-2062,683,11
26e90bf8-bd7a-add7-652e-6edce51e3fb0,SEP00AF1F9D461A,BVYA Service Assurance Agent 500-211-2068,683,11
16108a0a-8fba-4422-1917-241464a4c28f,SEP2C31246DFEEA,SRUA Manager 500-211-2052,684,11
af8623e2-40e6-f094-338d-d8663c52df3a,SEPDCCEC1F142A7,OMAR Brian Nelson 4029302039,683,11
57120dce-8009-6f78-a63c-aec8fd00eff0,SEP00CCFC4A3372,TIKA- CSA 3 500-211-2060,683,11
46559ad9-3a8a-70b6-88e1-8421dcc4433e,SEPE0899DFA7F7C,NWRRC Timothy�Shunn 385-285-3385,684,11
2b3e569a-f552-59e1-a076-38f45dc52b91,SEP84B51708398C,SJCR Jennifer Lugo Manager,684,11
c8c57db7-de6f-f3e3-4cf1-bdc66053e78e,SEPC0F87F8AFE8E,TULR A/C MAINTENANCE 918-831-8080,683,11
9984fbbe-7e61-9066-4240-5c5798b51020,SEPB07D47D36520,SDFR Jeff Bishop 502-380-2026,684,11
76a48db4-cfd7-f438-3c3c-da29c0251705,SEP74860B717D92,PDXA Genesis Admin 500-211-2064,683,11
774c5495-a645-6dc2-1c73-3603129c5f24,SEP00CCFC4A4A4C,TYSR  865-380-8022,683,11
cc5c6786-8c4d-757d-1a1d-5cdd683d4913,SEPF87B20366E48,HIOA Cust Service Assoc 503-670-4519,684,11
f9ade170-60a1-39bc-36e9-cfd13f7f6940,SEP00A289090D06,FNTA Mechanic Desk 810-720-5640,684,11
068e750b-e0b8-29ef-1ce2-2c82b87901c5,SEP689E0B1B3C34,,683,11
d4daa6ec-036d-d61d-6d64-e104fe8752b6,SEPC0F87F96FA1C,BNAA,683,11
a85c10d3-783f-8f1e-4237-5e69a411bec2,SEP00C1B13E35D9,SEGA Supply Agent 215-540-8784,683,11
226b423a-d932-f924-a44f-0da6d5138e22,SEPCC70ED5655D4,ONTR Truck Deck / 909-458-6576,683,11
40f4ad6f-c984-416d-f492-8253909f1d60,SEPDCCEC1F13F01,MSPR GSE Maint 4 500-211-2053,683,11
3b7e2865-5fc2-4242-540a-b9b02e7068ed,CSF6571877,Taha Hammoud 500-812-2028,503,11
6f6ab773-70b8-2170-c8de-e182a239e8c7,SEPDC0539B1939D,MCODC,683,11
7bd14e01-5b13-9327-b05c-bbf07d828c85,SEPC4B9CDD8ABD9,ORFR2 WareHouse 500-211-2040,683,11
e7180a33-5d89-0224-2b7a-fefe0d4ef98e,SEPB07D47D2A804,FBLA Manager 952-562-1820,684,11
7d7e12b5-46d6-fe74-95a5-94bcb4ec9467,SEPF87B203618D4,HIOA Cust Service 503-670-4516,684,11
