pkid,fklinegroup,selectionorder
ef0ee623-0c41-2dc5-1760-3b59dfb5ac5f,d4926738-fb09-9e39-1657-738e46804ac3,2
38c3c347-6774-e41b-4e30-9e8eff24c9d2,9c15a3ff-0cf8-08fa-4e54-095d377c536f,1
3926b2a4-7323-c213-a67f-6e42164b26d8,e6b99e7d-4a2e-1aa9-ff77-a95866fd311c,1
396a995b-d627-119c-7bf9-a60135ddf879,38a24ac0-fe0f-7719-8c1a-8c03ff801a5a,1
3a56d486-9532-068a-abcb-a96294499108,862dcea4-04b3-bd43-d82d-9a87547ceec1,1
3a9a958f-3b6c-6284-c58d-590443ca965b,265bd410-1f48-7c8a-3b57-b072364e823e,1
3ad21574-9e73-d9ce-df42-8093eaed27ac,e635f866-bac6-2e99-810f-dab6016bd5e0,1
3b364616-bad6-8345-9244-893d108efad3,9c47eb95-1447-bd19-1ca9-9e875758ddb5,1
3b89561c-7c76-dd36-21ca-e0e1e5b96dbb,c7642731-c477-4bc4-fc1b-5ac922cf9ffa,1
3bb2bdd1-43ef-d40b-51bf-364fc8ab3b72,cac5d7df-4827-f032-4396-80514824ea63,1
3be09868-abea-d08e-2cb1-6a7b6b429d39,9ea374e6-9ea5-aed9-1fca-9ba6d41d5ecd,1
3be78cfe-357c-dd60-62fb-78c641b09d9a,b3e4906e-8549-18d4-4c17-5e2743a82025,1
3c3fa3e6-7689-821c-cd7d-bf390d3f3811,751468e9-3326-6d7b-7186-927e42c58bfb,1
3ccfc361-1d8e-96fb-f317-f5af2f57ad5c,bea933b0-f1af-71e2-6afc-9306b625ffa9,1
3cd73516-7958-1d8c-d14d-0f9104e8d736,0767de72-f3a3-b800-46da-ede1d28c0060,1
3e6fe3e1-e10f-039e-3d49-c0fbe15d1693,8902e781-8a51-fdbf-dc80-0a881af4deeb,1
3e9855ad-a63d-bc93-db66-cf0015ff6a8a,3aa87dbf-ddbf-9db0-94e1-9798fddb4a1a,1
3ed285fd-d51e-cdaa-8952-3b4e30b8396b,6c3f643e-d939-a0ea-5632-1ccb87c5200b,1
3efb77f4-8c60-dbe8-6423-eadf015d47e7,5b83c748-8cb1-e9f9-2b69-1b25967320cf,1
3f504940-8625-dc86-4f01-f625f00bc6db,e5155974-332e-1df0-54f7-02b281862fd0,1
3f90bfce-a909-af04-9b96-1fc1ee838c14,4394c8fe-f7bf-fcd0-230d-6a9c11f84016,1
3fda86e6-310b-19dd-edd1-19c804e320ba,d783c2d6-e080-b348-7bb0-81c24982de0e,1
403c18d3-295b-3490-c3d0-98b8559047aa,11ed88f6-f600-d1d2-6a4f-ed0a76b2bb90,1
404121ca-56bc-f4ac-3578-4273ed01c82f,317be101-1f1c-24be-64a2-8785c652f3e0,1
40454d6d-505a-46b0-9aa9-6119dc32ff2c,ea474fe0-c91d-0090-65f0-ba5fb4f848e2,1
41673ba6-9e99-e144-f9b8-0c883532613e,85ef3867-f32d-2427-5c58-22f1a71a3deb,1
41750e1d-dede-dd9f-1060-308cb5024e1e,e2da3d05-f996-c84c-c1d9-4218183bb885,1
42241620-c323-43a8-129c-d861103dcc4c,2e6ca393-2a09-d99a-9f9a-7146b6247896,1
423a7960-25e9-d805-94fa-6b0283fa7fd3,67d62bba-a20c-f079-3a30-55beaeaa702d,1
bf04215d-6add-f6c6-1acf-d5e747e3db9d,abfe614c-8d81-eb22-f981-9edd833fae59,1
4281cd0a-3d27-2f77-75d2-459d3d5aba32,9e21dc88-477b-206b-4125-6b537ca2ab92,1
42ea00d5-22f6-3ae0-4c59-1080db506700,0d5fdcca-5b61-ea6c-a33e-213b8e5cd011,1
42f9a9fd-146f-a455-7de2-873b4a6ea990,ff435214-a0df-dd16-185b-90d87a47c53f,1
43183c2d-b918-1df3-0b22-5d5ff775e3ec,2d0bb8a1-c6fe-16a2-7a83-36e25c795b13,1
4374ba9f-3755-3283-2a7c-e7c56fdfd9c6,fadc4967-0c57-ad0a-45ab-6ff888641564,1
43a04ac7-7499-0c3f-fcb5-7f68121605b3,e14edb9a-f7bb-6276-f7ef-d23075d45255,1
43f12311-2dbc-177c-6a57-93389dc27880,0913dd06-07f9-3e3b-944b-27ba641b6242,1
440f228a-e48b-43bb-a23c-209288344a25,56687bd8-56b6-05f2-23df-554688e21e5f,1
465cf19b-2379-638a-adc8-c88ec43afff5,75cf39cd-ed9b-0696-e566-6ea382f01047,1
4666a96b-d4fc-32a3-008a-7f4167278b53,758765f6-b1ae-cbd0-9b63-a1e43c799d32,1
469be073-097e-83cc-0202-71987cd217ba,53d60045-4ef5-d5a8-8da4-6d15efb25d52,1
4794b7e6-d49f-2d78-a9b8-22023d23f89a,4829f8d9-3d66-c5b3-720a-d25d50883974,1
47c3aaae-2392-e7be-9ee4-464815d60b20,4a21a3e7-834c-e764-7f3d-3b0ae88e2035,1
481e685e-37cf-5648-86dd-150f949ee421,036228ff-eaab-4a8c-5b0e-e3bcd8ff6c84,1
491d97c3-cf71-a53e-992c-cff052c71ebe,8d739b00-4a20-4f28-af86-8f9962599e1d,1
493e75a9-e092-07a8-4b23-9c9132a642a8,dd9b7e5f-13cd-c1df-c7e9-73d2e7bad4a5,1
49baecf0-d7ef-cdf9-7ed2-2eb26d2c629b,7eb4df36-4420-6a70-bd59-e9fb6330a55d,1
49f2abea-227b-967a-40ff-051f55823449,dc9ba9d4-32d4-87d3-5ba4-c8b7d2caccc1,1
4a951948-60d1-3ceb-f6ae-a7537c9b4e77,73209f80-e04a-6b3c-ddbd-d5ab18cc8ae4,1
4b7e6a9e-a00f-686a-3e25-ca8a226b4fcc,33a3958d-ec99-afe3-3616-091a881b8f54,1
4be20b99-25d6-9a14-5616-07c6261399f4,367eb543-da09-3a2d-a59a-2ef9d975f498,1
4be76e77-4a97-470b-9b09-19e8ef728d32,16c0ae86-db02-3407-b943-52830125aa35,1
4c57dcd1-79ce-153f-3ea9-c016e569ad08,6df8c26b-562b-754e-29cf-f2591cf92e1a,1
4c5bcaf4-c126-fc17-33a3-ea8ff144af53,07dbe825-2a65-91a1-c5ce-ec170a4636f9,1
4c701412-1efa-8737-5fd0-80d1bec0912f,296ffd82-9d73-951c-c5af-af36dddbdc5d,1
4c9d42d6-3e9b-4422-aa24-9c4b07ad4c7f,c0c4e5c7-0b73-f2f5-e0cf-9e8391cdf820,1
4ca34d1d-96f2-08d5-e6aa-53ca222fec1a,0b9d5cd3-19f1-53f2-0e3f-83865b181901,1
4cd560af-cec6-381f-4416-7fb66642cde3,ba94a9cd-5dc5-42a9-281c-1e6300861ab9,1
4cefca70-a92e-691e-eb36-2a23e76839bd,aef4bec8-1b73-7e46-cff9-2fbdd23c8c04,1
4d3579e1-106b-f073-738e-a515145426cb,b5a809b5-06c5-79a7-880c-135c64e93f5b,1
4df51c09-f94b-9ff7-2eda-6747fc7bc0eb,845495ce-3cc3-ef30-4dd1-9ec35bed43a6,1
4e2f82d5-88e8-38d1-4b24-a708ae159af8,67f2fdf5-7cf6-bc00-d126-817f93204276,1
4f34f32d-d3d8-4ada-80dc-2e26de821b47,2069f555-c2a4-6c0b-c6a4-c6b714ccd440,1
4f9e01c6-2acc-8a44-fd3c-5fd3b36845d0,c0d67e4f-2abb-b744-024b-938dd2710eca,1
4fbd19ce-7148-8ece-12ec-eeab50f15358,510cf5e9-31d9-6490-1ecf-73e8d1d95fad,1
36cbcbc2-4491-4ce9-8edd-8302e47ac0a5,48b4b465-534d-7d2b-f3db-5e9ce5650e4c,1
4feec1d7-3100-f631-7a6a-c33516837ac2,ccd097af-dc28-1321-ed7a-1b21e75e4f79,1
504e075e-f80c-7248-5b0c-902def1fb51f,ae9b2a12-fd9e-adbd-5cd4-b819422f5b49,1
5093f607-53f4-00f0-0168-eebdf3bf96d5,c2357ecd-d4ac-373b-b25f-4b11aaa70417,1
50f46400-bc15-b6e7-fc2f-bb591faa60a6,74516830-bb6d-05e4-160a-547a00a5ba22,1
513453ea-949d-a7d1-fc4b-1a46e4cf611d,ec4d13e4-fa90-3ec6-2fa1-efa510368d19,1
51ba55ee-b782-d516-bcb4-4fde4fbb8586,90fe0f5b-68f9-cbe9-9848-e40f099d2f07,1
51d663e3-7606-f2d3-a480-cfb7f4ead96e,9618e805-149a-6c98-2280-2daeeced0f1a,1
5246217c-55d2-c98f-0bc3-1a17be2ca443,65dbfe27-b598-01c2-f683-54947c25000b,1
527f5f08-7fd0-443e-98ab-142353034413,d6a674b8-950f-f773-ab05-fb3ed8ab01d9,1
52e803cc-5e41-e3dc-b4b6-ff9ed1ae671b,43038eac-639e-4043-ae4f-203fa5beccc6,1
535e4a9a-610b-4481-ab5d-8e0fd2836ccb,14fe1e19-89f2-565c-b749-0922529e78e1,1
53cec261-5733-fb54-1d1e-f37b8641cab3,9d6ffca4-d06e-8d7d-af67-89442dae9454,1
53dc2f29-cccd-d788-a6cf-a82262bce8a1,02840be4-6953-3427-0c3e-a3c4b746de72,1
53e27f8c-b221-9848-487d-3c4bf6fd5285,97498ac1-f85a-aecf-aaa6-80eb068711de,1
5448fcfb-6a90-e13d-7183-ad36b4a043af,8e3dffd7-eb79-e91f-34e4-9930877e867b,1
544d21e5-64ed-1082-6621-5aa23892d51a,2aa79dbb-ed0f-8305-73a5-e258c573af18,1
5470469f-1173-474d-963a-f4bf3dc83068,9e20eee8-4f01-8bea-46b9-846f82764044,1
5546df7e-4a8a-bee7-67dc-24226ef79351,de25336e-464f-f9d6-33c3-48f8d1a73e64,1
5611d37e-0cde-7d4d-5997-75dfcba1939c,fea32e99-c6b5-c2b5-b1f3-73d7dc14e5d4,1
5624497b-83d8-463f-aba4-1fcfae814108,6e343371-5de8-dba1-b0b5-c26a7b4e67b1,1
565c0a81-e669-357c-7794-e4bb54a140a6,10048170-bf0b-9fb9-15ad-90baf31c2441,1
566bfdf4-8d26-e93a-e048-c15e90e8e3d0,146f422c-d09f-dbc6-5c85-b94ad8c40479,1
56a07714-0e05-98bb-ef33-7eb4ab5dd6e3,d364d96e-6e53-c24a-6c86-3c4ff32d6617,1
56cdd767-d049-4d86-8b17-71338b516639,0862f4c4-b8a6-fc78-b7ce-2c2bc98241c4,1
57305398-c7bc-ce7a-bc25-364c6a47d414,a8e88b9b-7dab-f64d-e38a-caf37d5c4113,1
587712b4-6dab-13c4-3c88-f9d74d0d9e27,253b073b-378b-c0fd-0153-9e1dcedbc0b2,1
5883a132-410f-6ecc-c078-7438585b2ead,ba414a01-4b20-8e96-1a11-1d8690787f40,1
58a1d541-472d-6e3a-75ee-e2fcb76d9c19,88437191-d081-8033-9987-c6140376922a,1
598ae865-aad8-69d2-fd8d-b9b6f2f222d9,52d1c9cf-6ff0-d546-222b-ca29fff8127d,1
59ac654b-03f4-f773-a57d-c530b91ab685,89c71032-ab0b-2c4d-b0d3-e8cf8f213a48,1
5a0e57f8-f20f-1f51-d963-fb23ce4494b7,f347ee08-4e99-5731-937a-80c2a1f61d65,1
5a0f979a-bc14-d60d-c923-63a69e7748c3,3761f4a5-4931-003b-1aa5-18efa4440aa3,1
5a2210a9-7b9d-70d9-9416-765526119287,d313a7ad-78bd-498d-2653-b5ecdfa47f4b,1
5aa17d9e-b928-5327-3b06-be1d9a08643a,7344a08d-cae7-4624-5ecb-b6f16981b76b,1
5ab40b1a-c260-4b1d-b472-3f725048d927,d6580bd6-c8c0-bfc7-da26-2fb499b0ed79,5
5afc0cee-152c-7fc5-9f63-71e0df321aed,7484a704-967d-9230-5887-709e43cd6974,1
5aff6a15-d52b-4dcd-ba6d-aa176f731fea,544605d9-342e-aa9e-afff-96b113081ca0,1
5b13df90-6867-c30b-218f-e30e71fd472b,93b7c7a8-d9eb-7ebd-6121-593c3a655053,1
5c56202b-c1fa-078b-0c34-01886445db11,dd1aa654-ea95-fb2b-3a93-ac2fac4adb43,1
5cc40398-dd4a-4c07-8b9d-03fdab5f59ed,67708847-797d-4adf-9cec-1481aeab5271,1
5d168ff6-66f7-a9ff-609a-7c5833ba8778,df95d72b-bcb7-2789-a71a-9af0c0b63dad,1
5d2c29b5-7a50-0c76-c984-d21aa918c3fa,10048170-bf0b-9fb9-15ad-90baf31c2441,1
5d9a4a17-9594-44e9-8b57-59450b937bed,4aebab91-8ed2-22a7-f5c4-4c6a5f0fbfd3,1
5e00a325-34f1-a0ca-3cfe-bc354dc9bb9e,284e86ad-c172-a222-c8b4-6c01bd31ce91,1
5e1cc159-c69f-eb9c-795e-d708e1217479,6f17bd45-4041-234d-b8d7-1f072bfd9782,1
5e8c2906-9dbd-54f9-a013-25b46f0d6e34,0bc33c28-3436-31ae-38b5-3dcc6e1c2528,1
5f080cc4-a424-40ad-d612-941fc720ccab,4da515c5-f6c1-cbf1-b8ef-cb810e72efd9,1
5f1c45b6-574f-5250-b2d7-b4554228f096,7fd5441c-2890-69d6-0f86-5f5965ab34ba,1
5f8a7bec-1e4c-7bfa-1392-d2138ff5290c,1b6915a6-b903-0a11-a07b-73d938f9e28a,1
5ffb7597-7808-3bf9-7d36-d730d09920bc,767be629-0eb7-8602-87ee-d98759c75d95,1
601c61e3-7f75-dbd0-7146-f7347955e62e,7b91bfc0-0163-d7d7-dd81-47079de0e0da,1
60a9b4bf-b137-dc1f-de9b-2128c990906d,c249cb7a-8391-6408-5e3e-3858f918834d,1
60e9531a-01d4-9ecb-f3c7-691eb4339e2b,39e81f28-9ef8-58c7-592c-8f1825d76190,1
61462b48-9dc7-1e05-4f63-f47a236a7cc8,14ed7cff-f18c-9d6c-d217-9e72d6e4c6c5,1
61b17ed3-bfa3-7d4b-f6e3-80369f016e18,6ed623fa-b522-8cf7-a18b-8c869324439c,1
62206e5d-6179-2b87-ced6-13f68da6c497,6e7123b9-aaf4-6958-d01a-af7b0541aaac,1
622a188b-c288-5817-514f-2d2340a1d722,f1c3f37a-2511-764f-c5cd-a21d3f379299,1
62dbb90d-a96f-4c79-a34e-728ff140ae75,6d25a846-d2d9-ad3f-8348-9b096dc2cf90,1
62e3a0f4-acb1-3540-278f-d9840e6fc778,70d1b3a1-7276-9360-2621-7577e5b4d353,1
63110b5a-1dcc-c492-db61-2acff31111d3,6d63c76f-e466-344e-aeec-bff5360224af,1
639284b3-4b42-c875-a4aa-57329aaee4da,e4739c4d-cd6d-903b-4526-d391c6e47b64,1
63ce87da-1ce9-4373-3497-4f568ddda951,fdd94553-ca8d-ce09-b280-a87cf5b94f46,1
64335862-3859-a7ce-8c81-f77f6c1b957b,770b61af-945a-b0ce-b7c6-79d20e61409e,1
64dfc3b8-172b-3130-f08c-9a4fb4c1bc47,f5712337-99c3-23f1-1dbc-f770d0b82349,1
6506887d-44df-d388-9141-fa847e90b91f,55010699-1131-1e1a-01a1-ede1ce54b913,1
650c66cc-3c87-8c06-7a9b-bae2e838eb39,b548bbf1-55e9-103e-dc32-6e61e9b9b56e,1
653341bd-75f9-493d-e418-682934447c80,04833efc-aa41-f8fa-ae4a-36d0ee317332,1
99328c00-401e-1319-a831-9f8633625c33,ae2d9f55-54b2-753a-6b02-9dec3be9c150,1
65ab5f86-e04e-429e-1d40-9a9ec642fa8f,ed422c0f-5607-ee7e-b750-3bc7e8991492,1
65c06d48-cfc0-1f10-d782-de7608dbccb2,d2e8c079-3a7a-0016-50f0-c33556d7c649,1
66a24a91-9e23-310e-de69-c30f6b0fe6d2,91c23e72-7be9-b5ac-3092-7c0e5b291ae5,1
66b023dc-9cca-4355-ae2e-ee3231fd0275,f5069652-a76d-2d86-3f73-404af2b0b1be,1
6733639b-9428-3884-485a-642867b5aa93,4d5d09a6-e5ef-d7ce-e14a-a94ba5dbed42,1
6743b571-5c5c-1e15-f16d-20025d951c2b,cdf1359f-f670-93e7-fd41-57e3eff8b906,1
6778f486-fbd8-302e-4250-d438d9658b62,ae865dcd-82d7-f164-9dee-f70642dbd5d2,1
67a6671d-4ca9-8d01-b736-107b98d30d4d,d3dc07d3-2e43-dc0d-52d3-3b78e27c2df7,1
6807c1cf-11a3-7ac7-83b2-f9c28d0a8f30,555c2adf-4862-af11-5679-5041d1ee3381,1
68f76dad-6cb4-19c0-5299-9a2825169ea5,b4aa0de6-5ebb-d449-82b0-b1f2569b2106,1
690b4339-8b9b-3b02-d406-ae8cdeb86d9d,0bc00e91-6ad6-f6df-0013-af01056c189e,1
694c42eb-506a-8f5f-33ab-408030482d97,d86bfd67-a92c-1d1f-0de9-8c5a59f018b7,1
69d845b6-d2b6-b21d-d640-b87cb0b07bb6,78114ef7-8631-1f47-b5bb-5fb3d39d7bf7,1
6b7b0f5e-512b-4ce2-8f19-1df7bc2b7da1,7d2a5e2c-6098-2a21-4bc8-6a2285af3624,1
6bae299f-220d-6fa4-637b-6a404d549822,7c334ab1-7aec-0746-6314-57b36008fdc9,1
6beff022-168f-4fb6-f7d9-04e747265da6,44713d4d-f971-e758-666e-9403f67098f0,1
7a645f5a-5c2b-6e1f-8c7c-c0781c85eec0,8dcd993c-e046-f192-b0ac-ebfcf4901649,1
7b4f8b6e-51f9-e38c-8f78-987cae44d17e,cb62c1e3-c85f-6083-8e2c-515dd1484d1f,1
7b594e84-f312-3711-6fbd-46289d3f6769,7e798e2c-70c6-7627-386d-b797038f48bd,1
7da49d34-7728-b936-9b22-95d3461c4c0b,3a01315b-e4b1-9fca-0ae0-6f8d65878d9b,1
7dabb902-307b-8665-da28-81ea6e37bed5,a7dcad94-2a26-0947-dd74-25b0eb453be4,1
7e74225f-ec54-087e-3da8-337ca168c136,1b90a919-97c9-b124-81fe-3f54be0d818f,1
7eba48f6-003d-aae1-df41-2bb29049583f,90cc356b-bc72-fa2f-854a-18f6dfccc788,1
7ee3a59c-8c3a-4810-b32d-d138993c120b,610d315e-833e-20af-4561-f946207d30ae,1
7f063d23-5870-1e6e-6caf-0c099325d065,6b778497-8f86-0620-5ea0-a3df6e512edc,1
7f7224ac-dd47-f427-f9e9-c1678d9225ec,b98c944f-cc7c-6d91-a8ea-9adb2a7a094f,1
7ff2ab8a-da89-9653-2609-76242a557a2f,db883b69-2916-f9f2-dd0d-76bb0940e27d,2
7ffe8dcd-4213-ad1d-1c17-f1152c056674,4692b174-0340-5b09-86d9-1db4e7a7ea99,1
80144bcd-1abd-f5b4-fbf6-d55dcd8f7ac3,22b79e7e-21b3-7cc7-09e5-53fd98b91666,1
80b8f11f-fccd-3aaa-7bb3-de9f0e0b81c3,83967a3a-ee49-6d0f-2883-a588379e0b08,1
80d15ab8-eb4d-8b7b-afa6-9bb60d3c7d26,3f355ed5-af46-21ec-638c-73b797f8d3c8,1
812f7648-41a3-e15c-273c-58c5886c4fbb,cd40d8b0-802f-fbb7-df0b-6eae8a87877d,1
817ae91c-c576-7d25-d20b-8cce76c7cdc0,54a52e87-cd6b-3338-7f58-0bef3ddd0297,1
81b236d6-1eb1-a2d2-e88b-e733a91c9a13,1e5b8ee3-f721-f8de-0272-1e945d3900eb,1
81fdb80c-2d1a-06ad-7e53-4aa6c77e6f0c,b94539af-ff97-48b3-f829-20a8a0b069de,1
823d4ede-f676-bc39-5c5e-004361e5b7b8,26bdb0e9-f3ef-ac54-7a37-14e344fcf871,1
8294e857-b120-9aca-0cbc-ed42eba40dbf,724b233c-a218-846b-3055-be7ac7b427c5,1
82ade78f-e993-d41a-9438-ce3a554f0133,311fbe6b-0a2e-08bb-fc65-4887c05a8b54,1
845abf8d-f111-7d7b-00a9-b95bb657515a,e879fe15-68fe-332e-1ccc-34c5afe87621,1
84a26c65-8962-e6a6-2e33-b95a76dfa73f,3bf4ecac-1b61-3a33-a6e4-3bb68720accb,1
84ff08e1-9279-42d4-b221-3ff0e5afee13,a717db24-531e-7a79-35d8-a4fc552bff15,1
8665519e-5a67-c9fb-e8d9-c4ca713b99f9,84559407-bbca-c19e-a00c-f5cfb808209e,1
8680cd24-eddf-0383-98b4-de614f720194,4994ccb3-eb38-1ef5-2823-f743b19ab107,1
8681da43-de83-350c-7c47-674bd849b5c9,516cc52d-673e-d5a5-472d-b5434ec2077a,1
871b6eb1-d8c0-e86d-a3a6-e028786fad4b,f3c7275c-eaf2-b0c0-8a7b-b9544ec05ec6,1
87337276-45f0-3ce8-8e99-17748e01aee3,a5c1ccff-7a94-365f-772c-34dd17a39da1,1
87891a48-0e9f-e569-1274-e409eff889c6,1f9f2077-05ad-223e-3c07-4fb4ccc22f80,1
89061a19-b61a-470d-ad72-4d269601ae8a,ba2c4f9f-c283-a717-ef79-96e918f8d0b7,1
89426a3b-5dc7-1db3-5c92-81874477b23a,55214df2-6f0c-c478-0093-44d05c52e6de,1
899ac3e9-956e-20f4-73b0-7dec05ba0d82,dbea45d3-91a1-74cd-4db3-1f240561ff4c,1
8a33b898-2242-b9fc-b7ca-9a83c42f0bb2,36f271e2-d899-8003-69c3-8924771f5b03,1
8a5cd627-0528-562d-0bd5-a719bde95c12,ba903835-b755-d6e2-b7cf-4781040cae21,1
8a9a64a5-ec41-1067-20c2-45c35e97eaf0,37619f4f-942d-4ab9-a615-10211657b0de,1
8ba0f0cc-2830-4e91-b88d-77aa3b401bc2,b2534906-a046-51f2-090d-f8c89fc27ba5,1
8be89f29-290f-6858-b200-577fac551488,2ef19874-6aa0-77dd-7a99-46a444a5a187,1
8c06997c-a48b-b546-d765-87cbcffc54a0,dbbbd1c6-69b9-ac58-3e0a-e12ff10f4b63,1
8c09e723-91b4-b4a5-f5c2-b6b7a600882a,a1c1c08e-fb21-772e-d316-a520c390398e,1
8c88d5f3-949c-8c72-f837-15e49fbcd186,7e90a121-ffcb-9d98-2bf2-2a57a10937ca,1
8c9187bb-7a9b-ea82-e1da-0e783075f0bb,3a7b913d-928a-d9f6-5ed9-3db3f6405e9a,1
8cfaf9f2-85f9-01a9-0f15-656e79b0f833,26fc88b9-adef-e407-f004-8540b8a0cfa5,1
8d40cd11-00c7-c146-828e-248a98d6685c,b48283f4-b876-8738-30f6-aebdd24d759d,1
8dd80f5e-0b1e-b637-4aca-923c11816a86,297823ff-2d58-1842-50ad-43f7bb8c975f,1
8e0760af-de29-a544-1033-bd5d1d8a5945,153ba1b7-d7a2-78c2-fe96-6584a8e38af9,1
8e2ddc2a-f852-42c1-a219-16dc6f3a6b17,4627c221-1ebc-677d-5ca8-6e8af8c08891,1
8f50ab99-cfca-cf8d-076f-2aa3613ebe01,e2f25fb6-db91-39e3-8fe3-20e111b02605,1
8fcbf711-7487-7387-3bfe-cc2214bc30ba,9f39be61-cf3d-6648-f45c-bfb6e4026589,1
90269b7c-d4cd-4402-a7a9-f2df269abe80,b54aa59c-4f9e-f98f-3616-394484fdd7d2,1
919f903b-b337-0744-3233-757bfcf7af99,30d0213c-c2bc-ad20-e727-162b70660a49,1
91cf82b8-0a8d-0f84-f9af-1101e1cffa27,df711604-af56-734d-557c-056229160002,1
91d6cd04-f536-f617-450e-5e4237c4b65b,19050f1c-7af3-65d6-4ad9-3c5b47fff41e,1
91f0541b-a63b-9068-9ae9-a4a49ee8c314,07cc1f3b-f31e-5f11-af96-7b582cf85344,1
91f73e21-f750-bdfa-1174-2a83417a113a,1466fb0e-558e-dbf3-d95b-a128e75b334b,1
93027218-f0af-442a-ac6b-6195125c7cf3,c8028374-72b5-0372-abf6-9129902ecf2b,1
93510728-0b3c-6212-166f-f46ec7539011,6453eedb-0d28-c1f6-1b2f-f0d6a7ecf9b7,1
9366b64c-4c84-f058-9e15-d7d71b64f7bd,bf800acd-2edf-ce4f-45b4-54726c4e8e33,1
9440f148-b1b7-4934-85f2-941ac1b34ca1,7c2c3907-a620-785e-272d-41ea970ab3d6,1
955561a1-c4cd-0488-5aaf-a1cad37ce556,0c073fb8-0f21-c06c-8619-bb464680ca98,1
95702f0b-668b-4134-bcef-082c64003736,c43468aa-8850-1928-1c8f-8f3df49ed4e0,1
958a3ab7-d0fb-c88c-8493-0d7dd9d1c00f,7905863f-1d94-9b5d-fefe-1a13c43b17d6,1
95eac443-a543-e2ec-11f7-8f2627bda5e4,cfc9fa01-a69f-fb40-d6ea-cb21cb95e367,1
96115646-eab6-b9c4-7829-c2956d4bd1d7,21deccba-43da-5035-612a-fe5c49efcc0b,1
96349bb0-9f8f-0eb2-1d08-8b7a7534b6ef,c57974ee-6174-a465-3446-e76a28ec214b,1
96894e2d-3797-eefb-9cca-5899fdf0e4dc,ad52fc8c-8340-3618-a769-0456086c54e3,1
96dc8f94-bc2c-4623-bd7a-85a55b118502,553fbba5-a9ba-4981-8b8f-aa3c5a7b7c67,1
9711f04f-d2c4-186a-d43f-16c50916f49e,c3da914c-9676-f852-37ba-bcffeb1a6ca0,1
97b3a3c8-cc5f-499b-d048-ce71e438254f,41f06194-1b38-8ef7-7b60-c21f8cecf55e,1
97cd2402-76d4-6cda-f388-d965809b4ad5,738db1e8-3243-7213-9835-fb46f0af7ff3,1
97f1a24e-7a68-649d-9224-de7ca8314a05,b81425bb-51ec-ac5f-c383-39b71c98c4d9,1
982e12f1-23fa-dbf8-a14b-3178cd6bda7d,ad657ba7-578c-86e3-f555-a5015eea96fd,1
98d0de6a-af01-2933-2d59-f5f52b663d55,0258211e-877b-d6a0-0f3a-0ce452982428,1
9912bd87-ac76-4e90-b4d3-7ce39b4fee10,d9b6c647-02f6-8dcf-707b-24bf23a29187,1
99a3662a-f636-1235-1757-f3fa615ada26,5126582e-b0a1-45a5-135b-d30f07e7217c,1
99b62530-7be0-e3bb-212c-3a50deb77996,c8669d2f-3717-916f-c7d3-bb2fd19e9b4a,1
99d1e138-a280-770a-7786-76a1e56dc1d4,367d15fb-cc8e-55cc-4134-4b13f4e33748,1
99eafeab-e3dc-162d-b310-dec00476d7f0,7e676294-8377-aee0-bd4c-e05636143a64,1
9a3229e6-c73a-c30a-47d9-8e10536808e6,ccce3514-4157-6875-4052-aff7fed39150,1
9a3b8d57-ef50-7cd1-33fb-971e07732ac1,f10d467f-6267-9115-8fe2-a0e3f4ac6985,1
9a4d3b1c-60c4-41cf-b502-3ef9323eb63d,f842836d-b5ef-7063-a643-105e9560814b,1
9a90e9d0-a454-7773-826e-ede0714e6341,64c08a42-9574-9c90-fd96-dc30998e4c32,1
9a979efd-ee0b-fc12-1b07-f036961add3a,4dd308ce-11e2-9ca6-3c5c-48ba30bd19f4,1
9ac1df59-d24a-99c5-3600-aec68df1f2e2,6b3fc8ba-3148-3011-1a3b-8aa5e52b33ea,1
9af875da-cb91-39cc-8400-757d6d93871c,f7dd0dd0-6b44-c5c8-8937-667add5d3e4c,1
9b07604e-1d4c-ca77-7efb-d6f6ce1d42e4,f027c5f7-d179-14f3-744a-66a93791b4da,1
9bca574f-4d1a-8497-9e32-ebe8b04dde7c,b0fa98cc-d815-ce0b-8dab-a146d9cb9de5,1
9bcc3204-d488-7eb0-b11a-e6cdccd8d043,4d422bd1-400b-b31b-a6e4-fcabb1318624,1
9c397946-e603-103b-0476-5908d676fbea,5c702969-cd91-39c4-bf1e-2872f39ad0eb,1
9c7c02bd-c4ae-afdc-0fce-b81deb9db950,bdd7d54d-60d3-5a44-b382-b6e3928f7e8b,1
9c95b57a-8f95-943a-a161-bf5bc4f668ef,812620d1-42c3-78c6-8e2c-35bffa74a27b,1
9c96f278-1486-d06e-79cd-bdb2aa161f09,3aa3bcea-1e3d-ce44-e6d0-d7c209d1ab7b,1
9cc71edf-ff84-4643-a87b-3599233d0b7b,ffdd025b-0669-259e-a5d8-3201d835c466,1
9ce29b97-71fd-9751-a0b2-46a9b1372ddd,f5be40a1-67c7-801d-b690-cb8b8acc4ed5,1
9d4886e7-2374-9daf-38b8-1079acabc334,357c65ff-51e9-167a-13df-c9fafe5864e8,1
9d609836-91d1-6cde-9a42-f934d68a35d4,fbe97bca-61be-d9ca-4d84-aa003a9e6551,1
9e7ff707-e75b-fd33-14aa-392737b7a352,897c4332-7581-7195-a9ec-b2ec9da42ef2,1
9e9b06b4-2ce2-0abc-416f-45fa8900e442,b34f657f-075e-e3f1-4f17-4434c674e058,1
9ea13701-32a7-447b-7e5f-0f1a498c0c61,ff472634-ba39-4dca-6a33-552d7bad0e97,1
9eb3dc1a-bffc-431a-d643-9de9f8a40f53,91f1f78a-b8d2-41dc-55b5-790c3d174d56,1
9fae4ddb-1a03-6357-298c-924ab32b2d7a,7045251a-4aee-450a-a6a8-99df0089dc56,1
a029b178-1b52-6f0a-2fef-2af7399236fa,117e1eb1-cbca-f300-6fa7-e7e71f0b82de,1
a072c7f1-99a7-7c56-9238-079e89ab69ef,3590980b-9a98-c2b4-e3d9-5e797c28cdca,1
ec999548-6329-2905-ff58-0c85f1a50179,dad88fb3-6a78-08b6-297f-9e59c6387308,1
a13bcd5a-7942-7d1b-a0b1-73090949f6da,aa7d0c1a-6d3a-7096-8a4e-66a609f1d941,1
a1d9b609-8316-cb1c-0345-2f3b2f0eaf6c,264ac7f0-176d-aef8-4230-5a49035d84b8,1
a2491048-9c03-469d-8917-882c1474a22b,d6580bd6-c8c0-bfc7-da26-2fb499b0ed79,1
a255c2e7-0d28-2473-8b76-fecc0e792f9b,0037a672-847c-0f9b-dd39-4faabf097c09,1
a2864064-d7f6-4b65-9163-10520561c5b4,3d7354fb-cfe8-b5b1-3c06-28fb8b1f192b,1
a2bf11ab-c858-b8e3-460d-866ca4a76c68,79749a71-4262-f7d1-72e5-9e58ba3900a7,1
a3ee6919-715a-94fe-bb6e-592c831aa2ee,04207a1b-318f-8b40-6a12-3ce64729f6be,1
a5095d7b-dcae-fcce-6497-2fbd99d753ff,a5b2ac2a-f343-13c9-d6fc-6a8816bfc9ab,1
a50bb807-6550-bacf-a8a3-e943e921c24f,bf33e1b2-7faa-4002-ce0c-85c942808c32,1
a52c8a18-325c-f3a0-303b-13ea94145091,70773f3c-001f-f866-37bd-1b09c6ce1cbb,1
a5a33f45-b9e0-6e6c-bd5b-debc860394d3,cc2ad7f7-4c13-d4ed-01cc-bb1534dc5995,1
a65b7466-c4cf-43ff-8c66-93e31721a49e,e83a18a6-ca1d-d77b-476e-f893ca69ca55,1
a6882f16-ea21-3bbc-bb94-aeda7bb2c344,57aba517-ad56-b76f-f19f-3bafa34db68d,1
a73fd432-8b9a-6d39-597c-c0e0b47fca1d,440559cd-71ac-905d-c4f5-d53f5e00611e,1
a81e8c33-25d8-a090-3e8a-8fd42cef1fbc,fbcb2508-ef62-9962-ffcf-94162bae3dea,1
a81fa356-46de-c5eb-673f-582dfc434c91,4cbdc512-1055-872f-604a-d35b625ca743,1
a84d9a74-5b44-d2e8-8cd4-fa6d2c0a5351,52bc8ca2-d067-fa4c-a2c2-05e9e2bbe74a,1
a886c316-f1ae-4a37-89b7-0b3c26e30e5e,79b62839-0fa8-41e1-fb7f-ea4065ddb0f1,1
a8d9561f-d876-5181-851b-c91867a860c5,7a5c9bf0-3d60-cb83-b6ed-9297cba63a3f,1
a980a65b-11d4-673c-ea6e-343b946ee4b1,0bf7d165-ec85-389c-2ee5-9056c2d2451c,1
a9b10165-26b2-ca1e-c6df-c4374bbaf128,7d16d1c4-5415-eefe-2984-b7d165e38dd5,1
a9c1a47c-826e-377e-229b-67ecc021ca58,74ec3d6e-c30b-98ed-78af-8c6573cfdd6e,1
aa11055d-69f6-9bba-0873-b8847a295e6f,a412e5d3-3b40-952b-1cb0-46df6503ef95,1
aa1819ef-6490-8701-8643-e9856d0df6ae,8d13bbc8-212e-889a-29ed-0c282f9bd756,1
aa2b69df-d3fb-fd88-323c-1f67337fe9af,01d585cc-71a9-9a25-a357-1c03e87506c7,1
aa8d1903-10c5-401f-b902-653a518e6ec1,ceefc159-a1df-4c52-7d94-2bdec34a9edd,1
ab4088fd-3b7c-4ab7-8535-d3ab66dfd6f0,21e82917-d416-8142-45ae-18e8b50ee4f9,1
ab63fa14-1df4-4440-b177-ff5d8b7f877a,5c80edb3-b0ac-2e03-dd37-251d231274ac,1
ab995a90-237c-4740-e6d1-8a26e745d283,8d93fdad-0ce1-5817-1125-b5316fce3d56,1
ac30a104-3400-f24a-af86-9acb8e2e1e41,057bce64-eaf9-a88d-4f34-436086f1ec48,1
ac63d398-9995-f4d9-e486-0ffe1e2e7c97,7cca41a5-0eb7-f512-edb3-92d6822d86c2,1
ac87f215-925c-cf9d-2451-3889ea0a3625,81c26149-94de-0093-8490-ddb768a145e5,1
acbb5439-c7f6-e2ae-3d5a-b7fde305c4b4,e5a1896b-cc52-1412-0366-6d79148f2197,1
acdd0619-066f-ab04-c86e-40654ac6f925,193f5c4e-b2f5-4ab2-ba6e-798715adaaae,1
ace2ab02-1ea9-05b1-8c6a-af946b055e49,4139a17f-b5de-1079-1813-6402b4c23a69,1
0c994712-860c-cf92-e3d7-4b61e45a7dfa,ae02548a-c63f-2aa3-ee03-66b2834969f0,1
ad4fe4fa-6fba-4a17-8b97-3cec2d9b2e0f,68bd6696-86d5-38e8-666a-8c3eb0bc3393,1
adc5abaa-99d5-88ad-8054-51240020288c,44a2ac7b-3d9b-6280-c9f9-3b5e37b3703b,1
ade16144-17c4-5112-2331-2ca959622bdf,a9a0cdcf-f787-4089-8d8e-aea172b4fde4,1
ae3aadb4-40e3-d4de-00f4-5a1b9b957e25,7fc5d59c-d25b-4e0d-6e1f-e6606d148020,1
ae501a4f-384f-466f-8a0c-bab375de794a,a1f6a3aa-54f4-3eb6-c981-cd528226d8c6,1
af1bcc6f-3506-3433-b491-dd35444dc6eb,b8e00f37-6a5a-4728-0557-e304a8d5f74a,1
afa36a4f-e131-42cf-b690-b6ec3b3a799d,912c8551-779d-f32e-a22a-f165ccb45049,1
afb2c525-ad8b-52d4-3a6e-4d55f3035665,b7b07ac4-8285-8f40-91b9-7fd450aba6ed,1
affbb565-e8ac-79a3-627e-3d51617b9e26,9050fb01-afd1-88a7-5dd0-b83842081b33,1
b018fd4d-ef41-c82b-065b-f186824999b3,e7d74047-6faa-a44a-e4ef-afd51c0f0082,1
b02483bb-6da8-da7e-ba89-c26639533974,13e2091f-fb6b-9473-ccdd-367f5f539716,1
b0e878c9-6571-43d9-b111-b4a1ffc45bee,918291ce-c4fd-0e1a-610a-780d92ea861b,1
b10f80d6-b80a-0558-32c0-19aa5ffd1661,17e329db-c225-5f20-542c-bc4ac54db73f,1
b15a21af-6a73-2ee9-6cac-5784892d27e5,fa33990d-d5ef-828f-56b8-af305363913c,1
b185aa40-ccc5-4dc7-83df-b6f5ada2febe,574ad0cb-2df0-c694-f1ba-d5f1832e2c48,1
b1a70c4c-ca78-0568-82ce-b14dcc293791,e6f434d6-c087-e7e5-1c93-ca144e295816,1
b1bd2bad-9041-d3fe-41eb-06cba59f4343,a30829c4-6c18-de61-f27f-0d6d006d4c1b,1
b2a442f8-a1eb-265a-a0f5-dd03b03562d9,c1f69e6f-e415-fa34-58df-14cbed8460ed,1
b2b81ff0-d056-ced0-481d-c17f1f6ed4a1,530f9c47-cf71-2b13-dad9-809951e84c2a,1
b32e4dbe-0b30-c88e-e4ef-94d7c7947aae,a330a9e9-2765-cced-e114-bf8404dc7840,1
b3744299-b73e-3b24-ca04-c21326c9709a,fbe158e2-f586-737f-bd4c-967aeb31a126,1
b377ede9-6b93-4054-a5fe-74b2abe97525,c93adced-9c93-eb4f-74bf-ef02c894d259,2
b37b453c-41ff-4b1b-9d74-ad4122612895,a492b311-c494-9ba8-81db-e40f3f68c77f,1
b3dbc877-9340-296f-a72f-30b9e9d962e5,409f3a26-4c26-6432-0a08-946913368642,1
b3dca5e0-c43d-f3fe-e182-8d6abc1676ca,a24cd8a0-04b3-30b3-8957-5a49cd949e2d,1
b4056d3e-1068-4eb2-8c0d-196e063a61d8,af55aa72-304b-d0a8-1882-82723ec019c0,1
b44b496a-328e-78e0-8beb-796625cd8e9d,e2b0138c-43da-7e8c-06ff-68c7425ccd57,1
b47e7819-50d6-447d-b109-2c27b75cce71,dd894d06-25ae-e38e-3e78-a5310ccc1ffd,1
b485dd2f-380f-1f4b-1029-134d77d04462,6ac23e46-e624-9ac1-42b1-f220b64957cc,1
b49c1939-c6f8-4804-b24f-d3ccadac2ab5,512f1dce-1aae-8498-6dae-c2f86c8e153b,1
b4adcff1-157e-4595-af90-2a90538c1834,3812c27f-2cee-1a51-4f85-559cea7670c3,1
b5919745-193a-dcd0-e388-5d92883b8655,675bfe72-21d3-f7b4-38d9-c4e66cb69c5a,1
b5c85462-0285-a495-c33f-843cbefc144e,fafb359e-8212-967c-da63-b03742c2f8a4,1
b5e2d14b-d25b-1ac6-8c6b-0a4ffbb1f2d2,dda070cb-8db1-9f3b-bd78-5d774dc992fe,1
b69efcf4-9e9c-b771-8c88-ba30d56ac713,ece83fd6-2730-f1ed-cb16-6be8c10a55ee,1
b6e26462-75d6-fb7b-4866-909a029784f5,b1134f2b-9147-41f3-5c90-789060f258b7,1
b7be4018-04db-4510-8ca0-4ca7a41e49cb,0721682e-7dd2-0a4c-2ae5-c761f557207d,1
b7cd8276-9424-4af7-02a8-3e9d35d262d3,13436933-d561-d4aa-1f5b-3771ea548408,1
b7d7ae5c-8ce4-d882-8682-dcc2955df3a3,1cdceb46-2d35-bcf3-3b6d-20cf33497158,1
b84f84b3-d1be-2e11-1ae4-a7042a08523a,53078a71-7a3a-84c0-e660-10adabdbd063,1
b8942301-2e5b-2fa2-8313-aa1e5c254878,e19ad810-6ad0-22c9-6f13-78ad747a08f5,1
b97f25f8-250f-e525-b55f-57cb3c08af7c,f9482a52-7577-7f71-6e16-4807f49d9ab1,1
ba6c2db0-9a9c-18ba-6ecc-433782c73240,0f80d075-b210-25fc-1ddf-460dde3a139b,1
baccabf8-bf34-0784-d224-b23026823e31,e888e76f-ef4f-33e3-d075-6a981f566718,1
bb0476e1-19e8-8369-c45a-b3422059089f,27d64f41-31fc-3a3a-3ad1-cdf35996cd33,1
bb106c87-c60b-b653-fe0a-9af01830157c,307cfa17-b068-95f6-9fa4-2ed22a96f362,1
bb6bac0f-e26f-b4ac-dfb2-5e5a9c5aaedb,9a0c4958-4e3b-8c1b-cd01-495e96f426cd,1
bc10f8d6-4ebf-7fcc-557f-d762d6d01008,d35666ab-90bb-104a-7ecc-3517d8859734,1
bc62aca6-7b46-8baa-5917-a76a88e3b391,882c572b-ee99-1e20-4be4-cbeaa523dbee,1
bcfbd51f-14f3-01cc-df74-eb7cdca5d0c4,502e9916-e1a6-2595-4f76-18152bcab15f,1
bd0fc002-918a-e35a-1a2b-070900cdeffd,40141c5e-81c8-1903-46b8-5207c85c71c5,1
bd167d95-b8dd-4910-bd13-cb100e963927,6f69956f-9cdc-5beb-5968-1518c7743df5,1
bd45b4b9-2f96-ec83-ccf8-f0f8e465e704,ed747716-dee5-5d2f-36a5-30d86005b83b,1
bd664d40-a78c-36bc-419d-dc79a5d1efc4,08a563f5-f748-9de5-8fb7-31be4ee2ec2a,1
be327a36-b51b-5cee-9604-a03c45f9b3f8,6a7490ba-f8b3-de51-0490-02dff4fda7e3,1
be87be0a-0edc-7288-2766-b16ed70e4ea7,648b2287-1fa6-b5fe-1ad6-16cd3753aff4,1
be9bbdf3-8f17-8240-8165-6f46b2815c30,277116f0-ea13-f461-3441-7bdb6859761e,1
bee9307c-371a-ae87-9b84-899b65a24f6a,8b834eb5-b63a-f7b6-eb03-ccc7192a43de,1
bf0d977c-09e7-b86a-a579-258eea5249a0,2e7e4509-ba74-73b8-1d62-6bdf88811f6c,1
bf746947-4033-d4cb-b75d-aeb42533d2e9,4ffe8053-664e-80cb-89f1-f9d756b2e151,1
bf78f81b-aaf3-dc20-010b-3ae2496ee6e7,99999b0a-69f7-c5d4-5594-8aac0c9e21e0,1
bfea9e02-6990-4265-5f8c-d77a43b958b9,23031b29-002c-684d-601a-11d529b37ffa,1
c00194ea-40d1-da3a-f92b-b604eec3279e,d4f815f5-04d2-b9cf-e1a5-1d96006cc801,1
c08ad0d2-bbdf-01e4-ce21-cceb221ae52a,9d14c2c1-9677-66e1-333e-e7f60b54573a,1
c0dceda6-838d-09be-6d8f-41619b724df4,f2439f9e-f96d-4d05-6281-9f16e8abfe7d,1
c103179e-8d40-48b0-9991-8d487f805866,a8a90ace-92a8-7647-4d29-45d0bbd55090,1
c1aff6db-9068-316e-5db6-fea697bf1cef,464e0969-105e-58ad-e5f0-50a60dea2638,1
c1d2fe38-ab84-4e11-0630-fee614b2bebb,3f507df4-ac19-ff1f-889f-cee13dc4c7bb,1
c281be6d-28c3-b65c-92ab-d2c7718b1cae,b70d1888-75f1-b302-2d6b-10fb3f63c19d,2
c2a7f717-5ada-acd4-cba0-259c35f705da,8721c17e-bdd1-3e33-f8f0-a8ab96cc3a40,1
c2e936e4-90fa-87fa-1881-8a51ffa81bf6,9466e005-3f92-f94b-c222-23bba2fb01ea,1
c2eadb58-ee17-449a-6f98-8b2e06934197,ea1bba5c-c904-d56f-7885-7e23b8bd140a,1
c3821e54-c82b-aca8-3fea-5f2b5a0caabb,3a7f22a4-d2d3-0f36-61c8-44f63bde8ee5,1
c3eefe47-b0cf-495e-a579-19cf4fccb539,d348b749-9f64-8b08-3368-cc206b48f9a1,1
c4377bbd-881b-0d49-b760-30f5700695ef,43f5c951-ef80-fb02-49a2-a2f48125f62c,1
c5250512-0a6c-427b-f929-a8edec9e0dcd,fe22c79f-7935-2314-106b-fdc09b424359,1
c557d3aa-4004-364c-b0cc-e23022e07c98,217c11b7-7c94-6f12-fa63-36897ccfb367,1
c5a413ae-3a08-4720-8c5a-6e510da603a9,e068052c-f75c-0fd8-f5cd-084060a4c80b,1
c5a72b42-9316-2d19-3ea8-6369476de0d1,6fb340c5-be44-0f39-5857-1686b4a107fb,1
c5e35046-2593-3c1f-557d-f9387757bf66,91c23e72-7be9-b5ac-3092-7c0e5b291ae5,2
c5e45e76-4fc5-2cad-378e-7eeccae477af,86812010-d120-109f-2086-b517d31cecb0,1
c6694f70-30d6-0e5d-48aa-6dab88152b5a,dc0ab1a4-78b1-fa5d-5b21-6a40cce2d50e,1
c6a92885-4de4-e212-3980-f7774fb0b0c5,8269e5f6-e576-98b7-58d2-073bbdd1928d,1
c6d97596-c919-47fa-9562-6073a30edf55,05c09a8c-0e85-87ab-7535-a565c91cbee0,1
c7bfe326-beb4-8614-8565-b03d1ffc69f1,eb402386-f7b8-3aa1-5408-657cdd63904e,1
c7f2ee1d-33fd-4908-af6c-c0fadcaad9f1,fa7b39d5-2a12-8c64-442f-00aac35e35c2,1
c80e193b-a5ea-4301-945d-6524abdd2f2b,0679a281-7179-1c47-1654-7dd753f73f92,1
c8497b33-8a83-caaf-2e84-905339e93deb,6e662806-c1dc-d6c4-b304-92dfb73638fd,1
c88aceae-692d-2a64-dc17-7775d8bf6e8e,383b9a1d-13c3-8850-b009-e43755542f91,1
c8ac38fd-06b8-4161-8a22-843a26bc70cb,c93adced-9c93-eb4f-74bf-ef02c894d259,1
c8b60327-c775-953f-66cb-a777784141ea,a11fcdcf-31a1-b7d5-3ec3-8cfa7ade5b96,1
c95a3b84-ed26-89f6-02c5-8b3a09de76e5,5b4c8080-1b11-2b14-e198-7b9f48113dfb,1
c9601f4b-5e6f-4e05-a805-582936941578,865f7c45-c2a8-ab7f-9c80-e60edb099471,1
c96272c2-275f-7e48-ace0-f5e2a8345291,b43e45a9-614c-7d08-358a-857d5ba5dab5,1
c96d2611-f55c-9766-b022-1bed34e5de57,6b2ea474-a1ca-6608-1b41-269daa11f7a7,1
c9f31e37-f141-9dd5-5ad2-5bfc93a43542,2943594d-67f5-c5d7-f98e-571422b0eeb7,1
c9f8c4d5-3e04-fd20-02ab-4a6b0868277b,c5829b57-9c61-aea0-5d4d-ac5a1fedeb87,1
ca466843-6953-c209-be38-6b4c8216242a,52bc8ca2-d067-fa4c-a2c2-05e9e2bbe74a,2
ca5ea022-dfd4-7b91-96f6-b93b64b9f30a,8f60fe85-1ca2-edb0-0cd3-e4be91eb9415,1
ca6a4a1e-1c39-b958-9c26-2b880626186e,67d5c0c6-8b36-3671-8a31-6b936ba13948,1
cacfe7ad-7a92-075d-52cb-2900f4af3e2c,b109d1e2-5867-ba21-238e-838889ad8e82,1
cb4d9883-f4bf-86b4-6a2f-cd13d9953bca,f1d186a1-e0c0-c3f9-7f09-981bfd3bb873,1
cb6ff431-154b-8f54-170a-12f8f549926e,cc6f8c08-24b7-06b6-67ba-0167ffb88bcf,1
cb924755-f625-4551-a720-665eafa0d422,43475e02-8b89-ee9b-a617-3cc9dfa18acc,1
cbb8b623-ef46-0491-19e8-79117f978bd8,bf37db4e-7554-df09-8927-cfb3c1f050a5,1
cc086d5d-3874-0dc7-20fc-f92dca3caff0,1c9a61c1-05ab-4cce-b6e7-7d8f10b01b9e,1
ccaf98a7-6e9f-4525-8069-53d1cd605687,e2da3d05-f996-c84c-c1d9-4218183bb885,1
ccc91f09-bc1e-260d-54fc-38d0b907b15a,d55dac30-9a2d-889e-c7dd-26900dfbd0a9,1
cce1a11e-7d2f-1f35-6c53-8b388dd3661d,c25237ef-caee-f522-530f-871d8abe5fa7,1
cd44d1c6-c341-9da8-b2cd-1b26191b8533,2865ba98-bbef-3882-d00d-f1a11166fbf2,1
cd80d0b9-08d0-4616-b523-8c1f276c7665,4b7111ea-9357-b891-eac8-dabc6fece99c,1
cdea60f0-c7ec-5b17-31ce-a270bdf14585,42abee3f-efa4-edac-1048-be1f15fc8b4a,1
cdfddef8-d88b-7fd9-aab2-dbfe0290403d,e15f7d5f-cce3-b18c-a24a-cf4f7f10100d,1
ce0ff720-28b2-2a0e-29a3-483a870ffcf9,656d77f8-1751-b160-8948-a47cfcb25378,1
ce2fd4f3-6821-e51b-6723-11ac5be38d14,9914586f-abf3-e432-a16a-29673f3231d4,1
ce3e05e8-e859-15e2-ff67-0d436ff5b1be,9b47b39c-b028-9f90-8d02-a890c00b0c7f,1
ce4a0cb6-2008-84a9-85c0-ac03395850ab,5bd5d182-772e-33b0-bbd4-49f9951ba664,1
ce5e4cc3-93ee-8c10-352c-5a5f64361f6a,4a26a488-ebe0-1d95-3c89-01510814074d,1
cef7f7ef-8ef7-25c1-3886-dbcd2dd53ff7,4009cfc4-f615-8e65-b214-7109dfa29718,1
cf214635-6a46-7aec-dbae-16ff1c2baa4b,55d0251b-e481-2b0c-6c19-a6c444503002,1
cf41538f-9856-f16b-64b3-584e0e4531ba,2c504acd-6383-1076-1219-c1040c0ec578,1
cfa18abb-0853-efc2-8a39-6d5600a36def,768614f8-a6f2-d1b2-bd4a-69f76cb658b8,1
cfd818d1-1fd0-8dc1-92da-c8201ea14149,cb250bc7-cb11-f8b5-45ad-d1bc2030b74d,1
d0089100-f8d5-028d-918a-5c8ce1b9b425,ce8c17ee-7879-7ac5-26f1-4712a74e241c,1
d029cd73-e874-9505-11e0-3d6351490543,ac3c0c32-be63-a015-1f3b-ba7e4f720424,1
d0580b24-754f-d028-dbb2-70138a2b5434,cd7d15de-80f4-8357-18ff-de5f99ce39cb,1
d06626e1-ff01-f50a-ff5c-a6de8e916bfc,ae51e4dc-1d31-2caf-1948-50638a7a2079,1
d0d69fa8-38c0-3095-93e4-2dce2e335315,7c71eb0d-dafe-6c78-1054-f195c1d4bdd0,1
d11b051c-610d-45f9-84e5-85b54d87ef05,6cfbcb4c-ce23-a57c-5869-12d6806f02e9,1
d11ed701-f828-4144-9902-52a0c38cbf2a,8974884c-8d29-d0e1-4eb2-a3066e3c3855,1
d186ec97-3887-b997-1bd7-9560b8a803b0,91539306-9d62-4bed-a989-787e1e3bb43e,1
d1eff151-3898-f3ac-bf90-5eea45a6b8ca,a5ad8129-931d-03c5-2a75-68629c0143bf,1
d22ce655-1ebf-75a4-8510-75d872e54569,f71f597b-2cbb-4e64-1e11-3c264d6fc1fc,1
d24c77c1-7339-91b5-fe0b-54010a2063b1,d00d2752-8758-9921-c9d9-f1f4256ddad2,1
d28833f6-efdb-afb1-871d-f19db7bb44d3,56b10a00-6222-a00d-95bb-e872df83bd48,1
d29599ff-bc9c-7e92-a2ed-eb0f5f2be2e7,cc57c3b9-2343-6722-9404-6954822496c3,1
d383ee99-569b-6014-3850-42b1f7b2b85e,099a34d2-32bf-f2cc-4424-476b6f98a9ef,1
d3a9a76f-1044-6ba5-5e35-8a0d861a996e,1b3b6319-ab0b-110f-9466-fe45f2f4fd13,1
d3f9e49c-0db1-0bf6-8f0c-2c80f37bc16e,ad518f90-04b7-8882-4d1d-529e98f134f3,1
d40a97fb-4cbc-9690-0dc3-c932de6fa5ad,da0d5e88-aac3-2880-0413-ba49cda7ab65,1
d4892fb5-bb14-0ad2-1829-79337a2df046,ee6821f3-ded0-031b-6e98-8a8fdc90e9e4,1
d4f219ce-e775-9a0a-bbfa-31d0442f30d2,98252db0-1460-eefd-5cc9-00985a6222f1,1
b8c6f745-f52c-5774-6fbf-0932a5144ac8,b32b9835-9d34-aef9-dd44-a1bc85d30e43,1
d57137f1-c14b-7717-4ab8-97120175296b,a6bfc00f-2a4e-7dad-cfa8-6060ba882366,1
d59abdd4-c2c9-e086-f86c-63e79a186b85,8aa4102b-823e-5150-052c-2d502f4b1fd9,1
d603ad15-e9ed-1abf-9525-65c776a5b642,15b7533f-22e9-2dd7-391d-fa7dad4ad41b,1
d61a4e5c-b444-d9c2-03cc-28197a728890,9a15778a-fdbb-ea8b-a749-fd33ffb4e363,1
d63065c8-ba29-805b-624b-947ab574cb13,4cfa1153-2439-ffd7-b74e-2cda07585417,1
d639109a-16ad-14b2-ec63-76264404beed,a4315093-3e98-f41f-95fd-b8108ca97e32,1
d6876bc9-ffd3-6dcc-c671-3c9f40b30309,88a29cc2-fb9b-6758-978c-80880eeefa64,1
d6a65a6a-a8b6-ef9c-ebe7-c89bd4cf1edf,e5dee300-5e8f-6a6c-fe21-7a3098864821,1
d6ce242f-b0ce-0f9f-b0ff-06b41d88fb23,d5797c06-92cc-c99a-b845-2ce73a3f685e,1
d7595e10-5e41-436f-ab0d-def9e74c7c9c,0d07d252-6b1d-cdca-106c-029c5dbd3ee3,1
d76c9286-83c6-4f18-e813-9ce70cf96293,7aefe0c6-659e-69d0-7dba-45cc89af14c2,1
d857ccad-5339-b859-e5e4-20a036cfe63f,6658209a-4ae2-cb5f-7ded-f25e8a7a1c9d,1
d86ad975-6329-a848-96f7-ff1d761b8db4,7cc464b2-a4d8-af3b-958b-8f8cb5846863,1
d8953be3-8745-5329-f4d4-333fcf37aa22,acc08ee1-c2ef-9dbc-53d0-b56eea00033b,1
d960a2ec-6aec-74b6-e5ea-e73d01db35ba,e4e040d7-3333-1573-80a4-3bc916813a09,1
d9aaa11c-8b19-378f-c800-ac5c917fc603,f0b563f1-8230-95bc-5e18-9efd2a86abb1,1
d9ac51a6-b48f-8d5a-e193-f1b2a987d01e,26969ce8-3986-88a4-eb60-a0a9c0394f6e,1
da1f038a-369e-454d-237e-d2d1d87133fa,c896d8f1-edd3-8f4a-19c6-22748eb43e41,1
da46b4c2-6b30-4c5c-5f11-1bbadb51b0db,fd8667b5-1ec5-b811-25c9-478ec1983f13,1
db0cf277-9a3c-d06c-d6ce-5d38a879e923,a3598a79-cb7a-6e31-de77-89af296a8daf,1
dbe25989-57e5-e77e-ab35-2e448a9b0018,376bed7b-05b1-f528-4c1d-02ca31f115af,1
dc06e98b-3be6-e15f-69df-d1a61dfe7bbb,634ed1b5-85c1-cddc-7fc8-893dc32800a3,1
dc1be39c-da1e-4be3-9738-f8ed07d0ff21,bf800acd-2edf-ce4f-45b4-54726c4e8e33,1
dc692566-acf0-b3c2-0c8f-63001a261105,1793b396-05d3-21d2-b31e-065fd841cc34,1
dde9d597-3b14-5d4a-03d5-7b43ff2574f5,487b0d6e-cf81-b39a-89bf-2926a5cd9ddb,1
ddf3ffa8-6814-6d66-9364-d4ce0e372a12,97131141-0885-d352-f7fa-68a36f614cf5,1
de49f15d-362d-7078-3269-8e6f12f556c9,9b687f38-ddcd-df3f-9732-e1093eddc148,1
de956c0c-9d3a-fcce-cd13-bb526c7f5d85,dfb2d664-14f9-ab87-cdc6-dfd505db6d2b,1
df5d9349-e94a-9f4a-e453-c0eeee6d5bb0,850d9925-6838-352b-f940-d566f436eae3,1
dfc214db-4446-6b51-d6ff-7d78acb11de7,74adf015-25d9-afd3-d0c9-20265150aa9b,1
dfc4ce69-824a-4e20-a090-d58d11da940d,eb771dac-8758-b78f-75ca-1373659b0ea7,1
dfe47269-ba89-feb0-ef80-159a4f214d0c,e518046c-e157-0cdc-c6e6-f2ea2d66d9f3,1
dfec9d57-a05f-b4f5-3aa4-cd8f762f2134,a0826cb9-206b-73ce-b78a-f1f664c16973,1
e05980f4-a319-4c52-b310-0160f1816343,8269e5f6-e576-98b7-58d2-073bbdd1928d,3
e0bf3b9a-9127-4274-8fb7-3671dc000e76,2587e17e-8f7f-2c32-60b0-fde0eee5d952,1
e0c8c270-de9e-5ff8-673e-81dec6633557,0f5d674a-02c1-14e9-084b-05f734648fe4,1
e11f1636-0948-785e-c6db-9261710e69fc,c14e5920-79f0-1783-71fd-d480790798bd,1
e1ff4e7b-affc-843c-f03d-13e2a0c55a9a,ec6dd84c-c125-f9bd-4078-8d79b2d2cc1a,1
e2373451-5a4d-43c0-9594-7fec4fcce5d0,b102a892-8d96-d9a3-602c-3eddc09efbb4,1
e2457df5-09a5-f04d-57ec-4cb045df7f6e,7debea2e-19b0-5569-d446-b6551c710468,1
e2f3038f-f7d3-79ac-4d14-55d9b1454632,7484a704-967d-9230-5887-709e43cd6974,2
e2ffa00b-6959-485d-a061-54a976ce127e,36d62903-9432-09c7-f238-c9d0aed7bdd2,1
e39e02da-5901-ef50-1b86-db032f65cf6e,638babc6-8156-0ae4-2c12-99c068060530,1
e43a6a9f-8916-9c84-d5f8-f1083738d186,08205432-1654-02e7-c80c-2db4c0603880,1
e4ab5605-d071-d9e4-afc2-f8f7f8cfe246,ca725938-2043-a020-b76c-5a35cace06d9,1
e4ae2b6f-4286-c67f-17cc-774a478e1157,e3fac85b-9172-64af-afe3-3ad81dbe1582,1
e4c61d42-362c-f026-c7d5-034d4ccd7646,b78847a8-2eb0-f4be-8e83-e8efb6bfe053,1
e51d2a13-3378-4234-b21c-c43a9fe52edd,130b2e87-4a84-3023-0905-fd19827613dc,1
e5e3bb2a-0127-7576-dac1-99c4468589d2,2811c229-63c0-5ff8-6512-371896023c7d,1
e6b56196-9b3f-0d79-4c9a-a5abe0dbfc27,9e4a9e1c-a0a7-20cf-4e3f-d0d06fa569af,1
e6c28f02-64c1-d609-12af-a452829526e9,474ff9f6-e78d-ea4d-b052-66ae16bd429d,1
e6ce5292-0843-4d58-96fe-5b3c925c03bb,81ce0b1b-0887-86c4-6533-bd5bb1da3469,1
e6ea63d9-c92e-1557-83e1-42598fa8a49b,084bdd25-aaa0-ba7e-1b7f-42575c64090b,1
e6ffc7d5-62d9-173c-39f1-5afbad5c310d,88d7b834-4ca7-9ca0-2c0e-f76b5d470b34,1
e7222bef-3928-ea82-9e21-b2958616faf4,83d899d9-2aef-675e-083d-78397de1199b,1
e7ef36e0-154f-ccfd-ddc5-dc9c5c288471,f89a843d-51b6-f7e8-0af2-c649ee943ce3,1
e86e700e-5291-617a-67bd-80aaf2a107cf,049a1ea2-90d3-5524-3565-9de15ac3f411,1
e8a8c379-3167-7ffa-4964-3bd44c290efd,b05e9bdd-9b08-7be5-eb11-9efb5059d956,1
e9383253-dc18-46da-257f-0e7846aae595,0cb617ba-c4fe-d28a-bc3b-9a006392aaea,1
ea2e614d-cd2b-4ed2-929e-39363f543ea3,544605d9-342e-aa9e-afff-96b113081ca0,4
ea4beb27-e52e-4eed-4ce5-cb604a1291a3,bca929e0-e7dd-1bf3-47fb-6f4548fb2514,1
ea87b18f-1e87-9688-0919-0a3d7eadc29f,00e7063e-44d1-68bf-33f3-2125bb2eb79c,1
eaafa2a5-bcd9-f3c8-1767-83211ebec1d7,1fd76b34-780f-9ea6-effd-4b64b6f972eb,1
eadb3007-e930-303a-ad68-94b25b11b081,6e311cb9-5695-95b6-7b7f-0e9a9f78922d,1
eb3d81c2-c029-a217-0f98-45782a0460ec,aa51d831-2fc1-ad38-d641-0c85ec471a25,1
eb9e773e-b8d0-42dd-bca0-9eb3c9efd73b,0c85d6b1-c59a-9cc5-837c-8b59cdd1ee6f,1
ebf5eee7-5ce5-a6f8-0793-42fd9510ccd6,e6bfcc30-5a5d-e246-a939-ba1a62b2669f,1
ec12112b-4831-3012-143d-4c3a21694a64,9c9826e2-9bdb-c671-3aed-6a94806009e1,1
ec404222-613f-9546-c043-f119a53aed70,d45748c5-efcc-cf84-05b0-dd67479760ab,1
ec4e13c6-ff4f-74a0-5730-2104e34dbbe9,53db10c8-ef86-edef-0720-c83a132995bd,1
ec8ae74c-6926-4743-b65e-c99a9514205b,9b98817f-fb6d-4ee3-e914-4eab85cb1216,1
ed16998c-232f-4f35-ada4-dd2dfec2df6b,ffdd025b-0669-259e-a5d8-3201d835c466,2
ed343947-1d6b-fd9f-9592-eaff13fe827f,a3d1e019-cfa8-bba4-6e6b-e6aed3eb4ee1,1
ee00caf7-d6ef-4533-b01e-823370bba335,0a4e840a-840c-b465-7e82-ff7d699de4f7,1
ee98078c-4e27-e8f0-ce86-f92b3e93187a,a44ff9aa-7828-a00c-9b8c-3e10a0ef7d1a,1
ef4660c3-02c9-daae-5171-fdace083880a,00ec81aa-77aa-8bdb-d1fe-cb5b77c8fdb6,1
ef6bb475-a556-eea9-51fd-a7e98524b77f,37338b06-e897-00a3-bacb-e5d0f9bd6ce8,1
ef738ee7-3560-1aa2-a5d8-2faf6ebf7ab7,fcba94a4-13a3-28a2-093b-adebc3adf195,1
efde1071-91be-5c73-9170-2df22ccc205b,f1648822-4c30-e49f-e1c3-95060be5970a,1
f003fc33-ba87-3708-7b4c-4e6ca0af0fd0,6afb05a4-b22f-d58a-352a-58e5aadee2f8,1
f03c33e8-b82f-0f00-e315-23bbfd90ada4,529bb525-bba6-2310-06f4-50852e202654,1
f062de0d-4d08-d0ee-b2cd-fe8d413987ae,885c3d64-2c2e-14ad-437b-27bf87ffcbc2,1
f0ecb74f-b11c-ad53-6c87-6a31e59e99d0,4fccb9f2-26df-a91e-70d8-3c630fd36e2b,1
f12a3586-95b7-c1a1-0df8-a3a580cbf221,e7cf1c5c-713a-8682-09ed-9b0639fa092c,1
f21a8857-5d1d-4b7a-8c85-5c7e75e08855,a1257551-aca6-f562-2f6b-68b451be5877,1
f23d06c0-c3d8-e98b-1e90-d97467fbcf35,07a1a174-d6ab-69bb-bcf2-f6d4e7b1b57e,1
f25c9cfe-4878-179a-100f-c279a3fd2bc4,5f2d710b-698c-aee3-b10f-94443c3dd7dd,1
f28d2052-625d-8439-57d7-876d68344e1d,747e4279-dce3-34ad-fdfd-e8f4b9fcf2b7,1
f2ac6130-4095-947d-934e-b33f0402af0e,3d3f5164-c67b-0d33-5d43-a48dc6f9dda1,1
f2aca1d1-6994-8dac-ae3f-708e33ae8eb3,ed88ca61-eeab-8834-95e9-3186856655f7,1
f2b83390-b616-421b-8f43-8262dd7f81d8,933e8789-35d7-695c-2ea7-5a8a8547093b,1
f2f7a5f6-720c-4336-62cd-915d3ec225da,25f1b1f5-a155-38ef-48e2-723eb3351dee,1
f3fb944b-72f3-581a-ee5a-ec2ea000b5d2,dc92c0d1-64f6-240c-ebe7-41bfb1d07300,1
f429af20-a6cd-7e2e-b889-09da155d26a4,da8a240d-ec9b-95a6-fd14-03f54b404c91,1
f45be2d0-db42-4b10-9f9d-aba6a27780c5,8e60f2c4-ce93-bfc4-1337-22ad5faff2b9,1
f4ecb08e-7574-429f-9614-609810d9f907,0b5ec7a5-8549-dbd3-5a01-8df5847227a6,1
f62b7a39-3dc2-3e32-c9a3-08c8fcc4a7e2,8805735b-9438-949a-e9d3-1e8e8d45a9f9,1
f641702c-ef4e-d831-fd0c-1aabd6f2403e,c9e176f4-981b-9e53-9e13-75920861002b,1
f666fcae-255f-36f1-87f4-aa7f9a354d7d,1546ba0d-bb36-0c6c-cb7e-287fc60ffc0a,1
f6c787c5-babc-aff7-2a28-e21c1abab638,6d500828-6628-3ba1-bbf7-eca9796323a6,1
f7139136-9aa6-40b7-bddc-11f5012434c2,cb0357ec-59e9-9d5e-a02a-a9a24339e74e,1
f78b491e-d141-4100-9ccb-936efcf4ad61,865f7c45-c2a8-ab7f-9c80-e60edb099471,6
f78ba8ce-748f-a5c7-8b85-759b000cc1e1,66d1db0f-7690-f185-7ddc-d03bb259bf8f,1
f7d8e7a6-ce1b-70bf-daf5-bcae8e929959,22fc5d52-6446-b0a8-dc3f-c58b225ec0a8,1
f817b90d-c81a-d7dd-11e5-4b1a1caa398e,f4c0b909-f552-48a1-ae50-68c7460bbdfc,1
f835df2a-62fa-19b3-954c-dd99a8a859f7,1822ddec-e8d5-d5e4-fc54-ebef11254ab0,1
f8862a29-3a58-e933-d08e-5fd11e434ff3,2dd801bc-1210-00e7-ed00-69aae0765a61,1
f89b4f16-5d87-685e-2a0b-fded05af550a,0a4e840a-840c-b465-7e82-ff7d699de4f7,1
f8f69615-e3f8-be93-09f4-474cf961f843,fe43d5a7-3b0c-1ccb-03e3-9dc2c711ce85,1
f8f76ebb-1a2a-02ea-ebaf-1e941ae3d3be,08da4bbf-47aa-bfc3-93f1-e18ceaaf42b2,1
f902ad17-2d46-9a29-33f5-4a82b3a198bf,f35bac19-78d7-2ffc-c158-744965e8fdc8,1
f91d280c-4a9e-4fdc-1265-9a5d86e2276d,54d3f12f-1075-d62f-df90-8ac19ff60dba,1
f92856ed-bb21-0ea5-e051-e5de6a0754c1,3bb06e74-ee7f-2f46-6f88-423e231d1f2b,1
f9818830-1189-e24b-9cc9-2b072670f032,0e5ab405-1048-1379-4eff-45d1ed40dd95,1
f9eeeb09-ea8c-c7ab-122a-1c918bafde2b,933eca8d-831d-abff-82d5-d1b0f81cd693,1
f9f3b830-0d11-26fc-1300-bc18c9609d37,8b234c38-bb93-ea38-1a93-49157a7f3e34,1
fa7e9746-0760-bc90-4e0c-d81fb7660037,13e2091f-fb6b-9473-ccdd-367f5f539716,4
fb75ca3d-b9f2-be24-297d-f91caadef6b4,923b182c-d6c2-dedc-fdb2-5e35d895a61a,1
fb899504-5fb9-6a32-50c8-e3d25d07f590,8b78adf9-a21b-8a49-ceeb-11495a328070,1
fbaaa6dd-b43b-32c2-9ed9-2e60fe2d4dfc,974a5134-395f-d78e-638e-af1c40ad3ce4,1
fc2ab2e6-8468-4cb1-a615-3cb78b0a5d2b,1bb778c5-83c2-e3ca-fb3a-0e48727f6120,1
fcc77353-cf22-67a1-4fbd-fcb504211c94,8fc98382-2a16-0ee0-9762-50f64171b62b,1
fd31be6c-5337-8e1e-9fa3-325cbd11a8f9,6e051402-90cb-093d-d2ff-9b15b8209a86,2
fd4e15f7-5370-fe41-5d39-0f8bab8025a0,2a09009d-5991-090a-442e-73f192bd0991,1
fd6e9803-6e70-6301-67d9-3d18c4fa2f0f,37705076-d662-1f5a-088b-c9e8c40603a6,1
fe1acac8-ff88-85be-81ed-b0ba2f8c9a15,dd36089c-a2ed-88ea-f982-06cf759b986b,1
fe2259d9-650f-5809-2c8c-61826997dee7,9ca5fc4a-5c77-8d40-904c-f212d681ed8a,1
fe79c418-1743-af11-e705-19a7a36c0d20,4916eb41-98ea-a81e-5a3a-1195f71a5e31,1
fe8071a1-18f0-de11-d5c1-2e8f5a4c6d96,7e7524a5-be92-e8c5-8d71-0e9982440a0d,1
fe9a4cc9-8e1e-1b58-4346-b92da370392f,4d04ce73-e100-84b8-e7c6-e6900cf0c136,1
ff66b8d2-edf3-1483-642e-0a4f277e9ef4,aafbaf3c-0957-9337-1972-2ba61bd30097,1
ff9c3bc2-074c-e88e-d440-d3cbda93d93e,53e60616-e24a-220f-0e9c-66e3c0a670f6,1
8771333c-f8b5-4f2b-a7e6-695453232e06,86ffdf46-f2d1-4653-bbc2-638e5a18ce7a,1
67f47566-fb87-45ae-b390-117623a309ad,a43f56b7-4243-da17-2fad-5a464bb62b12,1
1dfa63f0-40e4-42b5-b666-0966f5564f7e,71335b5e-0bbe-921f-0c56-b2d63e018341,1
da9856cc-1404-4059-a0bf-56896c5a258b,de7ba791-c46a-f4cb-0a55-bfe29d83a70d,1
78d26a0e-4d6e-4f48-bbf0-494ba9c99193,720f5c8b-fba5-664a-1e26-9eca766c4c4f,1
055d0ce6-104f-4a04-9658-991cb18400d0,481036d1-f327-e6af-7b6b-ffe3d3bdc9ec,1
e0be668a-703a-4276-9df1-4e3d54f97c67,2d6fcb2c-645e-745f-503e-be8bd9018a0b,1
79396409-05f9-408b-9c7b-9f65c565217b,758c4b59-a33f-53ce-224d-58d76e057d44,1
ec6e3178-50eb-4bf2-8805-3be28105cd7c,40f111e5-60fe-8168-1f73-520dba383a1c,1
91234dd3-1b07-4665-add0-f4b0955cc671,8a3c9e53-1132-09dc-2184-949a61bcf08d,1
04b2ad05-34d7-4394-b5a7-15aac073443c,b202d58d-2b54-148b-efe0-85fe14e5c9a8,1
159eb2d2-2ca9-4cb2-aff6-1bc74dc42666,4087a9f1-5367-4c2a-48bf-fc1449e904e8,1
ffaa0896-43cf-4a8e-a0d0-2cc71e87ad66,fd0ce024-6660-d47a-c813-f11ab04e13dd,1
e8aca150-d7ce-4669-ab9b-1d6a63fcbea3,a20c4167-8bce-6216-9afa-b3421e04688c,1
a9a38e71-a8ff-455e-a4ca-4c58301dfcf0,73f13592-6c42-c738-2c99-d3788c78e791,1
4fb1c5b5-90b2-4e2a-b5b5-4615d3b1d36d,52ef7cde-b7b8-72d5-5242-e3e945aba3fe,1
8e273d35-b980-4bd0-968b-f1fe584a0a2a,a999e2fb-85f7-ac04-0217-2865879ba087,1
e1db2e6a-c5f1-42f4-824e-b2e21ed7b5f1,7cef9a48-a07b-0e6a-ab9e-c0e1fc277394,1
b7fa1398-9857-4c40-b48d-0cc5effac684,8201c60d-3357-8538-3a29-cef474f12bf9,1
f30d1537-2205-4ccf-96e0-ea74a2dc2e80,360d2ef8-5146-826f-3fe4-e7b0736c6ba2,1
9eaecb66-040b-4c27-a1a3-bfdd1b8f4186,9d294e54-c270-e16b-f62c-06782d6f0e8e,1
02e501a4-ff50-4408-8dc3-21c642c35a96,d6ac9b84-15ab-aff1-ed41-4b75985a569e,1
2d8585c0-27ed-4f5c-9bba-7581408c74e1,163baa6c-69c5-ae6e-9078-48d21e984fb0,1
64b90c43-e4a8-41d5-824a-fbd5130ffc57,4062e2a1-6f32-5144-d40a-967531314ab2,1
61b7d02c-d431-4832-aa6b-9541ef651fc2,be03019d-97a3-de85-3c77-8eeadf37da6f,1
45be14b8-182b-46e9-b8bb-55d16eb5a124,63f04d72-9f06-5106-1947-b926c67f3c47,1
b01260d9-5930-493a-ac76-3f92097fcff1,cb76eca5-73f3-cb26-6abf-7657020cf446,1
c950e0af-9700-4756-90d8-733ecceba2fe,c552a19a-2d9a-f526-8fe7-c03aaf9701bf,1
f49c4eed-c484-4d23-a443-a7b16e1c5c7a,73cf09db-be5d-16ad-de24-177c8e9743fa,1
9e8ae111-60a6-41ac-97c0-632cfed8da71,5ced61a5-59f2-bfba-44c6-4c3ca95cfa1c,1
29664412-de3b-4f3c-96e2-91f1152ad834,248d9867-72e6-98f9-34ad-b04596b9bd2c,1
c151c0d1-a59a-44d8-90f2-160eb991b0bd,9472d65e-dda2-02b1-03d9-9faca40d8fe1,1
7a3bce3c-addf-4a50-9658-a9a00a3ceb77,b07a41d8-6b7a-fa83-fc89-504f61c61c31,1
62870f70-e6cc-433d-9246-f2b95401b8f8,b2f11459-9389-3202-f618-c835975135bd,1
0d88264a-8492-45b8-8aec-4b210b8013ae,55348fdd-768a-b949-8f73-b463f8b394ae,1
44295406-46ff-4f2c-8c0c-e9408e6b01b9,c92c3504-9d98-f770-2d07-ad1f36fcde18,1
56e3679e-7d10-4cd7-8ec1-98a176d80365,95126676-2e61-a362-8459-99fefe545298,1
12cea4d1-f30a-4bf0-9b8b-7b31f7a9f925,892cdeaa-f41b-3545-373a-8f46dd4e685c,1
ee5c17a4-a57b-4dff-9970-066555e6023c,454c2c06-581d-4955-d28b-cc59acaef322,1
e0661b0e-007f-4291-bb4a-9e0abfed5ede,a484e5b2-cb4b-c069-b39f-b892060917bc,1
e1ffc089-d15b-4046-9e65-6aed3e57a85b,4097185c-7b6b-31cf-c06b-87f22e4db6c9,1
92ad6f8c-5dcf-4ca8-aa8f-6ca426f63a88,df334bad-afb2-7907-83d0-3a8448bdbb70,1
16007181-331b-4c97-9165-ef87c020a6c8,ca2613e1-6484-b5ab-c1b0-aa4dabc17516,1
087231d7-5eea-4b66-a668-f7af832a70c1,8fabb0ce-9435-303e-2bb5-908df8922be0,1
3004dd88-8879-40bb-a915-d0d62ad74bb2,05127035-9d80-5872-436c-c30cd336b626,1
5edd0dae-7bd1-4687-ab43-a510b05470bd,2cb0ccd7-2d8a-16a1-d98c-4489dd5e5a6a,1
b06b1596-a49f-4af2-a287-96847a93855d,98b8d488-f8b6-d1e8-b6d0-4f0bb57d9644,1
9094904a-312d-4f05-a5ae-63b25761d8fd,c3668400-adc2-fc0c-dafd-177a991a7567,1
358817da-64c4-4b89-9de1-15be5470860a,b13562a9-3255-93c9-c1c7-bccc5da8f440,1
0e20a72c-1166-4583-a6c8-d200bf1e4b40,87170fc1-acf3-1b60-89e5-5dae2130120b,1
9d806780-36d6-45f8-83dc-1b02391e642e,4989df5c-9210-e7ee-d938-c60b0c1e68c2,1
bd1156b8-5d73-4592-9e25-1569a0dcd534,dd0b9926-1d2b-1e27-af23-f6cc341868e3,1
eb79c67b-e2b3-4ee7-bbbf-2ecb4d791a46,84709659-3bd8-c001-5665-2da6ecd7fc4b,1
176a0234-e166-48df-b6bb-984d56189681,6dbaa45c-2d9c-71d3-9d6b-eaa2c8881ea4,1
64c4150c-51e3-41fe-bd76-63adafd7aef0,ff4d0ea2-0e91-1077-cf5f-7ba514877a28,1
491f5450-8688-4537-b519-e806a2022cb0,838981a8-63e0-6b01-6910-87f3738974cd,1
1a502ecf-0490-4e79-a5f5-06478557e638,939afde6-8e8f-ffc1-46b0-e222dd4ff9a4,1
23a3378f-227a-4e51-8b05-81033012dd48,515063f9-e7b9-e381-7c47-6b4c4cdf4f22,1
57f24327-e00f-4c02-b548-47f616c30abb,fe5dfab1-a6b4-d31d-6800-60a78107bc4b,1
ec241e85-b109-4b8a-a1a0-97c7aec3455d,576d2f06-dcd1-f8be-a83b-7264abdc2186,1
e5603c53-eda7-4299-8712-f99788aa2be6,ae47b59f-1eb3-45e6-4422-7009fd0895ba,1
4c3257b4-9952-451a-9041-538a4d7f6635,a67d22c4-8316-c6de-058b-0ee68c7d0389,1
947a1931-b5a0-4e2a-963a-527b54902f9a,f24dc909-d658-0fda-cabf-2806240b6862,1
e3ef967d-05b6-43cc-894f-fc9a7ea0c77e,953d16de-bd54-8b3f-09fd-5ebd46c591e6,1
a3f2cfc0-e4f6-4c56-9971-f73054525d35,a618949b-0866-56aa-e78e-ba6e072f586d,1
4c41bda7-74e6-4411-b98b-e3be4e5fc890,c364d70d-3625-5860-587d-7e5d9bf735fb,1
eab3b2a8-cf1d-496a-8c6c-1e4956d0f122,4139a17f-b5de-1079-1813-6402b4c23a69,1
0a7e2a6c-5bb5-415d-a015-9d9bae92d8f1,fc63c912-cf52-c0a9-992a-a3e373ddd40f,1
41c9b64e-770c-40ca-8e12-d98c11fb7fcd,b837a628-4b1e-6b31-dffe-c0f6e1eeb5df,1
db1d3ea3-5705-4913-8f06-17590310a018,1ddf4c6f-35b3-97ac-8b4a-13468b4a0fb9,1
d264c260-343b-47b6-9cf7-fd362481c32a,ac2f020b-6476-cdef-ed9b-112cfa8d5d6f,1
0f1a1d41-2af5-4117-91df-00f9cf676b2b,a4274110-07e6-253e-0dba-cb09a7df559e,1
26a43583-4cca-4243-be11-351099109dae,218638de-0e06-e8a0-2167-f811a3bae15b,1
c1091658-4e85-4356-b01e-3a76467b59aa,4d609a82-a45c-4a66-39de-3e00b937f5c5,1
43a3019d-78d5-42fb-8d6d-28fd11548a25,0da17f3f-ef69-d3ba-366a-40b309d77620,1
817fb35c-2703-4ea0-8b7d-3fcff5e93d36,082894a0-94f5-62e6-0798-f5762a6903b7,1
75469eed-dacd-4f84-a7b2-7303607a9490,c3246716-eb70-4284-45ac-5750119df17d,1
d8121d4a-1c2b-4be4-9674-ae910db6eda7,fe5402af-6792-c16c-c0ee-2e09a99eb07b,1
86349c1f-1a4f-4823-8230-6c7c32269c3f,7ee11e5e-725f-f4c4-e74c-2a5df4f92fb8,1
e0db6531-a9f4-4fec-8248-1eeb560cbe71,e388132e-c2a4-f1b0-2ff6-f42c0e454290,1
90ea3723-cd7e-472f-9184-369b48d6f126,724e04ba-aa70-2a52-d41f-ec0f5fb4e8e9,1
3e6593b4-945e-4a90-bc8a-039fbb4dab51,4333395e-1b64-f285-372b-03f05aa3c2eb,1
ebda7029-096c-4c44-886b-71997fcf106a,b8e9be97-cd02-8298-d3ad-efa6eb59680b,1
5749005a-c7fc-402c-8f72-338154287e1a,adcbebd6-d2d8-a8ed-f7d3-f3270a97e719,1
0ce5b334-26d7-470a-82d8-c597c5cd9d8a,02cabe66-d36c-1b02-51f8-66b2a8c2722d,1
7d222e65-eb68-46d9-8b7a-73ae1781c29e,c71d6e96-6d75-14fd-947d-5cdc8e506f3b,1
03c1e336-1adc-4a88-b37b-ef95f52cced5,cc30a137-4217-9e70-d1b6-146125330a62,1
1a3c7a42-8c81-44b8-8427-a1e7e5344241,c4b73a07-b734-566a-d637-123c7df6b9ad,1
208fb66a-eddc-4b9d-b65d-b2213da17d3c,dff50234-0557-ca2a-39e7-7a31b0212c39,1
5b9efb94-a7a2-4763-9437-75270419c3a2,cf456f3d-36a6-3cec-a63c-3e91f5c0fb56,1
15ecd519-56a4-4dfe-b19b-ea0e55791417,1ce31de8-6c5a-f495-7789-c5195cfa45dd,1
e1986f0f-c651-462a-85b3-d98412f01fc3,0d5f6a1c-8cc2-c562-f260-b8c462acea0e,1
5c422223-1c5e-4d48-a1f4-15120c415c12,6b3c6841-d92e-b294-ff0b-b4342c44a0cf,1
5b70ed47-8905-4cd4-bc35-aaa0f318af08,d2159393-58f4-f423-8bc4-51b582d274a7,1
50b11448-c05a-4c4a-bba0-99d7e126ddc8,e3645b32-ed8b-4679-37a7-c170c62d6a73,1
5a95ac66-9d2a-4825-9e91-835f7591d55a,d338463d-77b8-1f3e-7520-f108a03c4da2,1
4e00b391-1600-41dc-9bda-ed62e7b56a38,181bf2c1-3bd6-5308-771c-1fb1377241b2,1
a5714a9b-2827-4aad-93b8-08a6236aaf69,92f75e5e-b28d-1fc8-ef3d-2ad8b94c3705,1
0aec4aa2-2210-414f-838c-18f748b362d3,a596c9c1-5e5e-15ad-42db-79419fa91208,1
77ac74f2-4c60-4148-8c29-db11c77ec407,63f4c8b6-a0cf-d96d-b26c-9259b83c1b37,1
6cde1020-9312-4822-ac08-e79da6b5f356,aca1086a-1f93-19d1-cc37-5ba089c38edb,1
4d6bda3c-a63d-49fe-b93c-46f8bbdf960d,f8d22392-aaec-b0c8-d4e8-b664828d7f47,1
96b565ec-cc33-42cc-9fe9-f711c5214435,2e45b026-b641-b803-f575-3e19cca3c86f,1
3bccae96-8358-425c-b18c-d9116328a1b7,9d00a0af-0ebe-5043-bbea-81dd1db86315,1
1d78846d-9f3d-4b58-9241-065c6d3d9dd5,2e040129-511f-0c6c-745f-dd60f3f4bf91,1
5e3a5318-115a-4963-83ce-0c02df3d0f71,f6b4ff10-db93-f84e-36c7-7ba7ac244240,1
c9d98a73-2fa0-4562-b6b6-cded3ab94385,7926a3f4-66a3-7134-89db-37f9a0af08d4,1
194ab6fc-609e-4899-90d1-f519dbdc9556,d0c286db-2855-aa4f-eab4-54195f9d54fc,1
0a228686-84a1-41bb-806e-64b52b33bb2d,077c4049-22cc-ba0a-556a-f492869ec9f0,1
0665b62a-3463-4dba-877d-22a9a5158b54,8e0f5788-bf2c-af19-4d82-17b16cf64a44,1
b63e989f-81b0-428b-9d57-add83ca535b2,43ec9577-088b-8f1d-fb19-c8ba3b8eeb68,1
7743181e-7419-4d07-9c16-075990932b54,da20a4cd-8d86-2eee-d577-8d51a06ebe65,1
d4e5cb23-b206-41e8-9a74-d817fdf83700,4e50ccae-0c78-ef4f-45d2-378b72c7f1c3,1
5edfa76b-7878-4dfe-97bf-426d2a6c50b4,64edce6d-a7eb-ad50-8c62-9674a4ba047f,1
a4909363-e629-40a0-b9b2-cf29561a72ae,ae5334df-a5fd-7894-1963-3eb346986141,1
9eebfa39-5c55-486f-9691-d19fc40d9b89,c746f453-9bef-bf49-bb27-f353acb12c5e,1
08511189-715f-4579-ac35-f6d811c293d9,79f1bc4e-afeb-7b5e-3a1e-64b52c887789,1
6c69a14c-65f8-44c4-8582-e63f62c2605e,a2df38d3-e7e9-a7f3-b29a-d4bc9166956c,1
ba161170-1b8a-45c4-80e0-cd305c09c9b2,17f0f315-e109-b3ab-a12a-9ff3dadc0879,1
541be524-8287-4144-b42a-60532ac5d5a5,5f7dcd1a-4e8d-ff8b-373f-ff4e95f868cb,1
4996a0ef-93f5-49e9-865e-797db68d8f9d,2ce829a2-70b4-1f78-3f0d-aed685fbe11c,1
d5149756-ec28-4cd9-8052-3b807a8252dd,4f96e556-b57b-d693-70fe-d796492e35e6,1
18063d45-6ae6-41a7-bfe8-14f46804612f,d29d7488-a740-3cb9-04c0-745611bffe76,1
2bea3472-bf8b-4b7f-b9a1-ef0a974722da,f022de5b-464c-d825-946e-454548f53f49,1
50f0fa69-202f-4420-ac94-9c3fc3c75b03,11f3ea29-1e2d-5f70-88cc-4ace3da7ff30,1
d362128a-a39f-4cfa-84a9-e7dd84b1c9ca,a2688a81-58e5-a3c7-8d8e-23cb11a9473a,1
4682fc0e-9d3a-42d6-98ae-0a6fd6aef8b1,d35799ac-25e6-bf34-575b-579e391a1b02,1
38d5c4d1-6829-4311-9366-70db4a1884c6,3a6200ed-6907-371a-cd07-028a78b872ef,1
83adc7f4-56d8-47b6-a77d-454530aa5107,d008be77-e325-d7ec-867e-399f35f2321a,1
c74dd70a-13e8-4f7a-93a4-d41344aa2763,6d187985-d1ba-423d-49c0-fd383ae5ee8a,1
fc80fdbe-fe4c-45db-84f3-b79360adde02,e38fed36-043e-eaf6-809a-cb18a7fb7eee,1
972fe274-bf37-4972-a475-ffe141fecc47,066fcae6-bf12-95f7-9211-63eef63ab41e,1
523314e1-3208-4528-9f88-4b85502d19f4,534471e2-3769-a64e-8953-f8b8e52ec194,1
d5487912-f2d0-48f6-ab67-1c1f75919e42,c3cf3add-003f-e093-738a-96a652cc4653,1
ac3ff3b0-2ebb-4505-abb7-ad6b7ca7f676,f5172137-429f-2c31-c2c3-69c8749df37a,1
229fc856-444f-44b6-ac78-5710899af76e,6864751b-b907-5cd3-2342-5bba5bb2b141,1
3b8b9713-962f-4680-9105-04e32c895903,b9c0ae9b-d4fe-c501-683c-bf207c233cbc,1
fb4dc615-a5e8-41e0-b561-ad83550c1207,b233aeb3-ca69-4639-236f-52b23c2eba3b,1
20da0cd0-89d2-431f-8f65-eb03db28d790,61612162-161d-c9e3-1c38-f5798bd66522,1
45e4a094-5b5a-4a7f-bbc1-c9964acf5856,5af1fe42-bfc4-325c-1538-f0e715b5eaec,1
b4c3e82c-5760-410f-be65-279a72b87719,27945ee5-ad65-deda-fe8f-51df46fe9772,1
0f22b669-99a7-4ed9-9710-f53ad8d785a3,304d9547-7c9d-6b87-7faa-4f73d071c4c0,1
2f289687-bcba-4337-a36b-62bd4c5d1288,93f79f69-6447-f3c3-8e6d-bae76d89b8d5,1
2b2ccc25-ccc9-4e29-96e2-2efdc7c0c0b4,1b98d715-8d98-9ac3-e903-b3a8c9f83b39,1
ef8313f5-d0a5-4c2d-9b5e-ede0b4bb6706,2948475f-a52c-f3ee-7d10-a39943ba3456,1
2d02c10c-837d-44cf-92fe-14b824b76942,4616448a-4724-8eff-1c1d-89e4df7ba28b,1
14b4d18e-865e-4d02-aa9a-3f6f48363b05,db9183fc-2b5f-d07c-68ae-1396c350dad6,1
b5391050-742a-4fa9-b7eb-812ba4eca9a5,6a642dae-b066-c917-791a-2d7e2c9b7d7e,1
58529cf1-1ec1-48dd-a455-dfc5c4505b0f,5f23c01e-4334-ee74-d9db-d7d6f355fc8c,1
397e460d-507f-4b51-bfe0-f8a0483f9080,c8741bbc-afe7-2dde-c0ba-e8134f289f08,1
6cd3dbb7-e1d3-4b07-8453-ccc6609b74f8,273593eb-9f15-35e0-7be7-67d076470a6b,1
8e1ad22e-574b-423e-8100-54d3def5ed2c,a32ddd33-bbf5-112e-7275-a1a281c8d7b4,1
d4dd0336-06cc-4540-83c5-7bb8839777f6,abebd7e7-34e9-e838-9f27-d1ed0891e80c,1
0d434527-7d90-424d-a7c5-5cee54eeed67,a937819a-7ede-100d-09ae-6aeab0a8c659,1
6d60e796-39e7-40d8-a8a0-bce3270e8c60,e1d54230-5363-d392-599a-279bdfeb35bc,1
fad78803-0d49-4ef5-9e00-d383e7027a65,ede74a88-ea90-5bba-fe8d-0c7fa41c51a2,1
f9f21847-f783-4ffd-95e9-7434faf32721,f5545c8a-a56c-8192-fce1-0faf2706e3e8,1
d48c821c-99ca-44b8-a098-c6990c8b8572,a8f5da41-e113-d72b-d866-3be2b158f23b,1
5aa0ba71-4b23-4c03-bb2a-9aef524912f8,598158d6-abfc-9935-83ea-b56854d18ac0,1
217efb2d-b4d0-467e-8cc6-720f75f94912,02706056-a05f-1985-3627-f2b543e86767,1
cd5a2fe0-22ab-47f7-b233-9bdd6d0ab7a5,344ef163-3c54-8ef7-e81b-11e304722874,1
06fee199-e58f-4f43-bba2-66f4d6ad3637,9c01cf32-c3ae-7d48-be76-6871cfdc8569,1
ae793415-f27a-4a5f-ac64-46e016f876ef,cc6b9050-f828-647e-218f-748d55879f99,1
78e0694f-6c1a-400c-8c67-822efd811351,bb41de56-5ae2-f55b-03c6-c2ac8b72d9e1,1
81ba8306-97ce-420c-a091-ecdaffa5c603,339eb01b-69de-a4b8-0f43-8a84d488363f,1
d00e0730-cc8c-4382-8857-ed293210c2ad,d52a4ed0-671b-9cb3-828f-a52f761adfae,1
7422f5c1-69d1-47cf-bba7-91985014fd5e,09a12796-2d64-3e50-ea6c-5ce27b9aed7c,1
ba0f5740-0f35-4c8a-863e-298a34d3f629,2e3b0fbb-0d0c-a380-d76d-871275f1a4fb,1
11850d38-e3bd-416c-9f21-75b2408a2201,b1b487d2-ad64-262a-218d-ae9fe491d04a,1
453d3508-dfac-40da-b45f-ee3326130f9f,d01e4436-f26f-6ccf-4ed3-5f87df4aed5a,1
da354829-48cb-40bf-9c7e-25e6a33b0442,b6f361eb-8a3b-adc8-1dca-748950c39536,1
70c2759e-cace-4335-ab3c-566b50a5df33,ba8e8ad1-f889-72c1-a60a-d6656ea74e7e,1
7a8d69d2-98c9-455f-8585-073325560ab6,bdbf3ab5-c5b5-8524-db82-4239bbf151ee,1
05b08a58-0a4a-4555-a565-301bb448f8fa,cf456f3d-36a6-3cec-a63c-3e91f5c0fb56,1
71464051-1895-4326-8b8b-9b85fbaa41da,f99b5ba0-bddc-a392-f7ff-ae1d70485e46,1
6ff9d5c1-e817-481b-b99a-9c0d5d6c93cd,4c2a95bc-87e6-8066-2f8e-c047b300384c,1
a20eac3e-de34-4774-b290-6e31ead9eec7,6913c531-931a-ecd8-f517-e63c7fccaa0c,1
a08a7b0f-7419-4477-924b-6c4fcb6adbf7,2d54647d-e20e-bf99-80ce-650b1f16add0,1
ae660875-2523-4cea-adf1-f7c18d16c120,f3e79ed9-de37-c32b-19b8-3274be716db2,1
a2f556c7-d120-4eba-a411-650352185483,c84d0f2d-cbd2-5ac0-cacb-642665778548,1
ee9abe14-3803-4dcf-a062-816368d4a740,67383f4a-3693-28f5-2956-7d47517bc6c7,1
68982353-d91b-4abf-8d8d-373945d7e354,f5bcbbe6-2921-9b67-73c0-e246f9456809,1
b418a59f-5460-4641-a11c-70ade17a4c02,97a3ab0b-877f-c912-9fa2-20eb6282a8c2,1
3a0aa7f6-80ea-4d43-8552-40b4ef9c8a0f,c9adbda9-5d3e-a9fa-0f9f-f75c9d24effb,1
ef6e9a1d-7635-490f-a778-101a497d80f3,58c6a94a-dd27-5202-4c49-b8018a14626a,1
1de4dd3e-eb13-4de5-8c2b-ca2ad70f1a63,e107ab00-b15e-2710-dc77-238a9dea6303,1
04db6c36-b38e-482d-88cc-dae50252cc67,01448a49-0d78-7805-92af-45e89f785897,1
6bc22503-9054-48e2-88e7-7f58627e8772,8e695be0-1192-a9fb-8c0f-e9f4fbbd49be,1
e520fbe7-c961-426b-b43a-270695830c28,9683d12b-c186-20b0-1a48-d6bebe4e8ac1,1
58b6a4d8-e776-4bb9-aa29-587e3aae0531,45e02d41-4c70-e5c3-db55-70ce3c44eb3d,1
25a5c6b2-c2db-4fab-adb8-300ce406c007,7bf351a8-fadb-cf06-5f2c-2b3c7911f8e8,1
852781da-5819-4206-a262-64537eef88c2,523f072d-3481-ad8f-3067-63597f2a0e8c,1
04bfc111-e140-4dc2-985f-0af05d08ec46,ce245ab6-c680-62b3-4bb6-c271a8b823ce,1
b3f4924d-64eb-464a-b0d8-e4af99c89f93,6be3c90e-2967-19ab-5d9f-f73bea49c62c,1
83055025-2bae-40ac-ba63-d4a651be6b69,0c7e0dab-36bd-5ff3-3cec-76f293099f99,1
198e19b2-5f3b-4407-b2cb-321e772329b3,bd7c4929-9a6f-4bbe-5490-c550347fe742,1
c3b0ee10-8daa-4dc0-a794-eb597f500edc,42f11f77-834b-16f4-3dc3-07805e174347,1
47f3f744-a14d-4a95-8ec0-7eb08defef22,325cfec6-2a53-7dc9-c018-017f7d8eba7e,1
44517918-1bba-4254-b3ac-0567e6080750,ca6ba930-f752-393e-9862-75732edb62cb,1
756c7eaf-3605-4b30-98fa-16a279a034bc,76f8af9e-6620-042c-9652-aa5b0ddad91d,1
0ae23d59-7549-4e0a-a085-334144c378a0,d76c7d3f-6916-7728-c9cc-b4414d06f1e5,1
d68a8d18-c36e-4b1e-a0ad-42a946a66d50,bd1643a0-6af3-1c1f-4978-0f5ae10c3ae7,1
3e7e73b9-81dc-445c-8b60-04bbbd73e962,90e0dcaf-9b34-9bad-a16c-583dee4c998c,1
e8fc1b1f-568f-4391-bae9-9e704b16524b,5c4686f0-18fb-26d0-d62a-6255adc73c5f,1
34e70e14-287c-4e52-9dcb-b98cf74236f6,66f459ec-328e-75da-4ba0-88a3c08b9a64,1
32beba17-df68-4dc9-a4d0-085370a909ea,872901ab-bba4-7e2d-126c-e251e0e2457f,1
ee53971c-910f-4390-bb50-b216bee6eb8e,7aa1f031-6442-c802-e49a-066e4c95c676,1
7ae1f2aa-eff6-4334-9d0e-3f2d43c094bb,764a050b-1d64-4b20-b6fd-9fc040350763,1
5ef0e332-dc3d-4c47-9093-052796c318d3,abf961e4-f44a-caa8-e026-5a303e027bb9,1
f6229c1d-f7e3-445c-9415-3c541d49379f,6d4f9a50-33a9-6a4a-fd9e-6010e690485c,1
4066f5e4-64ee-4f9a-b602-5c3977312c26,0db97bb6-ea9a-2e1b-04ee-dea1f556f061,1
e9cf14fe-2654-4c47-8904-6cf5e8aa362d,723c1b8e-6549-c96f-9489-03fb799e71f3,1
326fce67-e02f-403e-b363-437b807d87b0,05e4f872-694f-11a6-f922-670b5de498f0,1
30db740d-b210-489c-9584-f6ef7ea5cd2d,90708621-eafc-0601-a49e-62ed0a2e2f47,1
a391d157-35cc-4a92-816a-fac8a14d3bf6,7e179056-ee81-6ecc-c1ea-45c548c91fe2,1
8308f163-3598-4952-b583-8d15d7166fb5,debc0a9f-81fb-4e62-f062-78798335381b,1
3d7fc058-46cb-4497-9624-471988222fff,f34f2ebb-921b-e7e6-af62-d6e8d6165738,1
25ba4026-3a0f-483e-b714-df45db75de2e,6c92024e-5201-3d4f-de31-3f4ec78b8483,1
28ab6e31-028f-40d3-9d9b-e9e5787cc13b,898e40fe-9105-5953-fc8b-911896f2e9a7,1
be139179-97df-4c66-8d97-b79365ed4927,02fab01d-ec74-cfe2-ff55-56ffc4130794,1
7ce28e76-6846-495c-b58e-83d5296f2327,0723601f-8d8f-68d8-efa7-02e72a9542a2,1
3e48e706-a093-4485-87bc-2c5f29e53f12,12018076-44fd-3926-b50e-0fe00cf7a998,1
49a38d53-15dd-da9e-5877-9ca033dbf2d8,254be3ea-7503-92e9-3149-988e7921a919,1
4b4d0ad1-b86a-a715-2f9b-90728eb05beb,c1dadcba-b724-66cd-2d32-2d46b196f522,1
2713fc5d-591b-7b7f-b058-2cf383d6302b,9d94c17d-b346-fdab-c368-435c8f81a21e,1
34b7c24e-b4e3-4bf5-93c8-5b9a26a2dc31,e8be15c4-d567-5951-e60d-0cfee2337d50,2
d7c2a355-123e-d012-e023-b72015551d2a,4bfd6de7-b035-70af-7d01-74a441282a0c,1
68da27c3-43e1-4a0e-912e-5a085d13471b,ec340da9-98d9-45f6-73e2-894d00e6b4ea,2
85a9656b-4f09-53ac-ca3a-c66397dfff78,3f981aa2-ad47-d16f-8fa3-e2a9c2ce7833,1
a264ddd4-7956-f3e1-feb8-678a979b2931,877262ff-6416-9953-a983-aadad531d852,2
92694c58-fa7e-c122-36d0-8b8db8071fa8,9b88d475-0e7f-68c4-bed4-ba1fcfbea5ba,1
29f6916b-91cc-b2eb-31cc-5dec681d8b9a,fa3674e0-e507-3b6f-5ef1-4c16426e451f,2
6776ecef-99d2-eecf-0f44-105ff3da8a1d,b98ca5ec-d60d-80c6-cf94-4ff6966d0836,1
674086af-7a6f-b6a3-cc1e-1d54c4c095a0,163409d8-6b11-6195-d023-0860c0f79fa4,2
e342b395-723a-4315-2a55-c76cd1e2c9ae,d937d3c2-d892-bff7-1d3a-961d524c7940,2
f47a885d-e69f-0c12-209c-d691a4d7fb68,248d9867-72e6-98f9-34ad-b04596b9bd2c,2
6d79cf0a-6918-1a9e-22fa-a48be2d69d94,9486fef7-729d-9418-f430-03ee574b256f,2
8eab45bc-fecb-56fa-7ac5-cdaf45b3f400,642928c9-4ddb-26ba-6eef-8232bad1da95,3
d59c3229-dc39-791a-1a16-688adfaa5aca,ea1bba5c-c904-d56f-7885-7e23b8bd140a,3
c2337d85-c706-2b76-59db-0fffa7312c68,21c0291f-b590-cae9-cf35-528ade8d2676,1
3ea086b1-8fa0-0de3-699a-fbd7872374fb,db9183fc-2b5f-d07c-68ae-1396c350dad6,7
5d45ec9d-921d-9026-58ec-95eaddabb21f,9b98817f-fb6d-4ee3-e914-4eab85cb1216,8
71b2e1ee-190a-7fc9-0105-31d1b2247540,98bef6c2-bca7-3be1-efb1-3fe9ed7b5d48,9
8ce0b1bf-d5ff-d574-053e-833afc4e85c1,c6ecd784-3dc7-be50-33b2-0878dc8d0422,1
08e85c02-88d6-422e-8710-da8a903fe511,a44993b5-032e-9fdb-c802-33eadf8685f3,1
3b187310-4ead-4c2b-b525-c7cb04695918,3bdd5639-b5e3-8240-9ee9-3baf83e9bf70,1
da2bf582-b490-4de4-9812-5f9a6b93b05e,a35bb8ef-bc57-5ab2-5f3a-0381f1d6f51c,1
90d91752-876b-42d8-95d6-3533d43490da,1769b00c-8285-fe9b-15fd-542e89276855,1
57f8955c-b67d-4e3d-864f-9a4a83f9334c,dfd66c3f-4634-a92e-609e-41f7b02e5d59,1
dbc67b50-0fcb-4f15-9806-c2ac0dd520d8,f1120a55-6a9d-2ceb-95c3-92faa6f68de1,1
2d87e917-8ec6-4e2a-862e-b051f71c58fd,6dc6484b-6a96-5329-028b-96490b8d6862,1
37a93320-82d1-4f96-81ab-671e96da388f,28495ab0-2d49-5eb6-8da3-ca5f4d06b5eb,1
e2c592fd-1567-4805-9d10-f37e4da06cca,8c5d8f09-4dc6-5eac-74a7-409485efbeda,1
04914e50-3fa7-42dd-9f17-6a80e008ad04,03eaf029-6fad-1ccd-7b2c-00307c54438b,1
721f330c-8a31-4fc0-b321-a3478ff8edf6,f931d469-6925-9fb7-7373-ba566fb68500,1
d964e916-f86f-45c9-8ac4-cab51ab4a8cf,eb77ab58-073f-7ca6-fc0a-b9ebd41b2f86,1
ba179760-5a1c-4a2e-963b-62ab021fd33a,317e1b7d-1f6c-db6a-92cc-d6d0e98be1b6,1
abbabd9f-1a1c-4573-8219-cf57ca64ad73,f25d4289-1862-d168-f82d-692fb7180169,1
c5363651-264c-443d-bb78-066392c7e062,d7cbc874-0895-1f75-51ca-b6a059fe9d07,1
a92384fe-1535-4b69-a9e7-8652560858f0,34fde909-bd47-9a51-acdb-63460b7bd0ef,1
61e7fe0d-41ae-4434-8b89-adfe87432581,79fef26d-5dfd-4bb4-2648-9d75dc374c62,1
7d4f711e-638e-44b2-aecd-70ea5b3f2b82,0d015da2-209c-eef7-5edf-a40b10edd634,1
6092ffde-39a1-4e24-b242-a6d0b56aa674,9dacf8c4-c69d-b35b-df59-ed2ee28047ea,1
6409bd61-68aa-41fc-b5fe-9378d03487c1,77e09435-5e90-0114-c66d-5c7e5d9b6a5c,1
afca196d-d5a6-40db-a7d9-aca6b82e5606,8edaee47-c2a1-5ea6-c975-fa2ae7740044,1
4480795d-7a00-4738-9842-d3a910deeec3,e0c55416-e60d-2fc1-ed4d-fc293f52cb62,1
8555ecb4-8b24-4f2b-b881-18945e9e9ff0,23408ca3-ee25-7aa5-fadd-fe33bb86eb17,1
282f2c21-8600-4752-933b-451124a0d60f,b805af76-0257-8c97-7281-e0953194b39b,1
1a71e858-c251-49a0-9bb4-93133166acfe,a8e954da-c714-9f98-10dc-9916fba9be06,1
cf558b7c-878d-4b80-8141-37698d4ffd02,1ca72134-2c93-70a4-4fc4-f79a0d0df68f,1
a8e6b1c9-04fc-434d-a22d-8761ad4ce21a,dfe0e1e8-d0b9-2090-3503-04194ecf04c3,1
c6e8c504-bd57-4e56-b1f7-c5d9338bc5ec,3f7ed44c-7f65-1735-610f-04a339f9878c,1
e7743c05-12ea-4862-86ce-f16d67166bfc,af21c3d0-c4d5-736b-ccb2-9acaec1f6cfd,1
6f4ca665-cef6-4706-982b-4d19c6924200,034a98bb-1fb3-578b-5b29-d565ceb7978f,1
a9b1d62a-ed01-4328-9e09-8ad3706921cb,770869cc-54f1-ef86-2e38-7da4acfba7ea,1
b3e23b07-e5b8-4a0f-8c2a-4e5845ae2d5c,60c6ff37-99e7-de7e-5b4d-f2be2adf5e32,1
4672174c-afbf-43fc-bc35-f7b00f378c06,0210e4a5-f5c3-0f0a-d05e-70c81b788c88,1
2de477a5-7891-4690-b340-60e5a7f025cf,51c91ffd-0419-ddcb-cb3f-4fb45000b429,1
af601eb0-2f29-45a3-8089-5956a5ef9af1,611fc60c-f84f-9694-9bc5-60eea779539a,1
b16432bf-d704-44fc-ae98-d004f8f01bdb,c9357cdc-f2f4-3bd9-24f1-b07223b9281a,1
cbe8fd77-08fa-452a-9faf-110f865694ea,46785e19-0f37-449c-cdc8-a39464b60f27,1
2b38257b-d095-4dd1-89a5-a34de127a02b,cd463441-4e08-ca52-d18b-a807dac80f82,1
36d7fd40-2c87-426d-9ca9-ec69475c206a,ddc9de32-242a-1cd7-0853-1435b61414a2,1
24999287-96ca-4f36-b5fb-ad90875eabef,b47b949a-fc91-6f96-484c-b1dcf5f99fe6,1
82ebe00f-3b34-443f-8ab1-2ed0a9d6aed2,05b476a7-738e-75ff-2a91-8818fb92d4d2,1
a0280b4e-6e7f-42fb-8bbb-38cc38d3beba,87ac5fdb-3943-9643-319d-3d184781289e,2
0740a577-fd6c-4e0f-9590-8b3d3d12505e,4cb2c210-ae1f-a786-4db4-a4aec4b3c047,2
31a51a10-7209-48f8-b51a-7978680f1fb0,2b2cb799-4d0c-8781-686a-fbac3811ce52,1
a2933983-d8f1-423e-9469-a39d8bcfd6d5,0c96c5d3-45d4-6055-edc6-6ed879af58d9,1
d97b3d7f-4b34-434d-bd3c-5e2c70f98fe0,cd951e6b-7dad-47a4-6d00-c6deb030fc7e,1
6e25cebb-fec5-4e69-ae89-23825674e397,65ea9de3-b3f5-0916-b7ca-5116d3ee360d,1
d6cf2d5a-2025-4176-97d2-68bd5ef8a996,cc6e483c-a3cb-4a7f-8eb1-b33f797dc0bb,1
3698ae39-64c8-4bd7-a3d2-b4afd4beb726,582defa1-4996-8e7b-af56-61cb4f5b47f0,1
892a9048-96d9-4c9b-becb-1d05323cbda9,02a8d0d1-1545-3763-44f6-43d0060554e6,1
7ecf9611-394b-4232-a986-547ca41c1ea4,9e0ee625-b3f0-4350-95b5-b3877740f462,1
7ec1833b-71f9-4a0c-9673-a6e9c7518eaa,0871cc45-b382-31e2-2c4e-342b9e20cc24,1
2271c527-c341-44af-9051-62bdc68ba4ca,6fd675a9-197d-da62-5162-82da718b7fb9,1
af572e86-e545-4534-a3da-c02a5b5353d0,414c7499-63e6-d7ba-3fb4-e0bde49def33,1
4002884c-c3ec-4c1b-a75c-d631496f0007,dd3af63d-c1d6-d214-b3d7-442aa7695d18,1
340f2320-4900-4313-b9b7-65fe755787cb,3774e5f5-fb40-ab1f-b046-bbdd04775bec,1
be70476f-7493-4126-b392-7cac401e2e7e,cd3e8314-1906-6969-2a85-42a501b8d1a6,1
bd64c0aa-97eb-4298-855f-d55225ca3151,e9abd48d-4fce-0c34-db44-605a563cb0bd,1
d6c90880-fbc8-4fb9-8587-a2de2b537912,f23e88cb-34de-b4df-3080-5ab3fb5b252d,1
12344499-9a96-4ca3-86da-fc6b3c033f44,b7eb5629-1fc5-0ab8-aba2-ee1c017adcf8,1
2993dd41-b4c5-410b-a515-a4ab39c73b20,9d65e472-35bc-57f8-f03c-7d0c9aef0c5d,1
3a56081d-e8da-4fb4-b46b-edaa9f8cd42c,f88966a2-b63c-3da6-1e63-a2f5f61dfcb2,1
57369e92-2377-49c2-ac0d-ddfdff0c0566,ed062d33-b250-e3d9-99af-d8f2d40829f5,1
a7b89624-a686-4364-8c8d-4f4a4f046e86,c9c33a8b-ce0c-b773-3d88-a4c18440bcb0,1
a9a7089c-9457-4b67-82ce-7c781e1f68be,0890d35f-34c0-d586-9c05-3ad9070d599f,1
624c7480-c05d-4700-b0e2-d156df6c6ad5,c1927303-95d9-0c3f-2884-e177693811e8,1
b38f8b4b-911c-4f36-bb72-f93af4d2e5d8,bf60db1e-793b-018d-a9c2-9224c375061f,1
efb1bfd2-3259-4b7a-8186-4ab35e7a85b8,0a0673ea-cb0b-76f2-2303-6f7da3cce186,1
75735aa6-732b-4c92-98e3-e512f465fc0c,571098ae-cdfd-48ae-363a-adb8162fbd55,1
22b382f9-948d-4546-94e0-77e8835e4c31,52510b53-54ab-8825-0b33-1737255c648c,1
6483c0e5-6b39-49a2-bdf6-49c157e06de6,34c57d27-00bb-1f12-2933-937ddb2b7920,1
8e4e938f-bd55-4a02-93bc-c3609f1483d7,be6e5123-d681-24d5-aa14-fe44b2c878f5,3
6bef0372-6449-42b2-a11e-d3c5c4746961,966d2b7e-9647-0733-3647-78ff448ea6d8,2
58d6b021-b70c-4871-9a25-e820488ce17c,cd50ad55-0ff6-c072-8c62-36ed4024c0ad,1
b31357bd-8521-40a7-93b1-df02a7cf3dd7,4cb2c210-ae1f-a786-4db4-a4aec4b3c047,2
f327dfec-4c9c-4732-b1a0-186f5a1fe79f,4dc863c8-61f0-63a5-6992-1b71d780655c,1
0e425162-a46f-4591-a694-4bac1a189817,409d7840-5f3d-7466-d88b-27ad0656f867,1
b052922d-bab6-46ca-a5ab-8505cc489110,c0b013f2-1860-b36a-5f8c-1d14df777784,1
88858f04-76ff-4774-9ad1-f79867b7faac,50c0bafd-526a-a869-4183-428c51c521c6,1
aec58a86-16cb-4ec7-b7d4-650f363e581e,d1451a26-c397-9912-7a21-e603bc7f1912,1
001c1150-261a-4565-9fb2-7d7fb15bbb7e,7efb789e-0e98-504c-4563-47bf44c15988,1
26f1820a-1ec1-40c0-b5aa-d0e43edab796,45b2432c-194d-91ca-504b-a92de5853ebb,1
31e29a42-ecda-43e2-aa70-1ffbaf43bae2,ebe2f27f-7e85-35a2-ad89-1f559fde0949,1
8aa415e7-5b4f-47f4-975e-7dca60d57970,f420062e-fd54-5ec3-7745-32f511700d91,1
594ba1c9-ae5a-432f-8b5b-00f8358d4965,e11b75c1-c0c8-0ef4-d418-908c3320d681,1
13efa313-da6a-4228-a324-4d8a5c9ccf35,19878306-8e19-006f-b1c7-df3aca8109d8,1
26e3ccab-c19e-4b01-a20d-7113dfa1cc62,5de88201-def4-51c6-8fef-fc272ab29f4a,1
eafcf843-1a32-49c3-ba0a-95c1a69574c7,bc2ff78c-b900-0385-5b58-512050b111bb,1
18b995ce-1486-4cfe-9297-467f6b696abd,1971f915-b878-3c70-bf75-56182c88b1c5,1
b8f9af57-f0cd-4c81-bccf-eace611150e5,d21b1718-a4a9-c4c2-71bc-f98a9e072d20,1
355c0b71-9e0c-4085-a8fe-f440d86ccf01,26c07244-0cdb-4445-b75a-e8d2d140a3a8,1
65f61e28-55c3-4360-a3e3-c49b5849d0c1,ff549a52-1a00-b947-cbf6-1e7114243180,1
a116f5bd-359b-4a28-947f-a66075f80936,4a455558-4689-6880-700d-3e7cfcc2fc69,1
b0269fcd-fcbe-4b22-ad26-856283d73534,d12a8393-4792-4ae1-c68f-087ecc35724a,1
b9454311-785c-4ec6-aa9c-264bd70e691b,08cb6e7f-a099-08b7-4b5f-7f7a65531d26,1
1ce6408a-6d89-44b7-afa9-7e12dc132152,4997fddd-517c-c21f-cff7-1f2b8ec1ad26,1
0abd0daa-4467-4f76-b75b-42f29fda03a0,26ef83f4-3de2-5810-9ea1-1eeb783ccbc1,1
d15b85fa-b948-4797-8875-220e7ff95bbd,ddee5218-87ba-3b88-d7a4-b70280f324ac,1
29a33a31-e47c-4df2-b81f-a4599405d2c3,3a9766ee-d3b1-688f-d87f-58cc90d38a83,1
14050f33-3db0-4c24-a5e5-5b40581b72af,6e05dc98-5a47-7d0a-556b-9c991eb30601,1
b4b9679d-46de-443e-8e26-3d4d7ecd9ec2,d5498f41-851e-621d-6186-24983e21146a,1
9a3bb89a-99c9-4da6-8d84-275bee68a339,a8adb1e6-1cb2-3fad-a9f8-52f76e700c56,1
6f820808-92d8-474f-8fc6-fe08c6985f1d,27d6b3fd-6636-8365-6b23-5e31478715ee,1
8fc62633-6c77-43ed-99a8-ded90e223203,1b2e01fe-ddeb-64ba-78e2-930c780547f4,1
2065eb35-d0ca-49b0-862f-800c38d74975,e1d23740-1238-26d2-c8c6-564fd095b53f,1
ed967731-276e-446d-ac90-17fd506967d3,b5ce67e9-a512-55b7-b0c6-afe38c800e0c,1
4d75796c-4b22-4f71-bda3-0f405362e270,99082a06-5a24-0501-c0eb-068d5e3c2582,1
4249b5b5-af55-4aea-a41b-761afa204483,b2e377d0-255e-8fb9-5fed-8855bb30191e,1
0a430d98-fd42-4f62-89fe-004da4895dc4,49091d92-3be8-89c8-9be2-133827caf7a5,1
9fc4da99-9536-4180-9d19-a6a9888557d6,eb546108-7897-39ab-c905-239e021008e0,1
a7067612-6458-4e3f-a6a5-5a966a3342ff,ccb24f89-d262-b4a1-19f9-3dfeda718dde,2
626b5e2d-099b-4ef3-893e-936672ca2d6a,e2d0525f-9082-0fee-529a-967efd8e2f1c,1
e4871683-316b-4071-9508-212b1e3fe292,26b005fe-15f6-6b32-ec3e-d8d9caeaae33,1
baa084cd-da2e-4d28-810d-431d5fad673f,affd68ce-7137-d7b4-d866-79a461689f30,1
77e81983-447b-4b54-9f92-4caf281ebcff,a17ff103-3910-d926-319b-032d140ddb55,1
f62b8c9b-f297-479f-a35d-e6c2c8f5162f,5aecee4c-0aca-f157-aeb9-91d3e26ae0b6,1
bd0b548b-6b8b-4e07-a7b4-667bf1988a01,b7fd878b-71bd-d36d-0d0a-a4ad719996b5,1
f522a1de-db11-422e-b09e-6698f4bab5ad,4aa4341a-a4a5-ed67-6c8a-d110977bc311,1
d6cef4dd-6967-4c37-8b13-315fbf8b4915,2d111d67-1d96-1bb9-0584-692ca7022f3e,1
022b2b5f-edfe-482e-a932-036fdf7295e6,219fccf6-6669-b8f1-5fe4-74f9b0fbc797,1
0cebe56f-0fa3-4d7f-b928-7511fa1059eb,b1a4add6-7609-5ee2-ca4d-5522e9992b31,1
1d3132ac-6886-4f9b-b503-28478d8a0a44,a54138e1-bf46-2e1e-d6e7-370b5c39af82,1
a7f57498-a99f-4d30-b42a-950f29a97457,9aad5741-84e8-cc0c-f79b-98b148f86c6d,1
2ae25e80-5300-4504-9e63-132647020216,4068a413-eb43-2687-87f3-aa8f5f1b090f,1
aa6c2b19-ef2d-4078-bb0a-d70399edbe4c,80148827-1057-1e8d-6e82-087dcaf19d5d,1
ebf75dcd-3629-47e2-94af-ca36d081879e,cb73777b-642d-d008-87ab-73571df6a24f,1
994ec436-06c9-4870-baee-072853afe422,4c30459d-5732-2043-9d3c-f72e2a64c410,1
f5157fb2-e157-4a48-a086-8b1b95dcbfe1,5e2f3662-5884-d061-cfe7-677e5c8b11c5,1
faaf21b8-ecf2-48eb-a3c2-5ad9b20d4385,35908199-c622-d5d8-ee7e-057bedc9089b,1
425051e5-7866-4dfe-ba59-d80ce17d22c4,f9ceeed1-8847-c85d-1798-881e8a81b142,1
3a3b9f5f-e4c4-46ae-bb7c-3deb8d95219e,48b91f54-081e-6b7d-7725-53e838c49b09,2
4d70a3a8-9439-4afc-b568-38266a7caf31,7da546b4-7599-9c72-86e9-b6e528eca295,1
7c2562b1-1ca2-450b-a0e4-79fc75cbfb97,a27c1a54-e453-30d9-3a7c-96a339df27ce,1
e4cd430b-b45b-404b-89b7-e3b2f7de5c54,7d260002-8573-7c6c-37f7-a53b771136a1,1
f02eab9d-a19e-41ac-8f0a-6b8e3cf26712,9365542a-dd4a-4eab-404f-4099ae5c700d,1
de07f3cc-551f-48f1-ac56-407559708ec8,4a6d2916-fa07-a819-0ec3-984d43e3c867,1
583522cc-de00-4e13-88a6-e86e3fd185d8,da3feafb-299f-6897-1e6c-33f790273599,1
711dbfcb-3ce6-4ae2-a1d2-25605c41dcf7,505466a8-2772-64e8-2690-19604e6986d7,1
af8d36e9-4e45-421c-8674-bd2df9ff374f,a77b5494-5377-c963-32ed-006df2e11bf4,1
48061f4d-a447-4e37-8569-237af469fb90,dbd82340-7baa-8315-23df-c4837b8246e1,2
75b60727-be46-410e-a91b-4fbcf0accd39,bc23cbde-f985-46dc-259a-8886e70b181a,3
8b7f31c2-9ef2-4f59-abe4-69dc496b6fe6,abbb5734-bf2c-a072-1683-b6a80cd4c140,1
4718ff42-2574-4366-bb35-5409b4bf047b,d36fdbe8-b362-8153-4c7e-c1859020e5a1,1
633285bc-415a-4da7-8ce1-14cdd7c4e06e,446d9b47-eb9b-654f-9e55-c316d224d1fc,1
84cdd8b4-8212-45bd-afb9-99255c516841,a8d416f0-69ac-60c6-1ed7-ae0e0f4735fd,3
ee4ab028-9bc7-422f-b096-45c7ce7acc89,7f7597cf-c62b-dd4b-8457-691116b75e33,2
525a8209-6233-49be-a74a-764f660b3c83,f4e12f2d-d4bb-8477-3e32-2556d25bccf7,1
a84a5396-c634-44e6-bd24-c43fdc6aee5b,101c8bba-f26e-9b04-c6cf-890465edd7eb,1
3fd9b98e-ee61-436f-9d9c-344cf7486635,968c45c5-b67a-d048-cab5-11cbb0e3e368,1
6913701c-6a56-4f06-a5ff-0c5cf9df6f22,c184a7e8-071b-ad6e-30c9-c9179c9e954b,1
bcbd623a-4a9c-4d2a-bdf6-f3a93ba5bddb,4d4c7e52-0326-880c-ff70-f5f2d514c028,1
fbec4d9d-57e0-4463-86b4-0ccb98c1f55e,b53d305d-80ad-f5f9-7f72-2272eec614dd,1
c9f717b1-caf2-45a9-8ff3-3c105a711225,78ce0387-b4d1-d3fd-0f6d-2b746d453b18,1
f947b9b8-6979-43fe-a9a5-761b1529783d,021a39e5-9cfc-cbbe-0fea-63f4b5eb77ff,1
c81dcdf2-6b68-4226-bc01-2b9dd1e2df35,6934e5e3-5d78-e00e-25b0-7e03d87a2c25,1
0f4ad450-00ef-4388-9ba6-1228da2cb170,92975aae-dbf4-422b-5e28-04122ba7973b,1
688c7709-79cc-40f9-8a9c-f140613e8412,9b824628-dbf7-7723-d11f-3fbf02ec34ad,1
a85fc5aa-9edf-409b-afb7-98d98b7632d9,f6d8dee9-714d-76d6-4ab3-019065386046,1
307a0888-68fc-462f-919f-4fba8251c698,1e6019b9-f30e-0cfe-b69e-9bf26725bcdf,1
26057d24-92f9-4313-a540-fe39a0d63ad6,5a61b2a8-b1b7-2b42-5708-034b116ce981,1
88c41a98-0969-4640-88a1-f153876ba69b,193cd08e-9e1b-0668-1deb-a8aeb10582e2,1
8c622d62-0f62-4ee3-a31e-be77fee0bc08,953d03ff-0e12-697d-f20c-d63313d2b651,1
a4e0c9c8-d4b7-4e35-b5b6-35a31228d6c2,036f6abb-f11a-b4d0-7a53-5b2b0074d21c,1
c2440b55-bef4-434d-ae9f-0ec8b5f72211,c3f028b8-9fcc-f196-3333-7ab268fe72f1,1
69765c28-c5f5-40f1-b59a-4b1df65ce0b5,d889c262-fde2-f5a9-a86f-bbefe8c0e4d3,1
ca5f683e-c1a2-48f2-aa6e-46345037c0ca,5c57a34c-c8c9-a456-d8a5-521b8a8b0295,1
6092d862-2bd0-4354-80f6-adce9c8f23dc,4f47fb5d-b531-2f4d-d2c9-bce0f45e9523,1
c0937532-028e-412b-8efc-ceedc6bacb86,a58eef40-50a7-e0b7-df58-8916ecec160f,1
ad2bfd22-cb04-4e5b-a0fd-3e2b8420d2ec,207d4195-2c3e-4aac-8756-41fd4cd438f4,1
e2bb2f51-ef35-410f-af69-ef36e9ef7cef,54825bb1-d82d-5129-edcc-19e8044871db,1
acc91a64-eacc-4ed0-8824-55c3f61355de,5f5fd2a3-e327-2cba-b409-2167bcdc6a98,1
889d779c-0c3c-4161-b143-8e513db1277b,58c69a5f-eef9-e307-66e2-329f901bfd0a,1
55a9b187-4a09-4b0e-aa5e-83ff05e9ab4e,49d789ab-34ac-e2b7-5fc2-08206dd9824f,1
ee2a2119-39ac-484e-8dbb-0255f1ca71fb,fba77876-017a-6dc5-63f5-4023f322b049,1
b03aa5ea-571e-45d1-a654-19e7ca0c2329,732000f9-35ea-39c0-31f2-ca3d3167f4a5,1
944da779-dff3-4175-88f5-b974903677bc,a7e222ab-7d03-581b-1083-03ddb2fd2038,2
2eae3db7-0f48-404c-8086-383acaa30951,a21a8214-251e-a2a1-0f2d-fc071a34c507,1
0210a8e9-2990-4eea-8236-c0fa1d6152ad,a8adb1e6-1cb2-3fad-a9f8-52f76e700c56,1
3b25d36f-226d-46f3-b24b-445dd094e5c3,a0c04d7a-ff4d-bec6-521e-495cc41bef28,1
4bc853c8-ca0e-4c72-b3f6-f193eecfcabc,79fdf4bb-8a6c-d97c-9455-5eb4c21d9782,1
623d7359-d8a4-43f1-b8ac-a78fc2385ba4,bdd048d1-63e7-89be-3f73-4fef2e4ed93e,1
d1703ff9-eab2-4abd-a5cd-f50008c3c6d6,a89e54cc-dc0e-626c-4cd8-b0c9d84c6ff8,1
73870ebf-3110-4572-b724-d5828922ace5,bbe28fdd-7aa4-e70b-3826-457285addf8e,1
c6d3298a-021f-4061-b5b9-4cdacf985042,79355b6b-e071-d60a-1085-71f5b462dc63,1
6d1a5a3e-9f9f-4bf1-88ad-59953870f1c0,6e578547-7f0e-0502-79ba-a3cfbab3a37a,1
58650c04-bcb2-4523-a9a8-14311dcd3368,999778da-7f42-c222-7b6a-4597e1d8ca6e,1
2c58d4c1-c73a-404d-99d2-647374f56484,136d7d0e-ceaa-c48c-f437-890c791cdcd5,1
72f70e1d-2844-4e09-86c5-2205a875d642,59c50a1e-97fd-fb26-8e8b-64869b85c552,1
7a72e830-5be5-4912-9c2f-f5ea1622d388,50a27bde-3e4e-9a82-cf6a-62c0bbbb6427,1
c3aa44b2-ed51-4fa0-bf03-1b0f5cd73797,02ec5688-e45b-7cf5-f4d9-b604a94186e7,1
64b22d2f-dae2-424a-b79d-57640782fd57,ff9b99db-256e-e8eb-f845-d662eaeb7c30,2
52e8b991-423c-4bff-81ae-c10b29031f37,0ec0838f-3ef3-d2fa-7ba2-082b0fd6ac21,1
32ce0b7f-a661-4bf4-97c5-aa1a9ef62e6a,4b437060-5d07-7138-1c96-787e83d9c270,1
80c48947-ac15-40a6-a4a5-732f9a3a8656,d5e7001a-833e-5fab-7cdf-40b48f294481,1
a0ccebc4-45ef-438b-ac17-bdc42d474b8b,c686e663-b32b-6b0a-9d59-3084b950d676,1
63218e06-cbcd-428e-a89a-af49b0276d4a,a9e6f911-1220-d1f2-4435-28c876699fa6,1
f8464ac9-7426-4b76-9798-fd8a2a0bd2c5,3425996a-29ac-339f-adca-6d820d353d25,1
8550413a-2a0a-4739-af0d-c769fa57caaa,f9235151-903c-2a5a-abc2-78a045ff5ce8,1
bc590d97-eb03-4ec5-9388-7cd2dea2a644,44425de2-dead-b8b8-91e6-f7abb1fcdd14,1
ed353fed-3259-4889-860f-c901f3e32072,47355e91-069d-b17b-37ba-27acf3e1fdaa,1
61d05090-69db-4334-846c-7a20b52197c3,a0f6bd6f-c9fa-2314-835e-9c19c901c680,1
7310566a-4b5b-4527-8509-ce442b6fef33,bf5e4480-8989-4b23-6fba-dc3aacc274f8,1
adb97efc-23b8-4865-9a59-c6b7c03af4e2,bcc46777-3ed8-6c8f-993e-bcb0eb20e951,1
73f93b32-f84b-40a3-bfeb-58daa426ff02,d9328294-a8dd-8b3c-1916-226d01269f74,1
d05b018c-2d74-4ea9-ad62-7e34f1dce6f5,164a1089-cd5a-9c2b-a949-c78444e0f72e,1
f57f060c-6492-493d-8548-9517c6bd8519,3e1ab682-3edb-072c-6c2c-145b2e214fca,1
62d14334-fb46-4137-ad7d-1241bcea0b74,2e3a3882-fa3f-c2d2-e083-429ad555e65c,1
34ca672d-7e62-44e1-8e6c-165d3026bd0b,661faf85-68b1-f615-1b1f-bde6cd1325c3,1
29eff068-8760-4aa5-ad9a-27b4960bfaa2,03861da8-f1f3-4792-ce44-e3adaee51076,1
ae5c29cb-0d64-4bc3-aa5d-a7581b61265a,60bb3261-6cea-5110-feea-d0677870d5b0,1
410d7546-d922-472a-ae5b-244b8465f50b,721f37a2-fb60-2a5e-fd13-dac12fc3a545,1
be80cf6b-b8bc-4daa-8886-5d552abd4131,13cfcf58-e7c1-3c53-29a1-2cf96eb8fcae,1
fc998d22-66df-4983-9424-59d6e1643186,cef897c5-43cb-d944-e0a1-ee2f7125190b,1
fd438847-d142-47fe-bc7e-6eae2b40de06,ee1af985-2ce1-4f9f-4494-aa296ee70b80,1
7a0f6b12-8875-4f52-912c-ae1805298bde,1115e293-d06a-b141-57cb-17ae853754f1,1
97dcc164-2cc3-484d-b317-453643348b23,f9ceaec8-cf3a-8a04-349b-e0b2ac0b3f30,1
4827d126-2be0-4fab-9819-b229a605f418,8728edf1-6298-e111-8c0f-a71935dc2b37,1
d8145e45-f28f-4ddb-bc1d-ae99c1b7b281,55b6faec-36e8-0e4d-98b9-ee310920112c,1
2d8a41a1-fa6d-4a69-97d4-5677b7293581,b5a41a94-a681-779f-8126-3536993cdd37,1
f09458d0-6f72-4f5c-8ff0-3f9118af1419,e5ea8731-c4bc-e75b-1da4-c98d0a00d005,1
757d2447-a698-4e4f-8ada-fd49638f0126,09b9a1fe-8115-23e2-09e3-e2b8b275aebe,2
39ef0dba-9711-4afb-949e-df8afaa84e06,af5ac6e9-f687-c2e4-115f-32c73b3a0965,1
1463dd87-e6f4-41bf-8690-693b11a7d347,d3e0ed52-5afb-dee2-2fb9-0c8920bdd543,1
c3ea608c-40f9-4b9b-8c4a-590c16dd24b0,7149ba8c-116c-56a1-be84-2ff0efe0b44a,1
14ebcfb7-ffbd-4d84-92a8-e6449354eda9,3d7bea17-2fb4-e480-197f-9dec965cfd12,1
88c0c8af-8817-4334-bbcc-a3dbf4631499,18a71793-0494-f4d4-75a2-010eaa700ea5,1
5cb95fcc-c39b-4583-a5b7-51ccd198ead0,7785dff4-cc12-92f8-536f-30636c505d48,1
00b9f263-ee60-4928-938b-a7bb275152b5,0b15f585-26a4-1a34-2b64-e4ed0d245414,1
21f8afe7-6488-4645-8a0f-d8e7808fe2f1,15c548de-4e22-2731-b474-5e2a0f77df22,1
cc8425eb-b7ee-4ce0-a465-7a047b0ea423,f7a598b0-bd2a-7ac4-249b-2b50bc9b30a2,1
9215ac30-ca60-431f-bae6-d47b55fa0758,11c0aae9-2a1c-8992-c6be-a27a2a8e3c28,1
99ca8198-3e17-411b-a970-b5f447c992cf,da507d5b-c469-6c8d-8bc4-a4364e37e9ab,1
9ef72081-0c36-4218-8b0d-fd3e0ea22a58,b61ec5a2-7b7e-fdef-5468-86d41b8da2cf,1
550f07f7-42e1-48d8-95e8-d12f51fd548d,e72b3c86-e875-d401-b0da-c82b8bcf9d89,1
54906e7f-b05e-45d6-9ace-c90888bd0a9f,4cf13fc0-ec3c-eaad-1e0f-7d88a39bd318,1
d947c3fa-a012-490a-a696-20168cf3e19c,9f408af8-e71e-97ff-7719-8b5563a3da5e,1
e940fd8f-bc2b-432f-b8e8-93b41c07ac7b,c36abed6-f2ca-a98a-023a-404253499e79,1
eaddb831-0bca-4145-923d-9d54e2ab6006,3507f433-0408-d789-a12b-00affa7f52fb,1
56757b6c-6161-4a7c-a821-51ccc000447d,b8d7082e-131f-3d32-7cfe-b774e2adf16d,1
7f0379a2-9aca-4bb4-a18f-b5548d212117,121a8ca2-edfa-62fa-00bb-8358b88114f4,1
d370b96d-10b7-40a0-a2be-908cf2a9296f,d23bc938-ff43-5c49-a9b9-ed874ef4a8a3,1
e103b823-2847-4ca2-9436-063d9c4d3164,b2b097d6-fc56-621e-c7c5-08ddd9affe81,1
9f456858-0965-4567-b7f1-7b40329b079a,6f69a1d8-2821-17fa-22da-43562035ae31,1
b5ef93ce-c846-4fbb-a180-787591c47bb7,c775ac74-f35f-5975-f9b6-b6743bff3377,1
aab5ec0c-377f-4edf-80af-87a461c3131f,4acd71fa-b80a-e487-468b-bbdd72fde102,1
3d283af6-5748-4c46-860f-054beb30ad43,36f3516f-013c-75f6-78fe-8ed1514c083f,1
0cf2e7dc-0a53-4feb-8e24-deb0e1529c7a,b6bb4d30-a189-928f-c7db-fa97efb2eeec,1
fa43ebf6-3670-4a72-9ce7-a99288a0aa31,aeac28aa-4cb7-3754-d3ca-8842ff20576d,1
dd708d68-8334-4431-aa36-55bf1b18e07e,1e576e69-fe1b-9ada-e3d9-e486a83de1d7,1
42089633-7747-4e68-8733-3309e97ec14e,71959fc0-be0f-48d7-09ca-fad20def385b,1
c6366c01-b7b8-40fb-bd3a-f06a785c4207,2ff560e8-4857-e451-14b7-f7862ec3445f,1
5fe7eba1-8e65-4493-8a55-ff7d617ee5b9,4d5916a4-72cc-e2c7-bbec-8373bf13de31,1
2acafdfa-70e1-4e3d-beb9-1faaae53aa1f,eba34c3d-43ff-7599-27de-9cc8ad90a743,1
d2e1dc4f-e258-4402-8092-168fbe8baf27,9bf8ca5f-4331-6209-5f05-171ddd22e67b,1
439fccc5-70aa-4043-aa26-6d94f236766f,b54af153-daf8-a46d-fbc8-5b41a97ba7bd,1
828c54fd-37dd-43e9-a420-ac6475316e16,f804a57f-c65d-5c91-8f46-72c3cc9d1530,1
6b169c32-c62b-4f05-bfde-469cf789b355,27158518-f621-3c03-ab70-e7504d44ec5f,1
1bca0d88-196c-4956-bf32-eb291a5b9363,2e9931b1-0d04-c958-b622-39fc0a4d87cd,1
386ffdbd-0609-4d93-a3b6-77a710babbc4,c9d382d0-5ae6-ca80-33dc-a93c2b08a898,1
14b54de1-952b-4b4f-b626-b50410d1d989,789c563b-7531-441b-0e2f-56733a666b1b,1
ed42c8e0-f10f-4df6-bfee-45605f7b8f80,7ce59a99-d73f-c1c7-0055-5dfebe342369,1
323eafd0-6ccc-48ac-b0a0-67e7a75262cb,31944366-0d77-0711-3e9c-3df5af872a80,1
a369c4a6-47d2-4db4-92af-03091f62ce02,78321a8a-1861-598d-9ffc-bb2cde9492c5,1
76a833ed-b1ba-4674-9b3a-3870d525450a,01eb21a3-86bb-57aa-a888-1494cecf89fc,1
8eab7de4-f469-4279-9e11-ffb0e3896caf,be6e5123-d681-24d5-aa14-fe44b2c878f5,3
6c32c152-63eb-42d6-adb1-3757350a229d,cd50ad55-0ff6-c072-8c62-36ed4024c0ad,2
493f36a2-1a7a-449f-8afc-838cbd67c575,966d2b7e-9647-0733-3647-78ff448ea6d8,1
9ae536e3-79b1-4f4c-993f-80db63f6ce5c,930e1d01-b5ce-48cf-d500-48f0d082bc9d,1
47d50ae6-5f12-4549-b761-0a7fa72f93ad,b1d25058-49c2-1762-0ef0-604de4db49df,1
e5937e83-634d-4671-9929-e03d9364c023,594a46d0-7d53-19f5-5249-cdffeed27f2e,1
b24b6757-d7c5-4fe1-9e76-378148f37df5,489c4488-8cc1-d423-e5f5-4afe933c39bd,1
b60dd0c4-d3f7-4a68-9c27-739e72a725c8,fb23e077-4df9-0777-97f6-6fe3973d7331,1
0135e514-73a7-4d48-b8e8-feb7e2c7b794,f181b2b0-5caa-32cb-1424-5f8f98d6924b,1
86012f7a-d442-4c83-8085-c4b622b341ac,6437f940-82db-f6c8-fb41-25e080329816,1
02b466c3-4978-42ed-b6f8-f2b238fc1cf1,e3fe1c21-0ea4-27f9-22a1-f48845edfad5,1
7f6b8b6c-548a-4e7b-9126-0b8c1abe93c2,a9ff8d32-ca02-1539-86e2-7bedd202deed,1
41d73a6e-6aef-4449-8036-42d0cf926537,b2e45d1a-1cec-591f-0872-6a3c28baf820,1
7fee1c74-383f-4d6c-b072-36f4275f8f8a,e8e2531e-eccd-5f2a-84bd-ff7cb74e8337,1
d61ecae4-1b0e-4ea8-9f0f-a93501dbd975,25df8c0e-a1f2-4bdf-43a6-fb52214d6bc6,1
b4e0e431-6e43-4d21-892d-4838d109776e,34f0c9c4-a8b6-107c-a3a1-24e93fffa5fa,1
851068c8-1ff2-4ae0-a5f5-a5778accbb98,b7e20ccf-b1a4-4a41-dd9a-98d086b38444,1
46b14d6b-cfe8-4864-bf13-b57542613458,11f303c4-1694-8b6c-7c82-3872abb245b9,1
9193b1cb-f21d-4d7a-b569-c7d9d42d1705,6310253c-9b08-3efb-33ec-ffe9177900a5,1
87f652a7-6934-4abd-bdad-318aba015a67,ded527b4-1e96-5294-bdff-2861d6b992de,1
0b9044a1-ec9f-46f1-b9ed-619e98665b1d,ab514d7a-8e73-887e-3546-bc192065e335,1
00cc37de-e610-424c-b347-29c2d6464a68,acbf9458-367e-86b3-4639-a294d71023b6,1
53cfd05f-09d5-4fd8-b9ec-6aae880843aa,93d40e44-11f6-b122-3705-aed748def5e7,1
4dad7b43-26bb-4994-b705-263b0f094a93,62001cec-9f15-da4a-90d5-dd6c791f465d,2
314b69f8-421e-4591-9242-6ecec1ac7a3e,3b9a3e24-8364-6e0b-ab51-c35035f8c0e0,1
2bc7c245-3e32-49d4-8da8-caa60a0fb8de,25f525c5-42cf-b7d8-a90c-1250006ec53b,1
9323dd62-23ca-4f24-9643-41cc3351d460,07ce2e03-3e60-ba27-7be9-c3bf72e3ab77,1
06c47330-2c11-4b72-a962-30661a9d487f,d411f8f8-5a40-5205-0376-c497b2b4efc4,1
f07be11d-5b95-4d1a-842e-75a070f9aa79,67b6d7e9-f5f3-0191-79e7-99203cb7a7a8,1
d1287694-58f4-49c0-8c26-c3b63f89b47a,f473811e-989f-8ed9-fc2a-ac9277d2cd79,1
4a0cfdba-7521-48b0-bbd7-a1122ef5c49e,09224e06-4135-851b-d02b-5d518e3b8b14,1
91461b8e-36d0-4f0b-b80e-066594a2faa9,ee9b4f04-b7e8-d37e-0fe7-cec894e5db46,1
132697b0-b48f-3e48-d218-7233e188bdab,b9b4ea3a-8601-627a-fec6-a3fd0adbdc89,1
2307c6d7-7f02-4018-a4a1-a683771bd9eb,ffee5e24-2651-f49c-1b0b-4928f9202b00,1
63848581-2180-449b-ad86-293ccaf3cc55,6415ec3f-40b7-7b48-7e2f-5129b167fc0c,1
57a1dcf5-c393-4f08-92be-80166ea606de,c84110a2-0d5c-8436-2644-f24dc09f1cbd,1
f84b3a7c-a58a-4f05-a0dd-7d7d7e8bb671,622dc391-5e3e-61d1-4b53-729cbc851eec,1
0274a072-cb89-4d4f-8333-bf654429ef38,45d5aef6-c044-88eb-9d0e-ccc860e39da4,1
373d3992-431e-4181-b195-86cc216fd601,ef8ed7af-7fd5-8005-5d08-1a56e7714eef,1
0e7df576-d157-4b30-a77e-d2ea4c06ee30,67cfd4d8-a7e0-cad0-1ade-8738dc4926b6,1
278e4517-5857-47bf-a521-18c9526d00f6,f043ba75-574d-4dd9-9981-20176a3c7f37,2
ab1db78a-55ec-4468-a75d-c38174adb7e1,1c137717-eb13-4d47-56c6-c8ea805a6080,1
b39ec651-e280-406c-aec6-d85b3aed8f17,bc69fb9b-6ceb-3ae7-7351-905ad4688854,1
4ce17f53-70cf-4389-8380-c527957282fd,c0394ee9-61b9-3b87-7262-cda5dd19a1bd,1
13762bbe-b297-4029-857b-27af6358da3a,3840301a-575d-2d50-52b7-0f3a3ec80e9f,1
e7a65313-28ba-440f-adca-2cffb7bc4d3b,bc70e2ad-b861-6e36-a07e-440328c344d9,1
fe23bcdf-659c-439c-800e-d2f92579fd4a,54977252-2b47-40ef-433f-5f27a142c6ea,1
8a394f68-dec4-4402-8ced-b71040dc2b0f,8db75fd2-1e8b-f4e5-7e6e-83b06f42ff7b,1
11d21e72-a265-4f0e-8194-d9e8ce50b60d,34be2694-e43a-5729-a5cc-6b8bb5e3dbea,1
fd5e1208-7cde-4a8b-958e-a302fbbe8339,b66c632c-6bcc-f290-14b2-b4f132186e51,1
8c2e8706-0b86-4f8b-ae72-61a736e1d3fe,4cd48f5f-c0b3-f122-1bd0-3781822fd306,1
ba4ef728-31bf-4a10-8725-db64addbe13f,0274a6b4-9723-4de8-e866-d0d6cec459b2,1
02f3d68f-db52-4cbe-af76-0837ad3b47cf,f374cc9a-f704-d15a-b34f-da5ff9e3ef8e,1
d940a944-1baf-4200-9700-1aa119dec820,24b53aad-ba04-314c-06a2-5693fccaf7ee,1
62ad7cc0-6630-4731-9886-291f11501b81,554441db-218d-9e22-1920-6a96310cd326,1
a19e1c95-b166-4d38-8d50-772340cabd16,15879d2e-7c91-c9fe-098d-5af6ab440c2e,1
f7db172c-1d76-4dfd-800a-3f78c5da7217,06f07a5e-252f-618c-b607-c1be5ffbe5e6,1
c02f59bb-4852-4f83-954e-33d4015f4b71,273b0604-8650-8333-334c-14db04240735,1
e962b2f4-812a-433e-b150-c3e7c55f9f3e,51cbd027-6b09-3cd8-71de-288bafa995d5,1
8bc3035a-cd68-46b9-b68b-2e733c1ea2d0,58ea55f6-c467-ce13-81bd-825f1bc70d08,1
b2d35bab-c671-4db9-9c72-aac7b123a3b0,ca9a1e71-523a-7872-5569-7ccb5537e07e,1
60465004-bbbb-4309-a44e-c86927a45ec0,2f38755b-7b62-dbe2-b397-bc3589ec2977,1
272c4853-550f-42be-bf2e-1fcd39e3d5cb,488ac471-b54a-239c-1f92-65a4cda18571,1
30d4b574-9fef-4daf-9709-330d821ddf8c,fa57cf3d-7325-335e-4cc1-8cff52ac31b6,1
e12000cf-d1b9-4c23-b445-eefc111547b2,7f7597cf-c62b-dd4b-8457-691116b75e33,2
6846997c-4795-4618-99d1-c3e5d8fe28f1,a8d416f0-69ac-60c6-1ed7-ae0e0f4735fd,1
f5b5c749-9d90-4083-ac43-506da8b84830,9faba1f7-8385-1d99-397f-01fab3ae1418,1
1f6000b2-ea46-480e-99fb-be46d8bbdb11,6c4efc13-dfff-5e4a-8d04-0982c691c1a3,1
0d262b38-996d-48c2-acc0-3e1e0a349eb4,f459bd75-83b7-21a5-50d5-466b1e4c2c09,1
1a4eb1c1-be22-4e72-a4d0-4fe69c085980,6fd96a49-4b33-2391-6161-e56f64d385e1,1
3570a05c-c3e3-4b69-9356-9c8bdefd8e8a,1744e5a7-be9a-fa8c-b965-e0622c5b305b,1
9c4a9687-4d32-4f9b-bb75-92d8cd2864a2,4b1e941d-e662-852e-86cb-4c5bf0555ac1,1
d269c0ab-ba58-4af8-a49f-8998093c6aed,3eef8e80-8301-0b43-323b-3bc3ce82e961,1
f030905f-659d-4a28-86d1-94758e6f5ee2,78b7b939-d0d0-2447-1a0e-57a853fd967e,1
a4e057c2-1bc9-40c8-bc7b-185a72cbee69,c359c67e-74a5-2bf1-40fb-1019b193afa1,1
aad1db23-972e-4ef2-8deb-d7a3c135f041,37b28be9-6682-8c5b-68c4-a551f5880571,1
86505852-80fd-4346-9e5d-ddc88586782d,79c99503-4c00-7716-2dc1-6eaf3f5738c8,1
9b7205d4-ac5c-4a65-997a-77d47cd2355d,fc8009e2-0c44-a7c7-35dd-5542501803d9,1
28062a0a-a6a5-4cab-a5a2-e07249374a69,ecf3db27-c5b7-3cac-b35f-74b85b92efb9,1
dbcdf6b1-000a-4fcf-8741-f5f793d07d87,85e289d4-e0b7-05ea-0dba-2bbb519bc20b,1
f9348f0e-a70b-44fc-9a7d-c178094fedf4,0fc34e6f-84bd-c57f-8f14-ef1ec7f31de2,1
a464d017-fffe-4ec3-8466-96204028ec91,d3469b7b-e262-2e55-c434-c05afd4b99ed,1
25a8e4c7-03b4-430f-bedf-5101fc200db3,f76a24df-5428-9e77-b17d-8e9601de03d4,1
8e857c03-6205-4363-9a0d-c8ac140c61ee,91b3687d-3f07-dabb-4216-05a4d152b6cd,1
d740b79c-851c-4f1f-946d-4438031b8d6f,254245a8-ebeb-8e02-e51f-650412ba94ea,1
f7bccca6-9106-4e7b-9c16-28024aab7b55,99cc54cc-c135-4aae-eee6-a63d63deb51c,1
7719d1c0-b204-4e48-b598-72022486a9d0,3f5d2932-b776-d040-e2dd-dd13f52253d7,1
482eec8f-526d-4e70-925e-a260090351c2,117c6c24-4325-1857-a8bb-abbb29f018b6,1
1c5e495f-fb95-4fb9-8e3a-826f23e01fff,e888b7b4-42e3-3041-36d4-7487ba08419a,1
930786e2-d466-4775-b60f-e39dddb98ab9,b87710be-d1c7-190c-e247-1b0a0d0f4411,1
ca69b59b-32b0-4350-8cf5-665dcfd76d2c,faae1588-3ff8-c3ff-186a-0096c579161d,1
5dbf804a-399f-4e99-91fd-25eceddd7c8f,84494e7e-e0fd-c6bf-8605-8e651e1a7a79,1
0d0ada82-9784-41ca-bdf1-b9c15d8ebc1f,f785d564-4f27-2efc-0d9d-100da39b6cef,1
1d48ba48-7489-46e9-ba4b-404c00462981,be6e5123-d681-24d5-aa14-fe44b2c878f5,1
3bf5317a-7379-411c-8259-4efdecde2331,d2e667a6-84ed-814d-29e5-343c85417aed,1
b00ac019-770c-4be4-a6e6-d42f7ba8a4f4,38da5703-08b7-f816-9abf-e764fe90e2ab,1
ef3ac580-3832-4578-b7ee-9a130860817b,4fc46cd7-dce3-8950-3e8c-c2a1f6da3441,1
5a70aaea-821c-448c-8773-473e4c352ce7,070d2c3c-27e6-9076-2739-05c5034c9f60,1
dcda2520-008a-45e7-8bd8-1b9949a08b2e,362dace6-753a-1b09-eae7-6584abbc5b84,1
cf5d38c6-d29f-41be-8e44-330756787e19,394a5ca9-91a3-2fa7-52e7-490a5dcbd42b,1
24851fa9-ca49-4e35-ac22-8521f53e832e,959197ce-2740-3b9c-0102-472a88a3bf03,1
edb2353f-3080-41ff-ad9a-c20ba90c83f3,4cb2c210-ae1f-a786-4db4-a4aec4b3c047,2
8632170b-1d4e-47df-82d5-0710de897335,f5ec8b88-8f30-d55c-c9b3-b8fb70bf5c39,1
b0a913f6-7a81-4196-90bd-e08aa5286b06,9b8ef06e-d373-2d1b-dd1b-3341aab2b2a0,1
48cb8c59-a162-44c4-a80a-33593a72c76b,85a0e633-da7e-0fbd-9eef-4425245c66f1,1
824389e6-b4a2-437c-94bf-c8718322e378,15cfbad9-dac6-e060-a43b-b03ff07f36e8,1
535fe107-b44b-4c83-9d0d-48750c2eadd4,b7f88ea7-76cd-7c1e-1578-befa32be1409,1
2249cc0c-d958-4a9a-9a48-e12397bcf3b8,594d8dcf-8347-67b9-96c1-2952769a017f,1
b251a00c-0d79-449b-808e-1a3ebd7022a0,02e081bd-ed60-10ac-8425-e2fa68889e88,1
13f327cb-f28c-40a8-bed0-8716fe8cde05,d6d05b9e-172a-0458-7ede-136dbe1a16ad,1
064b6c97-9661-4b3a-ad6d-b56827c29a47,4846a285-29c1-f059-89b3-9bd146c729d8,1
837e9387-eb99-4222-ae7b-14362902f4e6,6707f4b5-b9c1-3e28-5ed3-67f9f6438b7b,1
20c7837e-5b2f-4e9e-b85f-0c1751337b52,cfb73a93-fd02-25a0-5f6c-a1a95be114ac,1
0b6df222-13f5-4f2d-ba3a-e07a3a0f181b,97a60140-5193-646a-733a-1987853172c9,1
ebd4728f-f271-4a4f-a4b0-d985176ce4ed,90273dde-18b0-b46f-1e42-f6c2e78be16e,1
dbff829d-1e08-4a7c-ab5b-6b9cbba687b2,f8c4d7c2-1f5e-acc3-0326-17f9047bb7df,1
baf29774-0bb8-4ef1-9638-980df55be5d7,7e291fd3-c956-69f9-1aca-a615c5e62913,1
4b15d4df-53c3-4cf2-812f-b39cf39657ee,5c862254-13fe-3edb-45e0-76d841eb436b,1
3ca620b2-4da0-448a-9d90-850b0e5f166b,20102432-35ea-d4eb-1733-c04f9cb12e2b,1
185089f8-16e6-4e59-85a0-f5f856e6da75,20e3bdd5-4ac1-c60e-1ae4-0dd256166446,1
bf39601b-5a63-402b-856f-7856d4441fdc,e29a43cd-74d2-4920-61db-b64c3b7a3f9d,1
b5a6d732-99e0-4f7d-8da0-51f73e98c68c,8a0b6f91-9806-0243-a2f5-0630766b32af,1
4a6fc5ee-e41c-47ac-950f-08c5eea759f3,2e5e80f4-7524-ac42-6d5a-28a948389cc4,1
8cf3677b-4ac2-48d3-af50-ff6f87a87f04,25bf663e-3e4c-e173-3aa9-8e681e432c9d,1
eec803ad-663e-4347-be01-e7ec3782dc53,43aab00d-da1c-3716-e9b9-e4c9d9680ac2,1
e2b4a4d7-2b05-4fba-a709-642117c459ad,1deb9ca4-b6fe-1561-8eb5-f526aa5d78d7,1
4ce7da4d-a624-45f0-af0c-f125113396d9,74271aa9-3e7c-4b1f-edb2-d352def74151,1
a1f90423-e49b-4c5a-aa9a-23c57af7ba40,6dd9b543-dbea-c77c-9f6b-65cddccd32c3,1
1c1ad05f-4bab-46f3-9793-571e41d1becc,4342419b-525f-807e-f639-30ae2e90d199,1
ab0eac2b-9aa4-4253-8f03-f03daa8e1988,9f57e73d-ff1e-3b52-658b-34658c9e5a5e,1
61168869-ed41-4d46-99d8-da68bb0becc9,a41d9153-20ff-3229-954d-479c0a879f3d,1
3a1b0d85-0971-4690-8c7d-bbd415f37dba,6cdbc0b4-9e1e-a31d-9dd5-423c0500745e,1
2d1bfa26-7344-4517-834b-044687def952,c4530941-4396-a7d7-a983-19d20863ad2b,1
37cb6c1f-519b-4653-a1b8-0f9cdbd34ab5,7d3c365d-9fee-6591-68a6-9095cb60d618,1
b2f73af7-f010-452a-a0d3-184fd92100b9,a3b8d069-8a45-5e00-cd3e-18fa64dcab44,1
a21d7a0e-4e8f-46b8-a58d-e10edf2ee56e,7e1d7e37-ac5d-42e2-05ff-9740f50920bf,1
f2d38429-4efb-47bf-a131-ea6bf3977d0f,644cee23-c910-3652-c672-74a613ea1690,1
429d3955-ff92-45f8-a116-9172173f47af,b73d9d2e-0859-b2cc-efd0-925e32553d63,1
de59a7a9-4081-426f-8f2a-1bb61de03e79,e6f7fa42-c98d-e128-c55e-2b8cb8f24df3,1
48fa5058-c3a7-4ab7-8fe8-4214de49d0d8,423ba282-3cb7-6093-41f0-2c966077c268,1
96e9b818-482e-44ec-b1dd-70990f938813,632c9fd4-5955-b04a-f815-16d73c645b27,1
43ffe7b2-a5f3-4400-b5b4-cda775ca4b74,0c56f958-d9c0-046a-5c2e-8db71bacd364,1
f6f3606e-b27c-4ed0-a7b8-fc0456e734f0,4e15fb9b-c6ec-2299-4271-95759c6ce0c9,1
c93f4ab2-608e-4d96-9262-e2b883d017b4,4117a2b4-aa19-e2fc-8195-1e72c343dbff,1
9016b2b0-3276-4966-8982-dfe7d658f03f,22690b51-0d77-ba2b-19c8-5c51af2b8bde,1
4d290f6c-945e-4330-84a9-7c982074261b,88751ec6-c1b0-3ae1-31b3-e78067df610c,1
17c60856-dbe3-44a9-b7b8-105f0ba10d8e,84facced-d800-814f-825f-b425e7949286,1
79121ede-0f66-4eee-ba60-1d5095374c36,7cd0a9fd-d8ee-8cf8-c6c4-bfedf661931c,1
b427c268-c97a-4c47-8756-d1ed7033acfe,a5001dc4-de5b-f302-e087-c33b771b431c,1
3b179933-9977-4d18-9e54-938346df416c,c18308b1-58a2-abbd-e98a-a578342e53ab,1
dcfb6e6f-27e6-4723-a916-bda3472e1113,a133617d-5ca5-36ee-8c25-2fe5bcb68e27,1
1770e775-9244-494d-bd74-9a161112219a,709cee84-8779-5c94-5a0a-271846be6c58,1
70117973-74c8-4acb-98f5-e49e3ddd2c60,2774158e-539c-8132-b589-2e774b7276bc,1
54020b2a-52ef-4c1b-b1dc-4ba3276b5201,a7719399-947e-dd3b-5c9f-42dc38c2bfb9,1
a2bd339b-9769-4e99-9f1c-58fc35d904c4,3ec4ff73-65ce-016c-30ed-3be09a932f15,1
06c23454-230b-4eb6-aeef-c4e338cb5475,fe6ca547-2951-e4c0-073e-0a645d1e2581,1
0ce20c88-4be6-48a8-841c-00ae15489769,22e674a2-0348-832d-5768-6a5be30d17d0,1
85cdf76f-73bf-4f76-bc10-d833bc65e762,7faee6cb-6806-71ae-ee30-076d102ec790,1
267b9d71-407e-4dc5-a544-7107c7b5ec0b,5c806a99-ff0e-b7a2-0795-e8082d9382db,1
bc70f1b6-b191-5500-80c1-ad95d873e3e2,b9c0ffe7-0347-6ac9-7261-40c74d301498,1
5e1a6d32-2623-4d3d-a5a4-51f26594a2b4,d77d208f-fa98-0169-6f89-d2145331ceda,1
e1623dc1-6a0e-4763-8a34-44f6f0074d86,2be74f28-7ed0-45a0-2df4-74c0cbca0927,1
486fb0ce-19b2-48ba-886d-80980e6dc0cf,b8d20acd-6372-15d9-fee1-5281d6f01b3f,1
ddba30e3-8f83-4021-8cb4-ac9154a9448d,cac476bc-676b-3d88-e278-9181a94201ab,1
31e3ea2b-bf6c-42f9-8efb-6b2f4f16eb51,8c5295c4-a2e5-35c1-f978-bda49e05b836,1
a1375cfb-606a-4ac1-a722-e746daf33cac,63195a08-69c9-1385-058a-575617f528f9,1
966b0f54-de6f-4de4-b08b-1ebb05bc7a8f,cc5481aa-0ce7-30b5-9a31-a5857ac23844,1
e7a5b17a-0f3f-4289-8e84-edd595d3d4d5,9d531668-a2fd-add0-3241-d139b6858173,1
dcc8d304-1c0c-47ed-80a4-6e43afb40f99,99982d89-01a7-c886-092c-88c3836c398b,1
5713f42b-de3e-4144-9870-f2d1c21b0fb7,bf877df8-12e2-a02d-ade3-6f3543dac38c,1
e43c962c-9649-4d5e-b11f-b5c7c8e8f51f,6c39cdff-96c8-1c0c-c385-13bd7e7cb098,1
8bfbc0eb-a2f7-469b-890c-bba6f5abe686,214f8ca2-8d4d-5c4f-81e4-344e465760a6,1
8099abf0-c2e2-478b-9c97-bb603a4af758,c3f3360c-88a2-0cd2-8861-5835a52889d8,1
ee639b03-75af-425f-88fb-3f2b7804bde7,8181953b-c22b-ce72-898b-c46e40d42c16,1
7170529c-2958-4a09-9a6d-12cf4b5f46c3,1246d433-5608-a550-5403-a70555a5e340,1
382c870a-a711-49f6-a554-d3bfb79fea63,4e520f6b-2283-67e3-a870-194ec678a128,1
85c3ffb3-5588-40e1-8432-294289c879e5,dd09a093-1816-f002-3c44-80db2c0c2af7,1
7cab3888-8d75-4fae-bcf5-27e118c263f9,0ad3badf-7d5a-3c0c-4a12-698cfd928cf3,1
2451c50a-b1f7-4241-a57c-fcff887dcd99,3255a277-ee12-81b5-3f92-ddafe39da7dd,1
54c48bde-b26a-4ccf-ae19-d295e723b4f8,93db94d4-a746-b245-4979-2a5d5c6427fd,1
77d19bbf-3d73-48ed-86cf-b08975121fb7,ef737535-35ce-a4c6-e77f-6a3c16a4e5ce,1
fa801f45-dd3a-4959-9470-86b66a5c6b45,f0a30937-d873-7a01-8163-57574dcdfafa,1
0f1a4340-d026-4478-b24d-bdf429987b22,d8e516dc-1e2f-a558-850a-d5ed6253a6fc,1
a678f449-072f-419d-aa48-615457a8e4d6,f2c669fa-f4c5-cc9f-6263-c204cc41e008,1
5aeaf69d-5cc0-49ff-bc6a-1faf680fb4a1,515e6dc1-018e-9a7e-f923-229c9182586c,1
06c3acc4-1ec3-42bc-9f96-04e68e07a761,62989bc1-a58c-c5df-f0ba-9851beaae6c8,1
38ae237c-a19f-4e4f-a09f-8084eb325676,d3c084d0-4d68-82a3-765e-982f76240999,1
65a0616f-0be6-496b-8434-5666a2813964,6e788bdb-6713-c26b-77e8-9c8027d00066,1
b44f6b58-d8cd-4da1-a52c-6135b250c925,3e0b3146-202b-6b83-12a2-9c528ba32149,1
df20b770-dff9-4668-bee1-59d6a84d1f3d,dcc5b485-f493-bbb9-05e2-5fbf6b180d06,1
56d2187b-9fee-49a6-ad7a-4312c3234f7d,dafb3261-df30-3ed9-51b6-f116d94500c7,1
6a1ab623-d425-46d4-b558-5ee6d5b7a418,b815a0f4-1347-e11d-3bbc-50223e0390de,1
ab7d554e-523f-40eb-863b-b4ab02ce9e63,e37f2d3e-873d-5c9b-7c19-57912102697a,1
89883f8b-83fa-4f79-b80b-558bb35f1b3e,4235b8ae-550f-5911-1873-540218139755,1
2573c4e6-56d1-4272-9856-f8f72aaeefe1,30df360b-7ad5-bc1b-eb92-4d73698eb92f,1
3d736f13-d2c0-490e-af88-441f2cfa3d9b,b759bef3-ed7a-f651-e8ee-78668e362ede,1
ba04609b-e3be-457c-b381-7dd3175313c6,2df93dc9-3a3c-44ff-95d1-3aae08e10272,1
04286a1d-9cbf-4331-a0a1-f862a8ef3d95,2c4e4ba4-f27b-593f-2d15-2253136c22b3,1
38fe552d-8fc7-4f75-b9f4-4937ba22e8e7,fd4e8dc0-97d4-69f9-afa5-c47a4c0a7789,1
a36d461e-5d4d-411e-b181-2d50c03d2d65,fc2dbe2a-5e40-ab60-557f-89cc5c55c1bd,1
074cb67f-fa13-46e1-b054-bff8b871a180,01366f73-f777-5692-45e2-a40e1773e285,1
eea044da-4754-434c-8f7c-10eb02d5a814,ef619c57-3744-461d-5228-9e0ce02c20bf,1
d4ade4c3-074d-4f0c-ae8f-56c81eae8c4a,770a24fb-eaef-3a09-a955-6a77c5cb4eea,1
df8efaec-ac18-486f-b8df-cece895a470a,a367fe54-dfd1-c3ca-ebbd-78ec5562a3e8,1
f2619b50-8386-4c6c-8cef-d5eff41e3fa5,a09b265a-4bb2-e803-fbfd-8a76931e4226,1
657e2495-5f31-45d2-8b6b-56376114bbca,0d4ea99e-e5ca-98f9-8c0f-5ed320afbf14,1
069f0f1d-432a-42f0-a4b3-f5c24ea83dfb,7441e27e-9684-302e-5826-48f89faf371c,1
b219b611-944c-49ea-a1c9-771abcdac971,1179c7ea-c371-3045-6873-cd9d0850da98,1
440c6c77-38cf-4e65-913a-793e3225118c,3d08f0d8-baa1-53ea-088d-df991e999242,1
43fc793d-17b4-4f91-ac09-616969727d15,7c2659c2-e4ac-c2c2-f55b-3e1eaf3dc7bb,1
df68a408-dddf-45f5-a4aa-add8a9ace49c,2d33d413-fc22-87b8-b8cc-f66d7ab10397,1
911b5658-431a-446e-8255-f0da1345a918,14264559-5c23-c6d0-0a95-e4cd6debd149,1
93bea4dd-19bc-483c-b39a-13d357bdbd51,106a56cc-2fe7-2068-92bf-c42b1d2ced36,1
94a32b8b-d6bc-4160-a27b-4c43437e6ea3,11b767d9-d14e-e858-97f9-cdbf9beeee93,1
249b5bd3-36d3-4d72-97d3-a86a889ed077,1a8537ab-8597-82ce-d735-38d6b952c633,1
11f787a4-a7f0-406b-8d74-16f23ace99bf,3bee84c6-b594-6fa3-c555-3a657366feb4,1
26fe575a-0e0d-4fbd-91f0-39b2052c9e51,78c51ab1-9a1b-d1f1-c397-f429c4cc54ae,2
115e4667-2167-4414-9632-ce30f68fc99f,c4d98f14-81cb-bfaa-bd37-1bc308a69db6,1
ca79038e-dc91-43a8-83e7-7cd46d3e2e46,59c63ff4-b3b4-b797-2084-362cde09a13b,1
4e98c17a-27cc-4bf6-a24f-907f1c544925,ad9e1196-6a27-ee55-edd5-d26cc249b588,1
00f8647e-fe8f-463b-9c60-4ca756269d65,c03bb114-5777-b458-80d0-53fa52546386,1
daae2ff2-ff89-425b-a20d-6337c08c32e0,a5d2d896-8baf-fbd7-b038-9b383981689b,1
225be0c2-69a8-4f04-a7ff-99f8211aeb5c,45ab433a-10bc-e831-1dec-d7f308ced26a,1
56f201ef-94e3-479e-926b-63c700b7e71c,37a8cfa5-7664-8b50-a745-e9c902601274,1
3428abba-b318-41ba-9bbf-d4b1c27550ad,5a79c5d9-a04e-9a7c-157b-0e31f409879d,1
d98575d1-9429-4ea4-b340-4b963671d528,17fc5f07-5381-7551-86c0-314e6f020a48,1
dbc97995-0cb5-437f-b8a3-cd99a8db8972,821345aa-e9b6-d561-67c3-72c98fdcc57b,1
7a90bad3-f99e-4ec3-a2b3-57aaefe7e2a3,72d08be0-7133-6a4e-72ab-bdf28269fd78,1
e56b50bb-1da0-4048-9ac6-c3a3be16a05e,f3a67faa-c611-0a89-01d9-9fce10ca82b2,1
db9166cd-5d54-40a2-93f0-c0e6480394ab,292f6aef-87dd-bbfe-01a2-e450c925f863,1
f6620e98-96ad-44a7-9b22-9a7afbb197c2,61ed5f2f-76eb-8265-fda7-19f66951bf19,1
fb5718d0-07f8-44b5-90a2-e593c1d3938e,0c90f022-b8da-8dcf-355e-e2bc3c767f1b,1
5f345911-95e2-4b11-9649-42ae256ff35c,ccb24f89-d262-b4a1-19f9-3dfeda718dde,1
b241ad86-6cf9-4670-802e-83974536feb7,bac45ce2-9753-82aa-475e-c1c49162eb91,2
f340f793-38c3-40ef-be18-8194da2f7888,ebc9a099-35ce-1b01-2522-2460343f3274,1
ac7e6d62-8e36-4ddb-beb6-f29de4bde370,39e06a2d-796e-82b3-90ea-d7d67da44392,1
3c57f754-b867-49cc-8c8f-8d28ece07f39,084a4bc8-492f-cb6a-6a55-52c144ba753d,1
7cf465fa-8879-43ea-bd19-0b500df29eec,5f5d03e0-9f8e-d29a-0441-d245b1170aa0,1
1734bb5b-6ba9-4842-8a98-38f1ae690d92,f3fc85d2-9286-cac7-2296-749baa9bc6bc,1
c06fa9ac-6944-44e4-91f9-11f81786f2c9,4cb2c210-ae1f-a786-4db4-a4aec4b3c047,2
bab9ec36-5670-4b51-869b-3d58e5eeb42d,b9c7d6ae-377c-c210-3b66-f32722f6fb87,1
6b2e8ba0-c981-40dd-aa51-12c0d73fd58a,f531af8e-71e0-1ba5-77ad-5a59bd6dda58,1
8465c0ed-52e1-46f9-9c1a-b731a69b9ffc,e373cbf6-faeb-99d3-16c1-51bc9350eb14,1
65b7bf4e-b309-4707-b1ee-fcff071de94c,0424c6ae-2649-9bd6-dea5-c43b0f5f9bf1,1
09526f4e-133f-44ec-bb79-c7f760a3b3fc,bf7ef3b3-9d6c-0544-977f-43fd2a376cf7,1
329d81a8-3d04-45c8-bb50-d3752a418d3d,9a8a0254-214e-6f4b-dd05-20b7ba502323,1
338345cf-2c74-4dea-b881-4fa3f6721004,f58c064a-5cbc-0ce9-7c55-0e13886d9025,1
ceffd79f-4150-4af7-8bf4-f24e208b3a45,6d188827-e656-4043-152c-f294e1065ade,1
b8cd1a30-f3f8-4a25-bb58-dfac3d665b87,c46584e2-cc4c-81c2-1356-e8423e6dad05,1
826de3ae-6e7c-461c-a0f6-79902e14dfe9,845b8e93-9177-fe43-040e-8a9856e34ec0,1
aa3cb976-6736-486a-b54d-43a59ec34399,effae23f-e87b-57a9-feef-ec3b5e993d1c,1
2be7c15c-e4e8-4a4c-ade8-9c31a289471b,90683fb0-6071-4e7f-f83c-8041289ac983,1
e129cc14-38af-40f1-a295-4573da235ef5,e1af1b6b-43a6-a4af-96d6-f47c67393001,1
ce0ed9e3-dc9e-4a66-b84e-375ed7409d18,04a49f6a-576c-c5c9-683a-fbe67a03b8cc,1
57d73f86-395b-4f09-9ac9-58b047aa43cd,984bbf67-4bc7-9010-205a-7ce0db47a05a,1
a42451df-2fe4-4afd-99df-68a3b9916d46,fcfb7d42-8774-b430-c5f9-4496c759d673,1
66c7dee5-6146-4be3-8c9d-fcc6a9ef1265,1768a6b9-fc59-c936-1d5f-04f204ecc652,1
6de81c2a-5ae9-4eac-b949-6282849a21bc,2f9cc889-1732-b195-3c59-ec7cdabad61f,1
89632c0f-4a96-4bad-8a77-5a707abdc131,ce1148da-0c1d-ee45-8403-6df98273de74,1
b67f4180-b860-4447-832b-5495a378bee2,945845b2-08e9-793a-cb8a-2fc9eff373b0,1
d93c1aa8-ce7f-48a7-b726-a92d14f509e3,7bd19722-a696-242a-6f63-474249e623c0,1
0b7b613e-6fdb-4fb2-88ac-7844b8b22132,cdf9832d-85f6-8991-38c0-893b37e7f4f9,1
4ad32ec0-6912-46f1-844c-68312367a23c,d3ec9e53-bbd7-db11-d1a5-2cd27d04bb0a,1
f2696331-363a-4ee8-ab47-0a27df2a8d81,2bce3e50-8250-5548-2785-6caf71d1ee55,1
a0ef38b8-ffa8-4342-9403-73f5086977ef,7f802919-d743-a618-c05e-da190b9c11d9,1
8de728cc-dc56-4cde-a181-f91de07415d9,90d5e9f4-e960-7590-9ef3-7ec9e61a9251,1
f162aef3-cd2f-4618-9c54-1028120883b7,ac636d58-0af7-3164-815e-ee68d8875f9f,1
a10b1987-759d-4855-95f6-6c6afdf43f8e,d04e4205-d74b-0645-b627-9fd262b298a9,1
0dcee04f-9267-409f-b087-ed36abfe47c9,3b00928c-f02a-ba9f-0292-d95e75c6225b,1
5ad5e890-721a-4a2f-b111-e4d5aac5a227,de475621-c8c5-4b8a-be0a-341160696311,1
41a0e6b9-cbd6-4325-a1a9-ed3b71f0d61e,ba2f8148-00b4-62c1-d56c-d7ad79d3a582,1
074d65f4-e03a-4f59-b914-2304cc1edfca,68c1848d-421d-0dfb-8d1c-cf08a6e56b4c,1
d7cf43db-9ea3-47ef-a2d0-53b6cd4505e5,85710174-a0df-b212-14b3-f922620eabfc,1
56f44e0b-8f95-44a5-86de-133f96e76b09,b5689039-3a47-b3ab-ffe8-f1e18445f677,1
2eff857b-7943-46f2-8ce4-2cc6ad466425,c7b15bc3-7868-635d-d159-25933c450b98,1
1b64a796-3a10-4630-b1a0-6aaf8be68905,99b71e78-af64-c838-53d8-348160f297b5,1
d89a5dbb-70bd-436c-8ec2-58a691d47c56,0328c421-1f31-0e27-49dc-d4cdcf52a524,1
bfb1ec08-5ee7-4de3-a4aa-2db3c0cc146b,a9b63133-a3d1-362c-e498-9a0ede60e530,1
81a27dfe-08b7-4b24-bf01-056e554bec9d,5b7bf7db-043e-1b80-074f-e17f645ab3f3,1
2c2b8e2d-be33-414e-b06f-47bf3efbfc53,251279ad-5a84-9d77-7357-678a55d1c4d8,1
ea79f2a4-beaf-446a-aad7-5bd1569ba3af,a1655d58-d961-e182-fbab-c2c74fb9d5a7,1
c916dc62-6fb4-42b9-837c-35046b3ffa1c,6abd9d40-3653-f2c8-38b1-f55576bd0121,1
f013bdcf-3bed-4d4d-b148-b308b657e748,bfd32a52-0576-1e3a-f6e4-97b7d9b0de06,1
a5605114-d51c-4dc0-9016-2e1b8b852277,af000ee8-7060-45d2-5016-384f0c8dd7bd,1
1f7cee9f-b5b2-4250-9ecd-00b459402729,7ec5fc57-01f0-3c63-927e-39257b0ab93d,1
349378b8-1103-4436-856d-97779f25e5b6,b35950ea-cc05-ef30-1c3c-bc9cced8704c,1
c604a626-3812-4013-86c2-a9b349f9e677,0c2b319a-aec5-45a1-6e1b-a91897fe61e1,1
010ba3c4-d686-4ce0-9a9e-3cee1fd53f8b,8974b927-0f10-874a-60da-9b253c97eae5,1
5d7c3b9f-1f7a-4e75-a432-64779c6d2049,631f01bd-54b4-cbe0-206b-67af0c2aef10,1
bff47d5a-dd46-4b3f-b9db-0b05bbd53974,7ba469bf-3368-aa3d-622f-822881994067,1
b6d6f956-0cd9-4246-97fe-a53491aa3b21,5f8e63b3-0aa5-c218-2036-29d8f31c58e6,1
06728488-9692-4b7d-baaa-87765ed52370,5d61545b-3056-c670-ac8c-20eeca55ebc7,1
c1f44e8b-c1d3-41aa-8586-135d97b3fa17,fea39af5-1e1f-03cc-7c10-058750f1b558,1
85b6c544-4a10-4baf-a8f6-0a7df4c8f09a,398ea639-c035-4595-9550-6d3199bb4862,1
e7223e4e-f4a3-4bb3-a5c7-5295ba7e0714,ba58d383-8296-d4b2-9ae1-3a4a899881a8,1
7f9487f5-9197-49b2-a96e-147c1b9b0bb8,2bace01b-8c10-deb2-66bc-5fd4d46279b5,1
9b563165-4092-4405-97d7-69f589bd656d,13b627d8-7bc6-cbb6-9a71-f9878a75d6a0,1
47afb426-c56a-45cd-8269-57b0661c4688,109aaf12-8276-b201-abf8-451a21ecf8cb,1
7fefa445-1995-42b0-b87a-5d2f657f786c,60b10541-e9bc-9210-da00-d6debf5c1ebc,1
57e4dcf5-37e0-499e-92f4-a9448fd0d900,4d562ba1-6ca8-4527-35af-3b381bb0e221,1
f0810904-3ead-44e3-a602-ea67a7a05a70,3ffc3252-b916-27dd-75e2-3792649f35b0,1
d824ac24-8806-4997-893a-710b96def07a,290efedc-3946-2f20-a2aa-7f0d1eaf738b,1
398d257b-6a1a-45b6-97ab-95b1f8bb602d,426fae5b-bf1c-a9b1-b9d6-0906493ae7ca,1
43dc9f87-6566-4421-80d9-313b7d42794d,16423b2c-c9bd-13de-1914-a65806abc91c,1
7cca7d1d-1636-4def-82d8-c77f43eb8aef,fc3a7033-a30f-1127-0f95-2e9f94e016ff,1
784ff6af-d910-4283-a2c9-a6a256daea99,c7c21836-4c5f-8752-390b-e88b6860fd78,1
adb9b085-655c-4561-ba57-493851ecdfca,9a9d257a-a1c3-df08-8d9d-aa6927640208,1
c17d66c8-a5f6-4f84-bcee-d3cb30288a56,bd239f83-b939-ed44-d287-96c15b59bbc3,1
015219a4-6350-4e7b-9c0c-fbaa4b2f1e2c,d375b05a-a366-31f5-8997-62e1b0324186,1
accef2f9-4541-4101-a3c7-4cadc6b70d17,c27f8be4-5b19-f1c8-7c43-ab3f68eb0f74,1
5ce00c8e-714a-4564-9f13-37fa132d1071,569a272f-05d8-0bfe-1f23-72da7f718157,1
a5bf9256-bc5b-423e-b928-8c0d134dca2e,1038b3f4-766c-9e3c-0d6f-c6cf71d08a5d,1
8b98ab16-c0fb-4a2d-969f-0e573909c66a,db839238-55c9-8bdc-0ef6-f58a4ac46e84,1
2c72c16a-0dd8-4816-bf04-86e2d75f9191,8e88c847-2e5e-aa99-b92c-bc2c3f6cc427,1
f6333770-7b97-44cc-9fb2-ab5357dca0e5,f4f87b80-97c2-ce96-91bd-0dd08418d14b,1
02dba753-7570-479a-850e-92257f014fc1,818f9410-2d5f-46ec-bddf-3e8ce74655f2,1
ad1feda4-15e0-4d13-9782-31174194cc47,e86de705-cf21-c4c7-e1e0-dd224f9e0ad4,1
88eafaec-c012-482b-bb5e-02c6dd5ea259,98af229d-01e2-7fe6-b5bb-01cc4fe4f6fc,1
f8e2f0fe-86cc-4e3e-8992-b54ed0501434,7acad958-cb78-19e3-2164-660f4a347510,1
efca0c87-7ca6-4075-8efb-a7a722bc9423,69b0a19a-86ce-727e-2d61-b923fb5ac887,1
1b06ae21-4e6c-4c5d-98cc-6e6ed321c042,61da7d93-43b1-07b0-7379-adacc92c56b0,1
ac4ab2cf-3d74-480c-9fe0-6f3470903619,d7a8405e-5e96-e899-c677-83668b5a0512,1
0097023d-1f9c-483e-9ba6-26c7c26fae02,4bbc2026-a87d-a08a-7b7f-fe9f1b45e5f9,1
7bc27d80-8ad1-425f-a4c5-db9c2f7f3160,c420a50c-a312-c8d1-c0ab-4972436a3b7c,1
d4395b07-914f-4ad7-8527-6ccd9f46c57a,8f521523-f84c-f790-6a29-8c697350b5bc,1
f0498007-77ab-4975-8a83-f7e86dc66530,2bd83f66-2de7-3cf5-144b-e9e1a49431dc,1
be7283c7-6a6e-4905-89d1-861fd0e980d6,c3010280-f304-8191-d733-e3e7e1d56508,1
04f4dbf3-d052-4cee-8644-30004033bf10,d2af4f74-c687-befa-038e-223e382d33c7,1
862e1455-f5a7-4034-935a-d5edd687bd2a,bb066c16-c7cd-23d8-e27e-8b756049c3b1,1
b8d97aa6-10b7-4c9b-8ef8-7c1310e732d9,26556359-eb30-9daf-b55e-804cf0845efa,1
8fea2124-e86c-42c0-a288-f5e4a0b2c5d6,9b34e695-f9fe-84a5-5aee-8920b61a2613,1
4c23b2d5-9fd6-4c1f-9306-77bcce54243a,c9e4d182-65ea-56f9-95cb-908efe962506,1
c8f10dce-e69a-4188-bf8c-4357584666ff,bd96df7f-eb76-9f7c-9827-5eecb08d3d8f,1
c6268b73-845f-4774-afc6-7fc9bd11b9a5,d048b840-c6e6-5f1e-c1bc-5aef1e39cafd,1
8e655cc6-dcbc-47f0-82ba-b41f0a30af62,680c7925-719f-e26a-c79e-12ae0db8dbbe,1
0c3897ba-711b-4994-aad2-117c6e5f1da2,6b78493f-008a-2aeb-b8a1-7479ea0e9dc4,1
b505d5ce-bc84-4299-8529-099a7440f798,e5be35d1-96df-9a4b-cf0c-437d4bfe92e6,1
4ed993f4-b4c9-4c19-bd63-8d60579b9957,dd63c9c9-abc0-aa75-918c-bbc199b2a302,1
00da5bdb-2316-467c-9fdf-fe06aa3ff661,958e54d4-6aee-6f37-ae04-db247f5ba233,1
e0fc48f0-99a7-419c-9663-460763479eab,146c72a4-3e61-3152-69b1-ed3e069380e7,1
3b0a608a-4a17-433e-8748-c9fae4d00cd7,b9a32c44-8182-0dfa-1282-781895a497b4,1
48e186fe-7489-4378-a9ac-160d0e83cb00,9f2caf2a-2e92-16be-cb22-b674ee03decc,1
9743dc2c-fa9d-44a0-99e6-94bd9b1c4934,bec6d405-6eeb-54c5-ce12-febf475132a7,1
57409f99-7eaa-4ebf-a33b-40c4f94e9cb9,91b60653-50d5-653a-f7a8-efe81ffee1e4,1
f7a7130f-59f3-4111-b651-18761fb4d731,1d27c108-0a34-2d7a-a15a-c12def68893c,1
dd5135da-4fba-47e5-85fa-f8e43a51529b,6d000357-3fd6-348d-6963-f88d9e192286,1
1a320bec-a2f7-4346-8a6e-13965d4310dc,18dbfb01-7616-7c0b-64be-e56218e30a55,1
e1d592e1-8007-4a79-aede-d15f3e26152d,a52bb30c-5862-54b4-93da-b4fc8ddf0e72,1
e4001a53-5025-29f5-9c7e-8a23428ee311,780750b7-f740-3e29-c29f-e754465045ad,1
e2ec8f52-1ca2-4d5d-b85c-beec0e563b3e,f6212ccf-a310-47a0-2082-32aea611790b,1
b88e3e87-0750-41f0-aacb-689df320ed20,d28e31ac-d207-23ed-f6e8-11787c010392,1
2913015d-2423-4b76-a490-d26fb54cce10,87fa4a8d-1ed4-c622-02a1-0cc256f57824,1
acb82677-ba5e-4ddf-96bd-89fa22bd6d8c,7c87ba95-aca3-78db-e159-0b4ea5402e08,1
267acfed-6611-40e8-b035-6ffc6cc82a94,d23868fe-0269-868d-ce1c-2059207bf21f,1
e77f50fb-0b26-474c-93c3-7021ad383a0a,e94202fc-0641-b106-e9ed-2463d108820a,1
5a382d75-6306-4270-9171-7e52f89b8601,5c4cba96-9419-1b6f-e4f6-4a20e5d0d69d,1
27bc5ac4-e4d5-4f44-a2f0-3de094b87fd5,4cd810d4-8489-757c-cbdd-01ecde7e6076,1
fe7544bd-7485-424b-9cb1-c3a07c0f9542,7349c9e5-173f-ed9f-8bb6-89f5eae1a087,1
de7930b1-dbad-40c0-9283-fe58e7129bd9,dbb4033c-1fbd-f46b-856d-91a77982767c,1
b99f84ed-3478-462d-a244-9d0988ccab7b,73235746-f273-4b4d-3590-30d38786b00b,1
508a202c-f032-4eb4-8bec-7d51f54e5498,6ccab56a-6335-2409-d0a8-61d4de899141,1
6367f69b-2fc8-4380-897a-3bf7cb7c1d09,bea8581d-5abe-5fe5-6af8-50f6d6d82136,1
75767d7d-c978-4ddc-8da0-7afbe440283f,b31c4909-bb99-27e4-def3-4ca4c29368e8,1
b28b0a97-b83c-4ad8-96f3-73d6db211f63,0cabdbf3-cc86-3b55-4e63-0c73e7683164,1
2acf8986-ca0d-4b23-8ab3-841b9071b967,c18f9ddc-94be-2d38-5273-b578ea0aadff,1
7e7c10b6-5cec-43c8-8c2f-5f13396aabda,5189b00a-ada8-1785-8bc5-fb2e9d4fcead,1
35a2bdc8-ef28-4f86-965b-37c83b2718a7,a5898806-6234-5b36-5abe-96532ff34cce,1
b005c2ca-ca5e-47a3-ab39-d038365a92f9,ade7fd4e-fe98-1eac-e7c8-c15bef7ff7a9,1
933dc769-222f-42e4-9906-72af3ed0419a,4177281b-48fb-4105-fafe-eeb9b5831170,1
60732adb-0a13-485c-a1cf-2319f850f527,a9e576d3-504d-b5bc-2a31-e902c2a304fa,1
9c89f454-2165-4f06-a95a-4ca53af6d274,aaeb404e-f0a4-3056-b88e-d170c943e1b5,1
6e0ffa8a-6e25-42cd-830e-8a054c5e1da0,5e3ebcff-3150-4005-b505-8bd4a9d0d6db,1
b54e0ff2-e4e8-4328-968e-cdbe9df5102d,81012614-949a-3b45-46ff-45320ee1e623,1
4f774068-54d2-4d35-993e-b955a87c4bd0,7ae5e70b-c711-cfb9-bdc4-d309f114e2f3,1
47823dc5-0d35-42e7-9f11-5a48073813bd,baf55194-398a-08d9-f6d1-1d4978f37b13,1
85ead53c-8a03-4aca-97af-8a48e294de7e,29752a18-4e21-5114-154f-5854a4dc6993,1
98e50eb8-e120-4af9-ba78-351ccc34ba48,5870a2b9-a80e-5f48-2282-58a75cecbdc1,1
cab20acc-e831-4a85-babf-46da8d27847e,b597f3fe-5c1f-2593-cc6a-a8edbb7d6cde,1
cc439269-1ecd-4487-a680-c70f6cfbc0de,e3176b2a-f086-ca5d-6619-c6a8f29bd2bb,1
b2ed46be-d617-432a-8105-a6dcda9336ba,a772d983-82a5-7644-c2ab-c27f9402a82b,1
b7966faa-2fbb-46f2-b4ce-a68627f80fe8,de0d29cc-ba28-baa6-eb69-9c1f7f641703,1
ccee7e99-780e-4897-91c8-949d3df808d8,5f8e8ffd-29a9-792b-10f1-c25f4680f37f,1
525447ec-a207-4f91-95ff-e971a8988ff3,36cb0cbb-12e0-c741-5c42-3b16152bc13e,1
64d41654-e9e7-4652-8ddf-4a93800b3599,ea6e030b-8db9-a288-77b6-f2a57a360bc9,1
48cdae4a-12ac-4577-966b-05e6cdc89243,440969a8-570a-57da-0567-585bd116c99c,1
1a487fca-8c00-4974-b3b7-4d6783457130,e920041b-1c42-fbf5-1021-de5d3b12fbd1,1
053b5c4b-cec9-492c-bbc3-d64aad9f3b07,446171d1-68f9-6a06-47c1-d825e57a6cc3,1
f09d9b76-07e4-4e35-9e66-1fd0082c02d3,ecc02034-d18a-60b3-22b6-a5565dfae689,1
1f695374-d954-41b6-b1d3-d11cde8c38c0,0a07ba04-f1dd-a43a-19b3-89678a38305a,1
08f08e35-075e-4c4c-9fae-8662224af4f0,8ad189ce-60bb-aa7e-bfd4-22f50ebcc7b5,1
1b54c029-3656-4d9d-9b69-9326027f9a85,58c164bb-5459-a838-68e6-51e7028b9735,1
cb9dedae-9d21-4a88-ade2-722c14796795,19970c37-329d-4e46-25b7-9bb23b0e2404,1
484269a3-56a7-44a3-87e3-da93c4eb9f82,f450d7ed-6be0-5a4d-f9e6-5caf2fa58081,1
396a1937-d2b0-45bb-b21a-4d3f36bb0282,560fa99c-763e-be22-3f66-96c97cdfede1,1
3863766e-eb02-44b6-8724-7ea8f8d8f755,90428d60-3492-3db0-7887-e99f2aad4925,1
eee943c1-a27d-4358-bdd7-147664ac14b7,6774d7f1-3b16-e5bc-fd0c-4b70bb60fc9c,1
b9786ea1-6ce0-42b0-8c84-ea86acac55df,cd013a8a-c7e4-0846-f472-7b0d40dd7566,1
5f26ddc1-8b00-438a-80f1-2b665400af2d,9abb5ede-8505-ed9f-9477-c997cc8f860b,1
7e16c509-2088-4171-bd86-a19af7cebb50,a4c54968-fb16-5f1b-ebc2-3b8acfa415a9,1
e9577e37-1088-4995-9b33-c4b4407005c0,09168c93-e2f7-f641-124e-058ac971c85f,1
79334fe5-8e70-44b2-a064-229f7a4d2606,5deb6d3f-6d1c-9b83-a8d6-f50a5876333e,1
8d7b4743-1c25-4032-9443-0082e9512ac6,c71f29a7-73e6-bfd3-3293-e2d0932d66df,1
b963f38c-61a2-422d-bde3-ec66033c0f77,e88eeafd-5779-f7a9-c541-566eaf67376a,1
86662de9-c391-4370-af1e-105882247488,2b3f76d5-2d42-0053-de00-9afd92da8b4e,1
aeb961bf-4b1b-44c6-80fc-f587de95d3f9,54f287b7-37b7-8604-65a3-6e254e3078e9,1
fb84d939-d022-4661-8814-7249c3e29e0e,9062c3c7-7d1a-04c4-c187-cb434adffa44,1
7854ec30-bedc-405d-9acc-a83af7d5a205,e8d388e0-06f4-97c5-1045-133e50d4440c,1
e2f66681-6333-40ef-a4fb-1d1ef2b1107f,6b78493f-008a-2aeb-b8a1-7479ea0e9dc4,1
fee89713-c84e-4d60-974a-48aa83c07c2b,1f114582-ade1-abe5-4bad-80dc60285edb,1
c4af986e-9346-4809-a913-fcd5255e0578,57e158e8-9e39-c049-38d8-1b6de216240b,1
d21f58d0-2538-464d-a16a-1bc5a849a73d,f95ec390-b731-fa2c-ecd4-ba1a2d9361a5,1
d76cc652-138e-49ab-99db-c3575fd8eca1,314ff9c6-7e58-4c95-d951-88e73ca5f03c,1
744c6638-bd4a-43cd-835b-55e8c9b9c694,c5796430-1bcc-4145-892f-09a0663d9a37,1
77c71ec1-859f-4d8e-aa66-fb3d55884750,766a52ad-1f6b-d33a-7f92-51ced38b0848,1
192b8779-4fc2-4cb4-a8b3-05bc11fbb73d,4d893f9f-fbe8-3429-c35d-358642c44dba,2
6f10bbaa-d66e-4628-8727-4f4d5d6f96b4,22bec19b-4907-127b-72a0-afd8a6cee59f,1
92f99b2f-a563-4a16-b588-fd4cd6558780,46e849aa-db03-9951-68bc-5c60bc1913a1,1
023614c4-c62c-4884-9107-e6800c8cb336,11dab94c-5905-71c9-ffac-5ebb63382a32,1
e43e3ca0-3152-44f1-9ad9-64ca0e3f990f,935c6e4d-2051-b192-5393-ac7d51a6bb1f,1
aa11a71f-e3e3-4e05-ac8d-8b11bebc89e5,86839cb1-9575-ae3a-df1b-a7e338c2eb4d,1
4f9276f2-3a0a-47c2-8fa5-4938a9680447,1d88941a-aa06-53ec-1195-669071282621,1
dd803312-5341-49d5-9264-7927da627b0b,433a9774-d077-c5bf-e513-46670a40bd94,1
f5ce3f36-0955-473d-954c-a43c1fdd1ba1,44e61c52-e41d-854a-7cd3-a692edf2d6e5,1
e50f5eb3-5dab-4b39-9e2d-df164736a38e,65b8939c-4ee3-e699-45d0-4944db28767b,1
5c1e58ad-c203-40bf-9e10-6a1037ea96ee,bb751fcc-ef86-93b5-7352-9fb6f34d7f59,1
1dae8018-39ad-4c25-83a3-7683e67bb7fb,d317e95c-a9f4-bda7-0665-57475a4751f6,1
9bd13b5b-4138-414e-9ab6-e90214d12c54,119eeaee-822a-f651-587a-e96d330f91d1,1
7aae993b-ab1e-4e2b-8927-e8ff3d416a6e,e826c744-903b-3836-2e81-8618f8a1225a,1
a267abea-e3d5-4324-9887-a480141b9a6c,1c5d6266-68b5-a3a2-2db4-178b14b53176,1
7007ac64-4528-497a-97ca-620d6392e3de,a34ff615-8b39-d083-e5b6-21e7504d4a6a,1
66de75cc-e792-4f69-ace4-b4d510c25b65,7e510ab3-d38b-6db7-118a-1004b7f4c6a6,1
d51b9f96-8662-4f08-a7aa-c29fb011cb7e,cd9720f4-6fce-9e13-15c7-0f6ee1de9775,1
a823585c-7775-427e-b3d5-358f989741dc,1ab3dd50-e4ff-afc0-84ad-ed12c13a044f,1
414e9368-a8a6-4dea-b7a8-4396ae86440b,26d78d0e-8533-a95a-5857-a0a47a10837e,1
7a45011d-6ddb-4521-b0d2-ae7deb133f87,f2a6576a-caba-e8ab-8227-1cf8aedc86c1,1
e4d13734-294f-4998-b957-8b3e4d1dedf7,3a9766ee-d3b1-688f-d87f-58cc90d38a83,1
fc3e553e-b1d1-47a5-b7b0-b4d324d68510,e1d741c8-a98a-154d-407c-9db1404ede91,1
cdaa990f-362d-4647-94f1-864e1097f160,db6717ce-a59f-01d2-a1a6-a01724e4a7ac,1
7481e235-1b43-4b5c-932e-e7d930756d7b,0e9bfd84-0b45-a56e-7286-6669bece7085,1
f8db4709-bdce-4355-855b-42a2f4c297d0,87375a72-1c6a-babf-3ac4-70b4b45f82e6,1
ed3d113f-7be9-4755-86e2-3ca4fbc85fbc,ddd73cff-7e40-b17a-c8f3-ebf25ed34e71,1
12ad5938-d3ba-40d1-95a1-e7d9f1dc2130,53f8261d-a6dc-aabc-d2e6-174063f41e6e,1
be420c62-6b49-4db1-8504-c4450de84178,4cb2c210-ae1f-a786-4db4-a4aec4b3c047,2
bad8e942-a7a6-437f-a340-70fda44cc0f8,a6f786b5-fef5-aeed-6a7a-c0fe8d173e0d,1
bad54db1-1735-472c-8dac-3c652cc49a4b,ee507319-bf04-8ec5-e368-c474586d5278,1
a19cbfa4-1c66-4951-9377-3b57adccdde3,21e1bb22-cd5a-4151-6ba0-b80cf0f6f980,1
518b9ae3-13f2-4ec1-91f2-87ad2d5f4299,ea3ba845-0806-b648-c2de-5f9d67612f29,1
853cff6f-0ec0-4a8c-9380-c6cbffacc767,7bc29513-6296-98d6-c578-7a29e673a270,1
48ff6963-4a30-4919-8c50-e3f271b70bcc,ff9b99db-256e-e8eb-f845-d662eaeb7c30,1
b3f91161-a472-4da0-b473-c6b7d3acbb81,4082984d-17e8-7950-1374-9830f06eb7f9,1
f7b289b5-f52d-47fa-a9d9-1a98b42510e1,cf20d03c-0f22-651a-53ce-e5565f2de5a8,1
f145c1b3-9293-647e-1517-d02a2f3d373e,ea2920c5-6889-46bb-7707-23d15abf0fe2,1
2823f2e4-2ce3-4b7f-9681-60d265f523a0,ac5cdd2a-730a-5ea5-cb9b-593f78aad67c,1
548cdfe6-bef9-4bd8-a931-360d4f29776a,17581b37-db9d-a671-c13f-f706b9e841f8,1
c83b3451-0832-4baa-904d-7146cbd36fc1,8d90acfe-ccdc-9259-9019-b4b91874035c,1
0e91f66e-35b9-4c03-a1ca-73f3e05e82de,9edc77e1-5c0b-68ad-a164-7cf5fc48f039,1
296c5228-4e9d-4c35-9d14-2adceb18604f,688fdc51-6156-949f-87af-0a4f799649cc,1
6f4f3723-c8a9-403a-9266-144bc9fb7861,645c7047-53f9-9e97-bdff-756a194c1316,1
632b763d-15df-4b80-9470-dbe649723e59,1c38cac1-7c98-01cc-bb71-55202cf3fac4,1
9e05d8d5-cb6f-4b35-beb7-23bc71f9355d,11824860-a43f-8fde-1948-ca8181283ffa,1
3b47475a-952b-4964-940e-3a8161d4ecd4,408184c4-198a-126d-5254-f4f31a9afa1f,1
dabe66f4-bbae-4268-a009-47a138663943,e3bae4c9-8425-ba42-e960-b4a394de8f39,1
eacf84c5-0be0-4d80-9192-5edfec8b974c,7927e3d8-0b48-c487-62fb-46a3f8786cca,1
054a1d93-d1e3-47ce-b827-771cf2f75d7d,cc6c4841-2424-963d-6907-cd6869d056dd,1
a749546e-b403-4cfa-a808-1b38bc8bf151,9524655d-54c2-0eff-6700-3ff77f6a999c,1
c9f36aec-210a-4bfa-a114-085b5c1512f2,782679a6-f9a1-bb8a-7ec0-1f43912d675f,1
7515f881-d41e-4da0-8579-b63320a065c4,773d0067-0f3c-4721-4917-2261ec190bb5,1
97c8343e-2a2a-4a9d-aab0-8e36cfc7f7a9,d974185d-8e09-250b-7060-35a0528b3010,1
38f3bbc1-9e6c-442e-9398-d03e83e46af4,0d81b65a-09f6-8286-8b60-eda5597851f6,1
5c198306-da75-4884-bef5-bc07ce0a963d,2eb2470d-6da7-02ae-d61b-037b18dd6c7b,1
f21e98e4-cca8-4c5b-9538-e11b86035989,e2a31768-a639-6e97-3eaf-7c78a65cafe3,1
2a719600-e543-494c-bb75-4deedf7c2cba,918926c5-fa77-bef5-963e-928522904d5c,1
0e8b1d7b-bd78-4969-b8cb-6a11ad7db38a,57d9637e-50dc-0b3f-8be3-c191643d533b,1
8e66efb1-959b-46b9-a6b4-91d8a970ef8b,e3635301-e625-0158-531c-e2845601970e,1
3a408bb4-9036-4b5c-9242-cd9dbbc0a6ad,bac45ce2-9753-82aa-475e-c1c49162eb91,1
c3b263a4-2f19-46e4-8409-592140037aed,0905ce8a-8eb9-59f1-dd2e-972c9a83932a,1
a65f2c59-7d05-4b9b-9ced-50a9b7cdcc15,5e5430c4-88eb-d768-2f3d-5434d8eef183,1
c071c7bd-6ed7-43af-88ac-035642924a93,612b5d33-478f-585b-2ce8-fa58e7e9ccd0,1
ceec780b-1eaa-48e6-96bc-d3e18fba5283,bbd22b3b-c440-5435-837a-8cb622c88090,1
36e9fb83-74e4-4b32-9196-dbf8be54a648,604291c5-f942-06f1-9ba4-221710a7abe5,1
15099674-cc21-4844-b454-007b2c706788,e774172f-0f62-a1e1-63aa-808806903029,1
59339c40-5808-4211-9d33-79d107895a27,29505f35-9aae-99d2-6e97-60d01f933597,1
ed2d74f5-0dd3-4227-bb5d-06e6fd124828,e76d6d2e-d521-95ec-4d22-922b0438d946,1
c8eee509-131a-46b9-b150-f6b3c9ef8abe,aafb84cc-c912-389b-d76b-20263cd49655,1
d9cdf72c-8ed5-4c27-9901-e2ab23d798ab,3b92fcd6-af8c-b239-1822-fe5c777d411a,2
e33b771c-9cf4-4c89-a816-05f5b37c839c,d61f3191-deed-524c-7b1f-4c0791e20322,1
452e67da-d2dc-44d6-b6d3-17f3da40559d,d190aa0c-aff1-9fef-f7fb-bd97dbebf1b2,1
713afca2-9728-4e45-8b0c-16e87c5551c5,f7a46fb5-796f-2d4d-d9ce-b4dea7ac6777,1
d52b828d-6f21-4056-9357-9908d4320fdb,2417c29f-a49d-9297-cd46-08c0f9c7175b,1
ca0672b2-9b88-4823-b8d0-ee55ae7058ce,b546c659-99ff-7003-439d-6d4d888dc85f,1
c4abddca-af23-43bb-8130-1a865db5b62c,8920e684-a006-5ab5-ed31-054e21a0bf7d,1
f1c13e7c-2c26-4411-9b0d-9842d99849d9,6fe4e44c-b172-663c-ab52-e44e5f1a514d,1
879894fb-6c73-49ed-93ce-15f2b4f4d14d,faaa7c42-e829-7019-91f0-c2152ac845fe,1
1a8bed9c-ddf8-44c5-8998-2c1ef2128cd3,b5c879e8-0083-b7a0-60fa-5799cb45628c,1
021aec05-a00a-49b4-9c7c-aa7f86af82be,3d677c3b-57ad-7665-070a-bfa39e182a33,1
35007052-ce0e-4eb9-98cf-806e2c5fcbdb,bd241612-962c-57df-4873-491e4cf5611c,1
621eccc1-1dfd-4b9a-baac-77c63e286bc1,3e822a8a-5b33-5632-809c-75c4bda3cbc0,1
d800f538-b658-4876-bef2-0a05b62bfe5c,254245a8-ebeb-8e02-e51f-650412ba94ea,1
a3227a2a-4baa-4166-ad97-73e0c9b6c4c8,20fafc0e-189b-5939-b6b5-fcee758da524,1
c1c6f3b6-ca4f-4f98-9945-651a702fc17c,904d495d-f679-1989-2f51-d8780d323a52,1
459ec6b4-fa0c-4dbb-a062-39cb3a44661f,9684f321-745b-4447-19f3-bb4f283d9f26,1
978b5cfd-2a33-4238-8c2e-8bdb2cae5d7b,af8247ba-3e2f-5d8b-3277-c5e1a42c477e,1
8b37e2e4-84f1-47d7-99be-ac1ba0d20136,faa582dc-69c8-c441-8dd9-dbca534755a0,1
fd1ab2b9-5d89-4290-84fb-c51369fa6910,bc7a8eea-9aa6-103b-a216-8449ad400acd,1
25b1e970-30cf-4427-9428-3f9e61a12fc7,494b8d22-ad16-041b-41b2-56de44f9622a,1
32423155-723d-4547-a0fb-27f0a7f37714,f5819c79-7967-7156-9946-fac2086752f2,1
463d8767-7a0e-4890-b81b-8bf0eeabf8a2,5add562e-a7e3-8b13-625c-81ace1f20365,1
ec0e0a92-600d-4fca-8c56-0610e21efbaa,32e9e53a-b63d-227a-c6c9-b4641d4d7bd5,1
2f290a18-dd31-4b42-8666-3f46deb2ab60,28bd8a0c-b461-15e6-4fb0-80b05cacf055,1
fd9abed7-8d9d-4cee-aa81-50debae3b2bc,29c5a03d-0833-9b00-21d3-d33fa97e0db6,1
c109ff7e-db9d-4770-ac5a-a51dba7cfeb8,778cddef-4185-5765-5883-059145e9d8a7,1
040d9365-b5f6-44ca-8454-b3d64939e0f6,043ae269-752a-a51f-a495-08c3389a2947,1
f5478a43-c3b0-4930-b90a-22602d756d0b,a5abcc3e-2f9f-8c25-0c06-f324ad90ebca,1
6a7c74dd-8c8c-4c0b-ba9a-e6a4a65a4960,f0e148aa-d606-21fc-7c61-45c1437070dd,1
0ed19415-67bf-49f5-900e-02ee275ebd5f,502e9341-4b58-87ed-41a5-ab2296e04958,1
293f7a3d-cfdd-4774-be3b-163963455318,f78a77e8-6644-4d56-d013-00229933325c,1
9727b9e2-3d64-4ca4-b85a-e8341e8418a5,3d08f0d8-baa1-53ea-088d-df991e999242,1
72384c28-fb17-4a5c-ba19-5a42fc89e2af,2eefce55-adde-2615-fcfd-d3323c05cd95,1
0c34c5d7-91c1-46ec-9893-e3b13fb8f9c2,833b1866-91ec-a27d-37da-d99e73f4bd27,1
1a605ca1-abcd-4c4f-982b-3354975571c1,9e88a67c-f6f7-f40d-c5f5-3a3a8861e601,1
c097c166-494e-48fa-83c4-d94115b8a0a0,c9e36a3b-ebae-b227-9790-d071b81ccc2f,1
2c68e3fe-23d3-4f24-97cf-5800b01c6ab2,4b6b5f82-6110-882a-6b37-c23b3f346b50,1
1375c3c6-dfa3-42d3-890b-7e013d1eedbe,3de776ee-82ec-9d9a-3808-bc145a2bb372,1
a93ffb76-9f52-4d1f-9855-ec175711fbd2,91f0d829-0699-1e10-9bc2-f55dd6d0b139,1
8e3b7442-6491-4140-ab55-35baa5d6ef92,ce1ef67e-e611-20cb-e492-1613f1507746,1
28be24e9-aafb-4ff0-b46d-591df8c84233,fb84242b-de25-f74c-8451-9ad931433845,1
fdbcfcd3-46d3-46e8-81fd-1b2adbdff802,e2f761a1-cd2c-57c3-3843-21e1d01e59a0,1
380ab401-1641-416f-b271-72a4674a26f0,fb0701aa-8629-a048-5b94-2796852f727b,1
0f8e8ee9-7d97-43a1-ba4f-faf38a4040d7,326d3abd-7709-5e23-62ec-7576325e46cf,1
11ecd57c-2567-4bd1-90b2-e08736da5eaa,9e0bfacc-f935-9142-1a73-98d3385006f6,1
7157eda2-981f-4e12-a7bd-df33bf6a9db5,8f38c3a6-a5ec-dc31-2d15-577649265543,1
1107c4f1-897f-43c7-b711-0c11addc8e08,fb991d35-8b91-9367-bb5a-801868165128,1
6f2bc1fd-15ed-4ca3-9997-24d16955dbcd,98c70080-a73b-34b6-0bc9-d35525b66b61,1
2b23a425-d4b5-4f29-8e89-49e983047c65,7939e1b5-9953-1937-762f-0c3f12362edf,1
dbd49144-54e8-4363-aa1f-841dce7bef28,2ec23dc0-5b97-78cd-2a38-3b501931a895,1
ff6dd9d8-3f16-4532-b099-d0ce15abb15f,fc18b5e0-b93b-6d39-afe2-a6ea1353f511,1
51c9802d-8da4-4531-8c37-dea7b773b031,585875fa-01ea-546f-46cc-7c2201982433,1
54057a93-4730-472b-a571-156fc2aaa9dd,8901d8f6-18c3-506d-03d0-5ed65c472ff5,1
61c948d2-617e-4cc4-9c77-f263777400f7,8bccc8b8-25b2-8e4b-b33e-8cc91c32a918,1
c9925296-fbb8-428d-9701-a6ab189cc969,66ac1ef3-2caf-63d5-fc0e-a1bbfa278673,1
dc5e3998-f215-4383-8911-c2580bf9b4b1,87f480c6-68fc-bfda-e763-b11521e6ef5b,1
5df711da-5ee9-4b44-a6e8-13d9018f9ba2,6f1c97fb-3802-669b-9e0c-21a40af24df0,1
c1f21a13-34ed-400d-afd5-498815c8edaa,bac45ce2-9753-82aa-475e-c1c49162eb91,2
c034b5f1-159f-4eb6-9691-c0b966e6b849,5e837fde-34cc-a02d-e104-d48aaae8c762,1
335374f8-f1ca-4b9d-9f6b-eca6c0636f10,16baa17c-6647-d5d2-1439-f22a2339783e,1
5ce6514e-f721-4680-8cde-a8bc4a20e3f6,1855a868-92b6-e681-8a5c-4c3c7e4448b3,1
dbd3408b-b49e-4d3e-8990-e4eb65e688b0,40f33c72-858c-fcf6-acf5-ae6a86accd51,1
07afa8d0-ff93-4ca8-bbe3-e26eaa8810ef,0b43a9db-8dbd-f521-5890-0b80bb315e56,1
be89640b-4537-433f-af07-0b538ee7ee51,fe6ca547-2951-e4c0-073e-0a645d1e2581,2
9e1ad609-43b3-45a8-b2b0-8efa2f196ccf,588a26b4-6a73-6eca-c75b-d1b74aa62c27,1
a407574f-8e1a-4269-a550-194d11c5b550,4c66506b-a72a-f5d7-eec2-0da4965ee1d5,1
ee21b5a4-45c0-43b4-a1fb-d04274587ce9,5d22ef0e-9937-6b30-8dd7-16ccce543881,1
6d4a18ef-49aa-4bb8-81fe-464fad860068,97271b3f-794a-7093-85e3-eded480dd186,1
2f72607c-ecf1-4a48-87b7-2200abd37d87,9925fafe-9c79-7f5a-4b27-9fdaeb926adf,1
68a7f0df-8981-4fa5-beec-9c71aa7d5f05,4cf323a2-ce0c-a212-82ad-20d48545c7e6,1
b5ac9df4-ab9c-49e1-bf7f-91d3bf4daca0,80630803-713b-8067-f373-e74cef03e57a,1
f02c5a87-0639-468e-8ebb-22f6bee3811a,fb92febf-19f8-114f-14e4-dd1dc4d2dbad,1
408d0708-467b-4ff5-a094-99fbc3fca08f,e7e9dd04-b362-4135-3c53-293b4c9abe3d,1
0a8626e0-147d-4a41-a3cb-c7a87403be5a,364fcca8-fda7-15fd-c714-06d5941c8d48,1
61368726-d189-4f96-a8d7-96812c64fc85,ac52b85f-3627-0491-f331-c96f69b9b860,1
d061e34d-fd12-4884-9d93-cf60f91ef422,76d3ad78-0612-021a-7c53-ad3f02f43798,1
c4922911-168a-4d2f-a111-81cfc1446168,a8adb1e6-1cb2-3fad-a9f8-52f76e700c56,1
cf960625-3fdc-4462-90ff-4fec376cc4ff,78f8a47a-89d6-1924-b228-08c86c0ec70f,1
5cd91cdb-3ef8-4837-b800-9c330b4f1ff4,0fa66b6a-107c-7153-cab1-356b14c0a07b,1
d34e30eb-c786-4d60-af74-f6927d5bfa77,3b92fcd6-af8c-b239-1822-fe5c777d411a,1
343b4b53-c2ed-4c8c-b276-0d5b722d57dc,47a990a6-e0f5-cfce-6799-98ced0b829df,1
13152c45-4a3e-4c00-b061-4a950dcc98af,fe089863-9984-0412-6c42-21be107d0f0c,1
e299acbd-bdf2-4d73-93ef-d3f61d19203c,84a6618b-1eba-1d09-634c-7a0614862ec1,1
9d275cb0-0899-419f-80ca-554e7feb156b,e6ceda20-a0f1-681c-7946-6378154274a2,1
ddaf6754-9124-4733-98dc-5ace6a20f122,62d9ee99-f031-20f6-8b22-f20e185db7cf,1
c53dfdd8-f6b6-4e44-9009-1ee814a1e00a,c8014f46-fc9d-772b-2e4b-758d657cccf7,1
ae8ac532-5ec8-4bfa-a132-6e9e1cd22e37,d9668398-1eaa-0383-f77e-92570b3ac7aa,1
cfc3829e-3ded-4c0a-8aaf-73c92a4be7a2,bafe217d-3a31-6bb0-d456-e27eded7f123,1
2eb38f8b-8216-4202-820f-48fef6781f7d,47b587b1-7e3f-f78c-329c-f05d5065b42e,1
e4639c36-0e0e-4737-904e-3e930aeefd6e,f4255b56-f359-332a-6cae-11f75b142901,1
96d63064-05b6-49bb-a819-300e94ccf468,1348bacd-5f8b-4829-4237-dbecbc456ffc,1
f5a74325-1469-41c9-9aee-757c882625b7,18e1da43-63eb-b6ca-0425-f011cfa2b414,1
a9ad57c3-acce-4a16-bf22-58dffd6902a9,8e79f2ce-238a-e050-cb76-683e07deaa40,1
1e7ea9ae-169d-4b4b-a10b-9acf230055a4,a058db09-fc46-26d3-8bbe-e0f0024fa4b7,1
c32ae7b5-8560-4223-a137-856c5d17f349,f6c9fdf4-5f41-6610-a6d6-d8d7a6a4d27d,1
6f2eb51b-1f86-42ee-8e74-cfc043cd0523,bdd76044-137b-a3fb-9ff6-f141315c5322,1
90a7dc8c-608e-4f99-890d-00d27dca38e1,174b726b-0ced-d1f6-0430-3d226fcac4ba,1
805eacb4-5b62-4804-bce1-061140b44352,9b41c9d8-e387-8de9-b4a0-2a9e689ec98a,1
4a25d662-79d4-4e61-aaf0-7e5c1cc90fd4,c5f4b8e8-68d2-a274-7d14-b1f8850b6aa5,1
c1eb5679-156c-4225-92c5-7dcc767cb0e0,a98e6c91-151d-326b-d2a3-e4adb2a8933e,1
258a5419-e862-4820-b253-b295f1cf48e4,cc6b2a7b-468c-d5ae-446d-ad9ba13e46dc,1
34c62a71-6b55-4939-bf17-52fe52a151bf,3c027150-c2bd-18fe-9c1b-c809bb4be5b0,1
9fe57d63-9bfc-4d25-afff-61ed91b26699,f657fdde-8a39-8ca3-75ed-6f5da9492359,1
b94a1293-4f4c-49b0-8614-af14a96b363b,3e110b51-744e-82cd-763e-2923229862f9,1
b8f1d646-f4d2-442c-bfcf-bc45a757e79d,99efc720-bd7f-4c60-d666-5819d7de5f04,1
86eacb8c-dc43-4c02-b039-113eca256ef5,7161075d-1647-e0e3-a41e-8a7776bf3808,1
c1d5506a-1eb3-465d-bacf-0e1784cf108a,0f74978e-ed6c-6928-0962-84503efbb99c,1
409befc2-1d50-4a87-ac7e-13ac8949cdc7,ad628351-0a85-2d4c-78e4-a7d23e790c59,1
35f2e0cd-63a0-4d52-94bb-2d5d27b85272,cb769722-953d-8adf-15e5-68d49b878cb1,1
0c509b26-2fc0-40b9-a17d-c0929e4beb95,e013fa77-415d-a85b-afa5-ad37a8d0c9ea,1
59cd9538-4d9e-4e38-9895-712d744028b3,38c4d90a-2b75-d09e-b389-1abd0ae3636a,1
49a105d4-5342-4305-a3e3-26b00cc67efb,92601033-566b-900d-5c0b-65e8f4a52b54,1
76ca73de-290c-47ef-a127-9931436c12a2,25bf663e-3e4c-e173-3aa9-8e681e432c9d,2
80b57606-8e86-4be5-b27e-026e5bd5c753,09dbcc9a-880b-0445-43b1-ac67635bcd6f,1
01732c48-8ff4-45bb-84f7-1a32909ea2eb,5fb1b6be-e7be-531e-c403-1cf84925ecae,1
337095b5-fdc8-4f3f-8819-da8bed34fb6b,0931c5cf-6812-d217-4562-f8bf0b2ae876,1
a4aed0a7-27a5-4af9-98f9-19e045d549fa,29296157-4ce4-b787-cd9e-a3c51320d8a3,1
472133ce-6901-48f8-81f6-639f2b73c707,bcc6c64a-31dc-12fc-1bd3-1c0fba0b4638,1
7cda8067-63ef-442f-8d8d-babc9dc2181d,442294b5-cebc-3f8d-fe16-083d98addda2,1
ab0c4d62-8df8-4c82-9d02-d8cd7025469c,92810f1b-5836-869b-6b2a-3a9e85b46df1,1
b961139b-9f80-480b-9580-929978fcdea3,5d5d4971-645e-8b16-4c43-0727131e5be3,1
6ec1ad59-4efa-491c-ba04-dd586829a6d0,d9be6bdc-9658-3db1-9fb3-bc23c0f36965,1
c646c08b-4656-4646-9f31-5feaa3bf6bee,b35a042e-dac9-9670-e902-ccda2cfb2e5d,1
77c6a151-e0ce-4289-a862-24eb0219eb2d,4cb2c210-ae1f-a786-4db4-a4aec4b3c047,2
f93eb585-a0f5-4bbf-b966-5c037c017f4b,59944569-e709-ee72-445e-42e920f78fde,1
c54e54da-eb2f-4c07-a742-f453e5a53d42,0a0a19dc-6971-92fd-c56a-6555d3828f9f,1
f6d093f0-5fd6-4521-8f1b-0612daf25f4e,b75aacb1-330c-e68c-e6e5-ad832d7be571,1
c66096c2-4719-4dc0-9f87-ca52628a5988,e512e246-4278-2fcd-635b-df660a5a687b,1
ac6ca85b-5ca8-4069-a56a-f393daa8925e,c6cad9e3-7438-d1cb-b228-630d927859fe,1
e70c1cc9-26ec-4648-9660-2abf9de57329,06ebb72f-40ef-8cb1-f03e-15f0c7d6c433,1
9dba7c03-d8f2-492a-b6e0-27261db3936b,cf20d03c-0f22-651a-53ce-e5565f2de5a8,1
94e7460d-462d-4179-8960-196879f59c43,9cf570cd-e91a-4c40-ac49-2711447a03af,1
a33b1465-7303-41e0-882e-c98408d98010,e5064e65-9bde-c1b4-c295-005a5b0ea106,1
59cd23e6-e0d4-4950-be48-272dacd2f0a4,bf042c45-3457-e797-86cc-8d3226c5e91a,1
be87d4c2-b119-4cb4-9f35-81d384a980fa,83e885ef-b8ce-8d8c-c402-44d05e448fd8,1
2eaed986-3e78-4d06-a4f4-17e0b893cb4d,9ae0ed56-73e9-38f7-10d4-7f9a5d882059,1
da460ce5-b9a2-4fd0-9a3d-157f622e966f,2fde1043-3c6c-69d2-4b72-28863c4b459f,1
51b37a52-e5cd-4b0d-be05-aa8209c92270,b84ffdce-5bb9-7350-731a-2102f9734f33,1
9ae2890d-4307-4613-bba8-4a4fef9efdb5,d8727dfb-86e6-807c-0a5f-3875f19b5d12,1
03fd84d2-1e73-4691-99fa-fa70c9a7dc15,ae5481f0-659c-9dea-fbcf-4f18850aacca,1
e97099ff-0568-4621-9c98-f0dc916dba89,f8442d6a-4599-baae-34f3-ae5f0c500b8d,1
4cc6d71f-6dca-41ba-9bed-f002ad6c4f62,c679cad9-bb51-ec8c-995e-02c6ccd38e73,1
09ea2cd8-1f26-4150-a383-2d245a9d3683,f9b2441c-db37-45db-d882-1e40a3e2c7f6,1
20345edf-45ff-4881-ba4b-93ab28fc3572,0b648e23-0dd1-777a-285f-16a6f9a7dc24,1
7856b5b0-9c69-4baf-8643-f5949262bf84,e8eaf59a-f4dd-9e0e-2785-e0150ae25f67,1
c5a4888e-dd67-450b-9af3-47ae8bfc4e4f,e41a75a9-2167-0796-6f65-2af3dbabe856,1
39cb69c3-2443-4a9f-9614-7c2b04fed2ea,ce0b4ad1-67f7-b75a-0aa7-c76f9a991229,1
92c226f5-9ba3-4bb9-beb4-703476d818d7,a8c3b45a-5270-fcda-e07a-ce17bfc8389e,1
f93bc525-2f94-4786-8537-99daeea68ce2,24c4328c-6742-6251-f49f-71807cef3b4c,1
e25fc822-17ce-43b9-b6fb-1d5b660ff1e9,78606d7d-a281-1e51-3b1a-b427119c5ad1,1
8a946cd8-277f-4046-b6c8-dc12a2e3bc9b,d79a11e6-3869-65a1-5ab5-fed61401b0bb,1
98dfeb4b-fb28-419a-8339-31794e931b5a,81ba8ee4-357c-d978-1298-03fd75c1f148,1
c7a7465d-acda-4078-9671-143ce6cfb9c7,95dabe9c-23c6-8a60-d443-652bed9ece84,1
55ecbfa9-0162-457a-a6b8-637ae6e1d8b4,d2d891a0-a173-c58d-5055-d252a4da6b45,1
793e382a-23dd-4f39-b807-995ff603a9a2,2f41af63-0a8f-85c2-9226-5c6b238b4ddb,1
7d60a850-9f49-4989-8a41-4f95bc13309f,3505d699-30c1-d22d-2df4-7029be76b01b,1
14b35d57-eeea-44b8-b879-528874926f71,de9eb95d-bb7a-48b0-0fd1-a1333ae9f349,1
c016e55a-2553-41cc-a49c-095444b6fccc,8664b919-56f0-30d7-a2d7-dd3946f54c38,1
d9574864-68e6-4745-8de5-2dab4b8ee2cd,e9abd48d-4fce-0c34-db44-605a563cb0bd,2
b5c03b9c-d66c-46af-955b-0a0ea842eae0,668581a4-58f7-78b5-2810-ff5c2fb550d2,1
6d0679eb-78df-44f7-8978-75625c1245be,57338c5e-1365-9b02-38bb-afc980b95a12,1
ca2c7da0-059a-4d77-a6cb-2f25401097c6,f3100207-9f4b-0b97-b5f3-0d3f6defa7fa,1
87a17e6d-bff9-4efa-a2fb-c713fb18594e,4bb6736c-7282-0abe-5420-4d74f1fdc86d,1
2db91d3f-b03e-4021-9dda-157600e886d0,e3b2d3a7-e8b6-e179-62bb-f052346dbd62,1
904b91ea-b561-4de8-9575-1075d053177e,9e843a8f-74f0-1f31-84a8-083ddd6124ba,1
2e5d8310-0f52-42e7-a01f-f5b62400e98a,18d5b888-4a97-b50f-d833-a65a5ce81c3c,1
645a7f6b-9d3e-419a-b3e0-9ec60022996a,d0cd6356-1957-6246-4a8e-c91dd55f2b77,1
62b03a1f-af1e-46f4-8365-e0d7ede316b8,f2a6576a-caba-e8ab-8227-1cf8aedc86c1,1
f3ad4132-76d3-4f5a-8171-f6a66a256af4,7fb7c27e-1563-c03c-f435-6598117a97ba,1
8217a7f5-1554-4bd2-a708-e3aedeb44150,3f413ef7-bc90-c84e-ee98-5cde339e8e5b,1
bcd2472d-918b-4b59-a083-ba1f26d2d8e2,4fdfe672-a56a-50e7-caa7-027c279c0172,1
5528ed08-5e5c-4cb4-8f82-3aef2ce0245f,9a222114-e419-34c0-6856-9b16ae194ae5,1
3ca89439-fecf-48c5-9f93-e1985d1365e0,61d9ac46-1292-f336-e7b1-eae7dac72106,1
a742a696-963f-481b-9f2e-28b1d50cd677,74445b93-dd1b-4b57-b847-90ec775b7754,1
716d1f5f-9946-4fc2-9a17-3543739ca443,4487ccb7-2157-23fd-938e-ead1b1f57ca3,1
42c7dd76-1f86-439c-8611-ec935efaecfe,9646f0ed-1379-d2ae-9fcc-bd3bc2e9aeb9,1
e5d48e5a-0504-45a8-b797-68b89b11580c,a0507455-57bc-237e-42de-7005c0730425,1
63c3e8bc-6d6e-4f51-9404-4d09ebb208ab,535586a2-8679-9516-0ca4-b2a0f3d23145,1
7b234391-8044-40e6-a6ab-d407cbfa8bde,504f76e9-f5bc-14a3-ce58-38b8e3bb71d8,1
e0561d13-f2e9-4592-b45d-7c9db2927cbd,11363db4-1b0d-3bfb-5dc9-d60343da2845,1
e009e988-7668-4d64-9c68-bb09fe9a70f7,881d8d49-a282-5cb5-1f1d-749e504f7355,1
8f18dfcb-c583-4fa4-8869-1ced7cb4cb5d,30f24c5d-c430-e3ac-2795-4f833a88f719,1
6f64c24b-ace3-48e6-988d-8cd864d2f1b6,a454e3d5-ac41-d08e-930c-b97477b6ce94,1
2e791409-f3c6-4364-89d5-14295a12d4a8,b88c48dc-7b33-a7ac-1450-3c43a40aaa35,1
549a11bf-141f-487b-85fe-e0063e4f527d,269065a0-9dce-ed8c-75cf-86453a7af5b5,1
0c3883b0-1d97-4f8b-bec4-7089c745dd49,c0348971-443c-3496-e887-0964a94ff9c2,1
c9ea77fa-ccb0-4811-b305-9a5cc6052278,0ecd92cc-cd4e-b06c-e537-1ee34f377a62,1
65d08059-98a5-4aba-8272-908daed5e927,1de94d85-78f3-fecd-451d-4ecf1f025dcd,1
44dd1bdc-9ace-47d9-9580-dc95bc4068c5,ec8a9295-80ab-2f7f-1733-8b4951bbe5e1,1
b9c9eade-5f22-41c5-a617-312b0ddc1487,1410a73e-1471-31fb-1253-e83a14ed65e2,1
2795f067-8e48-4100-b1f3-7e2101f6ddd2,6819c99f-ab1e-c300-567c-b2d1907340aa,1
2a6676ae-48bc-470e-bc02-90a949de9a0b,687cbd17-d798-a8f6-f7dd-4678d0c99d10,1
cb71501f-d1d4-44c2-b46a-b4e2cc78c3bb,e1439b34-c04c-4d27-c0a2-72778124b202,1
67e9cd83-8d5b-4305-915a-b2d0eaa5538e,6b23a12c-e30c-5854-f5d1-4985647f51aa,1
287ade65-26c4-44d4-b1ff-e92140146888,3b7aefc8-700d-be19-4109-729d0828c2d2,1
4ef36088-af3b-407a-94c6-20509632727a,4815a680-0fc5-af6c-6aa0-59221aa9fad4,1
aeef5d5d-7ec6-4e23-ae2b-c2630ec050f3,8efcc63b-90d7-fe9f-ef71-1396ab552c06,1
7ea79a2f-b833-4f21-a1a6-76816b9b45ae,c8e04ee6-0432-886a-a907-352330d4c19a,1
c714f8ca-ed66-4412-84b2-5ee85734ee53,6593994f-c42c-eea4-2290-9773b6032f9e,1
bcd4662f-02b4-41c2-9834-fd06eb96fbd9,c1f612b9-93ca-6588-e06e-6909732c3b70,1
28b0b89c-dbec-488f-8f9f-4f99fccb8469,3d4c0041-8515-1801-bb2e-fa90ffe967d6,1
10f0c37c-0698-4e97-ac83-a227c6977d61,7d139bf0-ebe2-5bed-874b-df70848fe84e,1
edc6d4d0-acdc-458c-8bca-afbc67240cfa,d10f7846-f982-86c6-4296-c42165e12999,1
d3bb8202-9f9a-4eec-b356-c2f4d40fa285,c5de802c-3726-20e8-bae6-0bafe207c281,1
bb520157-848e-4124-8916-3c5c73c1fbdd,b789565e-191e-896b-91d7-7f03a0f4bd22,1
c686c764-85c7-4d83-8452-8ed274966e7f,bac45ce2-9753-82aa-475e-c1c49162eb91,2
c017b508-2e2d-4a28-a916-64507f5b1ab0,40b245f1-01d6-de42-35ac-b35a39fcd1ab,1
e168b701-8d7f-4bdf-86da-bf1b5b9cd85d,56d75610-3ce8-caf2-ea7f-ab70b01c61d7,1
e07573f8-d750-4bfd-8403-4ff296b9f629,be06f343-4bac-56f0-1721-c90011df3c61,1
f0fbb14c-eff2-4d39-a0ad-f9eb443516c9,8cb48648-724b-d0b6-0ade-6db025eb383e,1
8ea48ac2-6118-4208-9d9e-7a8ee94aca4e,c73eb541-5290-444f-a572-64831a3e2e24,1
fa84e494-a12e-489e-a249-316e0ceab00b,d7f365de-f1ba-6b41-a11a-8af5a1ae7d85,1
0038e1e8-34c5-48f2-97aa-f3b39bc00007,480b03c4-dcd9-48d9-725b-b4ada0cb1852,1
a661f9c2-ca32-49c6-852a-35e7747d3e64,cd7c9154-47ec-193b-ffa6-e67794b572a2,1
91f565d4-1cfe-44d5-920d-2b995af33ee9,9d97caaa-c3fc-75af-42b5-a765dbcdc24c,1
755a4204-30cf-4cac-888f-93b1c9155191,4cb2c210-ae1f-a786-4db4-a4aec4b3c047,2
c45e581d-1294-47ac-9fe5-c4e4d31212eb,57b39cd6-a0a2-7f26-6937-62971d36a823,1
6bf74be9-d4db-4a9d-ba72-9e985af83611,2a27b416-d6c8-7ac5-54ea-3944e302924d,1
cde704d4-f867-4b4b-99fd-f3da370207ad,ce26b4fb-0660-c090-31f3-f1474569e117,1
5662dac1-e21c-493b-8800-df6bdba7693a,4eb969c2-86de-1811-a33c-9489b134f2c7,1
3a352cdd-72ee-47d5-b966-1542d78ef715,40ed89c5-677a-e083-d9ca-41f50b5b1edc,1
d72909c0-eb80-4166-9c98-b1c415218c68,3f922917-0d13-8cee-8be8-7788287bab96,1
44d118e0-40ae-49a6-a18c-168d5c55220e,42077fc8-dac0-26d0-1dab-41b1c0993df8,1
573e9e1a-4232-4c65-bf92-2365e240713f,c09d1bc5-f2d5-42c5-f3f9-3a199da41be7,1
2937e5d1-32da-4784-942a-98f725e10276,5be320a8-28da-6018-c1cf-93fa66647cd0,1
27605d61-15f1-4576-98f4-4b8258a0e0bd,91d88b85-688d-da1d-de53-6415611cd9c5,1
0789e0e6-3030-4f1a-9f0e-3dc7fd3646ec,057aa730-27ef-7ef5-9dc3-a2ce58d93b85,1
441b1019-b72a-4f7b-9c9b-5db578dfc84d,c2ac89d9-91f0-5351-fe49-d4aeda42cdd9,1
fb83220b-5d46-4e03-9ad1-4c7d43a0b43e,511bc91a-13bb-4fa9-8478-aefecd9113c6,1
c093d902-f422-4104-aff3-a6a7b99d7e4f,6a20456b-2b12-5bb3-4fff-0ce728a2b902,1
4733e4dd-2463-489e-bbb1-998dc45c399c,5c57a34c-c8c9-a456-d8a5-521b8a8b0295,1
69528b12-b835-4b6e-a98a-0f69ec574743,6d07b82a-eda0-844e-e8c5-335e5d9f678b,1
674cac43-e6cf-4f1d-8250-734e7110e75b,a83cfd14-f0a5-9662-8b5a-c815ff73e229,1
b835b689-af27-4487-af3a-2ebb63eab577,dbc3e020-6a24-b1b1-99e2-f7de0bc8bdb1,1
c838bc98-ae4e-467e-b17d-288c86d571df,44e9c1c8-367d-171c-f875-b8ddd02049a1,1
8bdf5884-1de3-43fa-be91-6d25586a775c,c23bba2b-d526-eb86-6785-82fbefd1cc14,1
b26d5937-c98a-407f-858e-3cd7e751f198,ed0e394d-9e7d-883e-c2fe-d102e7b20be4,1
b26de673-500c-4227-b530-e583d7884345,abe29c03-8a37-e5ea-b934-742bfd27c92f,1
6dfedb68-5e3d-4e81-a0c6-e22adbcc5934,7877b4fb-dc67-9b2e-855b-76ea5eaf0657,1
6a323e9a-8745-44b2-902c-9e567ddcecd8,0a7a4f92-ab25-8fe4-ff42-208daf30e50f,2
5ffda96c-2b26-442a-9849-b0154bdc7530,27e918b8-f442-0a47-d430-3feee21c755a,1
3704d482-5252-4c9c-a783-82b5a0634e44,5d18ddd1-c46b-da70-733f-729f99ece372,1
2ba7f27b-29c6-41f2-830e-74f9c4e5f75a,dcd7296a-5c99-87ec-b2df-fcf5d6fe2a63,1
b6e531f9-91f1-4751-8dcf-c2223be7bdb7,77a84225-811c-9b89-775e-40f74e2a5c43,1
09340f2d-a7ab-460e-8062-4de6727eae86,424eac95-182c-1513-c30a-b7e0a23a8103,1
206f8753-92d0-4a3a-9288-9c1b65b4b6c7,19b726b4-3de4-3a2c-33d7-5ecf946a0942,1
b36928a2-8754-4294-af67-ff2af3581e5b,1ce1aca2-2241-441c-88c6-9bd695f23d4e,1
0368c772-28b3-4219-9311-2ed6e251b134,c4e1d541-c32b-eacb-e36b-6083e07e9553,1
4b65cfcb-cc4a-4d15-a9be-c645bef84d61,cfe16674-d633-9464-11cb-c189c25ef769,1
196c8402-29d0-43dc-adf9-d1ee5af7c69b,1e36b193-3668-ed91-380b-7f99c71fa4b2,1
06393dd6-9d84-4604-8d8d-f1860b355c2c,94eb5253-2372-0ce8-31aa-d034319dd149,1
3eaf98fa-2501-469d-9be3-b747a4ba23e1,2a2721b0-58fc-e2ab-8bfd-6765a352857b,1
77c0eaf7-a388-461e-9a0e-d006303be193,18b118bf-6747-d6fe-e096-317702524187,1
e1cf744b-141c-4363-a6a7-04b55930123f,b389d150-1672-25d1-41c1-ff94181e96ee,1
387920ac-3291-46a2-9682-98c1eb4aa9e9,67b92faa-c161-502c-791d-1748c24b55c8,1
5403eaeb-5471-4c96-b0a8-31a95fb405b7,da32e1a0-ddcd-5bed-6ef1-1879ac1cb217,1
e8673afe-d43f-43ec-83ca-3a98e8dfa18d,6e96f239-a0bf-eb39-fa52-c2bd8f1a7c81,1
acfd914f-2b82-4cfa-a588-54488ee1b9a5,4a8215b1-b3dc-0b71-3eaa-fa937d450a61,1
9633b2db-bf0e-47a7-8e7d-bf9d202e2748,a850548f-33cb-e11d-bec4-ce0199120511,1
fb953050-306b-4c6c-ab4e-3d1db1a7e6d6,28f27cd9-4d97-2fb1-d308-d20e9448a443,1
0e28f0ae-08f7-40d6-8c3e-55a30ff4af1e,e00a74e4-7e74-1fcd-6892-a4ec6df9757b,1
07524b9e-6c1c-4a72-90f7-777c325b7219,0a7e19b4-a2f6-14bc-4ae4-dea6313f0f6f,1
ef0d0b6f-52c4-4988-9edb-c44e40751f1a,2e6ae4f2-decf-1742-638a-fa584c93f159,1
c9206655-39cb-40e6-9b84-1eaa3f18abd5,f71c40d6-59da-2116-adff-bfb511d914a5,1
4e5eee0e-831f-48cd-9ddf-02a8a97cc88d,ed3b6595-284c-3f11-0a45-cb7ead9a4e95,1
df4f8253-5cd7-46c6-a0d4-751b4d4704a5,5a30ed80-eb1d-aa5f-f72f-60d66b1a48ab,1
dc44e8d9-43b8-4e05-8a88-72c67afe641b,5f740a1f-ae90-6665-ea86-409809e0b3d4,1
57c3df07-e35b-4eba-ae71-a47e91ec3ae4,51762917-4d5c-fc17-1444-b1c5ee98ce54,1
f24b4d0a-783f-489a-b19e-c2a9062010f0,0da8f0be-e5ef-99ce-4a97-a59cfa6ca491,1
9e276fc8-b2b8-4940-bd55-44a60c5c4160,baa52eff-cb0b-9129-b2f9-74a780dec0c6,1
131f64ee-5515-4c9a-b3fe-63abc6b963fb,84cd8e1d-4109-e383-bd22-dcf598d9848e,1
21e7c744-4555-4083-bdc9-9d645974a6a7,a563363e-c372-de11-d33a-097c6058efc4,1
a163b4e9-6d77-46b5-a6b2-56062c90e5db,abdd0889-b58d-8ac0-aa3d-be4daf1e4837,1
6d2c054c-afad-4f2a-825e-76e47e72a71f,4c883dc6-35e8-55b4-e4a0-2e553050383b,1
ed5a3385-3464-4ec2-a12e-c6afffb77a8b,0beb9681-b6b6-9631-a553-717ef64cb29d,1
6e03e7d5-0c29-4ba1-bfb8-4e21700bcd0e,aa04acf7-871d-75de-7b6e-0bad3f39e421,1
4b3b1778-2894-424c-875a-22d8f8c9777d,f4e9cba0-c194-ef41-41e3-6c15787dc52f,1
cea0e422-e579-4de4-ae34-bbe5e61ec42d,a1c34da0-e71a-b0a5-db5f-79f994e22fd5,1
a008a913-2d95-4563-b897-41233fc76221,6ccd00dc-460d-df43-496b-20dbec2e2133,1
2264f9dc-a3d5-4840-a5a8-b298235c7318,7a7ab93b-3763-e7a1-c176-31b12f44c778,1
42f9393c-58ed-40a1-b802-d09e57c79baa,441f6a59-20df-5f14-acd8-77fbd603d73d,1
e25123fd-ee0e-4506-8802-59fab6d69950,86b295ce-18cc-7d70-0f57-8bcb64ff2fb9,1
37042df2-2c92-4765-b75f-fa7db2206cfe,b5779cfb-a566-21b6-b27b-5763fbd11809,1
68555c96-a093-4f67-84ba-525eae5ce72b,f17414aa-1440-8b52-7334-4d9b53c25738,1
7b0958c0-ff52-4314-9d9d-98cadfe4a272,b12c3c1b-bbbe-9821-5d12-06af4c5cd1af,1
dbad9135-b1ee-4100-8441-b008ac3bd0c0,d2849203-56fa-8877-e979-2c7d9f1b3b96,1
80d78b44-f95b-46ef-86ba-9b9f6510a082,12bb72e7-9478-9705-94d7-e65fdcdb16aa,1
1fe52894-a058-4a60-a67d-1a0c4ed3f2d4,9e3c1cc0-0eec-2539-1cb7-8d8eca572780,1
d64d5770-fb95-47ed-a1d3-c59ed858d0ee,b0cb1e04-f3cb-40d6-63ca-d5d7bb9eb827,1
54d35351-6234-40c0-a94a-1df96a0e098a,28801d4e-ff32-9792-5772-57f4b6cbcbef,1
70408be2-8e24-4b31-81f5-25c7c47e120a,35e737e7-ca77-7251-6685-940143c4bed8,1
9c2d86fb-6c8f-4505-868b-c1524d8daea7,8538c0bb-4e32-1823-ccf7-224e6d9a137f,1
73d01ba1-5b81-4738-907d-c2cd37cc2341,737e9f50-7c93-eb0a-59b6-6129bc330212,1
28c87961-3032-4a60-bf0c-d4424b1b396e,89914f8d-e2f5-4267-80b6-762eb5f871f0,1
9a6ae183-7a1f-46ae-9eb1-e00325932abe,9c29c585-1d37-c448-97fd-ebf4aedf0647,1
f86624d3-3307-4216-be79-9dafdcb99c2f,cfbf3390-d831-6aa5-7c15-22a431841c76,1
a75a5ba0-958e-45be-81a3-3de1f40696df,c8986d35-8fc3-9139-dfeb-5b005c581080,1
ec138de2-1fdd-48e3-9059-da9840545745,f1e98c14-3db7-79b5-aac8-c1f7d0cdb403,1
fe6533d4-d027-4024-ba99-d0849a535d40,4c960120-a1e3-795e-466b-4762a482b4e0,1
8244558b-d53d-49b4-ac1c-b5af1f7a5689,b5561ee4-a6df-e4ab-4ffd-c26711d820a4,1
936cad00-5763-4615-a895-e6bb601bddea,4c72069c-9525-c6d7-d46d-099a125169a4,1
da82f7fa-bb41-4ac7-8793-85e9b45986ac,075f47b6-5635-41e9-2c79-f096e46ea647,1
8100bde9-7bed-4a74-9d18-0d87418de6de,98a19995-2dc0-0a3b-f20a-e897ad0590e5,1
b85af278-84e7-42ec-9146-a21f35e67709,78d18669-f735-c622-d36f-dd4b69ce5a8e,1
2c302ef2-684c-4b38-a9d2-08b5e6490877,3a11be2f-fb15-fa63-7e69-438219f8c7a4,1
6fd68d06-34e9-4358-8370-b8b5f3002a35,91628609-57f2-6f12-5627-33e7a5debdfc,1
12c94b4c-af1b-4c46-9025-8c3d6b4c2159,84997e3a-c708-a16c-0bee-b50761045ed7,1
f972521d-b98c-4a3a-bd2e-56ce1cf73211,658dc000-8a0d-f3ad-2d36-9987f159eb0b,1
2b0ac804-9ca8-4d15-bfcc-3dc3c7532487,0235f871-f5cf-bb24-1a4c-0aa27e265cf5,1
40c298bd-6f0b-48a2-b121-49cc7bec03fa,00b9a604-3bf8-8fad-4a36-df6c4f963647,1
024db2ef-91cd-4a7c-9425-af1110d0c9c9,4e75d4a1-63e8-ef15-2eee-b0aab7de721b,1
f7a5315b-140e-4bd1-951b-6762978cc212,3a4e82fd-f085-5d15-6084-a1e86d9b4652,1
d2006d82-0502-422a-8acd-1a88cfb384a6,14eb7d72-97e8-227b-39cc-60db703e4624,1
70aab6ec-6696-4f6e-bd45-8fa999d6e0cb,51915f3b-5435-1306-6fb7-341fb12cc53d,1
950903d6-dc81-4ce1-bb40-e08bff2c167b,568e66df-f3d0-7033-b09e-21bd3f3b3217,1
4552314f-6e30-4cb3-bd03-8af6ffb757a2,03e6b32f-a1f2-e8f9-2801-35cb1ca1c553,1
d90b34b2-5464-47f8-b537-f805cdd9fa4f,0fe96e4c-9592-a2d0-7384-750353bd88cd,1
8fcb11cf-3e08-44c9-b08a-bab95661709a,e1746555-4a30-7846-0604-ef66e2005213,1
6d044276-39c5-44ac-823c-6ba17b65d4e2,a5c83e0c-0426-76a4-8c34-c0137ee71ef6,1
897d5aac-b596-4672-aca4-0b4f1ea3fa04,0333de3f-1cd6-437a-4cde-d4a2cada7adf,1
e138366e-dbfa-47d9-a734-3984faea1747,2df379b5-d222-7fa1-b3cf-aa9ea5309e3b,1
6886ebbf-17db-4d46-93d1-15007a8868cd,81b1688a-83d6-9c62-aaf8-49863f4142c3,1
d1896b23-11d4-48cb-a53f-d8fa59a2a30d,17e68705-7fa3-dd7a-bd41-fe9daa0e0055,1
3025a50b-3513-4740-b2d2-9dbe9a7467b1,a6c46899-2646-d4d8-811b-70fd7834c584,1
7f479582-56c4-4c39-b048-92b11f2be05e,150726c3-8e37-c0e7-02ba-92667f5ec36b,1
22cf5766-d903-43f2-b5ed-4783f50cd45c,30263d2c-90e0-98f2-7896-1b67f3e23405,1
a19bac6b-f8b7-46f8-b315-5d9df9f55d43,7e4fd155-fbe9-698c-d3cb-9506b5fe06e9,1
a26a79a1-c5d6-4d3c-8df4-6aeaeacddff8,958e54d4-6aee-6f37-ae04-db247f5ba233,2
5d8a7e3a-f762-42be-a86a-2ab4b402f08b,71b458a1-b508-75fa-d656-32b563856ec7,1
36845b8c-4c5a-460b-8949-a6aefcff2200,24cd4f8c-b396-0009-c688-b257462a4785,1
a56cc94b-34ae-4696-921f-dbdd21a6100d,c8914755-7e50-6894-a419-ea2033c5930d,1
69918efd-e5eb-4a3b-bdd0-eb297c0e5bda,b377d150-59ff-6ee6-e91f-bdbadc039029,1
86e492f0-ffb2-41ae-9c4b-7fb4e0caef9b,a9928ed8-2cf7-e21c-6ef7-72db366af83e,1
d07304ce-500c-4a4a-8e42-59322f0015c1,bb3d9223-17de-5c54-7274-37d5e004b32a,1
0112da05-bd2f-4b47-832f-8349f7e4bea4,ba13bbd8-cb7b-8b8c-9901-c49c662c6fb1,1
336b10e3-581b-4ff1-93bf-f14c2eaaaeca,353ef4a0-8d71-bec9-9bac-252290e08c45,1
fff30fcc-c4bf-4746-ac96-883a22d51b8a,89f9cb5d-5c51-e993-81b9-2d1c005badec,1
616fda54-ffcf-4e26-ae5a-d6788e0bacbf,6dd656d9-5658-ef99-f0ec-3b9d3d8cbdf0,1
8fe46a2c-a409-4893-9d6f-4199a259c04a,1c828d0a-3750-0c89-9567-ab0d69631a32,1
76447ec9-6027-489a-b51b-e38009702810,6dd46e40-b352-5b21-fd1a-cf7d96e0460b,1
291ff659-419d-4fa3-b8fd-a1711f3ada76,454b8bb1-71ed-c1b4-6f28-f9caa62d3e69,1
a7a82b3a-2c48-4feb-9d9d-32a87a50e668,5c44a566-24b2-10aa-193a-8f08dc2d9860,1
5fc51fb2-f4a2-479d-9f16-4e691b009bdc,26d70d56-7379-5cc9-099b-3c57735bcbe2,1
7f389bc7-ef3f-4465-b74e-b38316d1faf9,ba0522c3-3137-f46e-89b2-1adf4ba572a7,1
290625c9-264e-4170-9b86-1b685c8e8b39,ef540f71-2d9f-8969-aabe-b32ca64b84e9,1
60545b70-78f0-4d0c-aba2-c9b05f311ca3,4202f41c-eca1-4223-ac5e-0b17ebf8dfa6,1
44d67d85-fba9-472f-a437-c103c1b76ea3,43d8144b-9a93-d369-439c-900c6602367e,1
9c3ce05c-94a2-49a9-81a8-4704d611a941,0510f5fb-7080-e6ca-37f3-fd4a8601db7b,1
c9e69200-e553-4ab7-9b87-2e807884ffc3,1dd20c56-9bf0-1579-67c5-446e53ef7c3a,1
00a55a0d-3f2d-46fb-a89f-8244601a6921,0057e924-4ea3-f668-2a74-1fc317d38982,1
e1a5b37b-9c74-4cbb-8604-aa9d5a5d657f,e78b130e-f353-2ed3-2d07-33d063637171,1
b335aa81-b869-4590-8c4f-6d5e48b448b2,49540bd4-b915-cec8-e40e-f9b4fa4b18ef,1
27d6ee9b-05ba-4213-879e-96200c5e8082,09cad6aa-501a-cd5e-a3cd-3e90befa8bf6,1
b4e59fda-f96c-4f8a-9d0e-9c22d6b3cda8,19828f49-1bd3-c6c0-bda9-b35cc0b87d7c,1
8134830b-b2e7-424b-a38e-672e1d670a87,83742c73-4cb6-0242-f619-3ff45c09167d,1
961626af-4cf5-4b4f-b92e-d45dc329f9e9,10dfe215-b8b3-2274-c2fa-2cc4a2e1ee89,1
7d0f51bf-5d98-4ff6-bc88-4aac08faae2c,a1ab0de9-c3be-9984-82ac-6ae5200123c6,1
d05b40b2-f837-4e24-88f8-7d543e9bb968,6967eed8-20d5-739c-47f3-b5a6c16aab6f,1
c4f86f2b-4c71-42a1-bae3-d1f09d70844e,f559543b-fbb0-d287-4a89-c9762f962d29,1
6d626b91-5def-4ce8-a77e-6b5405037cb4,60c69f0f-e864-ea82-cbef-9002ed3ff850,1
59e188c2-45d5-4770-bed0-f3bef366cd26,a036ab5f-01a5-3709-7881-c705898cb2f4,1
775e26de-2b53-4407-bd58-0fbc49969042,98c340f4-2b61-78bb-c2fa-2303ef00d0db,1
4153b9b4-517d-4234-8730-d6ab69a38a9e,ca17b73d-c28b-39aa-203e-d23a56d3b6bc,1
0d10b5f8-4da6-4055-8c48-94d194ce8128,9d86b13f-fe87-2f23-1b9b-16742d882d7a,1
aec1cc15-2f6b-4a9e-8449-9db4628baf68,70cf519a-c25a-e341-2c06-c8ceb44cc72f,1
9624ebeb-d4cb-4c76-b870-9a32d614da7f,677c9bc7-86ac-41e5-0630-1681cd0b1009,1
c2ca1838-66e0-4b47-91db-e7fe86d5dd86,3df45437-0203-f469-d4bb-eb686eab560e,1
947b0fc5-0f0a-4c8b-86c7-d729f0632f20,d8b4cd6f-c9f6-e10d-b871-088f9017d383,1
6dba2e2b-f1f8-4e84-b8d6-9db60057850d,2b51704e-af98-1448-dd64-e7b881ede244,1
a692b1aa-578b-446e-82b2-caad9fc347d0,a07c0502-0331-b90d-1297-e3ac31c34334,1
0f4ddc27-0b3e-425c-937a-c97def4a7f94,0a6ba188-f11a-fcaa-d8c6-436527ab178e,1
0b311b68-8950-4cf9-8f8e-5e8c46a31a22,1fa69c94-ad71-bc8c-25e1-0abfb47d77b1,1
bc66844c-77ca-4669-856a-7f25e5e2e74d,efd6cb57-6334-b1d1-c9c7-af6ddf5ec9fa,1
be115a11-f0a9-4241-b337-9b11871fd499,bb3c8e95-f259-1dc2-c47d-6ac66a46bd57,1
30fd0804-0e01-40e5-bf04-9185a19a5ef3,4b5297c1-1f8b-1f1d-52d4-de1d0ffa046a,1
41b97b0b-0328-4291-8321-9ac76e424134,2a5709f2-7864-bdbf-83e6-d2058a80f27e,1
3c11c211-7775-4f32-b5b0-e37ce6e2cc0b,6869a90a-d754-4d7e-fe51-f89a975b0054,1
6d1e5ca7-c9db-4d7d-b5cd-aed7256099a1,15b863ac-2e49-f026-90d7-595be6a98f78,1
16f0674b-8d24-4969-8d7b-4b6ff1370bb7,6aa95914-8e3f-1891-c152-bc8b8bb41e32,1
44116717-9368-4d99-9d16-f897594f7c58,68a55691-90b1-68bb-371f-8f55816c5aae,1
dd4615d4-0d57-435f-b7f1-aa2e2cef3957,edd74912-a5b3-c290-1f9d-f171413780b9,1
472117c7-f9b8-449c-9e08-e600b0d99550,0be78bfd-b764-2321-4a26-8e9eaab069b6,1
b9251447-16e5-412d-b03d-d2dc796ebdfb,df7162d6-3a34-8eaf-dc12-9267abb5dfd3,1
3ea0f5fb-9063-4343-9770-2baf4faaa86b,fb1efe5b-b3c5-2846-9e9e-1b1ae7f438cf,1
cae89e66-2019-4afb-8210-eea5476c92b7,752c51c0-e8ef-5daa-5557-58d0af10409c,1
676797f2-d95a-4bc4-94aa-88b9cd096e2a,928c1a23-960f-4d15-9f56-855630b746a6,1
93b9fad1-aa6c-46c0-9fef-971acd973695,48a27bd5-03e1-bad3-053c-54594d8503e8,1
03bc021d-2ff4-45b9-8ad8-1d7f3380e164,7f8a72b6-f30f-acda-da4c-5a1ec0f3e1c5,1
34e5d310-59c3-4662-aa19-11194399b8cb,8c0f63b3-a66a-36fa-91fd-0e051dce3f11,1
8733b9ec-246b-4d8a-a208-316235e28a37,726b0c56-5aca-58f5-577a-f02cff726bb3,1
ad0b3d3d-0afd-4353-95b4-8879942e2233,1666c4a0-cb1c-f6db-b3e1-c896665a26fe,1
a9cccc7b-d85b-4637-af04-42c34e8ed11c,a8b3a4ef-8610-7b56-1604-3f4a5ff90093,1
c75079ed-708d-4c10-8d4c-2acfccdf9d56,f08f32b8-8348-d350-cc11-645c414030f8,1
e7805ef9-d065-4877-a2f2-431e689d4ab4,2b3f76d5-2d42-0053-de00-9afd92da8b4e,2
0a73e018-80c6-402b-880a-efd6228abb49,84494e7e-e0fd-c6bf-8605-8e651e1a7a79,1
db548a25-26d0-4b15-a77d-ff8a9ec7e955,f7a31ef6-fa3b-fa6f-03fd-e114cac92a51,1
21ed9a70-1470-4db3-aa35-9f645e2e3031,ec3299eb-81bc-ae8a-5430-cb64639bb5bc,1
856c53c8-ea91-4137-afaa-459d1ae3b7f7,dda65ef1-da81-1a8b-6bb8-81069e8799d9,1
9399986f-c393-4132-ab5d-e9c8b4d4884c,bc9eaee2-559b-03bc-7067-c86c76e3e5e7,1
c330afc9-7f3c-4e96-9034-086da35bf799,0d7cf895-aa99-c451-017f-906f74963c89,1
43fdfb11-1496-4d43-88f2-cab0c30f64d3,0f3fcf63-1390-ec38-34a5-16b682042ece,1
24ac5c86-4db7-42be-af7f-6fa214be9593,50889318-4c57-c4ae-72d9-dedd19254077,1
42aaa453-636f-4b0e-8f73-30c739fc09d2,3a9766ee-d3b1-688f-d87f-58cc90d38a83,1
90931c58-b5ec-4003-99a8-c61202b99e23,647f21f4-cb42-f9eb-a0a0-312b9f2819fd,1
f4a07fc0-947b-4797-8709-b200fd402603,008657e0-5a28-67f4-fcfb-9fe93d4043b8,1
d7187b4c-568e-43ba-933b-536e34df608a,6e29874a-8635-4486-e9d9-d04c191aff85,1
0684082c-4d92-4ac3-8a6c-5c01854ee492,c2d25cc7-afd2-6731-04c4-7960083ca70a,1
a897165f-176b-4e6f-b42c-4002adbb712d,e33cb540-1174-e4a1-1959-1651e21faf90,1
32713729-258d-422c-9dbb-ca0f4453da08,4330dddf-e82a-ffc6-12e4-eb64b464d576,1
6d80558e-2b82-40b7-96a8-7386fc83b213,52f1c547-88dd-bf28-2c80-0595dc8b36e8,1
739bcb6e-842e-40ee-bbb8-9cf27005cebd,958242a2-ee5d-5de5-67b1-cbcbc52e2fb4,1
27255f9f-f084-4740-bdbb-445165ebb7ff,ec02da0a-2a4a-df1d-644a-baebefb84501,1
1227612a-d83f-4559-a616-dee9b27c1f06,6671f83d-d7ae-2883-9ed5-402aed39ea73,1
f7ab1ed7-d488-4667-8d8b-ca5b0696a01f,3c50e8a7-fd88-dc02-19a5-9943ca48073c,1
3d0fae0a-ea98-4c83-bbdb-92c7d468e033,28c99868-d7ed-1204-4aba-3ca972f8126a,1
05d1ae35-b795-4882-9353-3f13fc8404d4,2d3c8a7a-a561-1476-92d5-5090b8c055cf,1
0073d9e3-830e-45e0-b91f-fe9e4a1b3fa4,606e0050-fa25-86e5-53b4-1aa78540e2ca,1
97f17a65-b86d-4d78-aefe-3aab2db09959,08b5d0c8-6874-b101-0402-a058f339f120,1
ca316394-52b8-4b4f-b002-a4748149a078,42954fb7-1a25-3299-62f2-7c098b2f8462,1
f98bf600-05b7-42b0-80ad-ecf5eda780d0,4a470ae6-4839-61c6-8e66-1f650c830164,1
5c1a8f30-184a-4075-a92e-63c4edba53bf,5a2f21ce-deac-0f0e-afb3-18ee94870c8d,1
754eed9c-6a50-47fe-bd09-bb514c619ebd,1c178b07-acb5-6d5f-c540-a648ea7dfeb0,1
15d6dac8-e009-43cf-9641-257ea2353aa3,ef09a6c5-b735-f63a-c8ac-ab8b2755912e,1
292b6b69-5b60-43cb-83c5-ef0e60234ff2,14bef73b-b4dc-ca00-67a3-6dabd06319a3,1
91e32225-b734-4cf3-8e70-e0ab9ea27138,c045dfa4-1c0e-09fe-925a-3d6f43bd25d0,1
9bfd71ca-3f12-4e0a-b895-bb5a9d62ad02,7b3384f9-79fe-b8a7-0f05-586f2fda974f,1
192a2e03-1518-4cfd-abc1-e8d8ad55d5f0,433c9fdb-c9fb-415b-68e7-e055241055e3,1
97d6c200-8b10-454c-bb72-b10b043c63bd,f1d2d06c-da9d-8e4e-1f5b-65c5eca06f0c,1
0486f39c-89ca-4f99-aa80-0f2811b0f951,b3adedf7-9f69-f2f0-a66f-f2dc993bef89,1
03e1ffb0-f9cd-402c-bc17-d3b062a79ac1,d08cb1be-1b5d-0b67-a679-6d9154e4f326,1
632776f0-6b90-4dff-ae69-45216890715f,1aec584f-78f9-1c1f-6374-80f66f1e72ab,1
c4ec7801-ad7d-4371-a28c-dd7e0ce0d479,e6e36117-586d-e986-c46d-0ad1576aa2f2,1
e4e9e128-0ade-43f9-bd0a-aad7f0eebca4,9197aab7-f765-737a-9303-2ea653d6c2cf,1
be4465a1-b645-49e9-b34f-78293905fb07,dcec1e2a-c64e-5001-b60e-a0f5a294716e,1
c2aefc9d-b3aa-4b91-8642-3d8149e00898,f459b44b-39b0-7312-9c0a-2ff8a3940808,1
0a94985d-bf93-4b25-b3a8-ea5e7ab73152,4b06516f-8455-466f-cd17-accc03f02b37,1
f0a100f6-3c44-45d1-9279-f69d7304f4a8,bd7b97a5-d8cf-cd23-f226-7f400f3779f1,1
bb1f55d9-d040-4d3e-b9a5-4c4a69ab5260,bf52e080-ba71-53ca-be6c-e0c203e13270,1
ee98b32d-f065-4926-8b19-35113965fab0,ced1f532-3ae5-776b-b546-6db6d9d3a03f,1
a7ddd03a-9424-4190-9ada-eb20e0c7cf87,8717efdd-3d89-9dc8-6716-725b4c7dcd29,1
d5cdf73e-fea9-40d1-803e-bc9ebfe07992,f559543b-fbb0-d287-4a89-c9762f962d29,1
79b514c9-8dd4-448c-82de-bfef7c3b453f,fbd0b0c8-df38-2eea-b5d3-2fb581c283f4,1
146bb2f9-1e8c-4a14-9ed5-bdbf88c49d6b,0ea7c3f6-7416-a2a3-ea8e-f635421e8caf,1
186a59c6-7077-4995-bfa5-7559ecaaf764,3ff633ee-8dc4-7904-7eeb-abe2bcb28c60,1
6fe4fc76-a3a5-4693-b6a3-f8e6433ff62c,642987a7-c696-87bb-1ca7-387f19a00640,1
062ebb8c-4840-4206-9787-0f43faf79f57,28402fd2-f4c2-de0e-5013-210797bc68c3,1
7956cd64-8647-4563-b130-6872eaaba8a1,c9174b96-44e3-eb72-f2ca-109eb652d2d2,1
c2466530-49c2-4705-98d6-b823fbbda5ef,f112e0a7-08c6-09e5-7f64-1c463db1e86d,1
7c99c36d-d32b-4ad5-91a9-1c7250e23088,1c8cec5d-6942-08e3-216b-5f53239a1b70,1
2dae0e93-2888-42a1-9e42-8e7f183875a6,f0030148-0d23-d788-2ddf-f367ee3f72a4,1
bad946fb-ac53-458e-b877-367833b5b059,677d03f5-32d7-a211-1e91-d5e2b4f6507f,1
72cc7fd4-667c-4293-abf0-af3e6d81a3a2,2d5b12f7-0bff-f4f8-6aaf-5a04320efeea,1
be83224b-b2a4-47d7-a57c-a0eea0c05a13,aac40814-0700-3f80-7321-88b0af091a20,1
eb1ae4e4-58a3-46c0-9794-caa45e5eda4f,fec63ea5-0001-e698-7060-59e95cc3fadf,1
1162d85f-c3aa-4f90-adde-6adf0389776e,2438914a-cfa9-c942-7c83-b383b85b2e27,1
78ccee5a-f73d-4b92-ab6b-64361865e4b7,5d9aa5c7-bc91-c921-c28b-c95b49d34603,1
ea1c938f-7f4c-40b5-9de9-f63bcf830fce,113bad55-9cc0-6f84-9456-d7558da698a0,1
02011602-6edd-4173-aafc-a959da70af1f,fc3a7033-a30f-1127-0f95-2e9f94e016ff,1
9e8b4e0a-f1bb-4d58-b000-32e9b9431822,7c919c41-4b93-7942-4eb2-a7e0f4e139d9,2
21b931ab-ccb7-45d7-adfe-47cbc5f7fdbe,6c907aa8-6df0-035a-4838-41f33e48dd9c,1
24bfbc3c-9569-4dc2-a4b8-649e17e1d2b9,298bd3ab-b3be-1f9c-9af6-a50a88c9b8e3,2
ab53ce89-5d39-403c-b1b0-f05b7ad7e67c,35ea7196-509a-a0b8-4d9c-1a4801ea0da9,1
38916e6c-a7a0-4b52-8e64-58b503159ab8,0d664319-eed4-ece8-31c1-7525ec6862dc,1
ac2da92c-918e-4271-9f05-e0cd3735410a,aeeebdb7-b9b6-05e4-ff94-5897b1d7918c,1
280bd7bb-6c19-4c80-87bb-0968fa04ad5f,e3ce845e-4b05-4c2f-7ab9-368e6740de63,1
c1c9be7d-7a80-4f5e-b20b-aa578dc10bec,f9e9bd6b-3ff6-c829-fac2-d86be6091ee0,1
a2dca7b5-751f-4669-b390-c500ee7c7feb,56f1a557-0206-f9b6-a9d4-59799850ccad,1
d1a6e943-ac97-458d-8b9f-5fa069170bfe,9d60f06c-eba1-0eef-a201-a78571589871,1
9ecb1d66-8ea9-4647-bd70-f42ae250ed49,a9d136b4-c1bb-116c-9d15-8c6c83467987,1
f33f05b7-a164-4390-9f70-727fe3442689,294eb956-8d0b-3911-728d-38bc48394309,1
0211b4c1-ac9d-4be6-b382-a668a2fc3242,8b8bdf0c-8043-9101-4854-cecb14a2c23f,1
a402d2ef-ae12-46d5-81af-332484f37068,06c38eaa-f44d-9d16-cc80-ebf86548000e,1
a73923d5-47ac-4c98-bb45-fa490f98785e,27345cb5-df0e-95ad-f123-892c47672782,1
ca78cc25-f258-461b-b9a3-be3f03393057,74923fd5-1536-675c-c6d3-6d3615bbff53,1
fa99bab0-1ada-4b9c-a7e9-cfd0d546a22c,c819f019-70e0-6c30-f1f1-00c625a71b85,1
de84331b-b012-4c2d-a551-2306e5cd93e9,2be1fd4e-b006-4a09-2098-370103f22031,1
01ab6560-5021-4837-bffd-6e3f198bf768,1f61b210-f251-4aa6-cd8b-0269a872b934,1
9d00cf00-b902-4256-8f51-e8eddd1ca229,25ba87d4-00c2-e491-2f06-eeb394d868a3,1
e407e176-4f24-409f-b6be-bcbea19cdbe8,041d3564-6435-bd23-5055-a29335c6a0b3,1
bdb04972-8a8b-4c52-95c3-993edb4c44af,88ef4ed6-66b5-9235-75d1-b5067cf06d49,1
ff966d75-9304-40a4-8dbe-9dc2c784fefb,eff35d54-df4d-517c-a5b3-43dc0a12f344,1
161a82d3-a671-4863-b04b-36c99683c2ef,a34063e7-1779-dc53-c7bb-20954c587782,1
cbb66772-a975-4874-9ee2-68173115a851,174bf9b8-ce1d-6e0e-d4c7-b9e087e30103,1
4f125ddb-61b9-48e7-9cd2-06f61edaea47,0abe6edc-7e70-c7a0-9458-d198afc3f6f8,1
5f35cd28-9c25-4b1d-a987-27dd7f0f47a0,463a02ff-01af-0fe5-86fe-f30434a7afa7,1
84cbd8ab-e055-40d7-bc55-1dfbcb1d3ad9,c636bdc9-bdb1-66bd-3120-6c0eece8158d,1
69ce55b4-3d44-4892-9fdd-f2c995548882,ec39f395-b241-2671-05bf-379d0c1f209e,1
44a1a900-3404-4f78-89a0-23d2fc78adb6,65db6f2b-12bb-bc8b-7ed4-b1b0c6d67e17,1
de8e54a3-1c90-4db3-a94f-0b69cb0e1a88,e61fa59c-c605-57a0-58af-8466d0b954b6,1
025eb5c6-81e6-4c4a-a854-a8c22d60fc99,4f3bf02d-cea2-847d-ec90-e420744a9849,1
8f8c1588-cb24-49b2-9c66-c6b5a44b0a7f,a25a1c38-f7dd-e1d3-9856-aa2141f07398,1
e8e6ce0c-2ded-45fc-9b11-579a07658d4b,d9668398-1eaa-0383-f77e-92570b3ac7aa,1
cd6dbd7e-6dc7-4c3f-aa6a-fb530e1ce6d6,9efaa061-3e33-59c4-a75a-39adfb1c923e,1
2cfd36ce-7499-4b83-b314-936514d02ce1,9c03e9d5-76eb-f1af-ea3a-465cf67fd981,1
8aa57fe8-c4e3-4ac0-b548-0aa7a56f3326,33788256-b9c4-523e-d32c-dc01c4da0cb5,1
33be8f53-e15d-4d22-b074-508c745f3cfd,61b4dd0b-f30e-bb91-3baa-ea70d5aea818,1
2a4703e0-2d37-46bf-8866-4ffe9b33eed4,9388842e-b6ea-69ef-9cf3-917d686ab738,1
b0fd8e7e-8420-497c-8382-b3e2b02e836c,bba42baa-28e5-6b52-05fb-32d0ad74282c,1
36115e39-524c-43ba-a4c8-d58f1a4d5786,d4098e28-7d45-6600-84a1-4ab00c65bad0,1
ce617861-62bc-4003-88ac-d342add9f936,357f25aa-148e-f0f7-1ac6-7cb017917ec1,1
f68a6fa4-2747-4fed-a41e-7020b85e86e5,e5ce5683-b39e-3962-9c51-121db08c0fee,1
a24be4d5-3f33-40f2-9141-5b763b5144ea,037eab0f-e995-e753-1621-9bed05f85fa9,1
367ed66b-3031-41a6-9edf-5c6b0902f077,6cf685f0-33cf-3d3b-9538-1558243606e7,1
92405791-8ef2-4946-8a6b-e6e0dbc762af,efdb261e-1422-12e3-1edf-bc118af43d51,1
647f296e-9c33-4b17-bb05-139ce83b3d25,15886790-ffb0-2e40-69a5-1d4c831a8767,1
dff51bb4-e187-4d32-a947-cd28a5f9f724,8e0efeb2-5522-3471-6cf6-04bae66643b3,2
8f8b3f86-b3e1-4f6e-91dd-6eaedcd05f30,d46abdae-33fb-2e96-01f7-092a46a0b336,1
f7f73bec-be7c-47d9-81db-9db28e83fc4f,5ac02bb1-55c4-1202-ba03-1154e35b5ec7,1
57a5c0e4-4e86-4e85-8b9c-e559b0725df5,1ad9f054-0c8b-8a85-fc6a-202efb68ed74,1
17cc2fb8-bb4f-4652-a7db-082d49d86621,66e929a4-1070-7646-db55-04fc77fb0301,1
c13e5eb9-984d-44bf-95a8-8aed3c67322b,c5c5c739-b6f3-40b6-ea94-633b6ba9334a,1
87f940d7-9a29-46ec-8b08-0cf188cf1981,e438e070-3cff-7b1d-5667-d7968dfaecf6,1
b090eb12-3e2a-4946-9744-0ace8a3f474b,ccde1f39-d219-be3f-0293-472ea581d6bd,1
db865478-eadd-4c8e-9067-3f5202184773,668785ed-c0b6-bbe4-ea49-a516b4483407,1
73239442-cd08-4289-b79f-bbf3b2de3b1a,255315a0-6bee-1fd7-09dc-226828a527bf,1
467a351a-4f1b-43c5-92c1-5b25eb4490bb,63a62db3-f9de-2ac7-b49c-0efbcc99b634,1
8dbb1ae2-710a-4267-a6a3-44bd4afed6a9,331af0f1-c6a2-9a15-d2ff-f3ce66ee5980,1
8684237b-6e20-4dba-b5eb-5c0e5b93b3b4,84fcf1c5-2783-69c5-0dbc-703aef1ebe7b,1
eb8675f7-c051-4a54-b08b-62099520c45a,7f8f8bc6-c2bb-2823-1e48-755f4ecf3edf,1
231d8139-f494-4faf-9755-f6c55fb55173,553dd65b-ac46-71ef-d126-52d658322ac2,1
fe61c6f9-2b67-4993-9e78-fbb3ac88b143,ca2feb53-de27-aadb-7b26-74a758017084,1
2c5b3bc3-b74c-42df-b617-57ffb3ffdc16,bb16a03e-ff31-b5ee-d255-fa8e9cae6061,1
3659cc71-57f0-4719-876e-7a6da78f82bc,6c41d544-0388-4009-66fd-18c1fac63eb6,2
88a1e9f5-3ace-408f-a83d-803621a1c734,ae97e898-f28d-14b0-0b12-e0780797fbe3,1
2ae6a5ad-e5d0-474b-9dc2-53beebace137,3f6ee8d3-38ba-d186-b38d-1a51a69241e9,1
900947b3-9953-49c6-a5fa-52c9c22009dd,cfd9ee46-2bac-d43b-eb2e-6a49396e248c,1
1bb7da4a-8ff4-41c4-8e96-6eadfea68afa,5f3d74e0-bf50-7b23-e6ad-39c708c3a27f,1
018679d8-162e-41e2-8987-4d1343ded976,42069fa2-ff3e-7501-6ad5-f60023245cc7,1
267d96d3-4916-43ce-9594-67120c62f40e,b71d62c2-b864-0dc4-c488-ecd1ea44d4eb,1
d5b0bb47-07fd-46ee-9ea2-a94f8fd7a4ab,b8218f83-0e50-7c00-2ff9-a3f886fc49e3,1
3c5f2dbc-cf4a-4a5d-83ab-4b402ebc1264,b48f3d58-3eab-fa63-59c6-1c7210a8d45c,1
0926555c-3faf-4e07-849a-8c1ff0d13ae4,e72267a2-4950-1bf8-f9f6-44e32f5a48f3,1
ab814a74-a360-4854-b89e-72012baa357d,d0967809-cd63-f9c5-2c4a-e48914bf9d1b,1
71412436-ab9f-4171-90bc-d7fc180b2821,89bc0e38-e889-a08d-2406-68fbde012d99,1
4bafd62d-5032-48c8-8ac6-e8e87df0c567,777b55c1-4b92-cd64-5217-083df51b0667,1
c08c3282-ff9d-4a77-b523-6688f4758860,2e385785-5145-b271-fc94-1e033462357f,1
06426a48-ae23-4cde-bafc-5120243f9caf,42ccd4a9-0a34-8265-1ca6-13523c0d9087,1
a9c66d1e-6f9c-40c1-8ccb-6873fef88178,1e75f318-62da-6dbc-b41d-0b033b333786,1
58745335-674d-4954-a7d3-92cecd06358a,09b9a1fe-8115-23e2-09e3-e2b8b275aebe,1
84cc1c4f-6d03-4db2-b119-3dce24295b15,52275718-fc6e-ced6-0572-108b897701f5,1
df60f523-bd71-4f60-8771-59ec97e9b8b4,6ee73669-262e-42a9-4ff5-4b5462220760,1
4d8bf2b0-98eb-447c-a21b-715dd7ee639b,f5e245ed-e4ba-64d9-8ff2-59a1cd43368a,1
3b53cc95-2ac3-4ef3-a3a4-14a5f15489c7,ad42f955-1edc-339e-a2f3-3f508e42b513,1
2352e085-f2fe-4af4-b664-1af6653f97fd,d4e5cf2c-63be-1d5c-50e2-2ea00a814bad,1
790ef399-e487-4d03-86c9-1883d6deb9b0,0d493ee1-dd08-0aaf-4d73-3647793e6da6,1
eafe886b-b63d-4da9-8886-9b4815d68b16,4da074e7-215e-dbb1-704e-d720f3dd7adc,1
68febdbc-d911-4e61-8d8a-4d5861077034,f309a9dc-b3b8-3b2d-1bc6-aa3a3040ecc9,1
bf8d2a03-0b9c-4659-8d43-af0d391e526e,fafb768d-3c05-c03d-7053-34aaf42fcc01,1
6855e7f3-e87c-4839-b9dc-92466d450f2d,1bd76612-cbf0-9593-a149-30390e779dfa,1
e0433e43-329f-47c3-8f83-2786f9213156,58de977e-4ff5-cbe7-0f18-3077ad41621f,1
c4e03357-94f5-4088-8003-b1e25d0152ef,32dfa4ab-a550-9a0e-7fef-a5f68a809de2,1
71c2bef0-513c-4e55-a734-c7d65eda5246,762c7887-d1ee-5454-92cc-61308665ba72,1
c6b7753f-cc02-470e-a8a0-ba59dc174dd2,b8b55214-2f55-6890-376d-6052fdbf72b4,1
312b8a88-754c-4539-9caa-6419842cab4d,314e8421-7388-2dd2-ea7a-575aba796bb9,1
e4fc42b0-92e9-4bbe-87b1-7ca3aea73100,1bbedac8-d5b7-4984-7a75-9f3860879979,1
568b1532-26c7-4373-80ee-659fff1082bf,f76ff28d-ac8c-8a7e-cd6f-1b38b960f15c,1
08898b8b-f248-4fd0-8d82-6a390a70c985,36c2bea5-4695-ebce-34e0-1d7cdf73a25c,1
705d2819-889b-4f07-a438-e7913984ace5,29abea1b-7de9-4237-c2b5-4c1acdd2d3df,1
da807387-5017-499d-9197-0761dfde942b,2f054186-1dd7-621f-8992-69242ec5a242,1
c6246e8d-e2cb-4ee4-9ca5-5f7aaf34e040,6bc18dae-e695-c6e5-6031-99556051e618,1
20fd23c4-9491-4ccb-bd87-6bd646df8da2,a91eab76-3d60-b16a-bac0-331e04d6546c,1
b1bd9bd6-4949-4d8d-9a9c-c964ca7ab9b0,f174509e-6c6f-ec1c-290e-5253353ce038,1
532b1302-71f8-41c4-971e-5aed55cd4800,03a0fd24-4e4b-ce47-9476-a874412f192e,1
e0aaf97b-cc44-482a-8ddd-89bf6fb80113,081a2e17-dee6-8fb8-2706-6b43549e3a4e,1
27840ce0-2dde-484f-9f13-60c07aea7bdc,aca49760-87ec-47e7-07f7-caaee133b339,1
38f05a76-2cc6-48b9-822a-d67c332891bd,25bf663e-3e4c-e173-3aa9-8e681e432c9d,2
a673ce3f-d49d-401b-b8b4-5dff898231b4,0285d822-acb7-0105-89b1-1477aecf7032,1
ebd8ef31-039a-4017-a69a-3a8e01b7dae2,71d60022-fb95-cb58-d3eb-e39f005e2c3f,1
ee76e489-1df1-4ac5-9ff7-ac2f4ca9e460,be3a67fc-c098-3e5f-2173-15acd18f828d,1
76168880-a0e0-4233-a270-821ede8bd721,eb58c02c-40d8-0e9a-0bba-96fc9c2e4fb8,1
de2a7de7-0201-426c-bcf9-54aada87a44b,b2ce7a4a-4b10-8f7c-94db-d1222455f45c,1
19265ba5-3767-41f7-ad42-b889bf5491cc,e042fa32-e9aa-91f7-81dd-3353dd026a60,1
7531d3b9-10bb-4564-994e-2c704bd9ee7f,2b3788b5-3572-97fd-a3ce-c7112aa8e20c,1
68bdaa43-efa3-4ae5-b8a7-616a6ddd8d4d,e24b79a6-ae46-a6db-3aaa-d16857d86350,1
ebfbd610-056b-4b3a-b6b8-20d752306a0a,e393b865-7934-c143-05a2-fb6f83cc24c2,1
a72726a4-3469-462a-8fd9-a120bd6c0ee5,ef36bc49-c80f-0f83-d24b-f7c6fd4b3116,1
c2d2c22e-d34a-4f82-a1ec-0091d4a3c5c5,80cd2053-c8b6-c1b3-2009-056b64779679,1
d22b7898-9f4c-4665-8d32-0810c40c2e36,5dc2962a-5b85-d816-98fc-814839e3b95c,1
46f76731-0835-438f-ace4-d63c3d1ca163,f529d784-f7c1-f582-827c-1b44b36980c0,1
4fecf717-df90-4edf-bffc-360549244ff3,f84141f4-777d-6212-318d-1e19190ad79e,1
71871c1e-dc76-43b8-b7d3-f9bdff954fa9,bac45ce2-9753-82aa-475e-c1c49162eb91,2
9301a38b-e3f7-43d0-ada3-71b2f34eabd1,ccb24f89-d262-b4a1-19f9-3dfeda718dde,1
06c81650-4345-420c-ba60-10a62f80bbe3,899d9f8f-aeb6-5c32-b357-1a69a74bc424,1
ff81c16c-6891-4b0e-bed6-90f0ea14ee57,ef460cfe-5ac1-8619-7e6b-48e1f3ceb20b,1
ff652c3f-d9a0-440b-872f-35fbf18a2303,ffc4c077-4ca2-3b5d-9a62-c6ac705b1ee1,1
79242573-c5fd-45c4-bfb7-e49738adb279,4176ff3e-5675-9fd6-8d19-4183bf98dc61,1
ab00a125-42ed-4da9-84b4-2d633b47158a,d4cdda2c-a087-1995-57ef-2ca543cad1d1,1
42b34653-8871-48a6-b6ab-bb4b4d125356,035a4ff7-a9d8-0f90-b8bc-3e7fc68d7e5e,1
c82a8420-c62e-4f6f-9100-766ee1edc4cd,ca1eb521-78e1-275e-cbed-eb054f5ef6fd,1
59387251-c465-479e-a43a-bc21668305ca,4c83b918-6aae-111c-0954-48f71081c59b,1
2289688f-040c-4215-bafd-31c10c758f5d,d7f4ffe1-bd5b-0782-4374-1f6af9105a55,1
00deaf1e-0ce6-4462-ae46-9d7b0173817b,46d1579d-5b96-6710-d284-6ca74a3705d2,1
594b3d25-fffb-41b6-9ef3-e1193e6f8bfa,270a224a-cb34-7329-a1d6-0b4c59fd4291,1
88cfb4f5-3ab7-4f4d-83a9-1ed200c8b4ab,420f443b-6935-b2c4-4414-b5d7c7914cb3,1
99f6dcdf-2736-4cfb-949d-ee51e246c0b6,0b91afc1-6136-bebc-2bb4-6abcd7ffc3b2,1
3efedb1a-0e4b-414f-97a4-610cf19a3248,a12729db-ca19-489f-1aaf-38550edcc634,1
e4ac5dae-d8b1-4bac-becd-d845690289dd,18121773-7d2a-a07a-f532-c0c99c1a826d,1
6b96b046-6843-48e6-8576-a2a5d770d779,cd27e76e-f8e5-bb16-103f-3faf9d4b08f2,1
91f08d09-4626-4cfe-a0de-5d9e1e4d50d4,8a9a03db-6d03-e4db-349e-0c4775b9500b,1
d000c28f-3181-4c65-969c-82244dbbdd7c,e62ec371-4e43-02c9-7d3e-919137036f13,1
67ca7e77-ffde-455c-941d-ddc26f28baf7,7a4efdf5-522c-0c8a-759c-24fddb66bac9,1
2a01dceb-be41-406c-8cd7-4669734523a8,db0ffd40-2dec-9dfe-0c70-0ebc77bc58f8,1
42f46ed6-07fd-4210-838a-99e3837096cf,4ae645c1-adb5-42cb-0468-8f8970d3bcf0,1
5b14aebd-db76-4ad7-9c8c-74472502cd48,51412e8e-520d-d683-069d-493bb39adeaa,1
12d3cc2e-6129-4a1b-b3c9-a73905b52a6f,8c4c13b3-e0fe-bf56-a64f-17f825520fc6,1
76f2bdc2-88db-40fa-b83c-dda5eebab815,1d309b6a-a54e-5ec4-c57b-6b7874cdb1cc,1
f19fa27c-acf8-4b10-b831-a4d8aa0e0681,db72487a-9971-4b27-4f09-e743d5438a8a,1
8711337b-861f-4869-80c7-68d5c1d8ef6f,ec40922f-5a45-957b-d77b-c4693b6896ba,1
2c664a17-78d6-4094-b4ee-b5b6daa82d01,584e3bc1-72ae-5bdd-3be4-2b9ee78ee64f,1
42ca790b-596a-481f-b3cc-ad65bc907d08,4cd50030-f385-9481-e37b-915cad8ec946,1
512fdd1f-3d25-483c-9a54-06268068b2c4,07c96eff-3f1c-d75f-1aaa-9a509edf9419,1
540224e4-e410-457e-ac9e-09f826512e91,ad425983-4846-2203-6529-bbf026c1269b,1
cd3f7911-411a-4cb4-beb3-1d45a1f6e11d,a1966358-729b-e65b-6858-80cb6658770b,1
42622b3e-b4f2-404f-af67-7eba042937a1,6f58035e-338f-666f-d5af-5ff5b08d81b9,1
9637bb72-27bc-4f4e-a3c2-97c29fa7abc7,d66487cf-c92b-1b7a-050f-2f857c9e30d5,1
5b791842-384d-49b2-a52d-0ed820341367,7b513183-a12a-8ac5-19a3-28cc240ab548,1
2e860292-9065-4e46-82d0-e7d5c3c7146a,d508b6c7-d190-d74b-d561-02ce12a34ee0,1
88fd9028-f153-4153-b582-18eabe81c4b8,3ca29c36-15cf-8442-1504-aee608a6c3fd,1
4b3f225f-9e3f-45d7-ac35-7f337cb6bb96,2b944411-0a01-614b-e743-919019bc9c30,1
e2730e4a-cfe1-402b-8465-85726bbdb3e1,c3f3360c-88a2-0cd2-8861-5835a52889d8,2
ff7edb34-11b2-41c5-9c8d-5bb3516062da,6a83bdba-a640-1cab-e885-aa727f434d3d,1
5c7d3b4b-f34f-4c9f-99f3-8e49b3b3edc2,f990e5c6-3540-0595-8a66-1792a7f0a66d,1
7354776f-66f5-415e-8bcd-3ea37d90da99,5609a681-b692-8ed2-b67b-f934e397d496,1
42e891fc-9507-4a76-935e-1e4a651252f5,2a908134-ab52-4cf4-ae25-6dd284a1af75,1
1ef70ee9-1e70-430a-9001-6e393723089a,bc315075-0142-4f50-7ce0-582b46d95310,1
8e02dfa4-08e1-4b85-acf9-e35b6c17ade1,bdc0723f-6ec8-3e24-4b93-7dc35903704a,1
befef766-f351-498b-a032-5f73c613dfcb,90c89b22-fdfc-ad6c-3373-26939ae0011b,1
1570993b-0cd1-4e98-bf90-df2cae8b1b0f,3ac66230-baee-78f5-87e3-cd811deacd04,1
18773691-4fb8-4492-9d64-25b8fbeda951,dc725ae1-39d5-60be-fae7-0968d0bee908,1
926e3edb-60c1-46a3-aca9-464ef99b71ac,cb29c7a1-0c82-9259-e4e4-0a12f01faa96,1
0e109817-9bea-4319-90a3-6f423ea88819,49f70754-19ff-f295-88bf-d41c6eea91d1,1
8c7eb297-9e0b-4313-911e-21b52eb96abe,6fc5b151-0f95-5724-5261-a49330f97d67,1
3081c960-ee9d-4b73-b290-414259ae514e,89689a12-23f6-cc4a-27e5-e4950007d5f5,1
9c3d1faa-475a-4a80-961d-6f1b150c9c40,9631da46-694b-2016-aed4-7e44e9aa5a1c,1
20470e74-2113-43ee-b3e9-2f7912dbe866,10fa4bb7-0207-3038-5883-98c67912979c,1
c6b15693-15e4-4757-84fc-394278a59296,aac40814-0700-3f80-7321-88b0af091a20,1
027fca15-90e0-4e5c-abf3-3e76ce12700b,c5ab1c15-75fe-6cb1-af85-b60477991e7e,1
3a617235-7f4c-4f38-b122-1599fc326254,6af80732-e5ee-2345-233f-67dd23e51034,1
a4dbead4-506b-4828-83c1-b38065247353,227f6e41-1acd-8185-47fd-07e1408a7aea,1
69200efc-587c-5714-40eb-3a9a7c8f70d4,6624c36a-f4d1-016b-cf06-9f70cd6fef64,1
667696fa-f8f1-028a-f022-5965e3bb8d04,b696a674-a556-036a-d75b-355e264d5c0b,1
2eba87bd-32ac-4f84-91e1-3c73b183b13c,d33b8a79-9a63-6752-6f71-3a58198e5ef0,1
dfa3a5ac-d1fb-45cb-a57a-977fba1973f8,f132907d-feaf-9a34-d022-99d6ed3d36ee,1
32ab7965-9722-490d-ac10-5415e93a2b44,7a5ee959-1b3f-9bac-6164-a5fec525ba33,1
cb091588-707b-4bcc-943c-e29ab5062ae4,05e76bae-c6c1-6100-bb41-3e0d9bc67633,1
6981ada3-9127-4ce4-8433-4620208b50a9,4e1cfcac-0883-7101-5049-673c42a33ae4,1
db2b8cb7-a23c-41c0-bec7-c2a75b09f6b0,b93c5294-6a14-2a31-03f3-2cdc49649edd,1
b0a47cd1-7728-414f-b467-29f212de0b14,17527934-f5fb-8ca2-ce1c-dc9e238c5d9d,1
29b98efa-fb15-453c-a9ee-ad82c0096552,84e5889c-82da-8cbe-b001-8b81931eef81,1
11c2c321-cac6-4abc-b301-c0299d6c2f90,524efcf0-b6e0-5bae-e664-890cae1a69ea,1
be307232-f913-4f55-8de4-82526d7398a7,786a7335-dd81-4764-76a2-d0d23472b4c9,1
52e05fa2-aff3-4a7c-ae4f-4ad07e1091c8,2b79b429-7c13-616b-9e21-3f55c8ebe3ca,1
cfe5bc1f-89f9-4cbe-a76c-63cbe9405feb,a8cdb06f-6647-4ffe-31ec-ddeb71fe4b0f,1
821e30bb-ac5d-465d-9875-c160b463d78e,50762ac9-eaf0-7db8-8faf-606993c78583,1
817cd72a-4780-4616-8625-69347202574a,7d9e7c78-1184-4bbe-e795-fde1dfea8a67,1
30599777-e7d1-4493-833f-bdf26d209352,e4dbb1d2-9ba1-5c24-4d37-147c17f620d7,1
2261ebbd-2623-413b-85c9-17142c2f055d,f70b8c3e-5dea-503c-2121-137f34f58294,1
b49c8b04-10c1-41a9-a3cc-9842af75a0d2,181cf93c-013b-548d-7881-2fec07cb3d8b,1
398076a4-2526-4fae-a583-8e8192b088b2,0a1f9b2c-9965-fefb-4d55-7977e1d3c8a9,1
65ef9643-275a-4bf4-814b-b41dd717b828,841d582b-bfdf-1c47-7c72-b5fc43c18da0,1
c79b5f75-2c29-9f9f-ff3e-f94a3993779d,7c4e6dcf-0481-b12a-6a5c-4557d99a9d72,1
42df3a14-3553-af51-1772-4ec9881c5e43,2c176f6d-d566-7bbb-0a42-4a79005bc82a,1
29254062-c0e8-5767-b7b4-1210a93a4be1,d2f283c0-ad26-2eeb-227d-cb747256ec2f,1
11639b8c-f310-5cdf-7861-6718cc83cfd1,522017d3-ca66-065b-1df4-5e88a3f4fe01,1
44175dd3-6117-5f25-1025-df8670466939,e2d8be12-219e-f545-1055-36ca2a0c8df9,1
43ab4299-46ad-7197-e9ac-57640de8c681,6495f36c-f5e0-33f9-104c-09c9051e5c57,1
7d694339-7623-4b9a-3632-59694fa41c66,5998efa4-96fe-067e-1857-6fe75c6a6254,1
9f99a76a-e90d-73a2-327b-4cfbab31251e,3d605f58-0061-c3ee-1dc2-259e46c96427,1
1201d925-693b-74b9-aa6f-9f9b1fc1baa9,42abee3f-efa4-edac-1048-be1f15fc8b4a,2
0a70a106-56f5-53b5-b9b3-db4426e47834,56485a5b-bd06-d2f2-a555-ed91aae6a294,1
037a6a29-9304-6305-1387-a6b642047c78,d426c7c2-8a71-a5d0-a61f-91028453f765,1
066609e9-893d-6236-5575-48969d40f10b,72cd861d-24bc-74df-0b3e-6a5edab88a77,1
11161d96-6c91-3caa-722e-9eb66cbb22ae,0e70bea6-0c6a-a47b-2649-853684c1559b,1
115c4a98-8b6d-a407-6a76-054c71063ab4,110005e1-e623-39d6-e1a5-1ba2d85262d3,1
13a86ca6-44a5-c7b9-24b9-4f012568a015,01f265e4-e9b1-4f31-512b-9fe2d8a094d9,1
140d1917-a8b0-ecb4-b0cf-26b816323b34,ddc31900-d3ee-da63-b3b4-9b655de695a4,1
1bfaee8c-babc-afff-a1c7-ed4aa978cd76,2cedaeae-fb77-f744-81d5-0dd391e9d07a,1
22d85af8-d5be-c234-b53e-2ddbb03294ca,e90dd4fb-0a26-3bff-9fbe-8b4911047620,1
2431e12a-0fb5-8c62-6732-285e59a79233,9d2f290c-a04b-e736-cdbc-27d055b3b380,1
2944d9d1-472c-7e7f-cf51-122f9a73b708,02925db2-f93c-883e-3a42-d96f92a8c275,1
2d7ef06e-29ad-1e8c-18c1-046e49215138,310cb344-9818-3b7f-5c16-bd3d1207f17c,1
3447491e-18e3-5263-2dba-803659ae97fc,a11017c7-29e4-fc66-5a67-74c04887b8fe,1
3b4fcc39-540f-b049-fe14-fdf789e10c22,2664b7d0-9b8e-a519-fab0-d538db6fe05e,1
3d377109-ed4e-fffc-1515-ea628398c37d,1ad863e7-aaac-2e3d-41cf-2ce760d4a6f5,1
3f4f7839-fdb5-f825-96f0-373aa4aa4605,e884c494-63b6-e7bb-673e-92e3312439ac,1
3fd11295-88d4-f4d7-62af-7fbec1b6298f,1ab9d3bc-4ad8-57d1-231b-b6a7dab290ee,1
4006a872-6a57-8d31-708a-19fa9e55b56f,b9d4a69f-dff7-3bd7-50f3-7175a9184472,1
44c625a9-9c23-5c89-604c-fe2f6020744f,61e512de-4141-1b86-faa6-fc91788f1bd5,1
4a6a26fc-d244-fb1a-5d7b-af4a1cf8cfd9,c83ece0e-705c-5bf1-24a1-e074013f5f7c,1
4cd507d1-9b07-8c67-db96-4007975cf779,dca7ac91-72a4-0793-3ec0-727c754cafaa,1
5203a6a4-3cf8-86e7-3103-aee0b0d305be,7a10a4c9-cb54-aca1-8355-e16d3b57555e,1
631fd644-09b3-da76-3a90-7ba2dc9007b0,857089ff-0fe4-ff80-eb30-a63584f180f2,1
6a42570a-e3c5-c017-0c84-06647ef84348,9e4c428f-1013-a549-60b3-bbf2ebdaa398,1
6bd0a41d-96dc-5062-6c98-169622bc9fb7,a53e4c1f-7a2e-b406-7473-fa3e86816a2d,1
6cf9c8e3-e3f3-23f6-e502-951813e8c7ab,322e6718-1f28-1497-9208-bbe493fedc45,1
6fa58f21-fa9e-fa5e-f84b-854759650f45,bbfdec16-20d5-c719-d7be-87786599d61c,1
7298f018-4016-3a1f-686d-e05c7993135f,720e2f09-354c-cfca-54dd-90b3b4e8204e,1
74c5205d-5749-c9d6-8b6b-56859af45a71,e1f94c3c-2df6-2594-6b31-cfffe9f48736,1
79d28f3e-787f-29e6-0ab1-ab24761981fb,3d157222-f49a-a596-99ec-70006d9eff62,1
7b4687fd-920a-df86-79fd-99aa5a2bdc38,8eb6d3e5-aa56-9bb7-054f-a87408b197b5,1
7de04741-7951-d3b3-7f51-9644c4da306d,6c427833-beaf-b22a-abac-b3e02b181fc5,1
7ff1098b-cb83-36d0-f57f-d871b4e40308,9f908262-1d49-f459-d673-4ec60a7446c8,1
8375bf71-15bd-9877-7ab4-ee2ef1fa4aeb,a921cad2-6173-d067-6dca-848d7797d967,1
86a5a2f7-1817-1988-2640-4eeb5a31b413,2c22b933-bc67-019a-8a22-adf448287e38,1
8734e805-4267-9b06-22c4-3d4914a20c7f,27041a27-b374-da7b-4ce1-c1cbb1bad37d,1
8f0e4010-570a-eb42-1483-eb8a010e890f,6698cda2-be16-0280-f65b-9d45b04a0115,1
8f123285-b35e-3968-715a-c1aa4229e103,72f33519-54db-4ed0-d9eb-897ab2682728,1
91ddd684-e10b-6680-2754-22403703f361,c95fc55e-7f11-569d-592a-4f6766b2bb33,1
949d3f87-852e-9bfd-bed4-04e30e996804,e854af3e-1b12-756c-c17c-d7eb858ff054,1
954df2ea-7d88-0fe8-6b8d-8f9585281e4f,06ec70e6-4e88-7b7d-58aa-93f873c2b25c,1
96a17dad-c693-1dbd-bc07-bb2cd88c2c06,41ffce6f-e80e-2f9b-537d-f48a545490fb,1
979fc297-64c8-7958-e6f1-bf4e9faf54bf,50be3fe2-e8a8-750f-8807-9e768c7033e5,1
97fa56a7-88ad-9da3-5d01-6e5b2e0b6bee,64530122-8de3-133b-e5fe-ebb3a7ee629b,1
9f5ab1b8-9098-a17e-0d99-7f848c7a11bd,b9b691dc-5f94-2f6d-bc90-da600ca80a1a,1
a01a0970-8523-f137-65bd-8933eaebd27e,05905979-6516-327c-c5be-802670e512fc,1
a24fdcd2-c15c-c67f-b66f-78c176a74053,7770a253-aa3a-54d9-4494-7b690edbab67,1
a6e08225-bc27-8a2c-1e24-30b6b7dcb80b,a6dcfdf7-5656-b990-e895-91f5eaaf00ec,1
aab01e19-6638-fbbf-e6c3-0bde7d21114f,dd1ca1ba-3485-f5e4-551d-afae82d16680,1
abe32d1a-03e8-3aba-3efd-8f28e8604396,ae14f711-19cc-10e2-ad26-db3c205a552d,1
ae5e42ab-b2fc-a4f5-fbd2-04fe9f6c4e76,ccada5d7-2608-124f-4319-0c5df6e1e6bd,1
b21d59ed-3492-8685-e4af-540bc5fa95ea,42a43081-e11a-2689-a234-34c63ab7d707,1
ba395812-3fda-4a3d-08ad-334f7f72222a,7b78a000-76cd-e46a-115f-bd23a45bd5ef,1
ba7f2638-9ff6-ff27-e184-a1471257d2e7,87f73fda-b0c3-d0ba-69de-6231dc132b41,1
bbfb08ec-6b28-260c-4327-e7140a622d74,deb0f138-cb59-79e2-a7be-41b18f18eb2a,1
bf390fab-a35f-3830-dd17-7d5e3a3772c4,f284139d-6950-7ed5-28bc-5d64d8ce3f47,1
c2cf1705-4abf-47a8-0035-0948e2468f6e,9e2c412e-5f61-05a0-2ae8-c6347e912474,1
c33e40ef-70b6-24a7-61b4-0ad2e94cd4f6,b5ec9ee8-5b9f-d01e-6770-6d2bd556e0f2,1
c3b8f378-f90a-38dc-e942-47242ac74e08,27973d0c-8d46-d397-32f5-372641da593f,1
c5c9e092-da49-caeb-3c52-0bf8719233f8,47e7d8bc-306a-81d5-0a14-346d79eafc5d,1
cfe9f6c7-63bb-52ec-d193-a26a7f3e5c32,412ced02-4be5-e274-2c82-26785d0f884a,1
d0ca2d38-4197-446c-1cc2-f1b582662637,e8a5f734-ef33-2379-28d8-9c481aef3d50,1
d518daab-0282-9f0b-95cf-0d57cb66e1c4,9276cfc0-3355-0f6b-5e76-31a5b8cfb131,1
d9c13184-0543-f2c0-f885-f2485e7891c7,0d85da99-7abc-e3d6-2b19-cf8a6c1946c3,1
def87c80-f8f8-ac64-e275-a735d6806277,564fdbc0-bd42-b518-f872-97bdd6caea94,1
e71efa49-94dc-ef3b-84ee-fc715bde5237,8ddfc05c-5263-f028-6069-8220c157f48b,1
eaab5432-e67f-ac9b-8ba5-a1bc14775f18,df692b08-235b-1f86-c6da-020c6f7e15a9,1
ec422fea-d605-a8a1-585a-5ba0c6c4026f,f396089b-a64f-9540-dd56-00223c7ac5f7,1
f1b01389-30a8-03db-6a97-581d01d466c7,040969de-8e87-8f39-464c-68412e5d5b6b,1
f48a767c-d2aa-7191-da2e-8fcef048bfb4,8eeb747a-f851-e483-f27a-aae19c210624,1
fadbfc1e-fe3a-5518-c41d-0ded0fa671c2,a549accc-8f05-e6b1-ac2d-b42b88a2ca75,1
ffbf12e2-e3e1-6450-9b5a-845850a0cb9b,51783c83-09ec-719d-9060-fb91ab7df7e7,1
69251532-93d0-97fc-8f55-cf52cb4f6f48,21493ba3-1914-43a1-8cab-cabf89c67512,1
4d940bf2-2e1e-a4dd-735b-509dccf83cc6,8a5262f8-aaef-8157-a063-022055315588,1
3ccfcdd4-9a84-39cd-b91c-19c131fb7929,aca49760-87ec-47e7-07f7-caaee133b339,1
cb26f379-27f3-7e8d-2c4c-f360f63f3ae9,1bee2aad-3292-a2cc-0d1c-c4cccbde004b,1
5cc16c5f-1c72-064c-0ab5-885d51ca9a72,d4926738-fb09-9e39-1657-738e46804ac3,2
a932ea07-db90-0a2d-bb14-858292624d0d,d4926738-fb09-9e39-1657-738e46804ac3,1
88b62068-4f98-507b-fdac-ecc066c2766f,d4926738-fb09-9e39-1657-738e46804ac3,2
5d5469ac-a0c4-f39c-4663-120b2e83669d,d4926738-fb09-9e39-1657-738e46804ac3,2
20b52434-6a0f-2c59-9b79-1ee2a7e0a9ed,d7e92105-1efe-181f-681b-1bc3e3c2be34,1
829eddfd-983f-0f02-2ab2-bec04564d569,1bee2aad-3292-a2cc-0d1c-c4cccbde004b,3
55a9434e-f7c2-1624-1e98-5bbbf520f18e,1bee2aad-3292-a2cc-0d1c-c4cccbde004b,3
203683ea-d9df-d98a-2bb6-1d3203356c6e,1bee2aad-3292-a2cc-0d1c-c4cccbde004b,3
1bd9000c-b21c-7353-8241-b333c07029ed,1bee2aad-3292-a2cc-0d1c-c4cccbde004b,3
b2dcf63b-33a1-e2ba-a44a-f7b067647189,708a47ea-2c1b-bd0a-4180-54dd2965b352,2
20ce0a02-e79e-062c-73cd-95846b0f3e66,abb7180b-55e8-85ac-a860-ab8a5f9c4aa9,1
9c94c7fe-a79a-8b9f-5e7a-03d7559d116d,df47aaaa-7d3c-6c83-8edd-aac83921842a,1
6e52f8fa-4979-705c-db66-65d9cf97fc06,aca49760-87ec-47e7-07f7-caaee133b339,1
