pkid,name,id,fkmatrix,isstandard,resynctoggle,withinlocation_kbits,withinlocation_videokbits,withinlocation_immersivekbits,hiresversionstamp
c7e2c026-54b3-55dd-a0a2-d649501f9929,Phantom,-1,fd3239d4-d88e-4ccb-87be-27bf2cd80bd7,t,f,0,0,0,1752901655:00000000000000000118
028da2b3-c1ad-4d79-aa18-2f95aaa1482b,Shadow,-2,fd3239d4-d88e-4ccb-87be-27bf2cd80bd7,t,f,0,0,0,1752901655:00000000000000000119
29c5c1c4-8871-4d1e-8394-0b9181e8c54d,Hub_None,0,49e889c1-d125-4db5-8fac-04d329dfd372,t,f,0,0,0,1752901655:00000000000000000120
fe4d6c52-8fc1-972d-9143-28bd5ef626f6,SME_loc,1,4d3a579f-4895-4414-87ce-b9023b5ddba2,f,f,0,0,0,1752901655:00000000000000000121
de559378-1cd4-1598-915b-67f4ba5eb2bf,ICT_loc,2,cc60e999-585c-4c5a-a1e9-47f13eedc6bf,f,f,0,0,0,1752901655:00000000000000000122
2f0dd306-1206-6464-3f16-647bdcac3713,FXF-LAL-loc,3,14d24838-001a-41d0-bc14-23383045bb3c,f,f,0,0,0,1752901655:00000000000000000123
71293a9e-59d1-1f65-4de0-c701acc1d062,moh_loc,4,76837106-cea0-4207-b0f3-d181e7c8fc59,f,f,0,0,0,1752901655:00000000000000000124
2b3d1b4f-f0b3-b259-9ad6-bdd86d8294f8,FXF-HRO_loc,5,e9615ffe-2374-4e67-9b6c-5353a512853a,f,f,0,0,0,1752901655:00000000000000000125
155ad285-2655-cbe9-b4c0-00d76ec205c2,VM_loc,6,8592802b-d9fd-4263-9a9b-bf0e3a8b9c41,f,f,0,0,0,1752901655:00000000000000000126
6fc9b748-7a79-99ca-29c8-862b4ff62dcb,FXF-FXCC_loc,7,c7796252-7977-4a40-afca-90c74195a3f7,f,f,0,0,0,1752901655:00000000000000000127
04ab02fe-9775-b913-f41a-3b3104f8eaae,FXF-MNA-loc,8,3060a49a-b273-42bf-9b2f-381a2aa43d3f,f,f,0,0,0,1752901655:00000000000000000128
7de49f50-be8b-4756-f5d2-b15e6f3d5105,FXF-CLR-loc,9,ddad5d80-3859-48ac-b22f-e27fc6bc6b52,f,f,0,0,0,1752901655:00000000000000000129
f2624360-f25d-96fa-62eb-742bd8015093,FXF-SVG-loc,10,0ab7377c-211c-4950-b21a-9a7e2c92d145,f,f,0,0,0,1752901655:00000000000000000130
2235daa6-906a-1c56-52d7-9c3986951898,FXF-FLAB_loc,11,49496dcb-bf0e-463b-9cde-c3da528546c4,f,f,0,0,0,1752901655:00000000000000000131
ed083d91-b8b2-38e5-3b87-a3318c79e87d,FXF-ZZV-loc,12,a2a23870-ebf9-4778-8c08-cb2821edd29a,f,f,0,0,0,1752901655:00000000000000000132
8be4f331-7095-d2ac-b93f-7b0cd86c64a8,FXF-WTO-loc,14,54e3200a-b2b7-469c-a683-0277bfe562d2,f,f,0,0,0,1752901655:00000000000000000133
dac10fb3-51ed-7727-ff0b-0867c18634ec,FXF-WTK-loc,15,c82b0fcc-b89b-41cb-b143-4f591525a774,f,f,0,0,0,1752901655:00000000000000000134
01cf8ceb-6fd4-ec99-0de0-7fe8b6f56952,FXF-WOR-loc,16,3a8e9284-0858-474c-bfc5-4691bab7c851,f,f,0,0,0,1752901655:00000000000000000135
9c4c386e-90c2-10ef-e3c0-115f62131816,FXF-WME-loc,18,8947a1b0-e109-4d15-ac19-c6f8b049c9a5,f,f,0,0,0,1752901655:00000000000000000136
c371b1d1-afc4-8559-e281-2c901b89adc6,FXF-WMD-loc,19,d7cc629d-4f09-47f4-99c4-fd5ff789283e,f,f,0,0,0,1752901655:00000000000000000137
c19344c0-305e-805a-16fe-f56736c97ad4,FXF-WCO-loc,20,6495a490-aad3-4792-9097-009bcf404f28,f,f,0,0,0,1752901655:00000000000000000138
8a619fe8-76e2-7a13-cce8-eebe0e2edc6b,FXF-WBA-loc,21,c4011276-053a-4578-a6a0-5a1abe4a60f7,f,f,0,0,0,1752901655:00000000000000000139
e448d32a-6ccb-ffda-83ac-e7cd05fb9b5f,FXF-VNL-loc,22,b5820baa-9515-4324-9728-882c7c4f4f1e,f,f,0,0,0,1752901655:00000000000000000140
947d0a37-0858-2d10-51ba-365d3ec98299,FXF-TWF-loc,24,c92e591f-efd3-427c-b08e-6179e2302b31,f,f,0,0,0,1752901655:00000000000000000141
ae0f411a-d122-8861-11ce-92cd9e29a8d2,FXF-TOL-loc,25,7ed764b7-600c-485f-bfad-de0556f83838,f,f,0,0,0,1752901655:00000000000000000142
f21bf86f-dff2-8743-e2b5-74a6148b502e,FXF-SWA-loc,26,b774b141-ecf4-4a8d-b4c6-122807c7dc10,f,f,0,0,0,1752901655:00000000000000000143
510de2e1-c134-b24c-b862-3f5183862311,FXF-SUX-loc,27,0f462d8f-6818-4a09-9561-0310db5e9ee7,f,f,0,0,0,1752901655:00000000000000000144
ebec6331-09f6-22e2-55f6-36559a33184e,FXF-STC-loc,28,bfaf13bb-4360-4892-9fb9-9a8bb54e6d8b,f,f,0,0,0,1752901655:00000000000000000145
eeda541c-e78f-8052-55b0-42fe1b258bc2,FXF-SPO-loc,29,17b9c9fb-7275-41e1-ab81-e8cbf1f2e492,f,f,0,0,0,1752901655:00000000000000000146
22b532dd-ee07-cc10-8a77-823e3b26aeb6,FXF-SMN-loc,31,0f915d7d-77df-4142-b70a-0ae7939c3d2c,f,f,0,0,0,1752901655:00000000000000000147
33260774-6ea8-f0ad-e0b1-d29b05698335,FXF-SLV-loc,32,a22832fe-08b2-4fb9-b9f2-e182172b7008,f,f,0,0,0,1752901655:00000000000000000148
ff329dc3-aa5f-720b-e78d-3f0299d6bc8f,FXF-SLG-loc,33,81f5b40c-1f21-4077-a10a-dc3314c2eb78,f,f,0,0,0,1752901655:00000000000000000149
e2921fbf-8c41-ac8d-3fd4-acb1da51950e,FXF-SHM-loc,34,a6872c8d-d085-4192-935c-1da0f6528ffc,f,f,0,0,0,1752901655:00000000000000000150
d694c9ac-abfb-fad3-95ee-1e39238e2b7f,FXF-SED-loc,35,6b8e69e0-e632-473e-970b-6eac2112a408,f,f,0,0,0,1752901655:00000000000000000151
f60d7e96-c864-3895-3aed-408d8c18a788,FXF-SEA-loc,36,ee2f9e31-a112-41b6-a145-8b7ffe4e6220,f,f,0,0,0,1752901655:00000000000000000152
a603cc6a-5451-5635-aeac-e08c868b5750,FXF-SDA-loc,37,37b87e31-e8f8-4059-be44-bd04276808c5,f,f,0,0,0,1752901655:00000000000000000153
ff897328-2aaa-316b-c140-93790caaccbb,FXF-SBG-loc,38,992d09bb-f7ed-4045-855b-f5b22e7675c2,f,f,0,0,0,1752901655:00000000000000000154
580d793c-6d18-c480-6920-b5b06241ae54,FXF-SAL_loc,39,7ba2f26e-1d60-4731-9e56-9ad21c4cbac3,f,f,0,0,0,1752901655:00000000000000000155
517a323b-8b2a-3679-3172-c2d894a81b09,FXF-ROC-loc,40,6c1695ff-8a62-4e06-9e14-13ffff55e41f,f,f,0,0,0,1752901655:00000000000000000156
8caed2ce-8e0c-421e-bea6-cbc6c8eda270,FXF-ROA-loc,41,e247c4ac-fdcc-4057-95e7-2eee86bd86f2,f,f,0,0,0,1752901655:00000000000000000157
c8212309-82a1-2f90-af17-b00171d6fe8a,FXF-RGH-loc,42,58a6b1e3-b418-4a44-8c4f-bed1d3d3826f,f,f,0,0,0,1752901655:00000000000000000158
fef75283-0232-175a-3a61-1f4cbdb06389,FXF-RED_loc,43,7303d5a9-0655-4376-8d33-494cc0903138,f,f,0,0,0,1752901655:00000000000000000159
f61ee754-0806-b721-b8fa-3d3754b01cde,FXF-QCY-loc,44,bf3f9015-6d1a-4d75-a376-39c1b1727209,f,f,0,0,0,1752901655:00000000000000000160
2003bf95-5e4e-70ab-383f-8c92d3f929f3,FXF-POC-loc,45,e43572b6-7688-4588-9d61-5d1613d7f28f,f,f,0,0,0,1752901655:00000000000000000161
bd26bc44-6ac2-9705-1962-7e2778671b64,FXF-PLB-loc,46,2bee2a38-8fe1-44e9-aa57-5fc491a8b888,f,f,0,0,0,1752901655:00000000000000000162
35462d09-ce47-e67c-f3b5-8c0a163f635c,FXF-PKB-loc,47,27545124-079a-4b71-bcb5-590d654406b0,f,f,0,0,0,1752901655:00000000000000000163
66e49dde-65ae-0ead-0a87-051baf9a3976,FXF-PHL-loc,49,d32f5455-deee-4e7b-8cd5-6d5954437985,f,f,0,0,0,1752901655:00000000000000000164
a3b6b4f1-c60e-a8ba-853b-3753d8b2f01a,FXF-PET-loc,50,04efa946-536a-4486-ab04-ef428b7211e9,f,f,0,0,0,1752901655:00000000000000000165
63ccf0b3-7e55-b441-ae98-e15d88115d85,FXF-PAS-loc,51,5953220f-9280-4716-b647-8bfd3de14635,f,f,0,0,0,1752901655:00000000000000000166
e683fd21-6ebf-2162-4480-5dd2442e776f,FXF-OXN-loc,52,8486de0e-2641-49c4-8312-c620bb07a96c,f,f,0,0,0,1752901655:00000000000000000167
a63e4e21-2a1c-a855-f2a6-eef9bb360f6c,FXF-OTM-loc,53,9f0e5e13-78b2-471d-ae05-8e55b6717858,f,f,0,0,0,1752901655:00000000000000000168
9ec2b37b-41e0-5b12-3237-6f3c8383d436,FXF-ONG-loc,54,d83033ae-c01e-488a-8131-b649818e9d17,f,f,0,0,0,1752901655:00000000000000000169
60445f06-6cbb-9ffe-379c-162b7b56b6f1,FXF-ODS-loc,55,c52ca679-1c8d-4cc8-9f5a-8d9044263a54,f,f,0,0,0,1752901655:00000000000000000170
49b659c6-cc69-9815-8e69-e0cb10183994,FXF-OCF-loc,56,024ce620-eade-4cd6-abd3-2fdbabc5c2e2,f,f,0,0,0,1752901655:00000000000000000171
694ae744-af5f-da05-ebcf-398646eadea1,FXF-NWA-loc,57,bd1f5c22-f6e2-4f40-ab19-07d646990327,f,f,0,0,0,1752901655:00000000000000000172
7d7bf028-d71e-e63a-6117-8e6254d3e374,FXF-NSL_loc,58,bd85a039-9312-4728-a33a-a02bd1e3c204,f,f,0,0,0,1752901655:00000000000000000173
3309b446-a565-1593-fa99-e66fcd8a6943,FXF-NOL-loc,59,bca1718e-6b78-41a4-b871-dd3415e4c5cf,f,f,0,0,0,1752901655:00000000000000000174
1c1575aa-1397-f46c-db95-37dcfe70186e,FXF-NHS-loc,61,42e2c328-08b1-4f09-8c85-03a1ceda1bb1,f,f,0,0,0,1752901655:00000000000000000175
863b3210-fb92-395f-9b50-567d7ac51783,FXF-NAT-loc,63,362b162d-35a5-4420-88b7-bb7c5be6316d,f,f,0,0,0,1752901655:00000000000000000176
f9a6ab37-4fc3-845f-b21d-fa21ec7393cb,FXF-MRL-loc,64,fb7470d8-5e9c-4cc6-ae38-6aaba0bc444b,f,f,0,0,0,1752901655:00000000000000000177
eaedc4da-3cec-029e-bcdb-ae26f2c66bb9,FXF-MOB-loc,66,f271cd0f-73bf-4cd4-8cb4-dcc95600ce1b,f,f,0,0,0,1752901655:00000000000000000178
7c7f188c-196a-6e36-31cd-b39fbd7aadbd,FXF-MNT-loc,67,3534ac4c-9ea2-453f-8813-bcb2cfcba277,f,f,0,0,0,1752901655:00000000000000000179
e62bcc1c-85e1-d399-93c5-ad2007436a14,FXF-MIE-loc,68,dfe1f3bb-7fad-4fc0-883a-d42441249fd3,f,f,0,0,0,1752901655:00000000000000000180
661d8982-9efd-f493-d761-d4a379cb1951,FXF-MID-loc,69,95d10bad-cf43-4f04-b60d-45de95aef797,f,f,0,0,0,1752901655:00000000000000000181
57c02026-26cf-eaa4-8d7e-879e560547c0,FXF-MCW-loc,71,6d03b467-3301-453a-87e1-ef6e1f925a26,f,f,0,0,0,1752901655:00000000000000000182
7608a144-220d-925d-c55e-416b84345d8d,FXF-MAN-loc,72,5233998b-df37-40e6-92ef-fc8c02e2ddcf,f,f,0,0,0,1752901655:00000000000000000183
6dd9112d-e405-2307-b2fd-90ab5df9a92f,FXF-LVM-loc,73,7dff1443-aefd-4fb1-999d-4d67d5f97d2b,f,f,0,0,0,1752901655:00000000000000000184
63c90ecc-54c4-f1ae-d9b9-83de940cd183,FXF-LGO-loc,74,79a19af2-9ffe-4627-aab1-1ffaae1a9b08,f,f,0,0,0,1752901655:00000000000000000185
d6a52cc8-0751-0dd5-96bb-c67bb3446a06,FXF-LFT-loc,75,72532216-ccd5-43c1-b91c-40a9c9868fb5,f,f,0,0,0,1752901655:00000000000000000186
6242a6f3-643e-f91e-2524-595812684046,FXF-LFK-loc,76,19ed3d29-81c2-4e2e-9ce2-741d6d02568a,f,f,0,0,0,1752901655:00000000000000000187
c4c245c4-0e19-a34b-ef2b-534c667325f2,FXF-LBL-loc,77,90848d86-e599-4cb4-9de7-94c35b9c8cb9,f,f,0,0,0,1752901655:00000000000000000188
75294522-3349-a963-9dd5-4ce87bc7b505,FXF-KTL-loc,78,9f1e830d-d653-4aa5-8747-18195166f955,f,f,0,0,0,1752901655:00000000000000000189
c39d777a-3f8f-4d8f-5b2c-5eb4f821d7bb,FXF-KNG-loc,79,6aff79de-88a5-480f-ba08-44fe5e79da37,f,f,0,0,0,1752901655:00000000000000000190
e6a736dc-f1a5-cd91-180b-31071512f9d9,FXF-KMZ_loc,80,eb24d0d6-daf0-409e-b7ee-907c0559c249,f,f,0,0,0,1752901655:00000000000000000191
3a5074e9-21eb-deb4-8c63-b8f8ca3b85d1,FXF-JXN-loc,81,b7d81044-bbf5-4f4e-82ea-eb557aac1068,f,f,0,0,0,1752901655:00000000000000000192
62790fd5-8699-4333-5284-a6a963a5fecb,FXF-IMT-loc,82,e30d8fe1-1829-4527-aeb4-097f7d98a680,f,f,0,0,0,1752901655:00000000000000000193
ed432dab-0879-7392-5219-4e89d9b14f4d,FXF-HZ1_loc,83,4262abd3-9b70-4bde-9ddc-071297a1b22c,f,f,0,0,0,1752901655:00000000000000000194
83732c8c-1143-3909-bc0c-f9160f46eaee,FXF-HWO-loc,84,6167d826-10c9-40eb-90ce-147da5cd5bb3,f,f,0,0,0,1752901655:00000000000000000195
7c03ea76-9325-af0e-def0-e9c73c430729,FXF-HUR-loc,85,42b693b7-f475-4554-8458-de5be1347943,f,f,0,0,0,1752901655:00000000000000000196
8386b566-2e37-91a7-e384-b663607fc82e,FXF-HMS-loc,86,380906bc-5bd2-48cb-b1cd-9a90dad28b8b,f,f,0,0,0,1752901655:00000000000000000197
787fe9dd-2775-9937-a9c7-03633abdc2b5,FXF-HKY-loc,87,ec938cd5-9542-4f23-be4a-c12ce5d208d4,f,f,0,0,0,1752901655:00000000000000000198
380931e1-725f-4bad-2b5b-b489b94f9f3c,FXF-GRR-loc,88,49cf7ec1-c992-40c9-bf9a-baa1b2cfca4d,f,f,0,0,0,1752901655:00000000000000000199
19a98945-4562-184f-a751-3bc51f1e7f4a,FXF-GLR-loc,89,29cba0d4-b93b-401e-a5ae-f992c6542fc2,f,f,0,0,0,1752901655:00000000000000000200
937dd04f-de40-dcbf-a5d1-8366367426ca,FXF-GLD-loc,90,72231022-b4d5-40f2-a909-73e663fa7d9c,f,f,0,0,0,1752901655:00000000000000000201
083d7ade-9a55-6ac5-598e-7fce624250fb,FXF-GBD-loc,91,9b75a970-0a55-4ef0-a1b5-1762651d183c,f,f,0,0,0,1752901655:00000000000000000202
2885540f-b54d-2092-eb88-3f844d34db48,FXF-FWA-loc,92,a974fbdd-4de8-4bf5-992a-b59d8bb1c83f,f,f,0,0,0,1752901655:00000000000000000203
e32bdaa7-edf2-7b42-3ac4-89f8668e8dc7,FXF-FSM-loc,93,c9d68751-fe80-401a-9561-1dca9e347ca1,f,f,0,0,0,1752901655:00000000000000000204
adb26dc4-a09c-6d1e-e6cf-2afc2f38e261,FXF-FLG-loc,94,251183f2-abf6-46e5-b4bc-a6b31b6c0049,f,f,0,0,0,1752901655:00000000000000000205
d2d14e8f-36f6-d280-88ae-314eb3ee1a32,FXF-FED-loc,95,6ef9851a-ca83-4eb1-8f86-21a13d43d097,f,f,0,0,0,1752901655:00000000000000000206
31397e46-1aff-a27f-824a-1d9ad138c2bf,FXF-EVT-loc,96,beca7bd4-0708-4ce3-982e-f4d82117c89f,f,f,0,0,0,1752901655:00000000000000000207
d6faa328-afc0-4d46-e60f-911bb311e222,FXF-ETO-loc,97,0bcea2ae-2036-4d05-8959-12e09d6bf270,f,f,0,0,0,1752901655:00000000000000000208
7b811a60-dbd4-0e35-9251-86fd47274b9a,FXF-ESD_loc,98,f2fafe6f-7a93-4727-b63f-134855092c51,f,f,0,0,0,1752901655:00000000000000000209
711f22fb-62cc-3ec0-a3b6-b5366e62ba8e,FXF-ERI_loc,99,eec50fdd-01bd-4deb-951d-81606b4c56aa,f,f,0,0,0,1752901655:00000000000000000210
5d6e2118-f808-cd05-8cdd-2c6d469d38ab,FXF-EPH-loc,100,dd695f91-b921-4e8b-a4a5-41b547ea94d6,f,f,0,0,0,1752901655:00000000000000000211
1e5bf419-02b4-c6a9-6523-36024fc5b278,FXF-ELP-loc,101,c1035bff-9587-4edc-9ef9-edf5607ce45a,f,f,0,0,0,1752901655:00000000000000000212
b7106fe4-b7c3-45dd-91cb-c2d7926394a6,FXF-ELK_loc,102,4da99193-fb0f-46c9-a68e-7170d077247b,f,f,0,0,0,1752901655:00000000000000000213
c57b128c-8259-56d8-d946-ea863d1eeaaa,FXF-EKC-loc,103,b11f40bb-028b-4fe2-a644-83f0b11861e0,f,f,0,0,0,1752901655:00000000000000000214
2e5d5332-4cf7-0a72-c41e-6a39f1d134f9,FXF-EKA_loc,104,0175c816-522b-4035-82ae-2f208f533cbe,f,f,0,0,0,1752901655:00000000000000000215
29ee74ac-412f-b743-26b8-14336035d622,FXF-EGB-loc,105,56baba89-1ae0-48ef-b240-2db3e7a3ef0b,f,f,0,0,0,1752901655:00000000000000000216
43d936b0-5c7f-1516-30db-4d789f266484,FXF-EBO-loc,106,4c9d3adf-8986-4f75-8fb1-cc45b8ba5524,f,f,0,0,0,1752901655:00000000000000000217
1aa11a6d-23d2-c94f-95ed-31d3f3d10326,FXF-EAB-loc,107,8001931d-9227-4f82-aee6-0b8d153d77ca,f,f,0,0,0,1752901655:00000000000000000218
3e40a2bb-a34f-9be6-63bb-e2b9b38f4192,FXF-DOT-loc,108,f7103e82-dca3-49e8-940b-e71e777e9f49,f,f,0,0,0,1752901655:00000000000000000219
3c65d1c9-b372-210f-c74c-a88357545e71,FXF-DBQ_loc,109,5f2e7122-bed2-4819-9109-6a113b2af63c,f,f,0,0,0,1752901655:00000000000000000220
c990e898-8b33-bd82-caac-f2112bce1ce4,FXF-CTH-loc,110,a86ec99e-fcd9-4796-8249-ba69e5f18d39,f,f,0,0,0,1752901655:00000000000000000221
e02276ba-9282-2bb8-5d27-d84fd83612f4,FXF-CSR-loc,111,2043713b-c265-4f12-82b6-5b1ac30af668,f,f,0,0,0,1752901655:00000000000000000222
6a6189a6-f108-c499-ccc0-8ed20a46d6e4,FXF-CRP-loc,112,0f8dd7d3-cf41-4fa5-9a7c-33d49dde52ac,f,f,0,0,0,1752901655:00000000000000000223
74e5d074-7ff6-fa8b-b789-4d41308ba6a4,FXF-COS-loc,113,c0fd0e4d-9a4b-484a-b05e-1db43bbb41fd,f,f,0,0,0,1752901655:00000000000000000224
e15c63cf-6a73-f6fe-c8b3-82fa858938e8,FXF-CJE-loc,115,c04b345c-44e6-4207-a414-3cd074d04743,f,f,0,0,0,1752901655:00000000000000000225
a1e53544-c9af-2bd6-4089-632afd79ea46,FXF-CIN-loc,116,f791d505-159a-4c27-a443-1a050bea7319,f,f,0,0,0,1752901655:00000000000000000226
def0fb71-a9ea-476b-a106-ff0940bab5e9,FXF-CHI_loc,117,fa92c3d4-89b5-4640-8186-6a010730e97b,f,f,0,0,0,1752901655:00000000000000000227
b0283959-f485-4f91-db13-c55d09cfb2b5,FXF-CGY-loc,118,e5312ed1-158e-4fab-9e4b-820cc17d8f39,f,f,0,0,0,1752901655:00000000000000000228
a4900dc4-c1f5-81c3-196e-15574b430192,FXF-CGR-loc,119,d3c927cb-05af-4810-8aea-6378b3f3e4f5,f,f,0,0,0,1752901655:00000000000000000229
50263ef4-02c1-4f2c-1454-6736ce8a2375,FXF-CAD_loc,120,d1a062f0-f33b-478c-9f3d-a5354e41194c,f,f,0,0,0,1752901655:00000000000000000230
b1773002-0ccf-5616-d1bd-8e6ac3eb55e4,FXF-BTE-loc,121,218c4401-9fa2-4cbb-bd2b-e56479231942,f,f,0,0,0,1752901655:00000000000000000231
5c0aae41-8bfd-b9df-7865-19af9175b5a7,FXF-BOL-loc,122,927369c3-363c-491f-b167-13db59787c3a,f,f,0,0,0,1752901655:00000000000000000232
79d7b558-b717-95b0-7362-162b916af471,FXF-BNH-loc,123,44cde551-6a3a-41ff-b00e-72bbf258f681,f,f,0,0,0,1752901655:00000000000000000233
50c52270-eb64-1d43-0c01-f45b06280c21,FXF-BND-loc,124,fbec8501-9c6b-4d37-9ff1-8578110bf787,f,f,0,0,0,1752901655:00000000000000000234
96ef2cde-5dbb-d595-0f92-d0d305244d45,FXF-BLY-loc,125,aa52ef0f-6735-4ba9-b273-07bc1a8dfa58,f,f,0,0,0,1752901655:00000000000000000235
c2c55962-e896-acff-6187-5183a6cf581c,FXF-BLS-loc,126,091746a8-30f8-4446-b55c-8c860a27cb62,f,f,0,0,0,1752901655:00000000000000000236
f4f8b3c2-dad9-28be-9f9b-5bc0b7ccbb55,FXF-BKF-loc,127,9b184333-ddaa-4d3c-bb50-e9168a6046a0,f,f,0,0,0,1752901655:00000000000000000237
01279014-a9f4-cd90-6163-251046be81f5,FXF-AVO-loc,129,54f4a895-0ec7-4297-942b-850a9f811066,f,f,0,0,0,1752901655:00000000000000000238
814ba07a-4bbc-524e-5ca8-e63d6393d354,FXF-HROSC_loc,130,46db7e15-cabb-46ad-9755-0ec203efd6d5,f,f,0,0,0,1752901655:00000000000000000239
5563be9c-758f-2482-046a-577b4c3b0baa,FXF-NPX-loc,131,0bd337ee-30df-4519-b868-e9ec48b64003,f,f,0,0,0,1752901655:00000000000000000240
41429fbc-774f-ffc3-5850-4d98f7406c05,FXF-BOS-loc,132,f1a55c68-e86f-46a3-b87e-1af397375b1c,f,f,0,0,0,1752901655:00000000000000000241
d421ae9d-4fc0-ab42-5d63-9582d7e22f58,FXF-SBM-loc,133,96557d15-6966-4966-bae7-9f2ee1f6174c,f,f,0,0,0,1752901655:00000000000000000242
0949652e-5d27-8981-f4de-2cd87d1fd74f,FXF-MAU-loc,134,fe612972-92eb-4667-a3ff-70fc1b0e600d,f,f,0,0,0,1752901655:00000000000000000243
b8acc552-6fee-9ccc-e12a-fb28d6a609d2,FXF-NSP-loc,136,0f7e370d-dade-492d-8ca8-dc39a7179440,f,f,0,0,0,1752901655:00000000000000000244
5352ca5b-4a08-eabc-b036-c0033b8fe1aa,FXF-DLH-loc,137,edd78be9-8236-43d6-856d-7882d76f3d51,f,f,0,0,0,1752901655:00000000000000000245
21ef2f6d-de85-1a44-7c89-de29815dcaa3,FXF-AHN-loc,138,76ee4161-05fc-4db3-8236-2078d771fbb1,f,f,384,0,0,1752901655:00000000000000000246
3b3fcba7-c82a-4762-4cf0-7d61771e363e,FXF-LOW-loc,139,0735ae81-6af5-49e7-bd6e-2d5eab4cecbe,f,f,0,0,0,1752901655:00000000000000000247
9a238632-9632-3d07-ea93-f57ed03e4662,FXF-FCY-loc,140,cfb1afc3-73a6-43d4-be9c-c26a93f6c439,f,f,0,0,0,1752901655:00000000000000000248
887b66f5-605d-3989-1c96-f7c2f1b1aa9d,FXF-MRO-loc,142,cbafbfca-8caa-4619-8f52-9cb19e5bf03f,f,f,0,0,0,1752901655:00000000000000000249
b317dd3e-9528-675e-4e32-b540fd44205e,FXF-SNO-loc,143,b0a1e1b4-762f-4867-a97f-d7d0ea9fce4d,f,f,0,0,0,1752901655:00000000000000000250
f196f67e-29c8-0ca9-8993-62a10ff1f333,FXF-CLX-loc,144,44ed89ba-1f92-4fef-a68b-2e73325421cf,f,f,0,0,0,1752901655:00000000000000000251
9a3744c8-5b47-2d78-6c7a-8864b701990b,FXF-VCT-loc,145,0cd83abd-192b-4369-bb6f-fa00ff757384,f,f,0,0,0,1752901655:00000000000000000252
16ae8480-4f4f-4e8b-3b70-2e98dcace8f7,FXF-WFT-loc,146,0e36a97e-6f46-4cdb-8d05-ef4b6e6d5c86,f,f,0,0,0,1752901655:00000000000000000253
85e77491-2783-8a2d-cb59-4cfec40845b6,FXF-ZON-loc,147,652e629b-0705-45f1-84b8-c157e2f2ee05,f,f,0,0,0,1752901655:00000000000000000254
07b7f0c8-e85d-e7f6-6883-00d346222d79,FXF-YAK-loc,148,d7943f75-a58a-4544-9ad2-c61d7af7e46f,f,f,0,0,0,1752901655:00000000000000000255
52877763-8961-5f8f-8b8c-9409568d655b,FXF-WMN-loc,149,2d4f93e3-6313-463f-a4d2-66e657422af2,f,f,0,0,0,1752901655:00000000000000000256
615e7fa7-adcd-facd-503a-6c1490f825ae,FXF-SBN-loc,150,59007b4a-3672-4195-a461-0255cf2462e5,f,f,0,0,0,1752901655:00000000000000000257
593a6168-3750-c163-ece2-1f957d5b78a2,FXF-EVV-loc,151,30386fdb-c0ba-4eac-9cdd-5cbd8ccc3289,f,f,0,0,0,1752901655:00000000000000000258
ee312936-9bc2-4825-2f60-94fb0a21e76b,FXF-AGS-loc,152,621e427a-742a-46b4-b266-9f015f191e10,f,f,0,0,0,1752901655:00000000000000000259
ef56a6e4-e6a5-0045-989f-85f24881679c,FXF-GSP-loc,153,58d3e213-7dc6-452d-a17f-384ca40336fc,f,f,0,0,0,1752901655:00000000000000000260
52427b66-bb1e-2846-f1c4-f086ac014977,FXF-MED-loc,154,939d55a2-e684-4122-bb06-9f637fd18832,f,f,0,0,0,1752901655:00000000000000000261
c448222a-02c0-6278-abcd-b329561df9f3,FXF-PHN-loc,155,c22a85d6-7884-4ec9-a6b1-72dc1ee40517,f,f,0,0,0,1752901655:00000000000000000262
8e58dc53-2157-8f0a-a3bb-87bfe68aeab6,FXF-BGR-loc,156,d110190a-0d3b-42f4-8d58-524f00b64861,f,f,0,0,0,1752901655:00000000000000000263
98b3ad78-36ef-968e-a76b-0170400bff7a,FXF-MCI-loc,157,450c449b-6faf-404b-a38c-3ede82f3382e,f,f,0,0,0,1752901655:00000000000000000264
0a56ecd6-a991-f2e4-d1da-3a8d81adfd11,FXF-VLD-loc,158,2b11dcfb-d604-44c0-85ca-ecb435205b1f,f,f,0,0,0,1752901655:00000000000000000265
1ea559ab-636d-c466-88dc-1983ec73e7d5,FXF-GJN-loc,159,dd66fd4e-4f37-4c1e-8984-653485fd74ed,f,f,0,0,0,1752901655:00000000000000000266
f37fb6da-f5af-74ed-dc4b-3bf07e65349a,FXF-AUS-loc,160,b4d58de2-5eab-42a0-890c-aa4b3eed4bf0,f,f,0,0,0,1752901655:00000000000000000267
9a631b35-c4dd-9aaf-42a3-f666bee21913,FXF-LUG-loc,161,3b2660fe-33da-43cf-b2f5-6e7445981d01,f,f,0,0,0,1752901655:00000000000000000268
c70deed3-9732-f477-5eb8-3fd139b3e49f,FXF-ABY-loc,162,b52c1f42-c0b1-419d-b2e5-31963ef65c22,f,f,0,0,0,1752901655:00000000000000000269
b860c6fc-fdb5-fd1c-26ec-3d6a4f7116ff,FXF-MCN-loc,163,3612fac2-05d2-4ca5-9ceb-30c85df5354e,f,f,0,0,0,1752901655:00000000000000000270
e455e8b7-0477-9bd8-564b-65d3c5024427,FXF-FAX-loc,164,3b526f25-d54f-4575-bc1e-89deeef5618a,f,f,0,0,0,1752901655:00000000000000000271
a9833e18-ec57-73dc-804d-62eeda3cc2d8,FXF-NEM-loc,165,bff5fcc3-eb00-4584-8ba2-85dddd537672,f,f,0,-1,-1,1752901655:00000000000000000272
b6cc6293-c978-7e4f-ff9d-867610bc7e41,FXF-DBQ-loc,166,a6a0ebf8-10a7-4396-998f-68f623f76ee8,f,f,0,0,0,1752901655:00000000000000000273
feab8ef7-46c6-30ef-5c14-e60e195a1584,FXF-MOD-loc,167,5c26f197-85e1-4af2-8b2b-b26bc9a9c614,f,f,0,0,0,1752901655:00000000000000000274
e399395f-246c-afd3-91b5-b64e977d5446,FXF-WPB-loc,168,48b7e375-6c35-47e3-b543-82b43c3a6f3a,f,f,0,0,0,1752901655:00000000000000000275
35da1c52-0da6-23d6-356f-1fd170f9aae9,FXF-DTR-loc,169,1e0c6101-1fef-465c-a2e7-ba1f60938c29,f,f,0,0,0,1752901655:00000000000000000276
bc8b4bb8-fbaf-585a-ed55-04772b604639,FXF-BHP-loc,170,fdac1686-5cd1-4099-ac6c-5f8275e0f923,f,f,0,0,0,1752901655:00000000000000000277
be29e4da-9a3f-5db3-cda0-9fb2f25e246b,FXF-JKT-loc,171,8e59f1a0-dc2f-49af-8941-8ad97e785177,f,f,0,0,0,1752901655:00000000000000000278
2b2ac3e5-c222-7508-4a3e-e44d15740f14,TP-VIDEO-loc,173,33de96ca-9c62-4af3-9ef7-2449ce0fc1da,f,f,0,0,0,1752901655:00000000000000000279
f2b45cf3-9f52-84e2-e2e1-2a3f36317443,FXF-AVL-loc,174,71c5734f-81fc-4956-8431-c66f0c26bb32,f,f,0,0,0,1752901655:00000000000000000280
2bb16ba8-9edd-d3ae-e53b-a7a823834a62,FXF-GVN-loc,175,4bcda0b9-c2f5-4f9e-97d5-3be1e362a85a,f,f,0,0,0,1752901655:00000000000000000281
70b7bd41-84b5-e053-b559-dc751ce2c720,FXF-LON-loc,177,69a99b19-93dc-467d-bd9a-8e70139889d1,f,f,0,0,0,1752901655:00000000000000000282
9f6be0ad-0e70-eff0-fbd8-4c7c8977ab65,FXF-BTR-loc,178,42bfe81b-cf14-4ddc-b0ce-e3703e4e42dd,f,f,0,0,0,1752901655:00000000000000000283
6dfa7335-a780-6a0b-7e26-63b44f7afd35,FXF-GNA-loc,179,fe556ab5-4557-41a4-8e6b-a91b706c5ef3,f,f,0,384,0,1752901655:00000000000000000284
83e12053-fe63-734e-0cc7-a3a6cab0c786,FXF-HBG-loc,180,bac4811b-1938-4c32-93f2-774711f294d2,f,f,0,0,0,1752901655:00000000000000000285
8ed41d44-b7f5-ae59-fa1f-279043a7562b,FXF-LCH-loc,181,ba358431-c7bb-47ac-9a09-25c61ce4a4d9,f,f,0,0,0,1752901655:00000000000000000286
62b2b3f5-a4d6-64aa-2b79-16ac28bf46e1,FXF-ANB-loc,182,12b91061-567f-437c-b7ca-a47f42992524,f,f,0,0,0,1752901655:00000000000000000287
7b6f2da8-8a04-beaf-d8cf-f9c16ae119b4,FXF-BZM-loc,184,a56f43e8-1fb2-45d0-a1f7-c1680096dfd0,f,f,384,0,0,1752901655:00000000000000000288
f8d10de1-6135-7db8-1ece-4002487c5f62,FXF-SLM-loc,185,e2e750f3-7bd9-41fe-8336-a45a66cdfca4,f,f,0,0,0,1752901655:00000000000000000289
277ea17d-e0b6-b50d-3d00-a29195a2f6a1,FXF-CHV-loc,186,68bad1c1-8d71-453b-9864-8b5379953db1,f,f,0,0,0,1752901655:00000000000000000290
e11002ad-1cd6-1ad8-8e51-ad365295c7bd,FXF-ORL-loc,187,b0643fe0-f60e-43a5-8abe-41b80786d6f2,f,f,0,0,0,1752901655:00000000000000000291
9ffeefc0-8dd2-ef29-8958-c4005cb96f3a,FXF-BWG-loc,188,a69a405f-44a9-45e8-82fe-f6457502d312,f,f,384,0,0,1752901655:00000000000000000292
8a43b3cc-ce73-8afc-a5a3-9e2ddba38f35,FXF-HOT-loc,189,96bb1c6d-b29b-4de1-934c-056bb8e89fe9,f,f,0,0,0,1752901655:00000000000000000293
cdcc974a-0036-81d0-ff89-fb5358ed93f8,FXF-CDA-loc,190,711d2047-62f5-4467-9543-124518e6aeab,f,f,0,0,0,1752901655:00000000000000000294
7eb7de15-364a-1a36-f42d-206d5425127a,FXF-LBB-loc,191,5f5986dc-21d6-4044-a4a1-706875dd70e1,f,f,384,0,0,1752901655:00000000000000000295
71629973-5d82-5870-62a1-0149a1412584,FXF-NOG-loc,192,c45bc3be-25b3-4857-99e7-c686b4ebceef,f,f,0,0,0,1752901655:00000000000000000296
ad1814be-1be0-c727-004c-5f9b16c427c0,FXF-PLD-loc,193,ad8196f7-d6ce-442d-b828-5575cfabf51e,f,f,0,0,0,1752901655:00000000000000000297
b1e02152-e37c-dd75-859d-6891e7da2b8c,FXF-BJI-loc,194,7419ab22-3fa9-49d5-8f8c-a8484340b8ef,f,f,0,0,0,1752901655:00000000000000000298
4f1c964c-166b-fb73-618f-e18fb0fb8684,FXF-BMT-loc,195,97d8ad73-4d60-40cb-b061-d871a0b2f615,f,f,0,0,0,1752901655:00000000000000000299
2e9e11cf-6278-06de-defa-d30449b5f201,FXF-JBR-loc,196,9763be15-9800-491b-bc0d-115de7245a5a,f,f,0,0,0,1752901655:00000000000000000300
a286ceaa-0355-a833-b3b4-2ec93c1d557e,FXF-MGM-loc,197,b6b4a022-fe97-4c97-b001-e6d0e8200e40,f,f,0,0,0,1752901655:00000000000000000301
5b744ff2-f8c8-9e9d-3ad6-af34c71e4f4d,FXF-MFD-loc,198,87736652-0fdf-46d6-bbf3-609f5a935d85,f,f,0,0,0,1752901655:00000000000000000302
a61a186f-7138-de81-5ce3-1d18940be8e8,FXF-VBE-loc,199,454bd063-7fe5-46c6-8476-2a7888338a63,f,f,0,0,0,1752901655:00000000000000000303
321c7ed9-203b-d195-8e17-879ee7ab55ef,FXF-BIS-loc,200,43d57ff0-654c-43f8-a525-646e71e40c96,f,f,0,0,0,1752901655:00000000000000000304
446d202a-f10f-8d76-701c-f9b6fd88c10f,FXF-CHN-loc,201,2b2bd0f3-ba4c-444d-9334-1b87b436315a,f,f,0,0,0,1752901655:00000000000000000305
081c6684-7db4-9d29-82f0-bb7c9e218809,FXF-RAP-loc,202,11c40762-4875-4c72-af6a-efdc8995a6a5,f,f,0,0,0,1752901655:00000000000000000306
c5cd153e-5bc1-b9b2-8162-f80a158306a8,FXF-NPL-loc,203,bd68e238-1892-43ac-b91a-99874f196890,f,f,0,0,0,1752901655:00000000000000000307
1c085a8c-b0ff-8b83-a346-fb475dee1ee6,FXF-MER-loc,204,4b8f1212-c6c4-477b-adf7-2f54142679af,f,f,0,0,0,1752901655:00000000000000000308
3e59bb5c-0ce8-9498-a430-6edae710bf5c,FXF-SLO-loc,205,537aaafc-a250-4784-aaa7-4f0f06fa7744,f,f,0,0,0,1752901655:00000000000000000309
215b5259-5683-a8cb-12fc-f5b5a6c0d66b,FXF-LNK-loc,206,9af408f8-9e02-46d9-a6c3-9b4e14e89e26,f,f,0,0,0,1752901655:00000000000000000310
f2386d73-4fa6-e5ce-553b-f462ce15a280,FXF-HTS-loc,207,89757c84-6ace-43a8-a196-a6c2e07165e3,f,f,0,0,0,1752901655:00000000000000000311
589866b6-6b76-623d-b3cb-74f671682da1,FXF-KKE-loc,208,61b5e213-9d0e-490b-9c6d-8ef9208fefaf,f,f,0,0,0,1752901655:00000000000000000312
a5f8b25b-a7f0-bcf4-6880-c27dd55161e4,FXF-SGO-loc,209,deb93323-da2f-4743-ac00-fd799f7aa1bc,f,f,0,0,0,1752901655:00000000000000000313
110b909b-b155-3998-8a07-ce8d8910c3f9,FXF-PBF-loc,210,a8c22f41-3926-469f-abe9-1dc8f301c428,f,f,0,0,0,1752901655:00000000000000000314
193b4ecb-26d6-cac3-1ce5-9e2fb614ee91,FXF-LMA-loc,211,8458e37f-cf01-43c3-bf50-9d7d028cdd31,f,f,0,0,0,1752901655:00000000000000000315
512ec94e-b77a-cce3-594e-a9bb6934af3c,FXF-WNC-loc,212,ce2e8fac-3e0a-437d-9c8f-46ae7029d002,f,f,0,0,0,1752901655:00000000000000000316
e88be0e3-9dde-8d29-b9ff-0ae1ad0f4ee6,FXF-STG-loc,213,fdc9ae05-d505-41fd-aac5-d064916a3a9c,f,f,0,0,0,1752901655:00000000000000000317
40977b3e-503d-f91a-510e-3008d13518f4,FXF-JOP-loc,214,e4cfb411-5070-403c-bc34-881e39281b06,f,f,0,0,0,1752901655:00000000000000000318
6f45b956-eae7-4148-c137-6c2eeeeeb11f,FXF-CUB-loc,215,430142e3-070b-4a1c-82ef-a03230f2d6f7,f,f,0,0,0,1752901655:00000000000000000319
a84f8ee7-8e67-8d6b-d190-eff6bc0e4b14,FXF-FMT-loc,216,39dfbd60-b756-4073-854f-3e24e6b1e65a,f,f,0,0,0,1752901655:00000000000000000320
7fcb8467-f14c-26a6-0134-3be7bbe76d0a,FXF-TUC-loc,217,17749022-a8cc-4c78-8293-931728240ea7,f,f,0,0,0,1752901655:00000000000000000321
27022bf5-e2a6-508f-ee8d-0f7893688391,FXF-KPT-loc,218,1fb023a0-f136-4bae-8565-db91c0b594e1,f,f,0,0,0,1752901655:00000000000000000322
f7e26ec2-961b-fb30-4284-9a5b7bd78ede,FXF-WAT-loc,219,319dd121-f279-4ba7-a72a-3955baea9637,f,f,0,0,0,1752901655:00000000000000000323
1116ee19-27a1-baa1-cba5-9d899b833f9e,FXF-PST-loc,220,92005033-d21f-4023-88b4-9b3ffb7309c1,f,f,0,0,0,1752901655:00000000000000000324
5aef1288-1b4d-de26-83dc-8c3bb83b2548,FXF-PCA-loc,221,b220fd4e-fae6-4531-b221-eca933163a2f,f,f,0,0,0,1752901655:00000000000000000325
18138fab-9e1a-5a24-4f58-0f89d572a380,FXF-GWS-loc,222,35f714ef-715e-4e09-9645-5942b4b70c17,f,f,0,0,0,1752901655:00000000000000000326
539331b9-8524-5992-e4be-432fd8b8734f,FXF-LIT-loc,223,a0dff6cb-bd02-4a81-9a21-0dfa8e0bc01c,f,f,0,0,0,1752901655:00000000000000000327
54210020-0c30-e04a-ade8-7fc1c61e9558,FXF-FMY-loc,224,a085a1ba-f630-44c9-b9d2-6d499dab2690,f,f,0,0,0,1752901655:00000000000000000328
009f9499-3490-eda9-b313-81ab1391e332,FXF-GTF-loc,225,82acba47-db9c-4fc3-b604-a9d4da7f068a,f,f,0,0,0,1752901655:00000000000000000329
f83b9e5b-630f-5e22-bcc4-0855169c9568,FXF-RDU-loc,226,afd2daad-b905-42f9-8b74-afd8fbaf1a75,f,f,0,0,0,1752901655:00000000000000000330
ff6d6f53-7404-48fb-5757-ba44e0b18544,FXF-SFL-loc,227,0cb195b9-6fb3-4b4a-9d47-7e2b26866af1,f,f,0,0,0,1752901655:00000000000000000331
0f9b0611-250c-ba9e-2d95-35c8705caa07,FXF-WNY-loc,228,9f54abb7-dd4b-4cad-919a-a5cbd7dcd19c,f,f,0,0,0,1752901655:00000000000000000332
07aa4c2a-0a18-44f5-6635-28fae9353780,FXF-LAG-loc,229,2870d3c8-41f5-436b-8b93-444ec5430f13,f,f,0,0,0,1752901655:00000000000000000333
238ba327-aa70-2984-6539-af4826dccc0f,FXF-NPT-loc,230,02da0894-24f7-4b16-882d-7d9b8a544ab3,f,f,0,0,0,1752901655:00000000000000000334
bab021bb-4124-2ab2-029c-26271224df2b,FXF-GRI-loc,231,a2ec3b52-81d1-4fe1-9b6b-b3c21e5b5c74,f,f,0,0,0,1752901655:00000000000000000335
03534d3f-44f7-f97e-bea9-61e079e4c190,FXF-AMA-loc,232,72367d57-b440-4a3c-b9b5-87ea27d4f03e,f,f,0,0,0,1752901655:00000000000000000336
a32a3f76-6311-77ff-ae50-1578cee1e961,FXF-KLP-loc,233,18b9f715-9085-4fc3-8f1d-513f2d26d156,f,f,0,0,0,1752901655:00000000000000000337
adf1bef6-b34e-7eee-c454-cd1577819fc3,FXF-POR-loc,234,e156a2e1-f118-49cb-8300-accae356e3b0,f,f,0,0,0,1752901655:00000000000000000338
9e763576-4a1c-00f7-9d2a-ad8df07ade7f,FXF-JKM-loc,235,94faa04c-3b7d-467c-9769-661883d5aec1,f,f,0,0,0,1752901655:00000000000000000339
ab0ddce8-b085-5332-f5af-b440608c1d04,FXF-STX-loc,236,f09be7d9-5e61-46ee-b901-95b7c1038eef,f,f,0,0,0,1752901655:00000000000000000340
1b55de06-2368-b675-948c-10009765dd39,FXF-NEA-loc,237,0e34b3e8-b7c9-46bb-8353-b640bdf0e36b,f,f,0,0,0,1752901655:00000000000000000341
5a845867-443b-4566-b4f2-9319469224ea,FXF-TAC-loc,238,d9db6659-0b9c-4332-ad84-7f4db052ab41,f,f,0,0,0,1752901655:00000000000000000342
9a8fb7f5-58b2-d465-4719-a21c56862ee6,FXF-PRS-loc,239,2e236e57-db00-4d56-bb98-5faa3b722c81,f,f,0,0,0,1752901655:00000000000000000343
25efcb4e-9695-ff37-4f4f-6a3a0e29fb6f,FXF-CHS-loc,240,6897e149-0bb2-42dc-86eb-52397060138c,f,f,0,0,0,1752901655:00000000000000000344
b1a4362b-b3c0-dd73-353e-c0808c96e460,FXF-WMR-loc,241,fd013e76-8ac2-449f-bbcd-e97ee85da299,f,f,0,0,0,1752901655:00000000000000000345
d1eec75a-421c-6826-af40-633e65b6d6fc,FXF-LAW-loc,242,17225a5a-244e-4b61-8c54-88cdd65e1316,f,f,0,0,0,1752901655:00000000000000000346
22084bab-c829-240f-4945-e454dbf5cce4,FXF-OWA-loc,243,e132c06a-ddd0-42fa-865b-6f7999b37ddf,f,f,0,0,0,1752901655:00000000000000000347
52c40c0c-a761-d1c1-00b6-b339742dbf99,FXF-OSK-loc,244,9a50fbc7-2e80-47c0-b2d0-e761e598c62d,f,f,0,0,0,1752901655:00000000000000000348
8113ddca-efbf-482a-3fd7-d84c3c2ea19e,FXF-STN-loc,245,89be4e74-65c7-4bc2-98cf-5abc6f741ea5,f,f,0,0,0,1752901655:00000000000000000349
0d940033-8101-6013-89d3-d7cb2d16422e,FXF-TXK-loc,246,0a0b6ad0-0298-41ee-b87f-fd35a0985769,f,f,0,0,0,1752901655:00000000000000000350
337060e7-a814-8bc0-5ce2-87e647e86469,FXF-WNP-loc,247,5eff8af0-f98b-489e-8c71-f4ce59b17aaa,f,f,0,0,0,1752901655:00000000000000000351
55ede019-11f6-56e1-cdf0-8bccdae35128,FXF-RSG-loc,248,1103df04-4073-4bbd-8cdf-7a287c21d929,f,f,0,0,0,1752901655:00000000000000000352
ab9f24e0-d976-6e33-da07-e03ffb834b25,FXF-GDV-loc,249,c19c7da5-365b-4de3-a11d-4300d6c5b734,f,f,0,0,0,1752901655:00000000000000000353
4aaa909f-25b8-c599-4532-398a3adbe120,FXF-WLI-loc,250,42aa9e87-ba2f-424b-962c-4b51cad83e20,f,f,0,0,0,1752901655:00000000000000000354
1511b0d5-95c6-345d-e316-6686ee0997f5,FXF-EDA-loc,251,3b4beb99-a2b2-43a6-97b5-6cc3b5fcc306,f,f,0,0,0,1752901655:00000000000000000355
ebe60cb4-42ad-b371-c5fa-92b347bfb365,FXF-LNY-loc,252,f1a50750-64d0-4dd2-9635-1320bfb2cd18,f,f,0,0,0,1752901655:00000000000000000356
93c83d70-28cb-c4d4-bcb0-dc0075f6a3c8,FXF-GRB-loc,253,d062201a-aaf9-4d34-9575-366fc94996c9,f,f,0,0,0,1752901655:00000000000000000357
f15150c5-d6a9-f2f1-39e6-9063e93615b8,FXF-CLE-loc,254,6dc4c9ca-78fe-43e6-9c49-1e80542d0651,f,f,0,0,0,1752901655:00000000000000000358
540fc3a9-1925-ce37-1709-b9c824407b24,FXF-LAF-loc,255,e4b9b6aa-a5b5-4b91-90c4-997f336168f7,f,f,0,0,0,1752901655:00000000000000000359
c1e35850-7445-600b-6772-c49febca0c0b,FXF-STK-loc,256,3bc60c43-a577-4d8b-b2b4-10134984ee18,f,f,0,0,0,1752901655:00000000000000000360
9c1926ff-0af7-160f-cefb-61940d1b9f68,FXF-FTW-loc,257,3dcff7db-c7ee-4b48-950f-72d82d4c94c6,f,f,0,0,0,1752901655:00000000000000000361
ce165365-18da-1d83-6660-4c5d35222259,FXF-NEW-loc,258,78595630-ba6a-41fb-baf2-41f38c9b2843,f,f,0,0,0,1752901655:00000000000000000362
e1c2528d-913a-4580-faa5-661fad68bb58,FXF-TPA-loc,259,a82c1309-f580-48f7-aefe-21541fa0bf9f,f,f,0,0,0,1752901655:00000000000000000363
d6111af4-3a48-5e34-4408-d201463d0493,FXF-DPL-loc,260,5b19d6ea-cea8-427b-b45e-ec37f634c775,f,f,0,0,0,1752901655:00000000000000000364
b4812cd8-adf3-55a0-9f60-87a66e4d9937,FXF-FLO-loc,261,abb8150e-1576-46f4-b7d1-c30a72b2c650,f,f,0,0,0,1752901655:00000000000000000365
8476f01c-bdaa-28df-fadf-976bc8268018,FXF-CNG-loc,262,e74de5e1-825b-4273-84d9-b004faffeb43,f,f,0,0,0,1752901655:00000000000000000366
f4dc84f0-8598-0e32-c167-341091ee34e2,FXF-CHA_loc,263,a80c8f32-5c8b-4244-be9e-0ed68047bcb4,f,f,0,0,0,1752901655:00000000000000000367
d26360d6-378e-2c32-def0-42cd711bec8d,FXF-MOT-loc,264,142f311b-9601-4376-83b2-39ac1d896934,f,f,0,0,0,1752901655:00000000000000000368
d58a5001-1929-7e57-12f5-2e5a06019cc8,FXF-SFT-loc,265,bedf4f29-db0f-4079-82e2-384c4ea4a6b6,f,f,0,0,0,1752901655:00000000000000000369
338620a7-ec65-e559-2e67-1dd2fc94abfe,FXF-NDA-loc,267,f5908fb1-34ba-414a-b498-f28d283cd061,f,f,0,0,0,1752901655:00000000000000000370
aa5d5ae6-151f-6906-a735-af2cad45ffb7,FXF-DRS-loc,268,c9233175-2e03-43ca-a843-7fe37ef43d6d,f,f,0,0,0,1752901655:00000000000000000371
05ab8db7-0c04-bd40-9604-f67ed6b4ba85,FXF-FRE-loc,269,17391945-15da-4985-8d5d-582270c30748,f,f,0,0,0,1752901655:00000000000000000372
a6f3d8aa-aa61-af09-8e13-27ec37ddf1e8,FXF-ROW-loc,270,ad5ae422-5a8b-4ce3-8d6e-f281a6b06cb5,f,f,0,0,0,1752901655:00000000000000000373
bf84c056-67ab-3415-3928-c785e639ed6d,FXF-OKC-loc,271,905866ba-b25e-4ee4-bf3d-6fd1622d8891,f,f,0,0,0,1752901655:00000000000000000374
4b2b858f-6730-d3e0-cfe5-85e714041fba,FXF-PVD-loc,272,a3aae730-3d2a-42d5-a925-5e315cdfff02,f,f,0,0,0,1752901655:00000000000000000375
c9477881-2a62-bfe7-8988-0785ab09ee5a,FXF-DSM-loc,273,59943c01-0cc6-4e95-ac46-3a951f14d3f5,f,f,0,0,0,1752901655:00000000000000000376
8cce9539-e92b-5d30-7afe-28134ec305e9,FXF-IND-loc,275,7f1f8a4b-1a66-469a-bbcc-5b62e737ce86,f,f,0,0,0,1752901655:00000000000000000377
586c13bb-6d7a-b483-5bf6-e367cad4df55,FXF-BRY-loc,276,e18608a7-8f55-47dc-9274-b0b5a63c1a55,f,f,0,0,0,1752901655:00000000000000000378
c4d0a584-3901-f544-34c0-3a84389741b1,FXF-MEM-loc,277,6290ca14-cad1-42e8-908d-dd430a16a0b0,f,f,0,0,0,1752901655:00000000000000000379
67625480-e418-9985-3900-8f803166efd6,FXF-HFD-loc,278,868dacad-bf99-40e7-b663-1dc3e3292dd6,f,f,0,0,0,1752901655:00000000000000000380
6e754f9f-010e-e17a-9eeb-8116fe6295c1,FXF-WIM-loc,279,6d5eaf24-67ae-4986-b45e-b9d1aeb90c95,f,f,0,0,0,1752901655:00000000000000000381
2d537163-e7e8-4900-a95a-4956b60fd4ee,FXF-WTL-loc,280,8ad9fcdf-2aa1-45e3-b6b3-3942b1e14bc5,f,f,0,0,0,1752901655:00000000000000000382
d26c1787-be82-4bc2-c94f-d4f16f395223,FXF-CGT-loc,281,b15e8189-320d-4f04-9773-bd8114755975,f,f,0,0,0,1752901655:00000000000000000383
2997f71b-e83b-c7a5-415d-7147e9b273b4,FXF-CWY-loc,282,f4b76757-4a1c-44d5-a4a3-3b26fa6cd27e,f,f,0,0,0,1752901655:00000000000000000384
484dd1a7-3d51-ea85-7327-a2658fd0fefb,FXF-YUM-loc,283,3bda3cc4-3688-4491-8055-04d1ce253d60,f,f,0,0,0,1752901655:00000000000000000385
588e8006-023e-888f-97ad-3e88f17193da,FXF-CGX-loc,284,73101e0c-1c85-4ecd-b85f-bfa150f9973d,f,f,0,0,0,1752901655:00000000000000000386
6a1e83ce-f780-4440-c285-9c568b9dd83b,FXF-MSP-loc,285,75cf2b37-f483-465b-a710-463ea00f931f,f,f,0,0,0,1752901655:00000000000000000387
0004b662-4270-0ee5-0b84-c137503d3b60,FXF-CRW-loc,286,b412ff17-704e-4b03-a1f0-e302e37f18a7,f,f,0,0,0,1752901655:00000000000000000388
2d2f9721-eb2f-4507-be8d-12f2029e7df0,FXF-SBR-loc,287,f48cd446-ce15-4347-a96e-2aa10e046725,f,f,0,0,0,1752901655:00000000000000000389
e853b394-d6dc-8885-49d7-10dce5c2d3d4,FXF-TYR-loc,288,202ea691-4657-49b6-9a0b-941f6209d4de,f,f,0,0,0,1752901655:00000000000000000390
83d91ae3-2080-9fa8-9b0f-566768f362ef,FXF-RKI-loc,289,04cce6d2-c4f1-44aa-9961-48e7993ff657,f,f,0,0,0,1752901655:00000000000000000391
d419f554-b18e-75b3-58d8-6a80dc9f4953,FXF-HRL-loc,290,1bab6256-7425-48ca-a7f1-ec67667c2fc9,f,f,0,0,0,1752901655:00000000000000000392
716944d3-929a-174e-67bb-32813261b79d,FXF-WRN-loc,291,4fbd0baa-4396-4022-9ba2-e1234b644389,f,f,0,0,0,1752901655:00000000000000000393
62541b36-3f3b-31f6-f80c-939549ed96a5,FXF-ELH-loc,292,ad5b0f8a-15d8-4751-a561-cfd0069cd850,f,f,0,0,0,1752901655:00000000000000000394
f2e0447b-914b-f7bd-70fd-cfd94c1f75b6,FXF-SLN-loc,293,86f154a9-69c8-41a8-986f-1a6f6cf1a18f,f,f,0,0,0,1752901655:00000000000000000395
2a433f85-3878-020e-f983-226b09f9eda0,FXF-RFD-loc,294,3f413404-9654-41da-85b9-01547dfd0c0a,f,f,0,0,0,1752901655:00000000000000000396
050d80c7-c44f-fb13-2566-249503334e1e,FXF-OMA-loc,295,140d880e-3438-4bb5-b90a-310651766b46,f,f,0,0,0,1752901655:00000000000000000397
2ca5c7f2-05ab-77ed-8d53-58e1de59c996,FXF-SBO-loc,296,34e439fc-9856-436b-a4a9-011814edf4c7,f,f,0,0,0,1752901655:00000000000000000398
2a0fc5e3-ce6b-d369-1001-fc9d2d0a9045,FXF-ALX-loc,297,c9aee898-f88c-4373-a43c-1c211003ad3a,f,f,0,0,0,1752901655:00000000000000000399
71978099-0284-3d60-0410-1a66bc28c454,FXF-WNJ-loc,298,df399d4a-7dd9-4132-8ece-aa345984cf3d,f,f,0,0,0,1752901655:00000000000000000400
4e769bb7-2f3f-06b2-1f99-c428b57f8fcc,FXF-LVS-loc,299,57385e78-9613-424b-8d91-85ac88ec6350,f,f,0,0,0,1752901655:00000000000000000401
ae35816f-b8bf-4cea-af60-e8556c8c731f,FXF-BMM-loc,300,21fc7d7c-6989-4581-8c8f-907dc6b75e32,f,f,0,0,0,1752901655:00000000000000000402
63f2c7ac-ca88-68d0-b96c-bcaf5a1e19ec,FXF-EAU-loc,301,ffd97654-4d8f-49ee-a5d7-cf3a6cb20c41,f,f,0,0,0,1752901655:00000000000000000403
d744453f-1aad-680a-81d4-2a804fc3d80d,FXF-AUR-loc,302,2dc0525b-ac5f-4d33-9066-73d51424946b,f,f,0,0,0,1752901655:00000000000000000404
f958183f-81b1-01d8-4788-914b53f592d0,FXF-SJM-loc,303,722e439f-5fdb-44c0-b226-cceb433046b8,f,f,0,0,0,1752901655:00000000000000000405
28b063d1-8208-ab8e-614b-4ff2bf8d2643,FXF-BRL-loc,304,e8a2bb09-1b3f-45ec-9682-3d6d11383446,f,f,0,0,0,1752901655:00000000000000000406
655a270a-f704-dbac-c821-0151ca24b59d,FXF-PHX-loc,305,081f051b-0352-47de-ae3d-b5bbd9e3ca72,f,f,0,0,0,1752901655:00000000000000000407
cd365e7b-4fcf-7ed4-b9e9-170cd5ad0f94,FXF-HGR-loc,306,b99c4eec-26c0-4603-872d-dc82a876bb6f,f,f,0,0,0,1752901655:00000000000000000408
68f05c17-446b-0de9-fbc6-db744ed7ca1c,FXF-STE-loc,307,5c23b1ea-431c-4de6-b4d6-f37a4ddde6c5,f,f,0,0,0,1752901655:00000000000000000409
fd62220e-b567-774c-cdb5-73138f567587,FXF-GAR-loc,308,98439124-d603-42e5-8fe7-9dcaee161f6a,f,f,0,0,0,1752901655:00000000000000000410
cdb6dd04-df47-8fb6-f2ac-2cd2e9773d58,FXF-LIN-loc,309,2a46a859-77ce-47d5-868b-26f7e81fc6f6,f,f,0,0,0,1752901655:00000000000000000411
f8c00ba0-a8f3-5c5a-380b-6a260166dd1b,FXF-EFH-loc,310,d842d081-58fa-4bff-9878-7d5b495e2a6a,f,f,0,0,0,1752901655:00000000000000000412
36cc6a1b-9edd-d708-f429-bfa09dd77e66,FXF-AQE-loc,311,1e59e87f-1fdd-4678-bdcb-35484b011dff,f,f,0,0,0,1752901655:00000000000000000413
a9570c62-ea9b-8b5f-5968-f58c330876bf,FXF-SHV-loc,312,8f909d28-e632-4717-b531-9359622e6350,f,f,0,0,0,1752901655:00000000000000000414
1bc632a2-100b-c82d-be3a-1f14e9d43058,FXF-TOP-loc,313,fcba9613-fad0-4691-b8c0-4de998d56875,f,f,0,0,0,1752901655:00000000000000000415
286a38f3-73f7-507a-eefc-37f35ad3ecfe,FXF-BUF-loc,314,b0d2345e-6c4a-4d9d-895c-60c79d6e21da,f,f,0,0,0,1752901655:00000000000000000416
2cba5f35-1155-062b-813a-f73e4cfde5c4,FXF-POS-loc,315,2bfbb2f9-8f32-4827-8c1a-5ddcb47449df,f,f,0,0,0,1752901655:00000000000000000417
d31a022e-72fb-8ffb-2626-d888adf973bf,FXF-SFV-loc,316,5516f49f-2902-4034-bc39-f43c90104cd7,f,f,0,0,0,1752901655:00000000000000000418
8b8ea2bc-4e5a-e388-f084-744eee59a2eb,FXF-HOB-loc,317,19a0bc7d-d11d-4e6c-bff5-3d20405a6561,f,f,0,0,0,1752901655:00000000000000000419
d0c51b2b-9167-9f18-9ef3-12a1008a46c8,FXF-YRK-loc,318,7f6d3495-fdf6-4a53-a30b-277a79412b35,f,f,0,0,0,1752901655:00000000000000000420
342870a8-9c29-fba3-5d4f-abdee5c64f90,FXF-ANH-loc,319,4b52ce76-9148-4ff1-86f3-ecb025397eb7,f,f,0,0,0,1752901655:00000000000000000421
e203e8e7-c6f2-9fcd-7cb0-f39e570b3b7e,FXF-CMH-loc,320,e5951752-78be-4a8e-83a4-021568b20cf3,f,f,0,0,0,1752901655:00000000000000000422
c1262bfb-95c9-87b6-8151-bdbde0bc8131,FXF-ENI-loc,321,ebad640d-35c1-4a43-a5f3-725341243d79,f,f,0,0,0,1752901655:00000000000000000423
e999bc4d-c13d-dc3b-c8ae-dccd0601bf20,FXF-DAY-loc,322,0a35c0ef-138c-4822-835e-5b46b2b5156f,f,f,0,0,0,1752901655:00000000000000000424
8aa3746c-039b-c0a2-6001-4c0cf2d238f3,FXF-WWV-loc,323,213f2d4c-1a38-45db-9104-878467cf2ec4,f,f,0,0,0,1752901655:00000000000000000425
b9db4fa4-f6d2-c3a0-a76f-ed5d7ddd8737,FXF-FRO-loc,324,52c74de1-702e-4ba3-937a-46c392b9645a,f,f,0,0,0,1752901655:00000000000000000426
24433d13-695d-8eea-5d7c-7ac4667ce7ac,FXF-MKO-loc,325,940efc1a-0139-40fc-9c11-2253fb5d5fef,f,f,0,0,0,1752901655:00000000000000000427
6b222d70-5f42-e53c-b8b3-678ddb26164c,FXF-CRB-loc,326,2a047903-479a-4f37-a212-234dd629b2e4,f,f,0,0,0,1752901655:00000000000000000428
1a76896a-578d-bc69-b5a8-b38adc992b7f,FXF-ATO-loc,327,5b757488-b807-41e0-8a06-f63519e66334,f,f,0,0,0,1752901655:00000000000000000429
698743dd-1518-5a13-b52b-655d000d5445,FXF-DCU-loc,328,c373b8f4-a707-47a9-ba10-9876670aab51,f,f,0,0,0,1752901655:00000000000000000430
b8aabf84-8a03-a4a5-30e6-a4c644cf5c17,FXF-TUL-loc,329,209283b2-dbb2-49e6-9303-bbbbee2d343b,f,f,0,0,0,1752901655:00000000000000000431
fca32977-2e9e-710d-dbef-599dd5bebad3,FXF-MVN-loc,330,6182b985-016c-4398-813e-ecbad8e3bbcf,f,f,0,0,0,1752901655:00000000000000000432
9e6cd287-0398-9ce4-43d7-9a218162d654,FXF-FTA-loc,331,9d65e154-edc8-4bbf-99f4-962d08193756,f,f,0,0,0,1752901655:00000000000000000433
bfe4b2f9-b152-0acc-fe6c-1fa50dfb3186,FXF-ABI-loc,332,61237453-4ae7-4e60-ae6a-5c723129e20b,f,f,0,0,0,1752901655:00000000000000000434
269a183a-a9f2-19c8-acfa-05c17f0579c9,FXF-WHT-loc,333,f675534a-57cb-4634-909d-8197893011cf,f,f,0,0,0,1752901655:00000000000000000435
b93620f2-5828-8edc-6439-be82fa53aaf6,FXF-HSG-loc,335,a8446f01-0afa-4be5-9574-faa868ea3f93,f,f,0,0,0,1752901655:00000000000000000436
c5063045-2dd9-5a8b-49ed-0cbfe605ce05,FXF-WSP-loc,336,bb366fa0-2598-4ffc-9a89-5bb73cd96dc8,f,f,0,0,0,1752901655:00000000000000000437
54f55ce4-8d9f-f020-a578-986f7ea8eb42,FXF-LRD-loc,337,3a9728e0-a62a-4d11-abe9-8004a70adae3,f,f,0,0,0,1752901655:00000000000000000438
1a6d3325-5c96-5efa-dd09-9ca21a6ba70b,FXF-OAK-loc,338,7d74b65f-f9ba-4b40-a427-f51f557e28a9,f,f,0,0,0,1752901655:00000000000000000439
cd536db6-4b13-2d23-43f6-13842e8ea026,FXF-YNG-loc,340,4eb6b730-7a23-4f93-b621-059005ebcdf8,f,f,0,0,0,1752901655:00000000000000000440
e248be66-b628-16de-0c8e-b521f71463b1,FXF-PRU-loc,341,d7bb7a01-ae11-4dc5-b7a2-bd496eb50db2,f,f,0,0,0,1752901655:00000000000000000441
f7ab8fa8-ded1-2684-0016-3667d5f75c5a,FXF-IVN-loc,342,da612ebb-fc71-4d44-966a-c17df9875737,f,f,0,0,0,1752901655:00000000000000000442
5df51c5e-4a9b-40c1-1bfa-35c63e336837,FXF-SDO-loc,343,a665d420-4aac-4bf1-b6fa-c187d60e26a4,f,f,0,0,0,1752901655:00000000000000000443
77104b61-9492-171b-829d-bc95cd4b26be,FXF-STR-loc,344,0071b9ba-f181-4129-917d-93bb727e409f,f,f,0,0,0,1752901655:00000000000000000444
18000047-adb6-b023-5a89-efc11ce82169,FXF-RNO-loc,345,3e7bb414-7614-4dc5-80bb-17a5bce59a8c,f,f,0,0,0,1752901655:00000000000000000445
82cf7a60-acdc-9183-1c62-d5c718d74f94,FXF-DAL-loc,346,80b8cc23-1ff3-4cb2-8cab-01171fc98913,f,f,0,0,0,1752901655:00000000000000000446
0f56cab7-aa4c-e4d1-bfc1-b3c6e1f718e2,FXF-ALT-loc,347,aa93ff08-4037-4413-b77b-97d1c52e8048,f,f,0,0,0,1752901655:00000000000000000447
01bbb47e-ce1a-8981-a156-725c21bf4f6e,FXF-WCV-loc,348,e5e8fb1f-7d72-4f51-bf96-48a528ee48b4,f,f,0,0,0,1752901655:00000000000000000448
556a3593-8ad7-f504-965c-b2fe8e40ba9f,FXF-TER-loc,349,2951bea6-8dca-409d-945b-ee446bb6b2c2,f,f,0,0,0,1752901655:00000000000000000449
a2b9cf86-ac85-d491-7e79-82d3c67234f0,FXF-SGF-loc,350,ea888673-d9c8-4d9b-bc38-3c0afce5c751,f,f,0,0,0,1752901655:00000000000000000450
8303d95c-2e3a-bb22-8950-644599927d09,FXF-PIT-loc,351,c1c5898e-c99a-4680-a21a-d8ac107a291c,f,f,0,0,0,1752901655:00000000000000000451
92777eb9-cc61-2a60-4b70-9e4411d258f7,FXF-FNT-loc,352,4db86ff2-4381-4f20-956e-8831bf21ea36,f,f,0,0,0,1752901655:00000000000000000452
85fd99c7-6b4c-34db-8999-64a1cfc6de20,FXF-COU-loc,353,872dca20-062c-4037-a8b5-a3e823baa899,f,f,0,0,0,1752901655:00000000000000000453
4fb3bb0d-128f-6922-2930-fc64a9ffb6ec,FXF-DEN-loc,354,d3ef0328-e271-4b57-ba79-4f59265848b5,f,f,0,0,0,1752901655:00000000000000000454
0ab5d088-754c-507b-b5cf-f0a761567322,FXF-CKB-loc,355,82d3cb2d-4686-4960-a681-39bbb9d0f41c,f,f,0,0,0,1752901655:00000000000000000455
908f4dff-49ea-dbd6-6714-059a98b4e1c4,FXF-BHM-loc,356,df59f97e-2039-48b9-89f0-53d5538a6bc1,f,f,0,0,0,1752901655:00000000000000000456
d9a1dbc2-4e0e-eab6-0fa5-3bace7ecedd1,FXF-MSN-loc,357,a857f536-23b6-449d-a0cc-2447dbc63152,f,f,0,0,0,1752901655:00000000000000000457
c66b66e2-7db6-16a2-e276-07410d3765d7,FXF-MKE-loc,358,4827f889-a16a-4173-8e63-4f062a35d9a7,f,f,0,0,0,1752901655:00000000000000000458
879f7f23-932e-039f-8916-1c6dee5b5534,FXF-MDL-loc,359,da92581d-0712-4d56-8042-9e1b930daab4,f,f,0,0,0,1752901655:00000000000000000459
4ecb9cac-29a9-3b0c-e318-7723e38a87cb,FXF-LOU-loc,360,346c9213-7d52-431a-ac6c-c0a58af32924,f,f,0,0,0,1752901655:00000000000000000460
9dfbc84f-d3f6-eed6-a4d1-7aa9a168f609,FXF-ATL-loc,361,0d7c0fa4-914d-44fa-9e4a-5a0432c6a458,f,f,0,0,0,1752901655:00000000000000000461
760e5401-a6f7-8729-c568-0fececb12965,FXF-DRT-loc,362,fc7254e0-a6ce-4f06-9ef8-f2c025bb6872,f,f,0,0,0,1752901655:00000000000000000462
46e46223-c77c-81df-14e5-06910ff5db02,FXF-BSE-loc,363,f76dbacd-c630-43d9-9457-d1e807c13020,f,f,0,0,0,1752901655:00000000000000000463
6b4032c9-f1d4-0eb4-0aa4-ed76eda5bb8f,FXF-HOU-loc,364,424b1d8a-1652-41b4-bbd9-6c3a31da1407,f,f,0,0,0,1752901655:00000000000000000464
1de413a7-806a-9e5c-af0e-12ed70bf9a68,FXF-SYR-loc,365,2758b9f4-aa0d-40c4-aede-7f64c389d690,f,f,0,0,0,1752901655:00000000000000000465
2d0dcbbc-e83c-b7aa-4f04-250e8ef08148,FXF-CCI-loc,366,82b14e13-3c9c-45e2-9f7f-114da2ac526a,f,f,0,0,0,1752901655:00000000000000000466
0b12fbb8-8054-83f3-35e9-38d03c283b3d,FXF-MPV-loc,367,fe23bf84-0752-4e1b-b210-934ec6d2f33f,f,f,0,0,0,1752901655:00000000000000000467
21089963-275b-75ab-8468-88b37d0d54c6,FXF-FAY-loc,368,e775aae3-cb68-4cfe-9576-e8b4981af0d6,f,f,0,0,0,1752901655:00000000000000000468
13934681-a627-32f4-abcf-d6e01abbdd2e,FXF-KCY-loc,369,a531b2ed-dc12-4d88-b8d5-f294788c60ac,f,f,0,0,0,1752901655:00000000000000000469
bd61b5cb-fb21-f811-0a8c-0043d7f9674d,FXF-NWB-loc,370,fd111b82-021b-4bee-a692-6b064766fa05,f,f,0,0,0,1752901655:00000000000000000470
17c5f563-17a1-0637-f818-8fc24937e265,FXF-CPG-loc,371,eb265620-2562-4b15-b3e3-7aac4a0bde61,f,f,0,0,0,1752901655:00000000000000000471
59c3bceb-3c31-e818-3260-bf35ad903b33,FXF-GBO-loc,372,ac352e59-0a6b-4475-8879-38e37b751df3,f,f,0,0,0,1752901655:00000000000000000472
d49e5834-db6a-f5ba-fe55-a1f16862804e,FXF-NKY-loc,373,694bf563-2fc9-41be-9627-211292715a6d,f,f,0,0,0,1752901655:00000000000000000473
4304cdd8-d8d1-14fd-cae1-0f3dee7acf87,FXF-NAS-loc,374,96530fab-73c6-4b6c-bd8c-36b2ad40f0d4,f,f,0,0,0,1752901655:00000000000000000474
7c9d4540-ebc4-107a-535d-dc39fe152607,FXF-ALB-loc,375,51b47bd6-da14-4431-981a-3522c817b216,f,f,0,0,0,1752901655:00000000000000000475
7cceafc6-b8ab-de20-baba-e12bb2986ee1,FXF-CLT-loc,376,fd2f3fdb-48d6-4065-a73c-e6e3b7423b44,f,f,0,0,0,1752901655:00000000000000000476
6a8b261a-af4a-11d9-0a8c-aa550abff10e,FXF-JAX-loc,377,29bb81db-e8ca-43bd-8add-6bc691a76dd1,f,f,0,0,0,1752901655:00000000000000000477
01007489-9382-1029-d625-cd2b64a5069e,FXF-WPT-loc,378,e6b2d608-cbb1-4f67-9328-04a0a527db25,f,f,0,0,0,1752901655:00000000000000000478
52daf2a8-20a7-b1d5-b7aa-e8d49023094a,FXF-TEST-loc,379,711fd126-c1d5-4793-a654-4a4adff4e978,f,f,0,0,0,1752901655:00000000000000000479
f60869d1-3af8-be8e-e1c6-91c5d053bc27,FXF-RSV-loc,380,c3242ddb-4e93-4ccb-948b-e6df94a8e762,f,f,0,0,0,1752901655:00000000000000000480
ac07d94c-db92-f09c-fb3d-d11cc5e9e733,FXF-BGM-loc,381,3ea67de8-f982-4cca-be42-d4ce998b115d,f,f,0,0,0,1752901655:00000000000000000481
e94a3a7d-135e-25d9-7032-51bb7ff53f29,FXF-SAV-loc,382,bc8c1129-49f0-41d2-a8d9-ee3122f020dd,f,f,0,0,0,1752901655:00000000000000000482
f9bc7c34-8c37-bdd7-2bd3-642b3a82d6f7,FXF-ENJ-loc,383,4a1cc21e-154f-4f1f-8e40-dbabe7fee193,f,f,0,0,0,1752901655:00000000000000000483
e333dd6d-cde7-f292-610b-e8aebf079057,FXF-MSL-loc,384,85c0b58a-cf43-4a34-a152-dca09bd5536c,f,f,0,0,0,1752901655:00000000000000000484
bc055a25-c624-c7fd-3fd2-15d6547ef2b0,FXF-ARN-loc,385,466c2026-49c1-49b1-a116-802b79a9d445,f,f,0,0,0,1752901655:00000000000000000485
adc2e37d-489d-17e3-5975-fb80b31825f5,FXF-SJC-loc,386,9f8b25a3-1027-4af8-bd8d-caeaed35d9f2,f,f,0,0,0,1752901655:00000000000000000486
af8d05f8-01ae-1264-6cdc-a295d83ca999,FXF-SAC-loc,388,ccd6d963-b422-46bb-92cd-39da4611cb9a,f,f,0,0,0,1752901655:00000000000000000487
8d9abcbb-fcb9-f879-a44e-c6604b030e2b,FXF-KNX-loc,389,366667c7-a316-4f4a-bd93-8445f4e3b1e7,f,f,0,0,0,1752901655:00000000000000000488
a7571ca0-9ec2-db6e-16fb-6f4d0ce5fe36,FXF-AKR-loc,390,29cba405-efb2-4ebf-aea8-4bb2586a4a9f,f,f,0,0,0,1752901655:00000000000000000489
241e524c-1b24-2fbe-b508-122de8969236,FXF-EUG-loc,391,682487e0-d6c2-40aa-b30b-64c16c483ef5,f,f,0,0,0,1752901655:00000000000000000490
66931935-aa2d-a11e-aef7-cb0f186e4460,FXF-TUP-loc,392,d120f50b-cb03-4987-9605-c312df9c6370,f,f,0,0,0,1752901655:00000000000000000491
ec0317c8-ef9d-2da0-f760-ad247b1a2d16,FXF-LEX-loc,393,af604d13-7e33-4d25-acb7-9dc8a7633372,f,f,0,0,0,1752901655:00000000000000000492
0dedc75d-44f0-ee98-78d1-2e2274a2e0b0,FXF-NHC-loc,394,909bab68-7c61-4dd9-b255-d783e6d35c16,f,f,0,0,0,1752901655:00000000000000000493
be92fc72-d9f6-7cc4-2e6d-dd33d734ff1e,FXF-SJU-loc,395,47fad2e2-ccd6-474a-a846-9d8e30fd7532,f,f,0,0,0,1752901655:00000000000000000494
8c7acc0e-cfb9-88fb-da88-ff39fab9c34d,FXF-STL-loc,396,c804bc65-655c-4e6e-9cef-ad1b9886439e,f,f,0,0,0,1752901655:00000000000000000495
b5236c98-d66c-b8d2-9e85-1c339c8d6c2f,FXF-RCH-loc,397,efaea3de-3b17-422a-9d08-a6fd774a2412,f,f,0,0,0,1752901655:00000000000000000496
c3e2c0f0-079f-7117-9f5d-68ebbeb7014d,FXF-SLC-loc,398,badd208f-cc0a-4c61-a348-480ef52ab9d2,f,f,0,0,0,1752901655:00000000000000000497
4be93f44-8a07-c769-9de9-7507e1c44cc1,FXF-CSS-loc,400,4f3019d8-09e3-4609-8bc3-d8e5771e6f2c,f,f,0,0,0,1752901655:00000000000000000498
2b71c8bb-dd55-df01-b24a-091ce3bb5adc,FXF-RSP-loc,401,bd7d4720-2ff9-4230-a323-dd81f1e8ee4c,f,f,0,0,0,1752901655:00000000000000000499
4240e1b8-10dc-b9ed-caf8-58270823f4e1,FXF-JOT-loc,402,9bd39aad-193b-4840-86f8-d95aee853f14,f,f,0,0,0,1752901655:00000000000000000500
c02174d5-4a51-fa85-089c-6eeac0d3438f,FXF-MDW-loc,403,0187967b-a3f8-4204-8cb9-a55ccd1a8ab3,f,f,0,0,0,1752901655:00000000000000000501
0acd5733-579b-a3e4-9fc9-50f47d7ac041,FXF-NNW-loc,404,0111c6ca-a5ff-4f0e-b139-8f74b6c2b18b,f,f,0,0,0,1752901655:00000000000000000502
8dc6debb-593a-25ec-fba4-973f2b0fb975,FXF-FAR-loc,405,b5304f52-415f-43e4-b3fa-7af8b11ab617,f,f,0,0,0,1752901655:00000000000000000503
29c10bfb-afb4-a333-fad7-5bd6f829129f,FXF-NSD-loc,406,1ca938b7-cb10-4733-af50-337a02f0f860,f,f,0,0,0,1752901655:00000000000000000504
4d07a59d-5fd6-c3cf-8fc7-47dd5be93376,FXF-HROAIR-loc,407,db84a9ad-1706-412e-ab63-c15b88f37de8,f,f,0,0,0,1752901655:00000000000000000505
e0cb190b-0fe7-9ac0-e768-840a52b0ac6e,FXF-TGO-loc,408,67e04735-2c7a-4fd9-8200-d93f5ff5b63b,f,f,0,0,0,1752901655:00000000000000000506
bf3ec136-8a76-5979-5a8d-b4a975235e05,FXF-SDV-loc,409,6386baa7-ed37-4e1c-b194-6f68093c2b63,f,f,0,0,0,1752901655:00000000000000000507
cb31b1ab-8559-7416-9171-94a4322ef4db,1test-rep-loc,410,f0d981f3-6562-4873-91db-a340b30a5b62,f,f,0,0,0,1752901655:00000000000000000508
1040daf8-bcd3-612a-e767-72eb9bd76cf8,FXF-MON-loc,411,be1bb1aa-c513-4558-a478-911887cf3af4,f,f,0,0,0,1752901655:00000000000000000509
0ff306fb-44a9-3559-e956-8b84c47b8c47,FXF-NHU-loc,412,9fcb771b-d5ff-4e26-b5eb-0cf98af4527b,f,f,0,0,0,1752901655:00000000000000000510
ad457a79-a01e-23d8-5aa0-401e8ff7e958,FXF-RNJ-loc,413,5f31e9be-7522-4534-b272-565406242a34,f,f,0,0,0,1752901655:00000000000000000511
70c8d624-539b-4d5b-0e0e-1c5497d648c1,FXF-QBC-loc,414,e0cc6fba-ccf1-49f4-96c3-26723113fa95,f,f,0,0,0,1752901655:00000000000000000512
f05e8ec3-9e73-b8e3-d1c7-bf321d77b6c1,FXF-OTW-loc,415,534e2c79-9263-4ad6-87e1-1eb4ced2f2fe,f,f,0,0,0,1752901655:00000000000000000513
31a3fe9f-6d2a-3ca6-a207-eec2ee9968f5,FSC-GRN-loc,416,d1f7cba1-db50-49fc-a675-0764734283bf,f,f,0,0,0,1752901655:00000000000000000514
f66d4026-0932-7483-e493-1f3716dfb31f,FXF-HMT-loc,417,2f69159e-021c-4ffd-9f65-2cf7829b27ea,f,f,0,0,0,1752901655:00000000000000000515
7fc4118e-19c2-0a8c-18b0-99cae6ce3ea1,FXLG-XBC-loc,418,d88c0e28-f2d3-4cf9-acde-73969b7b2c93,f,f,0,0,0,1752901655:00000000000000000516
b42d2e1b-1742-7cb1-f5d7-982bb40ac1fa,FXLG-WTX-loc,419,158638e8-7b59-469a-b714-07a9027a844d,f,f,0,0,0,1752901655:00000000000000000517
ede5e0eb-a388-c284-03ae-673dfbbb76d5,FXLG-WIN-loc,420,2c402722-5e10-4962-a69b-8e74d69bbfe9,f,f,0,0,0,1752901655:00000000000000000518
d718b3e4-0d49-3a78-ec1e-26378d9977b5,FXLG-VAN-loc,421,10cb9665-a331-49bf-a233-c253077e8bdb,f,f,0,0,0,1752901655:00000000000000000519
b66ff9bf-ccdb-4737-6bfe-57c9cbb82606,FXLG-TYN-loc,422,00bd7e7c-a637-46f7-9c0a-3d3666ddbce0,f,f,0,0,0,1752901655:00000000000000000520
67099fa3-58f2-cd33-2d97-1fac1e3f462a,FXLG-TUP-loc,423,0d15e4d9-216e-4b30-b403-5575dcb7e925,f,f,0,0,0,1752901655:00000000000000000521
c713b63d-ff9a-3726-9153-5d671b7d3ad0,FXLG-SWE-loc,424,32a1d925-1376-45e2-bf20-16011465eb6c,f,f,0,0,0,1752901655:00000000000000000522
d5534a81-ecfc-c28c-9b0a-d80e8612a6e7,FXLG-STL-loc,425,3d80d3c1-39ef-4226-9672-755d77ebfea7,f,f,0,0,0,1752901655:00000000000000000523
1ded0b7e-98da-afaa-9f7c-772ecc26f925,FXLG-SGF-loc,426,cd8a7a42-d295-4d60-a755-d54a6aef2783,f,f,0,0,0,1752901655:00000000000000000524
02bc7485-c852-a365-c75f-7f4d40940928,FXLG-SFO-loc,427,f963626d-b590-4673-a8ff-c457f0fe3723,f,f,0,0,0,1752901655:00000000000000000525
313438d2-bff2-533f-ae56-27489590fbce,FXLG-SEA-loc,428,d1741fd9-ba14-49e5-8027-86d05ea1e048,f,f,0,0,0,1752901655:00000000000000000526
e30774cd-882f-b80b-06b5-792d256950db,FXLG-RVW-loc,429,a671545f-8df6-4712-af2c-63ddb4fba78d,f,f,0,0,0,1752901655:00000000000000000527
7372e17f-b826-6e92-2a63-a87bba211f63,FXLG-ROS-loc,431,2fe7ced9-a50a-429b-a144-4f36a62ecbbf,f,f,0,0,0,1752901655:00000000000000000528
f6e7de38-ca45-b904-1514-5fc01d535508,FXLG-ROM-loc,432,5efde884-0bc8-4ef2-bada-b1f13d1c9e6a,f,f,0,0,0,1752901655:00000000000000000529
39753d64-2bb7-eb34-dcab-f076378741c0,FXLG-PLR-loc,433,3c502c22-1f91-407d-8a50-385e385c078a,f,f,0,0,0,1752901655:00000000000000000530
e4953af3-02d8-7b5d-6cb7-548b28a1e7b1,FXLG-PHO-loc,434,8b01e7c9-31e9-4fd2-9dfb-e7ea0a64abe9,f,f,0,0,0,1752901655:00000000000000000531
5e6cf6ea-4099-6790-b192-9f4b7e4c26d6,FXLG-HQ-loc,435,ecbd1035-692d-4f24-9f23-8c2920a0e5bb,f,f,0,0,0,1752901655:00000000000000000532
85b7a607-a493-2b72-e01b-5420695bec1e,FXLG-PCY-loc,436,b6753276-c3a6-467f-bce6-423057b719e4,f,f,0,0,0,1752901655:00000000000000000533
3ae3d148-9e0d-8fb1-391c-8bf946b3e790,FXLG-OTA-loc,437,201ac52d-eebd-4e75-a8b4-0a876da90d7b,f,f,0,0,0,1752901655:00000000000000000534
506db87f-3382-4c50-4a0e-2eabdcb3fcb8,FXLG-OSG-loc,438,4c6145a4-5ecc-4d9d-a842-52c7e852a5cf,f,f,0,0,0,1752901655:00000000000000000535
41721f25-928a-c083-feda-b1b97aa75f53,FXLG-NSLC-loc,439,3ac2fde0-6c11-43bd-af1b-ccb724d74a68,f,f,0,0,0,1752901655:00000000000000000536
32fa802a-dcad-ddb8-e6d1-e996912393e4,FXLG-NOR-loc,440,f66896a7-303e-40b0-88c7-07aaece55de9,f,f,0,0,0,1752901655:00000000000000000537
9bb615f3-9aec-4000-5132-f148fdab8930,FXLG-MVS-loc,441,abffca3e-2a81-439f-bd12-1da73f9db887,f,f,0,0,0,1752901655:00000000000000000538
d4fd05ba-84d9-ba1e-ff4d-a4dde8a9b26e,FXLG-MTP-loc,442,33a15129-8d12-4b21-86e6-598929f6d3a9,f,f,0,0,0,1752901655:00000000000000000539
a352d2e9-db80-21b1-4f7d-c3ccffc47c3f,FXLG-MSP-loc,443,fe3edfaa-bf78-4fbc-b90c-330861979d71,f,f,0,0,0,1752901655:00000000000000000540
fd58289a-7023-8f9d-c87e-44dcec1a1a13,FXLG-MMP-loc,444,48f3df54-bbc6-4049-bc9b-95fb5787fc4f,f,f,0,0,0,1752901655:00000000000000000541
02618a3a-dfd1-7bf0-4ec3-2e8fd65f21d1,FXLG-MKL-loc,445,e904954c-646c-49e7-8759-018fc99dd3ce,f,f,0,0,0,1752901655:00000000000000000542
7a058467-bc70-e3d0-6254-9e867698f840,FXLG-MIA-loc,446,a73750e0-64e5-4109-b1f1-0ab80aa71aaf,f,f,0,0,0,1752901655:00000000000000000543
7c52d33e-47dc-d6ff-b309-dddf8e13b156,FXLG-MCA-loc,447,c32243ee-47d9-4002-a401-1d8db4dcf053,f,f,0,0,0,1752901655:00000000000000000544
cf5e15d5-ae17-8a96-42be-f21d58acc592,FXLG-LOS-loc,448,7f66d418-c36f-4142-9ecb-0d1d01121e94,f,f,0,0,0,1752901655:00000000000000000545
6414377e-8216-c0c1-9ade-47151e0b5dee,FXLG-LAX-loc,449,9c70dd16-5c41-4b64-9e2b-2204cf92eebe,f,f,0,0,0,1752901655:00000000000000000546
e86793b7-453a-bc77-a545-151b160ea270,FXLG-LAR-loc,450,1d581042-4517-4069-9734-d6d35a3426bb,f,f,0,0,0,1752901655:00000000000000000547
b4917f18-0e2a-7544-f8a4-99a3f6427167,FXLG-JFK-loc,451,58ce47d3-d20a-45ad-ad3f-d237aa1889d4,f,f,0,0,0,1752901655:00000000000000000548
f6af290b-f841-27b9-ec94-9c084a9d0592,FXLG-JBR-loc,452,2fbe54dd-870e-46ae-884f-c55b7580554a,f,f,0,0,0,1752901655:00000000000000000549
48ebd885-5df4-e76d-fa78-62325970c566,FXLG-IND-loc,453,4b1725fc-8153-4e4a-a09a-99a796f4dc77,f,f,0,0,0,1752901655:00000000000000000550
6b031a6a-2343-56a9-b715-60cadfe23538,FXLG-HRN-loc,454,f195706f-9439-4d5a-9135-5fd7b2851455,f,f,0,0,0,1752901655:00000000000000000551
1e1dc071-890f-4e03-2d5d-a3288aea3216,FXLG-HOU-loc,455,36ed444f-f48a-462c-a5c5-7b70a302a1e2,f,f,0,0,0,1752901655:00000000000000000552
ea086572-6b89-d798-1541-c51f6d9c8112,FXLG-HNL-loc,456,ad3a9a72-d84d-49dd-bc4e-8a9ff0ce15c3,f,f,0,0,0,1752901655:00000000000000000553
ece89ca3-e072-6a4d-05b4-9b1f1faf2e28,FXLG-FHI-loc,457,7f327bc2-501b-4ee7-a81d-1ae08951cf07,f,f,0,0,0,1752901655:00000000000000000554
953692b0-dd32-e3aa-0ab8-3e3cead3d30d,FXLG-ELP-loc,458,3bf59b07-9b1b-424a-94ee-07c95dda16ea,f,f,0,0,0,1752901655:00000000000000000555
13890ff2-f07c-1b05-440c-2a9e144f470e,FXLG-DEN-loc,459,33335b8a-c8d9-4567-ae04-d55896d84ef9,f,f,0,0,0,1752901655:00000000000000000556
0dbdc4a3-dcde-3d0a-e062-ede0fecc9e46,FXLG-DEAR-loc,460,690ed739-c2ad-4732-895d-d20f81ee1a99,f,f,0,0,0,1752901655:00000000000000000557
2c3b4a72-19d2-cb1b-85ba-01a2a71efe54,FXLG-DAL-loc,461,be233751-7d53-4e92-8e09-8a6bd2eddbf5,f,f,0,0,0,1752901655:00000000000000000558
1351daf3-c691-2259-8f7a-4cc06cc4bf7b,FXLG-CPM-loc,463,7fbcfbd1-93f7-4a72-9cde-9e41f708d796,f,f,0,0,0,1752901655:00000000000000000559
5647487e-7260-29f1-4c25-ae55d46b6713,FXLG-COOP-loc,464,2437fb96-f905-4187-8c15-b7f730451382,f,f,0,0,0,1752901655:00000000000000000560
7d437487-96e0-c569-4bd2-bb62a620c70f,FXLG-COL-loc,465,facbd9cc-2825-46a0-8a21-b9887b46deb2,f,f,0,0,0,1752901655:00000000000000000561
864212d3-4505-b26b-6a96-52c0d2cb93ed,FXLG-CHL-loc,466,c562a1fc-6f96-49f2-8299-07f1d1fe008c,f,f,0,0,0,1752901655:00000000000000000562
30351191-723d-688c-efb3-5b2391e36d8e,FXLG-CHI-loc,467,2ff6fe94-ec73-4659-8d43-478a54637e58,f,f,0,0,0,1752901655:00000000000000000563
206db053-7ea6-ee1a-7121-2079af44e851,FXLG-CHA2-loc,468,6efb4a9d-e47f-4164-b8bf-813d6da0f3ff,f,f,0,0,0,1752901655:00000000000000000564
04708b22-7dcd-2f33-c8ad-18d29467c414,FXLG-CHA1-loc,469,addcef52-3c60-40c2-944e-c4753777f2e3,f,f,0,0,0,1752901655:00000000000000000565
cf71c492-9d03-b7e9-3c14-4ff53622319a,FXLG-CCT-loc,470,fad93bc7-fd62-438c-bd50-933590788f5e,f,f,0,0,0,1752901655:00000000000000000566
a44b120a-ba71-c76e-d148-b99cef089149,FXLG-BRN-loc,471,b7dc3d0f-919a-4a1b-bcba-0592f48ab9f5,f,f,0,0,0,1752901655:00000000000000000567
9af3b544-4695-0a70-4c8d-1d1975c29570,FXLG-BOS-loc,472,6397cafe-d8d5-4bd9-afb8-6b42f332c6ef,f,f,0,0,0,1752901655:00000000000000000568
ae91f367-2795-6373-abd9-cee50249570b,FXLG-BLA-loc,473,02f502d7-b42e-4512-952e-8bb1e48b8a92,f,f,0,0,0,1752901655:00000000000000000569
6c51cace-913d-84a2-ed6b-e04b2dbde1ea,FXLG-ATL-loc,474,de923955-0b2a-43e5-8e50-cc1cafc6f60f,f,f,0,0,0,1752901655:00000000000000000570
b527de2f-3297-e4d6-fb8d-728277daf81b,FSC-KIND-loc,475,dbf7776c-c39c-4631-aa48-78e2b41d3e9e,f,f,0,0,0,1752901655:00000000000000000571
637760c5-ee13-d344-0f2d-c5b8e7085c6c,FSC-HQ-loc,476,f4378425-71bd-47c5-89e0-1e8b398809b4,f,f,0,0,0,1752901655:00000000000000000572
f5af345c-9b3d-f070-e086-39ca60c49bae,FSC-HIXS-loc,478,4a8cc93a-4db2-465a-9fec-ed5c6f65d7cf,f,f,0,0,0,1752901655:00000000000000000573
6528bcce-0431-4e95-90c5-a7a4d14a9f25,FXF-NDV-loc,479,55d1cb48-3a61-4704-aef2-c3a3612e8011,f,f,0,0,0,1752901655:00000000000000000574
8c6f609f-b04e-8094-107c-a126e97a9a21,FSC-MDX1-loc,480,bfe1dad6-b6ef-4f2e-b48c-709210e03406,f,f,0,0,0,1752901655:00000000000000000575
27db4543-9f29-34f0-7f93-3bd7953b08a6,FSC-STRK-loc,481,76e168dc-c121-4081-ad8b-e6f955c878e7,f,f,0,0,0,1752901655:00000000000000000576
f9c55ded-6e89-8913-9dc7-a18a71221197,FSC-HARZ-loc,482,36cba2be-910b-4e77-b1df-21bf9a21c3f7,f,f,0,0,0,1752901655:00000000000000000577
b03486ea-6639-a2fb-2667-5ee55ca7439a,FSC-SEAR-loc,483,3bed77b8-bd71-4ff2-9837-9ceb0f31349d,f,f,0,0,0,1752901655:00000000000000000578
ff517256-355b-d258-6dd8-69efe02eadbb,FSC-MEMT-loc,484,fedac50b-bb52-4ea7-930f-d4c2abdab123,f,f,0,0,0,1752901655:00000000000000000579
e4db572e-74bb-a3a4-64b0-e0d9e0f2ef7e,FSC-CMOP-loc,485,c0a28053-fe1c-4821-a590-af49f2c4036b,f,f,0,0,0,1752901655:00000000000000000580
c99f2d85-c7c7-e77e-4076-33975d06c66c,FSC-ULJV-loc,486,1aac737c-9bed-41c1-b830-5804b0fc320a,f,f,0,0,0,1752901655:00000000000000000581
960c4461-bd85-08df-915e-1f7fce0d0a84,FSC-AMPL-loc,487,52e193b0-4678-4be7-8905-e4dec9629229,f,f,0,0,0,1752901655:00000000000000000582
07b543c0-9d3f-7e97-6432-afb9dffd8159,FSC-AIR-loc,488,b1df316b-413f-433d-9645-bd5dc46bb48d,f,f,0,0,0,1752901655:00000000000000000583
824ca7fb-1b91-553c-573d-e4abc3ac574a,FSC-ULIL-loc,489,d91e9fee-afb3-4710-a440-315ec55e258b,f,f,0,0,0,1752901655:00000000000000000584
fbd55409-c79a-6958-4cd8-a70daa7fb663,FSC-BAYR-loc,490,9402cc4a-17dd-464a-b0a0-6b51b5254394,f,f,0,0,0,1752901655:00000000000000000585
fb9a9a44-522d-0900-9a83-400ab79da193,FXF-CBR-loc,491,f4f233a9-f6a4-42e5-b401-19d7f7dac14b,f,f,0,0,0,1752901655:00000000000000000586
9b7ae2ca-a724-eb07-0e4d-31044b9332c0,FSC-GWIN-loc,492,12cde752-5a2a-4b52-9f33-ed6b22d256b0,f,f,0,0,0,1752901655:00000000000000000587
a5b1a070-1788-4dc5-5d37-967d3f1650bc,FSC-DELO-loc,493,c84dd62d-398d-4086-a8d6-df52868cca49,f,f,0,0,0,1752901655:00000000000000000588
091c283a-dba6-993a-e3f8-76f6cad3656e,FSC-KLOH-loc,494,23652f13-fd30-4b48-932d-5535d74d53df,f,f,0,0,0,1752901655:00000000000000000589
75427466-61a6-b8cf-ca4f-30db7961c14a,FSC-ARGA-loc,495,33cd5ea4-bb8e-4c7c-b34a-1c0b16c9151d,f,f,0,0,0,1752901655:00000000000000000590
7bf974f2-86e7-725d-453a-a230df3aa1e1,FSC-PLPA-loc,496,9a0d74ed-3624-4b3b-98e2-c5a30da8c26b,f,f,0,0,0,1752901655:00000000000000000591
2f755b20-3bd4-e42e-bb97-3a2244ee133f,FSC-TRPA-loc,497,9abab5cc-6597-40b2-9cad-c8550be73c23,f,f,0,0,0,1752901655:00000000000000000592
c7fb4f00-58d3-4dd7-389f-0f6ded9b0bd2,FSC-FDSC-loc,498,272398fe-9ec3-4d52-949a-d130a3e3419e,f,f,0,0,0,1752901655:00000000000000000593
3a72fdfb-88ae-8ae2-1078-70e268e64809,FSC-WGPA-loc,499,06e6fa03-e6f7-469a-859e-8bb3809ee5df,f,f,0,0,0,1752901655:00000000000000000594
7473f0d8-9ea3-078e-f01b-662498fdd165,FSC-VZIN-loc,500,5bbcef14-cf4f-4a2f-84ed-ad6a325a3304,f,f,0,0,0,1752901655:00000000000000000595
1bb774a3-58e0-4e6e-4a90-24d048e74aea,FSC-PLOH-loc,501,31db940c-441c-4f9a-a3f3-4afafb1ffb86,f,f,0,0,0,1752901655:00000000000000000596
4bf9a738-b0b6-4045-9b8b-874e7aa541fa,FSC-PTOH-loc,502,763af9ae-d06d-4a1a-84cb-33874471fc35,f,f,0,0,0,1752901655:00000000000000000597
d907ffe4-77f3-be4d-0346-7fd2e3b8f4e7,FSC-KLNV-loc,503,abfa44a4-14d0-4336-80fd-c4565cbb758a,f,f,0,0,0,1752901655:00000000000000000598
1d2c058e-3f22-4fd0-dee6-27bde806a063,FSC-CPAZ-loc,504,7d713fbf-214e-4138-9f6f-2d93c6c345cf,f,f,0,0,0,1752901655:00000000000000000599
0c4404cb-849e-5b4b-8608-69be02f6171c,FSC-FDCA-loc,505,6b846ae1-09e9-4ba8-9a3c-5059a1fb15c6,f,f,0,0,0,1752901655:00000000000000000600
610c8487-2be0-c649-e453-211c284991d3,FSC-HYCA-loc,506,362c4962-b5b6-453e-8d06-19aebd34bf53,f,f,0,0,0,1752901655:00000000000000000601
e995e1f0-d021-59a6-3c12-89b7b989ced1,FSC-KNCA-loc,507,f6ffb0b5-8ba4-4fef-959f-65a593b8df24,f,f,0,0,0,1752901655:00000000000000000602
78ba1e97-e541-33cc-8403-0ec75d55c761,FSC-PLCA-loc,508,f4c41bc6-5603-4d36-b30a-f8d08c2ce851,f,f,0,0,0,1752901655:00000000000000000603
9b5ce6ce-805c-1b0c-3e11-b5e7afe1cc1b,FSC-RKCA-loc,509,1690e917-451e-4921-a507-9352b5bb62b5,f,f,0,0,0,1752901655:00000000000000000604
cb4942a5-70b5-9df0-e4ea-bc6c38c5a079,FSC-DELB-loc,510,9a022cc1-137f-4277-bc6a-53aed020a68e,f,f,0,0,0,1752901655:00000000000000000605
fd070d04-5d56-ca14-86f1-a4c39a28983c,FSC-GBWI-loc,511,66ca5a7f-0dbf-437e-afa8-d1e19bf33130,f,f,0,0,0,1752901655:00000000000000000606
6dfc4d63-3dd0-7762-680f-55ef9cc6b36c,FSC-FTWG-loc,512,bffe9c7a-c407-4ad7-bc1c-3f466ef26c69,f,f,0,0,0,1752901655:00000000000000000607
d198d5de-b6f8-7bc7-6e4d-42417186975c,FSC-FTWN-loc,513,6c972496-a163-433c-9755-eb1745a86097,f,f,0,0,0,1752901655:00000000000000000608
42e139c0-de73-924d-3652-1a00c9221536,FSC-FTWS-loc,514,da2469a0-9cd4-48f3-963d-7eb433e72205,f,f,0,0,0,1752901655:00000000000000000609
3ebf7959-1098-31be-e4dc-dd88672efa3e,FSC-JTCA-loc,515,3378ca72-6b9e-4389-b771-64f894902b40,f,f,0,0,0,1752901655:00000000000000000610
ab191ecb-c009-ddb0-fd69-e1e4fc6ae617,FSC-MDMS-loc,516,1e733746-3c1c-42b1-b409-7765fba14b74,f,f,0,0,0,1752901655:00000000000000000611
ba7266f9-1936-230c-2bf5-ed7a6aea2fd9,FSC-TMTX-loc,517,4070d0be-88e1-4358-b291-c09e4c3731c2,f,f,0,0,0,1752901655:00000000000000000612
ec6bd08d-a464-a635-ea9c-269efb8defca,FXF-WPX-loc,518,6d75cb6d-a6e3-41ff-8dbc-89b2d1071707,f,f,0,0,0,1752901655:00000000000000000613
c5e56901-228b-dd08-38ab-57c1069b7959,FSC-MTSR-loc,519,26d41cb9-ede3-4ccd-99a5-6f2cf075fbad,f,f,0,0,0,1752901655:00000000000000000614
d7eee789-35c0-5cbf-7f20-c4b5a2de9818,FSC-CPTS-loc,520,e4d12abb-b38b-424a-9ef9-5a9950bb35c2,f,f,0,0,0,1752901655:00000000000000000615
111bbefa-07e3-4e75-6564-7c76c666f4d0,FSC-UCIL-loc,521,f82d8cf9-faf5-4911-bb7d-f7f506b1e4a9,f,f,0,0,0,1752901655:00000000000000000616
66c5f835-1093-bcb4-63d0-10eb4d2ff50e,FSC-USCC-loc,522,ebadd457-d684-4af5-a559-14857951de73,f,f,0,0,0,1752901655:00000000000000000617
8dfc6903-188f-d74e-75c7-f09fce9f16fa,FXF-WNZ-loc,523,110bab7f-77dc-4850-9c90-9365e1c7f5ef,f,f,0,0,0,1752901655:00000000000000000618
09cd74a3-7f8b-0a55-b753-44593f0b2212,FXLG-CHR-loc,524,ac94776f-a95c-4389-bc9c-78e3b31fa23a,f,f,0,0,0,1752901655:00000000000000000619
653585f6-f526-13c4-ca5e-09ec3e16c65e,FSC-CDC2-loc,525,e2739b22-6430-4663-80da-bf611092a049,f,f,0,0,0,1752901655:00000000000000000620
fee42086-f932-b9da-a5c2-35d6c509eef9,FXF-LVW-loc,526,c701f66d-01ba-4940-95c4-a24ba8ca8be2,f,f,0,0,0,1752901655:00000000000000000621
aac46a90-819b-aaec-dc62-ba299c3ff136,FXF-PER-loc,527,5a1beb37-1eea-4845-b70d-2fefb452671a,f,f,0,0,0,1752901655:00000000000000000622
ee71959c-0957-fac0-822c-bac2c3e002c2,FSC-MONG-loc,529,c8d5c91a-d4a0-4411-8c9c-51967badcde6,f,f,0,0,0,1752901655:00000000000000000623
4e8361ad-a1ba-7006-2c0a-e28df40343f3,FSC-HALM-loc,530,9000e005-3116-4c05-ba34-b0d020991557,f,f,0,0,0,1752901655:00000000000000000624
667c0a0b-6e5e-7690-fa61-ae76e7d90a79,FSC-CRAP-loc,531,40a23a78-e5a9-4ab0-abf8-d0cc7490a704,f,f,0,0,0,1752901655:00000000000000000625
2d758838-1aa5-fdcf-0e07-f587e0129496,FSC-COMS-loc,532,c79ca2c0-2367-483e-a2b0-f833ff513dc8,f,f,0,0,0,1752901655:00000000000000000626
a237d928-8ff4-1219-eda1-74e50312e606,FSC-CPMA-loc,533,7cae01f3-9f3f-4444-823e-578200c187bb,f,f,0,0,0,1752901655:00000000000000000627
d811c27b-cb0f-b2fe-0082-36576bd211d1,FSC-CPTN-loc,534,04088b11-914c-4dc9-a02d-3062561a8dd8,f,f,0,0,0,1752901655:00000000000000000628
911c69dc-2851-5fe5-f151-07426253ae07,FSC-CPSC-loc,535,fe2f3110-e472-4752-9888-d9feb520140d,f,f,0,0,0,1752901655:00000000000000000629
cf632950-8d81-1481-944b-6befe0430564,FSC-CPKS-loc,536,8ee5822a-eea3-4ff0-bd14-e6da35836cab,f,f,0,0,0,1752901655:00000000000000000630
b0978f08-342f-d8bb-0908-fca16c870c34,FXF-CDS-loc,537,cdcd37ce-8323-4105-b59a-21ed34c69f2d,f,f,0,384,384,1752901655:00000000000000000631
4ace7dd1-35b2-45e4-bafa-9a0d70b8657e,FXF-NJX-loc,538,4e8adf4f-ef31-4b48-a58f-dd8f272f90fd,f,f,0,0,0,1752901655:00000000000000000632
0c0ca753-4793-bab4-38ca-f5b1fcbaed48,FSC-SCHQ-loc,539,9e63e0c9-b1d9-456a-9fe8-0906d4a87876,f,f,0,0,0,1752901655:00000000000000000633
84f947c3-76ec-39e3-3611-defd621572ed,FXE-FIELD-A-BCBVM-loc,540,f6524765-626b-40e0-9155-a47c063edc09,f,f,0,0,0,1752901655:00000000000000000634
dccda14a-0e28-749c-8a7e-ba348fac8d24,FXE-FIELD-A-TULR-loc,541,c17fac5d-6c0d-4e11-b4f4-086008f38795,f,f,0,0,0,1752901655:00000000000000000635
c8be2c08-559c-0480-781e-fea3b76815ce,FXE-FIELD-A-OAKR-loc,542,002cdc49-da03-43d3-bc8a-7726e18b5afa,f,f,0,0,0,1752901655:00000000000000000636
aecaa3ad-ddc8-9395-3224-6ff3d0334e60,FXE-FIELD-A-MIAR-loc,543,81fc8b7d-a396-4cec-a7c1-074cfdb90161,f,f,0,0,0,1752901655:00000000000000000637
5a4ff5e0-acc2-2c0c-6128-0ffad0ff88b0,FXE-FIELD-A-BWGA-loc,544,a9e9742e-122f-4f05-be43-550a1287ac4e,f,f,384,-1,0,1752901655:00000000000000000638
8a0b1c46-f6a3-66bf-0bbe-f4c92da10659,FXE-FIELD-A-HHRA-loc,545,f7928e66-d9f1-4246-8713-fe8e5083b359,f,f,0,0,0,1752901655:00000000000000000639
2642f9fb-e20b-6d06-1958-026b7fdea14e,FXE-FIELD-A-TESTVZB-loc,546,49cada38-8fc9-4fc2-b241-27fdf824ce6e,f,f,0,0,0,1752901655:00000000000000000640
29f4fb3a-1e60-7255-4bde-5d8317a3365c,FXE-FIELD-A-NIRA-loc,547,e4b7e213-18da-40c6-95fe-5b6078294dc8,f,f,0,0,0,1752901655:00000000000000000641
554e5c34-04fb-387a-f49f-0ae6833cfba6,FXE-FIELD-A-CRWA-loc,548,60214805-c674-485d-aae0-ad60e474799d,f,f,0,0,0,1752901655:00000000000000000642
97e952eb-0337-3947-9471-fa7a39cbf9f3,FXE-FIELD-A-BURA-loc,549,8a4b55c4-0914-4e4f-b0e3-64c184b4618f,f,f,0,0,0,1752901655:00000000000000000643
1ff6e024-62b9-7cca-b056-b3a22135ce6e,FXE-FIELD-A-PITAV_loc,550,8ea0e07c-2b4d-4a98-8740-8607563f8e92,f,f,0,0,0,1752901655:00000000000000000644
10cbd959-63ba-2f9b-61bf-c56db95c4058,FXE-FIELD-A-COSDC-loc,551,be6b5440-d55f-4ddf-aa81-b559e704b36b,f,f,0,0,0,1752901655:00000000000000000645
022b5166-e071-7134-45d3-f1042e7c0797,FXE-FIELD-A-BWDA-loc,552,91cdf636-9e88-4577-9292-f68e7fc8d29c,f,f,0,0,0,1752901655:00000000000000000646
43ff25c4-9f98-8eec-3c3c-9d53ea317111,FXE-FIELD-A-ATLR-loc,553,1bef41be-1dc6-4971-a46b-536269e7ba66,f,f,0,0,0,1752901655:00000000000000000647
a4741b74-d408-c106-43d0-72585711a899,FXE-FIELD-A-LAX200-loc,554,6790f38b-9ca4-4e59-9220-a7a7e2137927,f,f,0,0,0,1752901655:00000000000000000648
0a9faf3c-2df6-6a17-a9a2-a5e49d1c1339,FXE-FIELD-A-GRRR-loc,555,01f61297-4d37-4cd9-bb49-ab21dcfa109b,f,f,0,0,0,1752901655:00000000000000000649
0c27f8c5-d5aa-6faa-7f20-abed05a4d261,FXE-FIELD-A-BLMA-loc,556,83e38f17-b128-4849-9193-901f72e48350,f,f,0,0,0,1752901655:00000000000000000650
a7f2905f-e34b-9965-265b-e49147e3f3b6,FXE-FIELD-A-STJSC-loc,557,0499b20c-0c24-401c-99b3-106f68b63b1f,f,f,0,0,0,1752901655:00000000000000000651
d84837f5-9cfe-0030-33d2-480b286dc14d,FXE-FIELD-A-WYGA-loc,558,80a63c33-34f1-4b4c-8ee9-634f183542bb,f,f,0,0,0,1752901655:00000000000000000652
fabb6c96-d3d9-0abf-652e-57489a50cedc,FXE-FIELD-A-APGA-loc,559,ff469374-811b-4603-b1eb-1d3a84214966,f,f,0,0,0,1752901655:00000000000000000653
4ff384a7-8a1a-1ff0-b480-e46340f2080d,FXE-FIELD-A-BMIA-loc,560,25255a14-5219-44c9-9411-15d28c6ce98a,f,f,0,0,0,1752901655:00000000000000000654
26ff2af2-050e-59aa-c112-0eec62410711,FXE-FIELD-A-IYKA-loc,561,d88290f7-078b-405c-8c3a-a29beb9a25cd,f,f,0,0,0,1752901655:00000000000000000655
a62ce972-a76d-63fe-986e-b6c8a9d257ea,FXE-FIELD-A-SIKA-loc,562,e42c6aa3-0dd1-4f92-93c0-0c5e9ad8a9e1,f,f,384,-1,-1,1752901655:00000000000000000656
ca5f0b6c-0c62-e4e8-fbc7-fa3bd3c01d10,FXE-FIELD-A-MFDA-loc,563,b0230a89-ad04-42e0-b4f7-49518a76d189,f,f,0,0,0,1752901655:00000000000000000657
ac3b3140-9778-7919-8b88-9d558221abf9,FXE-FIELD-A-OLVA-loc,564,07952900-efc2-4e46-952e-a921b4fbbbfb,f,f,0,0,0,1752901655:00000000000000000658
58c332a2-ecf5-ce6c-ef20-05b5fab7881c,FXE-FIELD-A-LAXIP-loc,565,9824a509-be3e-4ce7-b80a-f567ad310d62,f,f,0,0,0,1752901655:00000000000000000659
a61436f7-2d30-1984-db8f-d3805fdc91ee,FXE-FIELD-A-CDWA-loc,566,e4307a14-32ea-4076-b7b9-50755f95a5b5,f,f,0,0,0,1752901655:00000000000000000660
ab5026df-6f4d-5155-e669-9d3dd04cde3f,FXE-FIELD-A-SCKA-loc,567,c4769f29-9cae-483f-b0bb-3b04727d4497,f,f,0,0,0,1752901655:00000000000000000661
7745b64e-89d9-31fa-8873-6a35b140e0a9,FXE-FIELD-A-ABYA-loc,568,7bfbba4e-b07f-4efd-b824-c52d1d571d91,f,f,0,0,0,1752901655:00000000000000000662
64318796-ad57-6d25-7421-e8742abc165b,FXE-FIELD-A-SGRA2-loc,569,275bbeb6-4703-46e6-b7f2-98d4c0fb2213,f,f,0,0,0,1752901655:00000000000000000663
eb8d6ba6-574e-a0ce-1274-d4eb9d6d49eb,FXE-FIELD-A-SSIA-loc,570,0925b028-18f7-4092-b740-b7b2fb2ed009,f,f,0,0,0,1752901655:00000000000000000664
f24ac3ce-5eb3-aa22-f033-8bc5769f2dfe,FXE-FIELD-A-LBFD-loc,571,b5aadb58-d1d3-4156-b65e-c1696aab36dc,f,f,0,0,0,1752901655:00000000000000000665
649c187e-da7d-6a64-9a9e-5cf0f4caeed6,FXE-FIELD-A-IAHS-loc,572,046f027b-cb19-497c-947c-0409c92797c3,f,f,0,0,0,1752901655:00000000000000000666
af770e1b-1e33-7870-9ef1-d4bba3e7a0cd,FXE-FIELD-A-MLBA-loc,573,9bb3d862-b94c-4574-a03c-e6811471fc21,f,f,0,0,0,1752901655:00000000000000000667
adad43af-f5ed-8156-1b80-c0d5902c951f,FXE-FIELD-A-CVGA-loc,574,ff97698f-c46e-4c8e-bb75-ef0afb48bdb6,f,f,0,0,0,1752901655:00000000000000000668
d5f57f03-7d46-d679-4178-2537771de623,FXE-FIELD-A-THVA-loc,575,9bed9556-c66d-41e8-9193-dbc64decbb95,f,f,0,0,0,1752901655:00000000000000000669
417c95bf-a433-c81c-8553-be8fcb4504bd,FXE-FIELD-A-CLEA-loc,576,6df3923b-694a-4246-a9b1-16cfa3450260,f,f,0,0,0,1752901655:00000000000000000670
360d08ca-a5c2-8856-8563-c8f06a8005ff,FXG-FIELD-1756-loc,577,db65abeb-3ed3-46ca-a8dd-de74e0c0b539,f,f,0,0,0,1760995087:00000000000000001634
efbaa49d-5204-9688-f84a-bdc1aae79369,FXE-FIELD-A-APFA-loc,578,3d7eac98-18d8-4ae2-b683-14c5062906d4,f,f,0,0,0,1752901655:00000000000000000672
d1d00374-0250-6126-af4d-000d016e0b3c,FXE-FIELD-A-INDCA-loc,579,e2a5398b-dd2e-4db1-91a0-daf9af68549b,f,f,0,0,0,1752901655:00000000000000000673
5c90f55c-142d-8b58-7344-9cbeb7252d60,FXG-FIELD-1286-loc,580,5c9fb08a-c16e-4d63-bda0-b1f5cfef228f,f,f,0,0,0,1760026219:00000000000000001624
371ad8e5-05d7-a4f3-31bd-9cda342cf0e4,FXE-FIELD-A-BOFA-loc,581,d7584f1e-ccb2-4f52-9d81-aa940f2d12ad,f,f,0,0,0,1752901655:00000000000000000675
a51b48c1-3177-c0af-1f49-8ca30575f22b,FXE-FIELD-A-UINA-loc,582,9ccfa571-996a-4af1-ac05-a119c49c2499,f,f,0,0,0,1752901655:00000000000000000676
6a9da7da-c40c-d6f9-47f6-e377a17c60cf,FXE-FIELD-A-LIHA-loc,583,d36f0a2a-7471-4adb-96e8-4f565b1cd427,f,f,0,0,0,1752901655:00000000000000000677
60275054-1a4c-3109-7f42-7d411abb6807,FXE-FIELD-A-CSNA-loc,584,b5afd593-5f20-4790-97e7-ac974287dd88,f,f,0,0,0,1752901655:00000000000000000678
e2594d3d-598c-f3c9-9896-84c0b797cda6,FXE-FIELD-A-WALA-loc,585,1004a7d3-a23b-49b5-9ec3-ecc285249888,f,f,0,0,0,1752901655:00000000000000000679
f0d3fd66-d134-27dd-9807-35990b186640,FXE-FIELD-A-DALA-loc,586,e68ed395-ccfc-4b24-a883-a2303665df0b,f,f,0,0,0,1752901655:00000000000000000680
d4c254d1-7788-7ec2-667e-108714aeb122,FXE-FIELD-A-DFWVK-loc,587,859bc755-11b1-41e6-b36e-78a5304447f7,f,f,0,0,0,1752901655:00000000000000000681
1dcc859c-b462-f613-38ba-b57b2a638e9b,FXE-FIELD-A-SYIA-loc,588,52e780be-6604-4b2b-b331-ec9fd311be39,f,f,0,0,0,1752901655:00000000000000000682
c879b783-39a2-6f45-832a-2ce72550510b,FXE-FIELD-A-PUBA-loc,589,17fc0d41-91d7-4f7a-9cb8-da5590a8437e,f,f,0,0,0,1752901655:00000000000000000683
3f385e7a-61e3-4010-978d-6cd84d30fffe,FXE-FIELD-A-MSPR-loc,590,69c895ab-eab1-4dab-b524-20f05be8b9bc,f,f,0,0,0,1752901655:00000000000000000684
d1b034e2-1ec4-12c5-49e7-2a32a32e6699,FXE-FIELD-A-FATA-loc,591,48cec056-efb0-41e7-b128-eb7e12f57390,f,f,0,0,0,1752901655:00000000000000000685
4c0a6f74-ef74-05c6-e8de-454b83d04933,FXE-FIELD-A-ISMA-loc,592,a0b09aae-0980-4764-82c8-e3d9e158446a,f,f,0,0,0,1752901655:00000000000000000686
bb3904f0-039f-5f60-4ba0-69e6e4653969,FXE-FIELD-A-SBAA-loc,593,3a25a3e7-257e-43b4-acc2-64452f9310bc,f,f,0,0,0,1752901655:00000000000000000687
2e6f9985-8bb5-46a5-bfcc-e6ae94a62b82,FXE-FIELD-A-GXYA-loc,594,1e9b63ea-6049-4e18-92d8-67a4cac42fa3,f,f,0,0,0,1752901655:00000000000000000688
008644ae-8550-b812-01ba-eebec1eca1dc,FXE-FIELD-A-SGFA-loc,595,83a4a700-f107-472c-98a1-f77c87b74a3b,f,f,0,0,0,1752901655:00000000000000000689
a944a0af-0b27-953b-1764-56ff6c4b1724,FXE-FIELD-A-ARBA-loc,596,8e492d8c-91dd-4f47-87e1-ea678858073e,f,f,0,0,0,1752901655:00000000000000000690
0e6abc00-354b-4efe-8bb9-f77a67160cc4,FXE-FIELD-A-RDUA-loc,597,96bc9d9b-8027-4c19-ab17-266d36123944,f,f,0,0,0,1752901655:00000000000000000691
e2497dc6-32ac-ca41-78a3-db007d84f9a9,FXE-FIELD-A-ILMA-loc,598,220ad549-2215-41fb-ad94-77f07f72fe90,f,f,0,0,0,1752901655:00000000000000000692
c90ad47b-2a68-cb4c-dc97-428da56d86e7,FXE-FIELD-A-GAO-loc,599,da869f9d-70b0-4c2a-9960-f2b9a04e3566,f,f,0,0,0,1752901655:00000000000000000693
6d72f9ec-372c-d4c1-38c4-628d3b03df80,FXE-FIELD-A-BOIA-loc,600,c5574ae4-aa47-440c-9e7f-bdf885137686,f,f,0,0,0,1752901655:00000000000000000694
79d94109-5d22-c931-62cf-d2b377193db6,FXE-FIELD-A-loc,601,f86866a2-a3fb-46f6-b03f-7e6e64cd0622,f,f,0,0,0,1752901655:00000000000000000695
a01a6820-267f-c97b-1fa6-77a390ce61d3,FXE-FIELD-A-NYCSL-loc,602,c9664040-7f4f-44b2-a97a-5405caf0d58c,f,f,0,0,0,1752901655:00000000000000000696
22b92fb1-713c-145d-6765-494040a84d07,FXE-FIELD-A-CHSA-loc,603,557780a8-3ecc-4a61-8ce8-54f2a63a6e57,f,f,0,0,0,1752901655:00000000000000000697
c13167a0-234c-d952-7622-d0f53f66e93d,FXE-FIELD-A-SBSA-loc,604,85ca1e8b-5b79-4993-b51f-3a8570f579c6,f,f,0,0,0,1752901655:00000000000000000698
d1f0435d-f0b9-d762-babc-292b2642d650,FXE-FIELD-A-LGAA-loc,605,43175cba-6d11-4ebf-8115-2219b8840f0b,f,f,0,0,0,1752901655:00000000000000000699
e7dbc6e3-e0f7-b131-3a00-9ba618792713,FXE-FIELD-A-GCKA-loc,606,f4d15af3-5766-4ec5-a124-8ac208ace70d,f,f,0,0,0,1752901655:00000000000000000700
75d5bf58-1fe9-ff82-c0fa-19e6ae1baea1,FXE-FIELD-A-SMFA-loc,607,3b086e2d-045f-45bf-b529-4aeb22445349,f,f,0,0,0,1752901655:00000000000000000701
cbbbc3a1-3f52-1918-ceac-ac72209870f5,FXE-FIELD-A-ZMLA-loc,608,db9ebc7f-0962-4f8f-89a1-0c008dabc904,f,f,0,0,0,1752901655:00000000000000000702
0e35049b-742f-ec83-3a78-9461d63f0a6d,FXE-FIELD-A-RLAA-loc,609,c26821f0-86b6-4dfd-94e8-5ecd5bd4168e,f,f,0,0,0,1752901655:00000000000000000703
2eb68593-94c9-6f9d-5f4d-b2c72f912771,FXE-FIELD-A-APVA-loc,610,e0c32d36-b8c6-4703-af57-1ad7e215abd4,f,f,0,0,0,1752901655:00000000000000000704
c7c6437d-e546-df1e-93c4-313ef8b94fb4,FXE-FIELD-A-AOOA-loc,611,98ad37c2-da2d-4225-8849-639fe9c92db8,f,f,0,0,0,1752901655:00000000000000000705
23c557d0-5992-c0fb-ff73-6454260eebcd,FXE-FIELD-A-TYRA-loc,612,3db245c2-2331-48fb-867f-e1590068c1ec,f,f,0,0,0,1752901655:00000000000000000706
d96e1d71-b989-8af5-56b7-f559a5b8d219,FXG-FIELD-A-0517-loc,613,f6bf0952-1068-432e-90b6-4b35d9af9b49,f,f,0,0,0,1760373634:00000000000000001629
1a2b83b9-20a9-a380-d61f-6993873a4559,FXE-FIELD-A-FAX-loc,614,4733609a-90c3-4ce5-a887-4f9b1014ca9d,f,f,0,0,0,1752901655:00000000000000000708
8efc8558-7f42-9d57-53e6-881108abfb5f,FXE-FIELD-A-ATYA-loc,615,d10d5313-2bed-48f8-b22c-82a13a4cff9d,f,f,0,0,0,1752901655:00000000000000000709
55528fd0-b2bf-3ede-e89a-4582d7b1b74e,FXE-FIELD-A-LVKA-loc,616,22cb37f3-6ef5-4fcb-8ee2-ace92a3d08dd,f,f,0,0,0,1752901655:00000000000000000710
a438e058-d8e4-cf21-81ea-4795993507a3,FXE-FIELD-A-CLLA-loc,617,5cd91cb2-2afa-40c2-bb23-4c0f5077acc5,f,f,0,0,0,1752901655:00000000000000000711
72e30335-de65-61cf-204c-ce2ffc4f0e05,FXE-FIELD-A-BJAVM-loc,618,ff487cb7-c4f1-4769-934f-f1b2c51226e6,f,f,0,0,0,1752901655:00000000000000000712
8b407e46-cfda-03e7-1752-b76c0b759357,FXE-FIELD-A-SYRRT-loc,619,4b6b6376-7ebc-4e73-a5c2-18d835909bab,f,f,0,0,0,1752901655:00000000000000000713
b15b9903-c1ca-a885-8435-09d6bad81966,FXE-FIELD-A-BNAA-loc,620,f13f4a5f-3bf3-4e9d-8fbb-0e0ef5b9bbf8,f,f,0,0,0,1752901655:00000000000000000714
fb5f66a5-b8bc-c34d-8b72-db88a410b4bf,FXE-FIELD-A-INDRT-loc,621,ba7f23d2-0213-4e91-b42b-0cb33f1a3253,f,f,0,0,0,1752901655:00000000000000000715
1740c5c0-7745-84de-e815-5bf59706b3f6,FXE-FIELD-A-PBIA-loc,622,cb6d40c6-f8bf-4a3d-9179-6768b9fbf60d,f,f,0,0,0,1752901655:00000000000000000716
bcaa08ab-4b0d-d880-47e8-aad5edb52850,FXE-FIELD-A-CPSS-loc,623,7dc415be-9b12-493b-b9e7-fc730d5de427,f,f,0,0,0,1752901655:00000000000000000717
c25be800-155b-0a12-fa5a-7cc21b5e0938,FXE-FIELD-A-POCA-loc,624,def9c481-c797-4c69-b47e-d5d27f312a1b,f,f,0,0,0,1752901655:00000000000000000718
982ad304-0aa9-e9ba-a2cc-50830ed32f4c,FXE-FIELD-A-BPTA-loc,625,99c8e707-6863-4a9b-8ff7-e7aa11e3744f,f,f,0,0,0,1752901655:00000000000000000719
ce95b8b7-85c8-e99c-6211-6f30024d7161,FXE-FIELD-A-WWDA-loc,626,d29f2451-1637-4161-8b31-4cfc23ffbcf2,f,f,0,0,0,1752901655:00000000000000000720
07add40c-274c-9294-493b-9ca8d7d5f7fa,FXE-FIELD-A-FMYA-loc,627,5c1d7115-04e2-4163-86b6-b04bc990b885,f,f,0,0,0,1752901655:00000000000000000721
612ecb98-1d64-cb9b-1f85-7731e5a03e36,FXE-FIELD-A-ELMA-loc,628,96d082f8-1df0-4b1a-acc7-191d1f5bc5db,f,f,0,0,0,1752901655:00000000000000000722
7b04e4ed-f2f9-b6b5-598c-765c9669ed11,FXE-FIELD-A-BEDA-loc,629,5410e300-24f5-4e52-afcb-1f97791fa44f,f,f,0,0,0,1752901655:00000000000000000723
d5c686be-671f-bc58-3711-bd096bfe55a3,FXE-FIELD-A-LSEA-loc,630,f48bc2bf-ed27-4b0b-8927-d40c191c4be1,f,f,0,0,0,1752901655:00000000000000000724
8f2cd426-97f4-abbc-2f22-65dec94126cf,FXE-FIELD-A-APNA-loc,631,a75399e9-104b-4f52-bd56-d37bbdfc1c74,f,f,0,0,0,1752901655:00000000000000000725
5f06bc46-32de-7984-c380-a32e440415d9,FXE-FIELD-A-HOTA-loc,632,8d2260c5-f453-44e0-b9e8-7b3ee191932a,f,f,0,0,0,1752901655:00000000000000000726
f6ecafd1-3f82-2fd3-f3fc-a155f2fb45b1,FXE-FIELD-A-SFBA-loc,633,68b2c4f6-2282-4805-880f-9514b636c3f1,f,f,0,0,0,1752901655:00000000000000000727
01836fdb-5891-8ac4-f56f-336631050b09,FXE-FIELD-A-ROGA-loc,634,1df86802-b32e-4b82-965e-298bc3114511,f,f,0,0,0,1752901655:00000000000000000728
8ff8e5ca-8378-555b-3014-ed67c0121cab,FXE-FIELD-A-LLXA-loc,635,fc3b0d51-50be-4e47-aee4-454309a31f57,f,f,0,0,0,1752901655:00000000000000000729
46849344-b126-418a-d3a8-9448d64e7ca0,FXE-FIELD-A-BKWA-loc,636,79597665-51a0-4601-9be6-23624b30d69f,f,f,0,0,0,1752901655:00000000000000000730
c1d163a3-cb08-159e-8c27-b1e5bf86cbcc,FXE-FIELD-A-APAA-loc,637,326cd880-f15f-44f6-8980-68d3adbe0fa8,f,f,0,0,0,1752901655:00000000000000000731
5c45eee6-e500-b595-ab27-61ec54c7d0d6,FXE-FIELD-A-BMGA-loc,638,d1baab6b-7028-4c13-808a-626d7319be34,f,f,0,0,0,1752901655:00000000000000000732
9c39e7d4-8191-4682-449a-092feb410daf,FXE-FIELD-A-GMVA-loc,639,eadb5757-1a26-4468-9f09-0133343e8b6a,f,f,0,0,0,1752901655:00000000000000000733
7cf48be1-d0be-8eda-9c45-2a643fbdb97b,FXE-FIELD-A-CRXA-loc,640,af886361-aff2-46ed-b1be-04dfed1e840e,f,f,384,-1,-1,1752901655:00000000000000000734
cd360d21-30bd-1320-afb1-4837013019cd,FXE-FIELD-A-SYRR2-loc,641,6be7c4bc-59a2-4e9a-bf8e-2ad4d87d9545,f,f,0,0,0,1752901655:00000000000000000735
07a0c85c-c48a-e099-130c-e848570a6282,FXE-FIELD-A-SMFR-loc,642,7f1297da-31a6-461b-91bd-54df7542df00,f,f,0,0,0,1752901655:00000000000000000736
cb79b74c-d3a6-c8b4-fa8c-7370cffbfe2e,FXE-FIELD-A-OKCA-loc,643,f390de33-2b94-496e-a4a0-a6b48c7e811d,f,f,0,0,0,1752901655:00000000000000000737
c5273176-f53b-b124-bd67-b13d0699c0c2,FXE-FIELD-A-BIHA-loc,644,0df1b44c-6e94-4e86-8788-b0414a808d61,f,f,0,0,0,1752901655:00000000000000000738
d584e8f6-06af-dbb0-a06f-949ff35f48f7,FXE-FIELD-A-PHFA-loc,645,cc57405f-6fc1-423d-8ca8-2340c2db0285,f,f,384,-1,0,1752901655:00000000000000000739
51281902-53f1-9d4d-69e2-62b9f07e3bc5,FXE-FIELD-A-LASA2-loc,646,380acd2e-9349-4032-bc14-d0ed3f236941,f,f,0,0,0,1752901655:00000000000000000740
fade7180-d544-876a-9f3a-a6d90703fd63,ORDR_loc,647,c1f46afb-4c86-4b3b-bffa-a6056a96aeb9,f,f,0,0,0,1752901655:00000000000000000741
dec9eafd-56ff-544b-3db9-61c9fd8aaf7e,FXE-FIELD-A-OWAA-loc,648,84a6f8d9-6898-48e0-9c02-5e0aac254581,f,f,0,0,0,1752901655:00000000000000000742
1fe54cd9-ffce-353f-a4f8-c54091e9a3d0,FXE-FIELD-A-FYVA-loc,649,23c36998-9a7e-4a80-9deb-408735f06166,f,f,0,0,0,1752901655:00000000000000000743
eaecc199-b232-237d-db18-60a899bae7d2,FXE-FIELD-A-IDAA-loc,650,a21c1e6a-ca2b-4f1b-aea7-9b16d18ec91d,f,f,0,-1,-1,1752901655:00000000000000000744
bece8c14-6534-5279-33f3-f025a6c6a3f3,FXE-FIELD-A-SYRR-loc,651,1c951326-e291-4c24-876f-e6b4b4cc81e7,f,f,0,0,0,1752901655:00000000000000000745
930148a2-6bd4-09f4-c4fa-64a8111b5124,FXE-FIELD-A-GONA-loc,652,7be433df-589e-4a86-a4c4-35fafb053abd,f,f,0,0,0,1752901655:00000000000000000746
8a2a60b0-e1d8-0a24-139b-e46d1b1eb1a3,FXE-FIELD-A-GEGR-loc,653,5e90f166-9b54-404e-a1c7-ad0138f9f0ec,f,f,0,0,0,1752901655:00000000000000000747
e7e77f0e-c702-04d8-da47-0a27f2cab4fd,FXE-FIELD-A-PNSA-loc,654,4f6051af-c738-4d53-a4dc-0100c207c96d,f,f,0,0,0,1752901655:00000000000000000748
74242bce-915c-78f9-86d7-92606fdc2955,FXE-FIELD-A-PLNA-loc,655,8356a0ed-51a5-4b24-8eae-6ced16572567,f,f,0,0,0,1752901655:00000000000000000749
5502e4da-0d22-8963-5d78-2234095ce877,FXE-FIELD-A-DCAA-loc,656,0a14a15a-deb6-4543-a4f0-a2298ae2896e,f,f,0,0,0,1752901655:00000000000000000750
0be09b7e-f0aa-4185-37fb-8f9a0fd35338,FXE-FIELD-A-ELDA-loc,657,e303bb22-81a4-4cfd-82db-e966cdec9d8c,f,f,0,0,0,1752901655:00000000000000000751
ed081dc4-d190-57e8-25b4-cdc212af78de,FXE-FIELD-A-ARTA-loc,658,b5f3c885-b936-41f1-9c00-4e089949d3f4,f,f,0,0,0,1752901655:00000000000000000752
e272baf2-c45c-f03d-e732-988afa0ea09f,FXE-FIELD-A-GEGA-loc,659,5c8bb8be-bfb5-4c61-b66a-a9e0bc5b5495,f,f,384,-1,0,1752901655:00000000000000000753
5f13c7f7-c3aa-47d6-a0d3-b68959cebf63,FXE-FIELD-A-WMHA-loc,660,0d9e4088-9252-47b7-8833-761c1c5bde23,f,f,0,0,0,1752901655:00000000000000000754
1f6406f5-76b1-0bc3-0939-02a05586327f,FXE-FIELD-A-PTBA-loc,661,f575e708-f34d-49da-94b8-824812b48a1c,f,f,384,-1,0,1752901655:00000000000000000755
40516b3d-6067-b1a3-095b-17c48b508ecd,FXE-FIELD-A-CVGR-loc,662,3649829a-0f0b-4d2d-b5f6-fa38e5eda3dc,f,f,0,0,0,1752901655:00000000000000000756
54021d82-0d06-d8a2-a6a0-1924aa014982,FXE-FIELD-A-TLHA-loc,663,b28c0feb-d32c-42ef-bfdb-29d5f7171fe3,f,f,0,0,0,1752901655:00000000000000000757
3b531071-a255-1c3e-f5ca-94a225a7771a,FXE-FIELD-A-LNAA-loc,664,46b02579-3da5-44f0-b040-88164125e1e5,f,f,0,0,0,1752901655:00000000000000000758
cc116f68-9985-1e76-302b-82f8ca8af756,FXE-FIELD-A-GCYA-loc,665,315b3ca6-9e48-491b-9292-5e70f195c5c3,f,f,0,0,0,1752901655:00000000000000000759
9b6064f1-7a5f-e94c-7a74-29a6c71a42e5,FXE-FIELD-A-ORFR-loc,666,320cd71c-a937-4c84-837f-6601d95c1462,f,f,0,0,0,1752901655:00000000000000000760
299dc86b-1e3b-5ad1-f738-6dbd44c44f4f,FXE-FIELD-A-MWHA-loc,667,c4a2cccf-29fd-46c2-be86-40af8b117726,f,f,384,-1,0,1752901655:00000000000000000761
46fcd519-e6ad-eeb3-e59a-2d95d8ee3406,FXE-FIELD-A-NQAA-loc,668,694c77b6-4425-45d2-8c8d-165efa5cc7c6,f,f,0,0,0,1752901655:00000000000000000762
b6495507-7a68-325d-8c3f-080c82a27924,FXE-FIELD-A-YUMA-loc,669,9ec7b3cc-23b4-4f36-80ad-4d78126342a5,f,f,0,0,0,1752901655:00000000000000000763
c2c2f930-8dbd-dc45-b1a7-efd8a99dc175,FXE-FIELD-A-LALA-loc,670,15d3f3b5-1a93-405a-ba3e-e7e7f7b6aa37,f,f,0,0,0,1752901655:00000000000000000764
d6c8881d-f300-5ecf-9b7d-eb9c461bc9bb,FXE-FIELD-A-DABA-loc,671,f3b7a3a8-b947-423e-8083-f4b92d86f04f,f,f,0,0,0,1752901655:00000000000000000765
15c4d693-533d-c546-dccc-ada36a136a2b,FXE-FIELD-A-ATWA-loc,672,ba924490-add4-46b0-b30e-757e8fadf6d8,f,f,0,0,0,1752901655:00000000000000000766
f5182fb4-1c2a-810d-133c-a2a6c3cc6fbd,FXE-FIELD-A-ITHA-loc,673,2ab5d8e3-1b51-4a8c-907d-eebadb019fc9,f,f,0,0,0,1752901655:00000000000000000767
c2b879f3-7f7a-976d-7385-9461d09012db,FXE-FIELD-A-EKOA-loc,674,8da80e75-3669-46fc-9c0d-490d33c8d89c,f,f,0,0,0,1752901655:00000000000000000768
59e137f9-3e5d-ac98-8d1e-591de34ceba6,FXE-FIELD-A-DELEG2-loc,675,43b2c72c-f573-42da-9907-3768d65586bf,f,f,0,0,0,1752901655:00000000000000000769
4aba898d-2d47-4060-4a9a-57583ed18ae3,FXE-FIELD-A-CLMA-loc,676,71663c22-5844-4c0a-a61d-b3eba80171d4,f,f,0,0,0,1752901655:00000000000000000770
c0041456-7df8-7650-df16-a29954f33e6f,FXE-FIELD-A-OMAVMX-loc,677,fd21e6ee-1554-412f-9604-345e29efa054,f,f,0,0,0,1752901655:00000000000000000771
c2a85d0c-afa7-ee3f-c7ff-9fce60b76e4c,FXE-FIELD-A-ORFR2-loc,678,9a760488-e401-4c93-bb91-70cf9499ac87,f,f,0,0,0,1752901655:00000000000000000772
fa07c6bc-0037-2eeb-e930-58100b0d9e32,FXE-FIELD-A-DTKRT-loc,679,661cd879-e532-489d-b3c8-1cc9cdc1f0d6,f,f,0,0,0,1752901655:00000000000000000773
163d593c-7707-9e19-60cb-3a3ecd0f42d7,FXE-FIELD-A-EMTA-loc,680,b12480ef-b9fa-4168-bf2d-6bb225624ddc,f,f,0,0,0,1752901655:00000000000000000774
d0983690-498d-aa84-f50d-43746d02444e,FXE-FIELD-A-DAGA-loc,681,524f133b-c30e-4e2a-95ea-e13dddc7f196,f,f,0,0,0,1752901655:00000000000000000775
dd847008-11fb-eae9-a383-4e8c50fd0fca,FXE-FIELD-A-GRBA-loc,682,6e5893f1-003c-4117-9fe3-bfd4046e1880,f,f,0,0,0,1752901655:00000000000000000776
483c9cf9-58d4-57a0-5524-e60374b88969,FXE-FIELD-A-CLEWK-loc,683,76cef0fe-2220-40d2-a5ca-14acf9575829,f,f,0,0,0,1752901655:00000000000000000777
03ae856e-5faa-3e48-4920-0652de7e385f,FXE-FIELD-A-SNAR-loc,684,e9761bd9-176b-45d0-a8d5-4e2fba6f1754,f,f,0,0,0,1752901655:00000000000000000778
c5b9ba62-59f9-8cff-89e6-1fabc79b5920,FXE-FIELD-A-MJXA-loc,685,97551372-98a9-4c3c-a9b1-2dd9add7c4e7,f,f,0,0,0,1752901655:00000000000000000779
56f69951-c79e-aaaf-cd04-d90d8d28646a,FXE-FIELD-A-SMFWK-loc,686,992bba59-ef62-42fd-ab2e-ca95c2796eb2,f,f,0,0,0,1752901655:00000000000000000780
ed001ba3-543d-dfbb-88b2-aaf72f48742a,FXE-FIELD-A-STLRT-loc,687,aeca061e-8fdb-4faf-8a05-88e001a70b76,f,f,0,0,0,1752901655:00000000000000000781
8d46f360-00aa-085e-523f-046c129834df,FXE-FIELD-A-ORHA-loc,688,79901b06-6632-4b19-8393-4d20dbc0fc1d,f,f,0,0,0,1752901655:00000000000000000782
e3947c26-13a4-a047-12de-a3b9ddfc159f,FXE-FIELD-A-SWE-loc,689,ff0f609e-6888-4eab-b788-73dac0a806a0,f,f,0,0,0,1752901655:00000000000000000783
b151ca30-8455-ef08-df3e-930a7e4845d5,FXE-FIELD-A-TOAA-loc,690,8d1ac042-eb13-4bc7-877b-4f1eac697c08,f,f,0,0,0,1752901655:00000000000000000784
1480ce7e-0025-3685-267d-3c2be36cf9d5,FXE-FIELD-A-FFTA-loc,691,cac6ae93-2dab-4539-b519-eaab9fbc6400,f,f,0,0,0,1752901655:00000000000000000785
c548b130-fb6a-32a4-ebe7-347cca0e029d,FXE-FIELD-A-ANDA-loc,692,30ab7cb5-c4f2-43a7-91a7-5eb55f028184,f,f,0,0,0,1752901655:00000000000000000786
6164487c-5592-dad8-03d7-b95179084b14,FXE-FIELD-A-ARXA-loc,693,49451ebf-a460-4d91-b461-66972fef0be1,f,f,0,0,0,1752901655:00000000000000000787
cb0fdd38-50c0-337b-684c-6e3343c99589,FXE-FIELD-A-PIAA-loc,694,92137b32-e6e0-40c7-aa3d-5bba402a7979,f,f,0,0,0,1752901655:00000000000000000788
ee2ae11a-506d-915d-4548-365744d3b56a,FXE-FIELD-A-CPSSL-loc,695,9ff466a8-3c97-4bc8-8b2f-a15d181ffac9,f,f,0,0,0,1752901655:00000000000000000789
04b2add2-7100-0fe3-1836-d1cab4f1d77f,FXE-FIELD-A-LWSSC-loc,696,9f4b235d-af59-4640-8eda-5a80719511eb,f,f,384,-1,0,1752901655:00000000000000000790
67f176e6-0de7-c704-1d13-36b6b5746407,FXE-FIELD-A-JANA-loc,697,f109ce03-1de7-40e4-bf6d-d79e15a58a31,f,f,384,-1,-1,1752901655:00000000000000000791
df86b650-2e05-16f9-a4c1-bb50a01bc8b7,FXE-FIELD-A-TLH-loc,698,f32c459f-c1f9-4a46-baf3-22d4186d9a22,f,f,0,0,0,1752901655:00000000000000000792
f74718df-5610-d3c9-721e-6ea8451e2f36,FXE-FIELD-A-DEOA-loc,699,6eb68772-b939-49a4-96da-c20ec493d98e,f,f,0,0,0,1752901655:00000000000000000793
18297382-ce4d-1330-3fa9-7d9d9695f54d,FXE-FIELD-A-GVLA-loc,700,b4a9c46a-5809-4cfa-9579-4db822793ffd,f,f,0,0,0,1752901655:00000000000000000794
dcc8ebb9-36cb-e7ca-c1d8-a0d694f4c0ec,FXE-FIELD-A-KOAA-loc,701,674f5674-4969-480e-8c28-9cc648fbd8d1,f,f,0,0,0,1752901655:00000000000000000795
c320a1ac-d393-5791-1779-00795c9df80e,FXE-FIELD-A-LOZA-loc,702,7b8c5ab0-ad12-42ad-bead-db1485de9767,f,f,0,0,0,1752901655:00000000000000000796
e53cbbd2-93ff-146d-7efc-d47af712038d,FXE-FIELD-A-MCOS-loc,703,41ec8c0f-7f15-4488-9ef5-8b128d49d2fd,f,f,0,0,0,1752901655:00000000000000000797
308ad2c5-b483-20c1-a425-e4e38b342346,FXE-FIELD-A-FOKA-loc,704,01d06aa9-9af4-492d-a3b1-787c23c85eb3,f,f,0,0,0,1752901655:00000000000000000798
a19499cc-559f-cfee-cde7-c02f37d3b1b0,FXE-FIELD-A-SMXA-loc,705,16c9d399-e9a9-44a6-ba24-990c85c717d5,f,f,0,0,0,1752901655:00000000000000000799
b6720642-a3b3-da15-ffef-1f4435775b1c,FXE-FIELD-A-CPRR-loc,706,7070942e-4bf2-4b50-86f3-6ad1c3acd950,f,f,664,0,0,1752901655:00000000000000000800
7dce541f-7395-7d0f-77e6-92a0bc1aefe4,FXE-FIELD-A-PHXR-loc,707,f0a6a24b-cf9a-4f8d-b70b-fe69a1088e3d,f,f,0,0,0,1752901655:00000000000000000801
3767994d-da42-08e6-43ca-81a72fecc61d,FXE-FIELD-A-RZZA-loc,708,1b320db4-f424-4890-a407-f8cec0919ca1,f,f,0,0,0,1752901655:00000000000000000802
31ce6b97-032f-dfcf-3762-128a41dddb83,FXE-FIELD-A-BFLA1-loc,709,46681420-5fd6-44a2-8f99-aca7bef86861,f,f,0,0,0,1752901655:00000000000000000803
3862bc2b-38a5-7f72-ef67-c837dd1735f0,FXE-FIELD-A-FRGA-loc,710,95ca0fcb-5a3e-4ea1-a754-e3e3477b5720,f,f,0,0,0,1752901655:00000000000000000804
f1aa1e1a-5db0-3f0c-77db-19054b19271c,FXE-FIELD-A-MOBA-loc,711,3a25424b-53fd-4858-ad0c-0706edcf3c3d,f,f,0,0,0,1752901655:00000000000000000805
d33b6ab5-863e-0128-b5a4-b9bbf3543f9b,FXE-FIELD-A-ABRA-loc,712,04fa6f72-e776-471a-923a-fe3aa339c899,f,f,0,0,0,1752901655:00000000000000000806
6ae82f58-5fe2-d22b-5394-e09f34badb90,FXE-FIELD-A-DENR-loc,713,131ef869-ac5b-4ea0-a652-84957448e6d0,f,f,0,0,0,1752901655:00000000000000000807
7e21dfe4-a0db-b21f-f6a3-91728acac1f4,FXE-FIELD-A-LBFA-loc,714,727be705-1d97-4440-8200-d9aa961c15e2,f,f,0,0,0,1752901655:00000000000000000808
eb8191af-b7be-0e62-12a3-a4420f11495d,FXE-FIELD-A-SYRA-loc,715,4107572e-bc49-4abe-a3d1-b78f180fc6f0,f,f,0,0,0,1752901655:00000000000000000809
893fd5d7-c54c-7845-b6d5-f8512b600d03,FXE-FIELD-A-OGDA-loc,716,b4b96f72-5919-43f4-abff-707d58b9883d,f,f,0,0,0,1752901655:00000000000000000810
ae6dbc53-093c-7942-e0c2-1c1792cebcd6,FXE-FIELD-A-CLER-loc,717,f52f828d-17b1-461f-94c0-b1e382b69ca8,f,f,0,0,0,1752901655:00000000000000000811
e93ff886-a5f0-6064-1aea-96e26a672b8b,FXE-FIELD-A-OBKA-loc,718,b14c832e-034d-482d-bafb-76820a2a3e01,f,f,0,0,0,1752901655:00000000000000000812
7d677ab0-4b74-fa51-6a13-cd015bb04f09,FXE-FIELD-A-SBPA-loc,719,e7b08b26-9760-4af1-9f18-2edb523003d3,f,f,0,0,0,1752901655:00000000000000000813
ba1e9f6f-f123-c35a-5b31-6bd0fa4fc46c,FXE-FIELD-A-SJTA-loc,720,3810d2c8-149e-4a45-996d-07d81ff4da6f,f,f,0,0,0,1752901655:00000000000000000814
da274528-962a-571f-de1e-d06ca5803678,FSC-BRPS-LOC,1526,cf4f4f72-22cf-4dbd-8d26-a40dc65c26fe,f,f,0,0,0,1770408050:00000000000000001636
556ed269-313d-2bcb-2f07-d5f265ceae1a,FXE-FIELD-A-MPRA-loc,722,e664a5f5-7262-4707-bfba-c60e73878666,f,f,0,0,0,1752901655:00000000000000000816
59c68fc6-1fd9-7fe9-626e-38310924be2b,FXE-FIELD-A-GLHA-loc,723,d79a031e-450b-4950-9231-3f908fcf3658,f,f,384,-1,-1,1752901655:00000000000000000817
5ec034a6-10cf-b2b4-2046-9b2f10ea4218,FXE-FIELD-A-ONP-loc,724,ac80cdc3-145e-42e7-bc2a-26e1d21ab158,f,f,0,0,0,1752901655:00000000000000000818
5dba3ec8-fec6-3717-393e-f89447c8e5a1,FXE-FIELD-A-GSPA-loc,725,356247f1-e7ad-488c-9872-85e79a7448fe,f,f,0,0,0,1752901655:00000000000000000819
c0c11faf-f341-22df-cccd-9d77f51f9b5e,FXE-FIELD-A-UCAA-loc,726,882ef4cc-cd39-4994-ba61-f27f36feb34a,f,f,0,0,0,1752901655:00000000000000000820
71e24399-c810-2818-9183-723f3b41c78e,FXE-FIELD-A-ORDRT-loc,727,578c3b90-427c-456f-84b2-9cf85e5be8d4,f,f,0,0,0,1752901655:00000000000000000821
80958dc2-79ee-70ed-0f2c-9c256442cf90,FXE-FIELD-A-EHTA-loc,728,83767153-9fd0-4e3d-864e-7a1a2c6db22b,f,f,0,0,0,1752901655:00000000000000000822
9e4877ed-4016-c6f2-6bea-86c1ba1023a8,FXE-FIELD-A-SYVA-loc,729,ef8eed34-3050-495d-b448-d9ed9b8a6dbf,f,f,0,0,0,1752901655:00000000000000000823
c7d54f7b-92cc-fbe4-cef4-83181546f401,FXE-FIELD-A-MDTA-loc,730,27e16356-763d-4266-8d16-31f763c3c3d4,f,f,0,0,0,1752901655:00000000000000000824
2e3a8273-6a60-376c-25e9-a475ffde1268,FXE-FIELD-A-CPSA-loc,731,24c1b748-8c0b-4e0c-9d62-e0f459b5ec86,f,f,0,0,0,1752901655:00000000000000000825
ee591e6e-0651-94f9-3a54-63e03ffe4b1d,FXE-FIELD-A-AUGA-loc,732,a7a9f138-fc08-4462-8a92-d6995829692f,f,f,0,0,0,1752901655:00000000000000000826
b4213a4f-d03b-0cf7-8267-716ad871d8b0,FXE-FIELD-A-SCFA-loc,733,5bbeceae-ebfa-4ed7-98db-d0ed82de56ce,f,f,0,0,0,1752901655:00000000000000000827
67be0869-4d0e-6924-3d77-88669a25a72c,FXE-FIELD-A-OWDA-loc,734,88fc816e-97bd-4e66-b8a5-2d8458c2dbd9,f,f,0,0,0,1752901655:00000000000000000828
dc65e41b-f232-ff84-b666-969744cdc0de,FXE-FIELD-A-BHMA-loc,735,c9602f65-60c3-4f31-9539-76508e324db4,f,f,0,0,0,1752901655:00000000000000000829
bca03213-c6ce-66c3-f8b1-7b60da69a8a3,ORDVK_loc,736,5e64845d-c84a-4ae9-9065-bbfca41182a8,f,f,0,0,0,1752901655:00000000000000000830
b14dde7c-e477-4ba0-48f8-e10b855f59d2,FXE-FIELD-A-MMIA-loc,737,465fce17-07e4-40d2-b6d6-778917e364b8,f,f,0,0,0,1752901655:00000000000000000831
b1639d17-3608-d431-4a20-6d4dc5b8dbdd,FXE-FIELD-A-VNYA-loc,738,112fa76b-c618-48c4-8e3a-2bace3f709d5,f,f,0,0,0,1752901655:00000000000000000832
81912282-24fd-7dd6-9e09-a6d2f8a55a14,FXE-FIELD-A-FWAA-loc,739,93713241-d2ff-4000-b861-2ddc384df8db,f,f,0,0,0,1752901655:00000000000000000833
b831d3d7-7ecf-7fb1-bbc4-e053a12e9f20,FXE-FIELD-A-PRCA-loc,740,640139f0-5ce3-48e3-85e3-ce4fdfb829cc,f,f,0,0,0,1752901655:00000000000000000834
1a5cec54-cd49-cd73-4131-7f78cdc55815,FXE-FIELD-A-PSPA-loc,741,e9b84382-cf71-4489-be2f-e01555ab7bac,f,f,0,0,0,1752901655:00000000000000000835
1f0ddcbc-94ae-6fa7-6449-f35befdc91f5,FXE-FIELD-A-RDMA2-loc,742,25cf320f-5094-4718-adb8-c97cba0624ce,f,f,0,0,0,1752901655:00000000000000000836
28113744-beaf-24b6-c027-8acfaf9640dd,FXE-FIELD-A-IMTA-loc,743,3c23f325-7c86-4e6d-9f89-4c53956d122a,f,f,0,0,0,1752901655:00000000000000000837
54a44b6b-8f0c-c5ed-4aed-ecba503e8a58,FXE-FIELD-A-BCBA-loc,744,ced8d682-c755-4e91-8423-ab765dc52429,f,f,0,0,0,1752901655:00000000000000000838
17d2f140-eb04-1c86-c1d5-bd994e1fc03c,FXE-FIELD-A-ACYA-loc,745,192cc7b4-1ea1-496c-b714-231011c73907,f,f,0,0,0,1752901655:00000000000000000839
87583f91-a8df-9871-c8b5-77f1136f96b1,FXE-FIELD-A-ALOA-loc,746,4128bc12-fd1a-4027-a2e6-363dd8e0cd27,f,f,0,0,0,1752901655:00000000000000000840
51e1fcdb-44b1-eac6-003b-4e6ab0791541,FXE-FIELD-A-CLUA-loc,747,13b74433-facb-4482-bd94-855475986403,f,f,0,0,0,1752901655:00000000000000000841
44138034-4bd7-1297-b5bc-16c3a7bf56cc,FXE-FIELD-A-AYEA-loc,748,c61fbb95-8939-4ad1-821e-f75c71312fc4,f,f,0,0,0,1752901655:00000000000000000842
71c45a58-cdf0-66a9-c0bd-f0a2cbf8964d,FXE-FIELD-A-OBEA-loc,749,45ba101d-3038-4c2c-af89-5af7fb4b205b,f,f,0,0,0,1752901655:00000000000000000843
61e44796-05eb-67b2-d550-b9ea190c5627,FXE-FIELD-A-SFOA-loc,750,a918f196-4af8-4129-9f31-bc688658e9a6,f,f,0,0,0,1752901655:00000000000000000844
92c831d4-1814-289c-1f8a-aa88f02f0235,FXE-FIELD-A-SDFR-loc,751,71209b29-bca8-40ef-8ae1-dc80df7af2fe,f,f,0,0,0,1752901655:00000000000000000845
714f58b9-143e-f70a-fce2-34cfbfeb7a78,FXE-FIELD-A-GGGA-loc,752,0878e675-9ce2-4e05-ad8d-ea2c59cf6138,f,f,0,0,0,1752901655:00000000000000000846
3d2b9270-ab01-f4a6-a3b6-875df0cd924d,FXE-FIELD-A-ROCA-loc,753,86225c0b-3e6a-417e-95eb-39288e942d81,f,f,0,0,0,1752901655:00000000000000000847
299dabdb-1bd5-f59d-2bc1-c6432bea8a1b,FXE-FIELD-A-MAFA-loc,754,c7612d5b-9468-4344-b27f-d165c0f9ee3e,f,f,0,0,0,1752901655:00000000000000000848
480d3774-6a3e-580a-33d3-ff82281091bc,FXE-FIELD-A-SHVA-loc,755,0f24703a-aeb1-4548-9f6a-406648d25877,f,f,0,0,0,1752901655:00000000000000000849
7797de3a-860e-5104-d935-259284c610c0,FXE-FIELD-A-CHAR-loc,756,1f252874-55cd-40ac-b41b-8ba0bbe08b58,f,f,0,0,0,1752901655:00000000000000000850
b7398478-d29a-d8d4-3dab-8f8f2995edbd,FXE-FIELD-A-STKA-loc,757,209d7af3-998d-41e4-b5b6-7a80b4329b30,f,f,0,0,0,1752901655:00000000000000000851
526966a6-4e9b-3ae8-a49c-24f11916d93b,FXE-FIELD-A-AUSR-loc,758,67561ee6-3801-44db-846a-953998ff39fa,f,f,0,0,0,1752901655:00000000000000000852
292d4514-b7f7-d7d5-7c59-9af7641daf6c,FXE-FIELD-A-DMOA-loc,759,d2b50787-2d86-4c72-a6a7-7c13cf26e5ea,f,f,0,0,0,1752901655:00000000000000000853
965bb6cc-ace6-a36c-f718-afc3bf15ad2c,FXE-FIELD-A-MKER-loc,760,cd6601f5-3793-483f-8b7b-69262be60af8,f,f,0,0,0,1752901655:00000000000000000854
e24d0f6e-2486-4e63-f7cc-239e1c3192a9,FXE-FIELD-A-PHLR-loc,761,67d169f6-ddc0-4010-9129-d3b2b7ceda72,f,f,0,0,0,1752901655:00000000000000000855
e0b6e247-6637-3793-80d9-4835f6f66b30,FXE-FIELD-A-SLCR-loc,762,846dcc54-8483-4e3a-a9da-de793b92ab3a,f,f,0,0,0,1752901655:00000000000000000856
b23406a0-dd99-57e7-1808-712b70b2b0f0,FXE-FIELD-A-MHKA-loc,763,c2060bd6-a991-4a11-ac33-543305566a5c,f,f,0,0,0,1752901655:00000000000000000857
1795561b-7349-42c0-4d43-b87e4629c27a,FXE-FIELD-A-POYA-loc,764,84eeee19-9fac-47a5-9be8-123ae7a3d95a,f,f,0,0,0,1752901655:00000000000000000858
d65eb9cf-34d9-0c47-3c9a-68e422d4332c,FXE-FIELD-A-PDXA-loc,765,cfcbca61-7823-49c6-888f-989f67ba4ebf,f,f,0,0,0,1752901655:00000000000000000859
2f03fdb5-d9f4-7e12-d03c-8ceaea718011,FXE-FIELD-A-BAFA-loc,766,cc2151eb-427d-4f47-b753-6a4c637c6497,f,f,0,0,0,1752901655:00000000000000000860
aa616ff2-c713-b3b3-13b2-a38581bd08ce,FXE-FIELD-A-TMBA-loc,767,b4ce240e-3c8a-4904-92f2-0c29849df5b0,f,f,0,0,0,1752901655:00000000000000000861
5108d8fd-1339-04fe-79f1-f2b9692272e3,FXE-FIELD-A-AVOA-loc,768,9c00e82a-ac16-43dd-8b54-f93a5783ab17,f,f,0,0,0,1752901655:00000000000000000862
945ed6c8-bdaf-b436-8e0a-e234b7d7453e,FXE-FIELD-A-TNTA-loc,769,ff035631-f80f-4519-a6bb-f79faf3ba76b,f,f,0,0,0,1752901655:00000000000000000863
9f90dded-32fc-b127-ce03-fce17b172fd8,FXE-FIELD-A-FFTVM-loc,770,fc93d4ea-a73f-4928-8ddc-aafc5dcd1f94,f,f,0,0,0,1752901655:00000000000000000864
2e903569-70a1-b05e-d092-81192683ad3d,FXE-FIELD-A-SDMA-loc,771,cfe3f7e7-fa76-4bd6-b1b7-dd152c9e94e2,f,f,0,0,0,1752901655:00000000000000000865
3feca4e1-f661-c2c2-5945-4ccc01fe1461,FXE-FIELD-A-SAVA-loc,772,36782d90-0883-4039-956e-923ab24279dc,f,f,384,-1,-1,1752901655:00000000000000000866
efba0dec-27fb-50ff-7e93-b79790d31252,FXE-FIELD-A-SGUA-loc,773,4e8078fc-9f4a-4b7b-b5ba-835e49ca8468,f,f,0,0,0,1752901655:00000000000000000867
ce7221a5-a7d6-e5de-1234-83f74571527b,FXE-FIELD-A-MIEA-loc,774,2148e027-8b04-4929-b804-87ca24f80494,f,f,0,0,0,1752901655:00000000000000000868
20b5c8d6-66b4-abb1-a115-c7e28697d197,FXE-FIELD-A-RKWA-loc,775,5f20bf61-eac1-479b-bbe8-ea043a09820a,f,f,0,0,0,1752901655:00000000000000000869
90dcedc9-f743-a94c-d411-e2c1255c39e7,FXE-FIELD-A-TXKA-loc,776,fec493b4-0cba-45ee-b319-f6abc966dab5,f,f,0,0,0,1752901655:00000000000000000870
7af03d57-f846-ed63-884b-8e072411a9e0,FXE-FIELD-A-PAOA-loc,777,c217efbc-74da-4b49-b1a9-16101d6680dc,f,f,0,0,0,1752901655:00000000000000000871
ab6f1c30-811e-0f72-2dde-fdd28e27553c,FXE-FIELD-A-RNOA-loc,778,bbb0e5ee-b4ca-4f88-9a06-048255f850e6,f,f,0,0,0,1752901655:00000000000000000872
6d137935-f17a-5d3f-2596-bac8aec7e5f4,FXE-FIELD-A-TOCA-loc,779,108739c3-81cc-4b8b-82de-cb1d5b205a64,f,f,0,0,0,1752901655:00000000000000000873
9f04ed57-5f31-8925-af67-d3864be87cbd,FXE-FIELD-A-DETRT-loc,780,c5350bc9-bc81-4033-9626-a6dbbe39279b,f,f,0,0,0,1752901655:00000000000000000874
f9bd3627-f4b3-22af-23f2-9fe5eb878cfa,FXE-FIELD-A-FCELK-loc,781,2708d83c-7efb-4fc9-be2b-0b5a8ce1d448,f,f,0,0,0,1752901655:00000000000000000875
0eec486c-90ee-a863-c045-624c0b8e0b8e,FXE-FIELD-A-CECA-loc,782,08742544-2465-4595-9deb-0c2131214da8,f,f,0,0,0,1752901655:00000000000000000876
c11d694a-d806-f350-7180-a576f7ea829f,FXE-FIELD-A-QWGA-loc,783,6c100066-8694-41ff-8e9d-4b0f3d10562f,f,f,0,0,0,1752901655:00000000000000000877
f05dac0f-b873-ea59-d9f2-d58109087529,FXE-FIELD-A-MYRA-loc,784,c5711892-b1d5-4b01-8070-303159729633,f,f,0,0,0,1752901655:00000000000000000878
d5d6ead1-3245-5b30-33bd-682dbb7151cd,FXE-FIELD-A-LEBA-loc,785,1c56a238-a65b-4d60-9599-7e9a8282eccd,f,f,0,0,0,1752901655:00000000000000000879
4030a7be-0b3d-39f6-8ade-3c27889fc330,FXE-FIELD-A-JBRA-loc,786,eaf6cbd0-296b-41f9-b3bd-751f6b992430,f,f,0,0,0,1752901655:00000000000000000880
314d96d7-6f20-8063-23ea-d80f2ff984a3,FXE-FIELD-A-PAEA-loc,787,22356305-0304-4c4d-8e5e-e74b3e9d8043,f,f,0,0,0,1752901655:00000000000000000881
48280205-928b-d511-2f36-55e9ade476e0,FXE-FIELD-A-IADR-loc,788,39ae0dcc-3990-4ea4-9826-b385fa40a7e6,f,f,0,0,0,1752901655:00000000000000000882
2272aea8-f8ba-3bbc-146d-3d3e493b4eba,FXE-FIELD-A-SHRA-loc,789,634547c6-e930-4489-b302-0ece7111d0b0,f,f,0,0,0,1752901655:00000000000000000883
d1401c09-c04f-908e-e289-16550e6a7ddc,FXE-FIELD-A-ALBR-loc,790,7aeb8c76-d13b-476d-8671-ef2be0c499bd,f,f,0,0,0,1752901655:00000000000000000884
2c433002-7005-d387-90a9-10d69df1241e,FXE-FIELD-A-HNBA-loc,791,125a5ced-d825-49a9-8b2a-8793a007ea6b,f,f,0,0,0,1752901655:00000000000000000885
94062e08-97ac-aba6-4b03-851d19dfe234,FXE-FIELD-A-ABEA-loc,792,361540e0-7745-4ff8-8738-3b1b434021ca,f,f,0,0,0,1752901655:00000000000000000886
8c0ee545-9029-88ff-5dea-949cfd4937e8,FXE-FIELD-A-DUJA-loc,793,4366a9ec-2185-41c1-9280-bedb387d60d7,f,f,0,0,0,1752901655:00000000000000000887
bf2285b0-144a-97fe-69c4-578b0fd96b42,FXE-FIELD-A-PFNA-loc,794,8185c1d3-1213-4219-974c-6fc54eb757fd,f,f,0,0,0,1752901655:00000000000000000888
5ce72d2f-6938-c2c9-41e6-a60b235dfa1d,FXE-FIELD-A-LFTA-loc,795,1fb96e23-632e-4004-8585-4dfa90f376b9,f,f,0,0,0,1752901655:00000000000000000889
e255899c-836f-be5d-48ee-fbc786acf8eb,FXE-FIELD-A-FNLA2-loc,796,c315bca2-c87b-41a3-a1ff-70c1bce519bd,f,f,0,0,0,1752901655:00000000000000000890
686ff00f-6450-f9de-26d6-65b101800495,FXE-JGLRC_loc,797,3b00e803-06e8-406d-b241-9a3fd6ef10cc,f,f,0,0,0,1752901655:00000000000000000891
83be23e7-0870-eb25-5bbf-a2307cfa6ac4,FXE-FIELD-A-OMA-loc,798,5b21ea6c-5788-42fa-93b5-90dc1d7e301e,f,f,0,0,0,1752901655:00000000000000000892
f7cfaa8d-dce2-f31d-c8e7-19d2b1833cf5,FXE-FIELD-A-BILR-loc,799,9990ef8f-dc10-4140-9c9b-449a94f3b649,f,f,0,0,0,1752901655:00000000000000000893
42d613ac-2483-ea32-0496-424e9dc4d544,FXE-FIELD-A-SUAA-loc,800,d5269a04-7d32-4d0b-b600-f66682a887a9,f,f,0,0,0,1752901655:00000000000000000894
02fd07af-6793-edef-fe9b-24d981faee27,FXE-FIELD-A-CCDA-reg,801,0e459248-b863-4675-9e3d-183cafe462c2,f,f,0,0,0,1752901655:00000000000000000895
a5d22dba-8850-9273-e2ce-1fa1deac0140,FXE-FIELD-A-GIFA-loc,802,db403303-95bc-4740-a35b-c674fb169f8e,f,f,0,0,0,1752901655:00000000000000000896
39331fd2-199f-9984-c4aa-d799b4c8ff84,FXE-FIELD-A-OXCA-loc,803,5fe388da-de70-4dd0-ab37-5deedaff4fae,f,f,0,0,0,1752901655:00000000000000000897
5fb65f92-0758-0ce2-73ae-675acbc5f7a4,FXE-FIELD-A-OJCA-loc,804,ed08314d-18e8-4412-b13e-e6925ced089c,f,f,0,0,0,1752901655:00000000000000000898
bea0f806-4df7-45b6-03cf-883876957119,FXE-FIELD-A-FXEA-loc,805,ca74c39a-7bcb-4ce9-867a-af63ea6c6caf,f,f,0,0,0,1752901655:00000000000000000899
ba67626e-9d11-929b-e13c-fc7afba6faea,FXE-FIELD-A-KNTA-loc,806,6f904125-5cfd-4b0e-aa2c-45feac16c875,f,f,0,0,0,1752901655:00000000000000000900
68e294e2-afad-659b-fdb9-ed92e829c17f,FXE-FIELD-A-ABQA-loc,807,7390ec33-ffc6-4081-9bdb-19a4871eb1b0,f,f,0,0,0,1752901655:00000000000000000901
74459765-7bad-60a4-ac14-b24db7608732,FXE-FIELD-A-PVDR-loc,808,63fd7382-f361-441f-ae39-eba8db89f68f,f,f,384,-1,0,1752901655:00000000000000000902
d1d48620-5fe9-0614-690d-115039e93964,FXE-FIELD-A-TYSR-loc,809,ac9241d4-f8b8-4176-9afc-cf04509f9507,f,f,0,0,0,1752901655:00000000000000000903
61836172-6af1-e5ff-0d87-50f101e53434,FXE-FIELD-A-MTJA-loc,810,bf030d75-b48e-43c3-9efc-2420bbd276de,f,f,0,0,0,1752901655:00000000000000000904
581fdf0b-25f3-e481-f2c6-e3d8c41841dd,FXE-FIELD-A-ORDR2-loc,811,078ba790-49a7-4904-b649-66451edc20c4,f,f,0,0,0,1752901655:00000000000000000905
a02b67de-6083-28b7-4209-51facaf5428c,FXE-FIELD-A-ITOA2-loc,812,7e322be0-e590-4d59-bd38-9edef3707ea8,f,f,0,0,0,1752901655:00000000000000000906
2b240ded-2e21-14ea-2532-32f666bfb4c6,FXE-FIELD-A-ORFA-loc,813,da7f6055-19b5-4b46-8729-6a0c426447b3,f,f,384,-1,0,1752901655:00000000000000000907
e3ee0ffd-aa90-00a2-0d18-8b40356c8cd4,FXE-FIELD-A-BZNA-loc,814,b19ddcdc-7d9c-4d8a-9d73-eb27bdfea9be,f,f,0,0,0,1752901655:00000000000000000908
d55e57b1-3882-1e69-2fa0-9b8e41face60,FXE-FIELD-A-DCASL-loc,815,40729d41-289d-4249-8762-4a2d310d8f3f,f,f,0,0,0,1752901655:00000000000000000909
35ed8427-dcd0-a63b-e530-3b36c2efa647,FXE-FIELD-A-CLEDD-loc,816,51b166e4-7415-4ea6-aa55-735a75aab468,f,f,0,0,0,1752901655:00000000000000000910
f5ceb42f-eda0-0d98-fae4-3daefa38b450,FXE-FIELD-A-SWSC-loc,817,1665d5c3-c95a-4a65-bcb8-4147579689bd,f,f,0,0,0,1752901655:00000000000000000911
a9e62984-1df4-fb3a-d487-ac39d1f6b5a3,FXE-FIELD-A-EATA-loc,818,36c14c8c-12cb-4d09-9d16-776bc33b9564,f,f,0,0,0,1752901655:00000000000000000912
9e8067aa-6c53-102c-be1a-e22341ef696b,FXE-FIELD-A-ICTA-loc,819,92933cc9-97a4-4df8-8c76-38c4315291ec,f,f,0,0,0,1752901655:00000000000000000913
70ac90f1-1185-a43b-ff90-06ae679c5fcc,FXE-FIELD-A-AIKA-loc,820,80e5555b-6e02-4ec1-a3a8-0e60f07963b2,f,f,0,0,0,1752901655:00000000000000000914
3349bf0b-9539-05f1-3a13-e4bb886b8fa8,FXE-FIELD-A-BFFA-loc,821,d04f216a-b4b4-46cd-8a67-ca1335a61272,f,f,0,0,0,1752901655:00000000000000000915
b2d9dbab-d372-fcad-a816-e33961c57598,FXE-FIELD-A-FCAA1-loc,822,d74dd8d5-348b-4e4f-9e44-ab86f61b1e8c,f,f,0,0,0,1752901655:00000000000000000916
68168318-02f8-5a21-1d10-88e7649cc4e5,FXE-FIELD-A-MOTA-loc,823,fb02452c-139e-471e-a799-1c7a0d0f77f2,f,f,0,0,0,1752901655:00000000000000000917
0dc4434b-2487-c528-5d3f-ab8e4f607efe,FXE-FIELD-A-CDCA-LOC,824,bf9956c9-1c49-4dd1-a13f-1a6926fd831f,f,f,0,0,0,1752901655:00000000000000000918
0bec930a-17ab-7046-3bac-bd5cfce7c949,FXE-FIELD-A-OVEA-loc,825,8a97a68b-0d7c-4c86-8c21-19595557a7b7,f,f,0,0,0,1752901655:00000000000000000919
af710b21-eeb7-62d3-dad0-b80520394e9c,FXE-FIELD-A-GJTR-loc,826,b151f132-870e-4390-adba-62d46116bca5,f,f,0,0,0,1752901655:00000000000000000920
9fcb151e-63d2-b211-9863-28fd6b7d5428,FXE-FIELD-A-BUFME-loc,827,5e7949f5-d72a-4458-b78b-8e19381006a2,f,f,0,0,0,1752901655:00000000000000000921
11cfbc16-24c6-9bf5-262d-2e8e6f1f8f28,FXE-FIELD-A-DAYA-loc,828,29051c1e-c239-4ea9-b0b4-0f31cd91eeee,f,f,0,0,0,1752901655:00000000000000000922
88b2cc5b-2045-cd2c-653b-af2d6664af49,FXE-FIELD-A-NCQA-loc,829,73a5674f-dd33-4909-9cc0-955ffc266f71,f,f,0,0,0,1752901655:00000000000000000923
9a488cc9-0e00-8003-f266-4a483df857bb,FXE-FIELD-A-MPBA-loc,830,311f0542-fbf0-4413-9f1a-a7a6bbd66044,f,f,0,0,0,1752901655:00000000000000000924
ec4dc873-ef49-30fe-2a23-d40491190e72,FXE-FIELD-A-PDXRT-loc,831,80c4cc7a-8355-46e1-917e-aa17e6041169,f,f,0,0,0,1752901655:00000000000000000925
60ee9f33-b664-6fe6-cbd5-ca8f96826f12,FXE-FIELD-A-SRWA-loc,832,7e1d9cee-d321-42f5-9276-6bd8b52108fe,f,f,0,0,0,1752901655:00000000000000000926
ac527a06-1930-a504-5c87-81ee5b88cc7e,FXE-FIELD-A-LAXH-loc,833,689db9a5-e150-4f11-bba2-1c0cfd704d27,f,f,0,0,0,1752901655:00000000000000000927
690ad76b-47c9-5069-b563-bf932f714ea4,FXE-FIELD-A-SANRT-loc,834,f4f3d7eb-a930-42ab-a382-7f600205e0c5,f,f,0,0,0,1752901655:00000000000000000928
47bf3510-c6a1-714c-f018-56dc80aa86a5,SHVR_loc,835,6e387fd5-5257-4353-a9eb-2ebff35bb829,f,f,0,0,0,1752901655:00000000000000000929
fbe3c96d-4de9-e804-5fc8-561c8f028eae,FXG-FIELD-1627-loc,836,4dbb58ad-bef2-4dc1-9b16-18b7e0ceea17,f,f,0,0,0,1760390981:00000000000000001631
617646ff-a82d-6c31-1972-e854fd8e8d1a,FXE-FIELD-A-CLTRT-loc,837,a57b053f-9200-4d1d-99cf-077bf0c62e61,f,f,664,0,0,1752901655:00000000000000000931
0e5d078e-b755-0872-79f4-5f5702c29518,FXE-FIELD-A-LCKRT-loc,838,7fed2674-18ac-4b7d-995e-a30ba07457aa,f,f,0,0,0,1752901655:00000000000000000932
bfc0f842-fb67-426f-e821-cd0fee036dfa,FXE-FIELD-A-BQKA-loc,839,bcc9a39a-0ac2-4d37-98b2-d6a8802284eb,f,f,0,0,0,1752901655:00000000000000000933
8697e6b2-f749-f591-a3c1-61cb0011224a,FXE-FIELD-A-GTFR-loc,840,ddacfd17-fead-481e-a762-9f6d28e8e95c,f,f,0,0,0,1752901655:00000000000000000934
3e003c11-af0a-ad4c-aad4-b5ecb447cee0,FXE-CAPTEL-loc,841,4214a38e-8994-4f16-876f-ec549480d7db,f,f,0,0,0,1759249023:00000000000000001622
5f49278d-2b77-32f1-c1e4-a8bddecdb688,FXE-FIELD-A-PGDA-loc,842,a8bb5f64-6d27-4e1f-910d-651bfb84c071,f,f,0,0,0,1752901655:00000000000000000936
9990ba59-d01b-501a-507f-d8a933173aa7,FXE-FIELD-A-OCFA-loc,843,9a11d2f3-ebff-4aa2-a2f4-eeb475e16456,f,f,0,0,0,1752901655:00000000000000000937
9ff280c5-4701-ffed-cd55-e9aaa2961599,FXE-FIELD-A-FPRA-loc,844,a5957484-e951-4ddf-a3d6-42df81e58b8d,f,f,0,0,0,1752901655:00000000000000000938
a9003620-8ada-5399-6dbf-057a4f447ea4,FXE-FIELD-A-BJIA-loc,845,ddb6e67e-4364-49d8-a6a7-fb2f6522c394,f,f,0,0,0,1752901655:00000000000000000939
dbb529f0-cd2a-4c89-fc52-8c4d2b6f9c93,FXE-FIELD-A-TPAR-loc,846,521af5ab-3b51-46bf-a548-bf3afa26d6a1,f,f,0,0,0,1752901655:00000000000000000940
77253969-1e73-bf53-dd97-6dc462ff5dee,FXE-FIELD-A-TUSA-loc,847,9bc403ea-3533-4d47-a8e6-370c39da870e,f,f,0,-1,-1,1752901655:00000000000000000941
82f60d45-ef14-74d9-ec61-459ecd82e4a2,FXE-FIELD-A-MGWA-loc,848,37a29b29-5d92-4d01-9780-2d64d1794a82,f,f,0,0,0,1752901655:00000000000000000942
5f13ed28-dd1a-ede3-2872-a7555bc3d961,FXE-FIELD-A-HHRB-loc,849,20515d26-c400-4804-b953-4585cb4de0a7,f,f,0,0,0,1752901655:00000000000000000943
7a323476-5977-908e-b083-2c8c981e0424,FXE-FIELD-A-CAER-loc,850,202ddd2f-8926-4e42-82dd-ac1ef83a02cb,f,f,0,0,0,1752901655:00000000000000000944
26088f68-80a7-8af2-aee5-28feeae49923,FXE-FIELD-A-JHWA-loc,851,6b8ae7e9-07e9-40a7-a6d2-b623dab79be2,f,f,0,0,0,1752901655:00000000000000000945
d5573134-d6fc-bd3d-b7b5-7484c76fa992,FXE-FIELD-A-FHR-loc,852,b8b63c7f-0d81-4c0b-9ffe-049da64a0ca8,f,f,0,0,0,1752901655:00000000000000000946
fe7875e6-0c2b-b665-3c3e-a504757fc2a8,FXE-FIELD-A-THAA-loc,853,a03f36e4-fc50-4986-8aea-dfdbf290858e,f,f,0,0,0,1752901655:00000000000000000947
68ba498c-be65-0216-3bbf-f83ac3bd1b62,FXE-FIELD-A-UOXA-loc,854,0ebdcdb6-a873-4b58-aa44-bf0df8bdb741,f,f,0,0,0,1752901655:00000000000000000948
b84c36bc-2e54-7b71-321a-e4fd172646ab,FXE-FIELD-A-ASHA-loc,855,eaaf6dda-1290-41e4-8a4d-8b3b2bffdc09,f,f,0,0,0,1752901655:00000000000000000949
47037cba-3957-2081-f379-b26c8ca9d147,FXE-FIELD-A-EYWA-loc,856,8ee36a6f-d40f-4eda-a0d8-85198c1b8c2c,f,f,0,0,0,1752901655:00000000000000000950
939e78f4-76e2-1b6c-00b9-54116444f372,FXE-FIELD-A-BFMRT-loc,857,d9de496c-a58c-4e1c-b515-793d1b486eb2,f,f,0,0,0,1752901655:00000000000000000951
d8196543-40ec-e652-ecbd-48cd119c32b1,FXE-FIELD-A-JFKR-loc,858,b492f6c1-7d8e-47b0-b0e0-5a21d9de4911,f,f,0,0,0,1752901655:00000000000000000952
4a93e233-f423-a114-fbce-2681fa26ee01,FXE-FIELD-A-LGBA-loc,859,128c2b9c-e591-4953-b1e6-829cd5c33675,f,f,0,0,0,1752901655:00000000000000000953
e4a9f0b3-1f77-60b8-b8c4-c659132964a7,FXE-FIELD-A-SLEA-loc,860,59bf2a15-e0d4-4047-aa2a-e7290be0f1b0,f,f,0,0,0,1752901655:00000000000000000954
7d5a6416-c2f7-065a-b3fb-bddc109e3a6a,FXE-FIELD-A-BFLA-loc,861,ecea6738-da79-412e-a680-2632d0e7d969,f,f,0,0,0,1752901655:00000000000000000955
eee3106a-af39-8f81-5c06-5b71cb7cbeba,FXE-FIELD-A-BPAA-loc,862,2b7ae442-8bab-4083-a324-14431b11aafe,f,f,0,0,0,1752901655:00000000000000000956
14b1c3eb-409e-7003-0705-ed6b17e6493d,FXE-FIELD-A-MCEA-loc,863,fcde7a1c-8cf1-41d5-bea0-2068a93a5543,f,f,0,0,0,1752901655:00000000000000000957
52eb01aa-e88e-69a4-2813-9b08bdf5118d,FXE-FIELD-A-AOHA-loc,864,12069a66-fcc0-48e9-8294-9d6d69580a8a,f,f,0,0,0,1752901655:00000000000000000958
870717dc-0177-0bc9-6b06-622b78cead1b,FXE-FIELD-A-DETA-loc,865,84c1dfa1-9204-4e6e-8c90-780406f9a1d3,f,f,0,0,0,1752901655:00000000000000000959
eb8139a9-11ea-7db9-0816-aaaabffed5d1,FXE-FIELD-A-STQA-loc,866,8f70f843-29c8-46ab-b0ca-b509acb6edb8,f,f,0,0,0,1752901655:00000000000000000960
8541e017-1ba1-61ee-ea6d-7d39264a39dc,FXE-FIELD-A-HHHA-loc,867,828069b4-51f8-43a2-a73f-a6d13ebe8351,f,f,0,0,0,1752901655:00000000000000000961
f6dd372a-6acf-2f63-8f3c-d9cbad325307,FXE-FIELD-A-ALBA-loc,868,4d7a8c9f-02e9-4ca6-8e72-0c0627483153,f,f,0,0,0,1752901655:00000000000000000962
fb2cab76-4179-817a-f45c-044ddfc8ea49,FXE-FIELD-A-MHTRT-loc,869,adb82ec5-f539-4479-b8a8-8d3cc0046c98,f,f,0,0,0,1752901655:00000000000000000963
fcea4bb9-e7a3-d9c1-ab2e-83802a16e11b,FXE-FIELD-A-GJTA-loc,870,63484192-3e33-463f-8e8c-952f7f088db1,f,f,0,0,0,1752901655:00000000000000000964
cd0fc1e8-42cb-da1e-2d6d-803b51a9593f,FXE-FIELD-A-MTHA-loc,871,0ad2f6bf-7394-488d-a705-c7df9dbb7c3f,f,f,0,0,0,1752901655:00000000000000000965
065bde0d-1fe6-26be-0495-cbe9e001d4a5,FXE-FIELD-A-TOPA-loc,872,534ecd3a-31a0-430f-89e7-77e566840df0,f,f,0,0,0,1752901655:00000000000000000966
cdb93077-94cf-969b-c7da-6fde4ad2dcea,FXE-FIELD-A-IAHRT-loc,873,ebc93dd2-f03c-4a24-9311-3d260e1b209c,f,f,0,0,0,1752901655:00000000000000000967
2bbcb2cc-4520-ae38-258d-6212daa6dd80,FXE-FIELD-A-LKSA2-loc,874,dedad3de-196e-4340-8222-81864362c50a,f,f,0,0,0,1752901655:00000000000000000968
6a2a7092-63e3-646f-6a5c-55a82c0eb645,FXE-FIELD-A-COUA-loc,875,5ba61091-ddd9-45b6-9dfb-ce7f9efc3e23,f,f,0,0,0,1752901655:00000000000000000969
84360fcc-b547-e6cf-0949-bf9aab155cd4,FXE-FIELD-A-CICA-loc,876,9b8f723e-ff6c-448b-985f-b92cceb39a21,f,f,0,0,0,1752901655:00000000000000000970
7a042ab0-7354-2733-ba67-252378d83de5,FXE-FIELD-A-MWHA2-loc,877,dda49c8b-98fb-4b98-b56a-c8412f4fb770,f,f,0,0,0,1752901655:00000000000000000971
11af160f-b1e2-554c-fa9a-c804a7c676aa,FXE-FIELD-A-LAXRT-loc,878,e9d34e6b-ceac-43da-8418-5081b9b64e65,f,f,0,0,0,1752901655:00000000000000000972
f45c670b-b0bd-525b-6d7f-8aab2aa1977c,FXE-FIELD-A-JDTA-loc,879,eb3e528d-0b51-4614-b67a-5927228b1f30,f,f,0,0,0,1752901655:00000000000000000973
27fee6b8-ad68-404f-1314-974232a81cd9,FXE-FIELD-A-HRLA-loc,880,f7ba26e9-130b-46a8-8fe4-6ef12dd9721e,f,f,0,0,0,1752901655:00000000000000000974
9c4040b1-8fb7-8416-6c76-2a513fb0bb98,FXE-FIELD-A-RIVA-loc,881,b0637d4c-ed52-426c-a72f-fe461defab6e,f,f,0,0,0,1752901655:00000000000000000975
2c479181-6a42-cc03-88ef-c92a3009526f,FXE-FIELD-A-PIRA-loc,882,d8d7ab94-5921-48cf-ae1a-8a2f564f456f,f,f,0,0,0,1752901655:00000000000000000976
8faf9626-4844-fd71-6cd5-c7b1922aa5d0,FXE-FIELD-A-CSGA-loc,883,aa707837-ed9c-4c71-bc6b-0bf7e0127403,f,f,664,0,0,1752901655:00000000000000000977
42c9d47e-2e5b-5d8a-fca3-46e1652045ec,FXE-FIELD-A-LITRT-loc,884,8ba2bc80-ccb0-4f45-a269-3eae5087207c,f,f,0,0,0,1752901655:00000000000000000978
461846fd-82dd-d620-e0a2-8fba02542540,FXE-FIELD-A-MKCA-loc,885,88e63f55-be4b-4a99-a532-00317aedc9c5,f,f,0,0,0,1752901655:00000000000000000979
102dd9de-97b6-3b49-f166-4d99051491ba,FXE-FIELD-A-JAXR-loc,886,9cb8747e-6784-436a-9ee7-48181cf3347e,f,f,0,0,0,1752901655:00000000000000000980
75f34c19-0094-fde5-0224-8d1440c52607,FXE-FIELD-A-INTA-loc,887,9407b69f-8a8d-4f06-8dcc-c8a92a2cb2f0,f,f,0,0,0,1752901655:00000000000000000981
eb7a3797-fc0e-a645-d6df-dad4adfb2791,FXE-FIELD-A-PAEA2-loc,888,24c22d97-56e9-4500-93a8-a2dcc0f3120e,f,f,0,0,0,1752901655:00000000000000000982
dbf9b5ca-4c06-0e44-3c66-a964a94446c8,FXE-FIELD-A-MRNA-loc,889,13661173-fd25-410b-8d4f-e44b67ab5b84,f,f,0,0,0,1752901655:00000000000000000983
7ef37993-356d-23d0-4862-414ad07959ce,FXE-FIELD-A-BFIA-loc,890,b31beb74-6981-4598-949d-81009119a082,f,f,0,0,0,1752901655:00000000000000000984
a867a889-afef-fb54-77c5-80bb7fd021d8,FXE-FIELD-A-UIZA1-loc,891,3a76371f-fc63-4054-b98a-0569e51d7e1d,f,f,0,0,0,1752901655:00000000000000000985
0f647d4f-ad90-af53-fe82-a05e1a950fa0,FXE-FIELD-A-IGM-loc,892,935f40ab-8363-4c4b-940a-37e6d01b6e5a,f,f,0,0,0,1752901655:00000000000000000986
fe7eba59-8418-593e-56e1-ffcb2832a324,FXE-FIELD-A-BOSR-loc,893,f23dbeba-047d-4d7d-b2f5-52a73465ba0b,f,f,0,0,0,1752901655:00000000000000000987
29a19b62-35e7-d638-370a-63caa8bcb911,FXE-FIELD-A-GCCA-loc,894,a6418c20-9aef-42b1-93f7-b3be131923fd,f,f,0,0,0,1752901655:00000000000000000988
3f8d1996-eec4-d3ca-dc45-8a9ed69511e3,FXE-FIELD-A-LGCA-loc,895,204c7d12-3db6-4b38-afab-b2167f0bc42c,f,f,0,0,0,1752901655:00000000000000000989
9a01f27c-5440-5df2-c666-ffc1cd2eb2a3,FXE-FIELD-A-FSDR-loc,896,9c7d5def-f8e1-481e-ae71-af539da12fb1,f,f,0,0,0,1752901655:00000000000000000990
5c146058-1479-df13-9d92-bb9d98b71306,FXE-FIELD-A-SQLA-loc,897,17e59992-9b2f-43f4-a647-face277bb806,f,f,0,0,0,1752901655:00000000000000000991
88b84506-dbc7-d5f4-dec8-8f75af9a43d2,FXE-FIELD-A-UGIA-loc,898,0c66e2a2-8efe-450d-b74a-115cbcc8ade0,f,f,0,0,0,1752901655:00000000000000000992
12bfc0c7-1721-7c29-9c6f-73b7502c05b4,FXE-FIELD-A-LITA-loc,899,dccd7392-6bec-4010-9cfd-b7c504c22726,f,f,0,0,0,1752901655:00000000000000000993
80375be2-9ca4-4084-b5d7-af224b0420b3,FXE-FIELD-A-OLMA-loc,900,fdf0b74e-f99a-4d39-af77-f8f54d0c8328,f,f,0,0,0,1752901655:00000000000000000994
84827e5e-db5a-152e-4718-17474459b601,FXE-FIELD-A-FNTA-loc,901,4a47aac8-1e09-4d81-a60b-f4967c7aa31d,f,f,0,0,0,1752901655:00000000000000000995
8df17bbb-12a0-b8ed-b34f-297588273ca4,FXE-FIELD-A-SEA-loc,902,37045385-9733-4bb1-b0fd-ca1b054bd29f,f,f,0,0,0,1752901655:00000000000000000996
51eeaaa2-a8f9-cea6-50a8-971c5e4f8d66,FXE-FIELD-A-MKEA-loc,903,79eff328-0f82-46a3-8832-4e7a93e4ba14,f,f,0,0,0,1752901655:00000000000000000997
cd80f8e9-da44-d1cd-2d04-90f86429415b,FXE-FIELD-A-FARR-loc,904,ac06ee47-b0ad-49a0-b241-e861834b60c5,f,f,0,0,0,1752901655:00000000000000000998
3e53b40c-26de-1c0d-ce64-2daac26369b7,FXE-FIELD-A-RUTA-loc,905,fbb9e8b8-573b-4cbb-a065-5d4a7883a049,f,f,0,0,0,1752901655:00000000000000000999
904777f2-1ce7-ac6a-a03e-9fef041f1dc6,FXE-FIELD-A-FAYA-loc,906,9047b9a9-5c17-4dd6-a1a1-b05690540f5a,f,f,0,0,0,1752901655:00000000000000001000
b5e50397-1c96-4dd6-2250-7f839740e09a,FXE-FIELD-A-EVAA-loc,907,a1a31e57-a330-4c16-8e72-c903c018b904,f,f,0,0,0,1752901655:00000000000000001001
d079ecc7-912e-1ba9-5023-43da9264ec0a,FXE-FIELD-A-VISA-loc,908,07f917c5-c0ad-45fc-8de2-8683595ef998,f,f,0,0,0,1752901655:00000000000000001002
b6c22912-fdb1-375e-d8a9-0dea9ca8666c,FXE-SFOR_loc,909,438225b4-9d2e-4af4-9b3f-ec6b0ce0edac,f,f,0,0,0,1752901655:00000000000000001003
f4df6388-eac4-50ab-9c8f-f3142d4dd060,FXE-FIELD-A-AZOA-loc,910,f306d560-33b2-45af-9466-a1cd5ca9385c,f,f,0,0,0,1752901655:00000000000000001004
5f1e30dc-40e1-ea28-0624-ee81a20ee68f,FXE-FIELD-A-ALNA-loc,911,1c1b8f16-4c9d-4b07-82a9-be39dda667e3,f,f,0,0,0,1752901655:00000000000000001005
b12e9377-ea72-b4a0-0ceb-24629d131270,FXE-FIELD-A-CLEB-loc,912,01f73cea-d7f7-46d9-ab28-fd22d57ba356,f,f,0,0,0,1752901655:00000000000000001006
b1b9037a-2c9d-f85e-e960-f873171d38eb,FXE-FIELD-A-SLCA-loc,913,b543e89e-b9cb-46b0-bf58-6c8cc192e206,f,f,0,0,0,1752901655:00000000000000001007
f1da3268-3732-51c2-a535-9dd5372aafc7,FXE-FIELD-A-HGRA-loc,914,3f963dfe-320c-4e0b-89ad-087662417a88,f,f,0,0,0,1752901655:00000000000000001008
613627dd-21ae-4250-40e1-ff635a942dca,FXE-FIELD-A-SEGA-loc,915,ae34a942-9fa9-464c-ae97-39c8a30daa85,f,f,0,0,0,1752901655:00000000000000001009
9b3e60a2-48ff-3449-5a75-4fa882f7296c,FXE-FIELD-A-PHLRT-loc,916,9071fd35-c83d-42d3-a334-e99a7ea8d70b,f,f,0,0,0,1752901655:00000000000000001010
7f91b743-b26c-e0b3-61b6-af3fa1bb6f29,FXE-FIELD-A-NZJA-loc,917,92cc7844-b19d-4868-96c0-cc17849c7f55,f,f,0,0,0,1752901655:00000000000000001011
3b9f7234-5254-77c2-0dd7-3da2bb1f30e6,FXE-FIELD-A-MTCA-loc,918,3a2768a3-17fc-4562-b8c8-1195450794f6,f,f,0,0,0,1752901655:00000000000000001012
f776b44b-1368-5dec-a855-756278806efe,FXE-FIELD-A-RNOR-loc,919,2d2bff7d-54a2-4c40-9856-9c8dc3289d2b,f,f,0,0,0,1752901655:00000000000000001013
80aebf3c-e687-b7ad-51ac-847dc1f8366c,FXE-FIELD-A-CCDA-loc,920,102bc824-2941-4be4-bffe-d309f6e8167b,f,f,0,0,0,1752901655:00000000000000001014
b7bfaabb-a43e-f293-c944-67b4dd1c7242,FXE-FIELD-A-PAER1-loc,921,19dc217c-9ad7-4563-b6ca-2f870c93c29a,f,f,0,0,0,1752901655:00000000000000001015
e6da9cd8-f6d7-f6c2-ff88-8a74a75a26d2,FXE-FIELD-A-HPNA-loc,922,a74e5861-7359-4066-85f5-44444ad8fdf5,f,f,0,0,0,1752901655:00000000000000001016
e66b905e-cdc5-e02c-426f-681349a23b70,FXE-FIELD-A-ELPR-loc,923,3eed8f35-f42e-436f-826e-38386c284159,f,f,0,0,0,1752901655:00000000000000001017
35ce2a0e-3fee-73ef-eb18-b78fb2874f2e,FXE-FIELD-A-EVVA-loc,924,22cb8c2b-27ca-42d6-8899-337b03097c4d,f,f,0,0,0,1752901655:00000000000000001018
5bab9a20-ddc9-ae21-355d-2b6af1ca117b,FXE-FIELD-A-JSLA-loc,925,433ca057-c046-49b8-98b2-512bab68bfc6,f,f,0,0,0,1752901655:00000000000000001019
8c0421c2-d0d5-404a-be9e-44268caeebc3,FXE-FIELD-A-MCORT-loc,926,d8d55064-3130-4e54-800b-dec21dca78d2,f,f,0,0,0,1752901655:00000000000000001020
a9602133-0a02-2632-63fe-d85450b93fa8,FXE-FIELD-A-LRDA-loc,927,bbdbfb14-ad4f-4c27-af48-33b094e2a74c,f,f,0,0,0,1752901655:00000000000000001021
150f3245-7c34-a78d-021d-13d4407013b1,FXE-FIELD-A-HVNA-loc,928,394f66b4-0e7c-4524-b17f-63d81bf325b8,f,f,0,0,0,1752901655:00000000000000001022
eee57e50-6e25-f774-db1f-c675fe94d8ac,FXE-FIELD-A-EWNA-loc,929,751f6830-cf55-4dca-a928-a041347f9252,f,f,0,0,0,1752901655:00000000000000001023
b9b1a641-b875-4078-d616-e441b97f2428,FXE-FIELD-A-BTVA-loc,930,4afe15b1-c408-45d3-9ad0-9ee6ae9c6359,f,f,0,0,0,1752901655:00000000000000001024
560f70c6-cc56-112b-fbda-6e2045137f24,FXE-FIELD-A-TOLA-loc,931,c6db9fac-fd71-47c9-8a9e-916d67500912,f,f,0,0,0,1752901655:00000000000000001025
0d5e3de9-8e06-23c6-6135-915f8aedac8a,FXE-FIELD-A-CHOA-loc,932,7ae3c126-d77a-424e-9fbb-f47fd00e4856,f,f,0,0,0,1752901655:00000000000000001026
cfe5ca98-2bc6-2ae3-fb18-5ff010501f51,FXE-FIELD-A-RDUSL-loc,933,7c7adcc7-0f32-45bf-8fc5-56d0c3409598,f,f,0,0,0,1752901655:00000000000000001027
6d63de09-6473-89c4-52d0-63fe0bcb72f8,FXE-FIELD-A-MCIR-loc,934,eaf3a57d-e899-40be-9654-3dcf48dddaef,f,f,528,-1,-1,1752901655:00000000000000001028
afcdc171-617e-fd47-3083-4e4966b207ff,FXE-FIELD-A-IPTA-loc,935,7b3bec52-5e99-4bf8-9a74-d0a74136beec,f,f,0,0,0,1752901655:00000000000000001029
bc504f40-2c91-95a9-d42a-52a49043ada6,FXE-FIELD-A-PITA-loc,936,12ecdd9e-cb42-412f-a360-aaf538ae6982,f,f,0,0,0,1752901655:00000000000000001030
439035dd-3288-624e-a0ba-dda0459f7460,FXE-FIELD-A-CIUA-loc,937,208955e8-38c3-49a4-b98e-4777938649f2,f,f,0,0,0,1752901655:00000000000000001031
a69720c6-48b2-5c53-affd-2304607769a2,FXE-FIELD-A-FSDA-loc,938,7e12731f-6b97-411c-9ea4-48c3c2ffb768,f,f,0,0,0,1752901655:00000000000000001032
d41e4b8d-f330-4165-246d-322d2afca9a1,FXE-FIELD-A-CMHA-loc,939,72e7bdba-cba0-4b7a-bb68-489a5122b63b,f,f,0,0,0,1752901655:00000000000000001033
a7c282ce-5df9-b1ed-de50-23890933e93b,FXE-FIELD-A-ESPA-loc,940,a296536a-185a-4cf1-bf27-4cf8c14d7d2f,f,f,0,0,0,1752901655:00000000000000001034
25d88a80-7e9f-828a-ab2d-7b0998c32ca2,FXE-FIELD-A-EWRRT-loc,941,59e4b73d-efb9-4e99-aedb-7137ce268462,f,f,0,0,0,1752901655:00000000000000001035
cb3d7f45-df91-f6fc-fb66-124105743951,FXE-FIELD-A-PIMA-loc,942,e33a34a9-3e58-4bd3-ac36-e5c256da4af0,f,f,0,0,0,1752901655:00000000000000001036
655f2b7a-a1ee-97c2-6ddc-62186dc02836,FXE-FIELD-A-SBDR-loc,943,ea0ca06c-4268-49eb-b7ea-f53386f31a7a,f,f,0,0,0,1752901655:00000000000000001037
d7a06d34-5ca1-c808-4af5-eda4f64e6f06,FXE-FIELD-A-MGCA-loc,944,8682af88-1942-4d36-bec2-c1d709288e76,f,f,0,0,0,1752901655:00000000000000001038
90589624-6964-155e-27f4-d78ad9a39740,FXE-FIELD-A-AVPA-loc,945,9d519774-4d0f-4037-be03-e8a9d9774699,f,f,0,0,0,1752901655:00000000000000001039
178f5beb-80ab-3374-7e37-132f9c72b9c6,FXE-FIELD-A-BXAA-loc,946,9b7a6823-588d-4819-87f1-27a894fef530,f,f,0,0,0,1752901655:00000000000000001040
047f643d-55d0-ed20-ed4f-829263e180bb,FXE-FIELD-A-MYFA-loc,947,a007ea83-d223-4f0f-b08d-7851bba3a3cd,f,f,0,0,0,1752901655:00000000000000001041
77ad849e-b6ef-aae0-a143-afa20a83f1eb,FXE-FIELD-A-STLR-loc,948,ff08035c-46e4-4814-a1e4-e84ff87cae18,f,f,0,0,0,1752901655:00000000000000001042
73dfce51-120b-32fb-1fd9-e57afb3a5625,FXE-FIELD-A-PAER-loc,949,cfc8d4b9-4fd7-43b8-8367-e16ee5002b7e,f,f,0,0,0,1752901655:00000000000000001043
d564cfd1-76c4-f2dc-6991-66036a010706,FXE-FIELD-A-CVOA-loc,950,2c22538a-1429-45ef-9fbe-488db39a3992,f,f,0,0,0,1752901655:00000000000000001044
19fc5f76-814d-ada8-1d50-6aa9542cbd84,FXE-FIELD-A-AVWA-loc,951,a7da27de-3fcc-41a1-84db-1e2e4fe4145f,f,f,0,0,0,1752901655:00000000000000001045
92339f24-1055-f630-12e8-52958cc3ace9,FXE-FIELD-A-GRRA-loc,952,152064be-3e45-40d6-a3fb-065f36ceb6db,f,f,0,0,0,1752901655:00000000000000001046
89e88c30-11d7-5b8a-1497-5626e3aefa83,FXE-FIELD-A-BJJA-loc,953,82f351ed-09cc-45d2-9270-1580fb70e9d8,f,f,0,0,0,1752901655:00000000000000001047
1765782e-ef5a-938e-5c6c-a37f71400287,FXE-FIELD-A-BGRA-loc,954,2c026364-6ff0-4222-8294-fb9cd9797616,f,f,0,0,0,1752901655:00000000000000001048
48d88f1b-d73d-9c77-6a5e-c62761dfac4e,FXE-FIELD-A-BIL-loc,955,e68652f5-c184-4627-8398-0b6f2f5cc506,f,f,0,0,0,1752901655:00000000000000001049
809be94c-b1e3-d44f-6f15-999d4e238277,FXE-FIELD-A-SOWA-loc,956,68209954-aeb5-4e6c-a58d-58d66b235396,f,f,0,0,0,1752901655:00000000000000001050
2a7b60a2-f6a9-34b1-34ac-cddff77f7d29,FXE-FIELD-A-RDVRT-loc,957,c7c83af8-aeba-4c4d-8fb0-5d77165ddfb5,f,f,0,0,0,1752901655:00000000000000001051
e8de7f0c-8474-ade9-74aa-b3149080e509,FXE-FIELD-A-CVGR2-loc,958,72b34e52-8c15-4b0f-9ac8-5cbf99063c01,f,f,0,0,0,1752901655:00000000000000001052
074df983-2507-dabb-0360-17e5c30374c9,FXE-FIELD-A-LEXA-loc,959,18c47e24-3f5a-4ac2-8a98-a32ad4c45c7d,f,f,0,0,0,1752901655:00000000000000001053
110104e8-e5f3-79e7-c295-94e924c2e37f,FXE-FIELD-A-LGUA-loc,960,d47ab539-bc67-4294-8aaa-ed6bb6b17128,f,f,0,0,0,1752901655:00000000000000001054
13e9dcf6-34e2-eea1-401a-e065c3e02908,DTWR_loc,961,3e1d2625-0e1f-467b-b7e2-fcbda412b026,f,f,0,0,0,1752901655:00000000000000001055
1075c012-398a-2c6f-ce94-8f24555cfd2a,FXE-FIELD-A-LASR-loc,962,86ff526e-0a3a-4284-b984-6a2e9f8a984a,f,f,0,0,0,1752901655:00000000000000001056
23270f9a-15fd-7591-b382-2d4f5ff25fa3,FXE-FIELD-A-CVNA-loc,963,2130c087-8060-4780-b2d6-758a0e3a50ab,f,f,0,0,0,1752901655:00000000000000001057
ebf9e9db-f512-5d4e-7b84-70c2f5f9e8a7,FXE-FIELD-A-JVIA-loc,964,b22cb844-af4b-4849-adbe-c24d464ee077,f,f,0,0,0,1752901655:00000000000000001058
271a22f4-6b01-0d60-9605-083bd072fba3,FXE-FIELD-A-YKMA-loc,965,d4e63e10-692f-4e62-b548-85f720bd10ce,f,f,0,0,0,1752901655:00000000000000001059
f6086ef7-f22c-0ac7-322c-3d222969bcf2,FXE-FIELD-A-LYHA-loc,966,e15c094d-90d3-4a67-adc3-863d0e776cb9,f,f,384,-1,0,1752901655:00000000000000001060
068dc159-c6a2-8542-c0b8-8a3d1825de2f,FXE-FIELD-A-FNLA-loc,967,77e06caa-c8f2-4430-a005-760df319593a,f,f,0,0,0,1752901655:00000000000000001061
0d358916-5b5a-7715-ce55-1c3ed3e555e2,FXE-FIELD-A-PDTA-loc,968,235512f5-5765-4d69-9ca8-876d924b305e,f,f,384,-1,0,1752901655:00000000000000001062
a60db5b4-56db-8acd-c86e-1d609aab6788,FXE-FIELD-A-SGFR-loc,969,92443b1e-57a5-4466-bc4e-ea0cdc69f8fe,f,f,0,0,0,1752901655:00000000000000001063
e5b5b212-66d7-92ba-b67a-6e84a3cd6c79,FXE-FIELD-A-MGMA-loc,970,58e053f2-561c-4b42-b420-bcc6e140613b,f,f,0,0,0,1752901655:00000000000000001064
bb7901d8-e4c8-577f-d7f5-e890edf4d086,FXE-FIELD-A-LWSA-loc,971,e54c1d68-3c60-4332-9867-7283e67acc04,f,f,384,0,-1,1752901655:00000000000000001065
edc09dd8-126d-c883-3c30-750cbdce361b,FXE-FIELD-A-FLGA-loc,972,fed70bb5-a2ef-4482-a2ac-597ae5e622cf,f,f,0,-1,-1,1752901655:00000000000000001066
d32a1d01-905d-5319-6e91-9a8808c87f48,FXE-FIELD-A-AUSA1-loc,973,b70ce042-3cb6-4edd-90d0-5ab9e244a600,f,f,0,0,0,1752901655:00000000000000001067
6b66a367-d237-bf40-b013-0a9bfb11ea6d,FXE-FIELD-A-MBSA-loc,974,0d82b033-5216-4da8-87e4-0fbccc0ce026,f,f,0,0,0,1752901655:00000000000000001068
128ef25e-e3f5-d416-78da-251563e3687f,FXE-FIELD-A-LUFA-loc,975,3921837c-e926-42ed-adfd-642da7d65c44,f,f,0,0,0,1752901655:00000000000000001069
0253246b-41ff-5ba3-2837-977e9f00ff7a,FXE-FIELD-A-SMFRT1-loc,976,311daa15-7ea8-4cf5-85cc-b3eb84518083,f,f,0,0,0,1752901655:00000000000000001070
5ac49655-17d4-ef63-3138-4a7458576ebf,FXE-FIELD-A-CRPA-loc,977,eabdef63-a800-4e42-812c-5b46dbd0649c,f,f,0,0,0,1752901655:00000000000000001071
638b904d-ef11-f5e1-f08f-ccb2c7b13ed4,FXE-FIELD-A-BGMA-loc,978,98c686e3-34bf-47f9-b17c-5bbb2b64690e,f,f,0,0,0,1752901655:00000000000000001072
059da336-483e-68da-e55e-bb17781061c8,FXE-FIELD-A-TDJX-loc,979,03c81261-d470-4c53-b6b1-cbf25313d27b,f,f,0,0,0,1752901655:00000000000000001073
e5a2e485-0396-1e2b-1b50-46833ca1d232,FXE-FIELD-A-LAXRC-loc,980,77f9897b-340c-4253-8494-3760acefbc0b,f,f,0,0,0,1752901655:00000000000000001074
b43406f2-0173-27a0-be2d-8c9fdb43bf2d,FXE-FIELD-A-LAFA-loc,981,9238f2fb-a9f1-4571-ba65-a5026c789173,f,f,0,0,0,1752901655:00000000000000001075
8e126985-51da-b3e0-2a40-8ed89b7ac247,FXE-FIELD-A-WHHA-loc,982,114f2259-1268-4797-87d3-10212f9f8ec6,f,f,0,0,0,1752901655:00000000000000001076
237c9269-000d-1e7a-6712-5394f0f28f37,FXE-FIELD-A-ICTR-loc,983,768e425f-bc9c-4935-9024-a561c8770f19,f,f,0,0,0,1752901655:00000000000000001077
a9291669-112f-e9cc-f300-81d9c504f4b5,FXE-FIELD-A-OSUA-loc,984,04343818-7d6a-4296-bc40-9b0c283ecc63,f,f,0,0,0,1752901655:00000000000000001078
97913445-eb8d-b137-4b14-588233775e37,FXE-FIELD-A-BWIA-loc,985,1b803bdb-1830-4dee-ba79-9817f91da683,f,f,0,0,0,1752901655:00000000000000001079
71ad1f21-aa46-7a3e-89cd-cba3d0286f55,FXE-FIELD-A-DFWD-loc,986,a52eae26-6efa-4254-940c-d684a27dfb4b,f,f,0,0,0,1752901655:00000000000000001080
ff29b0e5-79f6-2760-49d7-cbdfb033c0db,FXE-FIELD-A-CVGRT-loc,987,69fb3cea-ed36-4aec-826a-c1d7181b91cf,f,f,0,0,0,1752901655:00000000000000001081
f2e7a8b8-a6b5-4873-e7b1-2699c8a91fc5,FXE-FIELD-A-MLUA-loc,988,6e1f93c6-62bc-4f7a-8ad7-431dabc03394,f,f,0,0,0,1752901655:00000000000000001082
e8b0862c-6da7-7fc5-8ed0-fed8f48237ab,FXE-FIELD-A-HOUA-loc,989,cf496719-b476-4a18-89d4-509fefff7ea0,f,f,0,0,0,1752901655:00000000000000001083
29d9e7d1-cfa0-c5fc-22e1-e784c31cdd40,FXE-FIELD-A-OGGA-loc,990,2ec6d797-09c2-437f-8d0e-ddf8468bf2f9,f,f,0,0,0,1752901655:00000000000000001084
cb5ac73e-8990-f3f1-d10c-52f6f98bd4c2,FXE-FIELD-A-MDTR-loc,991,e85e706b-9283-4aad-a273-5f9ec6ebcf8e,f,f,0,0,0,1752901655:00000000000000001085
ebb2bb0f-8ac4-c7a4-d7a3-53ec244d40ae,FXE-FIELD-A-TPFA-loc,992,bca8a028-950f-48e6-9876-07c30c8a23cd,f,f,0,0,0,1752901655:00000000000000001086
a8dc397a-1856-b9bd-ad95-c8304fd5ddde,FXE-FIELD-A-ERIA-loc,993,984af0f1-4db7-431b-8df4-ce6ab7d22caa,f,f,0,0,0,1752901655:00000000000000001087
62747d78-5d69-ab4b-76b8-3059e00f0d4a,FXE-FIELD-A-BTFA-loc,994,7edeb887-b4a3-43f6-a041-18a53a99020f,f,f,0,0,0,1752901655:00000000000000001088
e11c0c75-e7bf-cd52-6151-10c598afd126,FXE-FIELD-A-JVIS-loc,995,aa4700bb-427e-4f78-981a-2ad45b94eac4,f,f,0,0,0,1752901655:00000000000000001089
9b34976c-2a61-01fb-822a-a60e62e0385d,FXE-FIELD-A-CLES-loc,996,e9c7d643-dc20-4ca5-af1f-2c4d0e163ab9,f,f,0,0,0,1752901655:00000000000000001090
824815b5-b726-d4af-9edc-0c02c999e48d,FXE-FIELD-A-FATR-loc,997,853a4dec-cf41-49a8-bac1-01c62c1e7ebb,f,f,0,0,0,1752901655:00000000000000001091
708e8cd4-ab31-d1da-84c5-de82675a8ee0,FXE-FIELD-A-LAXFT-loc,998,68ec8224-db6a-49e0-9091-2128e3053dfc,f,f,0,0,0,1752901655:00000000000000001092
147878b9-bf92-6b41-5a52-2d54ca8389bb,FXE-FIELD-A-PWKA-loc,999,a6b40b2a-a70e-43c4-9e88-e6ca8ef9a744,f,f,0,0,0,1752901655:00000000000000001093
4b4148c7-e5e7-1d9d-f467-8023bb49a7d0,FXE-FIELD-A-PITRT-loc,1000,dbfb8dda-ca9e-4f9b-bab8-84502f836659,f,f,0,0,0,1752901655:00000000000000001094
9d3c13d7-c3de-98c1-7562-88296169580e,FXE-FIELD-A-DLHA-loc,1001,d9d341f3-253a-4977-985b-6d63afcaa79d,f,f,0,0,0,1752901655:00000000000000001095
9dc9b0f7-d649-bdd2-8613-312fe22be37d,FXE-FIELD-A-ROAA-loc,1002,e8ccdd34-e0ee-4098-87ad-00e87b70a725,f,f,0,0,0,1752901655:00000000000000001096
93aa8496-55f9-79b9-7038-396f6f0d765a,FXE-FIELD-A-SDFA-loc,1003,301d2fdc-96c0-4f50-9318-f278d8061a62,f,f,0,0,0,1752901655:00000000000000001097
e77c6d56-0c74-a11b-00b5-bacdce17798f,FXE-FIELD-A-HIBA-loc,1004,dd271aa4-36d2-432f-8a41-35030f69a5a2,f,f,0,0,0,1752901655:00000000000000001098
39c03872-fca4-2425-b301-59bf97a106d4,FXE-FIELD-A-ONTA-loc,1005,3ab5e241-b503-41be-b4f1-fc357ce4afe8,f,f,0,0,0,1752901655:00000000000000001099
9ea1b503-1d95-dca7-c14f-60493082f6f4,FXE-FIELD-A-LCKR-loc,1006,33613092-f487-48bc-94c3-a54536d0b8bf,f,f,0,0,0,1752901655:00000000000000001100
fd310fa1-7388-cdd5-f06e-7a823297d04d,FXE-FIELD-A-AELA-loc,1007,d19b78fe-4f0f-4308-a296-09882af8011b,f,f,0,0,0,1752901655:00000000000000001101
6a574430-71e7-4dc6-ee0e-e2474f205389,FXE-FIELD-A-RSTR-loc,1008,0383836e-cf94-4d5f-aaea-374480af4e3e,f,f,0,0,0,1752901655:00000000000000001102
ce1187ea-4997-4439-a232-d24be4786b21,FXE-FIELD-A-CLDA-loc,1009,32fd7465-7beb-4235-889f-b353af63221c,f,f,0,0,0,1752901655:00000000000000001103
ae167eba-9f01-7606-ad47-20dec4ca41d2,WTCA_loc,1010,a8cb19c5-7f00-45d2-9e2d-95a3ca43006b,f,f,0,0,0,1752901655:00000000000000001104
73bcc82b-8456-03d1-4551-f6a6ad39dce7,FXE-FIELD-A-MLIA-loc,1011,336a8b29-1165-4242-9460-950b630a162a,f,f,0,0,0,1752901655:00000000000000001105
197506b1-b166-a184-3677-fe845a7f533c,FXE-FIELD-A-JXNA-loc,1012,afa61636-9014-429f-a09f-d575953fe441,f,f,0,0,0,1752901655:00000000000000001106
68f36745-e659-7a90-da57-3e784b977074,FXE-FIELD-A-NOTA-loc,1013,4b702770-0ae1-4d7d-90d3-6d79a8b25981,f,f,0,0,0,1752901655:00000000000000001107
88e73730-5be2-8aaf-8ae5-8cbc985c25e5,FXE-FIELD-A-MZZA-loc,1014,5b4bdeef-4d68-4b86-be53-85c8a8bac8b8,f,f,0,0,0,1752901655:00000000000000001108
15cf8732-ef34-2562-7fe7-ecc66483b7b6,FXE-FIELD-A-PNVA-loc,1015,50b04450-19ee-49ff-83f5-bba7c75f7b5c,f,f,0,0,0,1752901655:00000000000000001109
715c9d80-a9ec-e8f2-1543-59d5ac6b77cf,FXE-FIELD-A-ANBA-loc,1016,2e188e46-372a-4831-b15d-c90f5b8fec5e,f,f,0,0,0,1752901655:00000000000000001110
aa8da1a2-70f3-e3bb-9e66-52b21b48d054,FXE-FIELD-A-DFWR-loc,1017,63dff2cb-0933-4175-9ae0-2af1b236322d,f,f,0,0,0,1752901655:00000000000000001111
253ca1e1-32d4-383f-7725-765d312bdc7c,FXE-FIELD-A-BNHA-loc,1018,dcf13878-4a18-47fb-86df-0b6fc0fe291e,f,f,0,0,0,1752901655:00000000000000001112
85591f34-aaac-e938-e0ca-ce1163a50458,FXE-FIELD-A-LEEA-loc,1019,284b9802-0eb8-49da-8472-6c3119cb9aab,f,f,0,0,0,1752901655:00000000000000001113
f7bfcaaf-d8f3-fa10-752a-357fdd1648fd,FXE-FIELD-A-LRUA-loc,1020,34df55e1-3bcb-48ec-a96e-8a4b147ef320,f,f,0,0,0,1752901655:00000000000000001114
86604f24-bf51-296e-7348-bf98b0fbd232,FXE-FIELD-A-ITOA-loc,1021,0eba5844-65b4-4cad-b439-314bb4159f47,f,f,0,0,0,1752901655:00000000000000001115
d4e0508a-e47d-e105-0b4f-ebc3f33e037e,FXE-FIELD-A-DIKA-loc,1022,47a09602-86b8-4d4e-9d10-286cf2b10b31,f,f,0,0,0,1752901655:00000000000000001116
0e86d2f7-4463-10ee-92f3-a0dedcefe437,FXE-FIELD-A-NMZA-loc,1023,ef50d8b8-1688-4073-b410-bd275807d556,f,f,0,0,0,1752901655:00000000000000001117
82cc3161-fe2f-aef7-a0b4-0ced9bcece15,FXE-FIELD-A-CAKA-loc,1024,00367b8a-2057-4949-8cb1-152688e15653,f,f,0,0,0,1752901655:00000000000000001118
3923cebd-1bf7-72ca-bb83-b4ad7c3c67ce,FXE-FIELD-A-HTSR-loc,1025,733dcabe-6b90-4be3-8499-e7f8fc5b6697,f,f,0,0,0,1752901655:00000000000000001119
e111b294-46e6-78f4-745e-d83d42689a39,FXE-FIELD-A-GFKA-loc,1026,ffe4076e-ff05-412f-8092-c668002dae80,f,f,0,0,0,1752901655:00000000000000001120
b98eda59-38cd-c380-71bd-e70150c1cf3b,FXE-FIELD-A-HSVRT-loc,1027,b7b5014d-11f8-4bb0-8104-5e474c547bd4,f,f,0,0,0,1752901655:00000000000000001121
31824f0a-e64e-d4f4-bb97-4908b035dbcf,FXE-FIELD-A-JGXA-loc,1028,de325317-d2d2-4571-9a8f-0f388a24a007,f,f,0,0,0,1752901655:00000000000000001122
be674e27-10b8-b355-75a1-90eeb1a5f6f3,FXE-FIELD-A-HLNA-loc,1029,ae88b81e-fcbf-41ac-9a07-015322c5d7fc,f,f,0,0,0,1752901655:00000000000000001123
ec427e09-20d4-13f2-fba2-bcd4c4d400f2,FXE-FIELD-A-PVUA-LOC,1030,7c038b82-9fa9-4e54-b56f-4a0ea7efb924,f,f,0,0,0,1752901655:00000000000000001124
3f223445-2987-63f6-1040-81ec852fbd71,FXE-FIELD-A-STJA-loc,1031,7eddcfef-8db4-4c93-a164-f5a3ccc539e5,f,f,0,0,0,1752901655:00000000000000001125
725006c4-230b-cef6-bba1-f7b9446e3d2c,FXE-FIELD-A-SUSA-loc,1032,defc1be3-2278-42c3-9cc7-73cb0f9619af,f,f,0,0,0,1752901655:00000000000000001126
503950ef-0341-a31e-9983-2f1856dd1369,FXE-FIELD-A-LAWA-loc,1033,bdf88d3a-1155-4b97-a9be-9f0e477e97d6,f,f,0,0,0,1752901655:00000000000000001127
cda73945-c514-799b-4c12-4caf2aba292b,FXE-FIELD-A-RIWA-loc,1034,76e046fa-45a3-4257-88dc-5c5c0cb02d25,f,f,0,-1,-1,1752901655:00000000000000001128
8868ccb5-3024-3922-bdae-2e6b645b1480,FXE-FIELD-A-PYMA-loc,1035,3c52ffed-0ffa-4470-b7c1-3b47b5e51bf7,f,f,0,0,0,1752901655:00000000000000001129
8e197abb-477a-ee4e-a0fb-a01aab0a2261,FXE-FIELD-A-PGVA-loc,1036,33e4400f-0dc9-40fc-933f-55a540db105f,f,f,0,0,0,1752901655:00000000000000001130
2dcb5c4e-7936-8de2-5a65-c9724eadc384,FXE-FIELD-A-SRFA-loc,1037,e7d0a1dd-16f3-4a10-a601-6381e78d1ecc,f,f,0,0,0,1752901655:00000000000000001131
53a6f036-381f-4099-2e88-79bfa8555a19,FXE-FIELD-A-BHMRT-loc,1038,e98ec716-83dc-4c10-b218-476fdbb41d6c,f,f,0,0,0,1752901655:00000000000000001132
b8a8e1a8-78ef-a9e9-cce5-631ab8c59ce4,FXE-FIELD-A-SFOE-loc,1039,2f1c15ad-28f9-4cdc-afeb-70f7a9b3aa98,f,f,0,0,0,1752901655:00000000000000001133
bdf7c84b-366c-8ee4-b348-84e8e07f66d7,FXE-FIELD-A-EARA-loc,1040,1de124c0-97e2-49a0-a9ca-f006cce65229,f,f,0,0,0,1752901655:00000000000000001134
29b16ba9-76b0-b542-c6fe-2328d40ad1c6,FXE-FIELD-A-ACKA-loc,1041,80ce3b52-17ba-4dfa-bd75-0532a8d5d92a,f,f,0,0,0,1752901655:00000000000000001135
33fee9c8-0318-f03b-4331-1a933a1db55b,FXE-FIELD-A-PRIA-loc,1042,d1a661cd-d63f-46f8-a27e-f9cf2f46c7fd,f,f,0,0,0,1752901655:00000000000000001136
5441d2cb-8f10-8a54-ea36-cb2791ce352c,FXE-FIELD-A-PNEA-loc,1043,940c12dd-5a56-4b9e-b20a-ce76227583ae,f,f,0,0,0,1752901655:00000000000000001137
9dd621ee-12fd-d35a-6c47-e2d534508acd,FXE-FIELD-A-OKKA-loc,1044,59f56375-e9c9-4322-85af-809324e88ee9,f,f,0,0,0,1752901655:00000000000000001138
5a69e70c-cf9b-7dcf-7ac3-20456a6f459f,FXE-FIELD-A-NOHA-loc,1045,8ee3f63f-8b16-4b07-91fc-5c90c07c24d5,f,f,0,0,0,1752901655:00000000000000001139
8f81ed22-bee9-ba0f-353f-eeb3440a1d2b,FXE-FIELD-A-HAVSC-loc,1046,423c0d36-fb77-4183-b3cb-540eb662d32d,f,f,0,0,0,1752901655:00000000000000001140
2d02ab12-273b-538c-cdfe-83788f2c205a,FXE-FIELD-A-SEART-loc,1047,75e05f8c-e8fc-46b6-881a-7bf6b0718ef3,f,f,0,0,0,1752901655:00000000000000001141
7606019a-dbe5-36ce-96f0-0760693eb164,FXE-FIELD-A-MKTA-loc,1048,98213287-a600-4292-8723-d96bb4c4b014,f,f,0,0,0,1752901655:00000000000000001142
7f4b0752-8ec1-c4f3-e8d8-e97d9bc406d7,FXE-FIELD-A-TUPA-loc,1049,383e9a63-1719-4379-964a-d1a0bb63b389,f,f,384,-1,-1,1752901655:00000000000000001143
f6c156dd-ab6e-9b3d-e677-453076a0eb79,FXE-FIELD-A-TWFA-loc,1050,b008a3f7-43c2-4e88-9c55-76a1788bc812,f,f,0,0,0,1752901655:00000000000000001144
711c3d84-e41f-5012-4800-21f043a590f1,FXE-FIELD-A-RHVA-loc,1051,1490189f-fe36-4bd9-b79a-60d742af6127,f,f,0,0,0,1752901655:00000000000000001145
657059ce-b25a-e2ac-39c7-ef4d17f721fe,FXE-FIELD-A-BWIR-loc,1052,0d6f07b5-9ef0-4fd8-bcf9-27405a319831,f,f,0,0,0,1752901655:00000000000000001146
e2bc24c9-d25b-0152-8c73-3d6c98174739,FXE-FIELD-A-RIDA-loc,1053,60c15862-9c48-4fb1-9951-43af975da1a7,f,f,0,0,0,1752901655:00000000000000001147
842ec530-6bd3-7ffd-0605-87dbbe0e10b8,FXE-FIELD-A-CVAA-loc,1054,d2bf9c98-e95f-4239-b2f1-c2978594703b,f,f,664,0,0,1752901655:00000000000000001148
60e29756-7e26-91c5-dfb4-aef7b2c17a27,FXG-FIELD-A-0502-loc,1055,6f829ee1-fcc4-45be-9bd6-12539e026bc8,f,f,0,0,0,1760373680:00000000000000001630
09d4e121-3f28-e4b1-77d4-16f18f52aef1,FXE-FIELD-A-IFPA-loc,1056,9f600cb6-6543-42fb-9602-60a1c3940492,f,f,0,0,0,1752901655:00000000000000001150
cb78b2cd-2f4c-c8fd-7613-2e4457359c55,FXE-FIELD-A-AGCA-loc,1057,59d37b1a-1133-411f-ad60-28de496a7fb4,f,f,0,0,0,1752901655:00000000000000001151
f2183824-c9e0-b36f-9f70-ebf4cc2d40b5,FXE-FIELD-A-DTWRT-loc,1058,1284ec05-a650-4f5f-847f-444c67f21081,f,f,0,0,0,1752901655:00000000000000001152
77f7d56c-cb6d-13d5-7528-97f52b2631ec,FXE-FIELD-A-HRLB-loc,1059,e6c19cc1-1b23-4c7f-bdea-aa5353f9b0d0,f,f,0,0,0,1752901655:00000000000000001153
da1afdbf-95f9-739e-fd66-26d15176150a,FXE-FIELD-A-SJCRT-loc,1060,c645afbb-aada-47bf-92fe-4f6558b75e4b,f,f,0,0,0,1752901655:00000000000000001154
594590c8-e390-9bfb-923d-30a0d72abbe8,FXE-FIELD-A-LOUA-loc,1061,a865fca6-b1f9-48e6-aa5f-03ca6da28c22,f,f,0,0,0,1752901655:00000000000000001155
b886a2fc-d973-ab91-5264-deef7dcb7291,FXE-FIELD-A-MFRA-loc,1062,3be8948f-a1ab-4589-8464-b46984dbffe2,f,f,0,0,0,1752901655:00000000000000001156
5f4611e9-a665-4d1b-bd4c-af581d81f2a5,FXE-FIELD-A-TYSRT-loc,1063,49ddbaa1-3c54-4cc1-9dc3-3e72bba974b7,f,f,0,0,0,1752901655:00000000000000001157
4498345c-188d-c18b-eb12-0d95ca77b75b,FXE-FIELD-A-JEFA-loc,1064,1a77b08b-5241-463f-b28d-22ad8e3dc34a,f,f,0,0,0,1752901655:00000000000000001158
d7549e4f-79ee-a8e2-9fc7-1ac0fa61210e,FXE-FIELD-A-HBYA-loc,1065,b24d638e-8810-43d9-818c-fc1d0fcbb599,f,f,0,0,0,1752901655:00000000000000001159
922e270a-30bb-753a-c76e-983f97348cc0,FXE-FIELD-A-SWFR-loc,1066,a45eed66-0dd8-4bdc-834d-4d488228bac0,f,f,0,0,0,1752901655:00000000000000001160
84feb411-9747-4d2d-a84f-ede0449415a0,FXE-FIELD-A-IKKA-loc,1067,2836aff4-e6fb-419c-b8bc-8daafac0a255,f,f,384,-1,0,1752901655:00000000000000001161
2b723a2a-eee5-ee70-c548-b87198e03afd,FXE-FIELD-A-BISVM-loc,1068,05f76f09-de3b-422c-be98-7541df893342,f,f,0,0,0,1752901655:00000000000000001162
5a6e925d-1169-1f7b-111d-86b3b847e5e1,FXE-FIELD-A-HBGA-loc,1069,923c4b32-762f-45e0-bb0e-0f27496b16a9,f,f,0,0,0,1752901655:00000000000000001163
6be8baa8-3903-4e5b-8f73-e02b37130091,FXE-FIELD-A-ABQR-loc,1070,e174a3c8-f179-4ffc-a00c-cadc3a2ca193,f,f,0,0,0,1752901655:00000000000000001164
0b2b5b81-c5bf-4f34-ccce-b669d8b6f2df,FXE-FIELD-A-ZSYA-loc,1071,e411ec47-467e-4c7e-8af1-3173ee6fa504,f,f,0,0,0,1752901655:00000000000000001165
357b1961-42a4-a250-1734-ba14199301e3,FXE-FIELD-A-ROCR-loc,1072,e81c2b97-d70c-433a-9fa7-ab582ac18bd3,f,f,0,0,0,1752901655:00000000000000001166
081dc7a7-f1c4-fc7c-60c8-d11449574ab8,FXE-FIELD-A-GSPR-loc,1073,7a2428f3-ddf7-43ae-bb03-19d83ebe2b1d,f,f,0,0,0,1752901655:00000000000000001167
8cb7c0ca-a2ff-8b5f-76df-d05adb996b81,FXE-FIELD-A-TRIA-loc,1074,8a8114b0-547e-496b-9bfe-32fc15cc797a,f,f,0,0,0,1752901655:00000000000000001168
049ceb1a-0419-6bab-6929-ac372b2eafba,FXE-FIELD-A-MCWA-loc,1075,76ec34b9-a610-450b-9fbd-a6818549cc9c,f,f,0,0,0,1752901655:00000000000000001169
f61ae8a4-ff57-06bf-dfd4-dc27680d9aac,IADVK_loc,1076,65e0f55c-44e6-484c-8f1b-4aa5486ff557,f,f,0,0,0,1752901655:00000000000000001170
12f8d3e6-edbd-1d6a-3c21-69e08ea57a07,FXE-FIELD-A-GUPA-loc,1077,26e570b3-d746-4e39-96e5-62f8d6f3da3f,f,f,0,0,0,1752901655:00000000000000001171
1a51f81d-e30e-c8f9-74f1-fb72ac501f99,FXE-FIELD-A-CBEA-loc,1078,fdb050ae-5f26-4607-8f9e-a3b05d429e7e,f,f,0,0,0,1752901655:00000000000000001172
d0cbbf1e-05b0-1644-217c-441ddda8d9ac,FXE-FIELD-A-FARA-loc,1079,476633a0-1118-4294-a8af-684a6122c563,f,f,0,0,0,1752901655:00000000000000001173
56e63965-777c-cdcb-2202-9d5a46533f26,FXE-FIELD-A-LBEA-loc,1080,80415a43-d2ff-4021-a011-acc1d3972cab,f,f,0,0,0,1752901655:00000000000000001174
e9910072-04bc-9b6d-a6ae-113725a16c77,FXE-FIELD-A-PHNA-loc,1081,cc1e5485-38c7-41bc-b475-b8a89bdcca9a,f,f,0,0,0,1752901655:00000000000000001175
e8f21b84-aaeb-4b2c-c29c-a106a2fdc4b4,FXE-FIELD-A-ADWA-loc,1082,039ef849-08bf-4f44-9baf-6ec372ebdbef,f,f,0,0,0,1752901655:00000000000000001176
fecef773-86d6-6cc4-a770-c8cc915bf65e,FXE-FIELD-A-BRYA-loc,1083,4bf6174c-12c9-4af2-83d6-8eda62c3519b,f,f,0,0,0,1752901655:00000000000000001177
fd697b94-6c52-0736-8cf4-51993e9be840,FXE-FIELD-A-FTCA-loc,1084,c12ef5aa-4afb-4986-9258-1ca4d4b70d3a,f,f,0,0,0,1752901655:00000000000000001178
2d95dc61-6756-de37-74d0-a78ee275809f,FXE-FIELD-A-LOGA-loc,1085,71f77c91-4bf5-4c87-81db-655c6b1120d9,f,f,0,0,0,1752901655:00000000000000001179
86edaccb-1b71-b25a-dc1b-76af8687c978,FXE-FIELD-A-mqya-loc,1086,d29f7f44-7300-4999-8335-14e80092d83e,f,f,0,0,0,1752901655:00000000000000001180
9fdb8edb-1f35-d3d7-82aa-9106d8ddcbd7,FXE-FIELD-A-PKBA-loc,1087,0b5dc7d9-e175-4233-94b1-98b1513d750c,f,f,0,0,0,1752901655:00000000000000001181
5e71dc72-4477-bc9d-a1bd-dc283fa0aafb,FXE-FIELD-A-PITR-loc,1088,bca06ec5-f31f-43a7-874e-ba709719fe76,f,f,0,0,0,1752901655:00000000000000001182
401529d8-e81d-711b-1838-c927e52f5be2,FXE-FIELD-A-HIOA-loc,1089,571beeab-e941-4c08-99b9-57028e7ecfc4,f,f,0,0,0,1752901655:00000000000000001183
f5f21ab7-f714-1619-f365-e445f8cc9d0d,FXE-FIELD-A-BVUA-loc,1090,e934bc75-f31c-4f4a-b95b-eae8e581791a,f,f,0,0,0,1752901655:00000000000000001184
fa21e7be-15ae-56d7-3016-f52377554855,FXE-FIELD-A-PUB-loc,1091,50814d96-3456-425c-abcd-611f72fba282,f,f,0,0,0,1752901655:00000000000000001185
205191c7-c2af-68d5-52ef-6026ba4069fc,FXE-FIELD-A-UGNA-loc,1092,132e9010-21ac-4ac6-b7fb-22788935089b,f,f,0,0,0,1752901655:00000000000000001186
166eca75-6cd9-25fe-edf6-1460fbdcda5a,FXE-FIELD-A-SWFA-loc,1093,3c26daec-8112-43b1-9650-c565ade4ba2f,f,f,0,0,0,1752901655:00000000000000001187
315f5cb7-9f3f-c97f-05ef-c2154b938f78,FXE-FIELD-A-COSR-loc,1094,4ce6df12-001f-4dc6-a2ec-60b6fc137c8b,f,f,0,0,0,1752901655:00000000000000001188
a42564bd-7a20-dd9c-08f8-12e2561e89ec,FXE-FIELD-A-IKBA-loc,1095,cd6f2963-c7be-4670-84d3-fc1a1e0b4d1d,f,f,0,0,0,1752901655:00000000000000001189
26af2fdf-a128-587f-4192-c0775674904c,FXE-FIELD-A-LAXT7-loc,1096,12adfef1-4d2e-4a1c-bc9d-1e9b1cf13f49,f,f,0,0,0,1752901655:00000000000000001190
4d4d220c-ba3a-d130-1200-ea6caf1c4ee7,FXE-FIELD-A-BFIWK-loc,1097,41f9a5f8-54c4-4e97-9f3e-6df194251123,f,f,0,0,0,1752901655:00000000000000001191
80586103-7265-00d5-bce6-be1ac259c58b,FXE-FIELD-A-VLDA-loc,1098,da41e1e9-b6c4-4f44-89e1-9bfb2b43f410,f,f,0,0,0,1752901655:00000000000000001192
e12038b9-21be-1631-3459-13a82e4eb24f,FXE-FIELD-A-FBTA-loc,1099,f259a64f-92e9-4c73-ac75-dc328751e69a,f,f,0,0,0,1752901655:00000000000000001193
10c4f348-71aa-c394-558a-b226f2f493aa,FXE-FIELD-A-VCTA-loc,1100,b37c196f-222e-4e58-bf7f-8121ac5b98b7,f,f,0,0,0,1752901655:00000000000000001194
bbc9e35e-09d7-6a41-80f6-cb5eb64abdeb,FXE-FIELD-A-FLLRT-loc,1101,72f97c7e-6449-4f30-86d0-cf62297be53d,f,f,0,0,0,1752901655:00000000000000001195
505602aa-053e-736e-5813-02395ff8cc80,FXE-FIELD-A-SMFGAO-loc,1102,003dcf30-4ac2-45bf-bfe9-c73f04a27fed,f,f,0,0,0,1752901655:00000000000000001196
2ea2e73d-346f-6c64-ce59-0366bf751ee6,FXE-FIELD-A-MKGA-loc,1103,874658f3-b267-4f97-b58d-baae9e25b6b0,f,f,0,0,0,1752901655:00000000000000001197
f609bc00-337e-4d31-ef58-d6c8157d6a74,FXE-FIELD-A-ONPA-loc,1104,3b2fcbca-75ea-42be-a8aa-2fe707bdd668,f,f,0,0,0,1752901655:00000000000000001198
7ff15463-048c-f26d-09fb-e26c8b41432a,FXE-FIELD-A-HMTA-loc,1105,54771b38-5ebd-4f14-899c-b42def45d92e,f,f,0,0,0,1752901655:00000000000000001199
8d99ad81-bf6e-85d4-36e0-db025cf302f5,FXE-FIELD-A-BCTA-loc,1106,d8bdde3a-38b2-49fe-84d7-06c1563f53b1,f,f,0,0,0,1752901655:00000000000000001200
05fc82e9-4ef8-6354-0f56-8a1312667a1d,FXE-FIELD-A-OBKS-loc,1107,724ff825-d12d-4d2f-8a66-881983f1754d,f,f,0,0,0,1752901655:00000000000000001201
7b7da3ba-81d6-ef17-87c7-add53e3c3ba6,FXE-FIELD-A-FILA-loc,1108,5dab13e5-0a66-4604-8834-7a1639b61f60,f,f,0,0,0,1752901655:00000000000000001202
15a6cc44-78bb-0cca-54ed-a7643c4c9fe0,FXE-FIELD-A-ABIA-loc,1109,b41622de-3dcd-4201-8bd8-3a3cbcba184e,f,f,0,0,0,1752901655:00000000000000001203
e6cfd105-72be-0206-f47e-192008929903,FXE-FIELD-A-AUNA-loc,1110,c8a9edad-f479-43db-a6fa-961ecc66f75c,f,f,0,0,0,1752901655:00000000000000001204
d128412c-271a-3208-6951-3d1a24238497,FXE-FIELD-A-ASTA-loc,1111,2ed8999b-49b6-4f4d-abee-0ce794dfe8e9,f,f,0,0,0,1752901655:00000000000000001205
35e3cdd5-936e-5dcc-ef34-2823ee09809f,FXE-FIELD-A-KLSA-loc,1112,db8fb227-191d-4b7c-bcd4-2c7fbfd2c955,f,f,0,0,0,1752901655:00000000000000001206
d93533b3-f1ef-b1db-5886-e9c5e53a5a54,FXE-FIELD-A-PHDA-loc,1113,9ebe68f0-b127-4c4b-944b-0ccb485f4a81,f,f,0,0,0,1752901655:00000000000000001207
4d0cb4fd-9b6a-0390-72ab-2fc9b167b04c,FXE-FIELD-A-MPZA-loc,1114,f907c452-25a0-4b45-8601-9274a5cae22f,f,f,0,0,0,1752901655:00000000000000001208
00d6b06b-1015-3bf8-5b32-3bdde1335eb2,FXE-FIELD-A-GNVA1-loc,1115,22d5da3e-fac4-4d37-8ceb-1dfd42c7f4d1,f,f,0,0,0,1752901655:00000000000000001209
3af9f879-17ff-8888-38f8-c6c79a0db309,FXE-FIELD-A-LANA-loc,1116,b6294b98-c612-4991-a96a-e89e00dfe1e0,f,f,0,0,0,1752901655:00000000000000001210
17e53721-f0ed-6ca3-79ba-c145dc1d7c0f,FXE-FIELD-A-SFOR-loc,1117,0d2f3d1c-5124-4597-b7ae-f7f26f6a5826,f,f,0,0,0,1752901655:00000000000000001211
75a3b29d-4a53-85c2-af8f-03f3c6db4afb,FXE-FIELD-A-FTYWK-loc,1118,0d851496-05bc-44aa-a412-95e03ca5de46,f,f,0,0,0,1752901655:00000000000000001212
ed16bfc1-1ae7-f156-6c7d-6e6ca4ec5215,FXE-FIELD-A-OKCA2-loc,1119,6f6f3003-e6b1-497d-bf59-7ec15292ecf0,f,f,0,0,0,1752901655:00000000000000001213
6f3fac4f-04ef-e22f-75aa-aa46527a1d4c,FXE-FIELD-A-OTHA-loc,1120,7b004f27-eb82-4612-b729-4cf63c0fcefb,f,f,0,0,0,1752901655:00000000000000001214
32873478-078f-9d69-b408-51b549005e7a,FXE-FIELD-A-GWSA-loc,1121,bfd3fd1d-e07f-4821-9678-65f28e1824a9,f,f,0,0,0,1752901655:00000000000000001215
1d05d630-feca-dba5-e67b-29786891f449,FXE-FIELD-A-MRYA-loc,1122,5c8aa1be-8cb1-4e06-917d-19fc1238fb97,f,f,0,0,0,1752901655:00000000000000001216
d07b26d8-88f8-7589-e877-1487cd72a9b0,FXE-FIELD-A-HYLA-loc,1123,6be77730-56cf-4544-852b-4917129c488a,f,f,0,0,0,1752901655:00000000000000001217
1aaa4c4b-0cde-6e38-9fa5-3a39f577ec99,JDTA_loc,1124,4c6a83c2-920d-4614-a0a2-45866883ce95,f,f,0,0,0,1752901655:00000000000000001218
baeacdb1-ad93-cea3-ba47-2d8f4488e30b,FXE-FIELD-A-BRDA-loc,1125,37443d0b-8613-4dfc-afea-2e6bec258fb9,f,f,0,0,0,1752901655:00000000000000001219
134e35f4-8015-b1c0-26c4-6badf169a93d,FXE-FIELD-A-DVTA-loc,1126,c99551e8-5cf4-4c7d-b1e9-f07fea9c525c,f,f,0,0,0,1752901655:00000000000000001220
4fb3532d-9df5-5530-a2e0-bdb41363d746,FXE-FIELD-A-DETK-loc,1127,2e86e75b-9abe-4b41-b3cc-f904d82012b5,f,f,0,0,0,1752901655:00000000000000001221
182bd733-a43c-9450-14f9-8162246d0734,FXE-FIELD-A-HSVA-loc,1128,ac12e13b-eb24-4006-81fe-84b9f3ef6910,f,f,0,0,0,1752901655:00000000000000001222
d631261e-22a6-f101-849f-2779a2005500,FXE-FIELD-A-FTYE-loc,1129,1aa05b44-310c-4bb1-8c24-2179b66753ec,f,f,0,0,0,1752901655:00000000000000001223
2642af2d-012f-e413-5299-c8383623a926,FXE-FIELD-A-BILA-loc,1130,2f037486-1896-4b3b-8113-3fb9774b5956,f,f,0,-1,-1,1752901655:00000000000000001224
3c8d2341-ee39-a8c9-025f-b1772896b595,FXE-FIELD-A-BTMA-loc,1131,a18ed8b7-599c-4a67-9bbc-f0d11c118d60,f,f,0,0,0,1752901655:00000000000000001225
bb42f762-9675-a3cd-98b0-4a4c12a9503b,FXE-FIELD-A-JDYA-loc,1132,895a1dac-ab04-4986-a145-e567cc63539e,f,f,0,0,0,1752901655:00000000000000001226
848997fa-bf94-e02c-f336-d2ae57054ef1,FXE-FIELD-A-SMFRT-loc,1133,f609acb9-6612-4af5-b891-1d514e3d0026,f,f,0,0,0,1752901655:00000000000000001227
b493997c-ec20-dec8-8e28-557dbac9ecf8,FXE-FIELD-A-DTWA-loc,1134,eb2db980-1103-4b01-91ca-666f7f51f4f3,f,f,0,0,0,1752901655:00000000000000001228
f827e63f-01a8-084a-4faa-43c0b10f675b,FXE-FIELD-A-PQIA-loc,1135,70cbbe15-54a3-4b45-b2a9-abbb9c373819,f,f,0,0,0,1752901655:00000000000000001229
5641c5cd-73bb-aaf5-1fbe-774b9eecf85c,FXE-FIELD-A-MSYWK-loc,1136,a6c91ab4-abe4-4fd7-8b41-927d7d730965,f,f,0,0,0,1752901655:00000000000000001230
d7faab86-bdbb-ea48-8447-00f3a6047600,FXE-FIELD-A-MMUA-loc,1137,617a3e61-a458-4d50-8f8e-9e8961a63e7e,f,f,0,0,0,1752901655:00000000000000001231
3c2d92e8-afca-09fe-224f-a530a39a2f05,FXE-FIELD-A-ORLA-loc,1138,b4cda936-4fcf-4160-a722-f307fd2c467c,f,f,0,0,0,1752901655:00000000000000001232
960a22d5-5f91-b764-c092-7fb54dc0c850,FXE-FIELD-A-OFK-loc,1139,4adaf8ec-0f7c-4f75-a0fd-c57b09ca5aed,f,f,0,0,0,1752901655:00000000000000001233
9b58428d-8f07-edc9-4a72-e8903f2980fa,FXE-FIELD-A-JREA-loc,1140,dab30b6d-907c-4ae6-aeab-798e52fc0987,f,f,0,0,0,1752901655:00000000000000001234
29642351-cd6a-93b3-9f15-b77b8f30a525,FXE-FIELD-A-GADA-loc,1141,486610fa-2117-44e2-8bf5-a13f391cbc72,f,f,0,0,0,1752901655:00000000000000001235
0b2ccd73-30d8-4d06-35e6-7fc6dc9b8fd5,FXE-FIELD-A-HIKA-loc,1142,44fd09ec-4b99-4904-a23c-5713ef6284a6,f,f,0,0,0,1752901655:00000000000000001236
26b5b13c-4e8f-6067-6d66-94a4fef275c2,FXE-FIELD-A-COAA-loc,1143,f586d3fc-23db-415d-8829-3a0efcb5eab1,f,f,0,0,0,1752901655:00000000000000001237
40e76c16-c538-3b24-936c-9e2586983ea3,FXE-FIELD-A-MSNR-loc,1144,dd6de6f5-04c8-4edf-b600-96acc2d0053d,f,f,0,0,0,1752901655:00000000000000001238
1b38f944-3577-61af-c3d8-7087d50988a0,FXE-FIELD-A-NZWA-loc,1145,e00abf1c-c072-43f6-acdf-db5d9289021a,f,f,0,0,0,1752901655:00000000000000001239
3eeaed0d-e4f4-2362-ec8e-45bf0f0d98ce,FXE-FIELD-A-SHVR-loc,1146,7fd56589-817e-455c-a531-2a89d7edf29a,f,f,0,0,0,1752901655:00000000000000001240
6e446fef-8990-0b12-becf-54ff0426b370,FXE-FIELD-A-CIDR-loc,1147,54d7888b-2c5d-469b-8579-1e81e558e99b,f,f,0,0,0,1752901655:00000000000000001241
8081e637-8c11-04d8-a2a0-919640d0dd13,FXE-FIELD-A-SVCA-loc,1148,feabe27c-cddb-4e93-98c7-6c39502de9aa,f,f,0,0,0,1752901655:00000000000000001242
3190431a-ae7d-2fb8-f19b-f55c2bdd2ab6,FXE-FIELD-A-DPAA-loc,1149,e5d0f839-f225-4675-9566-3c2847621ed2,f,f,0,0,0,1752901655:00000000000000001243
3f3521b2-b1e9-e7a0-21a3-b561a12f4ea4,FXE-FIELD-A-MEJSC-loc,1150,d9c9ccdb-db3b-471b-9445-2319eeab89e5,f,f,0,0,0,1752901655:00000000000000001244
083522ba-d347-3bac-859a-ca58e7057f79,FXE-FIELD-A-ZTYRT-loc,1151,0046c721-17f7-4434-91eb-8fa4fb32a486,f,f,0,0,0,1752901655:00000000000000001245
e3e3dfbc-b1db-7b8d-40da-e14b448f77b6,FXE-FIELD-A-ICTMX-loc,1152,c50d630b-495e-4c95-8c15-023d115649ee,f,f,0,0,0,1770757808:00000000000000001637
63ee5594-c3b5-0e90-3f8d-3d9a5d84e268,FXE-FIELD-A-NBUA-loc,1153,1f26f532-4f72-4413-a1bd-2becdcd4b279,f,f,0,0,0,1752901655:00000000000000001247
9a3e7aca-515c-dcb3-c90e-bd463109ce25,BEDWK_loc,1154,3f213232-0ef7-4fa9-ab35-74f96b443f0a,f,f,0,0,0,1752901655:00000000000000001248
e01c65a9-98dc-10b7-e6ed-a5bc6f916dc4,FXE-FIELD-A-LCIA-loc,1155,2f07fc4e-6b61-4fb2-8793-76532ef3eacb,f,f,0,0,0,1752901655:00000000000000001249
79cb1b60-659b-5e4e-fbd4-a77355002c17,FXE-FIELD-A-STCA-loc,1156,5079d74d-f6c1-47b4-8981-037fcbbe5263,f,f,0,0,0,1752901655:00000000000000001250
9243ff59-2146-1046-9e35-1dcbc1bfbc7c,FXE-FIELD-A-BOIA1-loc,1157,13bf6482-956f-4baf-9ba3-83e910fb5e8d,f,f,0,0,0,1752901655:00000000000000001251
5411032e-9ca4-edb5-a96f-d623c4f163ea,FXE-FIELD-A-BTVR-loc,1158,05040239-6998-43be-a013-3aa20587373d,f,f,0,0,0,1752901655:00000000000000001252
6ba98986-b7cc-4092-6697-54e0a9129556,FXE-FIELD-A-ADSA-loc,1159,62ba2aa4-9f52-4bdb-a349-f6b0a6919cd8,f,f,0,0,0,1752901655:00000000000000001253
3763fca1-77b9-074c-1963-f3cc2769c8b3,FXE-FIELD-A-USCA-loc,1160,0dd89f2b-37e6-4477-aece-0bdad9ec66b1,f,f,0,0,0,1752901655:00000000000000001254
3bb1d44d-c56c-3744-cd0f-1c77c21896ba,FXE-FIELD-A-LJNA-loc,1161,647812ee-18a8-4763-9a8f-ba31978568d3,f,f,0,0,0,1752901655:00000000000000001255
8c163bde-18e1-efd1-ddab-349d18a7d61c,FXE-FIELD-A-AMAA-loc,1162,40d0bcd4-3ef0-460c-833b-d6095383e022,f,f,0,0,0,1752901655:00000000000000001256
4bf82d89-86ce-b118-4729-037c18acac06,FXE-FIELD-A-SATS-loc,1163,52ce856f-6893-450e-868c-8ca2f072369e,f,f,0,0,0,1752901655:00000000000000001257
3d4b8097-ce6f-2cdf-5019-df9c1a48cf73,FXE-FIELD-A-EKAA-loc,1164,717f20df-b4bc-4643-a7b2-94832109a3e2,f,f,0,0,0,1752901655:00000000000000001258
9579564e-4848-ca99-f76d-af506066e833,FXE-FIELD-A-FTYC-loc,1165,a8f93898-a945-40c7-baf8-2136b0991247,f,f,0,0,0,1752901655:00000000000000001259
7175899c-33ce-05c3-d2da-5d50629d9058,FXE-FIELD-A-DEDWK-loc,1166,68b338d6-b3a1-476a-97bc-1b20cb6cd5d4,f,f,0,0,0,1752901655:00000000000000001260
a83c7a33-3bfb-caeb-b83c-b997169a9c33,FXE-FIELD-A-PSMA-loc,1167,00f04aac-ee73-427c-be55-5e6a99bdd5ad,f,f,0,0,0,1752901655:00000000000000001261
409d8e12-0c8d-0340-02a5-4455a3d488a5,FXE-FIELD-A-MSNR1-loc,1168,97b0c158-e207-4677-ad95-1eac2074bcb6,f,f,0,0,0,1752901655:00000000000000001262
72f923ca-107d-f1ca-866d-2f989ae51907,FXE-FIELD-A-SANR-loc,1169,045205fd-7244-4a35-a9d0-e8a6157c0b1a,f,f,0,0,0,1752901655:00000000000000001263
93bf095f-7dc9-dfed-2b03-650a7cccd388,FXE-FIELD-A-LNKA-loc,1170,3ac38e87-7a21-434a-82c2-d439dee3e1ac,f,f,0,0,0,1752901655:00000000000000001264
b8624bb3-bbbc-0871-e8d2-c0b576ac1b74,FXE-FIELD-A-GTRA-loc,1171,b76c26e0-650d-48da-9929-efbbbe5a791a,f,f,384,-1,-1,1752901655:00000000000000001265
893ff0ac-ccd2-2026-bd2b-4d35dcafcba6,FXE-FIELD-A-UIZA-loc,1172,621875bb-75a3-432c-94cc-3603b34a4bac,f,f,0,0,0,1752901655:00000000000000001266
a37991ba-4f3f-6dee-ef56-807ea475aa5d,FXE-FIELD-A-ISPA-loc,1173,89022c76-bef8-4f8a-9240-ecd32da322c5,f,f,0,0,0,1752901655:00000000000000001267
622cf05f-fe80-227a-8aa5-e4d88cabefd3,FXE-FIELD-A-NELA-loc,1174,240df286-05a5-46e9-94ab-c4e4dcd50e57,f,f,0,0,0,1752901655:00000000000000001268
3b33c540-aa32-234a-be1c-3ed031e24231,FXE-FIELD-A-XSDA-loc,1175,f7778983-a41e-4b03-beec-943d8341921f,f,f,0,0,0,1752901655:00000000000000001269
8d7693bd-e24d-6abe-ce2a-340e883771e8,FXE-FIELD-A-SWOA-loc,1176,8f894397-774f-498d-918e-b36cadbd382e,f,f,0,0,0,1752901655:00000000000000001270
2d7fb3a6-f154-cc86-512f-89872f7cd4fb,FXE-FIELD-A-DGNA-loc,1177,46b64cbe-9011-4f0a-b5d7-1c1f8aa1555f,f,f,0,0,0,1752901655:00000000000000001271
1a1fa167-cf60-e01b-087e-9b17caa9a740,FXE-FIELD-A-MIA-loc,1178,a9152382-ebe6-41d3-913e-3e497a3f40ed,f,f,0,0,0,1752901655:00000000000000001272
a89e656c-3664-9a69-2960-019d3a117c5f,FXE-FIELD-A-FWAR2-loc,1179,50718fe3-0dfd-432a-b9f4-f6a16c4c5200,f,f,0,0,0,1752901655:00000000000000001273
33074da7-4951-38bb-eb93-049284487e8f,FXE-FIELD-A-CTXA-loc,1180,7231a758-ec91-4450-a086-572e49fbfd42,f,f,0,0,0,1752901655:00000000000000001274
2aefe4f9-fca7-39b0-bcb6-84d85773e126,FXE-FIELD-A-PIEA-loc,1181,bc1ebe24-e046-47df-9aa4-23237f75ccb1,f,f,0,0,0,1752901655:00000000000000001275
ab05f043-b881-636b-ea07-412dfd2a893d,FXE-FIELD-A-PAHA-loc,1182,0eebb38b-c0c0-4500-9a98-75ebf13ae251,f,f,0,0,0,1752901655:00000000000000001276
354e81e8-c282-fabe-d830-2639b3340699,FXE-FIELD-A-MCCVM-loc,1183,a7d7b5d3-ec45-4131-93fa-ed9f4a7181ce,f,f,0,0,0,1752901655:00000000000000001277
a024cc13-983c-9b6f-328b-b09bf7566631,FXE-FIELD-A-OXRA-loc,1184,b6101359-afe9-4a92-8242-07447032139f,f,f,0,0,0,1752901655:00000000000000001278
dbcab9ca-bce5-6230-6884-896905b727b3,FXE-FIELD-A-HOBA-loc,1185,ceab14bb-f391-469f-8e24-2a9375a7658f,f,f,0,0,0,1752901655:00000000000000001279
24c7041a-3fb3-9b20-3403-c6425eed828d,FXE-FIELD-A-AMWA-loc,1186,6e7268da-59ae-476f-bc95-9a7e8695d459,f,f,0,0,0,1752901655:00000000000000001280
343d5f83-7af4-9d06-330b-0c83c2af448f,FXE-FIELD-A-WJFA-loc,1187,692d07ea-4ee2-4e63-a7ee-a12750bb3422,f,f,0,0,0,1752901655:00000000000000001281
e09f06db-6804-6e56-01b8-f09c70511f0e,FXE-FIELD-A-WSHA-loc,1188,132cb62c-faae-4229-80a0-7df511ecbd8d,f,f,0,0,0,1752901655:00000000000000001282
319fb492-1b0d-42cf-5eec-a3d727dde178,FXE-FIELD-A-FWHA-loc,1189,29665582-36ad-485d-aff0-23ba0b0559dc,f,f,0,0,0,1752901655:00000000000000001283
ad905917-32cb-046b-0426-743663a5320e,FXE-FIELD-A-ATUA-loc,1190,791bb737-54c1-4e8f-9454-518155a040b5,f,f,0,0,0,1752901655:00000000000000001284
e7131939-1000-92b8-8611-ebaf94d91be9,FXE-FIELD-A-MMRA-loc,1191,af5aab1a-aaca-49ce-bf2d-552c7446f5a7,f,f,0,0,0,1752901655:00000000000000001285
ed6215bc-8ca2-ba05-6a12-367268cea8ab,FXE-FIELD-A-BFMR-loc,1192,94e83357-06f4-4b76-a064-ed8639b8f66d,f,f,0,0,0,1752901655:00000000000000001286
f2bc9be6-aa9f-382f-2f35-71f3a54ea454,FXE-FIELD-A-DENA-loc,1193,7e802bbb-8a29-41b0-83bb-d49f3d40cc58,f,f,0,0,0,1752901655:00000000000000001287
917d3328-ed1b-4761-4f51-16eec7b0f119,FXE-FIELD-A-BSTSIP-loc,1194,ce8552b7-14c7-42ab-8843-79b4d02c3bc7,f,f,0,0,0,1752901655:00000000000000001288
59ba8453-919e-b6bd-3802-8798d803a305,FXE-FIELD-A-WRIA-loc,1195,7de421e5-b46c-431a-b385-887b957fe021,f,f,0,0,0,1752901655:00000000000000001289
f0e2aac8-9b08-c7c0-dd07-d42fc0f1fd0b,FXE-FIELD-A-ASEA-loc,1196,2363903d-5fd5-4424-b73a-8373863fa531,f,f,0,0,0,1752901655:00000000000000001290
a567a011-5b41-c776-1e88-bf9ae0214576,FXE-FIELD-A-JOTA-loc,1197,ff4e7154-0ed6-4f1a-9f7e-cba8efa8261a,f,f,0,0,0,1752901655:00000000000000001291
c63f7aaf-95d8-d2b7-d434-1364615cdb63,FXE-FIELD-A-MVNA-loc,1198,599b228d-e61f-4067-9d0c-95c6c41a625b,f,f,384,-1,-1,1752901655:00000000000000001292
08155aa5-dc60-aba4-d8a4-4ff1745f3cb3,FXE-FIELD-A-MWLA-loc,1199,31566e9c-8af8-428a-8f49-4e749be4b9f4,f,f,0,0,0,1752901655:00000000000000001293
61cd3de7-ff70-c9c7-8318-04d59ae0ce3f,FXE-FIELD-A-AHNA-loc,1200,5cab89f1-cdf9-4db7-a861-b66e1663dfa0,f,f,0,0,0,1752901655:00000000000000001294
d656e623-4758-ab94-5aef-49293b473be2,FXE-FIELD-A-JSNA-loc,1201,38b810f9-e61e-4a72-9249-4efe659d71ee,f,f,0,0,0,1752901655:00000000000000001295
5559afbe-a11a-936f-931b-d4c5c9ae9d2a,FXE-FIELD-A-CPRA-loc,1202,4e70510b-6985-4f9c-911f-96eff2dbac55,f,f,664,0,0,1752901655:00000000000000001296
8e60b25e-3711-78ab-5176-bb7776bc61b8,FXE-FIELD-A-DROA-loc,1203,7d9e3bb2-0268-4335-ae36-9b1d3ad268b4,f,f,0,0,0,1752901655:00000000000000001297
2504abdf-cd0d-fe7e-d2ea-3ea7bd1ae29c,FXE-FIELD-A-MSYA-loc,1204,f53aa329-bc75-457a-960e-c07dcda08df7,f,f,0,0,0,1752901655:00000000000000001298
2c3784bb-6201-f877-ec27-a90c952241cc,FXE-FIELD-A-NRBA-loc,1205,5db74e85-0bea-42da-b8a4-8b32fab6f03e,f,f,0,0,0,1752901655:00000000000000001299
4989faad-01e8-d9c0-b052-3566f9ff9811,FXE-FIELD-A-RWIA-loc,1206,7f9ff6c0-de7e-4570-b0b3-64ceb2ceffa7,f,f,0,0,0,1752901655:00000000000000001300
46f20e23-7d61-26f9-fd72-3a359eb37b6e,FXE-FIELD-A-FLLR-loc,1207,2e86c09d-fcea-4b8c-be67-55ecad0fcd89,f,f,0,0,0,1752901655:00000000000000001301
c52be275-9572-2a28-bdb7-3bfac3ffbf00,FXE-FIELD-A-QFEA-loc,1208,40ffe498-f789-4355-bca1-b99ca8d15f5a,f,f,0,0,0,1752901655:00000000000000001302
bcd3cc65-2127-5ec4-86a0-c38664465ec5,FXE-FIELD-A-OGDVM-loc,1209,27fb36df-ca5e-4afc-b5c3-ab8c91d39539,f,f,0,0,0,1752901655:00000000000000001303
cf8be73b-034c-3751-ee65-d7af677daeb7,FXE-FIELD-A-BFDA-loc,1210,4ac756ad-f258-4ae3-b973-880bcbef0015,f,f,0,0,0,1752901655:00000000000000001304
cee3a41d-222e-8bf1-973a-1212f4ed7c4d,FXE-FIELD-A-RHIA-loc,1211,7f2afdf6-3eec-4710-96eb-387e181a7351,f,f,0,0,0,1752901655:00000000000000001305
4616dbe8-d1e3-5eff-3408-8a4217934972,FXE-FIELD-A-EWRGS-loc,1212,59155268-62ea-4e91-b671-e5a8fc783bd6,f,f,0,0,0,1752901655:00000000000000001306
4ca030ff-3c52-69cc-eb0f-8601a7e1d607,FXE-FIELD-A-JEMA-loc,1213,3083c83c-d07f-49f5-a57f-00d7596ac534,f,f,0,0,0,1752901655:00000000000000001307
d59a3b7f-7aea-cbfb-41cc-043df618c9c1,FXE-FIELD-A-CLWA-loc,1214,b5e2dc3b-b682-4892-b497-335217cf3acc,f,f,664,0,0,1752901655:00000000000000001308
34e96ca3-f8b5-f3bd-ce1e-fe11ff5cbed2,FXE-FIELD-A-DRTA-loc,1215,842e2f33-cb20-4074-968a-3a435254d79b,f,f,0,0,0,1752901655:00000000000000001309
6a0c3a70-24b6-a2f9-aa01-1d35d18d040e,FXE-FIELD-A-LFKA-loc,1216,5985a00e-9c6e-4f66-bc72-2dbbf49e1300,f,f,0,0,0,1752901655:00000000000000001310
6dada66f-91c5-3e1f-90e7-6a4d7feea8c7,FXE-FIELD-A-OKCR-loc,1217,b758cc80-78b7-48ce-acb4-fed38b322a59,f,f,0,0,0,1752901655:00000000000000001311
60b17d77-4027-12c6-4e73-1f06916ece44,FXE-FIELD-A-MSNA-loc,1218,8287f834-75f6-475e-8bd0-aa83f261c52b,f,f,0,0,0,1752901655:00000000000000001312
9aaefc3a-f629-4088-e1cc-f77d0be6911e,FXE-FIELD-A-PVDA-loc,1219,1dbbb100-55a5-4ad0-8e63-73526288e1dc,f,f,0,0,0,1752901655:00000000000000001313
be29d3ef-1f1f-f5d7-c1b0-ee477be1f289,FXE-FIELD-A-MPJA-loc,1220,773217e5-abd2-42fe-aa16-d4adb83f08fa,f,f,0,0,0,1752901655:00000000000000001314
f82017c7-c5ca-f903-da5f-a42eaf3e332e,FXE-FIELD-A-RDGA-loc,1221,5ceb7409-2735-44b1-b07c-fb7376d21451,f,f,0,0,0,1752901655:00000000000000001315
b99d0a59-6dba-f7b2-359e-c7536b1787ce,FXE-FIELD-A-CLTR-loc,1222,ace15c6f-2499-427a-8ddf-46e51d27d513,f,f,0,0,0,1752901655:00000000000000001316
473335dd-e390-7e42-f97b-ad54c290fa0b,FXE-FIELD-A-UKIA-loc,1223,35eb5ac2-26e5-4131-af86-189f7ac4078e,f,f,0,0,0,1752901655:00000000000000001317
87cf6922-46f3-15ec-69c9-713474d5cf21,EWRVK_loc,1224,e1f857e4-2e09-4c80-ae6f-0a5cb6c8aef3,f,f,0,0,0,1752901655:00000000000000001318
998f72c2-e7a9-eea8-3c27-12fbc37781e0,FXE-FIELD-A-BJCA-loc,1225,b11bb281-e976-4931-9e34-7e7e18ca7e2f,f,f,0,0,0,1752901655:00000000000000001319
f0160974-14e5-2ed2-9dbc-909e4f656f93,FXE-FIELD-A-SDMB-loc,1226,6042b61e-6797-46e5-9b4c-ff9cbd741b4a,f,f,0,0,0,1752901655:00000000000000001320
24dbce8d-a9cb-562f-84d2-daba9bdf364d,FXE-FIELD-A-SHDA-loc,1227,1ebd9b2a-c26d-4ab5-ae88-26c1ef86893e,f,f,0,0,0,1752901655:00000000000000001321
4b6c0561-9723-f529-d220-b181f292cb3c,FXE-FIELD-A-VGTA-loc,1228,565a4822-2fb5-4b65-8cad-0a4cff795d31,f,f,0,-1,-1,1752901655:00000000000000001322
fe482193-a76d-a940-142e-86015dd45626,FXE-FIELD-A-DHNA-loc,1229,65494e98-0e26-441f-8888-64566591c8d7,f,f,0,0,0,1752901655:00000000000000001323
8d51408a-692c-64a6-9499-9bfbcd5d772e,FXE-FIELD-A-lhua-loc,1230,7524f2ee-491a-4abe-a107-76505368aa4e,f,f,0,0,0,1752901655:00000000000000001324
9a85b3ac-cb58-00bd-c7fe-d514caaee082,FXE-FIELD-A-HLGA-loc,1231,c3cee31e-0426-4862-8276-e34f859ff2ca,f,f,0,0,0,1752901655:00000000000000001325
5e67c785-3fae-a0b7-a2e5-af5343983ca1,FXE-FIELD-A-PWMR-loc,1232,89715c39-33d4-4ad9-b0b3-05d129154447,f,f,0,0,0,1752901655:00000000000000001326
59af46a4-3bc3-a917-9ad1-6d8a9c5771bb,FXE-FIELD-A-MSOA2-loc,1233,e36ce4a5-5e90-442a-a955-991c0d1b2e8f,f,f,0,0,0,1752901655:00000000000000001327
b6a2450f-44f3-64bc-275c-3fa35c782f87,FXE-FIELD-A-CKBA-loc,1234,99245acc-d2cf-43ee-89f4-dc2c25f9f1b4,f,f,0,0,0,1752901655:00000000000000001328
1fb12a20-cbb0-d8ab-61b9-3b77e8f64596,FXE-FIELD-A-CLTR1-loc,1235,a5d623fb-ab72-497a-9538-616aa43d7a0c,f,f,0,0,0,1752901655:00000000000000001329
5eb10c8b-711e-6b12-3a7e-3cb7ff11ec91,FXE-FIELD-A-JVLA-loc,1236,337a9696-9649-4f8f-bc8e-ac9080dd5980,f,f,0,0,0,1752901655:00000000000000001330
a5584204-24f2-0892-f245-b6cf5c635ba5,FXE-FIELD-A-HSTA-loc,1237,1b83cc1e-2bae-4fa4-a9c2-570c61337ce5,f,f,0,0,0,1752901655:00000000000000001331
8e5ceff3-aa7e-fe70-af8f-f5e7a70c3d40,FXE-FIELD-A-FBGA-loc,1238,14138f98-a383-427a-9c20-8de4e1e3c3ab,f,f,0,0,0,1752901655:00000000000000001332
f85a0c62-6a10-88cf-dd5f-6187a4aa0a2c,FXE-FIELD-A-APAHQ-loc,1239,588df04e-6f58-4d1d-9cff-825dc052fab6,f,f,0,0,0,1752901655:00000000000000001333
cbc842e2-be8d-cb01-dafd-5c3bc5afd560,FXE-FIELD-A-DBQA-loc,1240,e14d7b37-54f6-4690-bdd1-ada4c155b278,f,f,0,0,0,1752901655:00000000000000001334
359da747-72e2-d5a2-5ae0-d594a683cba9,FXE-FIELD-A-FULA-loc,1241,490828ca-45e1-4863-ae2c-e76de305daf6,f,f,0,0,0,1752901655:00000000000000001335
0d170cc7-b7f7-7c2e-9f84-49475f10c433,FXE-FIELD-A-IMMA-loc,1242,21b75c47-4346-4889-92b8-fa921c8a3955,f,f,0,0,0,1752901655:00000000000000001336
4b5e89d7-86d1-f931-bccc-c0f2b1cd6ff3,FXE-FIELD-A-RFDA-loc,1243,752c05f7-1fa5-4bce-80a2-6e46802d5df7,f,f,0,0,0,1752901655:00000000000000001337
df9ee2fb-ad08-0e8d-64a0-b174f4cd4987,FXE-FIELD-A-YNGA-loc,1244,8dcee8a6-3804-4a35-8d61-e1c17357b0fc,f,f,0,0,0,1752901655:00000000000000001338
766d95ea-1a14-b6ea-f503-8e7eae6d91d1,FXE-FIELD-A-CLTR2-loc,1245,756b634f-996a-42ab-b261-d1b7a954df0e,f,f,0,0,0,1752901655:00000000000000001339
cc9b63c0-dfdb-06cd-d365-7198e8c36ea3,FXE-FIELD-A-NYCS-loc,1246,38b1b630-e85f-45ef-b062-87b5fa103ed7,f,f,0,0,0,1752901655:00000000000000001340
705a0169-ccb1-e3e8-9b98-42df2c45d5cc,FXE-FIELD-A-MSPWK-loc,1247,184ead80-7535-4bff-9ea2-892ceb426f44,f,f,0,0,0,1752901655:00000000000000001341
fda39ffe-62b2-c246-e0c2-3fe3682ca17e,FXE-FIELD-A-ONTR-loc,1248,59c66c12-9eee-483c-8a47-7f3d39e59cce,f,f,0,0,0,1752901655:00000000000000001342
822b0dac-b371-75b8-ecee-81962e8b69ac,FXE-FIELD-A-CSVA-loc,1249,c6531336-3137-4a57-ae25-6fdaa99cee8d,f,f,0,0,0,1752901655:00000000000000001343
eca9fbd9-9ae3-4a4a-e5c6-6751ff95d01f,FXE-FIELD-A-TTDA-loc,1250,ba228dfd-fd27-4c82-ab3b-6f38a8437fb2,f,f,0,0,0,1752901655:00000000000000001344
3aa62e1f-ef65-7561-3f9f-74ee4dc8f385,FXE-FILED-A-DLDWK-loc,1251,80c1ba1a-7972-4b57-a4b1-371fdc8cdd6d,f,f,0,0,0,1752901655:00000000000000001345
33064c47-01d6-ac3f-75a8-90a89c66e34d,FXE-FIELD-A-VPSA-loc,1252,eab7d6e8-dcf4-47e2-bf8c-8abb9050ba3c,f,f,0,0,0,1752901655:00000000000000001346
9f2a804c-808c-d3b3-5e90-7331f0d1fab9,FXE-FIELD-A-TVCA-loc,1253,8a7d206e-6848-4579-a721-0bba9171cb86,f,f,0,0,0,1752901655:00000000000000001347
2217d5a8-c014-91db-9f63-5beb388caa57,FXE-FIELD-A-PWTA-loc,1254,3e4c96c9-4366-4356-8194-1b269f148de6,f,f,0,0,0,1752901655:00000000000000001348
cbb1cce6-a56a-6015-d935-bf9f5ce92f57,FXE-FIELD-A-CLLA1-loc,1255,80fe6129-6314-485b-9b05-1f63dcf82004,f,f,0,0,0,1752901655:00000000000000001349
83c04bf9-08e1-8f93-c930-bb32d342aaa8,FXE-FIELD-A-CKVA-loc,1256,229df11d-d619-48cc-8c56-18321217df3b,f,f,384,-1,0,1752901655:00000000000000001350
af783dcd-425a-f97b-1136-459536ff7c33,FXE-FIELD-A-EUGA-loc,1257,7d5189f6-cfdf-4a45-9902-538e35de7d9b,f,f,0,0,0,1752901655:00000000000000001351
ca4fc556-246e-e41f-90d5-0f53900aa4cb,FXE-FIELD-A-OWBA-loc,1258,3c1f3b50-4066-471c-814d-b71613cf05a1,f,f,0,0,0,1752901655:00000000000000001352
4bd7ecb8-7d24-1236-74f1-a134ff140797,FXE-FIELD-A-ONTRT-loc,1259,1a3a0890-5bed-474d-8e2e-fad407cc6db0,f,f,0,0,0,1752901655:00000000000000001353
c8dbcb3e-ffaa-3ece-c232-a9dcefa39490,FXE-FIELD-A-MDTRT-loc,1260,f4fef20f-c89e-47bd-88f0-160a3a95a612,f,f,0,0,0,1752901655:00000000000000001354
c4a005ba-0113-b1e7-3b82-809c5265ef3f,FXE-FIELD-A-GVTA-loc,1261,235d3bc1-86e1-449f-9f5a-b5bb983b9435,f,f,0,0,0,1752901655:00000000000000001355
31e06cf9-bddd-e551-bf2d-294c9b5403eb,FXE-FIELD-A-FTYA-loc,1262,1562c2eb-9a45-4d37-a899-4a0bea41aa1e,f,f,0,0,0,1752901655:00000000000000001356
2cc9109b-3a19-452d-0310-e482ca46d386,FXE-FIELD-A-COSDC-VIDEO-loc,1263,5090485d-95d7-4704-b556-30d86117b165,f,f,0,0,0,1752901655:00000000000000001357
b16c49da-8e73-8e1e-178a-2a6697de085e,FXG-FIELD-1638-loc,1264,a5f9d0c9-ffab-4818-9b20-fdea9576597d,f,f,384,-1,-1,1760041329:00000000000000001626
2e8129d8-1738-0919-a4d4-c4633439fe9f,FXE-FIELD-A-OAKRO-loc,1265,f3fbf5ac-2ffb-4a57-bc7b-03eac3fc8b1b,f,f,0,0,0,1752901655:00000000000000001359
f0d280ae-8857-0dce-9cea-9813afc95c8f,FXE-FIELD-A-FMNA-loc,1266,ca06d880-2e1e-407a-a5c7-790c92a4c4ca,f,f,0,0,0,1752901655:00000000000000001360
fa9beed5-8161-9e67-9b1e-57292490ce2a,FXG-FIELD-1708-loc,1267,d7be1854-d94c-47a5-99bb-4107c09c37bb,f,f,0,0,0,1760538447:00000000000000001633
8dc86711-631e-680d-cf8c-732abcdb4cc2,FXE-FIELD-A-SEAR-loc,1268,cecd6a24-d814-4cdb-bf0a-61e00b99311f,f,f,0,0,0,1752901655:00000000000000001362
652e4323-a584-6d86-fd3c-3992d9344cb5,FXE-FIELD-A-BDFA-loc,1269,a641f3df-1b5e-4f14-980f-e0733045dac7,f,f,0,0,0,1752901655:00000000000000001363
fd30ea9e-28c9-5de4-ad24-1b74d1ab122f,FXE-FIELD-A-MEIA-loc,1270,c14615cc-4d33-440e-a1b2-1a4333a33be9,f,f,0,0,0,1752901655:00000000000000001364
7fdaaf53-6711-17aa-ea29-5ca7d4e85c0c,FXE-FIELD-A-BNAR-loc,1271,dd03cc32-02f9-4d65-83d2-b53d4604ab4e,f,f,0,0,0,1752901655:00000000000000001365
132f6c36-72c2-e79d-7c3e-42ba9c084546,FXE-FIELD-A-SVZA-loc,1272,727a1d8b-5c10-4f3c-8bdf-f75862e3b28e,f,f,0,0,0,1752901655:00000000000000001366
cddcb05b-2f02-4b66-9f58-7e4b90e406eb,FXE-FIELD-A-ROAR-loc,1273,d36e9ef9-13a7-4ec6-a64a-0c683f747c91,f,f,384,-1,0,1752901655:00000000000000001367
400d89eb-4f79-44f8-f7b9-a82d650956d8,FXE-FIELD-A-CHSR-loc,1274,419144a1-39f7-4d65-9971-dddb1ceeb7dc,f,f,0,0,0,1752901655:00000000000000001368
48cfcafc-3cef-d867-420a-d096e0d67232,FXE-FIELD-A-PSFA-loc,1275,466d78a8-69a3-4b08-8328-4755eefa6f40,f,f,0,0,0,1752901655:00000000000000001369
36d2d23f-63f5-f8bd-c746-4cd931965395,FXE-FIELD-A-RKSA-loc,1276,bb2c1318-1508-4a87-abca-8a713b7ec37f,f,f,0,0,0,1752901655:00000000000000001370
fc6562db-c05a-621b-a792-dcb5ed3c3645,FXE-FIELD-A-SBYA-loc,1277,fabce54c-0774-4828-a6ad-6e13045d940a,f,f,0,0,0,1752901655:00000000000000001371
28726017-af91-f62f-8244-9f8f97ad1d67,FXE-FIELD-A-MCNA-loc,1278,df5a4144-06fe-45f0-a3cb-3bc55f321ecc,f,f,0,0,0,1752901655:00000000000000001372
46233c9f-b300-1e76-511d-86c8a3a7d3f7,FXE-FIELD-A-CLERT-loc,1279,af37528c-8163-45df-9aa3-314dec12e3d4,f,f,0,0,0,1752901655:00000000000000001373
19dcc3d0-3f35-efd8-4941-adb860910484,FXE-FIELD-A-DTWS-loc,1280,72d971a7-8fec-40ce-9e26-2fe5eb1a76d1,f,f,0,0,0,1752901655:00000000000000001374
6d1b8257-0281-2e6a-ae24-e0bb82e17ef1,FXE-FIELD-A-TCMA-loc,1281,4b3d7968-2113-4d71-94b6-dac056c102cb,f,f,0,0,0,1752901655:00000000000000001375
08533752-0822-1df4-5de0-0ac6566b76b6,FXE-FIELD-A-EAUA-loc,1282,e90bee24-51b4-419d-8916-6cda05f82c60,f,f,0,0,0,1752901655:00000000000000001376
b42da920-31b3-cd3c-7eea-005c60419297,FXE-FIELD-A-HYAA-loc,1283,937f4490-ca4c-4bea-8841-bdd6c577b795,f,f,0,0,0,1752901655:00000000000000001377
1f324d06-9223-fa3c-eafc-3f2333059494,FXE-FIELD-A-LCHA-loc,1284,d6aa790f-e0e7-4025-a68a-12714dcf348d,f,f,0,0,0,1752901655:00000000000000001378
c80675d7-3f32-c28c-b6aa-0f24fdf6ab49,FXE-FIELD-A-AVLA-loc,1285,eb8cfa87-5370-4207-89c0-adc08b85ee5b,f,f,0,0,0,1752901655:00000000000000001379
67b53eb6-0dfc-e3ae-8d7b-47d85524d52a,FXE-FIELD-A-PVUVM-LOC,1286,4d5a7847-529d-48aa-951a-d93c9b5bb9d5,f,f,0,0,0,1752901655:00000000000000001380
133e14c1-0658-df34-768f-bd2f95cd75eb,FXE-FIELD-A-MODA-loc,1287,9f235d86-39a4-4a06-a740-8c4e5ee96eb3,f,f,0,0,0,1752901655:00000000000000001381
ca595561-18d1-4680-fe25-5cc414cd5135,FXE-FIELD-A-BDLRT-loc,1288,23d9ad41-acde-4f12-a4d5-9e2f8005d964,f,f,0,0,0,1752901655:00000000000000001382
e8769392-1fbb-189f-fafb-6cd2048d8200,FXE-FIELD-A-MSCA-loc,1289,176fc9b0-3ae9-4e57-afea-62c998c9840a,f,f,0,0,0,1752901655:00000000000000001383
b1e49419-fd05-ca0c-861f-0e09189e1d18,FXE-FIELD-A-BIXA-loc,1290,1133b4db-c4b9-4a91-9373-b1fdc16b6c62,f,f,0,0,0,1752901655:00000000000000001384
8ce391b4-49db-ad3e-8f26-745dc45c1d44,FXE-FIELD-A-SLNA-loc,1291,5c835f70-dfd0-48c8-b0f6-648830a16be4,f,f,0,0,0,1752901655:00000000000000001385
85fd39a6-2129-39fb-a6fa-a96f05727406,FXE-FIELD-A-ORDR-loc,1292,189a89c7-ffd6-457a-a001-fd1b743626f3,f,f,0,0,0,1752901655:00000000000000001386
a174815a-60c4-8e33-37eb-f7de111920d8,FXE-FIELD-A-FMEA-loc,1293,772af69d-8fa6-4e72-9b38-a478ab762d70,f,f,0,0,0,1752901655:00000000000000001387
b43695ed-3202-bf38-3f86-eff187b3e797,FXE-FIELD-A-GTVA-loc,1294,3a8789e1-6465-4d9c-bb18-e7f6febb6014,f,f,0,0,0,1752901655:00000000000000001388
dcbf7941-c10f-212f-5e90-408ec024b3aa,FXE-FIELD-A-ESCA-loc,1295,88090729-3b35-4ee1-a3db-3f118341214d,f,f,0,0,0,1752901655:00000000000000001389
c714082b-2e19-dcac-3042-55dd0a6cd663,FXE-FIELD-A-LBBA-loc,1296,b7db934a-feb1-4cfe-b85c-36e495d16451,f,f,0,0,0,1752901655:00000000000000001390
53b06f8d-07e0-dadb-4e27-d0de9a2000f3,FXE-FIELD-A-ABER-loc,1297,2971464b-eda2-4576-8f4c-5ec6b430e4c8,f,f,0,0,0,1752901655:00000000000000001391
d2791565-f12d-7164-5b3b-5cc9532fafe0,FXE-FIELD-A-BUFR-loc,1298,fd4ad9bc-898e-4fc1-afac-4754a6cce941,f,f,0,384,384,1752901655:00000000000000001392
0038a37f-0721-2a83-a1f0-2e7584535d3a,FXE-FIELD-A-LLYA-loc,1299,106380cf-e826-4a04-8a05-1d25c0d0df12,f,f,0,0,0,1752901655:00000000000000001393
bb6c8c59-acd5-f5c9-dbbc-8c3746f0ea12,FXE-FIELD-A-BMIR-loc,1300,2c9ff65c-b0dc-4e61-9337-6d4499ef6aa5,f,f,0,0,0,1752901655:00000000000000001394
6cb75880-453f-0059-2f62-0977851c4a76,FXE-FIELD-A-NXXCS-loc,1301,a6c67374-adde-471b-a5e6-6365d83b2840,f,f,0,0,0,1752901655:00000000000000001395
dc900869-3134-8fc0-3737-3c6dbe31a7bd,FXE-FIELD-A-EGEA-loc,1302,5069c2e6-5ec0-4931-87e1-2dcbb0b60d49,f,f,0,0,0,1752901655:00000000000000001396
10515120-85f0-3f9a-49ce-655ef408ab4b,FXE-FIELD-A-AUSA-loc,1303,ab104e03-acf6-4755-a508-4024eed5d4a7,f,f,0,0,0,1752901655:00000000000000001397
f7c71a1c-c9ca-c75f-80ae-1a11ee5d48d0,FXE-FIELD-A-LFIA-loc,1304,4748e8f6-d89d-410a-955e-d4dbee8d0def,f,f,0,0,0,1752901655:00000000000000001398
55718ef4-30e4-5174-a50a-7ce917df6ffe,FXE-FIELD-A-BURR-loc,1305,6a65d7e5-360c-4dcd-87fe-b889f51e8731,f,f,0,0,0,1752901655:00000000000000001399
afb75ab1-d8a6-f951-40c0-13505f931f8d,FXE-FIELD-A-PIHA-loc,1306,ee4df1c3-2f7d-4a76-969b-419a6711994f,f,f,0,0,0,1752901655:00000000000000001400
23841ee4-5da0-3c2b-e044-54cb0b57e77c,FXE-FIELD-A-EGSWK-loc,1307,cd448cd0-a238-4ebc-be54-565babe50223,f,f,0,0,0,1752901655:00000000000000001401
eb40d8ed-80eb-a44d-d017-ad1e95202b44,FXE-FIELD-A-MYVA-loc,1308,bdbf7fa3-638e-4048-997b-74e0406d1e3e,f,f,0,0,0,1752901655:00000000000000001402
41834b03-182b-3d13-3e34-979e5e587b70,FXE-FIELD-A-MWAA-loc,1309,a4e2a36d-320b-4cb0-acdf-ae2f65f9661d,f,f,384,-1,-1,1752901655:00000000000000001403
88386e65-3563-d379-818b-fbf82a35a132,FXE-FIELD-A-MSOA-loc,1310,f4dfaa6f-155e-4311-b950-8a1f1f1baa03,f,f,0,0,0,1752901655:00000000000000001404
fdd74ec9-6d27-d8fb-fdc1-28149de4cfb8,FXE-FIELD-A-PBIR-loc,1311,68fb07e1-27ad-4244-b1c4-1eb62f42f99b,f,f,0,0,0,1752901655:00000000000000001405
ba9d8309-6d43-daf4-f8d1-5d749fee1d29,FXE-FIELD-A-FBLA-loc,1312,ac13452b-d072-4a70-9f70-7735541968cd,f,f,0,0,0,1752901655:00000000000000001406
a9d00cc0-e806-f999-c6b6-1f1e8e7088b7,FXE-FIELD-A-SRUA-loc,1313,a2418893-c1a1-4f51-a573-2c54f2d71907,f,f,0,0,0,1752901655:00000000000000001407
4c703990-3582-afd8-955b-885ba9eeaf6c,FXE-FIELD-A-OXDA-loc,1314,30828fdc-d4af-48e5-9e3e-e54ff2127f8c,f,f,0,0,0,1752901655:00000000000000001408
a03d4f67-103b-53bc-14d0-4679353e2d61,FXE-FIELD-A-PLBA-loc,1315,5939e708-3bd1-410e-b19d-2ef7020e724f,f,f,0,0,0,1752901655:00000000000000001409
2b28bece-261c-31c5-afca-e7d6cd576724,FXE-FIELD-A-SJCR-loc,1316,ec4b5518-d712-4114-8bf3-bc9592f51805,f,f,0,0,0,1752901655:00000000000000001410
5d23a00b-8be3-a96e-eed3-9e05c15f4070,FXE-FIELD-A-MRIA-loc,1317,1b374967-4c85-4089-87fe-375bda84f1e7,f,f,0,0,0,1752901655:00000000000000001411
c6114ceb-914d-9bc8-4921-a9fd65b18b0d,FXE-FIELD-A-FYMA-loc,1318,271160b5-6222-48fd-bdcd-0e455d67e580,f,f,0,0,0,1752901655:00000000000000001412
5bf523c5-241c-0e00-0b53-6f71b35e8505,FXE-FIELD-A-HNLA-loc,1319,d1c9dc89-6fa0-4168-b39c-cee27dc1b599,f,f,0,0,0,1752901655:00000000000000001413
9a7a640f-0a83-1751-1f69-df93bd683f86,FXE-FIELD-A-BDLR-loc,1320,b3b09d44-f064-4ac1-84ef-20c618bc588e,f,f,0,0,0,1752901655:00000000000000001414
e5aaf818-889a-4fe8-4797-af82444f8465,FXE-FIELD-A-RDUR-loc,1321,94b6b0f7-9fa7-423c-829d-b4c895ca3a7a,f,f,0,0,0,1752901655:00000000000000001415
a8553e86-3b66-d5e0-7aca-fb49bc1f6ac4,FXE-FIELD-A-SAFA-loc,1322,d88602b7-6ee7-455b-a3f8-c103e8c935b2,f,f,0,0,0,1752901655:00000000000000001416
933da8f5-3a95-8024-d2ee-0862c76f0b03,FXE-FIELD-A-SLC5420W-reg,1323,708a3aa7-8292-43c9-85be-28f6128ae58d,f,f,0,0,0,1752901655:00000000000000001417
c567a091-e56c-e33e-b1fe-99b306ec7c98,FXE-FIELD-A-DECA-loc,1324,3c03461c-81d6-4831-8938-c5bf69234a20,f,f,0,0,0,1752901655:00000000000000001418
75194fed-bf03-271a-9977-ec88d3b075cd,FXE-FIELD-A-GYYA-loc,1325,3125ebd1-edf5-4267-8ee2-3edb0b345a89,f,f,0,0,0,1752901655:00000000000000001419
314b0051-69d6-1f1e-b33b-f46e23a21246,FXE-FIELD-A-RAPA-loc,1326,b5520279-bf63-4a7e-8958-b53ee00f51db,f,f,0,0,0,1752901655:00000000000000001420
8254f015-7555-8592-0738-905ef77c5cea,FXE-FIELD-A-BNFA-loc,1327,099e306a-9e0a-4a00-8951-63caefd014cf,f,f,0,0,0,1752901655:00000000000000001421
9f208a98-5d00-f0ca-6535-3be09e79d269,FXE-FIELD-A-SPSA-loc,1328,d781316e-0d2d-4664-b5b1-17f058dd4afb,f,f,0,0,0,1752901655:00000000000000001422
75fd7a3a-58d2-383c-b2ef-b8818eff6986,FXE-FIELD-A-JANRT-loc,1329,b178fca0-15af-4e00-ad52-765ba891d440,f,f,0,0,0,1752901655:00000000000000001423
d84999bb-7f56-3611-a964-0e7ca9c5e863,FXE-FIELD-A-LDJA-loc,1330,ebc516e3-731d-4f66-8a38-c45ce91501be,f,f,0,0,0,1752901655:00000000000000001424
b0be81b1-591c-719d-b1ec-1b88d71cfd7f,FXE-FIELD-A-NXXA-loc,1331,35c12303-68fc-4663-a88f-bdeb0d0bba6a,f,f,0,0,0,1752901655:00000000000000001425
3674dbff-40e9-7abe-82dc-53c7f9639823,FXE-FIELD-A-MGEA-loc,1332,8b9958be-74c5-4b68-877b-928a6d7e90e0,f,f,0,0,0,1752901655:00000000000000001426
6a724899-f5e3-ae4d-5959-30fc865b256d,FXE-FIELD-A-OMAA-loc,1333,e9b669da-3409-4c5f-b1bf-2f951f853d07,f,f,0,0,0,1752901655:00000000000000001427
7062124b-54de-dca6-386c-8a600da46074,FXE-FIELD-A-CHAA-loc,1334,6b1c78e5-8693-40be-841f-6b8cee44e6f1,f,f,0,0,0,1752901655:00000000000000001428
73b7ebea-9895-38f6-118a-883216f2e5be,FXE-FIELD-A-FRGWK-loc,1335,bc27fa8f-2e3a-465e-a2c2-7e303f2dfd9a,f,f,0,0,0,1752901655:00000000000000001429
ccf546a3-23ff-9329-ee6c-6f30780974f6,FXE-FIELD-A-BISA-loc,1336,04aff625-ca49-4913-8338-c2e8104e19c7,f,f,0,0,0,1752901655:00000000000000001430
b6885251-70d3-9046-61c4-afb33e640ba3,FXE-FIELD-A-PDXB-loc,1337,f56c9b94-022e-4580-8634-aaaea5a240c8,f,f,0,0,0,1752901655:00000000000000001431
bf8a752b-91c5-832f-30e6-211ceb725df9,FXE-FIELD-A-EWRVK-loc,1338,a870fb03-dc62-41aa-81f0-bafd1f20696b,f,f,0,0,0,1752901655:00000000000000001432
05b3fad8-41d6-e304-7ff3-a15f92246d0f,FXE-FIELD-A-OMAR-loc,1339,71d18c9b-fb2e-4441-bc3e-cdc69d8243df,f,f,0,0,0,1752901655:00000000000000001433
bad6a830-9261-7899-8b62-b87726c52444,FXE-FIELD-A-CADA-loc,1340,082b68e2-1078-43ec-be01-db843877ce94,f,f,0,0,0,1752901655:00000000000000001434
22ee7c05-6484-3388-828a-7128132bc890,FXE-FIELD-A-LMTA-loc,1341,6cfb5ab4-f824-434f-8d28-61b9bdc49cd3,f,f,0,0,0,1752901655:00000000000000001435
e4fbdae2-feae-0f26-141c-17e13f145abf,FXE-FIELD-A-LFTR-loc,1342,76bfc592-8a3c-48c1-9da0-4ef2b81c0451,f,f,0,0,0,1752901655:00000000000000001436
9734d721-fbe3-c050-3706-e06ecab9742b,FXE-FIELD-A-RSWR-loc,1343,e309d793-ed61-41cd-8a71-128c67587458,f,f,614,0,0,1752901655:00000000000000001437
ba1f44a4-36fa-8083-7c32-989bbb4d68dd,FXE-FIELD-A-DTWR-loc,1344,cd0239e4-d223-4934-8fac-0a98f1233b62,f,f,0,0,0,1752901655:00000000000000001438
a11a841f-78c9-94c0-6edb-b7a914fa24cb,SWFR2_loc,1345,d8a7371a-8c2f-4cd8-807f-a6ba342d279b,f,f,0,0,0,1752901655:00000000000000001439
f043e799-54a1-c817-0fed-c13e949ea218,FXE-FIELD-A-BOWA-loc,1346,89a891eb-961a-4374-9fc5-7e1ba3804fa3,f,f,0,0,0,1752901655:00000000000000001440
bb8be8b9-c621-e7c2-e628-17a416fb7321,FXE-FIELD-A-JSDA-loc,1347,937356b7-da72-48ea-9510-5338be41fafd,f,f,0,0,0,1752901655:00000000000000001441
86ea9592-fb53-554a-e227-406ed4129016,FXE-FIELD-A-DAYR-loc,1348,00c260aa-c005-40c3-8783-691a8427c044,f,f,0,0,0,1752901655:00000000000000001442
6afcc62f-6d04-01c5-ef3c-01296b118e99,FXE-FIELD-A-PHXRC-loc,1349,f7d8cbb7-6ab9-42fa-acdd-c0c8baac7a72,f,f,0,0,0,1752901655:00000000000000001443
4284c309-c08b-45e9-2d60-efba60cb6ae2,FXE-FIELD-A-MKEWK-loc,1350,cde4a293-bc12-4ef8-93fd-f751c6ce6271,f,f,0,0,0,1752901655:00000000000000001444
aa3ee33f-a20f-3d08-5936-d465c76c35e9,FXE-FIELD-A-CXOA-loc,1351,1070d939-e3f7-493e-b966-bc837fd86953,f,f,0,0,0,1752901655:00000000000000001445
369a93cc-2b8e-8720-f3e1-bb51d8dcf990,FXE-FIELD-A-DNNA-loc,1352,41b8a0b4-2ccc-4b6c-92ad-9a54e6b380d5,f,f,0,0,0,1752901655:00000000000000001446
c5d6038e-cc47-8610-016d-b40515a0d09e,FXE-FIELD-A-ESFA-loc,1353,d6f74fdd-5743-4d40-be14-3f316f71d756,f,f,0,0,0,1752901655:00000000000000001447
af2702c3-0a1d-7c08-a247-b8d1693ae7b6,FXE-FIELD-A-PSCA-loc,1354,ada1c9b6-45a3-4617-923b-7f88a62f43db,f,f,0,0,0,1752901655:00000000000000001448
3ddf6380-4f18-27cc-42cc-bbd692fa6642,FXE-FIELD-A-TUSR-loc,1355,566aa809-538d-42eb-925b-8b950d1b36da,f,f,0,0,0,1752901655:00000000000000001449
36eb3977-1a70-7fb1-3792-14a5b7621299,FXE-FIELD-A-BMLA-loc,1356,50227022-e773-4576-aa95-f2e9fc59e197,f,f,0,0,0,1752901655:00000000000000001450
bffc9831-887e-8d8b-ae1d-43cd58d14567,FXE-FIELD-A-RICR-loc,1357,c7ed85b1-e152-48d8-9af6-ceef9b15cb9e,f,f,0,0,0,1752901655:00000000000000001451
6fda9fc4-2e42-66d7-a2bd-af9e212e82bd,FXE-FIELD-A-TSSA-loc,1358,1da7798b-3611-4740-99b7-1b1d0f49d65c,f,f,0,0,0,1752901655:00000000000000001452
a9a81457-75f0-4bb5-c142-d2de5b413cbb,FXE-FIELD-A-IPLA-loc,1359,fc1a5b8a-6de5-4c4d-9810-d7d61effc290,f,f,0,0,0,1752901655:00000000000000001453
2c3aef9f-439d-240e-3cce-b4d835fd0139,FXE-FIELD-A-SCEA-loc,1360,f2ef22c3-f1e0-4f18-9517-6bb5d5c0166e,f,f,0,0,0,1752901655:00000000000000001454
0fe66902-78a5-270d-4caf-d0b3b02eac66,FXE-FIELD-A-LAXR-loc,1361,c08df09b-1b1a-47f1-b55a-a56949109c33,f,f,0,0,0,1752901655:00000000000000001455
366efd8e-da55-e821-6b77-1852227fe812,FXE-FIELD-A-NIPA-loc,1362,af308ee8-7a99-4c83-b877-ec6010041267,f,f,0,0,0,1752901655:00000000000000001456
f9e45c6f-427f-ce28-186d-6153dac2642d,FXE-FIELD-A-IXDA-loc,1363,600fc518-f753-45a9-9ad7-ccc909b4a9e7,f,f,0,0,0,1752901655:00000000000000001457
e8e99f75-3df5-8a7a-8ccd-868d6566e4e7,FXE-FIELD-A-MWOA-loc,1364,0d0da420-c75f-4975-ad79-110812de72d0,f,f,0,0,0,1752901655:00000000000000001458
7f1c9f06-c800-b7ee-09d0-0090afb09fa3,FXE-FIELD-A-JSTA-loc,1365,d51c413b-0564-42e9-9fdc-2a5d43206fc8,f,f,384,-1,0,1752901655:00000000000000001459
a5596e87-4c26-d417-9186-f74eecc4778e,FXE-FIELD-A-OLV-NWR-loc,1366,1b75c71b-e330-4266-9cc0-05cd903ff739,f,f,0,0,0,1752901655:00000000000000001460
25d9ef28-a83b-4821-2e4c-6d3c874557a8,FXE-FIELD-A-CMIA-loc,1367,84107dd9-e36d-429e-a362-e5f06ddc5c88,f,f,0,0,0,1752901655:00000000000000001461
85f9044f-7661-9d22-14c6-36b4e850c1cd,FXE-FIELD-A-SUNA-loc,1368,cc602690-8ced-4375-9185-ef5bc086c9b7,f,f,0,0,0,1752901655:00000000000000001462
c36f34fc-73a8-2af0-fd49-6270c2f59004,FXE-FIELD-A-COIA-loc,1369,7ebfb159-d3c5-4e1d-9351-fbeda889b7f0,f,f,664,0,0,1752901655:00000000000000001463
eeea2b56-a197-1fad-16fe-94786a1b781d,FXE-FIELD-A-WTCA-loc,1370,67749609-8033-4821-9973-20eaf13ec6f4,f,f,0,0,0,1752901655:00000000000000001464
a9151c2a-dc5b-e064-a1e7-808a9bc34245,FXE-FIELD-A-FCAA-loc,1371,7ea4d92a-542e-449e-a865-b4f15bf1644f,f,f,384,-1,0,1752901655:00000000000000001465
418664c4-c696-b45f-d1b9-745cedef254d,FXE-FIELD-A-CCRWK-loc,1372,32d1f5be-4f8d-4190-b233-6eb0fa3e2d50,f,f,0,0,0,1752901655:00000000000000001466
640a27a9-7a7f-d441-526b-79312ebe1f9c,FXE-FIELD-A-DNEA-loc,1373,f58cfdbf-7b8b-4eaa-9257-fc5f5e0a1cfa,f,f,0,0,0,1752901655:00000000000000001467
774f588a-157f-526e-7302-8e4500b81ec7,FXE-FIELD-A-CAOA-loc,1374,d1f3a66c-67f6-4276-b2b7-7fa1774c95a7,f,f,0,0,0,1752901655:00000000000000001468
b2c0fd7f-e9e4-a613-3d0d-b7d16615c834,FBTA_loc,1375,bf6a809b-8239-4422-9e99-352acc7a8d7e,f,f,0,0,0,1752901655:00000000000000001469
4f8940f2-9578-71c1-42da-77f179e73432,FXE-FIELD-A-BUFA-loc,1376,c93b645c-c45b-4bc3-b5ba-a45716336d55,f,f,0,0,0,1752901655:00000000000000001470
e56860ec-77b4-a94b-605b-cb5c0d3631d1,FXE-FIELD-A-MFEA-loc,1377,d1df99a2-f9b9-4d30-a751-8aeaadee2d4b,f,f,0,0,0,1752901655:00000000000000001471
3a232b70-89d8-84d1-4adb-dae26d5f1876,FXE-FIELD-A-OAKA-loc,1378,4a198d4b-cf84-4bc6-9095-189c5daf39ca,f,f,0,0,0,1752901655:00000000000000001472
a11d3079-14ec-e302-dafe-d12f52ca1aa4,FXE-FIELD-A-SATR-loc,1379,2739bdcb-5f64-4a86-8ba0-fa4be20e4936,f,f,0,0,0,1752901655:00000000000000001473
28b66cc1-aa77-e9b4-05e0-b6c2b28e7a5b,FXE-FIELD-A-BOIR-loc,1380,95064bbc-b992-4366-aa0f-77ef7a1e8867,f,f,0,0,0,1752901655:00000000000000001474
2087788a-413f-3df6-33c5-86de4ca6d32c,FXE-FIELD-A-LNSA-loc,1381,4edc0f25-ffd8-4e42-a9c6-8eabf124900c,f,f,0,0,0,1752901655:00000000000000001475
091dc2b0-18f7-d3af-a836-1c10683af17b,FXE-FIELD-A-SEAA-loc,1382,32675d2b-2130-4cdc-baa9-4bf64bdfa93d,f,f,0,0,0,1752901655:00000000000000001476
6c3e2750-5c65-d21d-4ec3-e2636b7c6a98,FXE-FIELD-A-JLNA-loc,1383,ab8f95c4-0516-4a7e-ab36-4b1f8211062e,f,f,0,0,0,1752901655:00000000000000001477
13feef6d-2d7d-9ac3-025d-02ff5bb2d06a,FXE-FIELD-A-NDVA-loc,1384,ba6fb97a-13df-4bd7-b1b4-6d78117853f8,f,f,0,0,0,1752901655:00000000000000001478
f90cb15d-c941-bbb4-7499-7361abc53123,FXE-FIELD-A-DETA-locA,1385,2adda32b-1509-44de-8287-470b5c41c8e7,f,f,0,0,0,1752901655:00000000000000001479
14ec168c-aefa-ad9b-bd97-c266c64f8c18,FXE-FIELD-A-HUFA-loc,1386,fdf3ba3e-643b-4a3c-bd40-f6008acbf377,f,f,0,0,0,1752901655:00000000000000001480
9aff9828-74a8-00b1-010a-7249847451fc,FXE-FIELD-A-FEPA-loc,1387,85831e2f-8417-4ee6-b755-c18bfc1f3a95,f,f,0,0,0,1752901655:00000000000000001481
b48af56c-6710-ec78-f707-4d275c4e8661,FXE-FIELD-A-BLIA-loc,1388,83d486d2-fe7f-4df3-ab7a-49b75602a858,f,f,0,0,0,1752901655:00000000000000001482
e3625f4a-ae2c-c8c3-9250-acb16d7cda86,FXE-FIELD-A-BVYA-loc,1389,edb4a790-ea8c-4c6c-a37f-fa5171942184,f,f,0,0,0,1752901655:00000000000000001483
fda04acb-8ceb-4e2d-3a79-c7edd1cdd6b5,FXE-FIELD-A-ILGA-loc,1390,778c3d52-9e62-4462-9f25-f06a85c22566,f,f,0,0,0,1752901655:00000000000000001484
7f715171-f8c3-3600-6650-c0f14a45c439,FXE-FIELD-A-MEJA-loc,1391,cddc0701-cfa0-4ace-be2d-66e9687cf048,f,f,0,0,0,1752901655:00000000000000001485
6132b6e6-e479-42c9-d0f7-7ccbe25cbd09,FXE-FIELD-A-ROWA-loc,1392,4aa6d9e9-730a-440c-b8ec-5e508be834b1,f,f,0,0,0,1752901655:00000000000000001486
515af668-b3f6-74c7-b40f-f66d4aaf90a9,FXE-FIELD-A-BFRA-loc,1393,42e3f05c-648b-44b6-899a-8ad2411fe611,f,f,0,0,0,1752901655:00000000000000001487
17c28b88-cbe2-275e-bbe4-d7c51ab214e9,FXE-FIELD-A-MQTA-loc,1394,c32feef0-85a4-498d-b3f4-d36cf4311ec1,f,f,0,0,0,1752901655:00000000000000001488
dd109f7f-179b-c9cc-e0a0-ec5d4582b254,FXE-FIELD-A-ISNA-loc,1395,38d97e83-5100-4f12-b301-910b4eb091b7,f,f,0,0,0,1752901655:00000000000000001489
4f5404a1-7bde-2e9e-b6b6-15b93bca45fc,FXE-FIELD-A-COSA-loc,1396,b101aaa1-8671-46ad-8de1-167c2324668b,f,f,0,0,0,1752901655:00000000000000001490
8680885c-daa3-a32b-93a0-5556e5e42b09,FXE-FIELD-A-ATWA1-loc,1397,65b39a59-c2ec-41ea-a49d-5186c591b47e,f,f,0,0,0,1752901655:00000000000000001491
440938f5-2db6-4aff-6231-c916c4592184,FXE-FIELD-A-MCODC-loc,1398,c9d7b946-67a9-41b6-82dc-688ae2718036,f,f,0,0,0,1752901655:00000000000000001492
e084beab-77cb-e0d4-4470-630d13eca1d4,FXE-FIELD-A-MTOA-loc,1399,eb54bfb2-0290-4d77-84ca-2ade41570555,f,f,0,0,0,1752901655:00000000000000001493
ad2f3492-ada6-c2dc-fdc0-f3ff318b40e5,FXE-FIELD-A-GAIA-loc,1400,2dfee2f0-5ab7-4fb6-b118-2fe7523b782c,f,f,0,0,0,1752901655:00000000000000001494
43bf2daf-466a-821e-723e-3cc44c4ccdf7,FXE-FIELD-A-BDRWK-loc,1401,ee2a66d6-c204-4ce8-b726-94e2c62cdbf4,f,f,0,0,0,1752901655:00000000000000001495
af5c2ada-1667-a830-2e9a-e97a1bc07296,FXE-FIELD-A-BHMR-loc,1402,b0889f38-9eb1-43e1-a67a-c8929e21f04a,f,f,0,0,0,1752901655:00000000000000001496
fbe26340-f76a-3671-fa01-56b55e4e9bd9,FXE-FIELD-A-SMOA-loc,1403,517debe0-9bfe-4cf7-af34-062091694016,f,f,0,0,0,1752901655:00000000000000001497
2a4e3431-e65b-fdf2-8664-acac8cc20678,FXE-FIELD-A-RBGA-loc,1404,5bff1828-bdca-418b-800b-044274d8e860,f,f,0,0,0,1752901655:00000000000000001498
16d59cb0-c861-ef20-ecce-3c0b74a125e8,FXE-FIELD-A-SANA-loc,1405,91320924-d3b6-4a8b-9507-6562a648c657,f,f,0,0,0,1752901655:00000000000000001499
394387b1-591f-f4b4-d510-409c79b5ae7e,FXE-FIELD-A-CRSA-loc,1406,c1b33bda-e5bf-4468-8198-c38f89a4e10e,f,f,0,0,0,1752901655:00000000000000001500
abce6dc4-dc7c-1339-d787-9bc002045e78,FXE-FIELD-A-TCLA-loc,1407,a57060ff-c262-4203-b1a1-1dfad5d015be,f,f,0,0,0,1752901655:00000000000000001501
0146f8cd-85a2-a2b5-f33d-ff38bb2fe684,FXE-FIELD-A-RICRT-loc,1408,d27fcc95-8641-4d7c-8fcb-1783689293a8,f,f,0,0,0,1752901655:00000000000000001502
f154d09b-a0c7-e7f8-c894-c123728ff266,FXE-FIELD-A-OFKA-loc,1409,9ee61bde-4206-4147-8cd6-c2c5915b7498,f,f,0,0,0,1752901655:00000000000000001503
9f6b2049-4163-ab3c-2d57-89a10514fbdb,FXE-FIELD-A-DXRA-loc,1410,7ed7de5a-2b4e-4957-a6ae-4e336910cea2,f,f,0,0,0,1752901655:00000000000000001504
2979c6b6-2c46-4dbe-10cc-dd81f9781339,FXE-FIELD-A-ZZVA-loc,1411,15b8bd39-9c0b-49e9-b5be-30efae81a08d,f,f,0,0,0,1752901655:00000000000000001505
7700e13b-ce64-01ba-79b5-2f161f1b82d2,FXE-FIELD-A-CWAA-loc,1412,cd7906b1-2cac-422c-96fa-c966717d53ff,f,f,0,0,0,1752901655:00000000000000001506
64416053-75d3-7756-460c-06828cd8c153,FXE-FIELD-A-GDMA-loc,1413,8d798702-d2ac-4448-83bd-e977727f8add,f,f,0,0,0,1752901655:00000000000000001507
c97711c5-37dd-e243-8c2f-c8150db3ae6b,FXE-FIELD-A-ODWA2-loc,1414,a3c562ce-2661-4f8b-a332-459ff6ff1749,f,f,0,0,0,1752901655:00000000000000001508
2f9a671f-f70e-64c6-13b3-8e0079e96bca,FXE-FIELD-A-FSMA-loc,1415,d7856a1c-a975-4289-88fb-f7c264f2d82c,f,f,0,0,0,1752901655:00000000000000001509
be336426-d10d-cd03-7a13-13efce85744f,FXE-FIELD-A-SATA-loc,1416,314f42e8-fb37-4697-97f9-762d91f9cde1,f,f,0,0,0,1752901655:00000000000000001510
f2e20cc6-d0de-911c-7c60-a1293f8cca9e,FXE-FIELD-A-SATWK-loc,1417,63dd96db-0b19-4cdb-8b70-98600edf180e,f,f,0,0,0,1752901655:00000000000000001511
8024e423-4946-1150-9a27-726de9256827,FXE-FIELD-A-LCKR1-loc,1418,c97aca37-f001-4777-a8e8-828a45741a94,f,f,0,0,0,1752901655:00000000000000001512
bf75526a-add9-fccc-6082-d1d177108c98,FXE-FIELD-A-COEA-loc,1419,ec07fb21-3f3f-4c6a-93cc-546267dd9830,f,f,664,-1,0,1752901655:00000000000000001513
4a14ecd6-80ac-8ec3-d1a8-74fa7fca48e6,FXE-FIELD-A-SMFVK-loc,1420,b5f2f3e7-ab05-4890-a1f1-ae1ae2022daf,f,f,0,0,0,1752901655:00000000000000001514
24956c78-cd15-2aff-d348-9923c7a57415,FXE-FIELD-A-CYSA-loc,1421,6fed2158-d1cb-413c-8209-68665682bf93,f,f,0,0,0,1752901655:00000000000000001515
4b2b3a15-da31-6634-8cb2-553fe2c73d6e,FXE-FIELD-A-GNVA-loc,1422,dde6f653-1e91-4f92-af1e-a952dff3d6b9,f,f,0,0,0,1752901655:00000000000000001516
9b0e1771-163a-b0ef-70ae-5dff7f567051,FXE-FIELD-A-BLVA-loc,1423,ac7a3957-2858-46a7-906f-004e5b20e298,f,f,384,-1,-1,1752901655:00000000000000001517
986b5037-1abf-797d-f88d-e88d2f747747,FXE-FIELD-A-CKBSC-loc,1424,9c345987-9c3a-4d25-8812-732acb9d85cd,f,f,0,0,0,1752901655:00000000000000001518
0df0375e-231e-82cf-2cc7-1a6cfaf1879a,FXE-FIELD-A-CCRA-loc,1425,274d494f-b18d-4f30-a054-8b6365076745,f,f,0,0,0,1752901655:00000000000000001519
1eac267b-9b5d-9bc0-547d-f30d5be6035e,FXE-FIELD-A-NTUA-loc,1426,9a880a53-3969-4821-9e67-dcfe23f647f9,f,f,0,0,0,1752901655:00000000000000001520
5b164060-4277-340e-5042-51055ade88ee,FXE-FIELD-A-ELPA-loc,1427,b9516138-7785-4bce-9dd8-c63c9b8e5c38,f,f,0,0,0,1752901655:00000000000000001521
2abc0cf7-7b57-75ab-74bb-04e5f7491d09,FXE-FIELD-A-JACA-loc,1428,8c6c8b15-0394-4b5f-9bb0-c0b98975b514,f,f,0,0,0,1752901655:00000000000000001522
8cb87b56-5399-ae47-a8a1-d01f09217d86,FXE-FIELD-A-DANA-loc,1429,57c423ec-cdd6-4838-904a-4bb1be0d4408,f,f,0,0,0,1752901655:00000000000000001523
9086a16a-4959-93b2-cea2-c8db8ffd2cdb,FXE-FIELD-A-MHRA-loc,1430,14a4ad7d-5b7b-427a-b89f-7484e74baffc,f,f,0,0,0,1752901655:00000000000000001524
3b5ff802-a383-9ad4-918d-4537d996e224,FXE-FIELD-A-HTSA-loc,1431,aa5e19dc-85e9-4263-990f-570671f9ea91,f,f,0,0,0,1752901655:00000000000000001525
bce305e7-533b-54f3-fd5e-54a18d028871,FXE-FIELD-A-MHTR-loc,1432,62cc102e-b8c5-4e76-8ec7-babe50909631,f,f,0,0,0,1752901655:00000000000000001526
0b873b94-b573-c20d-4bf9-aaeb2e09fa5f,FXE-FIELD-A-HUMA-loc,1433,83ded7c1-cdaa-43b2-acd7-e193d342e0d7,f,f,0,0,0,1752901655:00000000000000001527
35847185-9849-8c6f-0538-2fd469818e38,FXE-FIELD-A-FPRB-loc,1434,e8b4c0be-8a54-4df3-a131-9b0eb8ed783f,f,f,0,0,0,1752901655:00000000000000001528
d163e073-850e-e20a-47ff-2560ddaaf308,FXE-FIELD-A-FNTR-loc,1435,0c120e08-2dc6-4e19-add9-e917fcaccf21,f,f,0,0,0,1752901655:00000000000000001529
faecad3b-bad8-fb96-df78-4548f91e7d38,FXE-FIELD-A-MSYR-loc,1436,ae1cc64e-3a53-4821-9fad-5859f7270776,f,f,0,0,0,1752901655:00000000000000001530
8d1061a5-ac7c-885d-f590-6af4a8543816,FXE-FIELD-A-TIKA-loc,1437,6687e544-b408-4581-a760-5e058cf20769,f,f,0,0,0,1752901655:00000000000000001531
e52f0abf-f9a5-38ca-3703-fabc1efe0d85,FXE-FIELD-A-FIDA-loc,1438,854b934e-1f5d-4843-8705-3195488beb4c,f,f,0,0,0,1752901655:00000000000000001532
d980d716-9982-7a4d-010d-517428a58e29,FXE-FIELD-A-FLOA-loc,1439,ae22da05-fe8b-4309-ac3c-6eee43a18571,f,f,0,0,0,1752901655:00000000000000001533
85f5c8a7-5fe0-285f-fdf5-94e13f786d8a,FXE-FIELD-A-OAKRT-loc,1440,e1b728c6-cf22-4fd1-bcd3-9b78c7731f1f,f,f,0,0,0,1752901655:00000000000000001534
1cb6e387-afa1-e95c-cdd7-674cfcfacd90,FXE-FIELD-A-ISNA2-loc,1441,98878b2e-e017-4aec-a711-46b0ae99b580,f,f,0,0,0,1752901655:00000000000000001535
2edec484-2f0e-d8aa-10eb-65e2728e3da2,FXE-FIELD-A-SBNA-loc,1442,93456ca9-0a84-44fa-9e92-0878b77e04b6,f,f,0,0,0,1752901655:00000000000000001536
6e55e106-bc23-ee22-9a34-7e462364415e,FXE-FIELD-A-BWIR1-loc,1443,641eaa55-162b-40cc-987f-0f1d5a5abe91,f,f,0,0,0,1752901655:00000000000000001537
d7b93d46-deed-0bd9-b40a-e4fe027f853d,FXE-FIELD-A-SFMA-loc,1444,1bc7f22d-4139-41ac-856b-f140a7009726,f,f,0,0,0,1752901655:00000000000000001538
18b2726a-8c01-eba8-c10a-cdb7d56476d8,FXE-FIELD-A-RLIA-loc,1445,ce2f26d7-d508-4b76-9dea-1089887a6a9e,f,f,0,0,0,1752901655:00000000000000001539
9a075e84-29c9-7965-2c7c-f63a401b0d3a,FXE-FIELD-A-MCFA-loc,1446,693e788d-c7c7-49b1-a82e-405ad56f7889,f,f,0,0,0,1752901655:00000000000000001540
f697f738-ca72-1820-322f-57b3070c02b5,FXE-FIELD-A-ACTA-loc,1447,7dca10c6-a1b2-414f-9a61-6bc7dfc46fca,f,f,384,-1,0,1752901655:00000000000000001541
9a161ef1-61c5-9107-ea54-922d90c3e43a,FXE-FIELD-A-LJCA-loc,1448,3dcdbd98-4913-43f4-90d7-f8260261e4c2,f,f,0,0,0,1752901655:00000000000000001542
ee6ee709-5cfd-4aac-8d1b-3f8afdd1d4af,FXE-FIELD-A-MKLA-loc,1449,3f87302f-783e-4fc7-a243-37d2c7d4e08a,f,f,0,0,0,1752901655:00000000000000001543
1b678b10-5dfa-34ca-7b4a-3ee9547037cb,FXE-FIELD-A-JANRT1-loc,1450,676b07e9-5e4e-45ae-92b7-baa8e4e5e086,f,f,0,0,0,1752901655:00000000000000001544
4239edf0-4dd3-5f97-6d99-fa6392a15e35,FXE-FIELD-A-JRAA-loc,1451,2e6e9f88-3ac0-42cd-b19d-9c1c7a298750,f,f,0,0,0,1752901655:00000000000000001545
15fe6ab6-cb27-009a-8571-a9f78d26e0f3,FXE-FIELD-A-RDDA-loc,1452,9ab5db80-66f3-4867-b796-2d67aebdb962,f,f,0,0,0,1752901655:00000000000000001546
79066e3d-95fc-954d-bda5-79a26d518c34,FXE-FIELD-A-SUXA-loc,1453,37884904-9d47-4043-b344-5782aefa2ba7,f,f,0,0,0,1752901655:00000000000000001547
8e0c614b-a986-a00b-3037-a14f7756c17f,FXE-FIELD-A-TPLA-loc,1454,6d85b828-1595-43b2-83fe-abd0d1b73de6,f,f,0,0,0,1752901655:00000000000000001548
6ea7d3bc-82ea-b07c-a79e-85b0c7f22129,FXE-FIELD-A-AGSA-loc,1455,f6234d50-af7d-41d1-865e-4b0ba3de4175,f,f,0,0,0,1752901655:00000000000000001549
41c206c0-5191-afb8-0f03-c3daaa749147,FXE-FIELD-A-DCLEG2-loc,1456,8fa75b06-5390-4a82-9c86-f919ba202eb0,f,f,0,0,0,1752901655:00000000000000001550
1b93c82d-ae51-47b9-8872-2e405da6dd5d,FXE-FIELD-A-IAHR-loc,1457,9e67c015-7ba7-4276-bf27-2ae16479c0a2,f,f,0,0,0,1752901655:00000000000000001551
b8f33bd5-938b-1b98-3a48-20fb2868d675,FXE-FIELD-A-BWIVM-loc,1458,06c8c11d-459d-4d41-b699-48f2ec488053,f,f,0,0,0,1752901655:00000000000000001552
32e44afe-92f3-ed61-ea8a-452009baeca2,FXE-FIELD-A-PDT-loc,1459,fe9363fa-8088-4461-9669-226059aa84f4,f,f,384,-1,0,1752901655:00000000000000001553
7889bd3e-5198-8e19-2c3e-3c9c76b92c83,FXE-FIELD-A-PPFA-loc,1460,b12c3a3c-f6dc-4d68-a7ca-4da02a479695,f,f,0,0,0,1752901655:00000000000000001554
e101b8a1-2b1d-d661-f06c-f2e6723f4e85,FXE-FIELD-A-MQIA-loc,1461,1250fdc7-48dc-481e-a53f-5f7755aa6e1d,f,f,0,0,0,1752901655:00000000000000001555
fd3f726d-06bc-253b-c98a-72e285aa008f,FDX-INDY-loc,1462,74eb4a4f-162b-4ebc-94c5-120b7b474244,f,f,0,0,0,1752901655:00000000000000001556
4bdd462f-2682-d18e-007f-c19e1cc691b8,FXF-PFI-loc,1463,841ec06f-f1c6-4287-9061-3d7a6074dde0,f,f,0,0,0,1752901655:00000000000000001557
94cdb083-5926-4b95-ea99-974c0e051420,FXF-SND-loc,1464,64d697de-72f1-407f-8dad-4eb05bb0fdda,f,f,0,0,0,1752901655:00000000000000001558
fe4536c4-4380-6127-d53c-4edcc14f1387,FXE-FIELD-A-DTWPC-loc,1465,436b5d20-3cea-44d4-b41a-9cf63f0a742a,f,f,0,0,0,1754475838:00000000000000001621
96f03435-26f7-f9b8-8610-dbe805670683,FXE-FIELD-A-DFWPC-loc,1466,2c9d8719-57fc-4889-a679-bc3c75ef234e,f,f,0,0,0,1752901655:00000000000000001560
f2bd4e02-22c5-a786-9249-0bb358daffaa,FXE-FIELD-A-MIAPC-loc,1467,2653a112-4621-438f-b53a-9207a1fa433a,f,f,0,0,0,1752901655:00000000000000001561
093aa46e-1da9-2aca-388b-568062af50d6,FXE-YSWA-loc,1477,3e429c44-4851-45a5-bd86-277a34467943,f,f,0,0,0,1752901655:00000000000000001562
0eadd666-1536-b8eb-4a0d-67eb6f08c5ef,FXE-YVVA-loc,1470,0ffd98ad-eff1-4711-a34b-d358f7e0052c,f,f,0,0,0,1752901655:00000000000000001563
12843bee-b99c-5f32-533b-019893a8c168,FXE-YCMA-loc,1472,acd22b39-add5-4e58-b94e-65927d95041a,f,f,0,0,0,1752901655:00000000000000001564
136511d0-e352-b9b6-6766-5c62edb56fdf,FXE-YXUA-loc,1482,ee9e2618-dadb-4db7-a1ce-7ae536ffb6e5,f,f,0,0,0,1752901655:00000000000000001565
138e31a1-076f-374c-5ac5-27efd5e95241,FXE-YULRC-loc,1488,b4f67a3f-321a-49a5-8f26-fe74ca92615c,f,f,0,0,0,1752901655:00000000000000001566
16dd02a7-448e-abb5-3700-e48952008281,FXE-YQMA-loc,1510,472870ac-9b16-4a71-9434-d29fb5075236,f,f,0,0,0,1752901655:00000000000000001567
c7dbf512-c7cf-a1d5-2ae3-ae058feb1865,FXE-YYZR-loc,1478,2af58d8b-1d27-4f8a-be3e-a3f801d3e4d3,f,f,0,0,0,1752901655:00000000000000001568
18214bba-9bd3-144a-55c1-5af576a4ccf4,FXE-YFCA-loc,1519,a45850d3-ea33-4f54-8b44-5848e68e4af8,f,f,0,0,0,1752901655:00000000000000001569
1a392931-b560-e81e-f1fa-b505ce972bf6,FXE-YKFA-loc,1499,77628f0c-9929-41e9-b77e-4e1a4ff87957,f,f,0,0,0,1752901655:00000000000000001570
2cd648b2-945b-13af-326e-d933586dced8,FXE-YUXA-loc,1514,0a0edf16-83af-463b-9315-89c6fce9d559,f,f,0,0,0,1752901655:00000000000000001571
2fefae1a-0d03-0259-33f6-562fc7674f2d,FXE-YKAA-loc,1516,b89d6ff2-6271-4a64-8d97-0263c81384e1,f,f,0,0,0,1752901655:00000000000000001572
34b15f9f-a10f-9542-828e-662da7a14793,FXE-YOWA-loc,1495,f619ec0d-9a5c-468e-b432-3801102f37e1,f,f,0,0,0,1752901655:00000000000000001573
355ad341-c739-c1b8-7cd7-e2058f177dee,FXE-YHZA-loc,1509,18c25930-3410-4887-aa16-1ef3f50ac15b,f,f,0,0,0,1752901655:00000000000000001574
3ead0f82-9913-c368-0423-7cb97d58a646,FXE-YBZA-loc,1504,3ddb10ab-a4e3-4c49-87d1-9c52f963e622,f,f,0,0,0,1752901655:00000000000000001575
491e1ead-6967-183f-f1bd-ff38853dd3e3,FXE-YVRA-loc,1486,91138676-93f8-4e3b-b641-6de1a2f02abb,f,f,0,0,0,1752901655:00000000000000001576
4a1ad068-3bd0-face-9f82-bff23729b819,FXE-YMX-loc,1496,ceb47a7f-1bd9-4ba5-a994-79ba36a69193,f,f,0,0,0,1752901655:00000000000000001577
fde7b4c7-33ce-4987-6b0b-ffb381bbb99f,FXE-YQTA-loc,1512,d044ca7a-442b-455a-a52c-20b3bf47b5d9,f,f,0,0,0,1752901655:00000000000000001617
4a6cc0fe-d76a-abc3-1b8f-4196fb29168c,FXE-YTOA-loc,1491,e2d48952-6ade-45be-839a-9d9cb9b6ac0c,f,f,0,0,0,1752901655:00000000000000001578
4c7a6ed7-db32-8e8e-7d69-51217514695f,FXE-YYCA-loc,1481,0fb66cd5-b63c-4b51-b6a7-10f10a15a45c,f,f,0,0,0,1752901655:00000000000000001579
5df50c70-40ba-4912-f4dd-c4bca8205f15,FXE-YSEC-loc,1521,38bcf08a-488e-4f43-a603-30155419810c,f,f,0,0,0,1752901655:00000000000000001580
67cc9487-8eb2-8597-5beb-81a51aa30899,FXE-YQRA-loc,1511,e312d97f-6f91-42cb-b022-09338ba7f4e9,f,f,0,0,0,1752901655:00000000000000001581
6cfd857a-6f77-cb92-3620-faf3765379cf,FXE-YAZA-loc,1473,bdad8622-cf37-4085-9739-2257ad382ae3,f,f,0,0,0,1752901655:00000000000000001582
6dafbc5d-9cad-39e7-3c3a-39a692c40c44,FXE-YDTA-loc,1474,edb7d05b-3928-468f-b6be-6b47bd540afb,f,f,0,0,0,1752901655:00000000000000001583
6dd3caca-4f78-62cf-7623-9976bf1d194f,FXE-YYTA-loc,1479,5bb5ddbb-a61f-4839-bb33-aec252c70914,f,f,0,0,0,1752901655:00000000000000001584
6efae615-8093-6cff-a1ed-41f422d66194,FXE-YLWA-loc,1497,967d0cc2-6741-48ee-a30a-1bc6a5735fe0,f,f,0,0,0,1752901655:00000000000000001585
72fafd2d-ee99-f5b7-4d98-67bda3a856aa,FXE-YEGR-loc,1502,0f7a5338-3648-4009-bbb1-8e4f0af27910,f,f,0,0,0,1752901655:00000000000000001586
7b6eeaf2-7757-1b1d-4401-6abce2038b69,FXE-YUTA-loc,1487,15166802-2ec4-44da-97f7-d86409007205,f,f,0,0,0,1752901655:00000000000000001587
7c9a3306-4d3b-ea39-3920-26a338175427,FXE-YXX-loc,1523,1c0affdd-6d63-4080-bf24-228666b9b918,f,f,0,0,0,1752901655:00000000000000001588
fb6b5d34-cd5d-2957-f7a2-9b5ca1e89779,FXE-YAMA-loc,1520,6f50b8e9-92b9-4a9d-8731-9ccd136d9785,f,f,0,0,0,1752901655:00000000000000001616
858c43e1-a906-6987-ab2b-cb1046486eb5,FXE-YGKA-loc,1476,9e4a77c2-27d8-4cc2-8856-962e93980285,f,f,0,0,0,1752901655:00000000000000001590
87655cd6-85a2-dca8-7909-d979ef03e97a,FXE-YSBA-loc,1513,0ec1d640-49d9-42c0-a6dc-1a15d1ed4cee,f,f,0,0,0,1752901655:00000000000000001591
8bfa99b2-8927-3088-1b58-188c8c60296f,FXE-YULB-loc,1471,0d0f8e4b-9bfd-4d37-b764-dfa02fb173a3,f,f,0,0,0,1752901655:00000000000000001592
8d97bcf5-e758-9bf6-16a8-cf7eb0785373,FXE-YULA-loc,1489,94be6415-b4c9-46c9-b6f6-535b501b929c,f,f,0,0,0,1752901655:00000000000000001593
99a790ad-ae08-c242-f967-6ff8a668c998,FXE-YYJA-loc,1480,a7603c6a-aa9d-4cdf-9d11-8bc071c53bd3,f,f,0,0,0,1752901655:00000000000000001594
a0ea3f3c-a573-7074-95da-9ee5df5b1170,FXE-YXEA-loc,1483,6a674043-aac1-411b-aca5-b3606cadf6d4,f,f,0,0,0,1752901655:00000000000000001595
a28f87d3-8b42-ec9f-1327-852b2b991cbb,FXE-YVRRC-loc,1485,847ec9e2-42e8-45c0-8cc2-5b6363101377,f,f,0,0,0,1752901655:00000000000000001596
cd55e52e-f740-4d29-2072-b675f073e33c,FXE-YBNA-loc,1505,ca047157-8405-4ca1-986a-cf84f8888a89,f,f,0,0,0,1752901655:00000000000000001597
ad816b6a-50ef-80b1-8bc9-f734b955118d,FXE-YFHA-loc,1501,a7394e07-6047-4555-872d-3b7279ec42d7,f,f,0,0,0,1752901655:00000000000000001598
bf891706-3e01-eb26-ede0-ca434498b8d3,FXE-YHZR-loc,1475,b837ffa6-6b76-4ee1-a0cd-e340fc541614,f,f,0,0,0,1752901655:00000000000000001599
f8dbbf7d-32c0-6765-d726-72900af4ae1f,FXE-YVRRC-TP-VIDEO-loc,1517,5d1ba68b-75bb-4024-8408-2a366177da48,f,f,0,0,0,1752901655:00000000000000001615
c7cf07f9-257d-8fbc-b246-e883cdfbe57a,FXE-YSJA-loc,1469,6425aff1-5e22-4105-8126-48ccf0c84ce7,f,f,0,0,0,1752901655:00000000000000001601
d15f9d9f-0c67-66ca-9c35-a4759825f148,FXE-YYGA-loc,1515,0ac4ddad-5336-4b99-b044-10554a009710,f,f,0,0,0,1752901655:00000000000000001602
d2b884ee-b437-5d29-d344-ab7253d3090b,FXE-YPQA-loc,1494,33fadd13-9d73-4e7b-a3ad-3e0a2e48eb57,f,f,0,0,0,1752901655:00000000000000001603
dd3f072e-4c9f-359a-bfc6-b099bb4f382d,FXE-YBYA-loc,1507,1c57e287-0dca-4212-8874-801dc22febe4,f,f,0,0,0,1752901655:00000000000000001604
dd636af3-3076-c193-4c94-fd4f43cadcbc,FXE-YYB-loc,1522,4570c1ba-0be4-439b-b4e9-d0126b8e2a2a,f,f,0,0,0,1752901655:00000000000000001605
eb670dc0-54fd-c391-f25d-5974b3afc8d0,FXE-YWGA-loc,1484,0fc15d0e-39f3-468e-9e8b-a8f8f3d43a95,f,f,0,0,0,1752901655:00000000000000001606
ee66d806-d1ef-f45b-f22d-b3aeec73ca6c,FXE-YHMA-loc,1500,ad3d1acc-173a-40bd-a884-97e3fb4885a0,f,f,0,0,0,1752901655:00000000000000001607
ef807c13-db5a-ea7c-4082-4dbd8d65dd72,FXE-YDGA-loc,1508,79d7ec23-997d-4a41-89a3-d2e05467d458,f,f,0,0,0,1752901655:00000000000000001608
f0ffa98a-90df-8a30-bf6d-aaabb241c0f4,FXE-YQBA-loc,1493,b465d34f-4700-4191-8248-fe19f67f8efa,f,f,0,0,0,1752901655:00000000000000001609
f179423d-479b-cae9-0b35-25e0c9761b0f,FXE-YYZHQ-loc,1468,0d5a0060-0be0-414f-8336-e3d41dfeb52e,f,f,0,0,0,1752901655:00000000000000001610
f815d0b0-3eff-f3f3-476b-319d18b5d47e,FXE-YYZHQ-TP-VIDEO-loc,1506,4af85ec7-87b4-420c-8e98-953722e6ad92,f,f,0,0,0,1752901655:00000000000000001614
f47bdc7a-20b3-a714-bb3e-cabf46fd2aa9,FXE-YQGA-loc,1492,c8e181db-73be-41aa-8dde-50d091771cba,f,f,0,0,0,1752901655:00000000000000001611
f76b0faf-5d5b-8131-ebc5-bddce7324c07,FXE-YEGA-loc,1503,1cfacee0-2753-4ac9-aa25-d98d434562d8,f,f,0,0,0,1752901655:00000000000000001612
f77dc4c2-894b-8cfb-beb6-4b1ff8401d86,FXE-YULRC-TP-VIDEO-loc,1518,ad697157-a5b4-4e28-8acc-74064a485ae1,f,f,0,0,0,1752901655:00000000000000001613
7f7cece7-850b-991c-7310-6f7b7a656c54,FXE-YKZA-loc,1498,db26154f-63df-4239-9329-d0c42b90a2e0,f,f,0,0,0,1752901655:00000000000000001589
08e6f5e4-da94-fe49-68bf-54001de13580,FXE-YTSA-loc,1524,9b197d4e-2182-4bd7-975f-02eab392ae43,f,f,0,0,0,1753463156:00000000000000001620
c4acd114-3b58-58f8-a8d6-70ec9288748a,FXE-YTRA-loc,1490,a97e45f2-13a6-4085-8ae9-c62a3c5c1902,f,f,0,0,0,1752901655:00000000000000001600
933707b7-dc43-a7dc-da41-7a4dca286965,FSC-OBD2-LOC,1525,a3ca0235-2f73-497e-a52b-f8c4ac75dae9,f,f,0,0,0,1765466679:00000000000000001635
d52b0746-5152-6d54-2adb-7bdd217aedb5,YROA,1527,19eeef89-bf93-4a56-a894-1dc329df9ee5,f,f,0,0,0,1771862959:00000000000000001646
9e860fd6-94d6-b383-208f-2082f5b31d5e,FXE-YTZA-loc,1528,e0619171-3457-475d-b22d-d61885fea425,f,f,0,0,0,1772031495:00000000000000001647
ccd7123e-a9e6-539a-fef8-4ebb51569d56,FSC-CLBS-loc,1529,a07d856e-b4af-45c3-aa73-63c63e0900df,f,f,0,0,0,1777901559:00000000000000001664
6819c504-2e21-41bb-d96f-cbee329bc723,FSC-YORK-loc,1530,9b4c4f83-21b4-4ff1-bb07-45a65647be40,f,f,0,0,0,1774986092:00000000000000001651
f8d269ff-d106-dcc8-5378-19d9a37da824,FXE-YXZA-loc,1531,7163cfb2-e7b7-41f4-afcf-b4e8c4efc68d,f,f,0,0,0,1775657555:00000000000000001655
539d182d-e218-5b91-3e1c-1be6e464373a,FXE-YRQA-loc,1532,36c16acb-07ca-4c52-add6-be5a3c61fa24,f,f,0,0,0,1775660381:00000000000000001659
4b5d9bbb-9945-5abd-d81f-546630559c5c,FXE-YIBA-loc,1533,94d201a7-6e20-4b66-826d-8b48a45714a8,f,f,0,0,0,1775660810:00000000000000001660
598213c0-657e-3163-c347-b19ce620792e,FSC-KCDC-LOC,1534,7d730687-3549-4f8a-8350-8554f68854cf,f,f,0,0,0,1776172955:00000000000000001663
93cb561a-4132-c603-3997-8ebdcab9fa4c,FSC-BXPP-LOC,1535,2d4a95a2-2a7c-429d-868b-f030c64ff7db,f,f,0,0,0,1784061057:00000000000000001675
55d5a3e8-a2f2-9c04-0dee-97ea6e34ce2a,FSC-SMCT-LOC,1536,0f6df52a-e6a1-40b1-80dc-877408b6fb38,f,f,0,0,0,1785182011:00000000000000001677
2b06d301-810b-8602-6239-72843c6f90ce,FXE-FIELD-A-SAVR-loc,1537,65d74471-440f-4f80-b1ca-bb6976c7795e,f,f,384,-1,-1,1785307498:00000000000000001678
4054139e-6506-e7e7-b1da-05addc8b93f9,FXE-FIELD-A-INDDT-loc,1538,a450b8f9-5d08-4241-9822-24566a893c37,f,f,384,-1,-1,1786062394:00000000000000001704
