pkid,fkroutegroup
730f5537-e987-a6b7-dd3a-17118ad31d90,002605bc-833d-2162-9072-586643b9d88c
93b088d7-de29-33ef-1ea7-5591ad747cbd,bd23bd7b-57fe-8102-92ca-5c8f34419e27
65257996-16d1-3e1d-dac9-dc4caba88ba5,26888555-8b22-4ce4-330a-d7b7823cb381
ef0ee623-0c41-2dc5-1760-3b59dfb5ac5f,
48625db7-9854-cd17-3b85-ca1241bc5182,3e67fad9-fbbf-5d63-33dc-c574ca3a8088
38c3c347-6774-e41b-4e30-9e8eff24c9d2,
3926b2a4-7323-c213-a67f-6e42164b26d8,
396a995b-d627-119c-7bf9-a60135ddf879,
c9f16946-8f35-47ac-b250-90da6261e154,54bda592-7f9b-9f50-3030-5cf0bb0f36d1
3a56d486-9532-068a-abcb-a96294499108,
3a6e5616-df9a-596d-e9d5-38654dc6532c,e4d3100d-4021-b411-5292-d520ae6ee171
3a9a958f-3b6c-6284-c58d-590443ca965b,
3a9ab642-612c-035e-6a0f-f929a22f296d,7bd882b9-f0f7-e3c2-2141-5bf8bc282d83
3ad21574-9e73-d9ce-df42-8093eaed27ac,
3b364616-bad6-8345-9244-893d108efad3,
3b89561c-7c76-dd36-21ca-e0e1e5b96dbb,
3bb2bdd1-43ef-d40b-51bf-364fc8ab3b72,
3bc8edf2-34a0-6caa-7ef8-43636f3afe46,34c1c803-3144-ecfb-b680-63c13732e3d3
3be09868-abea-d08e-2cb1-6a7b6b429d39,
3be78cfe-357c-dd60-62fb-78c641b09d9a,
3c3fa3e6-7689-821c-cd7d-bf390d3f3811,
3ccfc361-1d8e-96fb-f317-f5af2f57ad5c,
3cd73516-7958-1d8c-d14d-0f9104e8d736,
3e03d94f-a2a4-fa69-fea9-199d53d2ec30,4a957769-c793-e582-f67e-ab1a5073ead6
3e6fe3e1-e10f-039e-3d49-c0fbe15d1693,
3e9855ad-a63d-bc93-db66-cf0015ff6a8a,
3ed285fd-d51e-cdaa-8952-3b4e30b8396b,
3ee6e501-6915-6c1b-d778-87b1371843d4,feb0b45a-c308-dd80-de83-cee43f74e7f5
3efb5e9a-90dd-7172-be26-33c20c1930fd,aada146d-987f-2565-ee95-9c65590d2dd9
3efb77f4-8c60-dbe8-6423-eadf015d47e7,
3eff1730-5da0-681f-cb7b-734ea5bdf044,0fb73854-b0b8-43b2-d9d9-30eae4ce6a23
3f504940-8625-dc86-4f01-f625f00bc6db,
3f90bfce-a909-af04-9b96-1fc1ee838c14,
3fda86e6-310b-19dd-edd1-19c804e320ba,
403c18d3-295b-3490-c3d0-98b8559047aa,
404121ca-56bc-f4ac-3578-4273ed01c82f,
40454d6d-505a-46b0-9aa9-6119dc32ff2c,
40d76225-55f7-1ab7-f83c-fe140883010e,5e3b3eea-700f-d0cd-adf8-7e55eb90a112
41673ba6-9e99-e144-f9b8-0c883532613e,
41750e1d-dede-dd9f-1060-308cb5024e1e,
42241620-c323-43a8-129c-d861103dcc4c,
422e0aa1-a53c-6d6b-db9b-519a87f3e54e,f5f96a81-5ce0-1485-77f7-f4f096c9a86a
423a7960-25e9-d805-94fa-6b0283fa7fd3,
bf04215d-6add-f6c6-1acf-d5e747e3db9d,
4261955f-0c0d-f4ab-e2ac-b5cf56f564d7,050e5b92-0371-870a-8e60-fe1151fce571
4281cd0a-3d27-2f77-75d2-459d3d5aba32,
42ea00d5-22f6-3ae0-4c59-1080db506700,
42f9a9fd-146f-a455-7de2-873b4a6ea990,
43183c2d-b918-1df3-0b22-5d5ff775e3ec,
4374ba9f-3755-3283-2a7c-e7c56fdfd9c6,
43a04ac7-7499-0c3f-fcb5-7f68121605b3,
43f12311-2dbc-177c-6a57-93389dc27880,
440f228a-e48b-43bb-a23c-209288344a25,
45588775-e9e5-6e42-1b8b-b2647823b46e,c71a4252-8dce-8d66-fe39-612f26357c09
4589b980-1555-f45e-d42e-6c8549f9714d,034c8cb0-0fce-2299-b280-ef81f8f8c114
45903701-d6f6-4b4c-b0d0-eb7f92d36e65,18452aff-e760-a45a-a68c-839241ad60c9
45e65813-a9ad-d5af-eecc-15c09be449d5,023b28ef-56b7-2aa3-cc4c-9cc6ace9cd3b
462ad6e2-d6d9-a29b-e7b9-3e3ffac95e7f,1cd2e0ea-9a4c-f337-7b43-e9eef2b63ae4
465cf19b-2379-638a-adc8-c88ec43afff5,
4666a96b-d4fc-32a3-008a-7f4167278b53,
469be073-097e-83cc-0202-71987cd217ba,
4794b7e6-d49f-2d78-a9b8-22023d23f89a,
47c3aaae-2392-e7be-9ee4-464815d60b20,
481e685e-37cf-5648-86dd-150f949ee421,
4874cf20-7210-9a85-99ce-37ac05b8b126,22a548d7-3772-eeba-7d6f-e1c6d77708c5
48871c6c-e34a-39f4-0d86-dbc9485f971e,f93948e0-4d14-ad13-53e6-ef740deeb936
491d97c3-cf71-a53e-992c-cff052c71ebe,
493e75a9-e092-07a8-4b23-9c9132a642a8,
4994bc38-ca58-e807-a5b2-ab00ad078f0d,bb6fb9a1-ee09-e325-1919-6d1dbf9d1145
49baecf0-d7ef-cdf9-7ed2-2eb26d2c629b,
49f2abea-227b-967a-40ff-051f55823449,
4a951948-60d1-3ceb-f6ae-a7537c9b4e77,
4aa6a574-c18f-4ba4-2696-d811296a628e,b7727727-4a4a-f3a4-b2af-37086784319c
4abd078f-86e8-c50c-a018-8dfeeacaff0d,cb42cfb1-5b6d-e524-7404-1528bf3bda77
4b7e6a9e-a00f-686a-3e25-ca8a226b4fcc,
4be20b99-25d6-9a14-5616-07c6261399f4,
4be76e77-4a97-470b-9b09-19e8ef728d32,
4c2160da-5ffe-0ab6-df46-a3d8ea892eb0,57e1ba7d-47e1-9a5e-f42a-de3f9a334017
4c57dcd1-79ce-153f-3ea9-c016e569ad08,
4c5bcaf4-c126-fc17-33a3-ea8ff144af53,
4c701412-1efa-8737-5fd0-80d1bec0912f,
4c9d42d6-3e9b-4422-aa24-9c4b07ad4c7f,
4ca34d1d-96f2-08d5-e6aa-53ca222fec1a,
4cd560af-cec6-381f-4416-7fb66642cde3,
4cefca70-a92e-691e-eb36-2a23e76839bd,
4d3579e1-106b-f073-738e-a515145426cb,
4df51c09-f94b-9ff7-2eda-6747fc7bc0eb,
4e2f82d5-88e8-38d1-4b24-a708ae159af8,
4f34f32d-d3d8-4ada-80dc-2e26de821b47,
4f982f4e-0b89-a386-500f-5fd8f96115c3,cd660716-c7c9-9a93-c0ad-9117ac03e4cb
4f9e01c6-2acc-8a44-fd3c-5fd3b36845d0,
4fbd19ce-7148-8ece-12ec-eeab50f15358,
36cbcbc2-4491-4ce9-8edd-8302e47ac0a5,
4feec1d7-3100-f631-7a6a-c33516837ac2,
50375fbd-8cf0-c7df-b953-c3c72675d32f,45e1d1d5-fa83-fd62-6e67-7d45e0e973b9
504e075e-f80c-7248-5b0c-902def1fb51f,
5093f607-53f4-00f0-0168-eebdf3bf96d5,
50f46400-bc15-b6e7-fc2f-bb591faa60a6,
513453ea-949d-a7d1-fc4b-1a46e4cf611d,
51ba55ee-b782-d516-bcb4-4fde4fbb8586,
51d663e3-7606-f2d3-a480-cfb7f4ead96e,
51f45bf1-d2d3-c34f-dee1-39cee201cafc,41152d19-fdc6-6451-745e-b8a2e77b2b51
5246217c-55d2-c98f-0bc3-1a17be2ca443,
527f5f08-7fd0-443e-98ab-142353034413,
52e803cc-5e41-e3dc-b4b6-ff9ed1ae671b,
531a631d-b6e0-1bc3-0882-fb4e47f1367a,4eb31722-e48c-106f-3446-c872770f3359
535e4a9a-610b-4481-ab5d-8e0fd2836ccb,
536e7a68-753a-46da-3b2d-4600abaa06a7,8c44a591-ca1e-8ace-d0ec-ca7534d3995f
53cec261-5733-fb54-1d1e-f37b8641cab3,
53cfcbc7-44aa-d8e4-61d5-78bafbf24c36,86588747-60d5-85d9-44f0-aca532e59a9e
53d27a96-e940-0225-99e9-fb756ec6a930,5db81383-8957-b03b-8e19-de51f4e24f91
53dc2f29-cccd-d788-a6cf-a82262bce8a1,
53e27f8c-b221-9848-487d-3c4bf6fd5285,
5442bfbc-68e8-c23e-710e-53b481e3fd2a,3c3f85b3-884e-ea0c-23e1-030880525a7a
5448fcfb-6a90-e13d-7183-ad36b4a043af,
544d21e5-64ed-1082-6621-5aa23892d51a,
5470469f-1173-474d-963a-f4bf3dc83068,
54b5f382-354d-633c-f9b8-c8fff1eba905,23e68970-3c55-b03e-be5f-927da6dfb662
55380859-547f-e14f-798c-751b1490cfb1,20d9667f-efc8-8859-14e7-48b38bfcb11d
5546df7e-4a8a-bee7-67dc-24226ef79351,
5611d37e-0cde-7d4d-5997-75dfcba1939c,
5624497b-83d8-463f-aba4-1fcfae814108,
b3a59b33-d62e-40dc-b69d-d7d8d8eabe78,6cba56d8-a43a-1165-da74-7a80b7c6c46c
565c0a81-e669-357c-7794-e4bb54a140a6,
566bfdf4-8d26-e93a-e048-c15e90e8e3d0,
56a07714-0e05-98bb-ef33-7eb4ab5dd6e3,
56c54acf-eb20-3168-1e14-e9aa923d7878,a639079b-8056-547f-df6d-11addd6f78f2
56cdd767-d049-4d86-8b17-71338b516639,
57305398-c7bc-ce7a-bc25-364c6a47d414,
57f27515-3317-61c5-f527-9fce636e35d7,4b80c365-d7b1-7026-796e-a8fad77f12b7
583c2936-1d0f-44ae-f520-a5acd5e4f119,b1f1e996-e3eb-266e-9d30-780c8f201607
587712b4-6dab-13c4-3c88-f9d74d0d9e27,
5883a132-410f-6ecc-c078-7438585b2ead,
58a1d541-472d-6e3a-75ee-e2fcb76d9c19,
598ae865-aad8-69d2-fd8d-b9b6f2f222d9,
59ac654b-03f4-f773-a57d-c530b91ab685,
59e6f25f-b526-d141-f992-c3e87e3a9d53,2bfa41da-70e2-39b4-2004-6413d6cff526
5a0e57f8-f20f-1f51-d963-fb23ce4494b7,
5a0f979a-bc14-d60d-c923-63a69e7748c3,
5a2210a9-7b9d-70d9-9416-765526119287,
5aa17d9e-b928-5327-3b06-be1d9a08643a,
5ab40b1a-c260-4b1d-b472-3f725048d927,
5afc0cee-152c-7fc5-9f63-71e0df321aed,
5aff6a15-d52b-4dcd-ba6d-aa176f731fea,
5b13df90-6867-c30b-218f-e30e71fd472b,
5b740308-a7c8-074a-21a1-69f7047c9b30,ee1c70b9-7c47-bb3f-8eaf-c3c11a2d2c0d
5c56202b-c1fa-078b-0c34-01886445db11,
5cc40398-dd4a-4c07-8b9d-03fdab5f59ed,
5d168ff6-66f7-a9ff-609a-7c5833ba8778,
5d2c29b5-7a50-0c76-c984-d21aa918c3fa,
5d734948-4082-31c8-10d1-7a97574b06c1,d449a41a-b3cb-3fe5-1d64-63c45de9d79c
5d8e16f3-4944-a819-1384-7270706d68fa,53513c56-78ad-fa80-0bb1-e762e5b96c75
5d9a4a17-9594-44e9-8b57-59450b937bed,
5dbebce3-d787-4251-8a7a-3a56dd85904d,cceb3991-dbe4-a307-c357-96b187646607
5e00a325-34f1-a0ca-3cfe-bc354dc9bb9e,
5e1cc159-c69f-eb9c-795e-d708e1217479,
5e30c0f4-4966-ada5-5ed1-43807c22a7e1,76aec935-8128-230a-695c-d931144eeed8
5e8c2906-9dbd-54f9-a013-25b46f0d6e34,
5eaa9183-b829-9317-5658-edf7ee574aa1,34a0226c-e395-732f-b299-73dc68eb300c
5efc3c54-f1d2-31fd-ab8e-f9c1f760225b,97d801dd-0d40-2a36-5d2b-4be03a046267
5f080cc4-a424-40ad-d612-941fc720ccab,
5f1c45b6-574f-5250-b2d7-b4554228f096,
5f8a7bec-1e4c-7bfa-1392-d2138ff5290c,
5fb90675-3fd6-dc50-c9f3-eecad5f32b1e,9af758ab-5eef-e7e7-b831-1ac33b13ad13
5fd84ffd-4c8f-4dcb-b262-e3336c09b195,e4620a85-96bf-45e7-a260-d62ca9856fda
5ffb7597-7808-3bf9-7d36-d730d09920bc,
601bea4c-da40-1884-d6b1-adb0a7ef6bed,74f1fe22-728e-3144-7dce-5f8a09b2c4d7
601c61e3-7f75-dbd0-7146-f7347955e62e,
6042758f-160a-f991-ff69-87b77f8eb571,3e931cd2-4142-f460-5973-5488e1bad819
60a9b4bf-b137-dc1f-de9b-2128c990906d,
60e9531a-01d4-9ecb-f3c7-691eb4339e2b,
6130af4c-4627-1406-a272-dab3a17c8285,bdb92007-5f68-77e5-4aa4-21c6e9fbac31
61462b48-9dc7-1e05-4f63-f47a236a7cc8,
61b17ed3-bfa3-7d4b-f6e3-80369f016e18,
61dbd5b0-57dc-0412-5bcb-eceb36b1cd80,830e7ac1-4a27-cfa5-10cb-77f127baa20c
62206e5d-6179-2b87-ced6-13f68da6c497,
622a188b-c288-5817-514f-2d2340a1d722,
62dbb90d-a96f-4c79-a34e-728ff140ae75,
62e3a0f4-acb1-3540-278f-d9840e6fc778,
63110b5a-1dcc-c492-db61-2acff31111d3,
639284b3-4b42-c875-a4aa-57329aaee4da,
63ce87da-1ce9-4373-3497-4f568ddda951,
64335862-3859-a7ce-8c81-f77f6c1b957b,
64dfc3b8-172b-3130-f08c-9a4fb4c1bc47,
6506887d-44df-d388-9141-fa847e90b91f,
650c66cc-3c87-8c06-7a9b-bae2e838eb39,
653341bd-75f9-493d-e418-682934447c80,
99328c00-401e-1319-a831-9f8633625c33,
65ab5f86-e04e-429e-1d40-9a9ec642fa8f,
65c06d48-cfc0-1f10-d782-de7608dbccb2,
660777da-7f15-fdb4-e097-ee0006fa324c,57f617c9-70dc-3f31-5b52-96a679834145
66a24a91-9e23-310e-de69-c30f6b0fe6d2,
66b023dc-9cca-4355-ae2e-ee3231fd0275,
6733639b-9428-3884-485a-642867b5aa93,
673cebdd-9363-2d98-b513-45365cb4cb48,7058337f-5ccf-4e80-cc47-79ce882f7c45
6743b571-5c5c-1e15-f16d-20025d951c2b,
6778f486-fbd8-302e-4250-d438d9658b62,
67a6671d-4ca9-8d01-b736-107b98d30d4d,
1981f7fc-19e6-4951-b09c-330b1ea7e0c6,d0efbe2c-d361-e949-376b-3b9b0de588cd
6807c1cf-11a3-7ac7-83b2-f9c28d0a8f30,
685f6145-7655-a549-418b-fdc94394d108,1298bacd-a742-ee9d-eaf0-493f90d1dfc9
687d8347-2621-ebc6-3148-1058930a3365,c57345d0-eee1-ffda-56d0-53ff461140d5
68f76dad-6cb4-19c0-5299-9a2825169ea5,
690b4339-8b9b-3b02-d406-ae8cdeb86d9d,
694c42eb-506a-8f5f-33ab-408030482d97,
69d845b6-d2b6-b21d-d640-b87cb0b07bb6,
6a8f6c51-90aa-2933-d835-5206650d0fb6,a203f127-45b6-2cd1-d133-028a82beee20
6b001503-afb3-cfd2-cf7b-58a0643f9cf7,954739e5-c4e2-c476-eaa3-614848dea503
6b7b0f5e-512b-4ce2-8f19-1df7bc2b7da1,
6bae299f-220d-6fa4-637b-6a404d549822,
6be9cb00-afc3-c4c4-0365-0eda3f47667b,ecacf02c-e24b-aa71-6526-3eadeac177d1
6beff022-168f-4fb6-f7d9-04e747265da6,
6c444cbc-3a0b-a6e7-c216-ebcb9374d3f4,fd161b2e-1db3-45bd-56f2-9a6777f71ecf
6c454882-44a9-ba95-7d4f-99bd01fe0663,307b41a7-7e9c-28ee-17fd-6a081304fe56
7a645f5a-5c2b-6e1f-8c7c-c0781c85eec0,
7ad7f49f-33a5-8b0d-b343-6b9c2ecf76f0,08e075b5-8b84-8e74-e2ab-f01367f22810
7b30c3f2-0d15-25f1-23c4-ce3abf9a8a81,b6219acd-1a5c-e4bb-4265-8bce7ba24f21
7b4f8b6e-51f9-e38c-8f78-987cae44d17e,
7b594e84-f312-3711-6fbd-46289d3f6769,
7bc58970-6915-1ab7-cb02-35ed43572d14,46868c00-92d6-3257-fb7a-23c356dd0c36
7cd2b7e0-ee21-ae29-a180-890e84f00fec,111e384f-0f54-9ab3-00a8-a43233f6c762
7d7b7f12-a4ee-acb0-5986-71cde78b8889,ed911580-9b69-8eab-01c8-607eb45bd547
7da49d34-7728-b936-9b22-95d3461c4c0b,
7dabb902-307b-8665-da28-81ea6e37bed5,
7e01b022-4c35-924a-56c2-e1789f8c4514,9f170f63-90b3-e9c6-5ae5-0f1cc8399a77
7e392a56-778e-7106-966e-4b2251e83a2f,1799e418-0b4d-8e6c-83b8-4fa71b267128
7e74225f-ec54-087e-3da8-337ca168c136,
7eba48f6-003d-aae1-df41-2bb29049583f,
7ee3a59c-8c3a-4810-b32d-d138993c120b,
7f063d23-5870-1e6e-6caf-0c099325d065,
7f078b19-4e7b-28c0-8da5-5c4c3f972d7b,cf8d5a9b-65ce-6e81-fbb2-6480cb1565bb
7f7224ac-dd47-f427-f9e9-c1678d9225ec,
7ff2ab8a-da89-9653-2609-76242a557a2f,
7ffe8dcd-4213-ad1d-1c17-f1152c056674,
80144bcd-1abd-f5b4-fbf6-d55dcd8f7ac3,
80b8f11f-fccd-3aaa-7bb3-de9f0e0b81c3,
80d15ab8-eb4d-8b7b-afa6-9bb60d3c7d26,
80f4a0ea-97d1-33d5-06ff-aacba24d075c,3674a651-9fcc-4be6-7837-1caa427f9a03
810c42a3-b027-80c5-4a9c-6ebb6c98d464,c186a669-17cb-5ffc-0758-360918cd87b1
812f7648-41a3-e15c-273c-58c5886c4fbb,
81355b4d-e7a5-e894-3be9-da19b352e2a9,c7bb6e1d-a9af-a11f-8efd-07572de6f014
817ae91c-c576-7d25-d20b-8cce76c7cdc0,
81b236d6-1eb1-a2d2-e88b-e733a91c9a13,
81fdb80c-2d1a-06ad-7e53-4aa6c77e6f0c,
821c070d-cee1-1e8e-b7c6-bd0e958ab377,ebf22ea9-1675-2510-83ef-0a136a15b747
823d4ede-f676-bc39-5c5e-004361e5b7b8,
8294e857-b120-9aca-0cbc-ed42eba40dbf,
82ade78f-e993-d41a-9438-ce3a554f0133,
8376f769-2408-8116-32ed-b20fdf8380eb,db9ba412-cf7d-b934-57b2-074849543286
845abf8d-f111-7d7b-00a9-b95bb657515a,
84a26c65-8962-e6a6-2e33-b95a76dfa73f,
84d21924-2c36-4463-3f5f-2bd3ead802b7,2d82c40b-5505-6d4b-6cbb-8f9628057b37
84ff08e1-9279-42d4-b221-3ff0e5afee13,
858913f7-0647-042f-21e6-1691aed25eb3,7b99f142-1e57-721b-4b30-b9a976b0f503
8620d471-7f05-c900-6fc2-56dc24f4f398,43c2bfd2-0e54-bab6-9ba8-a021481786f8
865a8e88-12f2-7c1f-c954-e5740bc40a37,328b4e60-8c02-64c4-53c8-ec79a5be7fb9
8665519e-5a67-c9fb-e8d9-c4ca713b99f9,
8680cd24-eddf-0383-98b4-de614f720194,
8681da43-de83-350c-7c47-674bd849b5c9,
871b6eb1-d8c0-e86d-a3a6-e028786fad4b,
87337276-45f0-3ce8-8e99-17748e01aee3,
87891a48-0e9f-e569-1274-e409eff889c6,
87acb2a2-c756-e30f-0f80-124ab9028976,18b3ecb9-a2e4-a091-610b-4fda5f07bbb7
884cecdc-e4eb-85c9-2f48-519401407d8a,50a8f401-ab32-11ba-870b-3a7f63be2194
89061a19-b61a-470d-ad72-4d269601ae8a,
89426a3b-5dc7-1db3-5c92-81874477b23a,
899ac3e9-956e-20f4-73b0-7dec05ba0d82,
89f021bb-b0c2-3167-af00-9d6fc3fa5983,06bc710e-2175-f8ec-46ef-0a105439cab5
8a33b898-2242-b9fc-b7ca-9a83c42f0bb2,
8a5cd627-0528-562d-0bd5-a719bde95c12,
8a9a64a5-ec41-1067-20c2-45c35e97eaf0,
8b9c08b6-8532-2f7f-d825-b5773cae0e8d,f724affb-1e42-69b8-52ae-1849632ee841
8ba0f0cc-2830-4e91-b88d-77aa3b401bc2,
8be89f29-290f-6858-b200-577fac551488,
8c06997c-a48b-b546-d765-87cbcffc54a0,
8c09e723-91b4-b4a5-f5c2-b6b7a600882a,
8c88d5f3-949c-8c72-f837-15e49fbcd186,
8c9187bb-7a9b-ea82-e1da-0e783075f0bb,
8cfaf9f2-85f9-01a9-0f15-656e79b0f833,
8d40cd11-00c7-c146-828e-248a98d6685c,
132d9440-86b0-48fa-9540-e0b366897c77,0cdf05dc-6fda-79f5-33f6-0c1e52897314
8dd80f5e-0b1e-b637-4aca-923c11816a86,
8e0760af-de29-a544-1033-bd5d1d8a5945,
8e2ddc2a-f852-42c1-a219-16dc6f3a6b17,
cabd51cf-4a51-454e-936c-ed410b754336,021d967e-4899-2e37-26f7-6c66c6609d12
8ef4a237-4523-630c-2c49-a7e8066f5772,a33c8cf7-50b0-4743-a20b-bad204789ec9
8f29ce0b-47d0-d2be-a98c-b097fd341ae4,cf999403-96e5-18c0-937a-be03df50b3d6
8f50ab99-cfca-cf8d-076f-2aa3613ebe01,
8fcbf711-7487-7387-3bfe-cc2214bc30ba,
90269b7c-d4cd-4402-a7a9-f2df269abe80,
90afff4c-b9e5-3d80-cdca-0aace6e6f398,47c90f66-9a25-706e-4567-b3109d521e31
90c818ce-cf69-74b5-99b2-93c9f59fe90e,8246d793-fa62-5be7-3b4c-ba949d9e375b
910857a7-e607-d236-b604-90841c317706,4817b2df-8140-f769-7790-ba4c24db2521
919f903b-b337-0744-3233-757bfcf7af99,
91cf82b8-0a8d-0f84-f9af-1101e1cffa27,
91d6cd04-f536-f617-450e-5e4237c4b65b,
91f0541b-a63b-9068-9ae9-a4a49ee8c314,
91f73e21-f750-bdfa-1174-2a83417a113a,
9222f303-e305-bb42-3459-eb46b79ff5f5,ab0e6faf-4c8e-0ff9-a35e-08633325038f
9227bc44-a22d-5d51-2ce3-e976ff623037,d1e82d4c-32df-3e9d-241a-4ccdd615334a
93027218-f0af-442a-ac6b-6195125c7cf3,
93510728-0b3c-6212-166f-f46ec7539011,
9366b64c-4c84-f058-9e15-d7d71b64f7bd,
93731e39-e6e5-082d-7cda-0ba8b8fee6b2,9af4f857-2430-3c89-913c-6c4db949f227
937c7d06-72ae-f85d-2248-fce4b51aa2b3,8d181617-1328-3c0e-8d09-b2410d98a677
9440f148-b1b7-4934-85f2-941ac1b34ca1,
955561a1-c4cd-0488-5aaf-a1cad37ce556,
95702f0b-668b-4134-bcef-082c64003736,
958a3ab7-d0fb-c88c-8493-0d7dd9d1c00f,
95eac443-a543-e2ec-11f7-8f2627bda5e4,
96115646-eab6-b9c4-7829-c2956d4bd1d7,
96349bb0-9f8f-0eb2-1d08-8b7a7534b6ef,
96894e2d-3797-eefb-9cca-5899fdf0e4dc,
96d1b95a-ba61-53df-4738-aa75bc4f5856,e19107b4-0a64-b435-db3b-21411faf78b1
96dc8f94-bc2c-4623-bd7a-85a55b118502,
96fa61fb-bf50-4073-edbb-666cff24b8a2,2ecf333b-b1a3-add1-6d87-1ee22f8d4516
9711f04f-d2c4-186a-d43f-16c50916f49e,
97300b76-5203-8087-2b7e-f58442d8b834,034c8cb0-0fce-2299-b280-ef81f8f8c114
97b3a3c8-cc5f-499b-d048-ce71e438254f,
97cd2402-76d4-6cda-f388-d965809b4ad5,
97f1a24e-7a68-649d-9224-de7ca8314a05,
982e12f1-23fa-dbf8-a14b-3178cd6bda7d,
98d0de6a-af01-2933-2d59-f5f52b663d55,
9912bd87-ac76-4e90-b4d3-7ce39b4fee10,
995e6cce-deca-8b07-4b41-ab46d9fe476b,b67c123b-8d08-0214-98dd-107669ad102e
99a3662a-f636-1235-1757-f3fa615ada26,
99b62530-7be0-e3bb-212c-3a50deb77996,
99d1e138-a280-770a-7786-76a1e56dc1d4,
99eafeab-e3dc-162d-b310-dec00476d7f0,
99eba067-f6fb-1f03-5bcc-f3aa41b41fcc,a07b5639-a446-eb45-d0aa-17b92f4e4a17
9a3229e6-c73a-c30a-47d9-8e10536808e6,
9a3b8d57-ef50-7cd1-33fb-971e07732ac1,
9a4d3b1c-60c4-41cf-b502-3ef9323eb63d,
9a90e9d0-a454-7773-826e-ede0714e6341,
9a979efd-ee0b-fc12-1b07-f036961add3a,
9ac1df59-d24a-99c5-3600-aec68df1f2e2,
9af875da-cb91-39cc-8400-757d6d93871c,
9b07604e-1d4c-ca77-7efb-d6f6ce1d42e4,
9b9dede2-216f-7ac0-08aa-3f39800b875d,5a35bc9f-b3da-33d1-4fed-df616cfe2ad2
9bca574f-4d1a-8497-9e32-ebe8b04dde7c,
9bcc3204-d488-7eb0-b11a-e6cdccd8d043,
9c397946-e603-103b-0476-5908d676fbea,
9c7c02bd-c4ae-afdc-0fce-b81deb9db950,
9c95b57a-8f95-943a-a161-bf5bc4f668ef,
9c96f278-1486-d06e-79cd-bdb2aa161f09,
9cc71edf-ff84-4643-a87b-3599233d0b7b,
9ce29b97-71fd-9751-a0b2-46a9b1372ddd,
9d4886e7-2374-9daf-38b8-1079acabc334,
9d609836-91d1-6cde-9a42-f934d68a35d4,
9e7ff707-e75b-fd33-14aa-392737b7a352,
9e9b06b4-2ce2-0abc-416f-45fa8900e442,
9e9b1629-abaa-f98e-3f19-8bd377a127ff,fd4a161d-0b4c-72f8-5d0d-cd619a5b95ad
9ea13701-32a7-447b-7e5f-0f1a498c0c61,
9eb3dc1a-bffc-431a-d643-9de9f8a40f53,
9fae4ddb-1a03-6357-298c-924ab32b2d7a,
a029b178-1b52-6f0a-2fef-2af7399236fa,
a063ceed-3b27-d551-de75-b9ee626047c5,dff7298e-d1ef-8506-b2bd-753501fde875
a072c7f1-99a7-7c56-9238-079e89ab69ef,
a11f136e-a346-0d9c-1747-dce6beecc256,1af26f39-fda6-b10b-0542-a62c55d905e8
ec999548-6329-2905-ff58-0c85f1a50179,
a13bcd5a-7942-7d1b-a0b1-73090949f6da,
a17cf67b-ca13-216c-d83b-7030f5a71926,6210da98-bc34-3d1d-21ee-4ea748063da8
a1d9b609-8316-cb1c-0345-2f3b2f0eaf6c,
a2491048-9c03-469d-8917-882c1474a22b,
a255c2e7-0d28-2473-8b76-fecc0e792f9b,
a2864064-d7f6-4b65-9163-10520561c5b4,
a288d68f-ca9e-d065-cbe2-8ff2cb0c2ceb,3ad7e021-dde4-15c8-f042-f5ab312c25ca
a2bf11ab-c858-b8e3-460d-866ca4a76c68,
a3ee6919-715a-94fe-bb6e-592c831aa2ee,
a5095d7b-dcae-fcce-6497-2fbd99d753ff,
a50bb807-6550-bacf-a8a3-e943e921c24f,
a52c8a18-325c-f3a0-303b-13ea94145091,
a532c681-9963-3ec2-421d-c83417babc38,7eca19b0-5074-92f0-deeb-8ee3f29a76bf
a5a33f45-b9e0-6e6c-bd5b-debc860394d3,
a65b7466-c4cf-43ff-8c66-93e31721a49e,
a6882f16-ea21-3bbc-bb94-aeda7bb2c344,
a73fd432-8b9a-6d39-597c-c0e0b47fca1d,
a78ac3dd-2311-2ae6-a8cc-7b8668439d19,d117ac4f-edd9-1a15-a13e-4390349e6c69
a7afccda-6852-531c-5009-365968a02f6a,f9f5a4a2-7e72-735d-4744-9c0ad10fcdad
a81e8c33-25d8-a090-3e8a-8fd42cef1fbc,
a81fa356-46de-c5eb-673f-582dfc434c91,
a84d9a74-5b44-d2e8-8cd4-fa6d2c0a5351,
a861d372-ffef-eecd-6554-198e6c944bf1,0d8d240a-ff52-7abb-988c-c9e1d28a1df6
a886c316-f1ae-4a37-89b7-0b3c26e30e5e,
f39d088a-0fee-8728-86c9-93959709535a,3e67fad9-fbbf-5d63-33dc-c574ca3a8088
a8d9561f-d876-5181-851b-c91867a860c5,
a8eb4b7f-c549-04da-83e5-c445a60ea4ec,889179ce-59de-8141-6b7f-555c341b6c63
a953f503-08c0-247c-505c-328793bd0d8a,f9971620-0731-3f82-e693-4845bf08b591
a976018f-84ba-ab28-581f-d9b94d256dd2,0d151496-fb17-1454-2efc-cbfdf820cec5
a980a65b-11d4-673c-ea6e-343b946ee4b1,
a9b10165-26b2-ca1e-c6df-c4374bbaf128,
a9c1a47c-826e-377e-229b-67ecc021ca58,
aa11055d-69f6-9bba-0873-b8847a295e6f,
aa138219-c5d4-59f9-a2e8-03ede891391a,3dce55ac-2d21-5d68-b2f8-1c4a56d889da
aa1819ef-6490-8701-8643-e9856d0df6ae,
aa252a44-1560-cbe6-8f56-21e232dff211,747d5a11-15b1-77d4-1c4b-b71987f59467
aa2b69df-d3fb-fd88-323c-1f67337fe9af,
aa8d1903-10c5-401f-b902-653a518e6ec1,
ab4088fd-3b7c-4ab7-8535-d3ab66dfd6f0,
ab63fa14-1df4-4440-b177-ff5d8b7f877a,
ab995a90-237c-4740-e6d1-8a26e745d283,
ac30a104-3400-f24a-af86-9acb8e2e1e41,
ac63d398-9995-f4d9-e486-0ffe1e2e7c97,
ac87f215-925c-cf9d-2451-3889ea0a3625,
ac9ed66b-d75a-037c-9499-55ceed8f8ec2,7ef821c3-5d98-7938-db43-59bb3cc5c013
acbb5439-c7f6-e2ae-3d5a-b7fde305c4b4,
acdd0619-066f-ab04-c86e-40654ac6f925,
ace2ab02-1ea9-05b1-8c6a-af946b055e49,
0c994712-860c-cf92-e3d7-4b61e45a7dfa,
ad4fe4fa-6fba-4a17-8b97-3cec2d9b2e0f,
adc5abaa-99d5-88ad-8054-51240020288c,
ade16144-17c4-5112-2331-2ca959622bdf,
ae3aadb4-40e3-d4de-00f4-5a1b9b957e25,
ae501a4f-384f-466f-8a0c-bab375de794a,
52981acf-5e58-4abe-96ab-7c28581e5e97,32249753-9c4b-ff56-e0c4-4296202147e5
af1bcc6f-3506-3433-b491-dd35444dc6eb,
af400855-f100-9d79-56c1-7f97562daaf7,d7d1cec3-93ee-d3c0-c530-0c913741a434
af643ea9-ba6d-4d99-42be-c3b59de812aa,20586d41-2d3b-0eba-6bf5-6927661729ac
afa36a4f-e131-42cf-b690-b6ec3b3a799d,
afb2c525-ad8b-52d4-3a6e-4d55f3035665,
affbb565-e8ac-79a3-627e-3d51617b9e26,
b018fd4d-ef41-c82b-065b-f186824999b3,
b02483bb-6da8-da7e-ba89-c26639533974,
b0e878c9-6571-43d9-b111-b4a1ffc45bee,
b10f80d6-b80a-0558-32c0-19aa5ffd1661,
b11be349-2619-a2f8-51f6-3eae58005f52,2b96afa8-0354-3462-3cc1-4371a4d4c80c
b15a21af-6a73-2ee9-6cac-5784892d27e5,
b185aa40-ccc5-4dc7-83df-b6f5ada2febe,
0fc71517-da8a-4daa-b506-02a133e7d4ae,97903b54-176c-2d70-d69b-76cbe562cf7b
b1a70c4c-ca78-0568-82ce-b14dcc293791,
b1bd2bad-9041-d3fe-41eb-06cba59f4343,
b1ca15f0-4c1b-825f-4c89-e9c254929c40,e93cc9b8-c143-1aba-360b-a47a146fa09e
b21f4956-6986-495c-ea62-673a4a92ebfe,db0ca71c-eb49-9641-6938-e8f5d2eff8de
b2a442f8-a1eb-265a-a0f5-dd03b03562d9,
b2b81ff0-d056-ced0-481d-c17f1f6ed4a1,
696bb3fb-bf4a-4a49-a8c8-ef745f3b2d06,235d8346-d9d3-9ac2-d7d6-f555fb15538f
b32e4dbe-0b30-c88e-e4ef-94d7c7947aae,
b3744299-b73e-3b24-ca04-c21326c9709a,
b377ede9-6b93-4054-a5fe-74b2abe97525,
b37b453c-41ff-4b1b-9d74-ad4122612895,
b3d6e1da-855e-d1b0-0dce-f005083a0683,df3423cb-e3dd-554f-1491-a05c38102746
b3dbc877-9340-296f-a72f-30b9e9d962e5,
b3dca5e0-c43d-f3fe-e182-8d6abc1676ca,
b4056d3e-1068-4eb2-8c0d-196e063a61d8,
b44b496a-328e-78e0-8beb-796625cd8e9d,
b45aa042-a9c2-0944-e413-d95be56735b9,04cce391-27c1-64ed-7ec0-a4ef17a710b4
b47e7819-50d6-447d-b109-2c27b75cce71,
b485dd2f-380f-1f4b-1029-134d77d04462,
b49c1939-c6f8-4804-b24f-d3ccadac2ab5,
b4adcff1-157e-4595-af90-2a90538c1834,
b5919745-193a-dcd0-e388-5d92883b8655,
b5c85462-0285-a495-c33f-843cbefc144e,
b5e2d14b-d25b-1ac6-8c6b-0a4ffbb1f2d2,
b69efcf4-9e9c-b771-8c88-ba30d56ac713,
b6e26462-75d6-fb7b-4866-909a029784f5,
b7b2e50a-544b-fbc9-d049-35c5a32edd4d,ac6d395e-0fdf-b6b6-3c88-629dca25ead3
b7be4018-04db-4510-8ca0-4ca7a41e49cb,
b7cd8276-9424-4af7-02a8-3e9d35d262d3,
b7d7ae5c-8ce4-d882-8682-dcc2955df3a3,
b7e083de-905a-3151-7f2d-ac5e5848d7f9,9143a4a1-bf3b-ae05-79c9-3657cdb6473d
b84f84b3-d1be-2e11-1ae4-a7042a08523a,
b86c8560-cb8b-53ad-ed2c-1f44ee81ee85,e66c8744-53a7-7753-7eff-f0765f0e484d
b88be262-92cb-6b7a-1818-c1a33ad64bb2,5d026eb0-780a-35df-d22b-84992d02c8a8
b8942301-2e5b-2fa2-8313-aa1e5c254878,
b97f25f8-250f-e525-b55f-57cb3c08af7c,
ba6c2db0-9a9c-18ba-6ecc-433782c73240,
baccabf8-bf34-0784-d224-b23026823e31,
bb0476e1-19e8-8369-c45a-b3422059089f,
bb106c87-c60b-b653-fe0a-9af01830157c,
bb6bac0f-e26f-b4ac-dfb2-5e5a9c5aaedb,
bc10f8d6-4ebf-7fcc-557f-d762d6d01008,
bc62aca6-7b46-8baa-5917-a76a88e3b391,
bcfbd51f-14f3-01cc-df74-eb7cdca5d0c4,
bcfce623-a182-21b1-71e1-00df48e58cfa,a110e822-2512-295e-4002-48d9be632997
bd0fc002-918a-e35a-1a2b-070900cdeffd,
bd167d95-b8dd-4910-bd13-cb100e963927,
bd296791-acf3-9603-91c9-73311172b35d,4bd42845-c93f-26de-d1f5-719801c29d8d
bd45b4b9-2f96-ec83-ccf8-f0f8e465e704,
bd664d40-a78c-36bc-419d-dc79a5d1efc4,
be327a36-b51b-5cee-9604-a03c45f9b3f8,
be87be0a-0edc-7288-2766-b16ed70e4ea7,
be9bbdf3-8f17-8240-8165-6f46b2815c30,
bee9307c-371a-ae87-9b84-899b65a24f6a,
bf0d977c-09e7-b86a-a579-258eea5249a0,
bf746947-4033-d4cb-b75d-aeb42533d2e9,
bf78f81b-aaf3-dc20-010b-3ae2496ee6e7,
bfe5e021-87bb-8b2c-352c-f4ef983e36b9,98b96ee5-b302-b422-e669-4ed2f3b471e5
bfea9e02-6990-4265-5f8c-d77a43b958b9,
c00194ea-40d1-da3a-f92b-b604eec3279e,
c0197605-f532-9bbb-4455-69fc325cb742,9d5f8c0c-2d5c-2069-2596-53dc63bec42f
c08ad0d2-bbdf-01e4-ce21-cceb221ae52a,
c0dceda6-838d-09be-6d8f-41619b724df4,
c103179e-8d40-48b0-9991-8d487f805866,
c1aff6db-9068-316e-5db6-fea697bf1cef,
c1d2fe38-ab84-4e11-0630-fee614b2bebb,
c281be6d-28c3-b65c-92ab-d2c7718b1cae,
c2a7f717-5ada-acd4-cba0-259c35f705da,
c2e936e4-90fa-87fa-1881-8a51ffa81bf6,
c2eadb58-ee17-449a-6f98-8b2e06934197,
c33b1c05-4cb6-4b78-c0ad-90afdecc6393,e21be786-2824-d949-85ca-9067eb4afdd0
c3821e54-c82b-aca8-3fea-5f2b5a0caabb,
c3eefe47-b0cf-495e-a579-19cf4fccb539,
c4377bbd-881b-0d49-b760-30f5700695ef,
c45a4958-9377-e66e-b800-383f15287969,36ec2c13-6188-712e-613a-485a30350e3d
c5250512-0a6c-427b-f929-a8edec9e0dcd,
c557d3aa-4004-364c-b0cc-e23022e07c98,
c5a3df0a-860f-8901-ca28-450337152df7,2f4217c7-68a4-19dc-24c6-bde8c78d19fb
c5a413ae-3a08-4720-8c5a-6e510da603a9,
c5a72b42-9316-2d19-3ea8-6369476de0d1,
c5e35046-2593-3c1f-557d-f9387757bf66,
c5e45e76-4fc5-2cad-378e-7eeccae477af,
c6694f70-30d6-0e5d-48aa-6dab88152b5a,
c6a92885-4de4-e212-3980-f7774fb0b0c5,
c6d97596-c919-47fa-9562-6073a30edf55,
c70610dc-4421-0f05-e56a-4e91d0f60a54,60c616fc-2eb1-3256-559a-6ed3ba6d7508
c706228c-d51a-ab1e-7c33-6414b7725faf,1e0f4f97-2c4c-c2e9-47ce-b2bc3206a72a
c7bfe326-beb4-8614-8565-b03d1ffc69f1,
c7f2ee1d-33fd-4908-af6c-c0fadcaad9f1,
c809f956-dbc2-05ac-c487-f2783076aee1,ad73137c-f9fe-efea-eef6-6073ae8d5138
c80e193b-a5ea-4301-945d-6524abdd2f2b,
d4118476-3b1b-38dd-216c-f925472a3f0e,a21d41e8-6c69-6cea-6588-7919376e2287
c8497b33-8a83-caaf-2e84-905339e93deb,
c84c2c37-776a-20cc-1d28-b3e7c155722d,5192a2b1-b13a-81c0-7021-1ce360a554db
c88aceae-692d-2a64-dc17-7775d8bf6e8e,
d024314e-5d4d-48c2-9255-8084c3e50ca0,c2305c91-3829-055b-8836-24e9c8fa85b5
c8ac38fd-06b8-4161-8a22-843a26bc70cb,
c8b60327-c775-953f-66cb-a777784141ea,
c92d27c5-f4e8-1a86-a224-9c5f1ef40a4a,94ff9e90-7f37-42a3-0a63-a655341d9de7
c95a3b84-ed26-89f6-02c5-8b3a09de76e5,
c9601f4b-5e6f-4e05-a805-582936941578,
c96272c2-275f-7e48-ace0-f5e2a8345291,
c96d2611-f55c-9766-b022-1bed34e5de57,
c9f31e37-f141-9dd5-5ad2-5bfc93a43542,
c9f471d2-8cc1-6cfb-55b3-7ac107fa4102,f9414bd6-e477-42dd-f00c-adfe458da3f2
c9f8c4d5-3e04-fd20-02ab-4a6b0868277b,
ca27d850-9c83-701a-7ed7-3f803b9b06e5,c6ef4bd1-b572-812b-9f0d-2003d2a1a907
ca466843-6953-c209-be38-6b4c8216242a,
ca5ea022-dfd4-7b91-96f6-b93b64b9f30a,
ca6a4a1e-1c39-b958-9c26-2b880626186e,
cacfe7ad-7a92-075d-52cb-2900f4af3e2c,
cb4d9883-f4bf-86b4-6a2f-cd13d9953bca,
cb5ce3ac-bad5-9d6b-da54-202ae4664bd0,924bcc50-2cfc-a811-92eb-7d727a01e8ba
cb6ff431-154b-8f54-170a-12f8f549926e,
cb924755-f625-4551-a720-665eafa0d422,
cbb8b623-ef46-0491-19e8-79117f978bd8,
cc086d5d-3874-0dc7-20fc-f92dca3caff0,
ccaf98a7-6e9f-4525-8069-53d1cd605687,
ccc91f09-bc1e-260d-54fc-38d0b907b15a,
cce1a11e-7d2f-1f35-6c53-8b388dd3661d,
cd44d1c6-c341-9da8-b2cd-1b26191b8533,
cd80d0b9-08d0-4616-b523-8c1f276c7665,
cdea60f0-c7ec-5b17-31ce-a270bdf14585,
cdfddef8-d88b-7fd9-aab2-dbfe0290403d,
ce0ff720-28b2-2a0e-29a3-483a870ffcf9,
ce2fd4f3-6821-e51b-6723-11ac5be38d14,
ce3e05e8-e859-15e2-ff67-0d436ff5b1be,
ce4a0cb6-2008-84a9-85c0-ac03395850ab,
ce5e4cc3-93ee-8c10-352c-5a5f64361f6a,
ce78acda-0f6c-efd3-09d5-1e90d5ea7bf7,80f41ade-b709-0074-fa93-82866de8032b
cef7f7ef-8ef7-25c1-3886-dbcd2dd53ff7,
cf214635-6a46-7aec-dbae-16ff1c2baa4b,
cf41538f-9856-f16b-64b3-584e0e4531ba,
cfa18abb-0853-efc2-8a39-6d5600a36def,
cfd818d1-1fd0-8dc1-92da-c8201ea14149,
d0089100-f8d5-028d-918a-5c8ce1b9b425,
d029cd73-e874-9505-11e0-3d6351490543,
d0580b24-754f-d028-dbb2-70138a2b5434,
d06626e1-ff01-f50a-ff5c-a6de8e916bfc,
d0d69fa8-38c0-3095-93e4-2dce2e335315,
d11b051c-610d-45f9-84e5-85b54d87ef05,
d11ed701-f828-4144-9902-52a0c38cbf2a,
d186ec97-3887-b997-1bd7-9560b8a803b0,
d1eff151-3898-f3ac-bf90-5eea45a6b8ca,
d22ce655-1ebf-75a4-8510-75d872e54569,
d24c77c1-7339-91b5-fe0b-54010a2063b1,
d28833f6-efdb-afb1-871d-f19db7bb44d3,
d29599ff-bc9c-7e92-a2ed-eb0f5f2be2e7,
d2bf5bf0-e5b9-5140-2f37-4b809754c2d4,e4ffa1c7-d838-fef5-3c74-26387934a3b6
d383ee99-569b-6014-3850-42b1f7b2b85e,
d3a9a76f-1044-6ba5-5e35-8a0d861a996e,
d3f9e49c-0db1-0bf6-8f0c-2c80f37bc16e,
d40a97fb-4cbc-9690-0dc3-c932de6fa5ad,
d46535fb-05e3-75e7-3ffe-f1d8c1e18da3,18f3042d-c41e-4458-139d-4016d883e6e3
d4892fb5-bb14-0ad2-1829-79337a2df046,
d4f219ce-e775-9a0a-bbfa-31d0442f30d2,
b8c6f745-f52c-5774-6fbf-0932a5144ac8,
d57137f1-c14b-7717-4ab8-97120175296b,
d5873a0a-7d70-0b28-16a2-7ab7ad01b54f,b58a0a01-0315-b43b-835d-ce4264b4126a
d59abdd4-c2c9-e086-f86c-63e79a186b85,
d603ad15-e9ed-1abf-9525-65c776a5b642,
d61a4e5c-b444-d9c2-03cc-28197a728890,
d63065c8-ba29-805b-624b-947ab574cb13,
0cc2e15f-8e1d-4f18-9ee2-9daecb749247,637a1618-a989-0e56-9114-df44e66fdbe8
d639109a-16ad-14b2-ec63-76264404beed,
d6876bc9-ffd3-6dcc-c671-3c9f40b30309,
d68a0c2d-0077-4993-066e-405709eaaa0b,ad52f82d-94e6-26cc-2fe2-d75604cf9f33
d6a65a6a-a8b6-ef9c-ebe7-c89bd4cf1edf,
d6ce242f-b0ce-0f9f-b0ff-06b41d88fb23,
d7595e10-5e41-436f-ab0d-def9e74c7c9c,
d76c9286-83c6-4f18-e813-9ce70cf96293,
d857ccad-5339-b859-e5e4-20a036cfe63f,
d86ad975-6329-a848-96f7-ff1d761b8db4,
d8953be3-8745-5329-f4d4-333fcf37aa22,
d960a2ec-6aec-74b6-e5ea-e73d01db35ba,
d963b032-9544-fe7e-5090-74bae3f7f9d3,411eb008-3bc7-d9f1-1ce2-fbd68491b7e4
d9aaa11c-8b19-378f-c800-ac5c917fc603,
d9ac51a6-b48f-8d5a-e193-f1b2a987d01e,
da1f038a-369e-454d-237e-d2d1d87133fa,
da46b4c2-6b30-4c5c-5f11-1bbadb51b0db,
da6b4f0f-9e24-cc8c-78a1-52f831319108,a0cd86e9-9036-2ead-236a-69fa00a3fdf7
da9df633-f3c8-22c2-736f-0b59547deba2,aa908b76-ccff-449c-fbaa-79040be2d991
db0cf277-9a3c-d06c-d6ce-5d38a879e923,
dbe25989-57e5-e77e-ab35-2e448a9b0018,
dc06e98b-3be6-e15f-69df-d1a61dfe7bbb,
dc1be39c-da1e-4be3-9738-f8ed07d0ff21,
dc692566-acf0-b3c2-0c8f-63001a261105,
dde9d597-3b14-5d4a-03d5-7b43ff2574f5,
ddf3ffa8-6814-6d66-9364-d4ce0e372a12,
de420d5c-f93b-4446-59bf-ea9323eec849,8fd007ee-3406-f235-3332-8ae4a13eb47b
de49f15d-362d-7078-3269-8e6f12f556c9,
de6172ef-4a94-b085-81ac-92dafaf78e3f,761a41a9-24ba-ef6c-5c7c-9150d46d8e5e
de956c0c-9d3a-fcce-cd13-bb526c7f5d85,
df37fa2a-4b82-de6f-6f5f-e6523be7c2f1,1ce346e9-febd-9520-9c41-c4960f8fc8b4
df5d9349-e94a-9f4a-e453-c0eeee6d5bb0,
dfc214db-4446-6b51-d6ff-7d78acb11de7,
dfc4ce69-824a-4e20-a090-d58d11da940d,
dfe47269-ba89-feb0-ef80-159a4f214d0c,
dfec9d57-a05f-b4f5-3aa4-cd8f762f2134,
e05980f4-a319-4c52-b310-0160f1816343,
e0bf3b9a-9127-4274-8fb7-3671dc000e76,
e0c8c270-de9e-5ff8-673e-81dec6633557,
e11f1636-0948-785e-c6db-9261710e69fc,
e1415e9b-89fa-8c11-7656-adeef2af37c6,14f56ddc-b393-3c53-64a8-50bf9ed7c76f
e1efc688-c12a-ff60-a268-fc891d75c514,2b9a9b66-7ffe-fab0-86d2-3bf09120770b
e1ff4e7b-affc-843c-f03d-13e2a0c55a9a,
e2373451-5a4d-43c0-9594-7fec4fcce5d0,
e2457df5-09a5-f04d-57ec-4cb045df7f6e,
e24ef652-f7dd-b984-0656-6429c95be7f2,99e51c19-8c0c-6813-00d4-4923f9507dbf
e2f3038f-f7d3-79ac-4d14-55d9b1454632,
e2ffa00b-6959-485d-a061-54a976ce127e,
e3559451-5ae2-4cf7-7a25-2574e7d94a97,75f764c1-df3e-b5d5-912b-96583e6ad328
e39e02da-5901-ef50-1b86-db032f65cf6e,
e43a6a9f-8916-9c84-d5f8-f1083738d186,
e45fb118-9bfc-79a5-e053-7efea2af5580,d144dc39-f1fd-8439-811e-3b48fec96e54
e47081df-5f33-0991-cd91-909c2ddfe5ca,60176b5f-d2af-af0b-4386-1ee20b649b45
e4ab5605-d071-d9e4-afc2-f8f7f8cfe246,
e4ae2b6f-4286-c67f-17cc-774a478e1157,
e4ba61a5-14d1-ba4c-8896-345333921636,82710b89-cc85-335d-dce4-fad642ca20f6
e4c61d42-362c-f026-c7d5-034d4ccd7646,
e51d2a13-3378-4234-b21c-c43a9fe52edd,
e52dd894-a4eb-8d60-b887-6c1a4ec8dda8,3c80dc19-d4ce-48b8-4958-47ab916bc22b
e53d4135-5c79-b12b-9366-0bc429ad8dcd,42342aca-2950-1786-66c8-246fa611f43f
e5e3bb2a-0127-7576-dac1-99c4468589d2,
e6b56196-9b3f-0d79-4c9a-a5abe0dbfc27,
e6c28f02-64c1-d609-12af-a452829526e9,
e6ce5292-0843-4d58-96fe-5b3c925c03bb,
e6ea63d9-c92e-1557-83e1-42598fa8a49b,
e6ffc7d5-62d9-173c-39f1-5afbad5c310d,
e7222bef-3928-ea82-9e21-b2958616faf4,
e7ef36e0-154f-ccfd-ddc5-dc9c5c288471,
e86e700e-5291-617a-67bd-80aaf2a107cf,
e87e4db6-07b8-217c-a61a-918209456f80,2a2bcd70-8b28-fde4-c49f-91e1e07b355e
e880ae38-dcc1-dbb9-b8a0-d787651f9915,4c247bd7-55cd-64df-6beb-8723d4d099f5
e8a8c379-3167-7ffa-4964-3bd44c290efd,
e9162265-4ea1-03fc-e92f-20d988e0d430,2b4316b6-4a0e-70e1-ee42-1baf5c366466
e92cf2cb-b9ce-2820-7366-f7c3e84d3ad0,cd1511fe-7e00-68ca-31a5-a17e4ac90218
e9383253-dc18-46da-257f-0e7846aae595,
e9c81d1d-6818-160e-59cb-bee5f599ce83,57562e23-8bac-afff-575c-4e28f67d41f1
ea186491-402f-e4a4-99b5-415708ace322,69c92a65-122c-fdc0-8081-81de478b3720
ea2e614d-cd2b-4ed2-929e-39363f543ea3,
ea4beb27-e52e-4eed-4ce5-cb604a1291a3,
ea87b18f-1e87-9688-0919-0a3d7eadc29f,
eaafa2a5-bcd9-f3c8-1767-83211ebec1d7,
eac53e38-ed74-f286-ebbb-d81cc024d208,23420026-0262-b60e-a92d-4321ca94ffde
eadb3007-e930-303a-ad68-94b25b11b081,
eb3d81c2-c029-a217-0f98-45782a0460ec,
4770a16e-1b69-45b8-9193-8a5db73f6680,89ac7bd6-aac2-1e4e-192e-77eb142aa7ac
eb9e773e-b8d0-42dd-bca0-9eb3c9efd73b,
eb9eef54-4afb-f32d-95f5-63299ae6dcda,a87594f8-9198-26da-c0aa-a69200733da5
ebf5eee7-5ce5-a6f8-0793-42fd9510ccd6,
ec12112b-4831-3012-143d-4c3a21694a64,
ec1e2c8b-3e76-59bc-d9c2-39a1bbaf0292,8544aa89-5e87-97e0-e02e-f5df9823a756
ec404222-613f-9546-c043-f119a53aed70,
ec4e13c6-ff4f-74a0-5730-2104e34dbbe9,
ec8ae74c-6926-4743-b65e-c99a9514205b,
ece1e792-ed44-12d8-49e1-f9e91beebdc1,c22df0c5-6e0f-d62a-6d08-b72f148691e1
ed09d67d-f5ef-5e06-742e-f1416f3eb6bf,85607282-1166-087f-0a4c-6912ab61b732
ed0add44-bb52-cd2d-a456-8172a9148d64,b77fd5bb-1fb3-b415-b8b4-45ec8e7300a5
ed16998c-232f-4f35-ada4-dd2dfec2df6b,
ed26ea94-6c03-9487-5cac-c6887e959118,d1b7684c-290e-aa9d-3c90-3ee2c3bf0f77
ed343947-1d6b-fd9f-9592-eaff13fe827f,
ed8a988a-0417-3eb1-2db4-df2b9eae98ee,ea159368-097e-4914-3c90-7d05ca5e7ab1
ee00caf7-d6ef-4533-b01e-823370bba335,
8260d8c2-5421-4dd2-ae36-6ca3af81da75,6427dc02-8dc6-98e4-1210-0e7572cdfa69
ee98078c-4e27-e8f0-ce86-f92b3e93187a,
eeb23896-f586-9f7e-e815-603c863be104,a2b9541d-fad3-1afe-aaf1-0e31e772f4e4
eebbac9b-5b70-04a2-d581-c46633a7586b,c5799dd8-5139-af3a-5b21-f581938f4d71
ef4660c3-02c9-daae-5171-fdace083880a,
ef60b26d-cb9e-8f31-fd84-fa010ff07fc7,ef81672c-0c6d-496c-2af2-4a161ea56d5e
ef6bb475-a556-eea9-51fd-a7e98524b77f,
ef70b3d9-594e-556d-f9e4-2128eaa596ee,7c3c5e73-f007-fa4e-4cb6-796a797c9fa4
ef738ee7-3560-1aa2-a5d8-2faf6ebf7ab7,
efde1071-91be-5c73-9170-2df22ccc205b,
f003fc33-ba87-3708-7b4c-4e6ca0af0fd0,
f03c33e8-b82f-0f00-e315-23bbfd90ada4,
f062de0d-4d08-d0ee-b2cd-fe8d413987ae,
f0ecb74f-b11c-ad53-6c87-6a31e59e99d0,
f10968d7-7bdd-a669-e6eb-304d26166d39,9f443315-dba3-e123-5193-dff63dc91630
f12a3586-95b7-c1a1-0df8-a3a580cbf221,
f21a8857-5d1d-4b7a-8c85-5c7e75e08855,
f23d06c0-c3d8-e98b-1e90-d97467fbcf35,
f24895fe-d684-f5c0-6035-d330bac5564b,1799e418-0b4d-8e6c-83b8-4fa71b267128
f25c9cfe-4878-179a-100f-c279a3fd2bc4,
f28d2052-625d-8439-57d7-876d68344e1d,
f2ac6130-4095-947d-934e-b33f0402af0e,
f2aca1d1-6994-8dac-ae3f-708e33ae8eb3,
f2b83390-b616-421b-8f43-8262dd7f81d8,
f2f7a5f6-720c-4336-62cd-915d3ec225da,
f327ef10-9c9f-7a86-799a-6ad6f9a15f19,ef6dd515-20bb-f706-69cf-6ae306d3272e
f3fb944b-72f3-581a-ee5a-ec2ea000b5d2,
f40aa034-a742-c05b-0da6-0eb04660886a,be1d9b1f-525f-90de-3930-7dd6d03cddf7
f429af20-a6cd-7e2e-b889-09da155d26a4,
f45abd81-ccd7-4aba-a553-b6575a432428,ab02e2b9-aadc-bee0-f37b-b90f930e03bb
f45be2d0-db42-4b10-9f9d-aba6a27780c5,
f49a0482-6d10-fa28-7301-8a228143463d,0e8cf676-6f4d-6be6-6852-9a4c31de3a46
f4ecb08e-7574-429f-9614-609810d9f907,
f53298eb-7228-dbdd-f589-3d52cef69862,2fab7d40-85e8-00d4-ded9-c8fb700ce87d
f5672c66-d006-ab9a-ee5f-a0088dcd8a33,73f41d9b-b0e2-21ee-1bff-640768b582ab
f62b7a39-3dc2-3e32-c9a3-08c8fcc4a7e2,
f640c77c-f55e-45c5-1e3f-6959a434aabd,b2e01200-abcf-eb66-9435-1aff0f7ab71f
f641702c-ef4e-d831-fd0c-1aabd6f2403e,
f666fcae-255f-36f1-87f4-aa7f9a354d7d,
f6c787c5-babc-aff7-2a28-e21c1abab638,
f7139136-9aa6-40b7-bddc-11f5012434c2,
f78b491e-d141-4100-9ccb-936efcf4ad61,
f78ba8ce-748f-a5c7-8b85-759b000cc1e1,
f7d8e7a6-ce1b-70bf-daf5-bcae8e929959,
f80301e0-3a34-8571-b537-5c4d1d419584,27af9f49-088a-6287-8199-162b31ee3777
f817b90d-c81a-d7dd-11e5-4b1a1caa398e,
f835df2a-62fa-19b3-954c-dd99a8a859f7,
f8405647-af0f-1689-2eb3-0bd395a0e3e8,2aff860c-76cf-7833-6cb7-b53cf5f13e67
f847bce3-c2a2-b590-5609-01af66ba4304,aa041541-f9fb-fa5d-7ce6-920f98180bdf
f8862a29-3a58-e933-d08e-5fd11e434ff3,
f89b4f16-5d87-685e-2a0b-fded05af550a,
f8f69615-e3f8-be93-09f4-474cf961f843,
f8f76ebb-1a2a-02ea-ebaf-1e941ae3d3be,
f902ad17-2d46-9a29-33f5-4a82b3a198bf,
f91d280c-4a9e-4fdc-1265-9a5d86e2276d,
f92856ed-bb21-0ea5-e051-e5de6a0754c1,
f92f7065-2ca6-2a66-3468-6b84f98732f5,17fcb7a8-df98-e596-27a7-d10a2d86f648
f9818830-1189-e24b-9cc9-2b072670f032,
f9eeeb09-ea8c-c7ab-122a-1c918bafde2b,
f9f3b830-0d11-26fc-1300-bc18c9609d37,
fa7e9746-0760-bc90-4e0c-d81fb7660037,
fb75ca3d-b9f2-be24-297d-f91caadef6b4,
fb899504-5fb9-6a32-50c8-e3d25d07f590,
fbaaa6dd-b43b-32c2-9ed9-2e60fe2d4dfc,
fc2ab2e6-8468-4cb1-a615-3cb78b0a5d2b,
fcae7dfe-f3b5-1275-d5d3-d0ddc6c9e695,00000000-1111-0000-0000-000000000000
fcbbfaf6-9670-8da3-80d5-2cc6f53a53e1,6050be75-c96f-777e-4fca-a17fb233fa73
fcc77353-cf22-67a1-4fbd-fcb504211c94,
fd318d9c-8981-46fd-7b07-1153936a9a37,7e96090c-ba22-b8b2-a978-e4fb04d27efe
fd31be6c-5337-8e1e-9fa3-325cbd11a8f9,
fd4e15f7-5370-fe41-5d39-0f8bab8025a0,
fd6e9803-6e70-6301-67d9-3d18c4fa2f0f,
fe0efc0a-1b6b-e02a-7bb0-e3a2c620d909,bd396754-199b-97b8-92b7-9e8e23a33c5e
fe1acac8-ff88-85be-81ed-b0ba2f8c9a15,
fe2259d9-650f-5809-2c8c-61826997dee7,
fe42ba5b-e5af-9f49-ffa1-601b1b8a515a,a62c6a7a-e926-77b8-8315-05b167c5e5e4
fe79c418-1743-af11-e705-19a7a36c0d20,
fe8071a1-18f0-de11-d5c1-2e8f5a4c6d96,
fe9a4cc9-8e1e-1b58-4346-b92da370392f,
ff66b8d2-edf3-1483-642e-0a4f277e9ef4,
ff9c3bc2-074c-e88e-d440-d3cbda93d93e,
fffcb55c-7ebc-5ab4-b731-30f3e6b135a4,bed2d7de-132b-4308-dfa7-5b8e26764e11
7687d8ad-02c7-9121-412e-079359f34ca8,00000000-1111-0000-0000-000000000000
bbe24319-d5f4-dc79-c5c3-bc684b1d6f88,00000000-1111-0000-0000-000000000000
3cb3202f-d75b-c1b8-80fd-68b67b83a21c,97fbe8b2-c35b-841e-896e-1577812b4804
8771333c-f8b5-4f2b-a7e6-695453232e06,
67f47566-fb87-45ae-b390-117623a309ad,
1dfa63f0-40e4-42b5-b666-0966f5564f7e,
da9856cc-1404-4059-a0bf-56896c5a258b,
78d26a0e-4d6e-4f48-bbf0-494ba9c99193,
055d0ce6-104f-4a04-9658-991cb18400d0,
e0be668a-703a-4276-9df1-4e3d54f97c67,
79396409-05f9-408b-9c7b-9f65c565217b,
ec6e3178-50eb-4bf2-8805-3be28105cd7c,
91234dd3-1b07-4665-add0-f4b0955cc671,
04b2ad05-34d7-4394-b5a7-15aac073443c,
159eb2d2-2ca9-4cb2-aff6-1bc74dc42666,
ffaa0896-43cf-4a8e-a0d0-2cc71e87ad66,
e8aca150-d7ce-4669-ab9b-1d6a63fcbea3,
a9a38e71-a8ff-455e-a4ca-4c58301dfcf0,
4fb1c5b5-90b2-4e2a-b5b5-4615d3b1d36d,
8e273d35-b980-4bd0-968b-f1fe584a0a2a,
e1db2e6a-c5f1-42f4-824e-b2e21ed7b5f1,
b7fa1398-9857-4c40-b48d-0cc5effac684,
f30d1537-2205-4ccf-96e0-ea74a2dc2e80,
9eaecb66-040b-4c27-a1a3-bfdd1b8f4186,
02e501a4-ff50-4408-8dc3-21c642c35a96,
2d8585c0-27ed-4f5c-9bba-7581408c74e1,
64b90c43-e4a8-41d5-824a-fbd5130ffc57,
61b7d02c-d431-4832-aa6b-9541ef651fc2,
45be14b8-182b-46e9-b8bb-55d16eb5a124,
b01260d9-5930-493a-ac76-3f92097fcff1,
c950e0af-9700-4756-90d8-733ecceba2fe,
f49c4eed-c484-4d23-a443-a7b16e1c5c7a,
9e8ae111-60a6-41ac-97c0-632cfed8da71,
29664412-de3b-4f3c-96e2-91f1152ad834,
c151c0d1-a59a-44d8-90f2-160eb991b0bd,
7a3bce3c-addf-4a50-9658-a9a00a3ceb77,
62870f70-e6cc-433d-9246-f2b95401b8f8,
0d88264a-8492-45b8-8aec-4b210b8013ae,
44295406-46ff-4f2c-8c0c-e9408e6b01b9,
56e3679e-7d10-4cd7-8ec1-98a176d80365,
12cea4d1-f30a-4bf0-9b8b-7b31f7a9f925,
ee5c17a4-a57b-4dff-9970-066555e6023c,
e0661b0e-007f-4291-bb4a-9e0abfed5ede,
e1ffc089-d15b-4046-9e65-6aed3e57a85b,
92ad6f8c-5dcf-4ca8-aa8f-6ca426f63a88,
16007181-331b-4c97-9165-ef87c020a6c8,
087231d7-5eea-4b66-a668-f7af832a70c1,
3004dd88-8879-40bb-a915-d0d62ad74bb2,
5edd0dae-7bd1-4687-ab43-a510b05470bd,
b06b1596-a49f-4af2-a287-96847a93855d,
9094904a-312d-4f05-a5ae-63b25761d8fd,
358817da-64c4-4b89-9de1-15be5470860a,
0e20a72c-1166-4583-a6c8-d200bf1e4b40,
9d806780-36d6-45f8-83dc-1b02391e642e,
bd1156b8-5d73-4592-9e25-1569a0dcd534,
eb79c67b-e2b3-4ee7-bbbf-2ecb4d791a46,
176a0234-e166-48df-b6bb-984d56189681,
64c4150c-51e3-41fe-bd76-63adafd7aef0,
491f5450-8688-4537-b519-e806a2022cb0,
1a502ecf-0490-4e79-a5f5-06478557e638,
23a3378f-227a-4e51-8b05-81033012dd48,
57f24327-e00f-4c02-b548-47f616c30abb,
ec241e85-b109-4b8a-a1a0-97c7aec3455d,
e5603c53-eda7-4299-8712-f99788aa2be6,
4c3257b4-9952-451a-9041-538a4d7f6635,
947a1931-b5a0-4e2a-963a-527b54902f9a,
e3ef967d-05b6-43cc-894f-fc9a7ea0c77e,
a3f2cfc0-e4f6-4c56-9971-f73054525d35,
4c41bda7-74e6-4411-b98b-e3be4e5fc890,
eab3b2a8-cf1d-496a-8c6c-1e4956d0f122,
0a7e2a6c-5bb5-415d-a015-9d9bae92d8f1,
41c9b64e-770c-40ca-8e12-d98c11fb7fcd,
db1d3ea3-5705-4913-8f06-17590310a018,
d264c260-343b-47b6-9cf7-fd362481c32a,
0f1a1d41-2af5-4117-91df-00f9cf676b2b,
26a43583-4cca-4243-be11-351099109dae,
c1091658-4e85-4356-b01e-3a76467b59aa,
43a3019d-78d5-42fb-8d6d-28fd11548a25,
817fb35c-2703-4ea0-8b7d-3fcff5e93d36,
75469eed-dacd-4f84-a7b2-7303607a9490,
d8121d4a-1c2b-4be4-9674-ae910db6eda7,
86349c1f-1a4f-4823-8230-6c7c32269c3f,
e0db6531-a9f4-4fec-8248-1eeb560cbe71,
90ea3723-cd7e-472f-9184-369b48d6f126,
3e6593b4-945e-4a90-bc8a-039fbb4dab51,
ebda7029-096c-4c44-886b-71997fcf106a,
5749005a-c7fc-402c-8f72-338154287e1a,
0ce5b334-26d7-470a-82d8-c597c5cd9d8a,
7d222e65-eb68-46d9-8b7a-73ae1781c29e,
03c1e336-1adc-4a88-b37b-ef95f52cced5,
1a3c7a42-8c81-44b8-8427-a1e7e5344241,
208fb66a-eddc-4b9d-b65d-b2213da17d3c,
5b9efb94-a7a2-4763-9437-75270419c3a2,
15ecd519-56a4-4dfe-b19b-ea0e55791417,
e1986f0f-c651-462a-85b3-d98412f01fc3,
5c422223-1c5e-4d48-a1f4-15120c415c12,
5b70ed47-8905-4cd4-bc35-aaa0f318af08,
50b11448-c05a-4c4a-bba0-99d7e126ddc8,
5a95ac66-9d2a-4825-9e91-835f7591d55a,
4e00b391-1600-41dc-9bda-ed62e7b56a38,
a5714a9b-2827-4aad-93b8-08a6236aaf69,
0aec4aa2-2210-414f-838c-18f748b362d3,
77ac74f2-4c60-4148-8c29-db11c77ec407,
6cde1020-9312-4822-ac08-e79da6b5f356,
4d6bda3c-a63d-49fe-b93c-46f8bbdf960d,
96b565ec-cc33-42cc-9fe9-f711c5214435,
3bccae96-8358-425c-b18c-d9116328a1b7,
1d78846d-9f3d-4b58-9241-065c6d3d9dd5,
5e3a5318-115a-4963-83ce-0c02df3d0f71,
c9d98a73-2fa0-4562-b6b6-cded3ab94385,
194ab6fc-609e-4899-90d1-f519dbdc9556,
0a228686-84a1-41bb-806e-64b52b33bb2d,
0665b62a-3463-4dba-877d-22a9a5158b54,
b63e989f-81b0-428b-9d57-add83ca535b2,
7743181e-7419-4d07-9c16-075990932b54,
d4e5cb23-b206-41e8-9a74-d817fdf83700,
5edfa76b-7878-4dfe-97bf-426d2a6c50b4,
a4909363-e629-40a0-b9b2-cf29561a72ae,
9eebfa39-5c55-486f-9691-d19fc40d9b89,
08511189-715f-4579-ac35-f6d811c293d9,
6c69a14c-65f8-44c4-8582-e63f62c2605e,
ba161170-1b8a-45c4-80e0-cd305c09c9b2,
541be524-8287-4144-b42a-60532ac5d5a5,
4996a0ef-93f5-49e9-865e-797db68d8f9d,
d5149756-ec28-4cd9-8052-3b807a8252dd,
18063d45-6ae6-41a7-bfe8-14f46804612f,
2bea3472-bf8b-4b7f-b9a1-ef0a974722da,
50f0fa69-202f-4420-ac94-9c3fc3c75b03,
d362128a-a39f-4cfa-84a9-e7dd84b1c9ca,
4682fc0e-9d3a-42d6-98ae-0a6fd6aef8b1,
38d5c4d1-6829-4311-9366-70db4a1884c6,
83adc7f4-56d8-47b6-a77d-454530aa5107,
c74dd70a-13e8-4f7a-93a4-d41344aa2763,
fc80fdbe-fe4c-45db-84f3-b79360adde02,
972fe274-bf37-4972-a475-ffe141fecc47,
523314e1-3208-4528-9f88-4b85502d19f4,
d5487912-f2d0-48f6-ab67-1c1f75919e42,
ac3ff3b0-2ebb-4505-abb7-ad6b7ca7f676,
229fc856-444f-44b6-ac78-5710899af76e,
3b8b9713-962f-4680-9105-04e32c895903,
fb4dc615-a5e8-41e0-b561-ad83550c1207,
20da0cd0-89d2-431f-8f65-eb03db28d790,
45e4a094-5b5a-4a7f-bbc1-c9964acf5856,
b4c3e82c-5760-410f-be65-279a72b87719,
0f22b669-99a7-4ed9-9710-f53ad8d785a3,
2f289687-bcba-4337-a36b-62bd4c5d1288,
2b2ccc25-ccc9-4e29-96e2-2efdc7c0c0b4,
ef8313f5-d0a5-4c2d-9b5e-ede0b4bb6706,
2d02c10c-837d-44cf-92fe-14b824b76942,
14b4d18e-865e-4d02-aa9a-3f6f48363b05,
b5391050-742a-4fa9-b7eb-812ba4eca9a5,
58529cf1-1ec1-48dd-a455-dfc5c4505b0f,
397e460d-507f-4b51-bfe0-f8a0483f9080,
6cd3dbb7-e1d3-4b07-8453-ccc6609b74f8,
8e1ad22e-574b-423e-8100-54d3def5ed2c,
d4dd0336-06cc-4540-83c5-7bb8839777f6,
0d434527-7d90-424d-a7c5-5cee54eeed67,
6d60e796-39e7-40d8-a8a0-bce3270e8c60,
fad78803-0d49-4ef5-9e00-d383e7027a65,
f9f21847-f783-4ffd-95e9-7434faf32721,
d48c821c-99ca-44b8-a098-c6990c8b8572,
5aa0ba71-4b23-4c03-bb2a-9aef524912f8,
217efb2d-b4d0-467e-8cc6-720f75f94912,
cd5a2fe0-22ab-47f7-b233-9bdd6d0ab7a5,
06fee199-e58f-4f43-bba2-66f4d6ad3637,
ae793415-f27a-4a5f-ac64-46e016f876ef,
78e0694f-6c1a-400c-8c67-822efd811351,
81ba8306-97ce-420c-a091-ecdaffa5c603,
d00e0730-cc8c-4382-8857-ed293210c2ad,
7422f5c1-69d1-47cf-bba7-91985014fd5e,
ba0f5740-0f35-4c8a-863e-298a34d3f629,
11850d38-e3bd-416c-9f21-75b2408a2201,
453d3508-dfac-40da-b45f-ee3326130f9f,
da354829-48cb-40bf-9c7e-25e6a33b0442,
70c2759e-cace-4335-ab3c-566b50a5df33,
7a8d69d2-98c9-455f-8585-073325560ab6,
05b08a58-0a4a-4555-a565-301bb448f8fa,
71464051-1895-4326-8b8b-9b85fbaa41da,
6ff9d5c1-e817-481b-b99a-9c0d5d6c93cd,
a20eac3e-de34-4774-b290-6e31ead9eec7,
a08a7b0f-7419-4477-924b-6c4fcb6adbf7,
270728de-dbf0-46c8-987a-857eb2adeb60,df13e0ca-bfd4-8210-55ad-2d7cf194719b
ae660875-2523-4cea-adf1-f7c18d16c120,
a2f556c7-d120-4eba-a411-650352185483,
ee9abe14-3803-4dcf-a062-816368d4a740,
68982353-d91b-4abf-8d8d-373945d7e354,
b418a59f-5460-4641-a11c-70ade17a4c02,
3a0aa7f6-80ea-4d43-8552-40b4ef9c8a0f,
ef6e9a1d-7635-490f-a778-101a497d80f3,
1de4dd3e-eb13-4de5-8c2b-ca2ad70f1a63,
04db6c36-b38e-482d-88cc-dae50252cc67,
6bc22503-9054-48e2-88e7-7f58627e8772,
e520fbe7-c961-426b-b43a-270695830c28,
58b6a4d8-e776-4bb9-aa29-587e3aae0531,
25a5c6b2-c2db-4fab-adb8-300ce406c007,
852781da-5819-4206-a262-64537eef88c2,
04bfc111-e140-4dc2-985f-0af05d08ec46,
b3f4924d-64eb-464a-b0d8-e4af99c89f93,
83055025-2bae-40ac-ba63-d4a651be6b69,
198e19b2-5f3b-4407-b2cb-321e772329b3,
c3b0ee10-8daa-4dc0-a794-eb597f500edc,
47f3f744-a14d-4a95-8ec0-7eb08defef22,
44517918-1bba-4254-b3ac-0567e6080750,
756c7eaf-3605-4b30-98fa-16a279a034bc,
0ae23d59-7549-4e0a-a085-334144c378a0,
d68a8d18-c36e-4b1e-a0ad-42a946a66d50,
3e7e73b9-81dc-445c-8b60-04bbbd73e962,
e8fc1b1f-568f-4391-bae9-9e704b16524b,
34e70e14-287c-4e52-9dcb-b98cf74236f6,
32beba17-df68-4dc9-a4d0-085370a909ea,
ee53971c-910f-4390-bb50-b216bee6eb8e,
7ae1f2aa-eff6-4334-9d0e-3f2d43c094bb,
5ef0e332-dc3d-4c47-9093-052796c318d3,
f6229c1d-f7e3-445c-9415-3c541d49379f,
4066f5e4-64ee-4f9a-b602-5c3977312c26,
e9cf14fe-2654-4c47-8904-6cf5e8aa362d,
326fce67-e02f-403e-b363-437b807d87b0,
30db740d-b210-489c-9584-f6ef7ea5cd2d,
a391d157-35cc-4a92-816a-fac8a14d3bf6,
8308f163-3598-4952-b583-8d15d7166fb5,
3d7fc058-46cb-4497-9624-471988222fff,
25ba4026-3a0f-483e-b714-df45db75de2e,
28ab6e31-028f-40d3-9d9b-e9e5787cc13b,
be139179-97df-4c66-8d97-b79365ed4927,
7ce28e76-6846-495c-b58e-83d5296f2327,
3e48e706-a093-4485-87bc-2c5f29e53f12,
2a7d2cab-7981-53bd-9907-9b86d550ab2a,3e67fad9-fbbf-5d63-33dc-c574ca3a8088
442fbee6-fd9d-dbc0-9d89-8e284313486d,ef2a4d0f-294a-9a59-b5d5-a1335e05a55e
dc4ec38b-59f3-5b15-54ea-607da61a7e6c,a4b20757-3a17-0d08-40e1-73d4b6480df1
3afffc6f-eae3-4375-981b-107373cc0538,9ddbd540-5b39-7f9f-29e4-b40ed88a581a
3e671712-228d-04da-9bfc-e141a1ce8a26,033b566e-8702-8941-8bb6-5a48704caad4
bfb495f2-e730-a517-765c-7079254add84,4825aea5-7117-c560-689f-736501d78d54
49a38d53-15dd-da9e-5877-9ca033dbf2d8,
4b4d0ad1-b86a-a715-2f9b-90728eb05beb,
2713fc5d-591b-7b7f-b058-2cf383d6302b,
34b7c24e-b4e3-4bf5-93c8-5b9a26a2dc31,
d7c2a355-123e-d012-e023-b72015551d2a,
68da27c3-43e1-4a0e-912e-5a085d13471b,
85a9656b-4f09-53ac-ca3a-c66397dfff78,
a264ddd4-7956-f3e1-feb8-678a979b2931,
92694c58-fa7e-c122-36d0-8b8db8071fa8,
29f6916b-91cc-b2eb-31cc-5dec681d8b9a,
6776ecef-99d2-eecf-0f44-105ff3da8a1d,
674086af-7a6f-b6a3-cc1e-1d54c4c095a0,
e342b395-723a-4315-2a55-c76cd1e2c9ae,
f47a885d-e69f-0c12-209c-d691a4d7fb68,
6d79cf0a-6918-1a9e-22fa-a48be2d69d94,
8eab45bc-fecb-56fa-7ac5-cdaf45b3f400,
d59c3229-dc39-791a-1a16-688adfaa5aca,
c2337d85-c706-2b76-59db-0fffa7312c68,
3ea086b1-8fa0-0de3-699a-fbd7872374fb,
5d45ec9d-921d-9026-58ec-95eaddabb21f,
71b2e1ee-190a-7fc9-0105-31d1b2247540,
651adeab-4ae6-46eb-9e5c-c1237ef0f5bf,0a71e229-ca8d-353a-6b4f-9a8ee78fdfd6
c512cc02-ff66-4c32-ae5e-d9cb4d0f6129,a78aa864-6432-3dbc-5e45-74d9acaf83a1
8ce0b1bf-d5ff-d574-053e-833afc4e85c1,
fbc76f8a-6206-4ad5-8b04-f7d14d1a3861,a040672e-fbd3-f487-fa86-fa83a3412b89
37a5da86-7aac-4ad9-8d90-3b536271ec77,acaa53ac-ee84-cc96-44d2-3df31adda07a
2e2f5c3a-7ec5-4459-8424-6cb91993a85b,934a2cf7-af8c-9d79-ebcd-65a4ae247831
c872f2db-dff8-4d6c-838e-bce8f9420cc0,f81fdaab-bb6d-671e-b1a8-29a4600fc2cc
77c1119f-3cc8-473d-a1cc-c51bde0fc908,f4559288-2edb-5a78-b200-1d531eeb1f3e
d7c1e135-9294-4239-bc79-6bc8b338eff6,d7bda344-54f8-b718-63aa-6fb6034f080d
71943042-c0be-43d4-add1-149352a6185b,99075371-8e87-1e59-d148-eaa3461d26d9
4faebb62-ae44-42ff-9269-b06811a8fd66,a26db8d4-f6f3-137f-4a55-984cf2442414
180980e0-04a5-4714-8dfd-c2039cdcfc53,c164f664-3be2-efbc-1032-0662abf3a12c
ea07d2e8-0d04-435b-971d-8d387ff3cd9a,bf6dcfd7-63e1-8ffd-938e-b4e65ed412ed
1626ddd2-162d-44e0-ab99-670dbed07977,3ea89b55-04c8-51ff-5a93-a7437f4d025c
e9c8e873-fd62-4998-8f76-9e96c3973eb6,c996fe86-895d-ae76-f43e-cc6966575bba
6332193d-4380-4e58-98fa-5082b12d8720,586e5ade-a8ee-2e7e-cbe1-ff44d7155df8
c46667bf-8787-44f4-9972-9f22286aae4c,f02026a1-2fe3-95b4-c572-7fa0346736ae
bf89eea0-8802-4aa5-8113-90265501915d,89edec73-23fe-b8a2-469a-c2632ea0697b
b9241300-622a-4361-9aa4-0a9041b262b9,1f5d88a3-cf5a-9444-2b3c-073754d8e4e8
54cc1ed8-bf2a-4ed8-b822-c3bfe2175f12,e3f15781-ff3c-8362-3b77-5e0c8fea1787
0678d428-b4a5-4dde-abad-d99900eabe3c,d9f05c1e-223f-fe5f-2af1-d4ea4e1f2d07
eefe4751-376f-44bc-b09c-a059baab8a54,33282ea6-79fd-895e-3900-24f587413f7e
6f4b9aec-d334-498f-9406-a620479ab12d,e1bfbaa8-407f-6751-222d-73d07c489373
0df49f3a-4ab9-4f58-8400-707915f97323,412dd53a-ea1e-8c97-116f-71e03f8b8524
c31a951f-3c58-41a8-a530-51c69448574c,05dd5165-b676-a680-e3b1-968897a13f73
20dbb90d-5b7b-4a23-8e2d-9cf899a94835,16c6f940-4411-5605-6a7d-b9352340bb9a
719cdd75-44c1-474a-a8d1-ef0189071a8a,f3199c6b-ec75-3245-cce7-ec37a8d0173e
bf2c94aa-5171-403e-b900-7baf4fa79438,6fd29519-8ebd-b1f1-7669-704c8118ecf2
2fe0f2dd-8621-45f0-be63-edf90f696460,a5336a27-3442-1602-45cb-968df4c508fe
2bf70637-ec62-4f0a-a7b9-e93debe5d042,2613b9c5-4fdd-6ef8-54ac-c1417d46bd55
927578b6-3b17-4356-ab1d-af3133b105ef,3f995305-cfd3-4ba5-bc42-7a8cff4284d4
5fd6deca-8a67-4bf4-8335-8d7414d07a1e,0a9c03bc-9960-602c-a28d-04e5a9bb621d
66f553fa-7349-467f-a8dd-df368449b1a2,0fbbaf5f-6873-797c-469c-4465ad40feb8
ac319cfc-d04b-48e5-b654-8b1401850086,86f4af40-8720-23c5-964e-386fc9e0f897
caa02c95-63d7-4966-9f4f-f71e31431b49,ed099f0e-9660-6b8e-7c26-a7a116892428
b6b5e66b-ca90-4fab-a31c-38ee83030e43,27ea6457-b99a-2722-3f69-afe23ff73136
2f62301b-f375-4ef4-9434-f028e9a33c09,07abf152-d839-1687-a158-2846469c8ebb
1ce6217a-97a4-447f-9902-e52510d35078,e9a91beb-9e96-8d23-c069-9ecba2eec7c0
8d7d5b8a-d583-4f31-9dc8-6ec21a8e0398,304ea232-811a-9bb5-e53f-eeef67e8e920
6be0f27c-fe1a-41db-aa88-324aa93d0e4c,b60aac53-3828-5398-b669-678982555031
3f08cd56-b6fc-451f-903b-216b2c9686c8,40a7a6f4-99b1-bee6-241c-8807805826ae
a2e7237f-333f-444c-a105-3f0d50e9d686,30acf459-b02d-8b0b-e188-c24599775d25
f09a7a6d-36ba-4c3e-837f-7f59297fb43b,561e8404-59ca-e05b-e0e7-8c152c8ce6e7
7db47f30-a0cc-4c60-8649-3f684b99f9a3,5ed56a79-3227-0867-ad19-95ccefbd1a16
48541647-3043-4c32-9bb7-45e01f9036db,c56c4bfe-f7cd-abb4-29e9-01e7ff11380b
1dce9453-abf5-4ab2-9c7a-a7770eccbb13,fd8eb107-5c25-df98-cef7-9263a1ced70f
5ea8fb77-dc62-4644-a94c-ead2da399357,0eb28705-e9b3-7ac3-f091-3026a6eefe79
27824f65-0b9f-4edf-9ddc-b6e49cd17a1e,3d24e9a5-75a6-4c4e-c586-b3733fcaaaa3
ffea41aa-15c8-43ce-b6a9-447b8c7cd056,284cf58f-9757-8043-bf65-bc1f51b7d176
a9ead96d-167f-4d0c-82dd-929088d3d0ad,acfe5bc2-224f-b7a2-e659-dbdda12e14c5
968aa30f-0e5b-4f0f-994a-5dc9d9b769f4,125fc7d4-c671-5006-1210-44bc58550cd6
26c86644-19af-466b-a5a2-2b260989585f,136b3b44-8896-cd6d-674c-688f832f8df9
937107b3-07c4-491d-bbf6-bcc814c5ee0b,338ac012-8895-e243-24de-a8c8998c850d
bab33228-ed11-40b9-898c-1ab0757ec914,d1fb56ad-4990-997a-db34-d4e7bdceae8d
98b1d8c0-6fa5-4a04-9cf3-71ecd345f9ac,00000000-1111-0000-0000-000000000000
ef0f21b0-8358-45fd-9efe-9dbe57d9ff40,89632b0e-af95-eabb-f341-8dd19f529a8a
00c9f803-fc68-49f3-b756-915789472db3,8ba4ce1a-4f8d-bf25-9f4e-ca1e36137cdd
12212f65-2aec-4457-bc12-5ad07140a7ff,f7bef360-b902-28f1-4f8e-ba40f60bb0e0
2225650e-644c-4b06-9779-077ae1a4368a,42ee6961-7638-7073-53e3-0b2a4ad38dc2
2e15357f-069b-45a3-955e-fec72ef1a6f8,b63425e5-5416-5555-3dac-8d7b5185533c
d44d7f7f-23a0-4dd3-bfdc-4c585b2aaf33,af4ced97-4424-a1a3-d1a8-86c4a0c825e1
ac512170-0b90-4723-9181-edf9745b5aaa,00000000-1111-0000-0000-000000000000
44cfab4a-bdcd-4009-995a-b7b1b4dd5dfb,aaab9f41-072f-1431-ce93-e0c305ae8fa0
c3915cd5-e018-46d1-be37-0928f7958d72,2b4cdb43-d76f-05c3-0634-77bae258003d
2c6de3ad-4291-4f9a-907a-8e4367e8a6ec,a7c696aa-223d-669b-0c52-055bf1e91a18
efdd8c79-24bb-4e27-ac06-d218bef272d5,87beb98f-0e35-07dc-1a6c-651adf249d77
d1c6f3ee-230e-4006-8270-4ed73a003992,36018d44-a171-468e-83d3-3457c37741d7
0287ac54-641d-42ba-a40a-8fed23ea5554,f0e305b7-2673-2017-bcdc-a93e7270b959
cf31b886-de1e-4b76-8c08-5f91e05c5cf1,6b9b1600-5088-a222-a331-dc4f6230b463
6c3d4922-5b06-495b-8b08-651878f37e02,00000000-1111-0000-0000-000000000000
0aadec4b-0eb4-4a1e-85d2-bd1385cc1f53,e29cb667-3da9-8316-8f29-a17de9838712
3176ba91-e6b8-45a6-9dc5-4a40681df347,f129e336-8d8b-1a4c-9992-638735688072
cb9acb99-769a-4029-b3ee-c0358ae8bc87,79a405a4-8879-b768-04b9-bf2932ce67e6
c1736233-0dc6-46ef-bcd0-74973de6bdcc,44954362-cffc-d9e9-7e39-d98020fc217e
d556e9c1-5441-46ae-990a-ba8530b90a3e,db77828c-80ae-24ab-f3ce-55b7cff22f00
fbc0302b-cc67-4fbb-8b24-a787243ccca5,35360ee6-9543-0cfc-912a-843fc9880126
eb489485-76c9-4dbe-8148-c27e4cebe49f,b5b8ba59-c131-266d-eeff-5dc2ecffd1b7
90010941-85fc-482a-a833-8dee3e8c0ff9,d773513c-9c9a-ba0b-fac8-e090cef66fd3
088326eb-cd4d-4ad2-82e8-f59ea8ccd14f,23fcc022-4bc6-6adc-f07b-e0bb7c629ac4
18fd3065-e435-40d6-8c01-c73f16521d83,f758e0a0-a307-5deb-c863-222c87fe2309
cc603c0c-746b-48eb-95fd-ff098319f935,0f4770d6-0139-c9da-75d1-e64744b327c9
4454d388-9c7b-4db5-b1bc-4402abd690c4,ec0f0ef6-16ad-88cf-1646-03eb4f192576
945057af-6fab-4b57-859a-970b865d59fc,0da8250b-bdbb-b02d-a4ee-7f9041c1f88c
6030dfb1-36c3-4785-8d56-2f3f5681253b,9fd53329-341f-0647-7df8-95128033c1d7
90f25e25-07ab-4b19-b988-aa6568171dbb,9550cc46-51cf-3105-a1fd-c032de96181a
29b76a27-916c-4524-acd3-99f0b5c1c394,7cf5abf9-7bf7-76e6-0e7c-1123db9709ec
7e8e65c4-9225-4677-80ef-236c4001bf4f,1c807d0b-cefb-ac12-c486-0d530061d892
9af7c824-4fe6-4ad9-a1c6-5eaeefd87ba0,00000000-1111-0000-0000-000000000000
9393a79e-64a2-4398-9952-5a53b5915ff2,231be444-170f-dc20-4ffc-91ab02a72ccd
6ba914b2-919c-45fe-a967-d57a1eb33a9a,cb9f119b-cc2b-8743-025d-0102da91d28a
6713493d-ade7-4e74-b0b3-8880eb8a92cd,74d342b5-c15e-e1af-87dc-6f4b2ba849ef
620542a4-6b89-4f57-bad3-bf774d9b3afb,69d30327-1f02-e2da-7f7e-6a89844e8fb0
43be9ea0-94ad-4196-97f3-fee818896250,d460d459-7727-d592-ef07-044f47f7f38a
1ef9ae82-6b99-4807-8dbc-fd784a5594cf,86291811-23c3-d070-5635-b2ab55c3650c
b1ccf532-dccc-4559-bfd6-b7e3740dcd2e,60f377ff-8bbd-c1f1-3068-b40c7dc6fab1
e867a8fd-80ff-47c6-bb99-8e46bfc8a71f,429d1303-3d98-3a22-4989-930c0786340c
c7fd0c10-caf7-4502-9ade-5cd748f23704,8bac53b0-492c-6b70-964c-1520551dabe8
1ddc374c-b7c2-45ba-9c30-b711804b6945,73e9f0f5-84e7-553a-6c00-100c1aa9bbef
c38cf1ca-8f05-4af7-b097-5c08cab84749,a4e60fcc-37c6-72cd-8b83-bb8811d0cd2d
5f478079-f9f3-427f-b403-2c9b55b29bc4,96c5553c-8f4a-1515-3bc2-91b2093549b8
8ce6134b-c3ab-43cf-89d7-18119fa16396,5de4ee92-0942-7084-ed89-0faf81489119
77de7f54-d6cb-4625-9370-6c5a6f2d0fcd,a0b37a9e-7f25-9927-666f-9f4fea4c78aa
53a5301c-0c72-4940-9534-916b185451f2,a3f9a21f-c3f4-b3ba-5102-226ed358d62c
753ac7bf-50cf-45aa-9fb7-525bb19b85bf,cde0c328-8425-251d-f9d6-76c2f72d1538
7f15d4b6-301d-4c87-89f6-9fa77aae0c6b,c3836a1f-036a-3890-f7fd-25b3415b8ac4
a88db435-9762-415f-ac10-7389e18f212c,0253b30e-a314-b086-1283-60c7ee033a4c
4637c72a-cdf2-43d8-bee0-72746b614d4c,bbd2e459-2706-e144-15f1-6e5355104088
16f80fcb-1db8-44f4-b557-9a582a91bab1,8cc65823-cdf9-c899-45d4-4d0954271cf4
47afa719-8796-4957-9967-888032cadbe1,5de4ee92-0942-7084-ed89-0faf81489119
b61a9c04-0e68-4118-82a8-4278f2ae21e9,6c87f261-a375-a2b8-3119-fefb65aad8f6
08e85c02-88d6-422e-8710-da8a903fe511,
3b187310-4ead-4c2b-b525-c7cb04695918,
da2bf582-b490-4de4-9812-5f9a6b93b05e,
90d91752-876b-42d8-95d6-3533d43490da,
57f8955c-b67d-4e3d-864f-9a4a83f9334c,
dbc67b50-0fcb-4f15-9806-c2ac0dd520d8,
2d87e917-8ec6-4e2a-862e-b051f71c58fd,
37a93320-82d1-4f96-81ab-671e96da388f,
e2c592fd-1567-4805-9d10-f37e4da06cca,
04914e50-3fa7-42dd-9f17-6a80e008ad04,
721f330c-8a31-4fc0-b321-a3478ff8edf6,
d964e916-f86f-45c9-8ac4-cab51ab4a8cf,
ba179760-5a1c-4a2e-963b-62ab021fd33a,
abbabd9f-1a1c-4573-8219-cf57ca64ad73,
c5363651-264c-443d-bb78-066392c7e062,
a92384fe-1535-4b69-a9e7-8652560858f0,
61e7fe0d-41ae-4434-8b89-adfe87432581,
7d4f711e-638e-44b2-aecd-70ea5b3f2b82,
6092ffde-39a1-4e24-b242-a6d0b56aa674,
6409bd61-68aa-41fc-b5fe-9378d03487c1,
afca196d-d5a6-40db-a7d9-aca6b82e5606,
4480795d-7a00-4738-9842-d3a910deeec3,
8555ecb4-8b24-4f2b-b881-18945e9e9ff0,
282f2c21-8600-4752-933b-451124a0d60f,
1a71e858-c251-49a0-9bb4-93133166acfe,
cf558b7c-878d-4b80-8141-37698d4ffd02,
a8e6b1c9-04fc-434d-a22d-8761ad4ce21a,
c6e8c504-bd57-4e56-b1f7-c5d9338bc5ec,
e7743c05-12ea-4862-86ce-f16d67166bfc,
6f4ca665-cef6-4706-982b-4d19c6924200,
a9b1d62a-ed01-4328-9e09-8ad3706921cb,
b3e23b07-e5b8-4a0f-8c2a-4e5845ae2d5c,
4672174c-afbf-43fc-bc35-f7b00f378c06,
2de477a5-7891-4690-b340-60e5a7f025cf,
af601eb0-2f29-45a3-8089-5956a5ef9af1,
b16432bf-d704-44fc-ae98-d004f8f01bdb,
cbe8fd77-08fa-452a-9faf-110f865694ea,
2b38257b-d095-4dd1-89a5-a34de127a02b,
36d7fd40-2c87-426d-9ca9-ec69475c206a,
24999287-96ca-4f36-b5fb-ad90875eabef,
82ebe00f-3b34-443f-8ab1-2ed0a9d6aed2,
a0280b4e-6e7f-42fb-8bbb-38cc38d3beba,
0740a577-fd6c-4e0f-9590-8b3d3d12505e,
31a51a10-7209-48f8-b51a-7978680f1fb0,
a2933983-d8f1-423e-9469-a39d8bcfd6d5,
d97b3d7f-4b34-434d-bd3c-5e2c70f98fe0,
6e25cebb-fec5-4e69-ae89-23825674e397,
d6cf2d5a-2025-4176-97d2-68bd5ef8a996,
3698ae39-64c8-4bd7-a3d2-b4afd4beb726,
892a9048-96d9-4c9b-becb-1d05323cbda9,
7ecf9611-394b-4232-a986-547ca41c1ea4,
7ec1833b-71f9-4a0c-9673-a6e9c7518eaa,
2271c527-c341-44af-9051-62bdc68ba4ca,
af572e86-e545-4534-a3da-c02a5b5353d0,
4002884c-c3ec-4c1b-a75c-d631496f0007,
340f2320-4900-4313-b9b7-65fe755787cb,
be70476f-7493-4126-b392-7cac401e2e7e,
bd64c0aa-97eb-4298-855f-d55225ca3151,
d6c90880-fbc8-4fb9-8587-a2de2b537912,
12344499-9a96-4ca3-86da-fc6b3c033f44,
2993dd41-b4c5-410b-a515-a4ab39c73b20,
3a56081d-e8da-4fb4-b46b-edaa9f8cd42c,
57369e92-2377-49c2-ac0d-ddfdff0c0566,
a7b89624-a686-4364-8c8d-4f4a4f046e86,
a9a7089c-9457-4b67-82ce-7c781e1f68be,
624c7480-c05d-4700-b0e2-d156df6c6ad5,
b38f8b4b-911c-4f36-bb72-f93af4d2e5d8,
efb1bfd2-3259-4b7a-8186-4ab35e7a85b8,
75735aa6-732b-4c92-98e3-e512f465fc0c,
22b382f9-948d-4546-94e0-77e8835e4c31,
6483c0e5-6b39-49a2-bdf6-49c157e06de6,
8e4e938f-bd55-4a02-93bc-c3609f1483d7,
6bef0372-6449-42b2-a11e-d3c5c4746961,
58d6b021-b70c-4871-9a25-e820488ce17c,
b31357bd-8521-40a7-93b1-df02a7cf3dd7,
f327dfec-4c9c-4732-b1a0-186f5a1fe79f,
0e425162-a46f-4591-a694-4bac1a189817,
b052922d-bab6-46ca-a5ab-8505cc489110,
88858f04-76ff-4774-9ad1-f79867b7faac,
aec58a86-16cb-4ec7-b7d4-650f363e581e,
001c1150-261a-4565-9fb2-7d7fb15bbb7e,
26f1820a-1ec1-40c0-b5aa-d0e43edab796,
31e29a42-ecda-43e2-aa70-1ffbaf43bae2,
8aa415e7-5b4f-47f4-975e-7dca60d57970,
594ba1c9-ae5a-432f-8b5b-00f8358d4965,
13efa313-da6a-4228-a324-4d8a5c9ccf35,
26e3ccab-c19e-4b01-a20d-7113dfa1cc62,
eafcf843-1a32-49c3-ba0a-95c1a69574c7,
18b995ce-1486-4cfe-9297-467f6b696abd,
b8f9af57-f0cd-4c81-bccf-eace611150e5,
355c0b71-9e0c-4085-a8fe-f440d86ccf01,
65f61e28-55c3-4360-a3e3-c49b5849d0c1,
a116f5bd-359b-4a28-947f-a66075f80936,
b0269fcd-fcbe-4b22-ad26-856283d73534,
b9454311-785c-4ec6-aa9c-264bd70e691b,
1ce6408a-6d89-44b7-afa9-7e12dc132152,
0abd0daa-4467-4f76-b75b-42f29fda03a0,
d15b85fa-b948-4797-8875-220e7ff95bbd,
29a33a31-e47c-4df2-b81f-a4599405d2c3,
14050f33-3db0-4c24-a5e5-5b40581b72af,
b4b9679d-46de-443e-8e26-3d4d7ecd9ec2,
9a3bb89a-99c9-4da6-8d84-275bee68a339,
6f820808-92d8-474f-8fc6-fe08c6985f1d,
8fc62633-6c77-43ed-99a8-ded90e223203,
2065eb35-d0ca-49b0-862f-800c38d74975,
ed967731-276e-446d-ac90-17fd506967d3,
4d75796c-4b22-4f71-bda3-0f405362e270,
4249b5b5-af55-4aea-a41b-761afa204483,
0a430d98-fd42-4f62-89fe-004da4895dc4,
9fc4da99-9536-4180-9d19-a6a9888557d6,
a7067612-6458-4e3f-a6a5-5a966a3342ff,
626b5e2d-099b-4ef3-893e-936672ca2d6a,
e4871683-316b-4071-9508-212b1e3fe292,
baa084cd-da2e-4d28-810d-431d5fad673f,
77e81983-447b-4b54-9f92-4caf281ebcff,
f62b8c9b-f297-479f-a35d-e6c2c8f5162f,
bd0b548b-6b8b-4e07-a7b4-667bf1988a01,
f522a1de-db11-422e-b09e-6698f4bab5ad,
d6cef4dd-6967-4c37-8b13-315fbf8b4915,
022b2b5f-edfe-482e-a932-036fdf7295e6,
0cebe56f-0fa3-4d7f-b928-7511fa1059eb,
1d3132ac-6886-4f9b-b503-28478d8a0a44,
a7f57498-a99f-4d30-b42a-950f29a97457,
2ae25e80-5300-4504-9e63-132647020216,
aa6c2b19-ef2d-4078-bb0a-d70399edbe4c,
ebf75dcd-3629-47e2-94af-ca36d081879e,
994ec436-06c9-4870-baee-072853afe422,
f5157fb2-e157-4a48-a086-8b1b95dcbfe1,
faaf21b8-ecf2-48eb-a3c2-5ad9b20d4385,
425051e5-7866-4dfe-ba59-d80ce17d22c4,
3a3b9f5f-e4c4-46ae-bb7c-3deb8d95219e,
4d70a3a8-9439-4afc-b568-38266a7caf31,
7c2562b1-1ca2-450b-a0e4-79fc75cbfb97,
e4cd430b-b45b-404b-89b7-e3b2f7de5c54,
f02eab9d-a19e-41ac-8f0a-6b8e3cf26712,
de07f3cc-551f-48f1-ac56-407559708ec8,
583522cc-de00-4e13-88a6-e86e3fd185d8,
711dbfcb-3ce6-4ae2-a1d2-25605c41dcf7,
af8d36e9-4e45-421c-8674-bd2df9ff374f,
48061f4d-a447-4e37-8569-237af469fb90,
75b60727-be46-410e-a91b-4fbcf0accd39,
8b7f31c2-9ef2-4f59-abe4-69dc496b6fe6,
4718ff42-2574-4366-bb35-5409b4bf047b,
633285bc-415a-4da7-8ce1-14cdd7c4e06e,
84cdd8b4-8212-45bd-afb9-99255c516841,
ee4ab028-9bc7-422f-b096-45c7ce7acc89,
525a8209-6233-49be-a74a-764f660b3c83,
a84a5396-c634-44e6-bd24-c43fdc6aee5b,
3fd9b98e-ee61-436f-9d9c-344cf7486635,
6913701c-6a56-4f06-a5ff-0c5cf9df6f22,
bcbd623a-4a9c-4d2a-bdf6-f3a93ba5bddb,
fbec4d9d-57e0-4463-86b4-0ccb98c1f55e,
c9f717b1-caf2-45a9-8ff3-3c105a711225,
f947b9b8-6979-43fe-a9a5-761b1529783d,
c81dcdf2-6b68-4226-bc01-2b9dd1e2df35,
0f4ad450-00ef-4388-9ba6-1228da2cb170,
688c7709-79cc-40f9-8a9c-f140613e8412,
a85fc5aa-9edf-409b-afb7-98d98b7632d9,
307a0888-68fc-462f-919f-4fba8251c698,
26057d24-92f9-4313-a540-fe39a0d63ad6,
88c41a98-0969-4640-88a1-f153876ba69b,
8c622d62-0f62-4ee3-a31e-be77fee0bc08,
a4e0c9c8-d4b7-4e35-b5b6-35a31228d6c2,
c2440b55-bef4-434d-ae9f-0ec8b5f72211,
69765c28-c5f5-40f1-b59a-4b1df65ce0b5,
ca5f683e-c1a2-48f2-aa6e-46345037c0ca,
6092d862-2bd0-4354-80f6-adce9c8f23dc,
c0937532-028e-412b-8efc-ceedc6bacb86,
ad2bfd22-cb04-4e5b-a0fd-3e2b8420d2ec,
e2bb2f51-ef35-410f-af69-ef36e9ef7cef,
acc91a64-eacc-4ed0-8824-55c3f61355de,
889d779c-0c3c-4161-b143-8e513db1277b,
55a9b187-4a09-4b0e-aa5e-83ff05e9ab4e,
ee2a2119-39ac-484e-8dbb-0255f1ca71fb,
b03aa5ea-571e-45d1-a654-19e7ca0c2329,
944da779-dff3-4175-88f5-b974903677bc,
2eae3db7-0f48-404c-8086-383acaa30951,
0210a8e9-2990-4eea-8236-c0fa1d6152ad,
3b25d36f-226d-46f3-b24b-445dd094e5c3,
4bc853c8-ca0e-4c72-b3f6-f193eecfcabc,
623d7359-d8a4-43f1-b8ac-a78fc2385ba4,
d1703ff9-eab2-4abd-a5cd-f50008c3c6d6,
73870ebf-3110-4572-b724-d5828922ace5,
c6d3298a-021f-4061-b5b9-4cdacf985042,
6d1a5a3e-9f9f-4bf1-88ad-59953870f1c0,
58650c04-bcb2-4523-a9a8-14311dcd3368,
2c58d4c1-c73a-404d-99d2-647374f56484,
72f70e1d-2844-4e09-86c5-2205a875d642,
7a72e830-5be5-4912-9c2f-f5ea1622d388,
c3aa44b2-ed51-4fa0-bf03-1b0f5cd73797,
64b22d2f-dae2-424a-b79d-57640782fd57,
52e8b991-423c-4bff-81ae-c10b29031f37,
32ce0b7f-a661-4bf4-97c5-aa1a9ef62e6a,
80c48947-ac15-40a6-a4a5-732f9a3a8656,
a0ccebc4-45ef-438b-ac17-bdc42d474b8b,
63218e06-cbcd-428e-a89a-af49b0276d4a,
f8464ac9-7426-4b76-9798-fd8a2a0bd2c5,
8550413a-2a0a-4739-af0d-c769fa57caaa,
bc590d97-eb03-4ec5-9388-7cd2dea2a644,
ed353fed-3259-4889-860f-c901f3e32072,
61d05090-69db-4334-846c-7a20b52197c3,
7310566a-4b5b-4527-8509-ce442b6fef33,
adb97efc-23b8-4865-9a59-c6b7c03af4e2,
73f93b32-f84b-40a3-bfeb-58daa426ff02,
d05b018c-2d74-4ea9-ad62-7e34f1dce6f5,
f57f060c-6492-493d-8548-9517c6bd8519,
62d14334-fb46-4137-ad7d-1241bcea0b74,
34ca672d-7e62-44e1-8e6c-165d3026bd0b,
29eff068-8760-4aa5-ad9a-27b4960bfaa2,
ae5c29cb-0d64-4bc3-aa5d-a7581b61265a,
410d7546-d922-472a-ae5b-244b8465f50b,
be80cf6b-b8bc-4daa-8886-5d552abd4131,
fc998d22-66df-4983-9424-59d6e1643186,
fd438847-d142-47fe-bc7e-6eae2b40de06,
7a0f6b12-8875-4f52-912c-ae1805298bde,
97dcc164-2cc3-484d-b317-453643348b23,
4827d126-2be0-4fab-9819-b229a605f418,
d8145e45-f28f-4ddb-bc1d-ae99c1b7b281,
2d8a41a1-fa6d-4a69-97d4-5677b7293581,
f09458d0-6f72-4f5c-8ff0-3f9118af1419,
757d2447-a698-4e4f-8ada-fd49638f0126,
39ef0dba-9711-4afb-949e-df8afaa84e06,
1463dd87-e6f4-41bf-8690-693b11a7d347,
c3ea608c-40f9-4b9b-8c4a-590c16dd24b0,
14ebcfb7-ffbd-4d84-92a8-e6449354eda9,
88c0c8af-8817-4334-bbcc-a3dbf4631499,
5cb95fcc-c39b-4583-a5b7-51ccd198ead0,
00b9f263-ee60-4928-938b-a7bb275152b5,
21f8afe7-6488-4645-8a0f-d8e7808fe2f1,
cc8425eb-b7ee-4ce0-a465-7a047b0ea423,
9215ac30-ca60-431f-bae6-d47b55fa0758,
99ca8198-3e17-411b-a970-b5f447c992cf,
9ef72081-0c36-4218-8b0d-fd3e0ea22a58,
550f07f7-42e1-48d8-95e8-d12f51fd548d,
54906e7f-b05e-45d6-9ace-c90888bd0a9f,
d947c3fa-a012-490a-a696-20168cf3e19c,
e940fd8f-bc2b-432f-b8e8-93b41c07ac7b,
eaddb831-0bca-4145-923d-9d54e2ab6006,
56757b6c-6161-4a7c-a821-51ccc000447d,
7f0379a2-9aca-4bb4-a18f-b5548d212117,
d370b96d-10b7-40a0-a2be-908cf2a9296f,
e103b823-2847-4ca2-9436-063d9c4d3164,
9f456858-0965-4567-b7f1-7b40329b079a,
b5ef93ce-c846-4fbb-a180-787591c47bb7,
aab5ec0c-377f-4edf-80af-87a461c3131f,
3d283af6-5748-4c46-860f-054beb30ad43,
0cf2e7dc-0a53-4feb-8e24-deb0e1529c7a,
fa43ebf6-3670-4a72-9ce7-a99288a0aa31,
dd708d68-8334-4431-aa36-55bf1b18e07e,
42089633-7747-4e68-8733-3309e97ec14e,
c6366c01-b7b8-40fb-bd3a-f06a785c4207,
5fe7eba1-8e65-4493-8a55-ff7d617ee5b9,
2acafdfa-70e1-4e3d-beb9-1faaae53aa1f,
d2e1dc4f-e258-4402-8092-168fbe8baf27,
439fccc5-70aa-4043-aa26-6d94f236766f,
828c54fd-37dd-43e9-a420-ac6475316e16,
6b169c32-c62b-4f05-bfde-469cf789b355,
1bca0d88-196c-4956-bf32-eb291a5b9363,
386ffdbd-0609-4d93-a3b6-77a710babbc4,
14b54de1-952b-4b4f-b626-b50410d1d989,
ed42c8e0-f10f-4df6-bfee-45605f7b8f80,
323eafd0-6ccc-48ac-b0a0-67e7a75262cb,
a369c4a6-47d2-4db4-92af-03091f62ce02,
76a833ed-b1ba-4674-9b3a-3870d525450a,
8eab7de4-f469-4279-9e11-ffb0e3896caf,
6c32c152-63eb-42d6-adb1-3757350a229d,
493f36a2-1a7a-449f-8afc-838cbd67c575,
9ae536e3-79b1-4f4c-993f-80db63f6ce5c,
47d50ae6-5f12-4549-b761-0a7fa72f93ad,
e5937e83-634d-4671-9929-e03d9364c023,
b24b6757-d7c5-4fe1-9e76-378148f37df5,
b60dd0c4-d3f7-4a68-9c27-739e72a725c8,
0135e514-73a7-4d48-b8e8-feb7e2c7b794,
86012f7a-d442-4c83-8085-c4b622b341ac,
02b466c3-4978-42ed-b6f8-f2b238fc1cf1,
7f6b8b6c-548a-4e7b-9126-0b8c1abe93c2,
41d73a6e-6aef-4449-8036-42d0cf926537,
7fee1c74-383f-4d6c-b072-36f4275f8f8a,
d61ecae4-1b0e-4ea8-9f0f-a93501dbd975,
b4e0e431-6e43-4d21-892d-4838d109776e,
851068c8-1ff2-4ae0-a5f5-a5778accbb98,
46b14d6b-cfe8-4864-bf13-b57542613458,
9193b1cb-f21d-4d7a-b569-c7d9d42d1705,
87f652a7-6934-4abd-bdad-318aba015a67,
0b9044a1-ec9f-46f1-b9ed-619e98665b1d,
00cc37de-e610-424c-b347-29c2d6464a68,
53cfd05f-09d5-4fd8-b9ec-6aae880843aa,
4dad7b43-26bb-4994-b705-263b0f094a93,
314b69f8-421e-4591-9242-6ecec1ac7a3e,
2bc7c245-3e32-49d4-8da8-caa60a0fb8de,
9323dd62-23ca-4f24-9643-41cc3351d460,
06c47330-2c11-4b72-a962-30661a9d487f,
f07be11d-5b95-4d1a-842e-75a070f9aa79,
d1287694-58f4-49c0-8c26-c3b63f89b47a,
4a0cfdba-7521-48b0-bbd7-a1122ef5c49e,
91461b8e-36d0-4f0b-b80e-066594a2faa9,
132697b0-b48f-3e48-d218-7233e188bdab,
2307c6d7-7f02-4018-a4a1-a683771bd9eb,
63848581-2180-449b-ad86-293ccaf3cc55,
57a1dcf5-c393-4f08-92be-80166ea606de,
f84b3a7c-a58a-4f05-a0dd-7d7d7e8bb671,
0274a072-cb89-4d4f-8333-bf654429ef38,
373d3992-431e-4181-b195-86cc216fd601,
0e7df576-d157-4b30-a77e-d2ea4c06ee30,
278e4517-5857-47bf-a521-18c9526d00f6,
ab1db78a-55ec-4468-a75d-c38174adb7e1,
b39ec651-e280-406c-aec6-d85b3aed8f17,
4ce17f53-70cf-4389-8380-c527957282fd,
13762bbe-b297-4029-857b-27af6358da3a,
e7a65313-28ba-440f-adca-2cffb7bc4d3b,
fe23bcdf-659c-439c-800e-d2f92579fd4a,
8a394f68-dec4-4402-8ced-b71040dc2b0f,
11d21e72-a265-4f0e-8194-d9e8ce50b60d,
fd5e1208-7cde-4a8b-958e-a302fbbe8339,
8c2e8706-0b86-4f8b-ae72-61a736e1d3fe,
ba4ef728-31bf-4a10-8725-db64addbe13f,
02f3d68f-db52-4cbe-af76-0837ad3b47cf,
d940a944-1baf-4200-9700-1aa119dec820,
62ad7cc0-6630-4731-9886-291f11501b81,
a19e1c95-b166-4d38-8d50-772340cabd16,
f7db172c-1d76-4dfd-800a-3f78c5da7217,
c02f59bb-4852-4f83-954e-33d4015f4b71,
e962b2f4-812a-433e-b150-c3e7c55f9f3e,
8bc3035a-cd68-46b9-b68b-2e733c1ea2d0,
b2d35bab-c671-4db9-9c72-aac7b123a3b0,
60465004-bbbb-4309-a44e-c86927a45ec0,
272c4853-550f-42be-bf2e-1fcd39e3d5cb,
30d4b574-9fef-4daf-9709-330d821ddf8c,
e12000cf-d1b9-4c23-b445-eefc111547b2,
6846997c-4795-4618-99d1-c3e5d8fe28f1,
f5b5c749-9d90-4083-ac43-506da8b84830,
1f6000b2-ea46-480e-99fb-be46d8bbdb11,
0d262b38-996d-48c2-acc0-3e1e0a349eb4,
1a4eb1c1-be22-4e72-a4d0-4fe69c085980,
3570a05c-c3e3-4b69-9356-9c8bdefd8e8a,
9c4a9687-4d32-4f9b-bb75-92d8cd2864a2,
d269c0ab-ba58-4af8-a49f-8998093c6aed,
f030905f-659d-4a28-86d1-94758e6f5ee2,
a4e057c2-1bc9-40c8-bc7b-185a72cbee69,
aad1db23-972e-4ef2-8deb-d7a3c135f041,
86505852-80fd-4346-9e5d-ddc88586782d,
9b7205d4-ac5c-4a65-997a-77d47cd2355d,
28062a0a-a6a5-4cab-a5a2-e07249374a69,
dbcdf6b1-000a-4fcf-8741-f5f793d07d87,
f9348f0e-a70b-44fc-9a7d-c178094fedf4,
a464d017-fffe-4ec3-8466-96204028ec91,
25a8e4c7-03b4-430f-bedf-5101fc200db3,
8e857c03-6205-4363-9a0d-c8ac140c61ee,
d740b79c-851c-4f1f-946d-4438031b8d6f,
f7bccca6-9106-4e7b-9c16-28024aab7b55,
7719d1c0-b204-4e48-b598-72022486a9d0,
482eec8f-526d-4e70-925e-a260090351c2,
1c5e495f-fb95-4fb9-8e3a-826f23e01fff,
930786e2-d466-4775-b60f-e39dddb98ab9,
ca69b59b-32b0-4350-8cf5-665dcfd76d2c,
5dbf804a-399f-4e99-91fd-25eceddd7c8f,
0d0ada82-9784-41ca-bdf1-b9c15d8ebc1f,
1d48ba48-7489-46e9-ba4b-404c00462981,
3bf5317a-7379-411c-8259-4efdecde2331,
b00ac019-770c-4be4-a6e6-d42f7ba8a4f4,
ef3ac580-3832-4578-b7ee-9a130860817b,
5a70aaea-821c-448c-8773-473e4c352ce7,
dcda2520-008a-45e7-8bd8-1b9949a08b2e,
cf5d38c6-d29f-41be-8e44-330756787e19,
24851fa9-ca49-4e35-ac22-8521f53e832e,
edb2353f-3080-41ff-ad9a-c20ba90c83f3,
8632170b-1d4e-47df-82d5-0710de897335,
b0a913f6-7a81-4196-90bd-e08aa5286b06,
48cb8c59-a162-44c4-a80a-33593a72c76b,
824389e6-b4a2-437c-94bf-c8718322e378,
535fe107-b44b-4c83-9d0d-48750c2eadd4,
2249cc0c-d958-4a9a-9a48-e12397bcf3b8,
b251a00c-0d79-449b-808e-1a3ebd7022a0,
13f327cb-f28c-40a8-bed0-8716fe8cde05,
064b6c97-9661-4b3a-ad6d-b56827c29a47,
837e9387-eb99-4222-ae7b-14362902f4e6,
20c7837e-5b2f-4e9e-b85f-0c1751337b52,
0b6df222-13f5-4f2d-ba3a-e07a3a0f181b,
ebd4728f-f271-4a4f-a4b0-d985176ce4ed,
dbff829d-1e08-4a7c-ab5b-6b9cbba687b2,
baf29774-0bb8-4ef1-9638-980df55be5d7,
4b15d4df-53c3-4cf2-812f-b39cf39657ee,
3ca620b2-4da0-448a-9d90-850b0e5f166b,
185089f8-16e6-4e59-85a0-f5f856e6da75,
bf39601b-5a63-402b-856f-7856d4441fdc,
b5a6d732-99e0-4f7d-8da0-51f73e98c68c,
4a6fc5ee-e41c-47ac-950f-08c5eea759f3,
8cf3677b-4ac2-48d3-af50-ff6f87a87f04,
eec803ad-663e-4347-be01-e7ec3782dc53,
e2b4a4d7-2b05-4fba-a709-642117c459ad,
4ce7da4d-a624-45f0-af0c-f125113396d9,
a1f90423-e49b-4c5a-aa9a-23c57af7ba40,
1c1ad05f-4bab-46f3-9793-571e41d1becc,
ab0eac2b-9aa4-4253-8f03-f03daa8e1988,
61168869-ed41-4d46-99d8-da68bb0becc9,
3a1b0d85-0971-4690-8c7d-bbd415f37dba,
2d1bfa26-7344-4517-834b-044687def952,
37cb6c1f-519b-4653-a1b8-0f9cdbd34ab5,
b2f73af7-f010-452a-a0d3-184fd92100b9,
a21d7a0e-4e8f-46b8-a58d-e10edf2ee56e,
f2d38429-4efb-47bf-a131-ea6bf3977d0f,
429d3955-ff92-45f8-a116-9172173f47af,
de59a7a9-4081-426f-8f2a-1bb61de03e79,
48fa5058-c3a7-4ab7-8fe8-4214de49d0d8,
96e9b818-482e-44ec-b1dd-70990f938813,
43ffe7b2-a5f3-4400-b5b4-cda775ca4b74,
f6f3606e-b27c-4ed0-a7b8-fc0456e734f0,
c93f4ab2-608e-4d96-9262-e2b883d017b4,
9016b2b0-3276-4966-8982-dfe7d658f03f,
4d290f6c-945e-4330-84a9-7c982074261b,
17c60856-dbe3-44a9-b7b8-105f0ba10d8e,
79121ede-0f66-4eee-ba60-1d5095374c36,
b427c268-c97a-4c47-8756-d1ed7033acfe,
3b179933-9977-4d18-9e54-938346df416c,
dcfb6e6f-27e6-4723-a916-bda3472e1113,
1770e775-9244-494d-bd74-9a161112219a,
70117973-74c8-4acb-98f5-e49e3ddd2c60,
54020b2a-52ef-4c1b-b1dc-4ba3276b5201,
a2bd339b-9769-4e99-9f1c-58fc35d904c4,
93ea0497-d3dd-6f6e-ccce-5c69d552fcd1,20c63811-0909-9bbb-1526-cfc81755e905
06c23454-230b-4eb6-aeef-c4e338cb5475,
0ce20c88-4be6-48a8-841c-00ae15489769,
85cdf76f-73bf-4f76-bc10-d833bc65e762,
267b9d71-407e-4dc5-a544-7107c7b5ec0b,
bc70f1b6-b191-5500-80c1-ad95d873e3e2,
5e1a6d32-2623-4d3d-a5a4-51f26594a2b4,
e1623dc1-6a0e-4763-8a34-44f6f0074d86,
486fb0ce-19b2-48ba-886d-80980e6dc0cf,
ddba30e3-8f83-4021-8cb4-ac9154a9448d,
31e3ea2b-bf6c-42f9-8efb-6b2f4f16eb51,
a1375cfb-606a-4ac1-a722-e746daf33cac,
966b0f54-de6f-4de4-b08b-1ebb05bc7a8f,
e7a5b17a-0f3f-4289-8e84-edd595d3d4d5,
dcc8d304-1c0c-47ed-80a4-6e43afb40f99,
5713f42b-de3e-4144-9870-f2d1c21b0fb7,
e43c962c-9649-4d5e-b11f-b5c7c8e8f51f,
8bfbc0eb-a2f7-469b-890c-bba6f5abe686,
8099abf0-c2e2-478b-9c97-bb603a4af758,
ee639b03-75af-425f-88fb-3f2b7804bde7,
7170529c-2958-4a09-9a6d-12cf4b5f46c3,
382c870a-a711-49f6-a554-d3bfb79fea63,
85c3ffb3-5588-40e1-8432-294289c879e5,
7cab3888-8d75-4fae-bcf5-27e118c263f9,
2451c50a-b1f7-4241-a57c-fcff887dcd99,
54c48bde-b26a-4ccf-ae19-d295e723b4f8,
77d19bbf-3d73-48ed-86cf-b08975121fb7,
fa801f45-dd3a-4959-9470-86b66a5c6b45,
0f1a4340-d026-4478-b24d-bdf429987b22,
a678f449-072f-419d-aa48-615457a8e4d6,
5aeaf69d-5cc0-49ff-bc6a-1faf680fb4a1,
06c3acc4-1ec3-42bc-9f96-04e68e07a761,
38ae237c-a19f-4e4f-a09f-8084eb325676,
65a0616f-0be6-496b-8434-5666a2813964,
b44f6b58-d8cd-4da1-a52c-6135b250c925,
df20b770-dff9-4668-bee1-59d6a84d1f3d,
56d2187b-9fee-49a6-ad7a-4312c3234f7d,
6a1ab623-d425-46d4-b558-5ee6d5b7a418,
ab7d554e-523f-40eb-863b-b4ab02ce9e63,
89883f8b-83fa-4f79-b80b-558bb35f1b3e,
2573c4e6-56d1-4272-9856-f8f72aaeefe1,
3d736f13-d2c0-490e-af88-441f2cfa3d9b,
ba04609b-e3be-457c-b381-7dd3175313c6,
04286a1d-9cbf-4331-a0a1-f862a8ef3d95,
38fe552d-8fc7-4f75-b9f4-4937ba22e8e7,
a36d461e-5d4d-411e-b181-2d50c03d2d65,
074cb67f-fa13-46e1-b054-bff8b871a180,
eea044da-4754-434c-8f7c-10eb02d5a814,
d4ade4c3-074d-4f0c-ae8f-56c81eae8c4a,
df8efaec-ac18-486f-b8df-cece895a470a,
f2619b50-8386-4c6c-8cef-d5eff41e3fa5,
657e2495-5f31-45d2-8b6b-56376114bbca,
069f0f1d-432a-42f0-a4b3-f5c24ea83dfb,
b219b611-944c-49ea-a1c9-771abcdac971,
440c6c77-38cf-4e65-913a-793e3225118c,
43fc793d-17b4-4f91-ac09-616969727d15,
df68a408-dddf-45f5-a4aa-add8a9ace49c,
911b5658-431a-446e-8255-f0da1345a918,
93bea4dd-19bc-483c-b39a-13d357bdbd51,
94a32b8b-d6bc-4160-a27b-4c43437e6ea3,
249b5bd3-36d3-4d72-97d3-a86a889ed077,
11f787a4-a7f0-406b-8d74-16f23ace99bf,
26fe575a-0e0d-4fbd-91f0-39b2052c9e51,
115e4667-2167-4414-9632-ce30f68fc99f,
ca79038e-dc91-43a8-83e7-7cd46d3e2e46,
4e98c17a-27cc-4bf6-a24f-907f1c544925,
00f8647e-fe8f-463b-9c60-4ca756269d65,
daae2ff2-ff89-425b-a20d-6337c08c32e0,
225be0c2-69a8-4f04-a7ff-99f8211aeb5c,
56f201ef-94e3-479e-926b-63c700b7e71c,
3428abba-b318-41ba-9bbf-d4b1c27550ad,
d98575d1-9429-4ea4-b340-4b963671d528,
dbc97995-0cb5-437f-b8a3-cd99a8db8972,
7a90bad3-f99e-4ec3-a2b3-57aaefe7e2a3,
e56b50bb-1da0-4048-9ac6-c3a3be16a05e,
db9166cd-5d54-40a2-93f0-c0e6480394ab,
f6620e98-96ad-44a7-9b22-9a7afbb197c2,
fb5718d0-07f8-44b5-90a2-e593c1d3938e,
5f345911-95e2-4b11-9649-42ae256ff35c,
b241ad86-6cf9-4670-802e-83974536feb7,
f340f793-38c3-40ef-be18-8194da2f7888,
ac7e6d62-8e36-4ddb-beb6-f29de4bde370,
3c57f754-b867-49cc-8c8f-8d28ece07f39,
7cf465fa-8879-43ea-bd19-0b500df29eec,
1734bb5b-6ba9-4842-8a98-38f1ae690d92,
c06fa9ac-6944-44e4-91f9-11f81786f2c9,
bab9ec36-5670-4b51-869b-3d58e5eeb42d,
6b2e8ba0-c981-40dd-aa51-12c0d73fd58a,
8465c0ed-52e1-46f9-9c1a-b731a69b9ffc,
65b7bf4e-b309-4707-b1ee-fcff071de94c,
09526f4e-133f-44ec-bb79-c7f760a3b3fc,
329d81a8-3d04-45c8-bb50-d3752a418d3d,
338345cf-2c74-4dea-b881-4fa3f6721004,
ceffd79f-4150-4af7-8bf4-f24e208b3a45,
b8cd1a30-f3f8-4a25-bb58-dfac3d665b87,
826de3ae-6e7c-461c-a0f6-79902e14dfe9,
aa3cb976-6736-486a-b54d-43a59ec34399,
2be7c15c-e4e8-4a4c-ade8-9c31a289471b,
e129cc14-38af-40f1-a295-4573da235ef5,
ce0ed9e3-dc9e-4a66-b84e-375ed7409d18,
57d73f86-395b-4f09-9ac9-58b047aa43cd,
a42451df-2fe4-4afd-99df-68a3b9916d46,
66c7dee5-6146-4be3-8c9d-fcc6a9ef1265,
6de81c2a-5ae9-4eac-b949-6282849a21bc,
89632c0f-4a96-4bad-8a77-5a707abdc131,
b67f4180-b860-4447-832b-5495a378bee2,
d93c1aa8-ce7f-48a7-b726-a92d14f509e3,
0b7b613e-6fdb-4fb2-88ac-7844b8b22132,
4ad32ec0-6912-46f1-844c-68312367a23c,
f2696331-363a-4ee8-ab47-0a27df2a8d81,
a0ef38b8-ffa8-4342-9403-73f5086977ef,
8de728cc-dc56-4cde-a181-f91de07415d9,
f162aef3-cd2f-4618-9c54-1028120883b7,
a10b1987-759d-4855-95f6-6c6afdf43f8e,
0dcee04f-9267-409f-b087-ed36abfe47c9,
5ad5e890-721a-4a2f-b111-e4d5aac5a227,
41a0e6b9-cbd6-4325-a1a9-ed3b71f0d61e,
074d65f4-e03a-4f59-b914-2304cc1edfca,
d7cf43db-9ea3-47ef-a2d0-53b6cd4505e5,
56f44e0b-8f95-44a5-86de-133f96e76b09,
2eff857b-7943-46f2-8ce4-2cc6ad466425,
1b64a796-3a10-4630-b1a0-6aaf8be68905,
d89a5dbb-70bd-436c-8ec2-58a691d47c56,
bfb1ec08-5ee7-4de3-a4aa-2db3c0cc146b,
81a27dfe-08b7-4b24-bf01-056e554bec9d,
2c2b8e2d-be33-414e-b06f-47bf3efbfc53,
ea79f2a4-beaf-446a-aad7-5bd1569ba3af,
c916dc62-6fb4-42b9-837c-35046b3ffa1c,
f013bdcf-3bed-4d4d-b148-b308b657e748,
a5605114-d51c-4dc0-9016-2e1b8b852277,
1f7cee9f-b5b2-4250-9ecd-00b459402729,
349378b8-1103-4436-856d-97779f25e5b6,
c604a626-3812-4013-86c2-a9b349f9e677,
010ba3c4-d686-4ce0-9a9e-3cee1fd53f8b,
5d7c3b9f-1f7a-4e75-a432-64779c6d2049,
bff47d5a-dd46-4b3f-b9db-0b05bbd53974,
b6d6f956-0cd9-4246-97fe-a53491aa3b21,
06728488-9692-4b7d-baaa-87765ed52370,
c1f44e8b-c1d3-41aa-8586-135d97b3fa17,
85b6c544-4a10-4baf-a8f6-0a7df4c8f09a,
e7223e4e-f4a3-4bb3-a5c7-5295ba7e0714,
7f9487f5-9197-49b2-a96e-147c1b9b0bb8,
9b563165-4092-4405-97d7-69f589bd656d,
47afb426-c56a-45cd-8269-57b0661c4688,
7fefa445-1995-42b0-b87a-5d2f657f786c,
57e4dcf5-37e0-499e-92f4-a9448fd0d900,
f0810904-3ead-44e3-a602-ea67a7a05a70,
d824ac24-8806-4997-893a-710b96def07a,
398d257b-6a1a-45b6-97ab-95b1f8bb602d,
43dc9f87-6566-4421-80d9-313b7d42794d,
7cca7d1d-1636-4def-82d8-c77f43eb8aef,
784ff6af-d910-4283-a2c9-a6a256daea99,
adb9b085-655c-4561-ba57-493851ecdfca,
c17d66c8-a5f6-4f84-bcee-d3cb30288a56,
015219a4-6350-4e7b-9c0c-fbaa4b2f1e2c,
accef2f9-4541-4101-a3c7-4cadc6b70d17,
5ce00c8e-714a-4564-9f13-37fa132d1071,
a5bf9256-bc5b-423e-b928-8c0d134dca2e,
8b98ab16-c0fb-4a2d-969f-0e573909c66a,
2c72c16a-0dd8-4816-bf04-86e2d75f9191,
f6333770-7b97-44cc-9fb2-ab5357dca0e5,
02dba753-7570-479a-850e-92257f014fc1,
ad1feda4-15e0-4d13-9782-31174194cc47,
88eafaec-c012-482b-bb5e-02c6dd5ea259,
f8e2f0fe-86cc-4e3e-8992-b54ed0501434,
efca0c87-7ca6-4075-8efb-a7a722bc9423,
1b06ae21-4e6c-4c5d-98cc-6e6ed321c042,
ac4ab2cf-3d74-480c-9fe0-6f3470903619,
0097023d-1f9c-483e-9ba6-26c7c26fae02,
7bc27d80-8ad1-425f-a4c5-db9c2f7f3160,
d4395b07-914f-4ad7-8527-6ccd9f46c57a,
f0498007-77ab-4975-8a83-f7e86dc66530,
be7283c7-6a6e-4905-89d1-861fd0e980d6,
04f4dbf3-d052-4cee-8644-30004033bf10,
862e1455-f5a7-4034-935a-d5edd687bd2a,
b8d97aa6-10b7-4c9b-8ef8-7c1310e732d9,
8fea2124-e86c-42c0-a288-f5e4a0b2c5d6,
4c23b2d5-9fd6-4c1f-9306-77bcce54243a,
c8f10dce-e69a-4188-bf8c-4357584666ff,
c6268b73-845f-4774-afc6-7fc9bd11b9a5,
8e655cc6-dcbc-47f0-82ba-b41f0a30af62,
0c3897ba-711b-4994-aad2-117c6e5f1da2,
b505d5ce-bc84-4299-8529-099a7440f798,
4ed993f4-b4c9-4c19-bd63-8d60579b9957,
00da5bdb-2316-467c-9fdf-fe06aa3ff661,
e0fc48f0-99a7-419c-9663-460763479eab,
3b0a608a-4a17-433e-8748-c9fae4d00cd7,
48e186fe-7489-4378-a9ac-160d0e83cb00,
9743dc2c-fa9d-44a0-99e6-94bd9b1c4934,
57409f99-7eaa-4ebf-a33b-40c4f94e9cb9,
f7a7130f-59f3-4111-b651-18761fb4d731,
dd5135da-4fba-47e5-85fa-f8e43a51529b,
1a320bec-a2f7-4346-8a6e-13965d4310dc,
e1d592e1-8007-4a79-aede-d15f3e26152d,
e4001a53-5025-29f5-9c7e-8a23428ee311,
e2ec8f52-1ca2-4d5d-b85c-beec0e563b3e,
b88e3e87-0750-41f0-aacb-689df320ed20,
2913015d-2423-4b76-a490-d26fb54cce10,
acb82677-ba5e-4ddf-96bd-89fa22bd6d8c,
267acfed-6611-40e8-b035-6ffc6cc82a94,
e77f50fb-0b26-474c-93c3-7021ad383a0a,
5a382d75-6306-4270-9171-7e52f89b8601,
27bc5ac4-e4d5-4f44-a2f0-3de094b87fd5,
fe7544bd-7485-424b-9cb1-c3a07c0f9542,
de7930b1-dbad-40c0-9283-fe58e7129bd9,
b99f84ed-3478-462d-a244-9d0988ccab7b,
508a202c-f032-4eb4-8bec-7d51f54e5498,
6367f69b-2fc8-4380-897a-3bf7cb7c1d09,
75767d7d-c978-4ddc-8da0-7afbe440283f,
b28b0a97-b83c-4ad8-96f3-73d6db211f63,
2acf8986-ca0d-4b23-8ab3-841b9071b967,
7e7c10b6-5cec-43c8-8c2f-5f13396aabda,
35a2bdc8-ef28-4f86-965b-37c83b2718a7,
b005c2ca-ca5e-47a3-ab39-d038365a92f9,
933dc769-222f-42e4-9906-72af3ed0419a,
60732adb-0a13-485c-a1cf-2319f850f527,
9c89f454-2165-4f06-a95a-4ca53af6d274,
6e0ffa8a-6e25-42cd-830e-8a054c5e1da0,
b54e0ff2-e4e8-4328-968e-cdbe9df5102d,
4f774068-54d2-4d35-993e-b955a87c4bd0,
47823dc5-0d35-42e7-9f11-5a48073813bd,
85ead53c-8a03-4aca-97af-8a48e294de7e,
98e50eb8-e120-4af9-ba78-351ccc34ba48,
cab20acc-e831-4a85-babf-46da8d27847e,
cc439269-1ecd-4487-a680-c70f6cfbc0de,
b2ed46be-d617-432a-8105-a6dcda9336ba,
b7966faa-2fbb-46f2-b4ce-a68627f80fe8,
ccee7e99-780e-4897-91c8-949d3df808d8,
525447ec-a207-4f91-95ff-e971a8988ff3,
64d41654-e9e7-4652-8ddf-4a93800b3599,
48cdae4a-12ac-4577-966b-05e6cdc89243,
1a487fca-8c00-4974-b3b7-4d6783457130,
053b5c4b-cec9-492c-bbc3-d64aad9f3b07,
f09d9b76-07e4-4e35-9e66-1fd0082c02d3,
1f695374-d954-41b6-b1d3-d11cde8c38c0,
08f08e35-075e-4c4c-9fae-8662224af4f0,
1b54c029-3656-4d9d-9b69-9326027f9a85,
cb9dedae-9d21-4a88-ade2-722c14796795,
484269a3-56a7-44a3-87e3-da93c4eb9f82,
396a1937-d2b0-45bb-b21a-4d3f36bb0282,
3863766e-eb02-44b6-8724-7ea8f8d8f755,
eee943c1-a27d-4358-bdd7-147664ac14b7,
b9786ea1-6ce0-42b0-8c84-ea86acac55df,
5f26ddc1-8b00-438a-80f1-2b665400af2d,
7e16c509-2088-4171-bd86-a19af7cebb50,
e9577e37-1088-4995-9b33-c4b4407005c0,
79334fe5-8e70-44b2-a064-229f7a4d2606,
8d7b4743-1c25-4032-9443-0082e9512ac6,
b963f38c-61a2-422d-bde3-ec66033c0f77,
86662de9-c391-4370-af1e-105882247488,
aeb961bf-4b1b-44c6-80fc-f587de95d3f9,
fb84d939-d022-4661-8814-7249c3e29e0e,
7854ec30-bedc-405d-9acc-a83af7d5a205,
e2f66681-6333-40ef-a4fb-1d1ef2b1107f,
fee89713-c84e-4d60-974a-48aa83c07c2b,
c4af986e-9346-4809-a913-fcd5255e0578,
d21f58d0-2538-464d-a16a-1bc5a849a73d,
d76cc652-138e-49ab-99db-c3575fd8eca1,
744c6638-bd4a-43cd-835b-55e8c9b9c694,
77c71ec1-859f-4d8e-aa66-fb3d55884750,
192b8779-4fc2-4cb4-a8b3-05bc11fbb73d,
6f10bbaa-d66e-4628-8727-4f4d5d6f96b4,
92f99b2f-a563-4a16-b588-fd4cd6558780,
023614c4-c62c-4884-9107-e6800c8cb336,
e43e3ca0-3152-44f1-9ad9-64ca0e3f990f,
aa11a71f-e3e3-4e05-ac8d-8b11bebc89e5,
4f9276f2-3a0a-47c2-8fa5-4938a9680447,
dd803312-5341-49d5-9264-7927da627b0b,
f5ce3f36-0955-473d-954c-a43c1fdd1ba1,
e50f5eb3-5dab-4b39-9e2d-df164736a38e,
5c1e58ad-c203-40bf-9e10-6a1037ea96ee,
1dae8018-39ad-4c25-83a3-7683e67bb7fb,
9bd13b5b-4138-414e-9ab6-e90214d12c54,
7aae993b-ab1e-4e2b-8927-e8ff3d416a6e,
a267abea-e3d5-4324-9887-a480141b9a6c,
7007ac64-4528-497a-97ca-620d6392e3de,
66de75cc-e792-4f69-ace4-b4d510c25b65,
d51b9f96-8662-4f08-a7aa-c29fb011cb7e,
a823585c-7775-427e-b3d5-358f989741dc,
414e9368-a8a6-4dea-b7a8-4396ae86440b,
7a45011d-6ddb-4521-b0d2-ae7deb133f87,
e4d13734-294f-4998-b957-8b3e4d1dedf7,
fc3e553e-b1d1-47a5-b7b0-b4d324d68510,
cdaa990f-362d-4647-94f1-864e1097f160,
7481e235-1b43-4b5c-932e-e7d930756d7b,
f8db4709-bdce-4355-855b-42a2f4c297d0,
ed3d113f-7be9-4755-86e2-3ca4fbc85fbc,
12ad5938-d3ba-40d1-95a1-e7d9f1dc2130,
be420c62-6b49-4db1-8504-c4450de84178,
bad8e942-a7a6-437f-a340-70fda44cc0f8,
bad54db1-1735-472c-8dac-3c652cc49a4b,
a19cbfa4-1c66-4951-9377-3b57adccdde3,
518b9ae3-13f2-4ec1-91f2-87ad2d5f4299,
853cff6f-0ec0-4a8c-9380-c6cbffacc767,
48ff6963-4a30-4919-8c50-e3f271b70bcc,
b3f91161-a472-4da0-b473-c6b7d3acbb81,
f7b289b5-f52d-47fa-a9d9-1a98b42510e1,
f145c1b3-9293-647e-1517-d02a2f3d373e,
2823f2e4-2ce3-4b7f-9681-60d265f523a0,
548cdfe6-bef9-4bd8-a931-360d4f29776a,
c83b3451-0832-4baa-904d-7146cbd36fc1,
0e91f66e-35b9-4c03-a1ca-73f3e05e82de,
296c5228-4e9d-4c35-9d14-2adceb18604f,
6f4f3723-c8a9-403a-9266-144bc9fb7861,
632b763d-15df-4b80-9470-dbe649723e59,
9e05d8d5-cb6f-4b35-beb7-23bc71f9355d,
3b47475a-952b-4964-940e-3a8161d4ecd4,
dabe66f4-bbae-4268-a009-47a138663943,
eacf84c5-0be0-4d80-9192-5edfec8b974c,
054a1d93-d1e3-47ce-b827-771cf2f75d7d,
a749546e-b403-4cfa-a808-1b38bc8bf151,
c9f36aec-210a-4bfa-a114-085b5c1512f2,
7515f881-d41e-4da0-8579-b63320a065c4,
97c8343e-2a2a-4a9d-aab0-8e36cfc7f7a9,
38f3bbc1-9e6c-442e-9398-d03e83e46af4,
5c198306-da75-4884-bef5-bc07ce0a963d,
f21e98e4-cca8-4c5b-9538-e11b86035989,
2a719600-e543-494c-bb75-4deedf7c2cba,
0e8b1d7b-bd78-4969-b8cb-6a11ad7db38a,
8e66efb1-959b-46b9-a6b4-91d8a970ef8b,
3a408bb4-9036-4b5c-9242-cd9dbbc0a6ad,
c3b263a4-2f19-46e4-8409-592140037aed,
a65f2c59-7d05-4b9b-9ced-50a9b7cdcc15,
c071c7bd-6ed7-43af-88ac-035642924a93,
ceec780b-1eaa-48e6-96bc-d3e18fba5283,
36e9fb83-74e4-4b32-9196-dbf8be54a648,
15099674-cc21-4844-b454-007b2c706788,
59339c40-5808-4211-9d33-79d107895a27,
ed2d74f5-0dd3-4227-bb5d-06e6fd124828,
c8eee509-131a-46b9-b150-f6b3c9ef8abe,
d9cdf72c-8ed5-4c27-9901-e2ab23d798ab,
e33b771c-9cf4-4c89-a816-05f5b37c839c,
452e67da-d2dc-44d6-b6d3-17f3da40559d,
713afca2-9728-4e45-8b0c-16e87c5551c5,
d52b828d-6f21-4056-9357-9908d4320fdb,
ca0672b2-9b88-4823-b8d0-ee55ae7058ce,
c4abddca-af23-43bb-8130-1a865db5b62c,
f1c13e7c-2c26-4411-9b0d-9842d99849d9,
879894fb-6c73-49ed-93ce-15f2b4f4d14d,
1a8bed9c-ddf8-44c5-8998-2c1ef2128cd3,
021aec05-a00a-49b4-9c7c-aa7f86af82be,
35007052-ce0e-4eb9-98cf-806e2c5fcbdb,
621eccc1-1dfd-4b9a-baac-77c63e286bc1,
d800f538-b658-4876-bef2-0a05b62bfe5c,
a3227a2a-4baa-4166-ad97-73e0c9b6c4c8,
c1c6f3b6-ca4f-4f98-9945-651a702fc17c,
459ec6b4-fa0c-4dbb-a062-39cb3a44661f,
978b5cfd-2a33-4238-8c2e-8bdb2cae5d7b,
8b37e2e4-84f1-47d7-99be-ac1ba0d20136,
fd1ab2b9-5d89-4290-84fb-c51369fa6910,
25b1e970-30cf-4427-9428-3f9e61a12fc7,
32423155-723d-4547-a0fb-27f0a7f37714,
463d8767-7a0e-4890-b81b-8bf0eeabf8a2,
ec0e0a92-600d-4fca-8c56-0610e21efbaa,
2f290a18-dd31-4b42-8666-3f46deb2ab60,
fd9abed7-8d9d-4cee-aa81-50debae3b2bc,
c109ff7e-db9d-4770-ac5a-a51dba7cfeb8,
040d9365-b5f6-44ca-8454-b3d64939e0f6,
f5478a43-c3b0-4930-b90a-22602d756d0b,
6a7c74dd-8c8c-4c0b-ba9a-e6a4a65a4960,
0ed19415-67bf-49f5-900e-02ee275ebd5f,
293f7a3d-cfdd-4774-be3b-163963455318,
9727b9e2-3d64-4ca4-b85a-e8341e8418a5,
72384c28-fb17-4a5c-ba19-5a42fc89e2af,
0c34c5d7-91c1-46ec-9893-e3b13fb8f9c2,
1a605ca1-abcd-4c4f-982b-3354975571c1,
c097c166-494e-48fa-83c4-d94115b8a0a0,
2c68e3fe-23d3-4f24-97cf-5800b01c6ab2,
1375c3c6-dfa3-42d3-890b-7e013d1eedbe,
a93ffb76-9f52-4d1f-9855-ec175711fbd2,
8e3b7442-6491-4140-ab55-35baa5d6ef92,
28be24e9-aafb-4ff0-b46d-591df8c84233,
fdbcfcd3-46d3-46e8-81fd-1b2adbdff802,
380ab401-1641-416f-b271-72a4674a26f0,
0f8e8ee9-7d97-43a1-ba4f-faf38a4040d7,
11ecd57c-2567-4bd1-90b2-e08736da5eaa,
7157eda2-981f-4e12-a7bd-df33bf6a9db5,
1107c4f1-897f-43c7-b711-0c11addc8e08,
6f2bc1fd-15ed-4ca3-9997-24d16955dbcd,
2b23a425-d4b5-4f29-8e89-49e983047c65,
dbd49144-54e8-4363-aa1f-841dce7bef28,
ff6dd9d8-3f16-4532-b099-d0ce15abb15f,
51c9802d-8da4-4531-8c37-dea7b773b031,
54057a93-4730-472b-a571-156fc2aaa9dd,
61c948d2-617e-4cc4-9c77-f263777400f7,
c9925296-fbb8-428d-9701-a6ab189cc969,
dc5e3998-f215-4383-8911-c2580bf9b4b1,
5df711da-5ee9-4b44-a6e8-13d9018f9ba2,
c1f21a13-34ed-400d-afd5-498815c8edaa,
c034b5f1-159f-4eb6-9691-c0b966e6b849,
335374f8-f1ca-4b9d-9f6b-eca6c0636f10,
5ce6514e-f721-4680-8cde-a8bc4a20e3f6,
dbd3408b-b49e-4d3e-8990-e4eb65e688b0,
07afa8d0-ff93-4ca8-bbe3-e26eaa8810ef,
be89640b-4537-433f-af07-0b538ee7ee51,
9e1ad609-43b3-45a8-b2b0-8efa2f196ccf,
a407574f-8e1a-4269-a550-194d11c5b550,
ee21b5a4-45c0-43b4-a1fb-d04274587ce9,
6d4a18ef-49aa-4bb8-81fe-464fad860068,
2f72607c-ecf1-4a48-87b7-2200abd37d87,
68a7f0df-8981-4fa5-beec-9c71aa7d5f05,
b5ac9df4-ab9c-49e1-bf7f-91d3bf4daca0,
f02c5a87-0639-468e-8ebb-22f6bee3811a,
408d0708-467b-4ff5-a094-99fbc3fca08f,
0a8626e0-147d-4a41-a3cb-c7a87403be5a,
61368726-d189-4f96-a8d7-96812c64fc85,
d061e34d-fd12-4884-9d93-cf60f91ef422,
c4922911-168a-4d2f-a111-81cfc1446168,
cf960625-3fdc-4462-90ff-4fec376cc4ff,
5cd91cdb-3ef8-4837-b800-9c330b4f1ff4,
d34e30eb-c786-4d60-af74-f6927d5bfa77,
343b4b53-c2ed-4c8c-b276-0d5b722d57dc,
13152c45-4a3e-4c00-b061-4a950dcc98af,
e299acbd-bdf2-4d73-93ef-d3f61d19203c,
9d275cb0-0899-419f-80ca-554e7feb156b,
ddaf6754-9124-4733-98dc-5ace6a20f122,
c53dfdd8-f6b6-4e44-9009-1ee814a1e00a,
ae8ac532-5ec8-4bfa-a132-6e9e1cd22e37,
cfc3829e-3ded-4c0a-8aaf-73c92a4be7a2,
2eb38f8b-8216-4202-820f-48fef6781f7d,
e4639c36-0e0e-4737-904e-3e930aeefd6e,
96d63064-05b6-49bb-a819-300e94ccf468,
f5a74325-1469-41c9-9aee-757c882625b7,
a9ad57c3-acce-4a16-bf22-58dffd6902a9,
1e7ea9ae-169d-4b4b-a10b-9acf230055a4,
c32ae7b5-8560-4223-a137-856c5d17f349,
6f2eb51b-1f86-42ee-8e74-cfc043cd0523,
90a7dc8c-608e-4f99-890d-00d27dca38e1,
805eacb4-5b62-4804-bce1-061140b44352,
4a25d662-79d4-4e61-aaf0-7e5c1cc90fd4,
c1eb5679-156c-4225-92c5-7dcc767cb0e0,
258a5419-e862-4820-b253-b295f1cf48e4,
34c62a71-6b55-4939-bf17-52fe52a151bf,
9fe57d63-9bfc-4d25-afff-61ed91b26699,
b94a1293-4f4c-49b0-8614-af14a96b363b,
b8f1d646-f4d2-442c-bfcf-bc45a757e79d,
86eacb8c-dc43-4c02-b039-113eca256ef5,
c1d5506a-1eb3-465d-bacf-0e1784cf108a,
409befc2-1d50-4a87-ac7e-13ac8949cdc7,
35f2e0cd-63a0-4d52-94bb-2d5d27b85272,
0c509b26-2fc0-40b9-a17d-c0929e4beb95,
59cd9538-4d9e-4e38-9895-712d744028b3,
49a105d4-5342-4305-a3e3-26b00cc67efb,
76ca73de-290c-47ef-a127-9931436c12a2,
80b57606-8e86-4be5-b27e-026e5bd5c753,
01732c48-8ff4-45bb-84f7-1a32909ea2eb,
337095b5-fdc8-4f3f-8819-da8bed34fb6b,
a4aed0a7-27a5-4af9-98f9-19e045d549fa,
472133ce-6901-48f8-81f6-639f2b73c707,
7cda8067-63ef-442f-8d8d-babc9dc2181d,
ab0c4d62-8df8-4c82-9d02-d8cd7025469c,
b961139b-9f80-480b-9580-929978fcdea3,
6ec1ad59-4efa-491c-ba04-dd586829a6d0,
c646c08b-4656-4646-9f31-5feaa3bf6bee,
77c6a151-e0ce-4289-a862-24eb0219eb2d,
f93eb585-a0f5-4bbf-b966-5c037c017f4b,
c54e54da-eb2f-4c07-a742-f453e5a53d42,
9fead07d-be23-eafc-5cc0-81d51503fe30,5acca51e-848f-7511-0f5a-3d602b03ab44
f6d093f0-5fd6-4521-8f1b-0612daf25f4e,
c66096c2-4719-4dc0-9f87-ca52628a5988,
ac6ca85b-5ca8-4069-a56a-f393daa8925e,
e70c1cc9-26ec-4648-9660-2abf9de57329,
9dba7c03-d8f2-492a-b6e0-27261db3936b,
94e7460d-462d-4179-8960-196879f59c43,
a33b1465-7303-41e0-882e-c98408d98010,
59cd23e6-e0d4-4950-be48-272dacd2f0a4,
be87d4c2-b119-4cb4-9f35-81d384a980fa,
2eaed986-3e78-4d06-a4f4-17e0b893cb4d,
da460ce5-b9a2-4fd0-9a3d-157f622e966f,
51b37a52-e5cd-4b0d-be05-aa8209c92270,
9ae2890d-4307-4613-bba8-4a4fef9efdb5,
03fd84d2-1e73-4691-99fa-fa70c9a7dc15,
e97099ff-0568-4621-9c98-f0dc916dba89,
4cc6d71f-6dca-41ba-9bed-f002ad6c4f62,
09ea2cd8-1f26-4150-a383-2d245a9d3683,
20345edf-45ff-4881-ba4b-93ab28fc3572,
7856b5b0-9c69-4baf-8643-f5949262bf84,
c5a4888e-dd67-450b-9af3-47ae8bfc4e4f,
39cb69c3-2443-4a9f-9614-7c2b04fed2ea,
92c226f5-9ba3-4bb9-beb4-703476d818d7,
f93bc525-2f94-4786-8537-99daeea68ce2,
e25fc822-17ce-43b9-b6fb-1d5b660ff1e9,
8a946cd8-277f-4046-b6c8-dc12a2e3bc9b,
98dfeb4b-fb28-419a-8339-31794e931b5a,
c7a7465d-acda-4078-9671-143ce6cfb9c7,
55ecbfa9-0162-457a-a6b8-637ae6e1d8b4,
793e382a-23dd-4f39-b807-995ff603a9a2,
7d60a850-9f49-4989-8a41-4f95bc13309f,
14b35d57-eeea-44b8-b879-528874926f71,
c016e55a-2553-41cc-a49c-095444b6fccc,
d9574864-68e6-4745-8de5-2dab4b8ee2cd,
b5c03b9c-d66c-46af-955b-0a0ea842eae0,
6d0679eb-78df-44f7-8978-75625c1245be,
ca2c7da0-059a-4d77-a6cb-2f25401097c6,
87a17e6d-bff9-4efa-a2fb-c713fb18594e,
2db91d3f-b03e-4021-9dda-157600e886d0,
904b91ea-b561-4de8-9575-1075d053177e,
2e5d8310-0f52-42e7-a01f-f5b62400e98a,
645a7f6b-9d3e-419a-b3e0-9ec60022996a,
62b03a1f-af1e-46f4-8365-e0d7ede316b8,
f3ad4132-76d3-4f5a-8171-f6a66a256af4,
8217a7f5-1554-4bd2-a708-e3aedeb44150,
bcd2472d-918b-4b59-a083-ba1f26d2d8e2,
5528ed08-5e5c-4cb4-8f82-3aef2ce0245f,
3ca89439-fecf-48c5-9f93-e1985d1365e0,
a742a696-963f-481b-9f2e-28b1d50cd677,
716d1f5f-9946-4fc2-9a17-3543739ca443,
42c7dd76-1f86-439c-8611-ec935efaecfe,
e5d48e5a-0504-45a8-b797-68b89b11580c,
63c3e8bc-6d6e-4f51-9404-4d09ebb208ab,
7b234391-8044-40e6-a6ab-d407cbfa8bde,
e0561d13-f2e9-4592-b45d-7c9db2927cbd,
e009e988-7668-4d64-9c68-bb09fe9a70f7,
8f18dfcb-c583-4fa4-8869-1ced7cb4cb5d,
6f64c24b-ace3-48e6-988d-8cd864d2f1b6,
2e791409-f3c6-4364-89d5-14295a12d4a8,
549a11bf-141f-487b-85fe-e0063e4f527d,
0c3883b0-1d97-4f8b-bec4-7089c745dd49,
c9ea77fa-ccb0-4811-b305-9a5cc6052278,
65d08059-98a5-4aba-8272-908daed5e927,
44dd1bdc-9ace-47d9-9580-dc95bc4068c5,
b9c9eade-5f22-41c5-a617-312b0ddc1487,
2795f067-8e48-4100-b1f3-7e2101f6ddd2,
2a6676ae-48bc-470e-bc02-90a949de9a0b,
cb71501f-d1d4-44c2-b46a-b4e2cc78c3bb,
67e9cd83-8d5b-4305-915a-b2d0eaa5538e,
287ade65-26c4-44d4-b1ff-e92140146888,
4ef36088-af3b-407a-94c6-20509632727a,
aeef5d5d-7ec6-4e23-ae2b-c2630ec050f3,
7ea79a2f-b833-4f21-a1a6-76816b9b45ae,
c714f8ca-ed66-4412-84b2-5ee85734ee53,
bcd4662f-02b4-41c2-9834-fd06eb96fbd9,
28b0b89c-dbec-488f-8f9f-4f99fccb8469,
10f0c37c-0698-4e97-ac83-a227c6977d61,
edc6d4d0-acdc-458c-8bca-afbc67240cfa,
d3bb8202-9f9a-4eec-b356-c2f4d40fa285,
bb520157-848e-4124-8916-3c5c73c1fbdd,
c686c764-85c7-4d83-8452-8ed274966e7f,
c017b508-2e2d-4a28-a916-64507f5b1ab0,
e168b701-8d7f-4bdf-86da-bf1b5b9cd85d,
e07573f8-d750-4bfd-8403-4ff296b9f629,
f0fbb14c-eff2-4d39-a0ad-f9eb443516c9,
8ea48ac2-6118-4208-9d9e-7a8ee94aca4e,
fa84e494-a12e-489e-a249-316e0ceab00b,
0038e1e8-34c5-48f2-97aa-f3b39bc00007,
a661f9c2-ca32-49c6-852a-35e7747d3e64,
91f565d4-1cfe-44d5-920d-2b995af33ee9,
755a4204-30cf-4cac-888f-93b1c9155191,
c45e581d-1294-47ac-9fe5-c4e4d31212eb,
6bf74be9-d4db-4a9d-ba72-9e985af83611,
cde704d4-f867-4b4b-99fd-f3da370207ad,
5662dac1-e21c-493b-8800-df6bdba7693a,
3a352cdd-72ee-47d5-b966-1542d78ef715,
d72909c0-eb80-4166-9c98-b1c415218c68,
44d118e0-40ae-49a6-a18c-168d5c55220e,
573e9e1a-4232-4c65-bf92-2365e240713f,
2937e5d1-32da-4784-942a-98f725e10276,
27605d61-15f1-4576-98f4-4b8258a0e0bd,
0789e0e6-3030-4f1a-9f0e-3dc7fd3646ec,
441b1019-b72a-4f7b-9c9b-5db578dfc84d,
fb83220b-5d46-4e03-9ad1-4c7d43a0b43e,
c093d902-f422-4104-aff3-a6a7b99d7e4f,
4733e4dd-2463-489e-bbb1-998dc45c399c,
69528b12-b835-4b6e-a98a-0f69ec574743,
674cac43-e6cf-4f1d-8250-734e7110e75b,
b835b689-af27-4487-af3a-2ebb63eab577,
c838bc98-ae4e-467e-b17d-288c86d571df,
8bdf5884-1de3-43fa-be91-6d25586a775c,
b26d5937-c98a-407f-858e-3cd7e751f198,
b26de673-500c-4227-b530-e583d7884345,
6dfedb68-5e3d-4e81-a0c6-e22adbcc5934,
6a323e9a-8745-44b2-902c-9e567ddcecd8,
5ffda96c-2b26-442a-9849-b0154bdc7530,
3704d482-5252-4c9c-a783-82b5a0634e44,
2ba7f27b-29c6-41f2-830e-74f9c4e5f75a,
b6e531f9-91f1-4751-8dcf-c2223be7bdb7,
09340f2d-a7ab-460e-8062-4de6727eae86,
206f8753-92d0-4a3a-9288-9c1b65b4b6c7,
b36928a2-8754-4294-af67-ff2af3581e5b,
0368c772-28b3-4219-9311-2ed6e251b134,
4b65cfcb-cc4a-4d15-a9be-c645bef84d61,
196c8402-29d0-43dc-adf9-d1ee5af7c69b,
06393dd6-9d84-4604-8d8d-f1860b355c2c,
3eaf98fa-2501-469d-9be3-b747a4ba23e1,
77c0eaf7-a388-461e-9a0e-d006303be193,
e1cf744b-141c-4363-a6a7-04b55930123f,
387920ac-3291-46a2-9682-98c1eb4aa9e9,
5403eaeb-5471-4c96-b0a8-31a95fb405b7,
e8673afe-d43f-43ec-83ca-3a98e8dfa18d,
acfd914f-2b82-4cfa-a588-54488ee1b9a5,
9633b2db-bf0e-47a7-8e7d-bf9d202e2748,
fb953050-306b-4c6c-ab4e-3d1db1a7e6d6,
0e28f0ae-08f7-40d6-8c3e-55a30ff4af1e,
07524b9e-6c1c-4a72-90f7-777c325b7219,
ef0d0b6f-52c4-4988-9edb-c44e40751f1a,
c9206655-39cb-40e6-9b84-1eaa3f18abd5,
4e5eee0e-831f-48cd-9ddf-02a8a97cc88d,
df4f8253-5cd7-46c6-a0d4-751b4d4704a5,
dc44e8d9-43b8-4e05-8a88-72c67afe641b,
57c3df07-e35b-4eba-ae71-a47e91ec3ae4,
f24b4d0a-783f-489a-b19e-c2a9062010f0,
9e276fc8-b2b8-4940-bd55-44a60c5c4160,
131f64ee-5515-4c9a-b3fe-63abc6b963fb,
21e7c744-4555-4083-bdc9-9d645974a6a7,
a163b4e9-6d77-46b5-a6b2-56062c90e5db,
6d2c054c-afad-4f2a-825e-76e47e72a71f,
ed5a3385-3464-4ec2-a12e-c6afffb77a8b,
6e03e7d5-0c29-4ba1-bfb8-4e21700bcd0e,
4b3b1778-2894-424c-875a-22d8f8c9777d,
cea0e422-e579-4de4-ae34-bbe5e61ec42d,
a008a913-2d95-4563-b897-41233fc76221,
2264f9dc-a3d5-4840-a5a8-b298235c7318,
42f9393c-58ed-40a1-b802-d09e57c79baa,
e25123fd-ee0e-4506-8802-59fab6d69950,
37042df2-2c92-4765-b75f-fa7db2206cfe,
68555c96-a093-4f67-84ba-525eae5ce72b,
7b0958c0-ff52-4314-9d9d-98cadfe4a272,
dbad9135-b1ee-4100-8441-b008ac3bd0c0,
80d78b44-f95b-46ef-86ba-9b9f6510a082,
1fe52894-a058-4a60-a67d-1a0c4ed3f2d4,
d64d5770-fb95-47ed-a1d3-c59ed858d0ee,
54d35351-6234-40c0-a94a-1df96a0e098a,
70408be2-8e24-4b31-81f5-25c7c47e120a,
9c2d86fb-6c8f-4505-868b-c1524d8daea7,
73d01ba1-5b81-4738-907d-c2cd37cc2341,
28c87961-3032-4a60-bf0c-d4424b1b396e,
9a6ae183-7a1f-46ae-9eb1-e00325932abe,
f86624d3-3307-4216-be79-9dafdcb99c2f,
a75a5ba0-958e-45be-81a3-3de1f40696df,
ec138de2-1fdd-48e3-9059-da9840545745,
fe6533d4-d027-4024-ba99-d0849a535d40,
8244558b-d53d-49b4-ac1c-b5af1f7a5689,
936cad00-5763-4615-a895-e6bb601bddea,
da82f7fa-bb41-4ac7-8793-85e9b45986ac,
8100bde9-7bed-4a74-9d18-0d87418de6de,
b85af278-84e7-42ec-9146-a21f35e67709,
2c302ef2-684c-4b38-a9d2-08b5e6490877,
6fd68d06-34e9-4358-8370-b8b5f3002a35,
12c94b4c-af1b-4c46-9025-8c3d6b4c2159,
f972521d-b98c-4a3a-bd2e-56ce1cf73211,
2b0ac804-9ca8-4d15-bfcc-3dc3c7532487,
40c298bd-6f0b-48a2-b121-49cc7bec03fa,
024db2ef-91cd-4a7c-9425-af1110d0c9c9,
f7a5315b-140e-4bd1-951b-6762978cc212,
d2006d82-0502-422a-8acd-1a88cfb384a6,
70aab6ec-6696-4f6e-bd45-8fa999d6e0cb,
950903d6-dc81-4ce1-bb40-e08bff2c167b,
4552314f-6e30-4cb3-bd03-8af6ffb757a2,
d90b34b2-5464-47f8-b537-f805cdd9fa4f,
8fcb11cf-3e08-44c9-b08a-bab95661709a,
6d044276-39c5-44ac-823c-6ba17b65d4e2,
897d5aac-b596-4672-aca4-0b4f1ea3fa04,
e138366e-dbfa-47d9-a734-3984faea1747,
6886ebbf-17db-4d46-93d1-15007a8868cd,
d1896b23-11d4-48cb-a53f-d8fa59a2a30d,
3025a50b-3513-4740-b2d2-9dbe9a7467b1,
7f479582-56c4-4c39-b048-92b11f2be05e,
22cf5766-d903-43f2-b5ed-4783f50cd45c,
a19bac6b-f8b7-46f8-b315-5d9df9f55d43,
a26a79a1-c5d6-4d3c-8df4-6aeaeacddff8,
5d8a7e3a-f762-42be-a86a-2ab4b402f08b,
36845b8c-4c5a-460b-8949-a6aefcff2200,
a56cc94b-34ae-4696-921f-dbdd21a6100d,
69918efd-e5eb-4a3b-bdd0-eb297c0e5bda,
86e492f0-ffb2-41ae-9c4b-7fb4e0caef9b,
d07304ce-500c-4a4a-8e42-59322f0015c1,
0112da05-bd2f-4b47-832f-8349f7e4bea4,
336b10e3-581b-4ff1-93bf-f14c2eaaaeca,
fff30fcc-c4bf-4746-ac96-883a22d51b8a,
616fda54-ffcf-4e26-ae5a-d6788e0bacbf,
8fe46a2c-a409-4893-9d6f-4199a259c04a,
76447ec9-6027-489a-b51b-e38009702810,
291ff659-419d-4fa3-b8fd-a1711f3ada76,
a7a82b3a-2c48-4feb-9d9d-32a87a50e668,
5fc51fb2-f4a2-479d-9f16-4e691b009bdc,
7f389bc7-ef3f-4465-b74e-b38316d1faf9,
290625c9-264e-4170-9b86-1b685c8e8b39,
60545b70-78f0-4d0c-aba2-c9b05f311ca3,
44d67d85-fba9-472f-a437-c103c1b76ea3,
9c3ce05c-94a2-49a9-81a8-4704d611a941,
c9e69200-e553-4ab7-9b87-2e807884ffc3,
00a55a0d-3f2d-46fb-a89f-8244601a6921,
e1a5b37b-9c74-4cbb-8604-aa9d5a5d657f,
b335aa81-b869-4590-8c4f-6d5e48b448b2,
27d6ee9b-05ba-4213-879e-96200c5e8082,
b4e59fda-f96c-4f8a-9d0e-9c22d6b3cda8,
8134830b-b2e7-424b-a38e-672e1d670a87,
961626af-4cf5-4b4f-b92e-d45dc329f9e9,
7d0f51bf-5d98-4ff6-bc88-4aac08faae2c,
d05b40b2-f837-4e24-88f8-7d543e9bb968,
c4f86f2b-4c71-42a1-bae3-d1f09d70844e,
6d626b91-5def-4ce8-a77e-6b5405037cb4,
59e188c2-45d5-4770-bed0-f3bef366cd26,
775e26de-2b53-4407-bd58-0fbc49969042,
4153b9b4-517d-4234-8730-d6ab69a38a9e,
0d10b5f8-4da6-4055-8c48-94d194ce8128,
aec1cc15-2f6b-4a9e-8449-9db4628baf68,
9624ebeb-d4cb-4c76-b870-9a32d614da7f,
c2ca1838-66e0-4b47-91db-e7fe86d5dd86,
947b0fc5-0f0a-4c8b-86c7-d729f0632f20,
6dba2e2b-f1f8-4e84-b8d6-9db60057850d,
a692b1aa-578b-446e-82b2-caad9fc347d0,
0f4ddc27-0b3e-425c-937a-c97def4a7f94,
0b311b68-8950-4cf9-8f8e-5e8c46a31a22,
bc66844c-77ca-4669-856a-7f25e5e2e74d,
be115a11-f0a9-4241-b337-9b11871fd499,
30fd0804-0e01-40e5-bf04-9185a19a5ef3,
41b97b0b-0328-4291-8321-9ac76e424134,
3c11c211-7775-4f32-b5b0-e37ce6e2cc0b,
6d1e5ca7-c9db-4d7d-b5cd-aed7256099a1,
16f0674b-8d24-4969-8d7b-4b6ff1370bb7,
44116717-9368-4d99-9d16-f897594f7c58,
dd4615d4-0d57-435f-b7f1-aa2e2cef3957,
472117c7-f9b8-449c-9e08-e600b0d99550,
b9251447-16e5-412d-b03d-d2dc796ebdfb,
3ea0f5fb-9063-4343-9770-2baf4faaa86b,
cae89e66-2019-4afb-8210-eea5476c92b7,
676797f2-d95a-4bc4-94aa-88b9cd096e2a,
93b9fad1-aa6c-46c0-9fef-971acd973695,
03bc021d-2ff4-45b9-8ad8-1d7f3380e164,
34e5d310-59c3-4662-aa19-11194399b8cb,
8733b9ec-246b-4d8a-a208-316235e28a37,
ad0b3d3d-0afd-4353-95b4-8879942e2233,
a9cccc7b-d85b-4637-af04-42c34e8ed11c,
c75079ed-708d-4c10-8d4c-2acfccdf9d56,
e7805ef9-d065-4877-a2f2-431e689d4ab4,
0a73e018-80c6-402b-880a-efd6228abb49,
db548a25-26d0-4b15-a77d-ff8a9ec7e955,
21ed9a70-1470-4db3-aa35-9f645e2e3031,
856c53c8-ea91-4137-afaa-459d1ae3b7f7,
9399986f-c393-4132-ab5d-e9c8b4d4884c,
c330afc9-7f3c-4e96-9034-086da35bf799,
43fdfb11-1496-4d43-88f2-cab0c30f64d3,
24ac5c86-4db7-42be-af7f-6fa214be9593,
42aaa453-636f-4b0e-8f73-30c739fc09d2,
90931c58-b5ec-4003-99a8-c61202b99e23,
f4a07fc0-947b-4797-8709-b200fd402603,
d7187b4c-568e-43ba-933b-536e34df608a,
0684082c-4d92-4ac3-8a6c-5c01854ee492,
a897165f-176b-4e6f-b42c-4002adbb712d,
32713729-258d-422c-9dbb-ca0f4453da08,
6d80558e-2b82-40b7-96a8-7386fc83b213,
739bcb6e-842e-40ee-bbb8-9cf27005cebd,
27255f9f-f084-4740-bdbb-445165ebb7ff,
1227612a-d83f-4559-a616-dee9b27c1f06,
f7ab1ed7-d488-4667-8d8b-ca5b0696a01f,
3d0fae0a-ea98-4c83-bbdb-92c7d468e033,
05d1ae35-b795-4882-9353-3f13fc8404d4,
0073d9e3-830e-45e0-b91f-fe9e4a1b3fa4,
97f17a65-b86d-4d78-aefe-3aab2db09959,
ca316394-52b8-4b4f-b002-a4748149a078,
f98bf600-05b7-42b0-80ad-ecf5eda780d0,
5c1a8f30-184a-4075-a92e-63c4edba53bf,
754eed9c-6a50-47fe-bd09-bb514c619ebd,
15d6dac8-e009-43cf-9641-257ea2353aa3,
292b6b69-5b60-43cb-83c5-ef0e60234ff2,
91e32225-b734-4cf3-8e70-e0ab9ea27138,
9bfd71ca-3f12-4e0a-b895-bb5a9d62ad02,
192a2e03-1518-4cfd-abc1-e8d8ad55d5f0,
97d6c200-8b10-454c-bb72-b10b043c63bd,
0486f39c-89ca-4f99-aa80-0f2811b0f951,
03e1ffb0-f9cd-402c-bc17-d3b062a79ac1,
632776f0-6b90-4dff-ae69-45216890715f,
c4ec7801-ad7d-4371-a28c-dd7e0ce0d479,
e4e9e128-0ade-43f9-bd0a-aad7f0eebca4,
be4465a1-b645-49e9-b34f-78293905fb07,
c2aefc9d-b3aa-4b91-8642-3d8149e00898,
0a94985d-bf93-4b25-b3a8-ea5e7ab73152,
f0a100f6-3c44-45d1-9279-f69d7304f4a8,
bb1f55d9-d040-4d3e-b9a5-4c4a69ab5260,
ee98b32d-f065-4926-8b19-35113965fab0,
a7ddd03a-9424-4190-9ada-eb20e0c7cf87,
d5cdf73e-fea9-40d1-803e-bc9ebfe07992,
79b514c9-8dd4-448c-82de-bfef7c3b453f,
146bb2f9-1e8c-4a14-9ed5-bdbf88c49d6b,
186a59c6-7077-4995-bfa5-7559ecaaf764,
6fe4fc76-a3a5-4693-b6a3-f8e6433ff62c,
062ebb8c-4840-4206-9787-0f43faf79f57,
7956cd64-8647-4563-b130-6872eaaba8a1,
c2466530-49c2-4705-98d6-b823fbbda5ef,
7c99c36d-d32b-4ad5-91a9-1c7250e23088,
2dae0e93-2888-42a1-9e42-8e7f183875a6,
bad946fb-ac53-458e-b877-367833b5b059,
72cc7fd4-667c-4293-abf0-af3e6d81a3a2,
be83224b-b2a4-47d7-a57c-a0eea0c05a13,
eb1ae4e4-58a3-46c0-9794-caa45e5eda4f,
1162d85f-c3aa-4f90-adde-6adf0389776e,
78ccee5a-f73d-4b92-ab6b-64361865e4b7,
ea1c938f-7f4c-40b5-9de9-f63bcf830fce,
02011602-6edd-4173-aafc-a959da70af1f,
9e8b4e0a-f1bb-4d58-b000-32e9b9431822,
21b931ab-ccb7-45d7-adfe-47cbc5f7fdbe,
24bfbc3c-9569-4dc2-a4b8-649e17e1d2b9,
ab53ce89-5d39-403c-b1b0-f05b7ad7e67c,
38916e6c-a7a0-4b52-8e64-58b503159ab8,
ac2da92c-918e-4271-9f05-e0cd3735410a,
280bd7bb-6c19-4c80-87bb-0968fa04ad5f,
c1c9be7d-7a80-4f5e-b20b-aa578dc10bec,
a2dca7b5-751f-4669-b390-c500ee7c7feb,
d1a6e943-ac97-458d-8b9f-5fa069170bfe,
9ecb1d66-8ea9-4647-bd70-f42ae250ed49,
f33f05b7-a164-4390-9f70-727fe3442689,
0211b4c1-ac9d-4be6-b382-a668a2fc3242,
a402d2ef-ae12-46d5-81af-332484f37068,
a73923d5-47ac-4c98-bb45-fa490f98785e,
ca78cc25-f258-461b-b9a3-be3f03393057,
fa99bab0-1ada-4b9c-a7e9-cfd0d546a22c,
de84331b-b012-4c2d-a551-2306e5cd93e9,
01ab6560-5021-4837-bffd-6e3f198bf768,
9d00cf00-b902-4256-8f51-e8eddd1ca229,
e407e176-4f24-409f-b6be-bcbea19cdbe8,
bdb04972-8a8b-4c52-95c3-993edb4c44af,
ff966d75-9304-40a4-8dbe-9dc2c784fefb,
161a82d3-a671-4863-b04b-36c99683c2ef,
cbb66772-a975-4874-9ee2-68173115a851,
4f125ddb-61b9-48e7-9cd2-06f61edaea47,
5f35cd28-9c25-4b1d-a987-27dd7f0f47a0,
84cbd8ab-e055-40d7-bc55-1dfbcb1d3ad9,
69ce55b4-3d44-4892-9fdd-f2c995548882,
44a1a900-3404-4f78-89a0-23d2fc78adb6,
de8e54a3-1c90-4db3-a94f-0b69cb0e1a88,
025eb5c6-81e6-4c4a-a854-a8c22d60fc99,
8f8c1588-cb24-49b2-9c66-c6b5a44b0a7f,
e8e6ce0c-2ded-45fc-9b11-579a07658d4b,
cd6dbd7e-6dc7-4c3f-aa6a-fb530e1ce6d6,
2cfd36ce-7499-4b83-b314-936514d02ce1,
8aa57fe8-c4e3-4ac0-b548-0aa7a56f3326,
33be8f53-e15d-4d22-b074-508c745f3cfd,
2a4703e0-2d37-46bf-8866-4ffe9b33eed4,
b0fd8e7e-8420-497c-8382-b3e2b02e836c,
36115e39-524c-43ba-a4c8-d58f1a4d5786,
ce617861-62bc-4003-88ac-d342add9f936,
f68a6fa4-2747-4fed-a41e-7020b85e86e5,
a24be4d5-3f33-40f2-9141-5b763b5144ea,
367ed66b-3031-41a6-9edf-5c6b0902f077,
92405791-8ef2-4946-8a6b-e6e0dbc762af,
647f296e-9c33-4b17-bb05-139ce83b3d25,
dff51bb4-e187-4d32-a947-cd28a5f9f724,
8f8b3f86-b3e1-4f6e-91dd-6eaedcd05f30,
f7f73bec-be7c-47d9-81db-9db28e83fc4f,
57a5c0e4-4e86-4e85-8b9c-e559b0725df5,
17cc2fb8-bb4f-4652-a7db-082d49d86621,
c13e5eb9-984d-44bf-95a8-8aed3c67322b,
87f940d7-9a29-46ec-8b08-0cf188cf1981,
b090eb12-3e2a-4946-9744-0ace8a3f474b,
db865478-eadd-4c8e-9067-3f5202184773,
73239442-cd08-4289-b79f-bbf3b2de3b1a,
467a351a-4f1b-43c5-92c1-5b25eb4490bb,
8dbb1ae2-710a-4267-a6a3-44bd4afed6a9,
8684237b-6e20-4dba-b5eb-5c0e5b93b3b4,
eb8675f7-c051-4a54-b08b-62099520c45a,
231d8139-f494-4faf-9755-f6c55fb55173,
fe61c6f9-2b67-4993-9e78-fbb3ac88b143,
2c5b3bc3-b74c-42df-b617-57ffb3ffdc16,
3659cc71-57f0-4719-876e-7a6da78f82bc,
88a1e9f5-3ace-408f-a83d-803621a1c734,
2ae6a5ad-e5d0-474b-9dc2-53beebace137,
900947b3-9953-49c6-a5fa-52c9c22009dd,
1bb7da4a-8ff4-41c4-8e96-6eadfea68afa,
018679d8-162e-41e2-8987-4d1343ded976,
267d96d3-4916-43ce-9594-67120c62f40e,
d5b0bb47-07fd-46ee-9ea2-a94f8fd7a4ab,
3c5f2dbc-cf4a-4a5d-83ab-4b402ebc1264,
0926555c-3faf-4e07-849a-8c1ff0d13ae4,
ab814a74-a360-4854-b89e-72012baa357d,
71412436-ab9f-4171-90bc-d7fc180b2821,
4bafd62d-5032-48c8-8ac6-e8e87df0c567,
c08c3282-ff9d-4a77-b523-6688f4758860,
06426a48-ae23-4cde-bafc-5120243f9caf,
a9c66d1e-6f9c-40c1-8ccb-6873fef88178,
58745335-674d-4954-a7d3-92cecd06358a,
84cc1c4f-6d03-4db2-b119-3dce24295b15,
df60f523-bd71-4f60-8771-59ec97e9b8b4,
4d8bf2b0-98eb-447c-a21b-715dd7ee639b,
3b53cc95-2ac3-4ef3-a3a4-14a5f15489c7,
2352e085-f2fe-4af4-b664-1af6653f97fd,
790ef399-e487-4d03-86c9-1883d6deb9b0,
eafe886b-b63d-4da9-8886-9b4815d68b16,
68febdbc-d911-4e61-8d8a-4d5861077034,
bf8d2a03-0b9c-4659-8d43-af0d391e526e,
6855e7f3-e87c-4839-b9dc-92466d450f2d,
e0433e43-329f-47c3-8f83-2786f9213156,
c4e03357-94f5-4088-8003-b1e25d0152ef,
71c2bef0-513c-4e55-a734-c7d65eda5246,
c6b7753f-cc02-470e-a8a0-ba59dc174dd2,
312b8a88-754c-4539-9caa-6419842cab4d,
e4fc42b0-92e9-4bbe-87b1-7ca3aea73100,
568b1532-26c7-4373-80ee-659fff1082bf,
08898b8b-f248-4fd0-8d82-6a390a70c985,
705d2819-889b-4f07-a438-e7913984ace5,
da807387-5017-499d-9197-0761dfde942b,
c6246e8d-e2cb-4ee4-9ca5-5f7aaf34e040,
20fd23c4-9491-4ccb-bd87-6bd646df8da2,
b1bd9bd6-4949-4d8d-9a9c-c964ca7ab9b0,
532b1302-71f8-41c4-971e-5aed55cd4800,
e0aaf97b-cc44-482a-8ddd-89bf6fb80113,
27840ce0-2dde-484f-9f13-60c07aea7bdc,
38f05a76-2cc6-48b9-822a-d67c332891bd,
a673ce3f-d49d-401b-b8b4-5dff898231b4,
ebd8ef31-039a-4017-a69a-3a8e01b7dae2,
ee76e489-1df1-4ac5-9ff7-ac2f4ca9e460,
76168880-a0e0-4233-a270-821ede8bd721,
de2a7de7-0201-426c-bcf9-54aada87a44b,
19265ba5-3767-41f7-ad42-b889bf5491cc,
7531d3b9-10bb-4564-994e-2c704bd9ee7f,
68bdaa43-efa3-4ae5-b8a7-616a6ddd8d4d,
ebfbd610-056b-4b3a-b6b8-20d752306a0a,
a72726a4-3469-462a-8fd9-a120bd6c0ee5,
c2d2c22e-d34a-4f82-a1ec-0091d4a3c5c5,
d22b7898-9f4c-4665-8d32-0810c40c2e36,
46f76731-0835-438f-ace4-d63c3d1ca163,
4fecf717-df90-4edf-bffc-360549244ff3,
71871c1e-dc76-43b8-b7d3-f9bdff954fa9,
9301a38b-e3f7-43d0-ada3-71b2f34eabd1,
06c81650-4345-420c-ba60-10a62f80bbe3,
ff81c16c-6891-4b0e-bed6-90f0ea14ee57,
ff652c3f-d9a0-440b-872f-35fbf18a2303,
79242573-c5fd-45c4-bfb7-e49738adb279,
ab00a125-42ed-4da9-84b4-2d633b47158a,
42b34653-8871-48a6-b6ab-bb4b4d125356,
c82a8420-c62e-4f6f-9100-766ee1edc4cd,
59387251-c465-479e-a43a-bc21668305ca,
2289688f-040c-4215-bafd-31c10c758f5d,
00deaf1e-0ce6-4462-ae46-9d7b0173817b,
594b3d25-fffb-41b6-9ef3-e1193e6f8bfa,
88cfb4f5-3ab7-4f4d-83a9-1ed200c8b4ab,
99f6dcdf-2736-4cfb-949d-ee51e246c0b6,
3efedb1a-0e4b-414f-97a4-610cf19a3248,
e4ac5dae-d8b1-4bac-becd-d845690289dd,
6b96b046-6843-48e6-8576-a2a5d770d779,
91f08d09-4626-4cfe-a0de-5d9e1e4d50d4,
d000c28f-3181-4c65-969c-82244dbbdd7c,
67ca7e77-ffde-455c-941d-ddc26f28baf7,
2a01dceb-be41-406c-8cd7-4669734523a8,
42f46ed6-07fd-4210-838a-99e3837096cf,
5b14aebd-db76-4ad7-9c8c-74472502cd48,
12d3cc2e-6129-4a1b-b3c9-a73905b52a6f,
76f2bdc2-88db-40fa-b83c-dda5eebab815,
f19fa27c-acf8-4b10-b831-a4d8aa0e0681,
8711337b-861f-4869-80c7-68d5c1d8ef6f,
2c664a17-78d6-4094-b4ee-b5b6daa82d01,
42ca790b-596a-481f-b3cc-ad65bc907d08,
512fdd1f-3d25-483c-9a54-06268068b2c4,
540224e4-e410-457e-ac9e-09f826512e91,
cd3f7911-411a-4cb4-beb3-1d45a1f6e11d,
42622b3e-b4f2-404f-af67-7eba042937a1,
9637bb72-27bc-4f4e-a3c2-97c29fa7abc7,
5b791842-384d-49b2-a52d-0ed820341367,
2e860292-9065-4e46-82d0-e7d5c3c7146a,
88fd9028-f153-4153-b582-18eabe81c4b8,
4b3f225f-9e3f-45d7-ac35-7f337cb6bb96,
e2730e4a-cfe1-402b-8465-85726bbdb3e1,
ff7edb34-11b2-41c5-9c8d-5bb3516062da,
5c7d3b4b-f34f-4c9f-99f3-8e49b3b3edc2,
7354776f-66f5-415e-8bcd-3ea37d90da99,
42e891fc-9507-4a76-935e-1e4a651252f5,
1ef70ee9-1e70-430a-9001-6e393723089a,
8e02dfa4-08e1-4b85-acf9-e35b6c17ade1,
befef766-f351-498b-a032-5f73c613dfcb,
1570993b-0cd1-4e98-bf90-df2cae8b1b0f,
18773691-4fb8-4492-9d64-25b8fbeda951,
926e3edb-60c1-46a3-aca9-464ef99b71ac,
0e109817-9bea-4319-90a3-6f423ea88819,
8c7eb297-9e0b-4313-911e-21b52eb96abe,
3081c960-ee9d-4b73-b290-414259ae514e,
9c3d1faa-475a-4a80-961d-6f1b150c9c40,
20470e74-2113-43ee-b3e9-2f7912dbe866,
c6b15693-15e4-4757-84fc-394278a59296,
027fca15-90e0-4e5c-abf3-3e76ce12700b,
3a617235-7f4c-4f38-b122-1599fc326254,
a4dbead4-506b-4828-83c1-b38065247353,
7bb9445f-7577-43f4-9cdc-ce021d3f3256,c05aaf44-3cee-25ab-ad26-5b4806f9d09c
1fa76164-60d9-4a8b-a10e-3c0113523ea2,970a7fb0-29af-5724-6c25-e3af20092d88
b4ffdd8b-eb3a-4811-974d-1348fc35c39d,f10d2e05-e0e3-82cd-ea0a-45c26131ab58
eb3fa029-601b-4d00-8fde-4e31f7b79d37,2333df33-f342-8164-dfb1-fa3f2b934e93
b767ca10-caec-4fd7-8612-428318c3888a,9841da30-62d3-2ac2-a5ac-fba7fae83c8a
7acdd597-02f8-4013-acc3-d492e405e0d5,7b6d4387-11e2-d108-67db-72451e4716d6
7399d385-b2e4-43b4-a0dc-4e2329deb645,e5d08b32-6a49-cf4a-1b95-9e4439b97f78
5faf8e96-7f88-40a2-ab13-6e787c898f6f,b8e8c3bd-e80b-bba8-6744-259372259c01
5c3eaebb-5423-4a75-8664-8e68a95e891d,87f9a2f6-dc80-097e-75ea-7a86934a3dfc
d4067df4-8078-4ff1-8e7d-a8673198c544,6262184c-2c23-f1e0-7fcf-63f24b881a8e
1acc16ab-0709-4f6a-9fe2-20547b911fbf,68c1bf5d-0aa3-109c-6858-f27027120b90
db535520-6329-4277-a5a8-11bbd652b8f8,3db4d743-c59d-a588-9d3f-3fba0cef3728
38e8b9e9-bfba-40f5-948e-33f2d8720da1,ff2f9bc9-7ce4-19c0-c12b-1022ad9025f9
2be781a3-1b37-4d2c-93dc-dc1e0cd39e00,b8040e8a-8657-5670-0d7b-d732beb04953
95b85c30-7e17-4f21-aa13-59b0dab700ef,3bcb2af2-d5e5-a46e-63b9-5e741ecff0bd
77488aa5-0a67-4ab2-9bec-679e48bd86d3,d159ae2e-6429-ded8-8a25-98521e9522d6
deab9261-0612-4c95-b05d-af147a05f36a,69257496-415d-ec73-7182-f8e7d3cceda0
fb1c3805-f773-4532-9e01-31119b804f4f,763f3dd3-c2b8-11f4-6b70-a70e7d2090a6
13dceec8-a5ef-491b-8868-581d7c8d1c2e,1f5344a4-0dda-0ba2-1541-8af1edde63d9
e82b269d-a7b0-471e-9fb4-cca6a06c4fa1,c864918e-021c-80f9-cfd5-449a6b369371
1ca4f68a-f1b0-4c50-8f89-381b5b235afd,4d7b8b46-817c-45bd-b649-2d4d22517c51
a5337429-a8de-481a-b8a4-793b251d9317,e3463208-b18d-558a-7641-609263b61553
1004a7a7-0e9b-4c13-8e91-8e0a5eca58a9,1e3f8845-79a2-65fb-86d5-cc8c2600eb7c
77a7861c-6da3-4903-90dc-fb44f314ff63,7e447a4a-e754-49e1-a763-1d100fe2a9ad
d44c7c73-80e9-4bd9-84a5-3b70d5ea9f3e,af6dceb3-9f79-c06d-80fd-79807316831c
d7f3b0e0-3adf-4d63-8c59-4fd2fc4f4ba0,abb691d8-7e0c-0d1a-7ac6-4fc2577373e0
4e7e0ab2-18d7-4652-a89e-bc4637b19599,f455e4bf-035d-08ba-8aa5-427e1029c6da
265b0652-0b2a-4070-86c2-71409d98c675,1185bbc9-8f97-5204-5d69-2b16e077896e
f7607e13-658e-43a8-831f-c66794e2dd29,e263a342-7593-18b4-141d-9e6f6d1a544a
786b9b64-28ce-4084-b532-863454ca632e,117dfd92-21fc-3a4f-2ae9-eb8f7604bf46
d7215d61-ec94-412e-be2e-10cde6404554,acc4b2a4-e37a-6674-61f4-4c536318ac35
c9d1e2ac-8aa5-4395-8161-e1264567c2cd,dae11e85-854d-08ff-d5fc-07207d164936
33c11341-e2d6-4df9-af4c-26d5d91eddd6,f36bdd85-6506-2945-ef95-432035049c32
4c7b7f2b-bebd-4d18-90b3-22e7d64d02f2,e20af913-79f7-533f-a15c-3963e69361ef
357054d7-ff22-466d-a5b7-5bbe4ab4890b,2dd30cb3-8acd-a42f-f8b1-73e92b1dfc15
9065e97c-80de-42b9-b6f2-16c8478bcd3d,c54e6a73-5094-fbfa-bfe8-17f22e15ccaf
20256b8e-49c1-4a75-9cb4-b389e05860f3,6256815d-1c2f-7c1b-1133-1f5a1b4855b6
ff122052-ced6-4103-b99e-5f526b90c073,d6b1a00a-037d-fdff-bcb5-ace23fb473ad
1f1ff1e1-366f-49e6-a94d-70202bb2c7d7,5b179941-ace3-bd3a-44e0-bdc0febeadd9
a8ee36e3-01bb-423c-845c-2d30bd5c805b,f515caf3-fc0b-6ea9-d7ca-144f10ca426e
e333a11c-5227-4cbf-b12b-b061094912e6,e31295cc-7b6e-ab9c-b691-9f4306cc7ddb
58dbc251-0889-477b-8c9a-2e23ac7863ed,b86ca65e-f308-1856-401c-a2c69cc01217
ae21b9e0-2731-4729-9859-9c1a50626ffc,7b16e4b6-d528-8518-b00e-75319f362a83
00783a00-3271-49e1-bc77-8c40141df2fe,70ec5018-56f4-1a7b-06e0-3baba7a3f7e2
b63d23ce-3eba-4493-8886-17b71d9e7d38,06323392-5d15-6791-d339-267e9af8bd56
53366b37-23a1-470d-b36d-fc6d11d79b86,123fc655-540e-6dae-6c86-d37af28f116a
e72e25d5-ce07-40a1-83b6-a74df26550e8,2727fd2d-28c8-9f92-ea6f-e7635404ee5f
244cb259-a4de-424c-add2-3aea47bc8935,9a8687ec-f35b-9a0a-c19c-f4411c8ffc15
737ec17b-6828-455a-9192-ce760b12064c,a0a1e7bf-b2c4-a8e7-6370-e63aeef4c6c6
fb779ffa-a24c-4567-9b35-8562e80fd983,5c5e9276-f44d-423e-eb06-2d4282875998
65f30701-2c26-45f3-8657-ff92ae562407,4fadeac8-3f91-d028-6975-2bcb5e5d634c
12fbaf1c-8f57-479e-b6f2-f08a54a90b92,f196b92d-969f-476b-4a67-1542a3e9fdc2
30be7e4b-819e-4055-9880-0e0bf2a7e322,0257ad28-2b83-f746-4269-fa870a3a3218
beda3e3f-fac4-4a41-8f93-de107cf4cbe2,14ccc685-917b-4d1d-bfdd-0cfd8dbbb64e
7bc7b867-7829-48f0-acfa-bee0a9885ed6,a5aacf86-4244-879e-cfdb-b718d13fcee8
9a3b8271-be4a-479f-8bb5-10a65d0269d5,124b048b-20a4-ec59-bb9d-558d0f6254d3
be36590c-1516-4cd0-a70e-15ee9f950d9b,d35214dd-da3a-3ff9-424f-180b2b50d872
84fde411-ae7a-49bb-abbd-c036251c6134,a7dd7829-6935-04b6-6015-a941d9872748
37173829-9996-46f6-b504-63800a798963,161c85ef-7e97-8f66-8d09-795ee4aeebc3
4ac2c2b2-bafc-459d-adb2-abc267b09ec9,2e6373cd-e91a-da78-db6b-6b72a83cf075
4fb7217d-abaa-4da0-894b-d344db7831d5,76677f78-1c6f-92a7-eb12-7c9e98e90483
088abb06-d50e-4ada-a450-8cb1dbf552ea,3fe60852-f10c-b227-5922-39df630bc631
bb667bc0-58e7-4a50-bc9c-c903be194b1c,75383629-a8b5-b8d5-2752-0561b49eaaba
ec1f037b-27f2-462d-b08d-5eeba707a19e,219bbc29-7f31-3637-4667-8e155895b7e2
5ee49463-cb43-43a0-847d-3776898d96ec,f7c24bce-605e-af34-4b9f-9d5f18d46055
cecbb3af-52d2-477b-898c-c72d9b7428e0,601452fe-496a-92a6-2c85-e3b162ead789
79788f3f-c1e6-4f53-89fb-dfc66a4163e7,0899bd13-f505-a7aa-d590-06317c9df331
c66ab22d-1a8e-4230-9550-e38760360d12,f3591ab2-29b2-f56a-9161-bb2050c3f89f
8f4c2a18-4464-458e-841c-2460a99cb907,29c5c91f-c175-8db5-5a3f-d57bbd469103
dbddc5be-e615-44ee-99f5-e063f10e7edb,0fd6c5bd-ca19-f9e6-1855-d14a0ef8dc9c
6ad39156-1d66-48c5-a943-8f4a233af6e6,4e627e84-3460-43aa-7080-f8a95344a5e1
692c664a-f8f1-435a-99ce-e03198f9367a,bf9e6d20-4385-ba55-ed23-8f5522bc34ad
45a7e759-5130-43ff-b6df-6f8f5c51d047,dbf36175-56e6-85d0-3487-438d12a6888e
85c96558-7056-4bf2-8bd3-0ccd897c6c1f,c0a27c71-8357-8e42-2807-1741b5e83940
d5a54ff4-df54-49ad-bad2-d28903f38c67,91a8c709-f8e5-e358-3784-04e1d60a5b4f
ebf803ce-a2d6-4ec0-97b0-9d0dc6f01026,6acfcf5b-0f09-b2d7-d9be-469ad646e9b3
c4d6765e-73d4-4092-acae-43c4c9305345,0f93034a-aca7-5cab-584b-ff7cd99df5c8
bec6a5d8-0a34-4128-b12c-356d1212d76a,52cf8dbb-555a-5bfd-2896-45ece3d3dc78
d4fc43e8-368b-4467-af47-9c35d9591680,baac723c-62dd-af92-2871-0026a61ddb01
aea1eb2e-a35b-4a45-9f9c-1df73e3916c1,1c5a8885-dbc0-f410-8fc6-1d9d805269e5
ff6d512c-0892-4572-97a1-80cb45ce1abe,5fd23dda-c189-7666-91a4-271031ed0931
7958bae1-5bf8-4318-a794-58fd4a0339fb,a05498f7-22e0-8e7c-3ecc-bafe2dcfd1ff
9f4d32e2-06f9-4ea5-8e53-e845b71d7bcd,ce4e53ee-9251-f6f6-7efb-41e88af52732
26ade3d9-01e5-4571-943d-0b90a958d66c,2f42e429-4ab8-67d3-e2f5-2851899f7de2
0372bd93-0d08-47f3-91e2-62b632e5d53b,e7ef4946-5d27-9b8b-5836-c4dfb0a85581
e2fd81e5-bfd1-46d9-8487-771cc36e1543,f8f8be39-6a02-8c10-8ec6-cbbc3e780f0d
3791e2e4-536e-46a8-a49f-34a9893b7d18,040b8296-8828-3fc8-65e0-21fa14d4c5f2
d0186ccf-65ec-4da9-85d0-713d72eeb888,3665811a-f04b-da43-f827-c778fd0186a1
34c2304c-7436-4e2b-8af1-ef4e959bcc6d,27c16a10-c610-4e45-51cb-6a7625f4809b
447704d7-6db4-41ad-b06a-67d1c05bdaa6,bc778990-f2fb-d744-5719-2032c82736ce
d537118c-c3b4-470b-8e41-de851db897b5,3a7d04a8-2842-00db-fb12-b54fa6eb1bcb
c65f4268-9e1f-40fd-814f-a3399d5219ca,5bc9e1ca-8d13-1f2b-8acf-dde7f81d9f18
2d00ffbe-62f8-47ca-82b0-97de63548886,5428430d-e42a-6704-278b-2cb6f75dc138
ffc59557-731a-4f3a-bc4c-6065dda0f0b3,3b61a4ff-a4e3-2ac5-9c6a-b348623b9719
9924b66a-a302-4d59-a1a5-9bc4eef5d43b,ba021988-73e6-4b5d-00b5-7edb4e505351
3c68f2a7-063b-4585-9411-ff8946cb6645,6916ed1b-994a-f920-c38d-68d5306a028e
5f05a0a4-7c63-4d66-b0f5-357f8c2cce89,e9a04e4f-a73b-ccc3-8c55-a9f9763f600b
0721f365-b0a1-4f7f-9e13-517d2352488c,72b36181-0e12-830d-db1a-b68a174dd556
b210fd0a-19ab-4d6d-bb48-ca6cf837c43f,a7e5361d-7d57-c04b-a3e1-ff4dc799b74d
3a14c474-879a-4dd1-a2de-38fc4234b591,792cfb2f-241b-9727-e770-fe989de0604d
86fcdb6a-6d94-4507-8a77-971d681268a7,8be7f909-c9b0-ed88-7387-811ab48163a2
efd42989-d657-49c2-a69b-5681417d2981,0de0041e-0be2-9921-9756-aea28fb2ff0c
5529d638-8035-456c-b086-14bb5f87dadc,f645f6fb-4c01-cd60-989f-b4fb44d40e3c
0229810f-7ee0-49b5-9aca-f7d9b16c4d1c,ead4561d-1477-9aad-71e8-74343b572a08
f1bbd4e7-15c5-4a58-9b27-0179fb726882,c3b3e078-7312-c528-b3d0-6c44fa764d95
0ebf526a-35fc-4b3b-a636-4b569153740c,a8b9f00c-9b43-1a1a-26b9-ddf999e3260e
a09c7e5c-a487-4d86-95d0-232ee6b754b5,4966acf5-9d1b-78a7-7cc8-7de0c2042fce
61293b8e-0a55-4ed0-bebc-5b9e9b1e2f5e,8e6a8c56-8f88-6e92-4458-9635d21f7d01
54e3f85f-290e-473b-b0cb-f548060fb940,134869bb-6f67-9259-aebf-293651efb0d6
fd238270-2386-4fc2-89e6-9d7a4abdf361,48471d4c-60f0-fdc7-bcf8-e13abd43604e
366df026-0a34-4608-ad25-266d8458de84,42ed4d13-325d-1ea6-8d3e-77bb53cc403e
50c268a5-8ffa-4556-8ff6-5f39f6034644,78e89bd4-5739-47bf-9da1-edb90d8a5812
88c5fa69-564d-4549-a209-ec95b21219f7,b20b4bef-62f3-7bab-4f64-58558390e0cf
9d2f5f6b-4c4d-43ca-9d77-5377957a7c81,b2b3f519-a0bc-64d5-f526-6547ec29e8df
112c4ede-4139-4569-9dd9-6e6f646fcf5b,38b7c8fd-f720-fcff-c0db-5c7c86c66718
4f941352-f592-4ac3-8283-7f7554801afa,965490f4-3602-4d03-7584-832a0451c21d
7f628e04-f1bc-4a46-8732-3187bc7ae2ea,14029bf6-7fa4-dd2d-c428-4cf70ea5bdd8
029afd38-02d8-46c4-9791-4c1abb1ce2a7,72c9e090-8727-7c9e-6c69-9b3bc596f4cd
2ecb862c-616e-473c-af5c-2164280be880,13bc644d-ed27-33ea-d48e-7c4042fa73ac
09a016b2-f439-4e23-8f9a-434db15e6831,da5e40dc-e42f-5a79-6ec1-b1e749ec91e1
162faf7f-586e-45dc-b0c8-cd748335036f,0de76a44-2101-4756-ee67-2e66690227f5
3516759c-5210-40b4-9571-69de44969357,3411a373-b23e-78a4-9e54-3bdc64b4fc82
2530c7ed-eee2-49d4-a032-39a14b3662e7,ae70c76d-8619-5192-33a1-a18431fd3e81
7afc483d-99c4-4eb3-be97-cef6b49d3bb7,67c0b982-ba16-e727-a2a6-26c21089fbe6
ee6f7c92-85b6-4b41-8fb9-8d0de44a9666,36cbfa28-e23d-06a7-0cb5-af225f982b3e
cbfc0a8d-4291-4a7b-94eb-8868635ea890,8d91ea40-5643-b93c-294b-52ce69586329
8d30f17d-5045-4522-b6a1-9dc1c30c1aed,2e99fb23-95cc-02ff-48b5-c425e7df6b5c
5bacd43f-a8a9-4be8-b54b-f03a33433e52,a1c4c204-e854-f14b-4d22-e93025a6b9fa
8c1880a8-b0e6-43c6-9d63-21ab5d9949d6,0a863f4c-16de-0385-40a6-1b33cdd48334
954c36ba-f7ee-492d-bcf5-8412c22cd6d9,2a3b5e03-1823-c526-38dd-6556e98c0ce3
bd0ff51c-c3f7-41d0-8737-f46db6afe5e6,4c73fb7a-ab81-ab9c-bc4c-484129aed9c2
cac78502-80a4-4c1c-96ad-c2abd0089001,13d1fbc0-544f-9e12-5dd5-dad2b618145e
f4a61b20-8bd1-42a5-941d-652582749ae2,6d2586a6-14d1-d3cd-4580-6bf389ecf123
3234076f-a2e6-4a71-85e2-503c6a5e4244,8bac0bcf-a725-f3c4-35ae-d27665fead1a
29799dcf-629f-4fe3-8927-a75ee05e1e63,8ac7aade-8428-2219-9b55-47007a51c327
3fd4c2b3-466f-47b5-a24c-16fa271dfbab,6cf269dc-1182-d77a-883f-8d5f2bdc1c5e
fc03e1e0-6853-46e0-a810-e97c686e79a1,d3048f79-1cbb-54f6-c1f5-d7026f0ffd51
dc8f75be-823b-48b0-bf3e-196af4a1a6c0,c1f8c9f0-c175-2d5e-02f6-e8fda406b774
87568c20-762c-4434-99f9-9bdfda8a2304,edde6b6a-ca7a-c8df-7dca-dc3d6991e613
6dc10684-156b-4244-882b-88be36cee5d1,165a351f-a27b-a2e0-58ec-eccb293c2298
fe353175-7691-4cf4-86a9-52c1ae21698d,72567f80-5bc2-d3fa-1012-8435b22c0ee8
bb218074-4d1d-4e3e-b21f-74a724e18b8a,40926113-0398-26fc-68f6-a03580e7f05f
eb0474a8-5eb4-47a3-a683-f3a63e19d29b,a5b2641e-bd2b-33a5-9920-a9842b3547cb
82044470-0b7a-4854-9251-9700e5e74f77,0d917368-9552-aa4f-8b83-00735deab374
7d23e21e-df58-44e7-abc7-33f431df0697,d88c03f9-1a25-f534-b72f-5c1964aa17ac
d7779fa8-b2b6-49f5-a2b1-38c2faa2e933,0dc5dc2b-d727-3b74-e564-902b13ce952d
46b01edd-ddc7-43f1-b904-101b66a50ad0,06dc899d-2581-7ace-bb79-b65cc2c413e3
7677c1f3-6be7-455d-b487-d7dc2bfa5d3b,c4387254-6280-8ed0-7f72-8b4a2961fd5e
ba33d614-9181-4ca8-a68b-5e314cacff72,25cb095b-a247-c803-b426-16d9c9927728
db178682-bd64-4f8c-a2c6-116920f14ca3,95d7281e-c4a0-0747-3a8d-9d40c7b50fe5
ad395544-5f6a-42b9-a009-cf9de6c6c958,948968d4-6659-8a84-aaa0-5137d200286e
db1db2c1-5456-4ae7-84d9-7d98093755eb,9c5e2dc2-0b57-05c4-7064-3e83a6956223
4931b3bd-40e6-466f-ae6f-5e3c56449480,1d53b2eb-3356-ff75-ba2a-ea8efcfd2adf
19204b49-858d-4e41-8bd8-33113c5d8745,65dc872e-aa03-bf9f-984a-9c8da9356cc7
ba3dc741-2b62-4792-a2d3-fb7bed60c96a,6fef7dc7-4e60-8017-d05c-3bc97be18a44
c79cc977-9138-4770-9ecc-9f933c9cf6ff,8e322983-207a-3c12-c692-2d6b3a19f4e1
7f6bf3ed-18f2-4eb5-a376-64f7905c535e,06ff18ca-92af-fd3f-e0a4-24be3cb84ae5
6c0fc851-59fc-4fc4-a67c-4a75fea74eee,a72121b2-e981-6c08-e0fb-0f94565b8529
66242de7-fe97-4f30-9041-2069e541ccb9,38580329-7417-2f6d-80c6-d4d9323daac9
b92f8968-ab6d-4eb1-8eef-dea7b88cd820,79e8c68d-8ba8-815c-ab67-8a8c54b2629a
ac267d0d-68c0-49f5-b1fd-4e547967c273,2397d767-34d4-c601-d3c6-1b892f700fa0
69200efc-587c-5714-40eb-3a9a7c8f70d4,
7eb20bfa-8d5b-45f1-a339-8ad1d4e051be,b2265e4e-cd7a-b73f-9d4d-d04b6459c60c
d2d30df7-aab7-45a6-b35e-f0298b8dcb46,5d57153f-6548-9729-7c50-93d1aaa98bc0
79d5c4be-0a30-4ffb-906d-836a9074eb2b,db77828c-80ae-24ab-f3ce-55b7cff22f00
101644ab-3da5-4d46-a1b5-d3af4c80ec15,e51bc028-5975-f17d-946b-ce5184d87e89
d96139b9-8dc0-4430-888a-cc9b50bc0c71,2dd30cb3-8acd-a42f-f8b1-73e92b1dfc15
09dc6298-d86a-4e53-8a21-01057bc0520b,a3c0306a-a085-18f2-108e-162217c710c5
75e6d39e-e460-4cae-b583-a306466f03ab,90ea2133-221f-c098-7130-aa006d9e9d50
0bcd87d3-cf97-4130-9f36-52879a66042c,930dc6f1-a24d-d356-8cd4-feff3b2e836a
6a3b22ae-46fe-4e28-9ddc-86884a6a76d4,441ebd5b-f22a-7e57-fc5d-cd482b8db592
f4880f7d-9022-43d2-9740-02677150b70b,5ce22abe-8f88-7068-dcb0-e249dadec1b2
83124829-9360-4dd0-b61a-8cc729c94dbc,e42dd39a-4854-250e-79cb-19482d13113e
5ffb9edb-99fb-4378-ae5c-33c5738976ac,59da02d8-94fe-b807-372c-ce1c605b87e4
0e61251c-72e7-4af3-aa1d-e8c6ccc3e7e9,9fb944c8-a191-2dd8-408f-fb855e9ec6e4
ef8d0572-4826-4e6e-918c-bcf3652e55a4,2397d767-34d4-c601-d3c6-1b892f700fa0
5803a41c-f4f1-4252-9170-f56f7c735c46,9b3e241a-8b81-3c6d-1a64-af2684f35078
e3cce711-8d8c-4ab0-9e33-27d2f24d62fa,1e1da0a6-a629-ec27-fe90-d8d42374fbff
cb14f636-b35e-43da-8afb-bd59fc7bdc41,3458ee8b-5df2-dfe7-c2fe-f4700bc3dce0
91e30218-c4a8-41ef-b27e-66dc00c3a76b,b8d7deac-ee04-2c92-2778-eef4fb9031fe
b695e05a-9999-4723-aa1e-526c179a0f49,7f36876f-7384-e5b0-778b-8de36c5984e3
d2db9f03-b2a2-421f-8d9b-6b3504148d0c,61d0cb3f-582c-521f-78aa-4264570adf46
8385f7c6-2030-4bc2-94e2-646160c97ea2,55d10854-c66a-c9e7-b6a5-92d0e0c62a94
70534c49-af40-48f8-9a1d-8e35eac027db,fb03a201-d518-707a-f634-922fdddd78a3
34d5f65a-6fb0-4fc1-adfd-88d4f3f74cfb,153d3dd5-926e-d6fb-43ea-ffe94cfbb3e2
25652022-cc6c-4bd4-abeb-f154154dd984,62883d53-2ffe-91e0-9ac0-35801c9778a9
d34c8f91-8137-46de-a34a-838d8f8212de,39ddac0a-f13f-8cd8-2061-bc495dcb0956
46f046df-9812-4911-9a97-ca3ea231405f,31535614-d674-a6f0-b010-360b7bdf80a1
a4df8701-13f1-42c5-9614-19c3a68dd245,0dfed86f-e261-29f3-6284-557dee51c7f7
5d4a5a71-7346-4823-b505-872ed3a49d8a,5396028c-f59b-6be4-2278-2538907d44fa
1c6e577b-b4f3-433a-8ff3-bcff2c87173c,df2b82d0-0d3a-6b55-c85c-380cda8ad3ea
508f2be3-d1d0-4e75-948f-2109e06063bb,cbefa011-eb75-2188-6b34-cab3130ab5e0
66065b2b-03d5-4a8a-b210-5da2003ac151,2e03228a-5e55-b4b9-2e6e-46b42cc43a6e
72ce43b1-2f6e-4369-8cf5-2536cca80881,9ba9d46a-5cfa-2a0a-ac98-dde59d765fec
cc52d7cb-2bdd-4de4-8dfb-0c44f8bb298e,87bf6f6a-8586-2299-46cb-7bb7cef370d5
0d062e78-5672-4418-8dfa-ac88f2c8ad9e,e75de2fe-a481-7237-4956-128250d2c315
72800b74-feba-48fd-bfc8-4407996994fa,b7cafb1e-f0a4-81b0-0cea-cfc41f7fbcf8
2b0f352e-ba14-465c-81f4-8597926354b1,4bf85dad-855c-5b69-f124-51359ee40cb8
6e18d14d-c456-4524-adfd-738666c02624,1ebf49f6-c557-81e5-1715-ee55f7d98236
84d3f4b1-a3f5-438f-8110-4c1c3dbdcb35,ee90ed34-7ac3-a407-e8d9-6bc70e1b6dd5
31f0d23d-1ce6-4f83-aa15-685e214ba4b2,d2f74e23-3923-3bb3-bb5c-680b0212f8c5
dca84bc5-d763-4f85-b3df-cc18142aab64,08f1f4d2-e757-f485-0ae3-16875bb62c43
2b7c04e3-4319-4b8b-abaf-0a346ff8586f,ff42a7ac-ca44-3304-d3cb-825ec5302416
843dd561-29aa-4649-b4a2-152211df678f,9a70bb1a-f06c-07b9-5c1b-23049dd7f41c
e0610eca-e609-4355-8f01-252a3c09c8e2,47d3b061-a3cb-29be-536e-0bb46e823ed7
824e9999-620f-4154-9410-23ebafd8c656,c0a7cc6f-eb55-3f2e-5b4b-8baf24d20e4f
ffb1ecca-a28f-4a7b-b7c0-0b19ca54b390,5dabd6db-61c1-a953-cf7f-310d1b9ba7b1
0d9340c2-3918-488d-9d2f-b4d770a96639,d6f9962a-680e-51f1-c7e4-b984e17632b6
cd2181bd-48c0-4f82-ad24-94d43dc2f6fd,8862e58b-6838-0c9d-1b3c-1ba7020be002
bb181c9d-0e03-4963-9914-51358e967ccf,5038efef-f1b4-aa2e-707a-5e4d0e8f18bf
c5f63bc9-bde5-4ed2-a0ae-8540f4ecf346,30db6aa9-2e5e-e512-f2ce-dc07ccf28cc3
01a073f2-8670-4cc6-893b-08500a08f0f1,c6ed00f6-e416-7696-ab0d-1fb2818fdd96
84c43e7f-a032-4072-873c-6c00d40083cc,d3048f79-1cbb-54f6-c1f5-d7026f0ffd51
0d398ccb-dfbb-4090-b749-a31c59f85278,e1de9690-3377-dc88-b757-041869bbf542
a5cb51ab-b1b5-4ac0-8b39-81f4f4b6909f,1c6c29a1-dcf6-4477-0d6f-2171ccd45f95
a847b436-fe84-42a4-ab72-efbbd08a9fd4,61b3fdba-2dc4-ee95-a878-ecf0eb61cba3
03a0df21-561b-433d-8b1a-79e4562eb9c7,5ade7579-25ab-faf7-624a-e6331db30c35
77c77d89-e460-4d82-8f74-f5bd6450ca6f,cea64902-d182-36f2-fd17-1db231f70d47
7c432de2-b34f-455f-be16-2764c527e716,aa2d80d8-a5c2-3f8a-1396-927d0711e551
826bb618-18b9-4cc0-8eaa-0f1663f6431f,08f1f4d2-e757-f485-0ae3-16875bb62c43
5745803f-6a54-4559-900b-e5e7df45eab1,71f3817e-863e-65b0-e564-f453ebf9dc22
4a36ad47-ff36-4862-8f19-e4dfdefa9cb9,14ccc685-917b-4d1d-bfdd-0cfd8dbbb64e
8a6b3a94-f697-493f-9484-5196deb1ede0,1f04c8e8-0a68-1d5c-51dd-0f11fd500dfe
ea17060f-3a85-4427-87dc-4ba9edd715c5,5f3f40e8-c1f6-8f5e-5bee-352c13c1692e
23744599-ac30-46f8-852d-74646bd0c5a4,0817a3e1-257c-6d3b-7794-a71093cf6ea7
b8d584f0-e291-4c16-a514-38ff44512fe8,2501b2d5-98a6-ad49-348c-637ecd64e3b3
03a4451c-deac-4f84-a8c3-c82f18fcd0f2,03fa0bc3-47ac-bae7-7972-7e3938a90b9b
88b02cb4-5e69-4362-9222-a196063eb1cd,83721667-ffd9-7ef3-d33a-736da769fc08
fda9ac9a-dd5b-47ce-bae6-ae0fd4079769,2a979e93-7ad2-b41b-900a-8066ba0f2825
98055a6d-0e56-48e5-a36f-3c9a884e07b6,14ccc685-917b-4d1d-bfdd-0cfd8dbbb64e
8a426260-646f-4dc0-b97d-60281d26c118,b1665552-37f6-c5aa-35f3-fc7dc5c9b74d
fcb0ffb6-13e3-4bc1-bd75-9621146c9394,9c70dc28-8db1-e172-816f-ce2f84f410a9
124a0b0a-4039-4412-bbc4-e0d28c7e3d00,3cd65d2f-414b-d71e-d5ec-44bfd95d5e0c
8f65cf2a-9416-4e24-b156-f7436d98a519,82080295-6445-f501-965e-1f408669e392
3de82bad-d497-48d9-94d0-44cb992bc1f2,3001c873-7865-fd6f-e1f0-675efcdb1001
edc95f3d-d545-49df-9e7e-76dd1e3bd17b,11758375-8ac1-1cc7-1db5-a5df6e081bdd
786adba2-6772-4095-a5e9-17964051b2dc,cc3ee93a-0ea9-074e-ead5-979177a3c81d
20f90352-522a-453b-8c1c-fa918f340dd3,8221d466-9982-42e4-d76b-c422c045e391
c54a3c69-7966-4aaa-a5e0-3a765952f388,bf05aa5f-20e4-cac8-23c4-688f959e2c41
ce40ae44-4915-4941-aa53-77b9c27f911b,9ceab247-b35e-5bbf-aaff-0dbf02ce6787
a4b66587-80fa-4747-9f5b-3851d4be50c1,908a5657-b3ca-2bad-33d0-bd2210a18299
c9fde012-2663-42dc-ae3d-2ad6795bc2c4,32290c46-336b-cece-5c55-141ed33798d8
66725e87-7c6e-48bd-8550-9155c08261ef,087e8302-c3e0-fed7-966e-ed56a448fecd
2401b29a-4cee-4dc3-b530-56177affc58d,315db9cf-61ca-9f1c-eca5-0f2b0e753d73
1bef2e0d-f13e-45dc-83c2-7e21b026ba0f,988f89b5-d306-8a6f-678a-6d564e326fd0
966f5f8a-81a7-47f5-93a0-f53116fff967,918df0ed-ff97-9626-71d3-bbb2a3b3bbf1
eca24a36-3793-4162-b4ad-11b7b9fd1b19,8c7bf698-862d-e672-03a1-3dd883948fa6
f815c659-fbc2-4246-93f1-b409e0b00822,85fa851e-9678-7ec3-2b69-180178884344
ee68f25a-7e9d-4df6-acca-4731c293b061,c7efc7d6-9a7f-c08a-5db3-42af237c2338
871facb7-ae2e-484c-9b8d-61578e2af570,e0c31fe7-33ee-23d7-815a-2353f894e45b
5bd554e0-d56a-4aa1-bf3a-130df7f08924,40e1e667-a403-c389-858b-e9b169542e7b
9cc4f564-7be9-4e3c-9ab1-7efc57b51eb6,29b0ba80-07ff-71b1-94b2-ba53226f9b2a
db9e28b1-b779-4c33-9b50-7c75a039b99e,ebd6a256-6536-7449-0360-1652b16a2b7a
2997eea6-cffb-42b9-a9cc-4ac45fa8a7e4,5d57153f-6548-9729-7c50-93d1aaa98bc0
ea677e5c-94fa-4475-bebd-49f4385f6af3,dcd9a847-6bb8-abb4-adbb-188df70e987a
578dee16-6862-42e7-a09b-ee00459498a5,2a97b21f-ddab-e723-2e03-b2609705f5cd
ced19ae4-20f7-411c-ae91-e7800ccf7234,8281d6d6-96dd-7edb-ec43-f3fd9b277f9f
140e7eaf-8efa-4639-b083-33e7ff9123e3,9c8c3ba8-eac1-256f-34bd-d1dd07590841
f44abbea-48b1-4325-acbb-74592e3f8971,b946917f-97d3-4416-d33d-ec9b4c8ab3cb
3413a5cc-6d46-4466-8264-ad8d1a7b7ca5,aa45e17c-c2fb-cc5e-29fe-c1853995713b
15516bdf-edb3-4670-aa9d-13fc1fe4fdd2,fb88238a-e8d4-0483-410d-a16ac35dca02
29fb6cdf-931d-43e2-8420-1ff941c80783,4d72f921-2143-fd77-3a6e-f0d721cfb538
f9cb4413-60de-4ae8-95d9-5421a1e8641a,ebb13350-45d1-401e-64a6-c74d8b679a49
b7ec9e0a-5403-4abb-8391-69a03a9578d4,4bcb2e52-9b2e-4611-65bc-55af19464449
453b2545-f826-4cfc-8987-e45ee34cb136,ff5f3918-82e7-6127-a325-3cf9ac1d1e77
73b12c94-ca5b-4f0c-b581-bdedff1445c4,4c19967a-8968-66b4-e3b0-d7e608ab5861
2db180de-e23e-4ed2-8af1-46089f747d87,a031c943-9fd7-e2a3-eeba-38249b4c050a
c87c6a95-18d8-4935-baf5-ffcfec11418b,a10dc927-71df-8cb4-2642-1149574b142a
7da8ff3f-314b-4798-8350-9e33d79823bd,994c4927-624a-e67d-4d5b-26a25662f500
84e02491-b526-4292-81ba-630f6ed7fbe2,ef117997-37b2-0993-8d52-1f6826a6f944
53425cee-b5a3-43c7-b8bc-ddfd9d468746,d92ad89d-73f6-8c8a-e6bc-cfa0e4b1e2a2
0cf04c57-595e-4a88-ba6e-c8a7928820d9,1b0476cc-6786-b260-bac7-a93e6ed2e6a6
e9a4d5e8-4a37-471a-9ac9-b0952e1770da,f52be797-eeff-73ec-15d2-aa4150ed9b45
cab8882f-6d36-49ac-ac2d-72f757a95e64,53273bb5-b9c8-39ea-cfc4-c8817ee5fc1d
19f252b9-7b8a-4d9f-a805-d703442dc61a,cd969732-06f7-10d2-e01a-d0a925908265
c095b877-24c1-463c-9be8-bb2f189c1e99,74f9b7a8-ac67-226f-cd02-49de8aa25826
983912e1-c8cf-4611-be01-dce50c8ebeee,f80a79da-d59a-dac6-9204-919fb54eb231
b7508c78-9448-408d-aa5f-7faf70beba32,c197eee7-514b-c71c-ba29-d8a148024455
94d909ce-966f-44cb-a0af-743889c1cd47,2c17b274-c791-ac25-0063-c6293bc42c5a
252a2a45-16bf-49f4-8dee-7d664b89c9f0,a8205d80-309a-a855-3196-cd042c3873ae
4447a1c3-45a1-4a0d-a68d-e5c4a930a40a,79e0ea45-fdc0-1787-4a95-ae182374799e
d9d56b96-c72c-4b39-b920-88c00d8474ff,49c4114b-fe5b-dc51-a034-7fb8c16f4d4f
c3564ca1-bc94-492e-bcad-638628fe3283,ecc06ea6-5bd8-142a-1361-b93c88258a5b
420d4333-e478-49aa-a07c-2026d95d88f8,95d6ff06-112c-a37e-3ab9-a33b9ab3ead1
993e62b2-63f6-4d08-865c-1c93e190a890,3744ef1c-fafa-1fd1-46a1-0926c75569f9
2acce97c-dd6f-44ec-939b-10f68cc97015,4525096e-caa6-f08b-e1fb-94e509610b84
4f24f9c7-4086-4c46-9f7b-0c2c06cef9aa,0a3befa1-2b42-a5a2-bdd0-d51bb0c34e15
aee361c3-8470-4e57-a513-bbd1f8ae1db9,ce2045e7-1d8a-8f7a-6142-f1f1fb5397cd
6bb9af41-00a7-41a5-aad4-ae68d469ebfc,cb8737ac-c51d-03d0-794a-473538dc5a6d
c87073e0-645f-4109-9991-932b25b5b846,0899bd13-f505-a7aa-d590-06317c9df331
5bee80b4-5361-4362-8784-757c0bd28f96,fe577629-cad9-cfdd-1d00-d1727b257719
82bf2c51-9ab3-4106-9f44-ae4a3ed0b110,b7e9f014-27b5-256b-d791-483e63c1f4dc
95266d85-45c7-43a1-91f3-3a5f5c65f8ce,6589c7e9-6411-01d3-6d95-c2cf1a837a1f
fc8477b9-cbf7-4b37-bc10-cc3fd43d5005,759ae363-145e-aa50-c04e-3216759b122d
cd55c340-58c5-4180-8c89-4d8156b99b58,9c6717f1-6621-f3fc-de65-7af19419a5cd
f2b3a227-4370-4bfa-b3c1-c4fb1ca0d5d1,0da2a948-7e40-328b-15f6-114cf66c450c
d4d60ba8-e419-41ff-8826-5cb1b221cb4a,e6e976e6-59aa-b823-5de9-a9073ec213f0
5ec5113d-334e-4352-bedb-07ae0071885d,884aece3-930e-493e-f822-036752044c2c
37e02890-4f09-403c-8f98-a634de6a04ae,dce45080-8abc-29bd-55a1-39c460594cdf
70e675ed-dddb-42ab-b64c-93e3c01af937,ba624cdc-59ea-1a22-3860-786690abfba8
14cfa006-6e5c-4505-af0a-67137c62c26d,f51e3ae5-7bd0-aec2-7503-51880162922e
21566c0d-27a8-436a-8d9f-3e40ccaf320a,cd40be8f-2c2e-3c34-6e6e-61ed32103f8d
1e0df0a3-811e-4b2c-ba57-a828de51b14e,f47c0b87-b346-62b6-d312-0f586287c159
d94172ad-b7d4-4204-84b1-83d2114b26c3,7e96dc03-f66c-936e-3356-253ecb2a356d
cfc03c04-7899-4c45-93e5-e9f98b9e91e7,327d0cb1-2fc5-46f0-4c7a-5adf9ec6d87b
709e15b6-adb7-4f8d-a646-99c7a5bb4663,07583677-178e-31e9-3b68-8359937bdcb1
e7dfaba4-9937-4db4-be1c-5d9681af360b,f5404341-46ec-48ce-9384-ee8487c9c5f2
45c6a763-50a3-4a39-81be-71690db340e2,a6073112-2382-bd2e-97ed-a19cb87c8020
b679c004-8d22-4f90-af58-4777cdd96f62,d2415e12-3c4e-4ce1-a6ee-7408a616467e
76a8399b-2e66-4b89-9736-af9c852e1238,2081741f-fd29-a774-073d-103c8117cbb9
f9e13d9c-2b6c-4376-b5f9-3bf125fa0be5,b020a41f-68bb-9b50-20ec-dab597899cf5
5efaf859-1bb3-427b-b1c4-a98aeae611a8,7a05eb99-0993-daf2-ca16-1c5870ab5723
a905308f-52c2-47e0-9c9a-5a451121935c,93caf954-6193-84ad-62c8-c2035a2ba927
d248c4c8-f0ae-4de2-aead-76c5183fce34,58579e7c-3dea-c50a-92b4-5774fddc57fd
5b513678-0e7f-4e2b-ac63-5a267b3fece6,9c339df1-325d-dd81-14a5-8298009f18e2
128b4d7c-afcf-4c70-aba0-b31361842c20,153d95b8-47c5-2d69-187b-f9a1788dbc5a
d395e7eb-3431-4604-880e-2c48f9d210d0,c77d2a11-cd8e-b19b-b968-508cc511ecc4
af7a4eb1-15e1-45bd-81a6-62deb2a77580,de316f11-4e45-1020-3cc4-aa40ba807c80
ed3eb6fc-d271-4b07-b31c-6a704dfff9d0,1b15a879-9cd6-d4cf-56b2-804147760219
dae7e47e-accc-4039-bbcc-34759f9a6cda,9d654804-3914-1d94-e28a-991a7b7ad566
5718245a-e458-4ae4-a1e9-0804b6141cfb,3fd4da10-aa7e-a97d-1423-2e4e51a41e9b
3640ba21-749c-4f6f-96bf-ceae660b6f5d,0e86e0ce-e8f9-1632-69d7-167d5dbbbbc0
97f721d3-6a53-4533-8b38-3f1e0bfa3bd0,cefc83bf-30e6-3547-67b9-595762059d5b
d9f90f40-585b-44a4-a60d-44f45498b97c,79e8c68d-8ba8-815c-ab67-8a8c54b2629a
d2ca6d11-e423-4e5a-b383-be710f5d46cd,78e07945-a174-16a0-b0ed-3747c39b2b12
3df864bf-218b-4980-8ae3-c276e3a2d185,606082c3-7497-da0d-318c-5335aa639b46
c6735520-21ba-4fe0-ab7d-e75407068b82,1b573ee2-fcf0-a300-6637-5a4ba1c158a1
c9dc1c92-d5d7-4d5b-a989-a7bbe13c38a7,ecc044c5-b70f-da22-97e5-a9053b12ca9f
3352e510-66a3-4578-ab28-5179ed76c025,bed645b2-051e-5a45-1b5f-d703a9613e9e
2fbe0d7e-67ee-4cf8-9be9-6f31f68f905e,b660956d-380d-a1a6-92c3-874a52db6d09
fa8ef044-4594-4903-8794-167ee935ec85,2d831169-826e-6b6f-e7f6-d102ddee3bab
658cacce-0111-4959-9b2e-0ce7a59bb30c,0c954ce7-340e-18bf-4f05-d66c0018dce7
c6e58188-d142-483d-b09d-18621e10c990,68e37dcb-05cd-26f2-7116-ffd7a717b9ff
5596adf6-e560-4b46-ba80-d6036ae86ab1,83fd730a-08d3-0f84-7cc9-d5e420646571
e6dc70ba-5999-448c-bd99-a8c4df2d3506,1ebf49f6-c557-81e5-1715-ee55f7d98236
3be18f16-9748-4717-93c4-45c90919e7cf,2af8a9bb-dd96-6138-6fab-b6bebbd0db5a
913b399f-9afa-4a04-9033-0eb4d3c0680b,89edc096-1258-cd23-6438-97ce14378665
a6c585e2-cd18-4cbb-af6f-fa8abab30b50,3d2b83c6-0a8d-9c84-2b79-3070101a75ad
3934b7a7-77e0-4c23-b945-8d0893f73dac,c890581e-2da3-38b9-e1c0-5b35a1fb9972
5d52ccd7-7283-4d07-80dd-b498aa08f011,6db48a88-7b19-0e15-94cd-caa7feb3c240
386465a3-5d0d-431d-ba8a-257bec5b2e6b,6864e01d-e1b8-cb6d-7efb-34f10b65a7e7
1a643feb-000a-429f-91c5-07cc632cf5e6,7c95ebe4-7d21-f060-7d34-e84d811d26b2
cc7df12e-ecec-4128-b79d-4ade2f707842,72a72d5c-e254-70aa-6114-798644f3b753
c50309d7-8647-4495-a26a-e7f290c53f2d,b99ac549-ce03-60bb-fe6e-f02c338157b1
16e6d368-6b0e-4187-a37f-87b20c9c48a8,f3c41993-57f6-9b23-9b58-b63c191b89b3
dbe86ea7-32ab-48e0-9fb1-bddfe2529afe,48471d4c-60f0-fdc7-bcf8-e13abd43604e
1ac50203-5ef2-4a65-916b-79c11e44879c,9e3f5d72-d7a4-53f5-02d2-835a7614e101
5868bae1-b45a-4468-85bb-49fa6c4ed947,fb95dd1e-26b1-09ec-85a8-c6e9b98c5557
a9bb0105-ab55-40a9-9b8b-ba253506e920,8d869ed3-beb0-5eb9-7dcf-d762039862a6
6099fa75-737a-410c-adc1-e5d210b1f4d6,7059fff7-fb42-45db-a7e4-90114e574483
7d81b875-2301-4682-b7c3-74db0afef47e,bea9bb3e-2e7b-127b-c7e4-47f9f75b1480
4449bb9e-01d2-4784-9263-48fb3387294a,d0e76d44-dbb3-8cb9-80d8-d305f8eb85a5
faa1ad19-4077-417f-b342-256b32e927eb,9301e19d-5c93-28fe-501c-3ff9802b14f9
34aa2d39-0511-4dc9-9654-ed347a47f1fb,c04126a6-ca5f-aa0d-b1f2-bd476fba1630
08795d70-556f-4861-8523-2a4ad9c3f5aa,2ed8819e-f2ec-070f-905a-1e91d0906829
e9b3bef4-7773-4cc0-8c98-2a5c704eeeec,9f33a9b5-8dc3-91d4-4196-61db57752b28
d9fd695f-9c1e-4fbb-886a-1ceaa9c8cc39,039968a5-6cf1-d485-7aa7-3289a86d8937
7eb94825-c8a7-4e4d-a7cf-130ce708adb2,1c4a4e58-c2c4-1667-fb01-4aadb4484dcf
b0d7326e-bfe9-4003-99f3-1b222d531509,58f45586-5e75-f7c4-9d15-429ff8779ba1
bfff33ad-90a2-4e55-b96d-73ea8e8168bb,d3d75da3-4d1e-ed7c-2c5b-a2452836d0c7
10fe8fb5-4c6e-4279-bd59-949ce57c74dd,470ac199-6598-cd92-40c2-38d744d2f9eb
284e09c0-1aca-4777-8cdc-752fc41b9dda,b01f7c1f-7b7f-2ce0-266b-bbe6a2c07c48
df4d6e52-0683-417e-9054-e66763518f9f,3c481b4b-63bc-4d2b-1a9d-ce40fddf2bfa
9b30764f-2148-4647-83cf-c7c0ece1f8e9,2501b2d5-98a6-ad49-348c-637ecd64e3b3
32e1babd-3129-4459-9d74-f498a9ebf185,4b9cb1bc-cfce-0c15-ee8b-763a79842597
5f1d032e-4d8b-45cd-8503-4acf4cabc4a5,f6719712-d39d-7394-a6f0-c066234a745c
d0436a29-0023-4391-9c6e-7ed3db03c8e4,ce491a11-c1af-5cdf-8616-749eafc345e8
8a6f4302-9480-4445-8420-2c16473e6270,fd4e8300-8f68-53d3-7622-2436b33cbc07
f6f242b0-bc0e-45dd-9862-da58fe6ebe75,289dc52a-2204-332c-c27d-0dacbd8f361e
73152d76-7983-4599-9d57-c46360458085,a1263842-b4bf-f4b6-bd36-1c5f2c5c1423
aeba9e77-2a1e-475a-9216-0faabfb15c0c,2f51641f-736d-4dfa-4ea5-9f3716bacffd
35df7812-0bff-490b-ae6c-f0e51b516f01,68a4f873-d5d4-938c-88ae-15c5b652852f
088378e4-5488-4fe7-a064-8dc2f23fdc5f,401be202-eaae-974c-d982-56c4282e63f8
a9f0f550-c97f-4a94-858f-5e76425384a6,93a14e2d-e463-9671-8966-0293c09f2fc5
75b108e4-56f4-4efe-bd52-aaa563b530f8,4626c4f9-2781-aab5-fef6-1da0dd8df8a0
104464c2-5ab9-442a-b815-6421d6d2fd2a,1e5468c6-c776-eb84-4164-f9ba2939ab17
09d4f20e-6463-4b0d-b0e8-518342a44dfe,ed3c95f2-8ec1-e12a-167e-2c42686b4941
fa2905ad-e309-49d1-994d-7f98d9c06fb7,6a15ba01-ea2b-1d85-16b8-fe14e34e30c4
bca1539d-138c-4511-a1c8-e838479b4ef6,b5a29320-4b34-5505-1a04-53ae34c1aedb
1cfb6781-a0d5-469b-8083-5eb6f8462cb6,6134e9e2-41cd-60f7-cf92-bc9672106c6e
acf5fbe2-8d02-4d33-8d07-440e3bdb2993,2af805be-a688-5608-0c23-1236ee01054f
697c4c18-0290-41e6-ba90-5e62b4023ec7,c96ab019-5fbe-a26a-cfe8-5410fad16194
4e61414c-b68f-416e-a29a-562f3e9f54d1,ca935cac-0ace-ee31-f483-09ad8225867a
54e64bc0-fed2-4e75-9f70-a3ebf815d1e0,377c12e9-14b2-e0fc-067b-2d6bcac21a24
9849639b-c1e2-401e-896a-bdaf2fdec8ba,157be889-1850-86eb-0ad3-6d21ae13ed58
4b5ede4f-db28-487c-a399-5c46eb86ec4a,da850ff3-d4d3-1d4d-b457-9eb35f5c03bf
ce547674-a186-4104-985c-56ee5f1cce52,00dfdc00-9a66-d9cc-4d44-1b8215c35b48
3f938aee-4210-4e1d-a96c-15c0cbed08e5,274574e3-adf0-c061-64e6-8ad00475f899
7935f244-eea5-4cd1-93fe-4ff0a52fbef2,cb0d5390-f8ec-a89e-8888-5cac3a9728cd
395fee29-bc9c-4a92-b1c2-dbbdaefa2081,7cdba307-a0d4-1d7c-83df-b1ccb0484d98
746cad93-56c8-4854-8c6d-5d6168f8adce,527b9e58-ea44-a248-1e1c-07f9cfbb386e
6248751a-7033-4c7a-9672-beb0c2f2c959,83725a45-b2d3-e81e-d4ff-bf107900917f
2296eddf-ada2-47f1-af89-cefe2bb696e1,27831ee0-b50c-7df7-c8fa-2304f0ac64d0
17d4ddb7-c804-4b41-95e4-7669e3d366f9,9c811a6f-e3c9-ef23-4f96-b8a1504146c3
8a0c601e-9769-4ba0-8c32-08133bdae08a,b1d56f31-f9e1-37a5-baf4-c0c1a953cceb
7227e457-c50c-4227-a39f-c3395d1c7694,270369e9-f054-a7fa-7f1a-9c3302025666
5b501c3a-f2d6-4277-ad58-2ef4fadad295,39b00426-3e4f-3753-1a1a-43618dc85ba5
78ec4379-1c52-4be7-9b2c-13d698f9ece8,b20b1b0a-f3b0-83ed-56ba-56d92ea2c015
fa016bcd-0c0b-48aa-a2ee-75cb995f444e,3d09a41d-3028-0388-99a6-24ca05796569
25ad6b97-c1df-4702-b954-3929e2797bde,31bf2a2c-2d0a-b51a-da87-1ce36ba13e0d
1d471bd6-5df8-4adb-8bd3-933f93730446,f2c651e1-c0df-dd56-3679-7d8340023cc7
7ad80d27-49b2-489d-9e20-a8e42d54f59c,6b687c9f-835f-736b-51b4-0f96b5407888
48c87f1d-6256-441b-95ee-10b7129a5151,ec7c47d9-969b-2b76-0910-364c258c372e
4b27f53c-5ec1-4878-9cb3-034cab098c57,e58493de-0d3d-6924-5ac5-062ba2911229
7d424f46-3119-4974-abe8-4a7894c228a4,6fae9de3-c0c3-0c11-cfaf-d6d8e1ede673
717f81eb-4f7f-418a-8d2d-ed15b332e79c,db075bd5-c8c2-091c-f04e-c0606657c129
2e18ff85-dd39-47c9-8815-bd6a7daa8bba,13b5a017-1415-fea2-432b-7a5032c67154
3d3fa9e3-dd57-48de-9b2f-0ded294da71e,4e98bdc9-32b2-7f24-d501-73608be260ae
1c8089a0-846d-4ea2-ad3a-b9b8600107d7,30c3fa42-6658-54d7-6bd2-9c83cee8b0dc
46f6c6bc-902f-4e4d-9206-27c8307dd502,4bc09a49-5dee-f319-b0cd-22e5cc5585d1
f72e1d3d-0e42-4864-bc26-5ed3c31aaae0,23f74cec-ed52-dc3d-5290-001d1b5db2a9
df0a2890-0512-45a9-99be-e0f65ee7cb72,26631764-f23a-2ea3-df0c-cb58faa559f3
73951af9-0ac4-458d-92ee-f4db1066eef4,76e5c52d-5ef3-a097-888c-bfc3b0ae65b9
140a42ea-1352-44b9-98ae-b65da92ee4da,be368950-5b2c-2f5b-67e2-c87806835288
84b42842-bda7-4fbd-8848-d989fc112ec3,c713e02d-d812-2a45-cb52-64784027d1dd
2cc534da-57d3-48d1-ad18-7c79b8e8a1a6,5782e4a1-eac4-0fd5-43d6-d0c82cd52ddd
32b6a22a-5052-47e9-ad69-2f9ef23ea3fb,49512b41-62d3-34d0-c29f-bfd8889b0e54
9c7d51f5-120c-4c8a-bfa0-8b1c9d03bc9c,faeb48a9-ee73-4cc1-0238-56baf5d7602a
9ed370bf-3962-4302-82e9-4675ba863c10,7b5a7e4e-e9b5-81cb-7dcf-bb18bd0db1ee
c4d4ac08-601a-495f-a0b0-056d8cb8eb4f,a0b37a9e-7f25-9927-666f-9f4fea4c78aa
a2819b46-2154-48f8-8224-2c1b966c2fc0,039968a5-6cf1-d485-7aa7-3289a86d8937
4aa52cbe-fcea-4a13-ad89-5a41862a3a98,5631c021-9a69-e9d8-5b6b-2ec561e5bfd6
163fdccb-ac09-475c-ae01-d1f9dfa3a6a4,5de4ee92-0942-7084-ed89-0faf81489119
667696fa-f8f1-028a-f022-5965e3bb8d04,
203ce538-e29d-843a-0829-da47ed6daaf7,e6ff69cd-383b-eb56-bbad-3f789b3f6f16
da03f1a9-3cd6-d5d2-50d1-b2e5f7c0affe,a3943839-4852-3718-dafd-9bfb5fd418c4
a57a6b31-f844-6de4-f396-c98fdaad973d,988fded2-c41e-9174-0bfc-354921fd48df
2eba87bd-32ac-4f84-91e1-3c73b183b13c,
dfa3a5ac-d1fb-45cb-a57a-977fba1973f8,
32ab7965-9722-490d-ac10-5415e93a2b44,
cb091588-707b-4bcc-943c-e29ab5062ae4,
6981ada3-9127-4ce4-8433-4620208b50a9,
db2b8cb7-a23c-41c0-bec7-c2a75b09f6b0,
b0a47cd1-7728-414f-b467-29f212de0b14,
29b98efa-fb15-453c-a9ee-ad82c0096552,
11c2c321-cac6-4abc-b301-c0299d6c2f90,
be307232-f913-4f55-8de4-82526d7398a7,
52e05fa2-aff3-4a7c-ae4f-4ad07e1091c8,
cfe5bc1f-89f9-4cbe-a76c-63cbe9405feb,
821e30bb-ac5d-465d-9875-c160b463d78e,
817cd72a-4780-4616-8625-69347202574a,
30599777-e7d1-4493-833f-bdf26d209352,
2261ebbd-2623-413b-85c9-17142c2f055d,
b49c8b04-10c1-41a9-a3cc-9842af75a0d2,
398076a4-2526-4fae-a583-8e8192b088b2,
65ef9643-275a-4bf4-814b-b41dd717b828,
c79b5f75-2c29-9f9f-ff3e-f94a3993779d,
42df3a14-3553-af51-1772-4ec9881c5e43,
29254062-c0e8-5767-b7b4-1210a93a4be1,
11639b8c-f310-5cdf-7861-6718cc83cfd1,
911d811f-56ed-41c6-020e-7b8fd1973ab6,8def1db4-12b1-2cb1-e776-2d573939a569
7d9e65bb-e9dd-1a39-e086-cefaf913d232,c378c178-781a-aaa9-30c8-2d3a95c26bd5
124ea740-c3b7-458f-b511-aa5ec4639a4b,8def1db4-12b1-2cb1-e776-2d573939a569
44175dd3-6117-5f25-1025-df8670466939,
43ab4299-46ad-7197-e9ac-57640de8c681,
7d694339-7623-4b9a-3632-59694fa41c66,
9f99a76a-e90d-73a2-327b-4cfbab31251e,
1201d925-693b-74b9-aa6f-9f9b1fc1baa9,
0a70a106-56f5-53b5-b9b3-db4426e47834,
037a6a29-9304-6305-1387-a6b642047c78,
066609e9-893d-6236-5575-48969d40f10b,
0a3ccaf3-2654-de27-15b4-f6e43f81a2b6,30122a26-c5a9-5b9e-cf6f-5a6679d63d5b
0b3cce1f-0733-5e7c-5159-d40b67b9458b,75eee7e7-8824-4217-911c-a540aeee8022
11161d96-6c91-3caa-722e-9eb66cbb22ae,
115c4a98-8b6d-a407-6a76-054c71063ab4,
13488a99-cc17-b013-0cac-ae3b9b0d6bf2,94e0f610-0a05-cc15-72d5-2e1f9228bba2
13a86ca6-44a5-c7b9-24b9-4f012568a015,
140d1917-a8b0-ecb4-b0cf-26b816323b34,
1bfaee8c-babc-afff-a1c7-ed4aa978cd76,
22d85af8-d5be-c234-b53e-2ddbb03294ca,
22dcec77-d82f-75d6-c90c-57becd43d42a,1574ecfa-8a79-b1ab-7d0c-a12b37b3495e
2431e12a-0fb5-8c62-6732-285e59a79233,
261f4cae-04a6-6e85-c96f-ddfaa70a128d,dc00a0de-71f7-35c0-6803-1a4c68b32ffe
2944d9d1-472c-7e7f-cf51-122f9a73b708,
2b38cee1-20af-40a3-bca7-79f51230511b,00000000-1111-0000-0000-000000000000
2d7ef06e-29ad-1e8c-18c1-046e49215138,
31ffb202-7f5b-d332-4607-815496652585,001f7244-ef8b-f102-8932-1ab75c9c7260
327a7337-f7df-0075-e8f3-2afa4bc35c72,bbe9e101-7d44-6787-aa82-c83bf82032d8
3447491e-18e3-5263-2dba-803659ae97fc,
3909f3ba-9789-7b32-3a32-5b514137d25f,aa318d66-8e0c-25aa-805e-791a2de74399
3ab57479-b83e-a484-6a8d-0aa93230a831,3c8ae809-a281-f5b7-5394-2a343aa1cb62
3b4fcc39-540f-b049-fe14-fdf789e10c22,
3bd670a7-d573-7429-0b57-feab0454fe1c,c4cb776d-35ae-34b4-47bd-7f68b94076d1
3d377109-ed4e-fffc-1515-ea628398c37d,
3d50a81d-107b-2b83-1c5c-4c92cebcdef3,fbfe4777-846f-42b7-58bf-61ae6ac5bcfd
3f4f7839-fdb5-f825-96f0-373aa4aa4605,
3fd11295-88d4-f4d7-62af-7fbec1b6298f,
4006a872-6a57-8d31-708a-19fa9e55b56f,
42f649e9-c9a4-a0ae-5bd1-578fc1d49b2e,db9f3db8-df7b-c22d-e131-41f01e291ec4
44c625a9-9c23-5c89-604c-fe2f6020744f,
4a6a26fc-d244-fb1a-5d7b-af4a1cf8cfd9,
4cd507d1-9b07-8c67-db96-4007975cf779,
4fc0ae52-e001-fd45-233f-bb840b2c91d0,0385759c-a707-1bba-6528-83810e5f65bb
5203a6a4-3cf8-86e7-3103-aee0b0d305be,
54458d67-7d96-e61f-23ac-804553131b9f,ee59778b-d292-66f4-db2e-fd60a5ce22fa
631fd644-09b3-da76-3a90-7ba2dc9007b0,
6867fd36-35c0-b2c3-fe1e-2717bba54dc5,07add88f-3e1c-11ec-e444-01fab26311c1
6a42570a-e3c5-c017-0c84-06647ef84348,
6bd0a41d-96dc-5062-6c98-169622bc9fb7,
6cf9c8e3-e3f3-23f6-e502-951813e8c7ab,
6dc3520c-9676-527d-448b-0a6023956b2b,aa318d66-8e0c-25aa-805e-791a2de74399
6f4ebd23-72c6-0a23-0fd0-69ad50a3c75f,3aaf245b-dd70-5545-c021-de033264bb8d
6fa58f21-fa9e-fa5e-f84b-854759650f45,
7298f018-4016-3a1f-686d-e05c7993135f,
74c5205d-5749-c9d6-8b6b-56859af45a71,
75315289-376b-194a-aa9b-12b62fb38937,b03208ea-59f0-052e-b347-3ff779555ee6
77f277ab-9999-03ed-5c7d-4b1293f93b85,87980b05-2bfc-3906-7f24-0495d5097a51
79d28f3e-787f-29e6-0ab1-ab24761981fb,
7b4687fd-920a-df86-79fd-99aa5a2bdc38,
7d84a041-e871-e7cc-550b-662322a5ba90,ef116a56-62af-d7f7-57b4-9327ac99cc3a
7de04741-7951-d3b3-7f51-9644c4da306d,
7deb9628-4483-84ec-92d8-1eed7ced83bf,b3d33c98-acfa-9194-4e6a-2d6dba0591f0
7ff1098b-cb83-36d0-f57f-d871b4e40308,
8375bf71-15bd-9877-7ab4-ee2ef1fa4aeb,
86a5a2f7-1817-1988-2640-4eeb5a31b413,
8734e805-4267-9b06-22c4-3d4914a20c7f,
891bdaa5-5cdc-70ba-e38a-add3801b41d8,e3552c12-3f6a-297d-8232-314b694c620e
8f0e4010-570a-eb42-1483-eb8a010e890f,
8f123285-b35e-3968-715a-c1aa4229e103,
91ddd684-e10b-6680-2754-22403703f361,
949d3f87-852e-9bfd-bed4-04e30e996804,
954df2ea-7d88-0fe8-6b8d-8f9585281e4f,
96a17dad-c693-1dbd-bc07-bb2cd88c2c06,
979fc297-64c8-7958-e6f1-bf4e9faf54bf,
97fa56a7-88ad-9da3-5d01-6e5b2e0b6bee,
9ba59408-b7e1-e05c-d6df-39820d501482,e6fd3ba6-b636-8d3b-ad60-35d5f54de129
9f5ab1b8-9098-a17e-0d99-7f848c7a11bd,
a01a0970-8523-f137-65bd-8933eaebd27e,
a028444a-f5f4-73f3-fab5-c4a06342892b,afe60188-7924-f776-40d1-24fbf9898344
a24fdcd2-c15c-c67f-b66f-78c176a74053,
a6e08225-bc27-8a2c-1e24-30b6b7dcb80b,
aa032e7a-2786-cbb0-4179-37b9c7e8ae8a,6dbe3529-758f-e319-db0b-6ea332b1492e
aa08e91e-2187-f7ee-38bd-ba6446ced5ef,bbe3a772-64ba-8647-2a67-5445fb9e23a6
aab01e19-6638-fbbf-e6c3-0bde7d21114f,
abe32d1a-03e8-3aba-3efd-8f28e8604396,
ae5e42ab-b2fc-a4f5-fbd2-04fe9f6c4e76,
b030b26f-7b76-5b90-2627-301b46737e9d,4a496e98-41d7-305d-e115-a4f59d4ae403
b21d59ed-3492-8685-e4af-540bc5fa95ea,
ba0baaed-22dd-4020-378a-9b9e59a95996,74d76654-cceb-f6a8-747d-f12bb4c554e7
ba395812-3fda-4a3d-08ad-334f7f72222a,
ba7f2638-9ff6-ff27-e184-a1471257d2e7,
ba9c9a1e-18ab-b88d-d1c9-822e1b8b5115,612664aa-364d-3071-4cfd-27ccfb030783
bbfb08ec-6b28-260c-4327-e7140a622d74,
bd5cb6ea-f7ad-d58d-2b12-7b6a0379e989,8a518293-98d6-3272-12f4-e93dcbeaa50f
bf390fab-a35f-3830-dd17-7d5e3a3772c4,
bfa53de0-9c9b-39f1-68da-4f6ac2e3438b,8609d3db-782f-42ee-14f7-61bf7586b93c
c236553a-3828-183e-e76f-cdbb0589f140,eab7d9b0-f961-f489-4a67-e1281ce5ffae
c2cf1705-4abf-47a8-0035-0948e2468f6e,
c33e40ef-70b6-24a7-61b4-0ad2e94cd4f6,
c3b8f378-f90a-38dc-e942-47242ac74e08,
c5c9e092-da49-caeb-3c52-0bf8719233f8,
cbebe0e9-9c20-0dd3-975c-5a41f370997c,16356801-3cc0-678d-2a97-ab74f4b7efcb
cfe9f6c7-63bb-52ec-d193-a26a7f3e5c32,
d0ca2d38-4197-446c-1cc2-f1b582662637,
d518daab-0282-9f0b-95cf-0d57cb66e1c4,
d6f570df-6b43-4ec0-688a-b218266bbc0d,fb6c0f43-f77c-014d-ddb3-bcb8026ef634
d8d1f1d3-574c-e84c-e705-1e894c84dc80,93b69bd7-54ad-861c-973c-6a055c94e7b7
d9c13184-0543-f2c0-f885-f2485e7891c7,
def87c80-f8f8-ac64-e275-a735d6806277,
e71efa49-94dc-ef3b-84ee-fc715bde5237,
e885e296-91ed-27f1-7ca1-33de5ef5f071,4b675c93-3390-1734-cc6b-53bd374e5745
e9dc3f1f-edc9-f566-d898-e18def738a62,5c2b4e0a-cf5d-bd53-a94d-c193ea39ec15
eaab5432-e67f-ac9b-8ba5-a1bc14775f18,
ec422fea-d605-a8a1-585a-5ba0c6c4026f,
ec4aa04e-8894-056c-10a4-13409098e1a7,ff38c48d-77c1-85ec-6978-aa5ed466822b
ed9bf50f-3ea9-2dc3-6e0c-21a599720d75,c3a899d6-2734-d804-7be2-6591453e48a4
f1b01389-30a8-03db-6a97-581d01d466c7,
f2412db8-64f2-4c2d-ff42-2b300b7e2154,1f968d3e-1897-82ae-78e8-c0a94181b890
f48a767c-d2aa-7191-da2e-8fcef048bfb4,
f7ac3c3a-199d-73ec-50b6-a4151c43a793,a88548de-6245-d423-d62b-77bde5cbd19d
fadbfc1e-fe3a-5518-c41d-0ded0fa671c2,
ffbf12e2-e3e1-6450-9b5a-845850a0cb9b,
7e6ae0cf-e575-8bcb-d6d0-6a9c8702a8e4,8a42d044-859b-35e4-a64f-5aa5980b399c
bc0b6b71-d164-a609-e22a-87e8b8a8014c,212f9674-65cb-ad8c-b24a-f90ee31b15bf
f9c9aaa0-0340-008b-4965-721656b68459,097efe7c-c4f4-c8fe-b0b1-17cfe9206f8c
69251532-93d0-97fc-8f55-cf52cb4f6f48,
a2cc0cfd-59ea-08a4-133b-f2ee1141afad,e0dfd265-8165-b7da-214e-05de4056401e
4d940bf2-2e1e-a4dd-735b-509dccf83cc6,
3ccfcdd4-9a84-39cd-b91c-19c131fb7929,
cb26f379-27f3-7e8d-2c4c-f360f63f3ae9,
5cc16c5f-1c72-064c-0ab5-885d51ca9a72,
a932ea07-db90-0a2d-bb14-858292624d0d,
88b62068-4f98-507b-fdac-ecc066c2766f,
5d5469ac-a0c4-f39c-4663-120b2e83669d,
20b52434-6a0f-2c59-9b79-1ee2a7e0a9ed,
829eddfd-983f-0f02-2ab2-bec04564d569,
55a9434e-f7c2-1624-1e98-5bbbf520f18e,
203683ea-d9df-d98a-2bb6-1d3203356c6e,
1bd9000c-b21c-7353-8241-b333c07029ed,
b2dcf63b-33a1-e2ba-a44a-f7b067647189,
20ce0a02-e79e-062c-73cd-95846b0f3e66,
9c94c7fe-a79a-8b9f-5e7a-03d7559d116d,
6e52f8fa-4979-705c-db66-65d9cf97fc06,
c5170673-aa26-f64f-46b4-1d159f8cbd52,5a9c7ba1-8c5d-bea7-c648-7acc046e6600
