fktranslationpattern,fkcallingsearchspace
7cf753a0-8200-5e72-7274-b8ba9aa6e748,c4316e13-0e7b-6c2c-65cb-841ac136c597
b542b4f8-4f43-4100-8dc1-e48fd0626a0b,90a2be22-6174-e9c9-96d5-43a21ffbdacc
7d05825f-93a8-4525-955e-80d5d7e88d38,b3a4024f-027d-c0bb-7df8-956aa66ce18a
7d4aac67-891c-4f87-a1b2-d1ad9ca33ccd,90a2be22-6174-e9c9-96d5-43a21ffbdacc
7d32fa2c-40d4-4b41-88fb-1c004f0c94ab,bb89d2d2-8852-cb60-d0c8-d8654c8d044a
7d5a9224-8d4b-4282-bd52-704aac18adac,90a2be22-6174-e9c9-96d5-43a21ffbdacc
7d579cf0-9b7d-1420-6aa0-22ad38cf2613,a9fc3e08-835c-60c2-ebe9-306d517e72a0
7d56e629-1302-3199-515f-e2614495a5ea,70512c4c-6c7b-65ed-2f5c-ffa321d4a0e1
7d8c4121-2223-0412-9d86-3b88b2249c5c,3b3a6f52-a9b7-4064-10e2-7082e86a4482
7d93d0ab-1830-4691-82e8-5a19472a6bce,90a2be22-6174-e9c9-96d5-43a21ffbdacc
7ddb35b1-8da6-48a2-87c5-9ee909a7d749,b3a4024f-027d-c0bb-7df8-956aa66ce18a
7e306466-9f1f-49fc-b0e4-c9aa4c95890d,e014c20a-f953-9137-8877-f09e8d26aa2f
7e4d8199-1cd1-129d-96a2-29cb3766726e,80deeb2c-f134-c50c-bfd8-50e7085da9da
7ec31552-f580-483e-98d5-d42553a41e25,b3a4024f-027d-c0bb-7df8-956aa66ce18a
7ec804b7-4115-4fa0-a69a-820483f736e4,90a2be22-6174-e9c9-96d5-43a21ffbdacc
7ebfca27-9914-4cbd-a2e8-517826247454,eb74eb85-f1cf-cdcf-e52c-dbd06550b9eb
7efd80d8-e79f-e7e3-09a5-6d7b45a114ab,5daaf0fb-374c-ce07-3b19-f1febd6cab00
c25b2ce8-03d6-4c63-aa54-9af409415542,90a2be22-6174-e9c9-96d5-43a21ffbdacc
fa18974c-48c0-4038-a635-273734845063,90a2be22-6174-e9c9-96d5-43a21ffbdacc
7f462adb-2dce-4092-8094-e2041aeece3f,90a2be22-6174-e9c9-96d5-43a21ffbdacc
7f754105-ae2a-4b50-87a6-a2c90ae6c70f,90a2be22-6174-e9c9-96d5-43a21ffbdacc
7f634ae2-ee93-0df4-1061-32ea99e9ff95,37f4c90b-933f-b7fb-be19-cd1af515bf36
236881e5-46ff-40fe-ae58-a5c12ddadacc,90a2be22-6174-e9c9-96d5-43a21ffbdacc
7f901258-5d8b-35e4-62e9-8793a692e78d,64b78f19-34e4-809b-942e-a4de325e11da
7f8d885a-2ab9-bc55-d7e4-9bd60ea6e1c7,7bd1be48-842a-6978-8d5b-36d94ac4ed10
7fb431bf-59a4-4f23-905d-b992105069de,42eb1ed5-e4a1-ba17-835a-edea32996a6e
7fe1d631-0c52-4127-990c-efdb8151f063,bb89d2d2-8852-cb60-d0c8-d8654c8d044a
27ce7479-8c36-448e-b734-4d1956effed6,90a2be22-6174-e9c9-96d5-43a21ffbdacc
2bf4411f-0549-4794-b48d-5ed3d2236845,90a2be22-6174-e9c9-96d5-43a21ffbdacc
8035534d-3f55-552f-c33e-620be9533b32,41137b0e-e322-2086-ae7b-39049d74c7eb
0b05044b-7b24-4a2f-ac14-d2de91fc5c41,90a2be22-6174-e9c9-96d5-43a21ffbdacc
804bec23-8996-4295-9914-36aa95fa422a,98e06b6e-bd17-6764-2d19-13a5933b594b
80592f65-3e44-2f94-d9b6-d07058b0a83e,745d18ff-8d92-bebb-0bec-a1c23f0f1ddb
08793284-2130-4a8e-adf4-f52ecd3c29c1,90a2be22-6174-e9c9-96d5-43a21ffbdacc
3a9c2642-5dab-459d-9b94-07a8dcbc58ae,90a2be22-6174-e9c9-96d5-43a21ffbdacc
43b55904-362e-823c-3b96-cd258a0841d5,90a2be22-6174-e9c9-96d5-43a21ffbdacc
43c2d091-9ff6-4bff-a3f5-18ece2f6be3c,90a2be22-6174-e9c9-96d5-43a21ffbdacc
46fea37e-975c-4544-a68b-471d4930f2df,90a2be22-6174-e9c9-96d5-43a21ffbdacc
474550c6-a85a-4a6d-976b-c01efc88cfb4,90a2be22-6174-e9c9-96d5-43a21ffbdacc
49f27a84-e80e-45ad-a160-dd63bec75bd8,90a2be22-6174-e9c9-96d5-43a21ffbdacc
811aded3-7622-412d-9b7b-e7a163cabbb6,f300ec90-f57e-24bd-3684-efc81550357f
81296189-ae20-145c-23c7-d0725b23c22c,64a4767b-4fc5-d529-9fff-0ef7f0e9c2b5
814ef4d4-67e2-4d19-8c67-f27c2ea14836,90a2be22-6174-e9c9-96d5-43a21ffbdacc
81900a4d-871f-7b1e-2f49-9432d4f91139,628e993f-1976-88e8-2027-0d54c3f6e9d0
6783c6cd-b943-4735-b730-ad8d7be7a486,90a2be22-6174-e9c9-96d5-43a21ffbdacc
81aea997-55c4-2b7e-d64a-e0da27502d78,179f30bd-a130-0673-70d7-1f580466c2df
81d7bcac-9d48-49e5-90ee-b37bac31e79d,90a2be22-6174-e9c9-96d5-43a21ffbdacc
78827ce5-7378-4c38-a6bf-5614f9d50764,90a2be22-6174-e9c9-96d5-43a21ffbdacc
79db6fb9-e445-4d15-9a6d-c9b253007dfd,90a2be22-6174-e9c9-96d5-43a21ffbdacc
821db139-77dc-514b-bc39-0ea1f50d94ee,3adb083a-1765-f3de-87f5-854f7b38e9d6
827d7745-640d-4855-bc61-6e78e745c21d,90a2be22-6174-e9c9-96d5-43a21ffbdacc
82d20ded-7fb5-c908-59f9-0122817d58df,669eaf6a-ade5-cf34-f36d-3443c0103eb0
8305bfa0-039a-6e2e-1b0a-4b467b939c9a,9aaf3eec-7556-0c5d-8d2a-10c46ae4e07e
833f2d87-eee6-484c-8458-de9fbedacca9,90a2be22-6174-e9c9-96d5-43a21ffbdacc
834a7036-9caf-4632-851f-40356370a602,90a2be22-6174-e9c9-96d5-43a21ffbdacc
8378b8bb-c86b-c07e-1033-787fa297b2e0,89678216-ae8b-a2dd-512f-9235dd4f37f0
837388bc-1b0b-4eb7-b4ac-8ad40f50362b,bb89d2d2-8852-cb60-d0c8-d8654c8d044a
83be46b5-7f77-3994-48e5-5a9928c35bee,c26bf1c6-5043-20c4-674b-d57582307e8d
843f5fe1-2e8e-a1c5-5b99-a1236533e38f,cf09c129-a8aa-0532-2704-8994a2362dff
84481e74-1c1f-daed-5df6-35c61ed7ba07,030ae3dd-24fc-e632-1b44-0279850084bc
84dc63c2-3f39-9e91-322f-7a599c774ff0,4ade8636-8f37-9210-4986-dfb34b471b52
84e5d222-888d-a5fc-aa28-47e23226db07,32347a8d-14f4-2c55-28bf-d88b9955996c
84f6a622-36f9-4589-9bfc-82ab0af645cb,eb74eb85-f1cf-cdcf-e52c-dbd06550b9eb
84f54e4c-4ced-2931-2cfa-6f4e9c781789,745d18ff-8d92-bebb-0bec-a1c23f0f1ddb
85914f21-2930-c4c9-95ac-a1a16c0a5dcb,cd73cf62-3cdc-e875-dc47-a723de4f48ce
85ae1dd7-4acc-4bc6-b9a4-f36cf1c3dca2,cfe94951-3618-c173-ba5b-d172862bf43e
0cc5a76b-cda1-1d22-ab9d-5c0af2edd8d7,130a5165-aa1e-11b8-6710-ee429e7850a0
85e399fb-3ffb-48e9-b00a-8d8b4a594538,90a2be22-6174-e9c9-96d5-43a21ffbdacc
8604721b-8107-4447-bf03-17de3374f8bd,90a2be22-6174-e9c9-96d5-43a21ffbdacc
86094c03-ddd7-4757-9c5b-7dbccf7716fa,90a2be22-6174-e9c9-96d5-43a21ffbdacc
863a7a5b-999e-901e-92a1-c14e9c8b0545,9aaf3eec-7556-0c5d-8d2a-10c46ae4e07e
866d5363-affb-4666-838d-9be5283ad2d6,c66b370b-77c0-c9c7-af20-d4949fc6c4a9
866d70be-f870-268d-75c9-88d9fb0bc800,dea5a1ef-10e2-8168-2db7-95324f70c8fb
86d1106e-1eed-43c4-ad49-57a79f0be065,bb89d2d2-8852-cb60-d0c8-d8654c8d044a
86eaa80b-ff09-47f1-a932-9c15387295b1,bb89d2d2-8852-cb60-d0c8-d8654c8d044a
86da981d-4010-d26a-5535-485f90c4d611,bc673344-9d98-da28-edf8-6f6061c779d8
86f6adb7-c79c-4977-b13e-bfba0eddc5ac,bb89d2d2-8852-cb60-d0c8-d8654c8d044a
8727cce2-4ea2-408a-838f-ceca3649d439,90a2be22-6174-e9c9-96d5-43a21ffbdacc
874040ee-74c5-4f16-57a7-e542b41cfae5,c8b2b8f6-156a-109e-531f-f37ae0a97c58
878fb152-30ce-8ac3-507e-ca7fe66670d4,80deeb2c-f134-c50c-bfd8-50e7085da9da
87db0b9e-8456-429e-bc5a-a43bc7962c01,90a2be22-6174-e9c9-96d5-43a21ffbdacc
a42da22d-8892-7ace-b48e-00f8ab1b0d37,92422347-6494-1dfe-e4a8-945dfcbc3327
8813e4d4-f198-4c11-a949-1a4d21e7e85b,eb74eb85-f1cf-cdcf-e52c-dbd06550b9eb
8840ba7b-ac81-4942-9773-389a80be2aec,6cebf2d7-86c0-9e3c-6deb-52237f427ad8
88455116-5db1-4591-8265-7b5a6a504b7b,cdab7f47-6c02-a077-2601-c6cad3f4c016
885ea55c-254f-c79d-e756-badc84e49e00,b64809ba-6269-bade-91cf-a51170319f0c
8896c5c2-9f16-4e84-a695-ab6005fa5c8f,90a2be22-6174-e9c9-96d5-43a21ffbdacc
88822ea7-ff71-4dcb-a2dc-0499de191971,eb74eb85-f1cf-cdcf-e52c-dbd06550b9eb
88f458ab-95e9-c238-a200-7aecddab9ff1,5fbbf212-e311-5d56-cbfc-011ad5fd61a9
88f2309d-868f-48b0-9d15-64374056a20f,90a2be22-6174-e9c9-96d5-43a21ffbdacc
89c5b73a-51df-2bab-b56a-416269c58ec4,cc676796-e1fb-e741-b574-a50043d4949c
890d36de-eb29-c415-29b5-896560217290,60fb555f-5fa9-8347-1a3c-698cd9a3e1b2
89c318ea-4c6d-4fd1-a48a-44a3e3a5cced,cfe94951-3618-c173-ba5b-d172862bf43e
89e5851d-b3ef-478d-8494-90c31847422a,eb74eb85-f1cf-cdcf-e52c-dbd06550b9eb
8a36468d-be5a-b9eb-33d3-6c3146e207d9,401686de-3da0-cb99-2553-5824925cda98
8a3d6b52-b18f-eccb-d4ec-5e6059e73cb4,b6c65397-854b-a556-4696-d752c957c515
8a42ab1a-d111-a7d2-d494-180b01b60466,159ed8a4-a98e-a83e-80c3-dc79fea45352
8a8c86de-4fb3-77f7-2b21-7b3c828de308,a9e564f7-4927-4b2b-b54e-426de8bdfd1b
8aaafbec-e331-86c5-1422-24f025e6671d,0a963fef-4cdf-2f1f-7f34-be398a45c8d6
8ae608de-8a07-5617-9d40-37cb47c7f97a,3b3a6f52-a9b7-4064-10e2-7082e86a4482
8b22e620-045c-d790-2bca-15456450d24c,cd74723f-0a63-8d2a-3653-83b7179791fb
8b584fc4-c388-49b8-8f25-30e3895703ee,90a2be22-6174-e9c9-96d5-43a21ffbdacc
8b6a7450-893f-412b-8e6c-1a704fb60075,bb89d2d2-8852-cb60-d0c8-d8654c8d044a
8b8de33e-144d-47b8-37f0-89a189633bd1,cbdc2838-926f-b7e1-3de9-04f0b31c44bb
8b81c6ae-15f9-4b4b-9acb-48601bb20f24,90a2be22-6174-e9c9-96d5-43a21ffbdacc
8bdd6855-9dca-ff78-678c-f63914f1e7cb,cd74723f-0a63-8d2a-3653-83b7179791fb
8bd492f9-fce8-4fd0-b596-1e171d253a72,90a2be22-6174-e9c9-96d5-43a21ffbdacc
8bfccde2-21ec-46cb-a0ed-2965ff4a716a,4380ec9f-55a3-0d94-d382-6475c6c754fe
8c06cc81-e892-d685-e991-22a7261aa2f3,0191f509-51d0-60be-2537-0c9b5d99046c
512ddfe6-6442-f6d4-528c-baf2132fc6d4,e99c20b8-a24e-dfc5-d219-e383f3dd6bed
8c7d28ae-ad73-0acf-7721-ba49aaf08e80,bad5e720-63d5-cd3f-f291-560428b2259e
8c9a4f07-90c1-31c7-7e36-bd43b34d418a,1155c1f1-5e71-6591-eb09-cc3993b84aa9
8cc5db4f-24fb-019e-b650-b76a1f6771fa,e6dec9b1-6d62-23ad-2d4e-8a67385ab67b
8ced6c41-3ea1-d9b5-3551-6cb8cef89a5e,42709de2-7cda-13cc-b0fa-6caaec73a606
8d16a37e-9eee-40c7-bb3f-bd0e22f9971c,90a2be22-6174-e9c9-96d5-43a21ffbdacc
8d2ae3bd-4d75-065e-b3a2-6af8ef244813,2195bf2e-9c76-1d56-3e81-40bad37bf099
8d1af1e4-d18d-c0b1-8056-b57b58e6a701,0f7d11b9-9c29-73b7-c105-d392d597763b
8cfe7c14-56ca-4825-8092-3012e4b0fe35,eb74eb85-f1cf-cdcf-e52c-dbd06550b9eb
8d49ceff-67f9-484a-8898-d14a571b37f2,90a2be22-6174-e9c9-96d5-43a21ffbdacc
8d93bb7d-39b9-47f6-a16f-25f1952e21fb,cfe94951-3618-c173-ba5b-d172862bf43e
8d8a97c4-ff39-ef64-d3ed-beb24c44ef44,64a4767b-4fc5-d529-9fff-0ef7f0e9c2b5
d4947448-20c9-3db6-4c6a-f571a2a7958d,9d6bb7e4-3b75-5e40-e926-420e2f57d6af
a0fc0a6c-e977-bdea-3aa9-8627542bd223,411d617f-eec7-4dcd-206b-edcb2135f428
8e281d20-8b6a-507a-500e-b74111e85c92,cdca0404-3597-3e38-f6b2-024740ef00dd
51e3c468-9b78-e2cb-d6c9-e6d8eaabf4ce,60126cb5-812c-519e-99b0-d34b4002c8b1
b12d3d5b-7a60-2da0-e603-ef1dfb7b9642,60126cb5-812c-519e-99b0-d34b4002c8b1
8eaa0fac-05bd-4e95-9f00-323f2e9afa84,bb89d2d2-8852-cb60-d0c8-d8654c8d044a
9820ccea-9e54-59b8-d3eb-db8c075371d4,607ec460-94a0-8468-dad3-8450f7d31df5
985b3d18-b097-81d3-e71d-39f8c26f8c42,be85935d-fe2d-745b-c2d7-c310a259f892
988d9b8a-3c6e-ef8b-b800-869a247806eb,5b0826b2-1057-c7e5-5960-87d7c375e3d6
987bb8ae-42a2-6c1e-6eef-46d8c7824c9d,cbdd9364-6883-8098-f347-9c531ed05c4c
987ec507-4183-437c-9fcf-75189f3722c9,90a2be22-6174-e9c9-96d5-43a21ffbdacc
1be7d67d-80db-ebef-9c83-121889fb7141,60126cb5-812c-519e-99b0-d34b4002c8b1
98a41497-b297-413e-9e33-686f78b09129,90a2be22-6174-e9c9-96d5-43a21ffbdacc
f834ae44-13c8-e42a-4770-6ecb16d1d54f,60126cb5-812c-519e-99b0-d34b4002c8b1
98d7df79-8b21-d332-eef9-2a4b0104c554,e5e46d08-f2cc-a6fe-1405-6f961425dec2
99435bf9-d54b-42c6-9d37-7adf7f76fa9b,f94969c0-fa9b-9ea4-453b-4122c7d36d2f
98ffee36-24b4-9dde-0f6d-1c9cef0665e7,bb89d2d2-8852-cb60-d0c8-d8654c8d044a
973c2c0d-4074-3158-136b-f474ed359c92,60126cb5-812c-519e-99b0-d34b4002c8b1
9922ffc3-c336-45da-8f57-13467caca31d,90a2be22-6174-e9c9-96d5-43a21ffbdacc
998f674b-1cba-30ab-92f0-9a91f5fa3743,90a2be22-6174-e9c9-96d5-43a21ffbdacc
99b0d90e-683f-1ecd-1d0a-ce13f0a56609,894a870d-86f7-c871-c4a7-014896c1f305
99bcc707-68c8-a677-eaf8-721e1faa9b52,23cfdad0-7451-072a-e87f-3e0990223318
9a691ece-31bf-445e-a7b4-8245c03a5b2d,90a2be22-6174-e9c9-96d5-43a21ffbdacc
9a591287-1bf9-442c-b38e-b75a7ad4fc9a,f300ec90-f57e-24bd-3684-efc81550357f
9a761238-1041-39d4-1b25-7c2b8f5cdc31,bb89d2d2-8852-cb60-d0c8-d8654c8d044a
9aaad601-4911-46f1-bee0-4815b38fcb32,3c384259-af54-33ac-58b8-b98ee4842307
9ac7353f-b3ac-43c3-850e-a05fb7671b62,bb89d2d2-8852-cb60-d0c8-d8654c8d044a
70f446bb-1b03-addd-84e6-5a8186e4fb8b,60126cb5-812c-519e-99b0-d34b4002c8b1
9aef306b-e0f8-4d53-9715-571e4bc72ae9,a0b3ad3b-f210-8e5c-a595-c36ea0b655f5
9ae55897-ac8d-9f8e-8458-b162cae88171,cd74723f-0a63-8d2a-3653-83b7179791fb
9b637af2-38d1-da9d-8768-5decf5a6002c,58bd2f62-2679-592e-4e42-f502927c81d6
9b5954af-b33f-07cd-1118-82e12a8f7a48,d6085078-296c-1640-0533-30cfcde9a6fc
9b508356-f9dc-8deb-a49a-6711c570602c,90a2be22-6174-e9c9-96d5-43a21ffbdacc
9bb7cb10-f67a-cea5-e044-6dc3792c6285,f45b2d7e-e26e-75fe-19b9-55b1f59480bd
0764ea08-68d0-4365-5314-e09913f90c6b,60126cb5-812c-519e-99b0-d34b4002c8b1
9bcb72f6-ec30-9597-e9cf-a7c8a2faa522,95026035-ba9c-21b4-f188-5b17a4ded353
9bc60152-655c-4404-ab38-803a58ad2534,cfe94951-3618-c173-ba5b-d172862bf43e
42fb5702-1696-7fa0-bc57-161d660487e9,60126cb5-812c-519e-99b0-d34b4002c8b1
9c85b011-1f01-24c0-5217-563321e9ef78,28cded2e-b548-2c29-07f6-11fd7f0f2db4
9cbd5b3e-dffb-d963-b357-704184ac122f,f300ec90-f57e-24bd-3684-efc81550357f
9ca9e96e-5078-47fd-8fd2-2ea9b31b72e8,324fc8df-0c2a-01d6-d3bb-b378f2c19716
4a682ba7-1708-ed5c-8e23-d517736e6c15,60126cb5-812c-519e-99b0-d34b4002c8b1
9d052a28-56ba-d941-6eed-c8357edbed0b,be365544-4d76-b19a-2364-245364da0de7
9d55b72f-3815-4eae-76b6-a3ac5681cfd1,3b18a414-b58e-a546-1f10-2e89fa3a6bcf
7fce64b8-d3c1-f2ed-db0a-9e154869b240,60126cb5-812c-519e-99b0-d34b4002c8b1
2fb1ccdf-9d23-1c6a-bae6-bb74066b8344,60126cb5-812c-519e-99b0-d34b4002c8b1
9e2959fb-a6db-44e0-dccc-80b1a2f011d0,64b78f19-34e4-809b-942e-a4de325e11da
9e6f7a7f-795f-a07c-92f0-34328134940f,5daaf0fb-374c-ce07-3b19-f1febd6cab00
8794cdeb-8a0e-e4fd-61e8-053d035a7a11,60126cb5-812c-519e-99b0-d34b4002c8b1
9eadba02-6750-7994-4995-0dec6d2e7c97,64308bd9-d5fb-2903-6083-a7127bf67dc4
9f19b42f-345c-4555-801c-f9432bdbf788,90a2be22-6174-e9c9-96d5-43a21ffbdacc
9f544850-0bf7-dfea-45ff-0e9a12ebc92d,f2a4ecb7-1830-5400-f6f0-3894e9f7f389
9f4e3b1e-507d-5a88-5ba6-e3ac677fdab4,cf6f04fb-45b8-f689-c5db-b71a5d4794e1
9f89d8d2-d8e0-7e4f-0022-46538364d662,f9ca0731-bf68-a6a8-e586-cd0df3e00195
9fa3d91d-9e5f-4bd4-9bd7-065ab82d084b,90a2be22-6174-e9c9-96d5-43a21ffbdacc
9f9bc0e5-4d94-39a1-f13e-02574e4c1f86,b348b17b-fa70-83f4-665d-892c68b93ef3
f8111227-160c-a1eb-b65b-f1f4b67675fc,60126cb5-812c-519e-99b0-d34b4002c8b1
9fc21c4f-521d-6eb4-6297-d140b88cf2d0,90a2be22-6174-e9c9-96d5-43a21ffbdacc
d2d705ad-0444-6581-f351-83749e60cc1c,60126cb5-812c-519e-99b0-d34b4002c8b1
a009311f-a722-ec10-aeb9-449525817fa6,894a870d-86f7-c871-c4a7-014896c1f305
a02e7635-a226-ed43-7cda-a7a9d2a2b901,e5f33220-5262-bf19-2c20-2379b3f56ab5
a038d014-7dd1-3387-059d-2d5398880038,f300ec90-f57e-24bd-3684-efc81550357f
f2103b95-790b-ac0d-f599-81159cb94328,60126cb5-812c-519e-99b0-d34b4002c8b1
a0811133-fa4d-416f-bd79-d7b174346f9c,cfe94951-3618-c173-ba5b-d172862bf43e
7f7bd5b5-a696-e5bf-b79f-80ddc31a20a4,60126cb5-812c-519e-99b0-d34b4002c8b1
ba527411-15a4-d302-5935-e118edc3d21a,60126cb5-812c-519e-99b0-d34b4002c8b1
5164f13d-7807-4ac4-47ea-7d659f9b8e98,60126cb5-812c-519e-99b0-d34b4002c8b1
a1379de8-5fb0-481a-a5e0-7225465380b6,90a2be22-6174-e9c9-96d5-43a21ffbdacc
a167c2ad-5f7e-4d14-95b7-4f9713116578,90a2be22-6174-e9c9-96d5-43a21ffbdacc
a2767eac-aed2-429c-8fe2-0c15c325ab9d,bb89d2d2-8852-cb60-d0c8-d8654c8d044a
a1be670a-4462-44e7-84a0-fa2c4889378d,90a2be22-6174-e9c9-96d5-43a21ffbdacc
565f9bc6-8372-4193-ea0f-2e30abc9e486,60126cb5-812c-519e-99b0-d34b4002c8b1
ba56945e-efbe-d8fb-abcb-5c9be2c136ca,60126cb5-812c-519e-99b0-d34b4002c8b1
a224ecf6-7664-fd79-4176-25a3f64b86ff,e2aec92f-f876-8e89-7070-c738541b3cc5
a22dba0f-2842-0919-e7e2-ac649181f96a,096d3f68-534c-aa2a-8e73-14191b831b05
633b867d-7ab5-23e1-5c77-9e1dba6cbde0,60126cb5-812c-519e-99b0-d34b4002c8b1
8f56281c-5997-43d5-825c-70309dc7a297,90a2be22-6174-e9c9-96d5-43a21ffbdacc
8f85d863-22fb-4c0d-84c5-b8b5a7900794,90a2be22-6174-e9c9-96d5-43a21ffbdacc
8f91aa4a-5fa6-92d0-d05e-3df98308196a,f50f8994-28fa-36c2-8310-dfcfdd186241
a2dfc207-ab05-4f0e-b875-cd9f8497f506,90a2be22-6174-e9c9-96d5-43a21ffbdacc
8fb6c5f3-91e2-fd01-a348-5b86e693c4d8,07bf0472-baf9-fed2-01e5-9e163b47866c
a2f8e7ed-4021-401c-a994-19272cf30c05,90a2be22-6174-e9c9-96d5-43a21ffbdacc
a3051d92-0ab8-4a5b-bdf9-95c625d94cff,90a2be22-6174-e9c9-96d5-43a21ffbdacc
a9f43c26-2ecd-0d11-7e69-039ee0acb968,60126cb5-812c-519e-99b0-d34b4002c8b1
8fe4a556-7df8-feb2-32ce-d2c0e3fd7b68,4b2a5b0a-ff1e-9e1f-97c0-f4daf043ae26
a350feec-b9d3-6330-f40a-3cff39fff7d0,25ef4101-6d8d-4ae2-e66a-8e5fc43b1fc6
903ae7a2-23c1-4b23-8226-516a61812b69,bb89d2d2-8852-cb60-d0c8-d8654c8d044a
eb9628a8-7737-6402-3125-3ad89e1ee4d6,60126cb5-812c-519e-99b0-d34b4002c8b1
904b1e6e-6567-207b-e883-e99633882bc7,bb89d2d2-8852-cb60-d0c8-d8654c8d044a
a382d834-3b10-d996-5fa5-136bcfa8980e,c20bb315-1647-fe81-d931-15d32a21dbf0
907e24fd-bb23-73b3-57b1-0d621c721f4f,eb74eb85-f1cf-cdcf-e52c-dbd06550b9eb
657891f7-72bd-0080-2f09-89b623e15066,60126cb5-812c-519e-99b0-d34b4002c8b1
a3ae6248-8ebf-20fe-f4cd-478b0e5e61c7,745d18ff-8d92-bebb-0bec-a1c23f0f1ddb
a3d1789c-818a-0aab-1549-6bb342d5bb1b,8014e1ca-deea-eff9-f368-70f0cd021d79
a3b44258-5330-d1d8-31dd-b24604539442,e36fb481-e5c3-a4f7-dc3a-55ec2a06ca95
a3c21299-22df-706c-1bc0-3678c60d791a,745d18ff-8d92-bebb-0bec-a1c23f0f1ddb
aa2b66cc-c9da-00d6-84b5-71a2f126fb73,56afbe0f-96dc-4bd9-8baf-d589c40527ff
1ac9a3de-00c2-5f2e-9507-c98518508717,60126cb5-812c-519e-99b0-d34b4002c8b1
90bb7416-85d8-409d-ade4-f220832590f9,eb74eb85-f1cf-cdcf-e52c-dbd06550b9eb
d3aec94a-b2b8-f546-4fb5-2ad47f8c64ae,60126cb5-812c-519e-99b0-d34b4002c8b1
a3fba632-112d-47c8-81b9-bd87c6d8a182,90a2be22-6174-e9c9-96d5-43a21ffbdacc
6799ed18-1939-3871-ebd3-5c6921c26064,60126cb5-812c-519e-99b0-d34b4002c8b1
aa73b0fb-25f9-e3b5-aa4f-1ca5c1045a04,cd74723f-0a63-8d2a-3653-83b7179791fb
a44ae627-b84b-8d5b-ca6b-4a04612b68fc,64b78f19-34e4-809b-942e-a4de325e11da
911f91cc-bef9-4daa-9a72-6c92f2c34def,bb89d2d2-8852-cb60-d0c8-d8654c8d044a
a30c1d82-d5fa-bafb-95f8-8b92dbeb1556,60126cb5-812c-519e-99b0-d34b4002c8b1
9121cde7-042b-4a5d-98b9-91cd9433d1f2,90a2be22-6174-e9c9-96d5-43a21ffbdacc
9133b033-c876-e811-7d94-347f59a3af70,37ade643-d6cd-2fac-eac7-0dcc4df846fe
9127ca87-7bde-4fcc-bf13-1f48598ccbbd,00fc9fd2-245c-39dd-f43f-9e57db872aa3
aaba2073-10b4-96f6-9c36-4ca9bddf4551,c3016225-1a37-7807-9210-bd7b2bb092ca
aab9b646-0fa6-40b4-b32b-4d8361412c2f,b348b17b-fa70-83f4-665d-892c68b93ef3
a49c99e9-a52c-0868-9eab-9dd66cfb435f,401686de-3da0-cb99-2553-5824925cda98
a4a7bceb-fc50-4cf7-9133-b660b752cd33,88fad650-ee6f-2005-f412-bcbc630e74ce
a4a2943b-b08b-42d1-8190-f32ea9e49cb5,bb89d2d2-8852-cb60-d0c8-d8654c8d044a
e0752bb7-d95b-b73d-6a84-2bb17ed0b651,60126cb5-812c-519e-99b0-d34b4002c8b1
aaeec08a-21e3-a607-5396-f26ed5372965,7bd1be48-842a-6978-8d5b-36d94ac4ed10
ab0d2172-2ef9-44f7-8f06-8ac798d5a795,90a2be22-6174-e9c9-96d5-43a21ffbdacc
a4dadf0d-97d6-a829-22fd-7d237a8b9ec1,1f2a0afa-d321-c1cc-50ac-1d2e1f2a6da8
d1f393f4-5fb3-8283-d5a4-c0e13ac94d1d,60126cb5-812c-519e-99b0-d34b4002c8b1
a501bcac-c58a-2241-1dac-3cd6745194f1,90a2be22-6174-e9c9-96d5-43a21ffbdacc
91cb78b5-489d-ed1c-41f7-285d509e666d,4d0ec8d9-e886-32b7-d310-c1b740692bbc
91df7e99-de9e-937b-4547-de149f1394a1,1338b709-9588-6beb-d566-e35b309ee5a2
91d935aa-77a5-4de7-a015-018c0a95d371,88f50a3e-a200-4410-c3b6-88da39e605ef
921b7313-acf0-46d7-9a46-8aad345da7dc,cbf2dc40-b339-f520-8ed9-917804310729
9221d21c-59d3-1429-ec5a-08c2a7f954e2,ee7b0943-c012-de79-6ec9-44c12ec0ed63
92423991-2e48-fe56-eadf-6ef228047718,6329522f-d369-5777-5d96-8c41c24df647
925b1905-76b4-49ff-9897-4ef569f2ec72,90a2be22-6174-e9c9-96d5-43a21ffbdacc
ceda0a73-e85e-9f43-8d68-efeaaf00f860,60126cb5-812c-519e-99b0-d34b4002c8b1
ab5884b5-a0c0-44c4-90bc-7fd7f94954e4,90a2be22-6174-e9c9-96d5-43a21ffbdacc
9280a013-81be-40f6-89f1-974b5a7fd315,cfe94951-3618-c173-ba5b-d172862bf43e
ab97308e-f2b7-1a16-65ea-c7f4fd6a5ed2,8eb780af-fe2a-44ca-1502-c27dc73c7256
ab97e49e-0ce2-4877-b662-67434fca943d,2749a9f9-07f8-1864-3db3-c6797f2e38dc
4ac61c7e-7173-f32e-868e-15b63c8e52f8,60126cb5-812c-519e-99b0-d34b4002c8b1
a5402ee0-0618-4a1d-83a7-d76dfe6fb07d,90a2be22-6174-e9c9-96d5-43a21ffbdacc
92e989d8-a6fc-7994-f1dc-64ddd038c20f,b09acc00-7094-784f-7267-fe87214c132b
5e423303-505c-82dd-94e0-70ba6456ca57,60126cb5-812c-519e-99b0-d34b4002c8b1
ac0beb5f-d82f-458f-9d7c-4413f973b0c1,90a2be22-6174-e9c9-96d5-43a21ffbdacc
a58205ee-18e7-636f-28e9-310282dd419d,
a580bf73-0fb7-0fe5-4c40-fa8e43ffc44e,1b8d0ea8-a794-cff6-e585-b4e898aa1bb4
938f0fb1-5c18-474b-bd76-8cd56e981d58,90a2be22-6174-e9c9-96d5-43a21ffbdacc
ac3b5ced-689c-9e25-42fe-190472e01622,3288c4cb-a67f-fd0f-f463-385ab9575101
9349a0e2-abe9-4df6-af22-bcf2d3e5ddd3,b3a4024f-027d-c0bb-7df8-956aa66ce18a
a5cce215-1266-8e41-cade-edd6de5ecab3,3650681f-dcc7-9248-99de-a5a1716b82db
dac35816-9eef-7d9a-d0be-16dd6765afe8,60126cb5-812c-519e-99b0-d34b4002c8b1
936c20b3-7e52-08c6-7a17-691012195d23,2c0389b7-075d-2734-9a79-c57e57ac57d4
9383a202-0106-506e-6cbc-b788293c1845,ee8196ab-8f38-5ca0-dbe2-d4cc9e413dc8
937a9bcf-4c22-4eff-a1ae-cac7fe00d5eb,bb89d2d2-8852-cb60-d0c8-d8654c8d044a
a616c1aa-a887-9770-bb5b-520723407201,255bf103-ddcb-c817-f343-c49268c4ad91
805a5e21-fe88-f339-dd93-7fae7debbfa7,60126cb5-812c-519e-99b0-d34b4002c8b1
aea5c894-d46f-761d-e54e-d09d67effff2,5234489a-06f5-6e1e-1974-a244cce657d3
ac737047-0dd1-4fc8-8b24-63dee2c8f1f0,bb89d2d2-8852-cb60-d0c8-d8654c8d044a
ac9c5bd2-ad17-0b02-55ac-787b0d82c092,a4620620-467d-e91a-8a01-945c421611f5
93e12f4e-f295-a2d1-36a2-35fd90115ae7,e10aee57-14a0-fac2-1e74-5ffefde1090c
a6dee3ad-880c-4523-960a-8c842cdb3b61,f300ec90-f57e-24bd-3684-efc81550357f
a6d36785-5fae-4258-abc8-85d477fd27c8,dcb765ba-f330-103c-71a0-2517dffbae71
aca8a4df-788d-4d2e-3e6c-a30c0e73043f,8d27c291-3a02-337f-09db-6f4399984929
a72577ea-6f7d-4bde-af4b-5a45ec22cba5,90a2be22-6174-e9c9-96d5-43a21ffbdacc
941d31cf-a92f-06c6-70e0-c37ab9cf4e47,2c0389b7-075d-2734-9a79-c57e57ac57d4
d20a957c-a494-c471-6209-6e72b904e941,60126cb5-812c-519e-99b0-d34b4002c8b1
acd3d7ac-2102-5330-acf0-93a138ccc2cf,9a209f12-d0ce-c9ce-4c72-a82251555c2b
950bc791-5949-72b4-9c6c-2c3ad236516f,5daaf0fb-374c-ce07-3b19-f1febd6cab00
a7bba2e9-bfdd-403c-9836-b6b12d04efda,dc61c42c-0c69-0210-2346-23e170d59b48
b281fb5e-9ed3-d5ef-58cf-f210b87e03f7,60126cb5-812c-519e-99b0-d34b4002c8b1
94b2571e-1ad3-78c9-2751-123c0c9ab172,cad45597-e183-4e65-6788-5fe902efb900
94fae171-988d-4b67-85b7-77390bd56c3b,bb89d2d2-8852-cb60-d0c8-d8654c8d044a
95187d65-1685-dedc-a207-c67c0a6981a2,2ff19e04-f28b-691b-9327-0f12f4313550
951fbc1b-bce7-ddb0-ac4e-1df5a4d6b9fc,66d28027-021f-cb40-e997-41f45850111b
96e0fd96-e637-5c33-655b-7075c5297498,60126cb5-812c-519e-99b0-d34b4002c8b1
ad831e2c-913b-4117-ac92-73b38a64a030,cfe94951-3618-c173-ba5b-d172862bf43e
95c6e4bd-1e7f-4eec-8988-80c6ad64e9d5,90a2be22-6174-e9c9-96d5-43a21ffbdacc
95a50a20-0479-178c-5b49-a90d69d59aaa,62ac4793-ab65-1968-54f4-cd71d699f825
95cc5dba-4e6d-44d6-89bd-0fcd5fa0b016,a9e564f7-4927-4b2b-b54e-426de8bdfd1b
902643e4-3cf5-29dc-27fc-b1ca0c38683d,5234489a-06f5-6e1e-1974-a244cce657d3
9c54be24-13a6-b5e5-2f73-f61ae94a2f2c,60126cb5-812c-519e-99b0-d34b4002c8b1
adc081b8-c96c-7c3f-543d-59aeedde4702,a211ff4f-8477-5b9e-35f6-9d7116c6ede9
adc99be5-04cd-4a3f-9efb-742881059e67,0ddea741-52fd-b427-1460-0fedc103337e
963e8e90-62ad-0389-5a1e-b87bfd49f400,64b78f19-34e4-809b-942e-a4de325e11da
c108c580-bcbe-95b9-4b1e-aa507c807f05,60126cb5-812c-519e-99b0-d34b4002c8b1
adf97677-d1f1-4891-8a2a-03b2dc30d8c5,4d9554ea-a37a-d448-a74e-a5470305bdfb
968b2ba3-3841-d498-2ebc-c54df490340c,96b5f4f2-2aad-9233-5b3d-0c043bf6b46a
96aa826f-1006-c38b-b71d-270d5e4d69c9,9c953450-fb47-9a58-d111-ffbe3a1d740c
a8c8b31a-adf4-4465-87d9-5cbd03d29d07,90a2be22-6174-e9c9-96d5-43a21ffbdacc
a8cb1860-2e5b-1d08-72d6-0a8558cdcba3,3650681f-dcc7-9248-99de-a5a1716b82db
ae4ab06a-84f2-8d0e-31e5-86c5d7d8531f,8fdb27fd-3e4d-7b9a-5413-7faea30acfe0
b2e8f433-7ec0-4c5c-8344-ad1600561bfd,bb89d2d2-8852-cb60-d0c8-d8654c8d044a
a8483446-cc7d-c681-278c-de5da28d3867,d5356bf2-2595-852f-bbcf-28b718c0d318
3a6cbde0-94aa-22fc-0400-232f37c525c2,d5356bf2-2595-852f-bbcf-28b718c0d318
4b9d7956-d1e8-d756-d49e-824a4ccaacb3,d5356bf2-2595-852f-bbcf-28b718c0d318
786654b8-1d0b-508a-5846-5765f93f295e,d5356bf2-2595-852f-bbcf-28b718c0d318
e5f3c3e0-eb17-98be-0b6a-fffb5a65384b,56b82e17-296a-918d-a090-635657a2a357
96f84765-fe20-4aac-951b-b191cfb5d4f6,90a2be22-6174-e9c9-96d5-43a21ffbdacc
97e7ef7c-8875-02ea-2e88-5d4a738f3215,60126cb5-812c-519e-99b0-d34b4002c8b1
ae522b26-6530-ee02-6ca1-3d165c1a5f80,39f39760-6851-4100-09d4-9515794c5521
ae52b45d-821b-eba0-d20e-759e458eef6c,2a2bde4c-e152-fb65-09d8-9df01a6d6b96
97075b77-f341-43df-8b39-116c54ff933e,90a2be22-6174-e9c9-96d5-43a21ffbdacc
60862bac-23c0-e79b-3503-5d088f3489d8,60126cb5-812c-519e-99b0-d34b4002c8b1
ae8c4f5a-f8f2-46ac-ca9c-03df3adc47c1,894a870d-86f7-c871-c4a7-014896c1f305
ae827a8b-9741-143a-4785-61f4a58be8d1,55ab1590-fa01-39f0-eab1-4fcd1562301e
97868b03-65ab-c641-fff4-2fcc5d0254dd,5234489a-06f5-6e1e-1974-a244cce657d3
9790e8b6-11de-6a37-7422-c36cf7dcb2fc,90a2be22-6174-e9c9-96d5-43a21ffbdacc
e926a7ae-27f8-18ac-53a9-768ff70bbb89,60126cb5-812c-519e-99b0-d34b4002c8b1
97ba6a49-1af7-4554-8f91-2fb166f81ea3,90a2be22-6174-e9c9-96d5-43a21ffbdacc
b64046ee-6adb-6317-191a-c4d26ec15968,60126cb5-812c-519e-99b0-d34b4002c8b1
aec57def-15fc-4d59-b8c2-a7ed10458c1b,bb89d2d2-8852-cb60-d0c8-d8654c8d044a
aec10688-0901-4fb7-8c7b-fb173e38c871,ac108d8a-03df-7846-6247-94165358d7b6
52b7f7e7-ee87-26fb-e524-e3e1076eb216,60126cb5-812c-519e-99b0-d34b4002c8b1
aec78ce1-466d-570e-60b3-8515b1126289,80deeb2c-f134-c50c-bfd8-50e7085da9da
6de6b555-52c7-145c-488f-e48fc775332a,06a88c49-674d-468f-5616-b5ba743b66e0
97dfabe5-b65a-436c-94fe-a0245071f1d2,90a2be22-6174-e9c9-96d5-43a21ffbdacc
97f2782e-c05f-207d-29e5-014f644ace6f,e882753c-08b5-686f-d75d-78b75ff84512
af2509ac-708a-44d4-8000-85bc2896876f,4f9f21b4-22a5-a321-1fc5-c7eee99d6cbc
a91e0907-5b4d-043d-def6-765194d0b337,90a2be22-6174-e9c9-96d5-43a21ffbdacc
a9390dae-7fdb-51b5-2664-5998543e0a05,cd083fd1-9b6c-d957-532e-9ef2b17d9791
af52b51a-627e-94cb-c0c2-f8b1c6a80f4e,76db1973-0d18-ebd4-c616-b9aafa8aa97f
af800981-03a2-484b-a94f-f5f13694ad0f,eb74eb85-f1cf-cdcf-e52c-dbd06550b9eb
a93ac8a5-1773-f709-e5ba-4d2e00b700cd,770a9ea9-870a-b4a4-9610-d1d19d6d5c19
3116fa8b-4550-f2c5-655b-e2f626cbe3f8,60126cb5-812c-519e-99b0-d34b4002c8b1
afcae30d-828b-6c81-a839-488c9ff60a72,f45b2d7e-e26e-75fe-19b9-55b1f59480bd
c2f9e095-0f78-6081-59d5-7de733a2ff6a,60126cb5-812c-519e-99b0-d34b4002c8b1
afe2cdc0-f9eb-4e80-987c-f6a84b894bbd,bb89d2d2-8852-cb60-d0c8-d8654c8d044a
a9a0efd0-9694-83d9-fefe-0fc261573b09,64b78f19-34e4-809b-942e-a4de325e11da
b0484c28-4f33-4496-b677-fe97a508804d,90a2be22-6174-e9c9-96d5-43a21ffbdacc
7b06431a-95c7-a3de-72d5-5fc84a71f8bb,60126cb5-812c-519e-99b0-d34b4002c8b1
878072c5-ebf8-f1e4-4089-58a37e11af73,60126cb5-812c-519e-99b0-d34b4002c8b1
b1000278-e4e9-12ef-e8f6-5f189ec2b544,cd74723f-0a63-8d2a-3653-83b7179791fb
b1250749-5685-0d8f-4393-e3f7d4dd7a64,651717ba-acb3-43fd-b9bd-d4e9a968fefe
e9526e64-e384-82e8-1841-ab153e4b5609,60126cb5-812c-519e-99b0-d34b4002c8b1
b190b9fb-90b7-4b1a-a510-a96f47c28b6f,87dbf7e2-ded2-998d-86bc-ab6beea36f04
b1853abd-068e-4256-9191-b8a4c038c732,
6a698cd6-7aa1-b165-5187-ed7bf741c18d,60126cb5-812c-519e-99b0-d34b4002c8b1
b1e2e2d9-2714-9562-0175-9604c5bae176,6cdb70c3-7cdc-2c10-0625-b5e1526c3af2
b1d4dba3-9f6f-43de-b74a-301265eaac27,90a2be22-6174-e9c9-96d5-43a21ffbdacc
b1ccb989-97d3-1984-fe40-8bc464c1e7b4,64b78f19-34e4-809b-942e-a4de325e11da
54146f6b-8505-4059-be90-25d6f1d59402,60126cb5-812c-519e-99b0-d34b4002c8b1
b1fcb89f-9ff1-46d9-9aac-befbe8ec9331,90a2be22-6174-e9c9-96d5-43a21ffbdacc
b228423d-1805-481a-aa53-3ebce33fc990,668f4837-eac3-fb5a-02fd-d0b150945a95
5609b0a8-2663-73a1-c4c5-e9b0ffd1b69f,88a0b5c1-aba7-a413-bf89-8fed5025277f
b252e529-de8a-42fe-85fd-2287bc3faab9,90a2be22-6174-e9c9-96d5-43a21ffbdacc
b281b2de-74ad-4096-8833-61a3d26ea411,129b7cbb-ae4d-67d4-2423-660de8d5d058
9e76a4e9-68a7-ad6f-baab-770bfcf75931,60126cb5-812c-519e-99b0-d34b4002c8b1
b2cbca8a-3042-4cf9-ac5f-6260d68d02e3,90a2be22-6174-e9c9-96d5-43a21ffbdacc
b2dae252-4437-4784-a46d-d40829847fb6,91c44382-cce2-169a-ad67-d591041df5bd
b2ed50f8-97e0-59f1-ac50-59025b41e5f2,c186f33a-b858-508b-648e-93f26eab3027
b3295843-2da4-3663-58ee-a586c5a290f9,ff59ee56-2920-c64c-6370-bbab6a7859d7
b333bfc3-b0ba-4f4a-1de5-63bfb7138ed8,9aaf3eec-7556-0c5d-8d2a-10c46ae4e07e
b333ef50-65fa-43c5-92d5-5011bb6010cb,3278c0d8-f37b-1d1d-1552-bebc960c74e1
b3bce9a7-e0a8-4881-a2fd-e7e70e10d6c0,affe76bf-196c-568a-e743-a9fbeae626bc
b3e6584e-8b99-dc8b-aa62-b3133e8a0f33,745d18ff-8d92-bebb-0bec-a1c23f0f1ddb
b3f4a73d-e308-6575-0387-0d6ef3a82b5e,1f34ed7e-6e8b-6832-1342-1c8acfd5d598
b3fce41c-b8fc-962d-4598-79d8b5c93538,6000a735-9cab-3d3c-bf0a-99522c69d4c3
b40fe965-417a-4496-b9f7-51c283484986,90a2be22-6174-e9c9-96d5-43a21ffbdacc
b43304a3-7874-4621-acf7-906e44a94d8f,c4583f9b-e98b-efe6-e99d-ecbd51a4623f
b491ddcd-550e-4214-a2ea-b5227bc626aa,90a2be22-6174-e9c9-96d5-43a21ffbdacc
b4b3b6f1-a38c-e749-15d2-4f4e87e5b2bd,3b7ec83e-6da2-7614-6475-bcb8a709db12
b4cc92e6-1fe8-8c60-ec03-0993da882b60,745d18ff-8d92-bebb-0bec-a1c23f0f1ddb
b500e2ea-5537-461c-97e4-e01d515d78b0,b855ba05-29d0-c2da-6957-a121050b3406
b5edc744-9337-e1fa-4636-0f33728f09fe,60126cb5-812c-519e-99b0-d34b4002c8b1
b53edfe9-bd48-44ef-9e7c-eb4f71ba31af,90a2be22-6174-e9c9-96d5-43a21ffbdacc
b57e7f9a-2711-4c5e-909b-1f754fdba4c3,cfe94951-3618-c173-ba5b-d172862bf43e
b5f34d28-e912-d695-0b69-f60ca673d986,e6643bd7-aa64-3969-1e2b-8fe23ab7a05b
b64870bf-ced7-419e-4995-cec864a5c21a,60126cb5-812c-519e-99b0-d34b4002c8b1
b6988d44-9ffa-47c1-ae16-0194c27c8288,33a582c5-3f76-8f8e-7952-0c83f325bf50
b6d7344a-8d8b-1563-83c4-9219ec70d2d3,f8907dc4-2785-b25c-c267-57217d92da4f
35e2bcbe-4762-7838-1233-f57d73413384,60126cb5-812c-519e-99b0-d34b4002c8b1
b6fa506f-60f6-4a48-a951-58f7910a2a05,90a2be22-6174-e9c9-96d5-43a21ffbdacc
b72afe34-5acc-62a8-d208-1c187364642f,9aaf3eec-7556-0c5d-8d2a-10c46ae4e07e
3d42cae3-2aa3-4260-0495-c788e0a3a1be,60126cb5-812c-519e-99b0-d34b4002c8b1
b75f2c01-ba03-08cb-92c5-724fb3acf1cf,eb74eb85-f1cf-cdcf-e52c-dbd06550b9eb
b75929bd-4847-441b-803a-bfe4f5793a4c,90a2be22-6174-e9c9-96d5-43a21ffbdacc
b7e93efe-3482-7c78-7052-1a23e0e74973,cd73cf62-3cdc-e875-dc47-a723de4f48ce
b7f5eb24-3916-271d-b499-68726c007340,90a2be22-6174-e9c9-96d5-43a21ffbdacc
d6d8f169-a0f7-4644-9ac1-8eed931b6ba1,90a2be22-6174-e9c9-96d5-43a21ffbdacc
b880a028-e73b-167a-7345-1d9f9df913b2,9b28c03b-f6fc-0434-b4ba-355d43301f39
b8a2e87e-4d5c-1860-8d3b-a5d829182d70,90a2be22-6174-e9c9-96d5-43a21ffbdacc
41b5badf-5e10-e2c4-516b-99c9b9adf17f,60126cb5-812c-519e-99b0-d34b4002c8b1
b8bfc8cc-2127-498e-9995-579d4080dbab,90a2be22-6174-e9c9-96d5-43a21ffbdacc
b8ee371c-c284-e286-903b-6c50a3f1adb7,a3882c5c-8fe8-9ec7-0991-77e37691dabb
b90ed1d7-ae4c-4397-89be-27ffc40ed951,90a2be22-6174-e9c9-96d5-43a21ffbdacc
b9116b7a-7eba-d101-9645-5032e6ecf882,264f4111-ac45-2696-208f-3e2c3e1c4104
7d2b4ed6-587e-afee-c8c2-7322136e62db,25c61e90-3067-5864-8128-d4efae6db1c8
b95254d7-00db-eeec-dfa6-9fe23b1bca33,465d04a1-3c7a-0622-b0e3-ccbf6a9b8014
b99746a5-bd08-3e9e-83b0-0caa751bd381,71ff28b7-18b1-fa21-e20a-73c5fef7995b
b9d96f15-f956-9fd5-e6b7-a6a6ca798fd9,745d18ff-8d92-bebb-0bec-a1c23f0f1ddb
b9fe87f0-9add-49e4-a7f9-2875e138e207,90a2be22-6174-e9c9-96d5-43a21ffbdacc
ba4e2cb5-d823-400f-8af6-fa17cbdc6b82,90a2be22-6174-e9c9-96d5-43a21ffbdacc
ba450eca-43db-4b73-7a73-8e6d1a3591d3,54891c56-fb22-cd55-2dcf-9f37d88dd347
b3867b88-868a-fbd3-76ab-e8ccf6ac029b,60126cb5-812c-519e-99b0-d34b4002c8b1
bacd3733-52cf-8043-05b4-bc55b79aebbe,4200f712-5b24-d84a-ebe7-1bb07e293e02
bb390b85-f73c-6c2e-b749-f2559e13ae0a,b348b17b-fa70-83f4-665d-892c68b93ef3
bb50e773-b1a1-18c4-75ea-86cea24bf197,e186ee61-64af-f4ee-7383-54c9cc2ddb0f
c5244fc0-e5cf-648c-2467-d62f57266dc2,f9e7f0c3-ea8f-49dc-0803-53a40368ed01
c525bbb1-8910-d1a4-2594-536b80df6b49,0dcc3edd-3666-db4d-4679-24a3e0d1552a
dd38bb49-782d-130f-c434-d19c43bed559,7132c000-e6e2-6f85-2c2b-099463b96b27
c5026c7d-a6df-c893-4e0e-5abc4a4296ef,32347a8d-14f4-2c55-28bf-d88b9955996c
c50f6fb1-05b2-4698-ba9d-fc3d6f391358,cad45597-e183-4e65-6788-5fe902efb900
c52cac92-6b26-5cc2-8dbd-7ce32a7faf2b,0675988d-50bc-88fc-bb4a-70190ad8cbaf
7912162d-c61c-d901-3c72-2623296d362b,675c8db0-1176-792e-168d-8b020a858439
c59b7947-bc34-52bc-fa1a-e8c978b8860d,096d3f68-534c-aa2a-8e73-14191b831b05
ce96ebf9-4722-4e19-e0d0-38e05365f919,00fc9fd2-245c-39dd-f43f-9e57db872aa3
ce797200-8af8-602a-a6ad-d4bae65295eb,06844d5f-c1c1-bdce-3af4-f15d594556c8
c5bf0d8c-c705-7e9b-26ca-daa78450ffac,2193b6a2-59d3-f03b-2280-dc5dec181aee
ced1bbef-63cd-4b96-93f8-ec1a648abe66,cd74723f-0a63-8d2a-3653-83b7179791fb
ceda633e-da75-ea8a-96d8-a365aec2aca6,5298f725-cf99-ccd3-8a14-b0770dc51993
cee888fe-0341-4f41-8607-0f48e032b677,90a2be22-6174-e9c9-96d5-43a21ffbdacc
ceefe40f-08fa-eff5-58a1-9064144b95cc,43f3ab22-01d5-d584-1dd5-6671ed3c9719
cefdcf5d-5a17-d41d-4a38-114b0980ab04,0af062c2-6a9f-6fcd-ee2e-276754ce8180
cf2f25ed-a039-4dd6-8b4b-188f2beef73d,90a2be22-6174-e9c9-96d5-43a21ffbdacc
c6887695-eb2a-5da9-34c7-febd2a911987,28aa48cf-5f65-f5fc-8fa7-23eea95308e3
cf977eca-7d7c-4979-a6af-79c85d9e54c4,b64809ba-6269-bade-91cf-a51170319f0c
cf8fc2ab-b37f-1a87-00dd-e8081bddb9fd,90a2be22-6174-e9c9-96d5-43a21ffbdacc
cfdf6eec-bdba-5844-2447-f3348f0f34da,e841c1ef-f433-e59c-5464-e6f87c6bfbf1
cff1ad6f-2584-cf78-9cd3-208c24e97ac8,be822979-2060-2c87-0746-ba70136667b5
cfdb4480-787a-4bcc-bf2f-8cbabfd10208,bb89d2d2-8852-cb60-d0c8-d8654c8d044a
c6e9d158-d1e3-4c0a-9597-20b33bbef4a6,eb74eb85-f1cf-cdcf-e52c-dbd06550b9eb
c731eed4-1c63-49c9-870c-c749aeca83af,90a2be22-6174-e9c9-96d5-43a21ffbdacc
cfffa2a3-71f9-47d0-e099-9869b14b704a,ae92ea8b-5a7c-5efb-9ead-e653b8f0cc29
c72a393d-c4da-4ba7-b1e1-bf98d1029744,90a2be22-6174-e9c9-96d5-43a21ffbdacc
c74f15c2-7549-7d11-ffc6-75bfb3a1964f,08d674f9-b92c-26ca-8d1c-c1e6d5f21cf3
c7642165-1494-c113-d741-57b25ecc4239,cd083fd1-9b6c-d957-532e-9ef2b17d9791
d0404af3-512d-413d-aa3e-20422225396d,90a2be22-6174-e9c9-96d5-43a21ffbdacc
d03f8906-7890-d9b6-f044-480aa6f5f8f9,0790d89f-db53-9a97-7e66-3e023e4184e8
c770a5eb-b1f3-4648-a08c-1ea1a0440e13,90a2be22-6174-e9c9-96d5-43a21ffbdacc
c7a16f80-f47c-4c63-a375-f18ad7823b84,a3882c5c-8fe8-9ec7-0991-77e37691dabb
d0717022-05b6-48de-8a7e-d6ea3b603845,8c3c98d3-a917-9339-3136-32ff569c0277
d07e0006-c798-41fd-a281-96938162ed21,90a2be22-6174-e9c9-96d5-43a21ffbdacc
c7dc6073-eead-49e5-d172-48d6848f34ab,c375a960-10d9-c90f-1507-325fe6ebf5ae
7fc009ee-cd85-8d1a-7437-946afa79dea1,15166dd0-b6a6-79e5-f235-1a88564d332f
d0c84554-c332-46fb-a069-78a69eb9637b,90a2be22-6174-e9c9-96d5-43a21ffbdacc
d0d7dc68-1e97-46ee-b91a-d389f3320f3a,90a2be22-6174-e9c9-96d5-43a21ffbdacc
c81e4fc7-aa1b-463a-9455-25641cfa38d3,90a2be22-6174-e9c9-96d5-43a21ffbdacc
d13a50af-4b2b-2bba-bbc2-e4d8b29583a5,0cadc1ca-2dcd-6a3d-cf5a-e1e573c27fcd
d1fab27c-febf-5809-7e1d-7c10ddf0c957,2b09b0d3-2a47-6e4b-f8df-743be1251d2d
d140a23b-d1bd-4b9d-9a39-a976df655261,90a2be22-6174-e9c9-96d5-43a21ffbdacc
d157f588-8d1b-4255-2d2c-d29708c290b4,401686de-3da0-cb99-2553-5824925cda98
d16d1c34-6a01-14df-e4ed-d5af1d50a6cd,bb89d2d2-8852-cb60-d0c8-d8654c8d044a
c8e020a8-a898-43c4-b6b0-c45a3f6c6390,90a2be22-6174-e9c9-96d5-43a21ffbdacc
c8dc9e42-2dbb-4ace-9094-44d192c50187,b3a4024f-027d-c0bb-7df8-956aa66ce18a
c8dbe073-7248-b7e3-ed5c-29bce650ea10,745d18ff-8d92-bebb-0bec-a1c23f0f1ddb
2ac849cd-19e1-0bf0-17f5-a9eb1ccc0c5f,30ddc420-e14e-aafa-ba7f-e3100eec7ce3
d1d72a16-b8d6-e292-5fc1-97f35478e5f4,b348b17b-fa70-83f4-665d-892c68b93ef3
c907f39c-bd8f-4b7b-aeb7-edaaafd5311d,90a2be22-6174-e9c9-96d5-43a21ffbdacc
d1e8b92e-1887-4958-8836-c3a156cc6ff6,90a2be22-6174-e9c9-96d5-43a21ffbdacc
c6a3757a-51c4-4edb-b7d4-09dbd6e9897f,c176e61e-b705-de2a-bf42-484d8aa4a4b2
c937e1b3-5635-43fb-bda6-ebd56b4686cc,f300ec90-f57e-24bd-3684-efc81550357f
c9319f31-f70e-37b9-fba5-26bc0b509523,de56e75b-2371-3e25-743c-47bf5b680197
d21b06aa-02b8-ef10-ad68-ac7a3678cbbf,7d0df5af-6f38-aa6b-d549-0dbd82401168
c979eefc-4415-4bb9-9d33-8292eadeecf2,90a2be22-6174-e9c9-96d5-43a21ffbdacc
d2483dcc-2740-6be8-a36f-d4ddeee6d047,cd74723f-0a63-8d2a-3653-83b7179791fb
c98718bb-14fb-42f9-8945-f493fb7660fb,bb89d2d2-8852-cb60-d0c8-d8654c8d044a
c9abb751-d41e-4e9d-9c50-0888546d1557,eb74eb85-f1cf-cdcf-e52c-dbd06550b9eb
d264167b-385f-43d9-82c9-c1409627e20a,90a2be22-6174-e9c9-96d5-43a21ffbdacc
c9f3f6f9-fb63-019b-33e5-05db74ead1b6,0907d677-4866-7163-2526-d3734bdaee2d
ca32c194-6e71-4f37-a3bf-cbe9b92fdd76,eb74eb85-f1cf-cdcf-e52c-dbd06550b9eb
ca383371-cd0b-4fd7-b8be-0d32fb10b31c,90a2be22-6174-e9c9-96d5-43a21ffbdacc
ca4492a1-c114-b960-32bf-469ea9cd03e0,90a2be22-6174-e9c9-96d5-43a21ffbdacc
ca60e55a-ece0-4ea8-91c9-64f7896e061a,5dcf5085-d96b-8242-0ed0-581cf295304d
d2f5d846-9497-c135-4f74-6035d2bcaba7,401686de-3da0-cb99-2553-5824925cda98
caa9fb8e-04c9-26c3-04bf-11b2227924c0,e41d7d3a-3a09-4579-1ae0-624afb4ab4c6
d31a5fdd-4d32-4116-a752-5aa345d47143,bb89d2d2-8852-cb60-d0c8-d8654c8d044a
cac6a21a-7ce5-86aa-7396-6179c85324f0,097434f2-e680-45e6-b63e-f2116b62f362
cabdbf26-d025-3cc6-7553-3d798afab37e,66fd80ef-6910-b5e4-7d97-1c6f6d6cd916
81ee840a-6bbe-de87-fe52-ff1c0bf6deff,871154bb-0d1e-33ea-57e8-53ea82b48d9c
cafbc19d-5807-4284-878f-b726d1949c3e,90a2be22-6174-e9c9-96d5-43a21ffbdacc
be3e6a87-504b-9495-73cc-78a14dee17e5,b348b17b-fa70-83f4-665d-892c68b93ef3
cb160a00-df3a-4fdf-a099-58a9bd2043b1,9929c71d-2190-1b8b-07b0-c429a7129bec
d389d855-4839-be3b-2a2f-622a19418ad4,48732bd7-0405-0d82-b736-5fb6abd7b9df
d3d9645c-8eb2-d994-4db9-ad9e0bfc265b,745d18ff-8d92-bebb-0bec-a1c23f0f1ddb
d3f7dd52-8603-26b2-81f8-50c415cfd974,5daaf0fb-374c-ce07-3b19-f1febd6cab00
b556b8f2-189f-22ba-d856-69d3380fe29c,ca62b6f1-7660-b083-2c35-42fb1148858d
cbd79031-3363-49e8-94da-8750c67547e6,cfe94951-3618-c173-ba5b-d172862bf43e
d46a4864-dce1-32fe-90d2-42195d07c6b9,5e79b4f3-191f-d90a-2287-c4bc7e33ab31
cc1ca364-e89f-4262-ad51-c03944721465,f300ec90-f57e-24bd-3684-efc81550357f
cc252380-96c9-13d2-d534-86862fe1cac9,44f5d9f7-7689-6cd0-63ee-93fe9f23e526
cc287c48-7acf-7e43-3e2f-13ca0b495590,ec3301d0-bca9-2709-14ac-aadfc97ac672
cc4c51b9-8558-409c-8be9-7244ef4b82d2,eb74eb85-f1cf-cdcf-e52c-dbd06550b9eb
d4aea430-740f-0327-2237-be356f828946,c4316e13-0e7b-6c2c-65cb-841ac136c597
d4aec3be-efcb-4846-b308-ac8ce1f1b55b,90a2be22-6174-e9c9-96d5-43a21ffbdacc
d4dd3c62-16b7-66d6-14fb-3055db251935,678faf7c-956e-4722-3ba4-0aa0f326d814
cca3da57-8d97-c3d7-dc1a-f4b0556b6eea,55b31221-5a4f-cfd1-9c2a-329fdbe6dc01
cccdf74a-289e-9262-3670-26425056a319,1ea45380-d2ef-ae7f-1bb4-82b3653ab1c4
d51a99c0-fabf-ff43-8c7a-c3b36f57244c,13ffb935-e5ae-d962-4055-a84ebbe6df29
d56f67f3-d9b3-6170-5233-ed0878bfaa60,719e41b7-6890-8c88-9d14-abb6f7d0ba0c
d54a08ca-f6c0-4df5-bcf8-502bc0005015,cfe94951-3618-c173-ba5b-d172862bf43e
d55de1c8-0093-29c4-b34d-22eba3c73934,6676c5f7-06d1-7e9f-2ee5-09464c38a13e
ccff8350-db9d-3f23-baf7-cf7bac130fd4,f82fc139-4768-11a6-2456-359dba88a5b4
cd08303a-56ac-264a-b231-9208ee8ae42f,ad775413-6eb0-8594-541f-3e6bbdc9b4e1
cd3c3a19-917a-7f73-ec80-1b892ba4f215,5b0826b2-1057-c7e5-5960-87d7c375e3d6
02a5ca48-83c1-1e81-0b1e-29cd1701f38f,4232ad8d-0776-6780-d4cd-71e801eba8d8
cd4d9d3a-b43d-824b-c5f7-bb64298b5395,bb89d2d2-8852-cb60-d0c8-d8654c8d044a
cdbbb227-d4a4-186a-525b-c095d7ca0488,75e69120-0490-0c7f-a834-ee6ad858316e
d6154402-d8d8-2bdf-0eee-6e21cf1f1126,56afbe0f-96dc-4bd9-8baf-d589c40527ff
79577881-56c0-739e-06d6-99689d4484a0,15166dd0-b6a6-79e5-f235-1a88564d332f
bce9c58e-b881-4943-6e28-85320b701dff,e6dec9b1-6d62-23ad-2d4e-8a67385ab67b
bd2fe03c-6a99-475b-918f-0d620da6e896,90a2be22-6174-e9c9-96d5-43a21ffbdacc
bd4624e7-d915-40e7-8ff9-77ba2ce87bfa,eb74eb85-f1cf-cdcf-e52c-dbd06550b9eb
bd8f0b79-5c02-425c-967e-94c03b450c59,cfe94951-3618-c173-ba5b-d172862bf43e
bd954973-dd10-eb41-13b1-1a4463e5f4aa,8b43c7ec-b589-e833-b754-09152f58b8e4
bdb190d0-265c-4ec1-b648-e58e560301ea,90a2be22-6174-e9c9-96d5-43a21ffbdacc
bde178a8-8b63-59d7-cfc1-06d1671f4597,8105fe11-af77-a14e-19ca-d67185c7dd15
be05f149-fa6d-486a-1752-6f6a5e809c9f,482fae1d-5f66-2a76-e86e-4972578386aa
be1e9098-ab6a-d8d1-bcb8-c7b8e088bd0b,4200f712-5b24-d84a-ebe7-1bb07e293e02
be1b43ab-f568-4bac-a0ee-98bc1abfc044,eb74eb85-f1cf-cdcf-e52c-dbd06550b9eb
be3d6d8c-73e9-474b-a5c2-3260e135cf60,90a2be22-6174-e9c9-96d5-43a21ffbdacc
be6956dc-be07-4809-b45b-e0f8a72d1818,bb89d2d2-8852-cb60-d0c8-d8654c8d044a
be8ac87a-39d4-3530-2a7f-2fffacb8afe4,c4316e13-0e7b-6c2c-65cb-841ac136c597
bea73462-aa64-ae48-5a86-1f3a989592f8,bbfbde5b-09fc-c77d-5668-4bce06f3696c
cf813eab-dddc-db75-b9cb-fdcf8a560f66,bad5e720-63d5-cd3f-f291-560428b2259e
5f2da7a1-74d8-1336-2ddc-a9024a5b7cb5,56afbe0f-96dc-4bd9-8baf-d589c40527ff
beb4e1c9-32c3-4a26-9cb0-9ff3dc738f72,90a2be22-6174-e9c9-96d5-43a21ffbdacc
beee8e20-ea76-f55f-677d-26d76f33d17e,bd7519c7-6591-3dc8-7380-e0e47a222ec6
bf14fc9a-1258-4dd4-2583-f6d64e0e393e,aa7aa4a5-c494-8490-0aa0-1dc9e3aecc89
bf2fecfc-3fe6-4a1b-952e-bdec56a2513c,90a2be22-6174-e9c9-96d5-43a21ffbdacc
bf4e22cf-f0a9-41a6-9110-ddc0dc9ae1d4,90a2be22-6174-e9c9-96d5-43a21ffbdacc
cf79eef0-b064-abf3-f37d-bb33fc4b5868,130a5165-aa1e-11b8-6710-ee429e7850a0
bf76675e-197b-68d5-e7b9-2fa61a08caa7,3b18a414-b58e-a546-1f10-2e89fa3a6bcf
cf6d4a86-d522-512f-ee7f-24d8a685ef35,097434f2-e680-45e6-b63e-f2116b62f362
bfad3183-a811-4d98-8891-a455df736d96,90a2be22-6174-e9c9-96d5-43a21ffbdacc
c000b50e-db55-47d0-88a8-06432240ef73,294ab927-4764-ecf7-a68d-9b61e25b3b71
c04e26d9-3e9c-4996-8083-18d4f8a68b0c,cfe94951-3618-c173-ba5b-d172862bf43e
cf8c9c4a-4712-563d-c5c0-02438c072667,130a5165-aa1e-11b8-6710-ee429e7850a0
aea16e66-34ec-120f-5563-556ecc040d05,56afbe0f-96dc-4bd9-8baf-d589c40527ff
0b03ad8b-956e-04c5-fd20-20bdc1e69d9b,
c131456e-0cdd-c477-5e29-7c73530bad79,32076e92-9fe5-3fc8-2ca3-bd3607011db9
c6bb07af-c8c6-393e-437d-d40ea46cd52a,fc1efe0b-90bf-e427-747f-374e0371024f
c18a13b8-5c58-4a17-2456-b360cb28fb41,55b31221-5a4f-cfd1-9c2a-329fdbe6dc01
c1cb83d7-4498-4648-ab2e-94a66138fff1,
8d3a058d-c3d2-c4e0-cf79-e6c5b94ce722,15166dd0-b6a6-79e5-f235-1a88564d332f
c1fe2be2-466a-2c81-c7c9-62e80721719c,07e7b8be-6098-b51e-1691-346be6c8b12e
c2412eeb-c2fb-4db4-b988-41cdecfd06a6,90a2be22-6174-e9c9-96d5-43a21ffbdacc
c25b6356-af8b-e77c-9342-96cb410b4a60,11ee0b7f-2316-9a2c-3574-0701fbb4f76e
c2322056-5e7a-4d2f-96e1-a919ffe70e59,eb74eb85-f1cf-cdcf-e52c-dbd06550b9eb
c284b713-92c2-4593-89b2-7bf142850655,90a2be22-6174-e9c9-96d5-43a21ffbdacc
c2ae8acc-1048-466f-890c-9c02e8d1e434,90a2be22-6174-e9c9-96d5-43a21ffbdacc
bfa8248d-9b30-8000-4c37-c9883f1a7003,130a5165-aa1e-11b8-6710-ee429e7850a0
c2d65bc2-7166-6a28-a1e4-73f16bc451ec,0917cf66-bff1-7a1c-872c-edbc3742c0ed
c2c5e8a4-e4fe-9ad3-0f86-655c2367f299,0af062c2-6a9f-6fcd-ee2e-276754ce8180
d71279bf-df25-06cb-daaa-d7f0be010672,23e7b48f-4552-d6f4-838e-60a6c6a8ae90
bfa602cf-f147-915b-8927-b7b502212dcd,11ee0b7f-2316-9a2c-3574-0701fbb4f76e
874ba3a0-50fd-916b-f102-b7c218caaa19,d293349f-d340-39b2-1106-ed731368b470
bfb272d6-0af1-83fc-7ce7-65e9208c8cb8,e99c20b8-a24e-dfc5-d219-e383f3dd6bed
af3492fd-6635-9053-cc9e-c0244c5e233c,71257345-5e7e-4a82-dcc3-84bd76ea0b0f
d81c7764-e4aa-ebe9-d6f7-4962a2fa4572,c9fc7227-1657-9dc6-f72b-61a9e2ad5162
d8596ee5-41ce-4c6e-8382-056b268750e7,90a2be22-6174-e9c9-96d5-43a21ffbdacc
be72b718-6213-1b07-2d8e-e1050d2f5177,e8b2effe-1be4-fb27-0699-b54760702019
d898d5c5-6332-46b4-a62c-b57ac158b542,88387f8a-c4d5-e351-8baf-eee6c2b6b407
d8c90df4-603e-4a33-a137-a745e41f34f1,90a2be22-6174-e9c9-96d5-43a21ffbdacc
dba5306c-6bba-4898-fa2d-0e2a72a8475e,86f74a08-1b1c-3d92-d7db-f93035a647e4
d9247058-114b-424b-bc77-866f10762fa4,90a2be22-6174-e9c9-96d5-43a21ffbdacc
d95f1801-2b39-06b0-900a-a0873091ce41,90a2be22-6174-e9c9-96d5-43a21ffbdacc
d9764a49-4676-ace0-9bfd-b0f174b901fa,4102c3a7-ba56-4128-e2a4-b621c4cbbb3c
d980c007-0af1-5b32-5400-d0292d216687,f300ec90-f57e-24bd-3684-efc81550357f
d982d590-4953-c978-69c5-62df75524712,41b349a5-441f-f3a5-4dd4-9771ed57b770
6f88674c-9530-0f2d-1dc9-2ed82fb4d5fa,15166dd0-b6a6-79e5-f235-1a88564d332f
bfef450f-ccd5-6ec4-ddba-20069c09edb4,6c39670f-7044-7b5a-698c-cf0167c7cede
bff85752-3fc1-08e1-e81c-b548743e800f,af832c44-60d8-f026-4fbe-5cac65a97173
bfdee4fc-f2cb-776c-51b8-e730bce48e71,ef8e8524-c614-fe3b-87ca-f9a367d527d7
131e3b31-2e1c-c021-d66d-7e7d9f8b16f4,56afbe0f-96dc-4bd9-8baf-d589c40527ff
da8482be-f040-4a9f-a2c8-1742cbd1fbe7,9929c71d-2190-1b8b-07b0-c429a7129bec
da9d640c-6ca0-4ef3-a9ae-d6b8698264ec,90a2be22-6174-e9c9-96d5-43a21ffbdacc
da6c1f69-5bb3-6778-ba0e-609a9422de63,bb89d2d2-8852-cb60-d0c8-d8654c8d044a
db0cb529-ff1d-8db5-e245-f6729580348f,30c467f1-6499-e5b5-9274-bd076dc3c5a3
db420597-0d79-b367-33fb-9fb5d9c09e2f,c66b370b-77c0-c9c7-af20-d4949fc6c4a9
bfe653b4-c3f3-f5d3-b8c0-fcc95c4aed09,9f7a2d87-693e-bf27-c14c-b4280572a4b2
db6f64fc-3102-4817-9efb-07d2f9b3965b,90a2be22-6174-e9c9-96d5-43a21ffbdacc
8f1d22c1-a6f9-3d9f-7a41-2c52a1baa1cc,4094127a-4ab2-0b7d-92af-a9aa0b554f74
dbd2f585-56d6-0ed0-1241-b171261eeffb,cd74723f-0a63-8d2a-3653-83b7179791fb
dc03b80e-2742-fa38-ceea-658d737765b7,90a2be22-6174-e9c9-96d5-43a21ffbdacc
dc25e569-bd57-43f7-852d-3914691c6ee6,3011ec0b-89ad-e404-0997-a2a7612378c9
dc6b3009-374d-62bf-b332-3e2dcfed2d7a,00c33f38-337a-5d74-fb87-e96ca2399608
dc94100a-dc36-46f1-8b56-9251fd04c205,88387f8a-c4d5-e351-8baf-eee6c2b6b407
dca3c83e-cad9-5442-1c2b-ce52705b8b45,7b482c3d-941e-285f-c559-74103c8eaec7
dcce1e6f-3c13-4f95-ad12-9d39a9ec6a00,90a2be22-6174-e9c9-96d5-43a21ffbdacc
dd119948-2423-beeb-8208-0a3462af4b87,2749a9f9-07f8-1864-3db3-c6797f2e38dc
dd1b0aa8-93ec-4cc3-9829-8f8dcb6b6bad,eb74eb85-f1cf-cdcf-e52c-dbd06550b9eb
dd7897e4-f466-67a5-09b3-c13ff36e4c46,7508366a-7c3f-6a3e-fe84-b80f736f5e61
ddbe290c-23d3-9c85-e1b6-be733f9634c7,745d18ff-8d92-bebb-0bec-a1c23f0f1ddb
ddd051a0-fc58-4f3e-a47f-d82a795e18d3,90a2be22-6174-e9c9-96d5-43a21ffbdacc
de689796-973b-4033-404c-d8816981b292,9aaf3eec-7556-0c5d-8d2a-10c46ae4e07e
ddfae8cb-1667-40a9-a541-1285640c1ee1,90a2be22-6174-e9c9-96d5-43a21ffbdacc
de34526a-79e9-458d-bc7c-b647f896ef1b,40f6920f-7122-b5e9-e451-55a4fadce240
de319da0-f10b-a59c-9481-287c36d48c8e,6fa45c67-f902-788d-74e3-204c14b12f57
de29b5af-ac23-cdeb-6628-990d0c750e7c,003326f5-0d98-bd7c-68b1-383cf6e9ee13
de022a37-1864-4466-9deb-aa2398883dcc,90a2be22-6174-e9c9-96d5-43a21ffbdacc
de68a444-77eb-41ac-b408-b0f601d82801,90a2be22-6174-e9c9-96d5-43a21ffbdacc
de9e008f-84f3-4fc7-a1e8-e53bbad70566,b3a4024f-027d-c0bb-7df8-956aa66ce18a
de88a3bb-6ed7-0652-05cd-5d09e69f54fd,745d18ff-8d92-bebb-0bec-a1c23f0f1ddb
deb7346c-cfb3-4a56-910a-aa0fd6cabf37,f436749a-9242-81ae-4ce7-effdd929e126
df3b2333-a05d-a2f3-17dd-af15acf15440,6ce31245-f25f-aacb-7bd8-4985d08bcdd7
df91e5e5-17e8-1631-84fc-2abe70b72c2a,f34ce96c-a28c-802f-7eb5-aa31c5be8f14
df89c8e2-546a-4aa5-8fd0-5de71ac157c3,90a2be22-6174-e9c9-96d5-43a21ffbdacc
dfa50d43-a0ee-4642-bfd4-1403b9ba4a16,963c9b75-1356-856c-c923-aab93a1202dd
df9b9642-8ad7-5c2e-677d-822a69cfeae5,bf7d10ba-cbde-0e18-5ff2-20c99b86f484
f167b14d-4cd7-d27e-d31d-b6e9df6750f7,c27bd5f4-5400-8403-d998-0e53fbe904f9
f1708c06-dfb3-405e-88a1-0ceeba59d32d,98e06b6e-bd17-6764-2d19-13a5933b594b
f17befcf-0efc-4e05-94ca-846439f9639f,bb89d2d2-8852-cb60-d0c8-d8654c8d044a
f1bc9229-c856-41bd-80ec-8b58f509d38f,90a2be22-6174-e9c9-96d5-43a21ffbdacc
f205c0e1-f3d8-8020-dc92-156e488d62aa,027fd53f-9d28-bd50-beb8-ed2cc23e3806
f264f58b-f435-4f74-9754-c86306ae2a14,90a2be22-6174-e9c9-96d5-43a21ffbdacc
f28bf881-af50-7823-c828-a781c0ac07e4,33d21b67-32dc-a262-9efb-eadf89ca1638
f2bcde1c-4a9d-4ae4-a309-41ecdc16564f,78c6cd53-c7eb-dba6-c742-6e3318e287ed
f2e84997-faca-426d-b0e8-b41045c3f2f1,90a2be22-6174-e9c9-96d5-43a21ffbdacc
f2e780e5-8d63-337e-4ab3-fc835e1784a8,6fa9f3ed-f15e-4d3c-775a-cc3761b5da8d
f326a2d0-2ea6-4075-85d8-b6ef0c726df1,90a2be22-6174-e9c9-96d5-43a21ffbdacc
f33dc259-5267-4321-93d1-8107ad6b14cf,90a2be22-6174-e9c9-96d5-43a21ffbdacc
df94192a-4b4c-57db-9c9a-65b8659ce7d3,11ee0b7f-2316-9a2c-3574-0701fbb4f76e
bf56326a-9a3c-368b-1707-c0deccdaf80e,4094127a-4ab2-0b7d-92af-a9aa0b554f74
f458af87-b5a9-416e-bdf8-b84d0ce06e13,0f9ac625-729f-2057-f9a6-7948622398e4
df8ce2b3-e376-11c1-1e88-c987e6e77cf2,e2aec92f-f876-8e89-7070-c738541b3cc5
f494d2db-737d-4d2c-b9b3-9d23be37c0ae,90a2be22-6174-e9c9-96d5-43a21ffbdacc
f4cb7ba8-ced9-412f-93da-ec10534b9187,ec22307c-2d24-6888-0632-347f6c2df532
f502e143-9eba-1469-3b85-9cd9c4391ff3,c1203aca-27bb-973f-6095-afc61df4af9f
f503d450-5d84-4e35-9aa4-4db8e1af4c76,90a2be22-6174-e9c9-96d5-43a21ffbdacc
f50aad97-a9bc-48a8-8f19-72203434b7e3,47d32864-5557-4b9d-fc46-435dcdde139b
f5570d0c-d6d5-4ea5-8738-0c6d68f97e71,0ba11682-78d5-5464-b6d6-00a1557f34f1
f1cd0d49-aaee-06b3-bb7b-6fe677675c39,a13ba127-89be-b4e7-341a-0893f8bc93c9
f1abcd98-9af9-da72-048c-4d923e2fcc80,6dea8007-b95b-3bd6-01b6-50776ce926aa
f6114dff-c035-a794-bc99-268506fbf02a,096d3f68-534c-aa2a-8e73-14191b831b05
f654b63f-2b75-44af-bd6f-ac4b8b79da5f,90a2be22-6174-e9c9-96d5-43a21ffbdacc
1e7ecc98-80de-8120-69c0-2a19dc24d47e,60126cb5-812c-519e-99b0-d34b4002c8b1
f6b6a31e-ff41-4693-c6da-2a27591cdda3,e99c20b8-a24e-dfc5-d219-e383f3dd6bed
f6ae89f8-e5df-b6c6-1501-d780931af3a2,9d3fddf7-5294-0b29-7824-6a141d8c5257
f6bda0bb-9680-44bd-8867-d06f84be2130,90a2be22-6174-e9c9-96d5-43a21ffbdacc
8cba2420-09d0-18e5-df64-e49982f1a682,e8b2effe-1be4-fb27-0699-b54760702019
f2bc9e0b-3c14-e0c0-bd49-9379824252d6,06a88c49-674d-468f-5616-b5ba743b66e0
f74189b6-d37b-4fe0-8aa0-8e08b0e50300,90a2be22-6174-e9c9-96d5-43a21ffbdacc
f7663619-6e78-40e5-9995-b1b46fb1311e,bc638510-43de-0600-d139-b4e51e0283aa
f7d8adb8-4153-4bfa-8c64-861bc093f70e,90a2be22-6174-e9c9-96d5-43a21ffbdacc
f807f8fa-fa2d-4426-348a-51924ad3247f,a36da49d-2694-fc16-8442-3e6ccec2fa4f
f8352fb1-89dd-4189-a3cf-5998296c0bce,88387f8a-c4d5-e351-8baf-eee6c2b6b407
f83ef6ae-0fab-4902-8252-5d82777968f8,49c93341-fe44-80ae-73d2-688c72bb2123
f879b8bb-d4ef-4b5f-857b-0217be604c36,90a2be22-6174-e9c9-96d5-43a21ffbdacc
f879866d-0010-5cbd-7f00-166933ab38a9,632285a3-8185-4cbf-5ec3-5a1ef9654166
f891b8d8-0577-469f-8e3e-1341b1a8b3e3,
f8c37547-79dc-c9ab-c119-4948085e16c1,5359a2a5-0c95-50d9-138b-7b235ecd3248
f8db0f72-067c-a13b-1aa0-47dd22230684,894a870d-86f7-c871-c4a7-014896c1f305
f8ec4988-5b43-4c4f-838f-4a98092a972c,9a209f12-d0ce-c9ce-4c72-a82251555c2b
f90f7f7f-5f92-cb84-78f8-661d7e7cf7cd,fe4a631f-4523-68ff-4c5d-edcec7d43939
e03556bf-cf0f-a25b-b7d1-51c2af97fba2,325e7bc5-1818-741a-49e8-ecb0e5eac0d1
f9415dd9-1cb1-4182-b278-026d0b58c345,90a2be22-6174-e9c9-96d5-43a21ffbdacc
f9b3468e-aefa-4a6f-930c-9b6230022f63,90a2be22-6174-e9c9-96d5-43a21ffbdacc
f3174860-f606-2fa5-6bea-577bfa1f6858,60fb555f-5fa9-8347-1a3c-698cd9a3e1b2
fa236220-1310-4091-b901-ce8a752b749a,90a2be22-6174-e9c9-96d5-43a21ffbdacc
fa047503-64a6-46d2-a592-2fd2584151a6,90a2be22-6174-e9c9-96d5-43a21ffbdacc
e86c292b-978b-43e5-96cf-8e2790404dca,bb89d2d2-8852-cb60-d0c8-d8654c8d044a
dfd6e6fd-1853-4cd7-a90d-247cac0bc6c9,90a2be22-6174-e9c9-96d5-43a21ffbdacc
453a57b6-60da-5b69-d24f-1037f8b9710f,15166dd0-b6a6-79e5-f235-1a88564d332f
dff5c53d-4b32-4279-aae5-f2b48628d502,90a2be22-6174-e9c9-96d5-43a21ffbdacc
f32adec9-4f4a-9387-dc0a-4de34de8312c,1ddb6405-837e-3281-86d8-0802d2f549a6
e01d7e9d-15db-d671-87ea-ad3b3d8ea27e,a626767b-2eac-a4d1-3260-a0b752c11402
f332dcbc-f6fa-d2bf-ba49-d8abefca44c2,d27a0193-1deb-d408-e79e-e943083a9eab
e00a7a59-7456-4651-90d6-51621b70e937,bb89d2d2-8852-cb60-d0c8-d8654c8d044a
e01f954b-0ea1-340a-8151-4e9138b8a74a,cfc981d2-e13d-500d-77ca-616939d7dcd9
c56821a3-525d-38ae-d535-84ac846198b6,b6526a78-86ab-7315-6ecf-4c8b662319b2
e09cebe0-f8e2-4721-a557-dcece2127b2e,90a2be22-6174-e9c9-96d5-43a21ffbdacc
e0a15f49-b471-34d6-a677-ae719b3c9a9b,28cded2e-b548-2c29-07f6-11fd7f0f2db4
e0cedb7a-59e6-12e0-bed3-29b82e915e08,a9e564f7-4927-4b2b-b54e-426de8bdfd1b
e0cc218c-69ca-4fc9-8448-4539d4916c01,90a2be22-6174-e9c9-96d5-43a21ffbdacc
e11519eb-edd7-435a-8575-eb6af4e74537,af832c44-60d8-f026-4fbe-5cac65a97173
e1067c5b-548f-101c-f4f4-88e281a5adda,32347a8d-14f4-2c55-28bf-d88b9955996c
e10a4881-fa27-a4f1-d314-c3cb5e58693a,05b628d4-2f35-ee1a-0c05-ce45444c5de3
e1274cee-40bb-48c3-a785-12840085a5ec,854f8761-e9f5-4023-4c8a-0290cb2cc983
e155ae03-ef1b-4b77-8cf0-9d220ee41e20,9fe223c2-6fcb-a8d6-3108-e0d0a0e34ef5
e159deb0-e3a1-4a42-b654-6c65ad87a83b,9929c71d-2190-1b8b-07b0-c429a7129bec
e20b814e-70bb-41f9-8600-bfa710f2d3ac,
e18fb384-0417-4b6b-ad45-d6de050f2eb9,90a2be22-6174-e9c9-96d5-43a21ffbdacc
e18b2202-3670-c252-350b-bb89687fbb25,f82fc139-4768-11a6-2456-359dba88a5b4
e1a22c73-6697-4316-8187-bdeb9b1eedc6,87dbf7e2-ded2-998d-86bc-ab6beea36f04
e1d0c8ec-0753-d630-ceb8-498b955f396a,78c6cd53-c7eb-dba6-c742-6e3318e287ed
790e333d-b87c-f11b-58eb-6a60a2e4a66d,15166dd0-b6a6-79e5-f235-1a88564d332f
e216d75c-fbe8-46b7-8a3c-354e721065c4,90a2be22-6174-e9c9-96d5-43a21ffbdacc
e22dfeba-201c-4008-ba5c-220a94490192,eb74eb85-f1cf-cdcf-e52c-dbd06550b9eb
e23df589-7cb2-e33f-788c-d84b17bf0507,cfa57e7a-ff1c-049b-f538-0ec7601e63ae
c1185ef1-47fb-7edc-84fb-83b52d4dee25,6ff5729e-96b8-799f-c8d9-1126c1796756
e2b3be00-5c52-1060-47ed-fef1152bc9db,f1ba03f3-a2da-cd00-98e7-2797d68dcc83
e2e58ce4-c7ec-1c35-a2d8-3993ad063bc5,8d27c291-3a02-337f-09db-6f4399984929
e306828e-102c-7be4-d12d-cd22e332fda4,6c9623ba-0f34-7a29-bbb1-9ec9e0f3323d
e3086bbb-7906-48c2-bf86-96e7f089bcdf,90a2be22-6174-e9c9-96d5-43a21ffbdacc
cf749cda-3f06-a4f3-ef62-48710dd740fd,60126cb5-812c-519e-99b0-d34b4002c8b1
e33fc404-5c0f-4fd1-b0db-bb9b553df5a3,90a2be22-6174-e9c9-96d5-43a21ffbdacc
e374c63d-bcbe-465d-a584-ad22e314b1cb,90a2be22-6174-e9c9-96d5-43a21ffbdacc
e35f6908-5efa-40cb-adf6-36e3d943f20e,eb74eb85-f1cf-cdcf-e52c-dbd06550b9eb
e3771046-587a-be89-281e-46466bd98ed4,90a2be22-6174-e9c9-96d5-43a21ffbdacc
e3a6b6e9-7912-466b-8adc-3ca77eec63bc,90a2be22-6174-e9c9-96d5-43a21ffbdacc
e3db12ce-0d75-407f-be17-fec67b1934e2,abea00a1-b5e0-cd2d-bd13-d0b506748626
e3f6334c-eeaa-6da1-7f65-760a8b7aee85,e8b57e8d-e9b7-1dd9-2837-7b464ba27767
c16dfe8e-0bc2-344a-2855-0296d23e3185,fc1efe0b-90bf-e427-747f-374e0371024f
e4120277-5068-bc7f-58b3-f22f7bad989c,052a9378-b164-90f1-975f-a6e38cca998d
9d1a1071-cfbf-7fa6-3212-326431af92e7,2d2b1875-5e60-9d20-2c40-498b0e263012
e47aa489-4bf1-4342-af80-664aff2178ae,90a2be22-6174-e9c9-96d5-43a21ffbdacc
e485e5d7-797b-fd0d-1f5d-f59381d579fc,0af062c2-6a9f-6fcd-ee2e-276754ce8180
e4b84803-6710-fcff-c329-c6fc009cec4e,482fae1d-5f66-2a76-e86e-4972578386aa
e4ed03b5-6cbb-42d9-960a-6e64b5c0323d,90a2be22-6174-e9c9-96d5-43a21ffbdacc
e560bf27-30cb-d027-a6e6-e8a5cd53918f,94756ee0-3807-5588-8d82-59764f0a80da
e5cddfc5-2ac9-4f5d-94ee-731aa6dc4e1b,90a2be22-6174-e9c9-96d5-43a21ffbdacc
e5fbec45-219a-481b-9b4b-074564c43867,b3a4024f-027d-c0bb-7df8-956aa66ce18a
e5f76603-56e4-1eaa-dae3-9d1528a11825,0af062c2-6a9f-6fcd-ee2e-276754ce8180
e5f65d57-8616-46a2-aec5-eeaff5232526,90a2be22-6174-e9c9-96d5-43a21ffbdacc
e6666497-fcc5-477a-a203-bc1b6cfb5e46,ecc8b691-1e2a-35c2-0cd3-c2edf50c0098
e665edcc-c5e8-08b7-10eb-193830ad9c4d,cdca0404-3597-3e38-f6b2-024740ef00dd
e248544f-32d8-fa2f-8611-13047c572e8e,cd74723f-0a63-8d2a-3653-83b7179791fb
e65a4194-0639-4882-89aa-bca1520b46d4,90a2be22-6174-e9c9-96d5-43a21ffbdacc
e6b24d96-0791-4ad2-b9a4-53b96ecf602e,89181216-6ebd-01d9-9e5a-c22f53d958bf
e71f72e4-1884-4809-bbb2-40910cc39359,90a2be22-6174-e9c9-96d5-43a21ffbdacc
e7262036-db5f-41b0-bff2-deea0ca41942,bb89d2d2-8852-cb60-d0c8-d8654c8d044a
e72ed490-017f-4a12-c20e-8e923f78143c,f1c31561-e62e-bcd2-9004-ac2390a5a8f7
e7b32413-a018-4aa7-b3c6-5851cf9994e9,bb89d2d2-8852-cb60-d0c8-d8654c8d044a
e7bf0a9a-1e4a-097b-7554-d72dae86921c,14f1217e-5e35-84a8-ff58-251a3d38beab
e7d11429-8f4f-44f8-b748-7ac3dca88e1c,a2a11e40-3a2c-9932-de0a-800cbc37a0f0
e7e049c8-4f43-e2c9-c4b2-ee81cb1f27c2,11f31566-ab25-0f76-332a-4b76ee670cda
e820bcf5-c120-1d8c-97dc-83ef1d7fe03f,7132c000-e6e2-6f85-2c2b-099463b96b27
e814e80b-fa71-a278-0830-1395abf03030,4fb71d01-db8c-6596-a258-d19c8da2114d
e9f94e2d-7550-496b-80d8-a0bd58f012f8,90a2be22-6174-e9c9-96d5-43a21ffbdacc
713d2506-7ca3-cd18-b679-b3428b043a19,
e8e381ea-6d2a-fd22-b070-b9289882e42d,3278c0d8-f37b-1d1d-1552-bebc960c74e1
e940d6fc-5c60-4acb-9dd3-8f283500f68f,cad45597-e183-4e65-6788-5fe902efb900
f37b04cb-3002-9a00-0802-0f408992d583,4d6f061c-e24d-1a69-9cb8-b474af634e6c
e97093c7-f315-4bd8-5e90-ca689b5e1fc3,096d3f68-534c-aa2a-8e73-14191b831b05
e982668b-d3f7-a971-7145-89cf5aa88642,848434c1-62b3-1485-8299-d87fc515b086
f028391b-f405-d2ef-0311-51fc51c86a95,
655df3dd-a4d9-bf86-f515-c8bc5fd2e5f4,
ea5bb03a-1c43-ac21-c23d-b6e1ca0a68d0,c74a8585-752b-3afb-9e75-7b61f31db949
ea6d7287-f72b-aa47-572b-798a7e94d629,894a870d-86f7-c871-c4a7-014896c1f305
ea4c81a9-84af-44c5-a9a5-1742f62fb2c8,64b78f19-34e4-809b-942e-a4de325e11da
eab4483f-7078-4de6-9039-654c0b336b69,bb89d2d2-8852-cb60-d0c8-d8654c8d044a
eaa3fd8a-1dce-4c37-8d99-62c1d78eab96,fe92a332-f815-d5aa-eddd-17def8012750
eb2caeec-3bac-dec1-6966-a764105af30d,5453c9f8-3a95-c59b-e0e3-eb1d47a6fde9
eb5ed59f-8429-293e-149b-e6966d230de1,90a2be22-6174-e9c9-96d5-43a21ffbdacc
eb4f21ed-56ad-db4a-5eca-0b1ea550ced1,55ab1590-fa01-39f0-eab1-4fcd1562301e
eba0c56a-060d-5510-1b09-730ea81a6058,a9cff8c9-0b7a-4aa5-31b7-e8813646992a
ebf957ec-770f-b534-ba74-f1e0d8a2b3fe,b4c462de-a2c8-6c12-051f-ffe95c6110f6
ec04dcd4-b3a7-7261-c7f7-aefc37919953,678faf7c-956e-4722-3ba4-0aa0f326d814
ec4d7361-4331-90d9-2ac6-9c6cb2e61147,7892ff5e-4b7f-0023-e3c6-0e38b1f3a93a
11dd4443-d676-ae02-214c-8ad1ec9099b0,15166dd0-b6a6-79e5-f235-1a88564d332f
b3198a13-0d9f-41b9-5bb7-3763c5d1a1ac,c34b2e80-1d2a-495a-65c6-aea14e2afa12
ed01858b-e7af-0cd2-0677-798afcf3a1f9,7e0a9137-9970-30d5-3232-16e19adc2292
f47a094e-335c-8499-21bc-416104f236eb,9d3fddf7-5294-0b29-7824-6a141d8c5257
ed6ad8c9-c2d7-ea4d-41ab-3612da27bc96,90a2be22-6174-e9c9-96d5-43a21ffbdacc
edc61723-5df8-44f5-e9e9-cfbaaa087613,d128bf39-02db-c967-fc00-499c94c752e7
ee30d4b3-240d-483c-b84b-fff254e9eac4,a8272226-b588-6abe-ec20-68e8660c8278
ee73c575-8a76-8890-3761-1f2b43c278e8,2749a9f9-07f8-1864-3db3-c6797f2e38dc
ee9dd415-4c9a-5ab3-f1a6-1db879a9766f,b0e75df3-2c67-7d09-328e-01e540c1cce3
eeaf35a9-c620-b7e2-a9d3-ee2d7f9e5da1,70512c4c-6c7b-65ed-2f5c-ffa321d4a0e1
eeef00fb-999e-4c39-855c-3345d4fdb733,bb89d2d2-8852-cb60-d0c8-d8654c8d044a
eef9d63e-c005-4597-3e63-375f62fab593,c27bd5f4-5400-8403-d998-0e53fbe904f9
ef4700fe-f385-4043-8017-0450078389d5,90a2be22-6174-e9c9-96d5-43a21ffbdacc
f477c016-0af4-c585-7213-ba07564c8e3e,64a4767b-4fc5-d529-9fff-0ef7f0e9c2b5
f075ee19-e4f4-1f24-d734-5e9d98446a03,ea9bc65c-a1d3-b677-6029-941f627267c6
f077b245-c77b-4e7e-a859-72986b6221ef,90a2be22-6174-e9c9-96d5-43a21ffbdacc
f093634d-261d-4d16-aa24-e8b455de6664,cdca0404-3597-3e38-f6b2-024740ef00dd
f0ba1a87-d7be-3412-d4d8-14b7e37c1a03,b12a081c-aa7e-426d-972e-4da6ad2b147c
f0b34bd1-77f5-ce9f-00c4-8d0ace7f306c,90a2be22-6174-e9c9-96d5-43a21ffbdacc
f1015693-1642-eb0d-4f57-f03e02465004,8cb359e9-36c8-0a65-147d-55680b37c109
f51e8079-d244-47a6-93ff-3104b81f0832,a08fa2f2-23cf-3d30-ffd5-66790d4fd439
f11c5d9b-40a8-d684-6748-f33a4b71855c,bb89d2d2-8852-cb60-d0c8-d8654c8d044a
fa55abb8-54c1-a76a-d31d-da87cdbdc7e9,71fe8687-4794-6fa8-23a6-2f9dce99bfb0
56987ddd-d3fc-f072-d458-3eba3240c9ba,a6af3a14-f1c5-63a6-f48c-ee20e3d9a33e
fa91ff44-2e66-f2cc-d1f3-c0c3f1b392e3,bbfbde5b-09fc-c77d-5668-4bce06f3696c
fa96d329-23e5-1edb-7315-fbe7f9fce159,eb74eb85-f1cf-cdcf-e52c-dbd06550b9eb
faafad9f-b136-ea4e-1826-0d5b4769f703,a13ba127-89be-b4e7-341a-0893f8bc93c9
472f9286-4a98-2d3a-0876-611242db0e72,15166dd0-b6a6-79e5-f235-1a88564d332f
fad0dc60-ba61-0df8-c9ef-9d7d4b1ec172,cf6f04fb-45b8-f689-c5db-b71a5d4794e1
fad47dd6-ac1e-4a7f-aa9b-9714dd908aab,90a2be22-6174-e9c9-96d5-43a21ffbdacc
fb1b91d2-e138-48b7-bc15-6a72b78b63a8,90a2be22-6174-e9c9-96d5-43a21ffbdacc
d6ff8aab-c8e4-cb56-44ca-c505204e169f,7132c000-e6e2-6f85-2c2b-099463b96b27
fb6b136a-f344-4137-9aeb-c0fcdcfcba99,90a2be22-6174-e9c9-96d5-43a21ffbdacc
fbab6850-951c-49d5-c403-8d2333db8f94,c3016225-1a37-7807-9210-bd7b2bb092ca
fbcd5b9a-39ff-5e98-693e-284e8ceddc20,34c0863e-0545-e286-1b2c-18a5b7934ddf
fbcfe03c-6300-ebf4-c4a5-2d03f49883cc,90a2be22-6174-e9c9-96d5-43a21ffbdacc
fc2bbf24-c8c8-4526-bb76-1de07db2c828,9d9324ed-c294-1eff-3d4e-054d84cac55b
fc2890ec-7f22-4676-a190-d71965d0ce4c,90a2be22-6174-e9c9-96d5-43a21ffbdacc
fc1e7e3b-c672-5623-cffe-9fe160bf5408,582d22fa-449d-dffc-2fd6-e1de32afa6c8
fc456e5e-1087-4320-8204-2713c6e2b815,87ed001e-793b-63f3-ca8f-aece0a66d954
fc5d3815-1ef5-afe0-2af8-83f72d8bfe68,d27a0193-1deb-d408-e79e-e943083a9eab
fcc4f393-1790-4dce-9051-d876f0828d17,90a2be22-6174-e9c9-96d5-43a21ffbdacc
804eda41-83b9-08c0-bee7-ea1a89753d92,15166dd0-b6a6-79e5-f235-1a88564d332f
fcb85bf2-94d7-43dd-938e-7aaa00dcc676,bb89d2d2-8852-cb60-d0c8-d8654c8d044a
fce6022e-b61f-459f-87f5-5a27e7fac0e9,a0b3ad3b-f210-8e5c-a595-c36ea0b655f5
fccb9c86-c5df-ff1b-0a72-89c1c94c78a3,cd083fd1-9b6c-d957-532e-9ef2b17d9791
fcfabe0c-7e73-02e2-3503-5a6755ab6d46,c375a960-10d9-c90f-1507-325fe6ebf5ae
f51413a3-28e4-5d3f-45b4-02a2cf56028f,4b2a5b0a-ff1e-9e1f-97c0-f4daf043ae26
fd35f458-6dc2-91f3-862e-385f4309d9e7,52a66aff-d6c4-238e-2d1c-f7e4b1b63c8c
fd64ee76-117a-4b29-92f4-d32b046db13c,e3683f98-e772-1d7e-5b7a-3f20e49f3cb6
fd78f899-ec55-b443-bd46-6162d95c3eb6,64b78f19-34e4-809b-942e-a4de325e11da
fda9b487-054c-7acf-d6e9-2e595783c43e,22ea23c8-75e7-3863-5651-943d709436d2
fda27c2b-f54d-485f-9cff-65abe8c1ee2f,90a2be22-6174-e9c9-96d5-43a21ffbdacc
fe1323f1-1aa9-44e6-9074-e3dab8bc32f8,90a2be22-6174-e9c9-96d5-43a21ffbdacc
fe57e597-a8c9-92c6-fb13-2409ddff7bf3,5b0826b2-1057-c7e5-5960-87d7c375e3d6
fe4c2b13-56d9-4d7e-9093-c21c8379bfdf,bb89d2d2-8852-cb60-d0c8-d8654c8d044a
fe59d9ca-7942-8b3a-3598-e93a1ebad7ee,745d18ff-8d92-bebb-0bec-a1c23f0f1ddb
f563290f-e2fa-42f4-a707-fe6517794217,c7539029-784e-083a-632e-236b75af5948
fed085ef-0c0b-486c-8005-56ca0f25e6b0,f8907dc4-2785-b25c-c267-57217d92da4f
fce32e90-8818-5f1e-58c9-23a8018e01b5,2d2b1875-5e60-9d20-2c40-498b0e263012
ff85d3ba-7fb2-215d-983d-37738c51fff2,e41d7d3a-3a09-4579-1ae0-624afb4ab4c6
ff888be3-0c99-43a4-9a4c-0c96501532d5,90a2be22-6174-e9c9-96d5-43a21ffbdacc
ffb5cf31-1d8a-598c-52a3-5787f65bdfeb,5daaf0fb-374c-ce07-3b19-f1febd6cab00
fffbea4b-6291-1e14-4bdf-f37d65cb74df,096d3f68-534c-aa2a-8e73-14191b831b05
fff9d76a-5539-4212-b965-503f21890854,90a2be22-6174-e9c9-96d5-43a21ffbdacc
237241fa-b8ad-1c2f-e397-ecfd6b5f9018,e36fb481-e5c3-a4f7-dc3a-55ec2a06ca95
2392354a-629f-75fa-8083-01fc3e804bb7,069ff435-f11c-6be8-867f-de057f1211e5
7299aa6e-374d-6c69-17a6-7598a2d460b7,15166dd0-b6a6-79e5-f235-1a88564d332f
23e5860f-a74f-c2d4-5607-642629a5e373,6c9623ba-0f34-7a29-bbb1-9ec9e0f3323d
23ef9be3-cbe4-c634-ebbd-8f10cd1ec556,e841c1ef-f433-e59c-5464-e6f87c6bfbf1
23e80dc1-0355-6430-d560-ba207bcdba41,d6e44140-d18a-8ba1-ebea-3a8e3915257f
24057a04-8a84-45ac-911b-26596f30ae61,90a2be22-6174-e9c9-96d5-43a21ffbdacc
2421f3f6-634a-47db-b13a-61832d29f672,d7b9a2ab-ca8e-481d-a4e5-984736681c8c
2444284f-84d8-d2df-616e-6ff497576519,d7b9a2ab-ca8e-481d-a4e5-984736681c8c
2454d9c5-4a04-505f-4c49-e49baafa0a83,64b78f19-34e4-809b-942e-a4de325e11da
24827092-95c4-40c7-adaa-3a404c82162c,90a2be22-6174-e9c9-96d5-43a21ffbdacc
252c4ce3-9836-295b-0fa6-b07d02e9cd67,cbdd9364-6883-8098-f347-9c531ed05c4c
f6d8b093-14fe-b2ac-ff4e-5901908ad533,f45b2d7e-e26e-75fe-19b9-55b1f59480bd
24ef8bcd-1d08-49d8-a566-b393c8ed28bb,c6d15fd9-52be-0b45-89aa-88d2661a7497
f6c99226-0c59-4a27-bbd1-a5d3731fbd0e,9a371bfa-21d0-aaa1-0833-3f5026d41523
f713118b-2bd6-d43a-e240-7e39762fb7d9,2ff19e04-f28b-691b-9327-0f12f4313550
ef7e46af-f795-4bcf-be00-3c04f3682dd4,c7539029-784e-083a-632e-236b75af5948
254741df-5f2b-4e98-a74d-5d4874fbc4ae,90a2be22-6174-e9c9-96d5-43a21ffbdacc
f003c631-15fb-52d3-4915-3f514f0c0a4d,ac7af56c-65ba-8287-2262-fbeb6eab7227
258708ba-08d6-477d-898f-b9aa2627e4b4,90a2be22-6174-e9c9-96d5-43a21ffbdacc
25a4f7a7-5cd6-e69a-5616-a4f32d50485d,3174c1d3-308c-54d4-5849-2b105f738462
25a41eb5-ec7d-61ae-9c6b-0fdea9452735,7132c000-e6e2-6f85-2c2b-099463b96b27
263457ef-cb6c-35b1-6dd0-1e220ba16bcc,460cbbce-f628-6921-4905-5a0d618f1328
264f99ad-27da-511d-a0d7-9417e9e63b6c,90a2be22-6174-e9c9-96d5-43a21ffbdacc
26a7e0ed-5ed4-487f-954b-e920e3c85d4b,eb74eb85-f1cf-cdcf-e52c-dbd06550b9eb
1aead2c5-7ad7-4343-b467-38729aedfbfc,cad45597-e183-4e65-6788-5fe902efb900
26f910e5-b214-4a31-b26f-e0c1bde6dcfd,bb89d2d2-8852-cb60-d0c8-d8654c8d044a
1aef24a9-d2cd-bb99-84e3-0f0c9b6c4019,0af062c2-6a9f-6fcd-ee2e-276754ce8180
27243679-6f64-4e4e-9f87-b63928be1a67,bb89d2d2-8852-cb60-d0c8-d8654c8d044a
272e1930-98f7-4c78-981c-c43a8be38637,90a2be22-6174-e9c9-96d5-43a21ffbdacc
1b420346-c846-1788-228e-b8c4651c9409,5e79b4f3-191f-d90a-2287-c4bc7e33ab31
27b593bb-9a00-8558-721d-ed7b672f72e7,894a870d-86f7-c871-c4a7-014896c1f305
1ba035d3-1b11-4404-b50a-3f524d325aa9,90a2be22-6174-e9c9-96d5-43a21ffbdacc
1baa2954-5032-8cdd-68cd-0e9ca6af508c,f9401893-a469-0d22-f09e-034b69d209ce
1baa388a-b0d4-6dcb-9ccb-818a5758d1a4,097434f2-e680-45e6-b63e-f2116b62f362
27ea410b-58dc-4c18-b2d8-cef4432ad3ea,bc638510-43de-0600-d139-b4e51e0283aa
27ebecdd-0037-7597-566d-7d48e6d9e7d1,c7539029-784e-083a-632e-236b75af5948
27f62c4f-f80c-16dd-f2ae-e9f0faa36807,7826d4a0-de75-ce35-9bef-726777392103
280ca421-565f-acdb-dcfd-e5fd1a5d4ec8,198e7a9d-1f56-e6f8-ac8d-b1e9c1ec3246
1c02d814-36b7-9f43-a4f4-4d7b2746d6f1,dda285e0-d498-f27b-649d-d8511538ab0c
2827600b-746d-4633-90ee-59c373c7deac,90a2be22-6174-e9c9-96d5-43a21ffbdacc
283f74ae-0a37-a4a7-a22c-8a8273de80e1,44f5d9f7-7689-6cd0-63ee-93fe9f23e526
1c25b6d3-3717-4cf1-af00-dcc266f42596,90a2be22-6174-e9c9-96d5-43a21ffbdacc
285578a3-3acb-67fc-7303-aceca8a83ce2,e41d7d3a-3a09-4579-1ae0-624afb4ab4c6
1c3025c2-a807-453b-b434-d8f200060d25,90a2be22-6174-e9c9-96d5-43a21ffbdacc
1c40f110-1d9c-86bb-78a8-ffd591034c25,198e7a9d-1f56-e6f8-ac8d-b1e9c1ec3246
1c35baca-acf7-404a-a38f-4473fa405c09,eb74eb85-f1cf-cdcf-e52c-dbd06550b9eb
287aec31-8deb-b4f8-3024-548d3021e76f,b348b17b-fa70-83f4-665d-892c68b93ef3
1c712181-65e6-64c4-461d-ec29bce84375,f15601c3-0338-4ea9-4579-9e9ecf36f8a5
1c8ee2f9-b7cc-b65e-1cda-37d4f98bee7b,745d18ff-8d92-bebb-0bec-a1c23f0f1ddb
1cb1db43-584c-45b1-a286-8a3c022b7fa4,a0b3ad3b-f210-8e5c-a595-c36ea0b655f5
1cb4720c-ded1-4c28-ab71-7cd2331975d4,bb89d2d2-8852-cb60-d0c8-d8654c8d044a
293c1297-7ef9-6f9b-f270-90783752152a,770a9ea9-870a-b4a4-9610-d1d19d6d5c19
1d3528a6-14ea-0fbc-2bbb-d92780fceed0,64b78f19-34e4-809b-942e-a4de325e11da
1d336d2c-ad7f-4d96-bd7a-6820f5487069,90a2be22-6174-e9c9-96d5-43a21ffbdacc
f82e7249-96d4-6673-167b-21bb775bf422,ff8488ca-16c8-1869-c473-006014b145da
2969f434-9a26-4f82-a51c-7caec44b2aeb,90a2be22-6174-e9c9-96d5-43a21ffbdacc
2970810a-6904-cd71-2345-154b7d2ef484,745d18ff-8d92-bebb-0bec-a1c23f0f1ddb
f837159f-b986-fa61-8e5b-e430038e4394,ff59ee56-2920-c64c-6370-bbab6a7859d7
1d44fac1-331d-aa3c-9d8f-dbec8e822711,4087f7b2-6767-57fb-4733-6a0142da1a78
29bc29b0-680d-4527-b052-c8d3ef001023,90a2be22-6174-e9c9-96d5-43a21ffbdacc
29b4417f-accb-3f84-adcc-86195865b153,1ddb6405-837e-3281-86d8-0802d2f549a6
1d629c27-42f9-45f3-b92e-803cac69b7b2,90a2be22-6174-e9c9-96d5-43a21ffbdacc
29d643f8-2b23-45bc-b18b-4018cb94bc76,90a2be22-6174-e9c9-96d5-43a21ffbdacc
d89036fb-cbfa-6ac9-f775-f5b344c29fe9,e10aee57-14a0-fac2-1e74-5ffefde1090c
2a62b985-b3c1-003c-3ead-2531e71e025d,c5a26384-f535-9095-9335-a2f447a6fbc7
2a5bc09a-206e-4b0d-a5e8-83597541b144,bb89d2d2-8852-cb60-d0c8-d8654c8d044a
2a4ae016-23a7-7892-283c-d9b65a273a95,90a2be22-6174-e9c9-96d5-43a21ffbdacc
2a5c8ef7-646d-4ee0-a98d-122e550029ea,cfe94951-3618-c173-ba5b-d172862bf43e
2a665866-67b0-44e0-89b5-08201ad22acc,cad45597-e183-4e65-6788-5fe902efb900
1dcbeea8-49a5-4e34-be05-7f7a558d2047,90a2be22-6174-e9c9-96d5-43a21ffbdacc
1dda3d37-be29-4981-952d-0d353eba8866,f300ec90-f57e-24bd-3684-efc81550357f
1de28b70-e721-002e-0aa3-2ec8474aca59,489e8669-e3fc-51b3-1d98-6e60699379cf
1e0e705c-63e7-d039-e19d-ce8a59fac7d7,0ddea741-52fd-b427-1460-0fedc103337e
2b01d3fd-5af1-861c-4184-b09f530380e5,ae405eb5-ccd2-ea6a-ef96-de93a00faa2c
2b18b47d-e283-4f99-b3aa-0df79ec9b99d,90a2be22-6174-e9c9-96d5-43a21ffbdacc
1e388c93-e3f2-4e7b-a931-c95fbc220c86,87db00bb-bee7-ed53-31cb-fe93282b090e
2b757f10-89e0-afcc-b15a-b6c85efceb73,9a44ab03-74a9-6a9e-7caf-ecc025eb7996
b5c6d942-d3a2-dd99-38c9-32cd1d26ffae,8418abd4-292b-a617-4261-2ccf24d9864a
2b8770c2-22a5-8848-b08e-76da3b9d9956,628e993f-1976-88e8-2027-0d54c3f6e9d0
fce0cee0-8a4e-a2c2-3f10-233878f64419,482fae1d-5f66-2a76-e86e-4972578386aa
c33ac061-fd05-4f06-827f-2dfba81b28e0,90a2be22-6174-e9c9-96d5-43a21ffbdacc
c3bb870d-9528-4ebf-27f8-08f2e516aa3e,d8f0d7a6-ee79-cb81-74e2-4a4ef6cc0405
c399c6ef-42e0-4610-8f02-7a162594f03c,90a2be22-6174-e9c9-96d5-43a21ffbdacc
c3deeb38-0fa7-44da-9dfa-e529dff2d81c,bb89d2d2-8852-cb60-d0c8-d8654c8d044a
f8bb4339-71fc-3dc8-3218-baf5efc7f957,c59b637d-36ac-b317-6325-2d1a48df03e9
c430896a-3a74-4fc9-b4c4-bdf62a675dc8,90a2be22-6174-e9c9-96d5-43a21ffbdacc
c46c7444-66bf-45b1-b54f-758ccfbd3e59,07e7b8be-6098-b51e-1691-346be6c8b12e
c45db59b-31f1-32a4-d736-47a8add43929,0af062c2-6a9f-6fcd-ee2e-276754ce8180
f90a4eb5-c139-c962-8348-5f51b6197ada,71fe8687-4794-6fa8-23a6-2f9dce99bfb0
2beed640-113b-83eb-cf83-ef78f7c27e77,55ab1590-fa01-39f0-eab1-4fcd1562301e
2be5c58c-cb41-4999-8c14-26683d8fefc8,90a2be22-6174-e9c9-96d5-43a21ffbdacc
1f152fb2-7095-4396-9719-c42433811389,cfe94951-3618-c173-ba5b-d172862bf43e
1f214018-4e24-4a0f-b8e7-4bc6bbbc1c54,bb89d2d2-8852-cb60-d0c8-d8654c8d044a
1f3be057-22fd-43d3-8b95-331a0250ca99,2c0389b7-075d-2734-9a79-c57e57ac57d4
1fbc8d31-8647-4d41-8293-2563f925c18c,90a2be22-6174-e9c9-96d5-43a21ffbdacc
1fc491d7-13ec-079f-d618-17cd52d59ce2,15a49fb3-8368-a10a-7ea0-8e0e0ba51d15
1faf7932-ef83-1184-fffc-fb1acb84d0cb,c176e61e-b705-de2a-bf42-484d8aa4a4b2
200b6876-811c-8347-049f-4c6f5607a9b4,745d18ff-8d92-bebb-0bec-a1c23f0f1ddb
202d5832-42aa-4078-9a5b-a8e1a90ad8a9,b348b17b-fa70-83f4-665d-892c68b93ef3
205005c0-f526-e0c4-6b46-7a257f628a58,5e04ac8a-3094-652b-c9f2-fbbca7e0aebd
206c744f-c448-48fe-84c3-700a53cafd69,90a2be22-6174-e9c9-96d5-43a21ffbdacc
20aab23b-8ed4-4a88-83cd-d68de2d234f5,90a2be22-6174-e9c9-96d5-43a21ffbdacc
20bc58d0-a076-f39c-d0c8-adc9a65a9487,90a2be22-6174-e9c9-96d5-43a21ffbdacc
20e12c41-17d4-47c5-a789-811dbbbdc846,90a2be22-6174-e9c9-96d5-43a21ffbdacc
e01ab9d8-67bb-4032-ad54-b2b4639b456f,3adb083a-1765-f3de-87f5-854f7b38e9d6
2100d7ae-e49f-8ac9-3c31-8bf275f67c43,90a2be22-6174-e9c9-96d5-43a21ffbdacc
20fce938-43e7-74a4-c489-90269fc0a0a8,07e7b8be-6098-b51e-1691-346be6c8b12e
211a5121-ab13-2fd9-8b8a-74b3089c42f6,e41d7d3a-3a09-4579-1ae0-624afb4ab4c6
2137e6fd-ae14-48cc-bcac-61915baad877,a0b3ad3b-f210-8e5c-a595-c36ea0b655f5
2181cfed-0ecc-4c06-8e00-e692a0e7ec08,991d1698-ef9a-77e5-c6c3-040188c693d9
216afc62-7d8d-4595-bb48-4d61e04e6eba,90a2be22-6174-e9c9-96d5-43a21ffbdacc
21cf8311-1e6a-e8a2-d8c4-bcc8707e4657,9c953450-fb47-9a58-d111-ffbe3a1d740c
21b4a063-09d1-43a9-108d-62e21b126df2,bbbca004-04c4-4020-ef1c-0baa8dcf6cf7
221c0fef-3c99-4436-ab62-2ed8d5f51335,90a2be22-6174-e9c9-96d5-43a21ffbdacc
222db34c-9420-e56a-a4df-ae360fa3742b,b37e0829-301c-3321-26f8-0a6c3cbae4c7
223070c4-5bb1-c05a-4555-79afa5d50a2d,90a2be22-6174-e9c9-96d5-43a21ffbdacc
22957fd3-137d-d406-ad4d-ebf1f88009f9,a628a93b-0ef5-5d70-c28e-ee8c3540d806
22c0ec27-d4c1-062b-b5c3-14af09c61ab8,66d28027-021f-cb40-e997-41f45850111b
092ee720-3c21-1db0-8f3a-c8e969efebe4,8c3c98d3-a917-9339-3136-32ff569c0277
095084c7-9af1-4c10-9f58-0a2f7f2afc1a,90a2be22-6174-e9c9-96d5-43a21ffbdacc
cfa92b4d-8605-a78e-66e4-e60e9dcb0bf2,9aaf3eec-7556-0c5d-8d2a-10c46ae4e07e
098788ad-8f43-38a6-778a-9ad048bda65d,0760193e-31cc-cf28-dc5c-a00675806b38
0998d1b1-6f9d-41f2-ef2c-71f37cddcf19,e11f7222-17bd-3b61-d866-05927a9126f2
099b3c26-3736-4cb5-9653-f26d4a83afd4,90a2be22-6174-e9c9-96d5-43a21ffbdacc
09e1d66f-a04e-4920-be13-1fd930092f71,90a2be22-6174-e9c9-96d5-43a21ffbdacc
0a204b53-3122-5691-646f-d0886bf1b97a,90a2be22-6174-e9c9-96d5-43a21ffbdacc
0a51c494-91ad-42ae-e248-d00eb62069ec,264f4111-ac45-2696-208f-3e2c3e1c4104
0a64ec08-a5cf-49af-a125-48e6626bc757,c2649996-360b-39e6-4cf0-9b8f49023128
0add4593-225b-4a0f-fce7-d470cdef7b53,6000a735-9cab-3d3c-bf0a-99522c69d4c3
0afbee27-4c94-4525-b4fc-d06eb433dc33,90a2be22-6174-e9c9-96d5-43a21ffbdacc
cde40fa7-7940-977e-955f-fd0180a567c4,854f8761-e9f5-4023-4c8a-0290cb2cc983
0b5c94c3-e8e3-4d9e-ab25-aef3b3070995,cfe94951-3618-c173-ba5b-d172862bf43e
0bee5f9e-23e5-1821-cf2a-4f34d0dbac7c,a9e564f7-4927-4b2b-b54e-426de8bdfd1b
0bf48e1f-edd9-4475-8721-c0274e598cf0,bb89d2d2-8852-cb60-d0c8-d8654c8d044a
0c7b5a0c-ce30-42e0-a79f-d38603a23bbd,90a2be22-6174-e9c9-96d5-43a21ffbdacc
0d252bbb-3bfa-fee9-de36-4e1b76c355ac,64b78f19-34e4-809b-942e-a4de325e11da
0cda13f8-c0d8-4164-8e8d-54e526bb414c,eb74eb85-f1cf-cdcf-e52c-dbd06550b9eb
0cf35964-0a48-0f1c-e180-92c0531a351e,069ff435-f11c-6be8-867f-de057f1211e5
0d511b97-21f7-b2b2-40ea-2734463a22fa,8eb780af-fe2a-44ca-1502-c27dc73c7256
0d447d80-0c6c-d4ef-5930-d7373bc56140,d128bf39-02db-c967-fc00-499c94c752e7
0d9884e5-7344-4df9-9fff-c06115aba373,70f7c6f3-f48b-8215-291b-5d0b6d607a8e
da16799d-384b-b3f6-f3b3-95cfa56d9620,e36fb481-e5c3-a4f7-dc3a-55ec2a06ca95
0dae634c-2316-0499-b991-7e5fa1797654,ef8e8524-c614-fe3b-87ca-f9a367d527d7
0f52e5ba-1165-4046-b8e4-f04afb1a572c,efdc9b4b-3559-317e-3d7a-8f49511059a4
0f55e4bd-7bc3-41c9-8f7e-0838cd230135,96f9c840-7822-0180-ae6d-116f51e0ef77
0e54fc01-7a2e-4c8e-b4f4-b32d8e897a56,56a0ed52-f93a-84f2-71d2-12695b8e65f9
0e8713fc-d33d-c2ca-818a-72d9eb1f7afb,90a2be22-6174-e9c9-96d5-43a21ffbdacc
d6f04f50-b630-c85c-f400-e8b00d26d9b6,651717ba-acb3-43fd-b9bd-d4e9a968fefe
0f037684-47e0-4e5e-a24e-04f9a87b62b7,ec22307c-2d24-6888-0632-347f6c2df532
0f202815-75e5-d109-34ca-f4a35d85b51a,8702cb95-212e-4e25-2b5b-5981a6c980ba
0f37c39d-608c-f68c-0b46-3a7e1a573784,7132c000-e6e2-6f85-2c2b-099463b96b27
d1651eb9-08a6-5cd6-28c2-8453ab3a20ae,d21ddb23-3210-9b40-23a8-8142f2dec1c8
0fc327e1-b559-4923-a294-f8e154b3c208,90a2be22-6174-e9c9-96d5-43a21ffbdacc
0fea0be0-bd3a-a3d8-b332-d6c7c724ac87,e975a9af-215f-e5aa-c8c2-29531ed716e7
1292b41e-12b0-0da8-8f24-38466964c6e4,64b78f19-34e4-809b-942e-a4de325e11da
26435a3b-f2ca-4e25-fbd5-9334376dce8c,6bb7fd25-088d-80b5-956b-93234d14e187
108c1486-735c-2c5f-d1e7-85e32f0c9459,37714496-ee97-a0ed-35dd-8af3fe93740f
10c1029f-2336-30e1-004a-ac755b30b121,e841c1ef-f433-e59c-5464-e6f87c6bfbf1
10df4a3b-58af-c056-abb9-b93ed881f8f7,34c0863e-0545-e286-1b2c-18a5b7934ddf
112b0a73-0563-8752-09da-0cab2fbd5408,c27bd5f4-5400-8403-d998-0e53fbe904f9
c92d2ace-4a4b-0dec-cee7-4e3c2a577624,f50f8994-28fa-36c2-8310-dfcfdd186241
1149e4b5-1d0b-46b3-8858-59a1e711d28a,90a2be22-6174-e9c9-96d5-43a21ffbdacc
18ad7d56-d79d-84da-c2b7-293ca68e4a3e,28aa48cf-5f65-f5fc-8fa7-23eea95308e3
11ae7f62-e8b2-48dd-b637-d23de32441ca,cfe94951-3618-c173-ba5b-d172862bf43e
11b2c447-1b95-8e10-7553-c3f7b77964e1,a0af4e41-14bf-442d-8293-446780063481
1214ce2c-243a-38ca-93e3-d91cf6412859,d21ddb23-3210-9b40-23a8-8142f2dec1c8
121c49ed-cd27-495e-916a-f647a228cfd7,88387f8a-c4d5-e351-8baf-eee6c2b6b407
12416ca8-fc69-aee8-3944-ac7a4a3acd68,60fb555f-5fa9-8347-1a3c-698cd9a3e1b2
c93c5663-ad9b-7363-6cfd-ed381d1b469e,9d3fddf7-5294-0b29-7824-6a141d8c5257
126f81d2-ec23-4525-8da7-c120a2cc89d5,90a2be22-6174-e9c9-96d5-43a21ffbdacc
126b9fef-da34-47f8-8d93-f643ca1e600f,eb74eb85-f1cf-cdcf-e52c-dbd06550b9eb
12d6bb29-1f54-427a-d77c-20369f6d0b01,f28a2343-482f-ca3f-ed71-c9c824eccdac
134e59e0-62c4-8d05-e303-1dc6263bb375,b55e7854-2044-8b90-19c6-7219485af899
1341f722-b90f-c671-1b1e-411252c0d2c7,66ec4371-194d-a288-65d2-7c7ab801417c
13a87581-7f0f-55cd-4074-576dd9a05f57,5b0826b2-1057-c7e5-5960-87d7c375e3d6
13c017ac-0d3b-c4fa-8c3b-507e528797b5,557269a6-9b42-59d1-6cfd-85a6efdeac69
13ac0e63-7b9b-48e9-86b0-db2a04726e5c,90a2be22-6174-e9c9-96d5-43a21ffbdacc
13eb224b-98ce-b398-44eb-5ce6cf8209c6,3f4088c9-2ab4-6bbf-5bc7-c130963d89e0
13e9d3e5-6af1-156f-4a6b-85a22b13bf86,90a2be22-6174-e9c9-96d5-43a21ffbdacc
13e8f844-f176-45af-8103-d0202772b882,eb74eb85-f1cf-cdcf-e52c-dbd06550b9eb
14634bf2-510f-4beb-82f3-c4b549810598,f94969c0-fa9b-9ea4-453b-4122c7d36d2f
1466b0f0-b15f-d370-b9a6-d7488cd440e7,745d18ff-8d92-bebb-0bec-a1c23f0f1ddb
cfd34fb7-bd2d-f7ec-f00b-9ba21c5be8eb,a9cff8c9-0b7a-4aa5-31b7-e8813646992a
1469ae53-e352-4f7d-b943-28166b8221a1,90a2be22-6174-e9c9-96d5-43a21ffbdacc
146fea70-fda9-4045-b499-0f8234ea7132,90a2be22-6174-e9c9-96d5-43a21ffbdacc
150010e7-b8f2-4446-99bc-cdf07e66a1eb,90a2be22-6174-e9c9-96d5-43a21ffbdacc
155d9a7d-deea-418b-a673-4fe519b668dd,90a2be22-6174-e9c9-96d5-43a21ffbdacc
154fdaae-fd5e-4a41-a1f1-6f534ce33a52,0f82d90e-f03a-41e3-21fc-5829795aef0c
1595b663-6f03-4943-a36c-f27c2f68dc8c,90a2be22-6174-e9c9-96d5-43a21ffbdacc
15e794d5-651f-b5f9-52cd-554a29b07642,90a2be22-6174-e9c9-96d5-43a21ffbdacc
15f70848-2747-46df-a291-a214b189125a,be2baf7c-7eee-b7e4-81da-92f6b19fab1d
15db7177-26e5-863a-8db9-bc0d116f8022,3b5e3222-0c75-238d-3bc3-f23645817990
162f5ea0-af11-2f43-b43c-e2599cb2b253,ad635c15-53be-f6c9-5b61-2d2bfcccd3e9
161ab6a2-e25c-25f5-4637-e8e9223b26cd,401686de-3da0-cb99-2553-5824925cda98
16b819b6-b460-428a-8a98-05bf06c63ff8,90a2be22-6174-e9c9-96d5-43a21ffbdacc
16d6ba0a-e490-8400-b5e0-83416fe7bede,9aaf3eec-7556-0c5d-8d2a-10c46ae4e07e
16e9fd6a-329d-daa3-cb2e-0ce73cbd435b,a08fa2f2-23cf-3d30-ffd5-66790d4fd439
16f81069-7cd1-4063-b803-ca7e5287c2a4,90a2be22-6174-e9c9-96d5-43a21ffbdacc
17117815-5ae9-5184-7a92-f9398cf1d1a0,489e8669-e3fc-51b3-1d98-6e60699379cf
172293c1-1588-0bc6-96ac-8c423007db4b,e80c448f-bc22-d0f6-908c-c415ca6bb8e5
171fba27-3840-2d0b-7160-451f316944d6,130a5165-aa1e-11b8-6710-ee429e7850a0
17455274-f247-4155-ad05-0523d980086e,b3a4024f-027d-c0bb-7df8-956aa66ce18a
174715ca-4eb1-db2a-84bd-523c871f6779,cd73cf62-3cdc-e875-dc47-a723de4f48ce
c991a166-03cc-4d08-a6de-ce4240b7988a,e8b57e8d-e9b7-1dd9-2837-7b464ba27767
17d5f525-3fdf-ea78-96b2-c1b4ac4034c3,e36fb481-e5c3-a4f7-dc3a-55ec2a06ca95
17fd0413-8e3c-4ff8-861c-2398f6e9f46c,90a2be22-6174-e9c9-96d5-43a21ffbdacc
181db0a6-daee-729b-aa8e-3c24fc71f255,90a2be22-6174-e9c9-96d5-43a21ffbdacc
18c08858-192e-19dc-41db-b7864169a344,3b3a6f52-a9b7-4064-10e2-7082e86a4482
18b5065d-ad99-4730-b46c-968effcfe058,90a2be22-6174-e9c9-96d5-43a21ffbdacc
268a5818-5464-7b34-f536-9ecdc8f125a6,d21ddb23-3210-9b40-23a8-8142f2dec1c8
18f7384b-aa50-02ed-364f-b67bb2987212,0675988d-50bc-88fc-bb4a-70190ad8cbaf
19131f3f-2092-dd02-3477-ead2b27db503,90a2be22-6174-e9c9-96d5-43a21ffbdacc
193fee18-e516-4978-8407-349fc0561869,90a2be22-6174-e9c9-96d5-43a21ffbdacc
1981181d-57f6-fd27-396b-e2b553cbf37d,e41d7d3a-3a09-4579-1ae0-624afb4ab4c6
19784a81-21b1-4ae5-81b3-69f64028f94a,eb74eb85-f1cf-cdcf-e52c-dbd06550b9eb
19f26996-c539-9194-10cc-563131330101,90a2be22-6174-e9c9-96d5-43a21ffbdacc
c7019542-da57-4a34-97b1-f8be9586242a,eb74eb85-f1cf-cdcf-e52c-dbd06550b9eb
1a93a0d1-cbf2-ffdc-8378-ab92d1d1a4ba,e41d7d3a-3a09-4579-1ae0-624afb4ab4c6
ca46c1f3-4476-4e36-b17d-53d432f77a54,eb74eb85-f1cf-cdcf-e52c-dbd06550b9eb
1aa0afd8-50f8-75bd-17b8-8394585e2918,d96ab8a6-2063-4651-8b86-183267d8ad75
1aa17cf1-e4fd-4223-91e7-9be7d60439f4,90a2be22-6174-e9c9-96d5-43a21ffbdacc
ca3a917f-560d-4eb1-b99b-bdcac4db9499,ec3301d0-bca9-2709-14ac-aadfc97ac672
0008da45-637a-439d-bd9c-d1386414e9d4,3278c0d8-f37b-1d1d-1552-bebc960c74e1
004f19e6-6d6d-4eb5-801c-2a465f6270ab,bb89d2d2-8852-cb60-d0c8-d8654c8d044a
00a76ba6-6c9d-308a-d6f6-4d39b5790ae2,07e7b8be-6098-b51e-1691-346be6c8b12e
00cc9c39-6d9b-20f7-49ba-3cb8462ab0cb,2c0389b7-075d-2734-9a79-c57e57ac57d4
00c02a1e-15a2-0106-1753-fc3a1fbecbe9,c27bd5f4-5400-8403-d998-0e53fbe904f9
ca6ad631-b976-74e5-a0d3-f90bbde1cb3b,7132c000-e6e2-6f85-2c2b-099463b96b27
016f4872-a7ef-4443-a142-e93e419c6147,37ade643-d6cd-2fac-eac7-0dcc4df846fe
0193d316-d454-926f-b570-3d59a4b5e042,4232ad8d-0776-6780-d4cd-71e801eba8d8
01b4d52b-b079-4b43-af7b-03d59038cede,90a2be22-6174-e9c9-96d5-43a21ffbdacc
ca848ad7-acc8-f6b3-4f9f-77f4cbf580e1,9aaf3eec-7556-0c5d-8d2a-10c46ae4e07e
0287fe26-141f-4089-9bb5-5d797d9fb057,90a2be22-6174-e9c9-96d5-43a21ffbdacc
0317febd-0b0a-3c88-2ebf-31823cfca48d,3b3a6f52-a9b7-4064-10e2-7082e86a4482
03509f3e-e5f4-4fe3-9f50-48cf4ae0d7e0,bb89d2d2-8852-cb60-d0c8-d8654c8d044a
03849610-4e5a-7f8f-a0d2-b9ae83abe115,8b43c7ec-b589-e833-b754-09152f58b8e4
041a0192-90aa-4a01-bab0-322b48648cbd,90a2be22-6174-e9c9-96d5-43a21ffbdacc
044eb750-3b65-0b5c-0cd3-bbf9fa028df8,6c9623ba-0f34-7a29-bbb1-9ec9e0f3323d
04449859-b221-62ff-9583-dbda54f8a622,8d67fc5b-27bf-e7b2-d3ad-d8337b74df93
047a865f-3975-4cb4-ad74-264e4a038bd9,b3a4024f-027d-c0bb-7df8-956aa66ce18a
e112b06a-cd27-33d1-b2c8-dbc8d2ec0772,d21ddb23-3210-9b40-23a8-8142f2dec1c8
e1139fa3-119c-894e-fac4-4c7d0880a087,d02fad6c-d71e-b2c3-869a-63c231da4bab
04990824-87cb-4683-97f2-915bae9a6362,eb74eb85-f1cf-cdcf-e52c-dbd06550b9eb
e0fc3007-f4f9-405f-a102-bde92fd34eb5,e80c448f-bc22-d0f6-908c-c415ca6bb8e5
04bd3f68-0580-44f8-92f6-b7ae34a41fcb,f300ec90-f57e-24bd-3684-efc81550357f
05097017-bd29-41ee-a178-46b2c9832334,90a2be22-6174-e9c9-96d5-43a21ffbdacc
18f20ac1-f8b9-0eb3-2b72-21fe37a227ae,7132c000-e6e2-6f85-2c2b-099463b96b27
05352651-2e5a-448e-9cc3-fa667b63fae5,eb74eb85-f1cf-cdcf-e52c-dbd06550b9eb
055659d5-d981-4882-becb-0750b67d30c4,90a2be22-6174-e9c9-96d5-43a21ffbdacc
0587ed1d-03f9-9bb9-3704-4b62b1a7f948,9276b493-f54d-859b-bb50-acc80775ddb1
0592ca56-ce35-26e1-48fe-b1af99d401c8,0af062c2-6a9f-6fcd-ee2e-276754ce8180
05a66804-b37d-4b23-a8fd-cb7ad4b0fa91,90a2be22-6174-e9c9-96d5-43a21ffbdacc
05ed1fa6-27b2-4c99-8e87-95445bd8cabc,0dff075f-4517-5d40-d7d1-b2cf3d0bcf83
05ed10fc-4ab9-47dd-9695-e680f4319dd4,90a2be22-6174-e9c9-96d5-43a21ffbdacc
063990c4-23b7-4469-81d1-f01737acde81,bb89d2d2-8852-cb60-d0c8-d8654c8d044a
068c5a8e-08ad-9ad5-95fb-de97e198cca4,77a5b24d-20fa-d8f9-0c71-a6751bae19ec
06735705-7999-496f-a80c-f892f14cebd4,90a2be22-6174-e9c9-96d5-43a21ffbdacc
f0efcd52-cac3-eea0-aa8c-216233a703aa,eb74eb85-f1cf-cdcf-e52c-dbd06550b9eb
06c779cb-71dd-709f-54c4-b7937a32b829,9a371bfa-21d0-aaa1-0833-3f5026d41523
06c944d2-8227-4cb4-8dde-e570cb6b8bcd,90a2be22-6174-e9c9-96d5-43a21ffbdacc
06b93474-f060-071b-5903-75efbf15b106,a2a11e40-3a2c-9932-de0a-800cbc37a0f0
0706bef4-069a-ce18-5650-fe9eca12be88,96f9c840-7822-0180-ae6d-116f51e0ef77
0739e0b6-de3b-492e-a769-dbf40043a7b2,ec3301d0-bca9-2709-14ac-aadfc97ac672
07567e72-b449-1481-db63-24bdffeecf83,90a2be22-6174-e9c9-96d5-43a21ffbdacc
07a79f24-b731-407b-a418-67e9ce91ae02,bb89d2d2-8852-cb60-d0c8-d8654c8d044a
080bcbd8-697d-56fa-1f94-e3867b914052,56afbe0f-96dc-4bd9-8baf-d589c40527ff
e1ea0d0f-2268-ddd7-2e0e-af1174371210,eb6c9dc4-4e1a-b43a-3a5b-6f48f10f66ee
08663f67-69d9-4b8c-b961-ab27555e3c17,90a2be22-6174-e9c9-96d5-43a21ffbdacc
08a0b763-d7cf-4960-a2fc-56467acd5be8,90a2be22-6174-e9c9-96d5-43a21ffbdacc
08cf206d-600f-46cc-af1e-e7d855e5e36d,90a2be22-6174-e9c9-96d5-43a21ffbdacc
34f7a2af-2438-4903-b98e-9bcc78337967,88387f8a-c4d5-e351-8baf-eee6c2b6b407
354f9a75-1970-814c-615f-3bb24b53be30,a08e5a84-7cf6-61fd-bad7-ea6475fecca2
35757fc2-1679-e30a-5936-abc45fbc8b6d,5cbddaec-1aff-fd67-e921-d674a21c4b5a
c708c128-3bc8-a43f-5dff-653ee409143f,b64809ba-6269-bade-91cf-a51170319f0c
35f3c781-775e-4a3c-8c53-602ba87d3229,90a2be22-6174-e9c9-96d5-43a21ffbdacc
35f3e84f-954c-4437-b590-9c4ce8ae0529,2d13f5b2-9249-a8c4-4bb9-ecf84f5d18da
e23cadb6-1bc8-540b-a7bd-a5cd6bd83bbb,fc1efe0b-90bf-e427-747f-374e0371024f
363ce876-e344-4f7d-ba0d-def9acf80dcd,eb74eb85-f1cf-cdcf-e52c-dbd06550b9eb
368ece0a-2fd6-41c9-a2b2-11c827674ca1,90a2be22-6174-e9c9-96d5-43a21ffbdacc
3654fab6-93fc-39c3-0ac8-89aa4c7ee78a,5b1dcbfa-99ef-bef6-51bc-4b0b68f305e8
ffae5209-949f-98a6-cf65-02d1366e0ec6,ec3301d0-bca9-2709-14ac-aadfc97ac672
36a60496-6706-102b-1ed2-7581fd400dd7,da0e4b3b-697a-b403-844a-1d9897bd0a4a
36b268ff-e98d-478d-a79d-e039c117eebf,b3a4024f-027d-c0bb-7df8-956aa66ce18a
377badf3-ba10-4edc-9ede-65b693b71486,90a2be22-6174-e9c9-96d5-43a21ffbdacc
36ff6c8d-2990-5037-51a1-3f96afa29a24,bbbca004-04c4-4020-ef1c-0baa8dcf6cf7
2766fe28-8b79-abcc-923a-121c9828fb0c,ec3301d0-bca9-2709-14ac-aadfc97ac672
37972844-9877-4f65-8577-0224ef18ad59,cfe94951-3618-c173-ba5b-d172862bf43e
37b6f62f-810c-41e0-bc0e-412aa4a66c60,90a2be22-6174-e9c9-96d5-43a21ffbdacc
37ac35b3-7471-336d-8a64-02b3f894544e,745d18ff-8d92-bebb-0bec-a1c23f0f1ddb
37f7a0d1-8561-4382-b179-2bb1c7c02943,90a2be22-6174-e9c9-96d5-43a21ffbdacc
384c4fb3-673a-5c11-63a9-d4209d3c5398,87db00bb-bee7-ed53-31cb-fe93282b090e
386855f6-ed69-f874-75a1-95d3b1c2d3de,90a2be22-6174-e9c9-96d5-43a21ffbdacc
394c3b45-2d53-8d07-2308-7a7ab3405527,745d18ff-8d92-bebb-0bec-a1c23f0f1ddb
39940b09-e305-269b-aa7f-f06c5340a2d5,2a2bde4c-e152-fb65-09d8-9df01a6d6b96
39d23f9d-ef14-b266-2d7e-be07e1693543,68a288e6-2786-db4d-9992-df0c2335792f
fdbc7e7a-5572-dd3d-8db3-32292423f3d3,42709de2-7cda-13cc-b0fa-6caaec73a606
39e03059-69b3-49ba-94f5-7e3b16cd0a6c,bb89d2d2-8852-cb60-d0c8-d8654c8d044a
39fdcb1d-b59c-4178-a36a-f50da276840c,bb89d2d2-8852-cb60-d0c8-d8654c8d044a
3afe38f7-d71f-2b39-a7ec-1140b9a3c088,c59b637d-36ac-b317-6325-2d1a48df03e9
3ad3759e-aa63-c806-3b9d-0cfd1294067c,eab3343c-539e-c2f7-29f8-80c662c04e97
3bc1d106-303d-9dca-d2fb-e59bb409906d,956a6f92-ea42-3821-ab80-8cb40154a679
3beed126-1d55-7d76-be5a-48ac86baac36,b7d8a27c-c59f-339f-96a2-2ca50804b7cd
3c0bf304-1713-4777-b029-30b44f87fe7b,87dbf7e2-ded2-998d-86bc-ab6beea36f04
e44d772c-1d65-4b3c-bc6b-e57c7623aca7,eb74eb85-f1cf-cdcf-e52c-dbd06550b9eb
3c76d556-d412-440f-ba44-8ff0ba45e565,eb74eb85-f1cf-cdcf-e52c-dbd06550b9eb
3cad980a-627c-44f2-a170-328b9940166c,90a2be22-6174-e9c9-96d5-43a21ffbdacc
3ce2abe1-dff2-9c4f-454d-bbc6df4ef45d,b4c462de-a2c8-6c12-051f-ffe95c6110f6
3d5719cc-ed1a-4297-0c03-ac7f58636452,28cded2e-b548-2c29-07f6-11fd7f0f2db4
3d85b8f6-083a-4501-9aa7-d83a0150f5e4,eb74eb85-f1cf-cdcf-e52c-dbd06550b9eb
3dd7aa76-0ee2-4409-9f33-1464615fc005,90a2be22-6174-e9c9-96d5-43a21ffbdacc
3dc7b3d9-f38f-ff00-f241-73f0aa9d610f,b348b17b-fa70-83f4-665d-892c68b93ef3
3dfb130a-d6e2-44ef-8114-de86f19a3f58,90a2be22-6174-e9c9-96d5-43a21ffbdacc
e43eb4c4-f487-483d-b9fe-ea0d5d4c0322,39f39760-6851-4100-09d4-9515794c5521
3e7b866e-e8a3-c5d8-e291-48b9dcf30fe2,5daaf0fb-374c-ce07-3b19-f1febd6cab00
3e78d2bd-f87e-f09c-07c0-f569e6f83932,186dbe5a-53d6-7926-fda1-ab86d0ea28c5
3ead208e-1525-584d-1ae3-b15b25d8726f,bb89d2d2-8852-cb60-d0c8-d8654c8d044a
3ee50b0a-7861-9617-0db2-37afd7b4cdce,cac63d78-2f8a-2aac-6472-24b16692456e
3eb89f6b-82a1-9c66-34c2-45d7ed79de79,f1379309-cf44-9201-106a-43d6f767d31f
e4a6e786-fe7a-c1f5-0087-368fc96c48fc,c186f33a-b858-508b-648e-93f26eab3027
3ef5fdfb-e3a4-604b-c121-3fec6fccb066,835e7a31-c88c-29f5-1e6e-0292a6493e3c
3f7c6e04-b883-8a6e-57d9-e2071793d554,cd74723f-0a63-8d2a-3653-83b7179791fb
e4872fec-55e2-41b1-9f3e-0c5a12acb808,ec1746f2-303a-66fa-ce42-5322b669a44b
3faa57e1-80d4-a8c7-e338-9c4ec8f902b1,097434f2-e680-45e6-b63e-f2116b62f362
e4cf4db0-13bd-5013-d190-2f5a87beca3a,7132c000-e6e2-6f85-2c2b-099463b96b27
4008f6d7-2c30-0b24-367c-49584cc0cc9e,25ef4101-6d8d-4ae2-e66a-8e5fc43b1fc6
4058301b-3aa1-494e-a538-996f5b7b489f,90a2be22-6174-e9c9-96d5-43a21ffbdacc
410411c8-60b8-431e-9749-9084a30f2268,90a2be22-6174-e9c9-96d5-43a21ffbdacc
411bc0fe-044f-4ff3-b941-2ce0ed2703b3,eb74eb85-f1cf-cdcf-e52c-dbd06550b9eb
41455470-86c2-4b7f-98e2-67b554a35340,90a2be22-6174-e9c9-96d5-43a21ffbdacc
e583bcc6-2030-6d18-0796-42f82044f6f1,c4316e13-0e7b-6c2c-65cb-841ac136c597
41ef195f-899c-4050-b981-f821ff02a5c5,b6c65397-854b-a556-4696-d752c957c515
41ff3cf7-52e2-f7d5-e94a-493f30276661,5daaf0fb-374c-ce07-3b19-f1febd6cab00
424c90c7-6ab4-453f-8257-84d6a7a52c50,633a8a0b-151a-a6e1-e8cc-bcaa38dfbdc2
4257f5d0-4b94-4f15-ba67-53bc18e12edc,90a2be22-6174-e9c9-96d5-43a21ffbdacc
42481537-875f-4193-9d16-d0806cad2c7e,29f923c8-db25-56e4-8556-2121eef21996
428703b4-2080-8397-6d84-729aa90c72c3,ae405eb5-ccd2-ea6a-ef96-de93a00faa2c
426a0548-39d4-c942-a1cd-c54e3f269ca2,6bb7fd25-088d-80b5-956b-93234d14e187
c3f82f44-0528-ca5f-8e52-1ecb5f1a3c9b,669eaf6a-ade5-cf34-f36d-3443c0103eb0
7229f5b4-f10c-3a99-875a-2ba8f7dc7d9f,bad5e720-63d5-cd3f-f291-560428b2259e
42fc4947-f837-8bd3-7f0a-f86523bf7a1a,fe4a631f-4523-68ff-4c5d-edcec7d43939
42f22627-5393-c975-73ab-c7fbd60725c0,21260de4-9f40-dc8d-aa97-f990c4299d08
42f99ba7-5e3d-fdda-49cd-7a9b1c201433,cec3a65a-fa13-c5cf-8998-91fe396cb809
43162736-35f0-44a8-91bc-01c52cefa070,90a2be22-6174-e9c9-96d5-43a21ffbdacc
4341cfa9-2b9f-d9ce-7b3d-9e0699ab3dc9,ec4d07f3-bc49-c95a-bc35-01e7b0496c8d
432cc0bf-f10f-40b0-b750-73f2763be27a,f8907dc4-2785-b25c-c267-57217d92da4f
433dc38c-1569-ba2f-a954-235b6739f0e1,64b78f19-34e4-809b-942e-a4de325e11da
436b8148-c2dc-c29a-cf85-079dc5aee867,5e3eb697-f21e-3570-18c2-e52865699e8a
439bca37-f439-4318-9ba3-405ec0fa085c,90a2be22-6174-e9c9-96d5-43a21ffbdacc
43f52275-7711-9fd2-3329-07f5900c1b66,90a2be22-6174-e9c9-96d5-43a21ffbdacc
440d3a83-f95b-04e8-7774-2876c2676a2d,fc2d468c-7220-e37f-c4ea-8ee8b569bd76
442d144c-767c-fe56-cb22-b746c1c55a46,7ef3b79c-d473-c7ea-212b-023d2db4cfaf
4423efb4-3470-a414-ec48-89035cd9a0aa,b12a081c-aa7e-426d-972e-4da6ad2b147c
4439822c-6a4a-2ff9-e16a-62ad5330a563,5453c9f8-3a95-c59b-e0e3-eb1d47a6fde9
dc9bacf0-ef0d-7a3f-fe26-8f4e31282abb,0f6d3131-a998-4898-ff5c-9495eaa033bc
44399f7e-19fb-4b9b-0df4-a83fda20a715,b4c462de-a2c8-6c12-051f-ffe95c6110f6
444b2ec4-b233-44fa-9963-a2e2229d71aa,b3a4024f-027d-c0bb-7df8-956aa66ce18a
44640c58-2f29-42af-8b9e-6c54b8495f75,90a2be22-6174-e9c9-96d5-43a21ffbdacc
413f9afc-ec1b-484a-887b-ac87d1d1ff12,eb74eb85-f1cf-cdcf-e52c-dbd06550b9eb
447d7692-b5e3-7161-51f8-7fafd2f7cc80,07e7b8be-6098-b51e-1691-346be6c8b12e
449cc7e5-8967-0cf8-d516-b01f1d6deb5e,125b968b-dd69-e086-44bf-6ae98dfaba6d
44c61c05-3d85-1f75-c560-e9b82e383dca,06a88c49-674d-468f-5616-b5ba743b66e0
44b098a6-5041-1a56-6579-49c794200cc5,d96ab8a6-2063-4651-8b86-183267d8ad75
44faeb71-940e-459d-acb0-bd0a51575f81,90a2be22-6174-e9c9-96d5-43a21ffbdacc
d3666cf9-1045-53d6-396e-2260307fbaab,0790d89f-db53-9a97-7e66-3e023e4184e8
45797cec-393f-4122-bf79-31b3e1a79c93,90a2be22-6174-e9c9-96d5-43a21ffbdacc
45fc17bf-c4c5-4dce-96d7-50187e78da01,4f9f21b4-22a5-a321-1fc5-c7eee99d6cbc
46253a21-d8ff-2a78-a949-7f1ace2b5dee,69d6409a-ee51-3e7a-d354-ab8b17e24726
461b1e19-8f7c-d434-9d6d-f85b16068a69,bc638510-43de-0600-d139-b4e51e0283aa
464586c1-d96e-4108-bbb2-cdd9e9d5f3b6,cbdd9364-6883-8098-f347-9c531ed05c4c
46a37d1d-c85a-46a8-8d61-c8f5af92f916,90a2be22-6174-e9c9-96d5-43a21ffbdacc
46e0befc-5d0c-490e-b0d5-42e28276f1d7,b3a4024f-027d-c0bb-7df8-956aa66ce18a
473eda17-4acb-4fc7-8c67-71b59c9b9db9,90a2be22-6174-e9c9-96d5-43a21ffbdacc
47324cfd-2b27-9878-27b2-2a85119a053b,71fe8687-4794-6fa8-23a6-2f9dce99bfb0
d3686178-3f05-bd6b-cf43-00c3d9b01fc7,613e62aa-231e-ee06-f80d-2163d20ec393
478f8ec9-555c-a8bd-a242-0f2558b6de0d,069ff435-f11c-6be8-867f-de057f1211e5
5cedd695-21cf-f23a-6874-70a1b47ae728,a6af3a14-f1c5-63a6-f48c-ee20e3d9a33e
47988d26-461e-2a67-ab6e-afbd8a6d6f52,87590d0a-ba02-62c3-83bd-39ab9642022e
48090e5a-2b02-2570-fa7a-78bd2957c9ef,5e79b4f3-191f-d90a-2287-c4bc7e33ab31
483dfe60-f583-79ea-cb84-ba83de641947,401686de-3da0-cb99-2553-5824925cda98
483046eb-1315-3fd7-9976-f0d34baba4bb,1afc3385-9976-7ca6-9b68-3d7ad40a95c4
48303950-a5a8-43b3-94e5-1607f6e5c6cb,90a2be22-6174-e9c9-96d5-43a21ffbdacc
d38c78ac-9e9c-ee12-7b27-bb0d83118e91,125b968b-dd69-e086-44bf-6ae98dfaba6d
48931b44-2e29-4757-9a34-d6dde778fdfd,90a2be22-6174-e9c9-96d5-43a21ffbdacc
48e4e9f1-f91e-ac0b-f749-4b3b7b82815d,9aaf3eec-7556-0c5d-8d2a-10c46ae4e07e
48cb9d2b-4769-4fde-bdeb-a23b7f2eb756,bb89d2d2-8852-cb60-d0c8-d8654c8d044a
49138539-ac79-4d85-bee0-1259ddd525ee,90a2be22-6174-e9c9-96d5-43a21ffbdacc
c489efce-9027-4bff-9423-7d7131831be4,a08fa2f2-23cf-3d30-ffd5-66790d4fd439
4936b4dc-70dc-4d41-8e04-c2d3a0257084,bb89d2d2-8852-cb60-d0c8-d8654c8d044a
4931c7ce-7ec7-026e-c45d-55c6b53e2e09,9f7a2d87-693e-bf27-c14c-b4280572a4b2
496b7656-36bb-4222-b663-1b8d5f101528,e41d7d3a-3a09-4579-1ae0-624afb4ab4c6
49756d63-6cf4-43c0-b2fe-1abb8dbe4319,37f4c90b-933f-b7fb-be19-cd1af515bf36
498249cf-4316-4b11-b5e6-308d2e9c283d,90a2be22-6174-e9c9-96d5-43a21ffbdacc
49c7b0bf-6d50-174f-c544-a846f9437733,5daaf0fb-374c-ce07-3b19-f1febd6cab00
49e167f7-e822-4dd2-9196-b8050df74d7d,9929c71d-2190-1b8b-07b0-c429a7129bec
4a0ce48f-4934-400c-a165-b97c19ebe594,1d911028-6b90-d987-399e-fae3593fa649
4a0fa492-a765-4a46-8746-8a584316cab2,bb89d2d2-8852-cb60-d0c8-d8654c8d044a
4a1acfea-4e0f-4538-713b-704494f96942,9c2728c6-3acb-83b1-b1e3-9591f5167f2c
4adb3fb2-a632-3bac-f10f-443c35b38e53,90a2be22-6174-e9c9-96d5-43a21ffbdacc
4ad4975b-0c08-4a22-b7d7-c53d0addb911,9af8109d-c488-18f4-847d-652ecc39d29e
4ae51fb3-b139-4d58-b803-b03605589931,f8907dc4-2785-b25c-c267-57217d92da4f
4aeb36f9-110a-097b-fa7c-e1348718d436,5b0826b2-1057-c7e5-5960-87d7c375e3d6
4b0407d2-0b1c-448c-a917-b707e2c7dc5e,90a2be22-6174-e9c9-96d5-43a21ffbdacc
4b828ed7-b9e2-447c-96ca-70f4259b5921,cfe94951-3618-c173-ba5b-d172862bf43e
d3dfa15f-e562-ffc0-9554-258cba2dc37d,42709de2-7cda-13cc-b0fa-6caaec73a606
4bc4ab4c-5dcb-4a1a-b795-4fe21aaad048,f8907dc4-2785-b25c-c267-57217d92da4f
1ee5c811-74a5-8e4e-bc94-9bf180b92978,c375a960-10d9-c90f-1507-325fe6ebf5ae
4bf7b424-050e-fb90-cd60-f21636a9b525,eb6c9dc4-4e1a-b43a-3a5b-6f48f10f66ee
4c1dfd63-d6fe-44d5-8044-76dfab24f511,90a2be22-6174-e9c9-96d5-43a21ffbdacc
4c1b20b6-81c3-5b31-0d95-fb4a09588f0b,4583aca0-f32d-ffbf-9b08-41a10aa8825b
4c560fba-54b8-4ffe-8c42-8c882814c535,90a2be22-6174-e9c9-96d5-43a21ffbdacc
cb878bbf-000e-0a7b-d7cd-7d6b47fb8ce1,d27a0193-1deb-d408-e79e-e943083a9eab
4cc2cf0d-b959-c9fe-e4c3-5efe50ca1392,7bcafb73-c481-0cdd-d4f7-cdc2b67735a1
d3e125fe-ed96-c1c0-505c-cc9e102872a3,66fd80ef-6910-b5e4-7d97-1c6f6d6cd916
4d108fc7-284b-9a4c-cd92-50e17f7d391c,ac7af56c-65ba-8287-2262-fbeb6eab7227
4d2c0ec7-3146-4932-aaa8-a64517b3d401,90a2be22-6174-e9c9-96d5-43a21ffbdacc
4dacbdd1-5f75-451e-92d2-0b2d8aeb912e,90a2be22-6174-e9c9-96d5-43a21ffbdacc
4db780de-82ee-463e-a1b8-b0af670fe271,bb89d2d2-8852-cb60-d0c8-d8654c8d044a
4dd3b461-2b12-18c5-d21f-79299d69537b,bb89d2d2-8852-cb60-d0c8-d8654c8d044a
4df81504-83bb-4ca8-a1dd-3719be7a484f,90a2be22-6174-e9c9-96d5-43a21ffbdacc
4deb612f-0a8e-9918-19bb-bbc6399911e4,135a381d-4966-8610-7474-c2cc2d45def4
4e095dd6-956d-4a27-90e0-226e702e131d,a870d8e2-033e-6238-f8ea-eab0b208c0a5
4e58a753-1d23-5738-b458-a4dfd4ffc823,c375a960-10d9-c90f-1507-325fe6ebf5ae
4e600586-e24b-4b88-ce5a-040f428f333c,1bfaf1a2-7723-92ca-88ee-cb32d4464a76
4e799c65-f742-7a37-5282-fbfcb913ac86,28cded2e-b548-2c29-07f6-11fd7f0f2db4
4e780184-7d2b-c3d9-6060-4c7597ad67f7,71ff28b7-18b1-fa21-e20a-73c5fef7995b
4eada6c6-9e98-4963-b992-c8ec40f9ee7b,90a2be22-6174-e9c9-96d5-43a21ffbdacc
4eae82f5-af72-ad0b-dc8f-ba49a9d04cd1,d2598762-1779-d35b-f081-60d3afa1145e
4eda58b5-55d3-bd39-d3a6-19f7271d0453,ec1746f2-303a-66fa-ce42-5322b669a44b
4f2dcab6-f27b-4613-9ffb-12dd975522cc,90a2be22-6174-e9c9-96d5-43a21ffbdacc
4f25d8cf-beee-b1a9-d903-3cafb9ac61b7,41137b0e-e322-2086-ae7b-39049d74c7eb
4fb36cbd-89b8-4d70-9369-c2e54a6612a7,90a2be22-6174-e9c9-96d5-43a21ffbdacc
4fd00b45-f3e9-5a43-5c33-ad641218e026,0af062c2-6a9f-6fcd-ee2e-276754ce8180
cc0e5af9-4bc7-cb59-ea89-d53e16aa8139,60fb555f-5fa9-8347-1a3c-698cd9a3e1b2
5012a707-b6cb-0e17-08e4-33681b176a82,878ff033-b1f9-52c7-5825-70066b8a9c47
500f0e2f-c035-fe9d-8011-256be53e7eca,37ade643-d6cd-2fac-eac7-0dcc4df846fe
50489bc2-e7a9-4f1f-a5fc-79ed41535b74,90a2be22-6174-e9c9-96d5-43a21ffbdacc
506ccd33-120c-4eec-8a2d-07f7ac128b09,bb89d2d2-8852-cb60-d0c8-d8654c8d044a
50ba5d0b-6992-b92a-64f4-dce7c3460d7a,70841b5b-6b56-73fd-9fa7-53dd7d3fbb26
50c0266f-64c0-41bc-9c18-87130bad9132,90a2be22-6174-e9c9-96d5-43a21ffbdacc
510a4a6e-afde-3caf-9c82-4eee0eaed7a2,84dfb8af-76b0-6795-3186-ef6a3b537001
c09fe147-851a-3827-0221-bf26a7c30e5c,b348b17b-fa70-83f4-665d-892c68b93ef3
51436ed1-a615-e532-977a-a52f33b14185,e841c1ef-f433-e59c-5464-e6f87c6bfbf1
51575581-87a3-43bd-7dda-7ed1a37c0879,06a88c49-674d-468f-5616-b5ba743b66e0
51e07aa7-9306-4c51-9df1-90af656c062d,90a2be22-6174-e9c9-96d5-43a21ffbdacc
51dcd95d-e40c-dfb2-59a2-1e9f28b6d094,894a870d-86f7-c871-c4a7-014896c1f305
c70e26f8-3548-2766-3d1f-49f0ddeab9a8,179f30bd-a130-0673-70d7-1f580466c2df
c70db69a-2fd8-7bf0-6e1b-46eca70be713,f45b2d7e-e26e-75fe-19b9-55b1f59480bd
c7080ae6-837c-4604-8f7a-8542074a465c,c7539029-784e-083a-632e-236b75af5948
52b5d575-5771-8685-d366-7289fa37d250,be36aaea-f693-ddf9-ffdc-eb55c8cb4e5a
52e6e3d1-75e4-4bd6-aeab-6543c9019b2c,90a2be22-6174-e9c9-96d5-43a21ffbdacc
533dd24a-948a-56c5-19cf-7b19f6341244,534f08e4-8466-79a5-be0f-1a19f1f007f4
4f09f4c9-03cb-479a-b754-b6518ea0badb,eb74eb85-f1cf-cdcf-e52c-dbd06550b9eb
20d57340-7c1d-4fdd-6540-ee384bd46109,3ecd2df5-d065-1769-3a25-05f9847e2959
5385b138-8555-2f6e-9ed3-2f2ac3b50d7d,e841c1ef-f433-e59c-5464-e6f87c6bfbf1
54119a0d-6057-4b1e-9f67-14546dbd2761,eb74eb85-f1cf-cdcf-e52c-dbd06550b9eb
cc75adb9-2731-6458-c852-4bf2b6ef39d3,3ecd2df5-d065-1769-3a25-05f9847e2959
54fc1300-528c-739a-03c3-762896720145,736d7e3a-4bb2-974f-4c6c-aea44e19ba3b
54ea1215-7e4c-4aac-b02c-93f3cc3c8d54,179f30bd-a130-0673-70d7-1f580466c2df
55089f3d-888b-073c-4655-efeab1e5538a,f45b2d7e-e26e-75fe-19b9-55b1f59480bd
d4af723d-729c-4693-8072-8ecd43b29bf6,14e9d5ee-8cf8-32ae-c074-e83451a7943f
5524188b-1893-4c59-8d2b-81885f498636,f8907dc4-2785-b25c-c267-57217d92da4f
22cd56a8-0390-267b-1ce0-7ef2cf360e6b,9f6d1068-fe7d-eba6-d789-da02cbf5b364
55a62e8f-4061-982f-5a3e-afe3e11b7cf7,613e62aa-231e-ee06-f80d-2163d20ec393
55bdf741-d178-ffde-35cc-0cc477e37178,645bd94b-0778-a681-f0dd-03bea56b677c
5611093e-b07c-b06b-5738-5946ca2fac89,2d2b1875-5e60-9d20-2c40-498b0e263012
55fd5737-69a7-433f-a03d-88e8d5c820bd,90a2be22-6174-e9c9-96d5-43a21ffbdacc
d52e9ff1-f102-973e-eddd-d9d254ea0634,96b5ed88-b99f-680b-e1ac-1eeb6dc46790
567233ec-c5c8-16ef-8c1a-7be72ec0dcd2,c00c5233-b592-b942-9966-192f36f04367
56707b26-4817-42c7-ad9d-77090140180e,bb89d2d2-8852-cb60-d0c8-d8654c8d044a
569d925e-d40e-041b-5873-5af5ebb969cf,42709de2-7cda-13cc-b0fa-6caaec73a606
d5415a4c-793b-4017-7dfb-2936672756bb,e41d7d3a-3a09-4579-1ae0-624afb4ab4c6
569f2d86-6f1d-0d06-325a-d804e39703eb,ec4d07f3-bc49-c95a-bc35-01e7b0496c8d
cd00d280-5423-208f-b646-cbb9cc9d8ac6,7132c000-e6e2-6f85-2c2b-099463b96b27
57045e3f-6e59-4dc0-a2e4-4d1381646d90,eb74eb85-f1cf-cdcf-e52c-dbd06550b9eb
d588c63d-9ae3-8e5c-cf9b-dd38ee7de84d,5fbbf212-e311-5d56-cbfc-011ad5fd61a9
e6e92b06-f809-8713-7288-63d9d23a9ffc,9f7a2d87-693e-bf27-c14c-b4280572a4b2
57a7f8b8-d30a-4188-a89a-f6d418495719,cfe94951-3618-c173-ba5b-d172862bf43e
5845da49-c2fd-4a08-8f1e-13405eef56d9,90a2be22-6174-e9c9-96d5-43a21ffbdacc
58303efb-1140-e5f8-0307-78fb21a631e0,482fae1d-5f66-2a76-e86e-4972578386aa
5843cfc1-892d-da83-0c8c-2cf3d8ea6b64,71fe8687-4794-6fa8-23a6-2f9dce99bfb0
cd646844-511b-4128-a916-193a4456ee7a,a08fa2f2-23cf-3d30-ffd5-66790d4fd439
58b12ca1-4428-5e97-c1a2-6685c3509fb3,70512c4c-6c7b-65ed-2f5c-ffa321d4a0e1
58d88d15-7157-a7db-dec6-fd78caff1258,ec30b865-cf1a-4f50-ad67-6511cbaa1b0d
58c80414-70d1-48e8-c174-af0f65550786,b855ba05-29d0-c2da-6957-a121050b3406
5952f028-d489-4a1e-b448-862cfe022ff7,9616fc3d-0676-d467-3457-e8bf99f827aa
59386c16-1cfa-4c15-9134-63626de435f8,5bfd840a-069b-b635-3ab5-b2b3019f8a45
59621b45-f4a4-9d28-4214-a874f55b8f0c,56b82e17-296a-918d-a090-635657a2a357
598f7abf-fc92-4cbf-9e06-646b1421bb18,cad45597-e183-4e65-6788-5fe902efb900
f1013c95-68ba-288a-88d5-3c934a54cee3,7132c000-e6e2-6f85-2c2b-099463b96b27
59b239d7-4fd6-5e7a-40e1-6d91b8227e1e,71fe8687-4794-6fa8-23a6-2f9dce99bfb0
59a568b2-55fb-418a-9b4b-cba28bb31038,90a2be22-6174-e9c9-96d5-43a21ffbdacc
5aa6f1c4-5726-7aa1-d346-0dcfd89d45c0,3b0bb1f5-0dac-0a0a-e995-eb2538390389
885b5f58-8162-ffee-5c2e-11ca01f9d264,
5ad7e3db-c672-16dd-8ea4-d7e1a38fef3a,5b0826b2-1057-c7e5-5960-87d7c375e3d6
e6e60f3e-1aac-d85d-452f-64c73adb0ef2,47d32864-5557-4b9d-fc46-435dcdde139b
9d58671a-29e6-2a93-3906-bdfda880ea98,15166dd0-b6a6-79e5-f235-1a88564d332f
5b18f5fa-a0a3-3aae-1fcb-58cd6e9b1e6a,770aab84-8037-fa70-195b-8dd4cc96c538
5b4103da-f44f-71b5-4c1c-39dab24aa450,14e9d5ee-8cf8-32ae-c074-e83451a7943f
5b33e04f-5bef-4017-1aaa-03bd1f67c4f4,be26bff6-61ee-dcaf-67b9-3a9f5ab55d0b
5b84bacc-4588-c6bf-7f00-4179142893c0,c1203aca-27bb-973f-6095-afc61df4af9f
5b6dae9c-4e13-c413-c4df-0728bcb7be33,cd083fd1-9b6c-d957-532e-9ef2b17d9791
e729dd40-7961-4e11-8c8a-264db8a760ac,c4583f9b-e98b-efe6-e99d-ecbd51a4623f
5b99488f-fb2f-46a1-9571-e89b96155a72,3f64d228-1169-7809-f5bb-b4588aa9353b
5bdcce70-062b-4c0a-b080-5acf023fba84,4d9554ea-a37a-d448-a74e-a5470305bdfb
5bd4d319-cc9b-4737-b75a-0eb82802f5b2,90a2be22-6174-e9c9-96d5-43a21ffbdacc
5c9c92ef-59b3-4da9-88ee-2ceb5d66e3c6,90a2be22-6174-e9c9-96d5-43a21ffbdacc
5cd94ce1-5e53-9d59-d21a-7f136845e932,4d663160-e078-7042-0675-ced0c4442aa2
d5daaaa2-5196-1711-7786-41e0324163b9,c186f33a-b858-508b-648e-93f26eab3027
cd9b8de2-6c14-e0a4-a6f8-e54e41704991,c176e61e-b705-de2a-bf42-484d8aa4a4b2
5d131066-239c-497d-b678-2086842c5ced,90a2be22-6174-e9c9-96d5-43a21ffbdacc
cda514fa-2558-ecb9-7742-b8089580d6ff,9a371bfa-21d0-aaa1-0833-3f5026d41523
5d6e6ca6-497b-4da7-beab-528a772f3a21,745d18ff-8d92-bebb-0bec-a1c23f0f1ddb
5d9a2d4b-fa84-a9bb-6850-eff99b91f122,4d6f061c-e24d-1a69-9cb8-b474af634e6c
d60a0f25-5bf1-b50a-b96d-80a74a786760,4a6a75f0-7097-b337-b3fe-228f2d015db3
5e24f00d-7365-b80e-209d-5ad2ba2ac363,5b0826b2-1057-c7e5-5960-87d7c375e3d6
5e7df718-4340-4dfe-bf03-b325fbaf14a7,90a2be22-6174-e9c9-96d5-43a21ffbdacc
5e6e3ae8-02fb-8631-64dd-270add608df1,91bdc56d-b168-ae36-d3a9-b24fcdc04943
5e84bc54-e0e2-4e6b-684f-72f2e520460b,6220fc23-d129-f3ab-9235-8e1d3227ff0b
5ec58df5-0678-46ae-b949-e2a842b51777,90a2be22-6174-e9c9-96d5-43a21ffbdacc
5ed48a56-8c56-97a8-82f0-a721fd0f93f5,c8c1bde0-2f39-3605-712d-6ff73ff62693
d5f7d7f2-e7c2-4d15-bd95-dc244ac110cc,cc9f04a2-43e2-3804-6056-24bf0c9f8d98
5efc905d-980c-cf90-186d-0c2623fd82e3,28422e92-83ea-b392-652c-7f7bdd7feb81
5f1c2806-e7d8-e44c-ab8c-cb341234f977,a3882c5c-8fe8-9ec7-0991-77e37691dabb
5f3b62da-0d44-47d9-9e3b-9b99a9f76e4f,90a2be22-6174-e9c9-96d5-43a21ffbdacc
d6222124-27f2-4bb1-8daa-4be9ec1e2724,eb74eb85-f1cf-cdcf-e52c-dbd06550b9eb
5f6989c9-4494-4525-9bc2-a56758af2f0a,90a2be22-6174-e9c9-96d5-43a21ffbdacc
5f6b7c87-82c3-731a-77c3-235eaafec090,c3016225-1a37-7807-9210-bd7b2bb092ca
5f836f37-aeef-4fd7-b3cb-1bab8944c089,bb89d2d2-8852-cb60-d0c8-d8654c8d044a
5f9c39d7-dac6-4213-9902-4766f697d043,30ddc420-e14e-aafa-ba7f-e3100eec7ce3
d6550614-9ab3-472b-8e90-c7e0fe19c4d1,bf7d10ba-cbde-0e18-5ff2-20c99b86f484
5fa0843c-ab2f-481b-a5de-19c2085ffa53,90a2be22-6174-e9c9-96d5-43a21ffbdacc
5fabf6c9-4162-1e2e-3bba-1983d4eb0aa1,0af062c2-6a9f-6fcd-ee2e-276754ce8180
608a82c2-20e6-4bcd-83d3-6945262b2912,90a2be22-6174-e9c9-96d5-43a21ffbdacc
609258fd-5d98-45b3-8b9f-e56cf23096a0,48732bd7-0405-0d82-b736-5fb6abd7b9df
d0205bc8-0936-4b11-9a95-9897274241bc,6f5b94de-0988-2b3e-1043-783bde41455b
d65de1af-1df2-d052-1459-6eaedf62ade7,e36fb481-e5c3-a4f7-dc3a-55ec2a06ca95
60cf3595-1cd9-4c64-a2ba-302e358935e0,90a2be22-6174-e9c9-96d5-43a21ffbdacc
61630ff2-2ce3-857e-f4e5-27b3f61212a2,d017c8e3-e8e1-b9a0-5fa3-51cf59dab856
62770503-5e45-47e1-ac12-90b4ead61800,90a2be22-6174-e9c9-96d5-43a21ffbdacc
62fd7ce5-4f79-4c71-8744-5c1ddfea16da,bb89d2d2-8852-cb60-d0c8-d8654c8d044a
62ce2ac9-4356-9c28-6bd2-bd40c80200c3,60a5f4ab-7264-8973-18a0-3b681864ee03
633612b1-14d6-49b8-92bb-d64b885489ba,90a2be22-6174-e9c9-96d5-43a21ffbdacc
bcb57ba0-9f4a-45c2-5f0b-a2bc196ec7e2,da0e4b3b-697a-b403-844a-1d9897bd0a4a
63527350-549a-3b89-6862-41d9ea1e0b5d,1f5f9154-8bb0-6b72-9cba-b2ea5b23b666
634ed06a-c313-4598-af59-b02fb7094487,8105fe11-af77-a14e-19ca-d67185c7dd15
63dd8ce0-3b2d-891e-24fe-581a601e315c,90a2be22-6174-e9c9-96d5-43a21ffbdacc
64234d45-1e9b-8eb4-995a-55126c6da4f6,f9ca0731-bf68-a6a8-e586-cd0df3e00195
647aac3e-3424-4b31-959d-372872d47f8c,cfe94951-3618-c173-ba5b-d172862bf43e
64877abb-c3e9-4f89-92e5-744e317d352d,eb74eb85-f1cf-cdcf-e52c-dbd06550b9eb
64e5416e-6ba4-4b0a-b427-1e58dda5f7d9,90a2be22-6174-e9c9-96d5-43a21ffbdacc
65218d14-4305-4403-abcd-5bff0b77b2a7,90a2be22-6174-e9c9-96d5-43a21ffbdacc
6786fbf0-c2be-18c0-d18e-da31d055279d,628e993f-1976-88e8-2027-0d54c3f6e9d0
65798801-aa04-432a-8647-c4d0784914df,64a4767b-4fc5-d529-9fff-0ef7f0e9c2b5
658e3517-f118-790f-0e00-6c3f7d487b86,9c953450-fb47-9a58-d111-ffbe3a1d740c
659f9758-720c-a623-e800-db0bd856d2cf,abea00a1-b5e0-cd2d-bd13-d0b506748626
658d9085-b6c5-49a3-b023-419f0f5f0c31,90a2be22-6174-e9c9-96d5-43a21ffbdacc
65b3fa56-fc9d-5e69-bec5-fd072d5cd159,b9f1bc38-8417-f029-e556-a48e302494c1
e7e54c15-602d-98f8-c72c-c42e38a001fe,c176e61e-b705-de2a-bf42-484d8aa4a4b2
664ffb68-3e21-4c0c-ac99-dbba9112e4fe,90a2be22-6174-e9c9-96d5-43a21ffbdacc
665f4434-74f1-4820-b134-60557c43c61d,90a2be22-6174-e9c9-96d5-43a21ffbdacc
ebe689d5-abad-4f25-9916-89a85c5ff685,2b1b438f-13a8-5089-6bc3-14a02f51a8ef
66b67a3c-2cc1-41be-a849-05c48ab62bfd,90a2be22-6174-e9c9-96d5-43a21ffbdacc
674c0cfc-b602-6170-a7b4-93750200b21e,6dea8007-b95b-3bd6-01b6-50776ce926aa
676e2cfb-b0b2-4c47-b17d-115a0901dab7,90a2be22-6174-e9c9-96d5-43a21ffbdacc
677c7cc6-92ef-4ed5-a396-bea7e4313372,90a2be22-6174-e9c9-96d5-43a21ffbdacc
67991902-0414-4b29-8e06-4dcd51e4443e,4102c3a7-ba56-4128-e2a4-b621c4cbbb3c
e89f1c8d-2599-7aab-bfd9-f0d65dce80c2,cec3a65a-fa13-c5cf-8998-91fe396cb809
67b9e7fa-e20d-3dd3-4d4d-93caf82b863d,cbdd9364-6883-8098-f347-9c531ed05c4c
b87b1f19-6ec3-a0a6-2a34-7c85d4ae6f1f,15166dd0-b6a6-79e5-f235-1a88564d332f
be629fc0-f7a2-2c24-dd0e-09979cac5bf1,c1203aca-27bb-973f-6095-afc61df4af9f
bee2778d-976e-16f0-8479-225ca10013f3,64a4767b-4fc5-d529-9fff-0ef7f0e9c2b5
68dc4bf7-9730-8279-4de1-e1d04a7ee1a9,91c44382-cce2-169a-ad67-d591041df5bd
68d2fc8a-fdd6-4de4-99c7-d9ac29537373,9f1fd5e2-469d-5b45-f15b-f9c7fe1dea32
68e8a213-bff3-0799-7830-d9f22a096230,90a2be22-6174-e9c9-96d5-43a21ffbdacc
69398b7a-7e60-7051-f2bb-8b53a66a8a8a,255bf103-ddcb-c817-f343-c49268c4ad91
695d7116-0b70-3528-da08-0bd07eb09cbe,70512c4c-6c7b-65ed-2f5c-ffa321d4a0e1
6a9611b2-42ce-41fc-9fca-c3ecec14fb8a,b348b17b-fa70-83f4-665d-892c68b93ef3
697497c4-283e-415f-a4a8-389085a22995,90a2be22-6174-e9c9-96d5-43a21ffbdacc
698cf5c5-5dda-b56d-60af-1a6d3c458a61,1087abc6-0d95-af19-e5e1-2fb708e8d862
e894c348-49e8-e58e-e74d-d5c43493dcc8,30a592f2-1f9f-4215-3bfd-1c29e1e8cd4d
69cd6d69-bfa1-7768-d17f-5870eecbb7a5,bb89d2d2-8852-cb60-d0c8-d8654c8d044a
69f123a7-a432-4dcd-8287-0d69dd33dafa,1155c1f1-5e71-6591-eb09-cc3993b84aa9
6a514950-7578-4ca1-8e32-1375450e02c9,44a5755d-418d-0a55-3c05-51b9173e27c5
6a38d8eb-73f5-291e-302f-93f7ff3c7117,64b78f19-34e4-809b-942e-a4de325e11da
6a4c84bf-3f34-a84c-a390-0e3fd864c072,42709de2-7cda-13cc-b0fa-6caaec73a606
6a8930a7-37c2-665d-0ace-d717e3ad0d23,651717ba-acb3-43fd-b9bd-d4e9a968fefe
6aafd85e-994c-45ae-9cf7-5aa9c53cff2c,90a2be22-6174-e9c9-96d5-43a21ffbdacc
6ae024cb-d1b9-33c6-f942-ebe7fc6e4116,c375a960-10d9-c90f-1507-325fe6ebf5ae
6b4cdc58-043f-731a-da82-671bdd8981b8,f82fc139-4768-11a6-2456-359dba88a5b4
6bda0007-6979-1fbc-533d-130ac9000388,90a2be22-6174-e9c9-96d5-43a21ffbdacc
6c154523-def8-ccaf-1532-d98991983d42,d02fad6c-d71e-b2c3-869a-63c231da4bab
6ccd1322-6a96-4254-a3e2-e099b38bdb5c,cfe94951-3618-c173-ba5b-d172862bf43e
dab5cdf8-8cbe-5a05-e32f-2df9e8900f5a,f82fc139-4768-11a6-2456-359dba88a5b4
6d02b9af-8502-43bb-9b6b-65d55ecf77c5,30a592f2-1f9f-4215-3bfd-1c29e1e8cd4d
6d4be5a2-4e57-4351-9393-376662c20a93,90a2be22-6174-e9c9-96d5-43a21ffbdacc
daa634af-20f1-e2a9-8a6d-43eb43229982,633a8a0b-151a-a6e1-e8cc-bcaa38dfbdc2
6d209bb0-71f4-43bd-8d10-5e832a78db56,90a2be22-6174-e9c9-96d5-43a21ffbdacc
6d357642-b9c0-6a90-1085-eaed4776a4c8,64a4767b-4fc5-d529-9fff-0ef7f0e9c2b5
6d652680-2973-b4ac-e978-6b24657d3b98,8014e1ca-deea-eff9-f368-70f0cd021d79
6d820810-979d-a2d0-4aff-729e4477a8a2,8d386789-dfd6-473e-5e45-80a9701ad7a9
6dda4611-c0d0-4f3b-ad79-b29ea09aaacc,90a2be22-6174-e9c9-96d5-43a21ffbdacc
db322188-9ceb-2eef-5202-eb1c19e7d041,6329522f-d369-5777-5d96-8c41c24df647
db3bd837-6e06-334d-2a0b-744305b87d44,71fe8687-4794-6fa8-23a6-2f9dce99bfb0
6e828a4a-502e-39d5-e787-73353cf5a176,bf4e7f0d-9e5b-0e16-7bcb-73870a0ec51c
6e73be18-8532-4e35-aed9-6cc903dec602,bb89d2d2-8852-cb60-d0c8-d8654c8d044a
6eb36f3e-d8b3-4606-889b-d2f24a1a1fe2,90a2be22-6174-e9c9-96d5-43a21ffbdacc
6ec7fb12-792b-4d18-9187-ed407c01d13b,90a2be22-6174-e9c9-96d5-43a21ffbdacc
6ec924f2-f9a3-4092-969b-8c6e409ac5e6,90a2be22-6174-e9c9-96d5-43a21ffbdacc
e90139a0-27ae-4ec0-92ff-d16d8f61278b,ca62b6f1-7660-b083-2c35-42fb1148858d
fa42d023-375f-d5c8-2ad6-6313b1bbfd43,7b482c3d-941e-285f-c559-74103c8eaec7
fa43db78-87d1-408f-b322-611698751892,42709de2-7cda-13cc-b0fa-6caaec73a606
70392696-3aaa-4f11-a5a2-00667a16c4bf,78c6cd53-c7eb-dba6-c742-6e3318e287ed
70303c79-4ec3-e4cb-0a0d-7b7fd0ecf821,ba0bf36d-7ae2-a628-f0f8-d1151f048f10
705a766c-9756-1ad9-d32f-c246883aa2ba,613e62aa-231e-ee06-f80d-2163d20ec393
0cbdcb1c-7b80-189b-3cf0-e8cd30e8adb6,135a381d-4966-8610-7474-c2cc2d45def4
1fdbfe49-9952-c42e-060e-f9de90865bf8,
7108cd04-f454-74da-3e13-e25b7edc21b2,bf7d10ba-cbde-0e18-5ff2-20c99b86f484
7126b9b4-f4f1-46c0-b9e3-abc7e1184909,1afc3385-9976-7ca6-9b68-3d7ad40a95c4
71659273-135a-9321-a55a-b5ffc79ddc7b,a320e177-e674-4113-1c9f-dd8af957fe0e
7189bcc7-abcb-4381-bf56-505c39573dfc,bb89d2d2-8852-cb60-d0c8-d8654c8d044a
7211f86a-e271-4a50-a90b-6368d40dc770,90a2be22-6174-e9c9-96d5-43a21ffbdacc
725faa6a-3253-4fb1-9265-b0347d8af160,90a2be22-6174-e9c9-96d5-43a21ffbdacc
72f01680-ad9e-743b-f960-ee5c8b9eb4db,40f6920f-7122-b5e9-e451-55a4fadce240
731f365a-78ee-3f69-951c-2345eaf2872c,745d18ff-8d92-bebb-0bec-a1c23f0f1ddb
73218017-2168-35c4-e195-7b921229fbaa,3ecd2df5-d065-1769-3a25-05f9847e2959
2ca609cf-4d16-1c02-9d39-a04caa2276c2,607c6276-a6cb-71a7-2206-72c7ebb031d9
2d3fccfe-b3f3-a9c6-3ba2-5a38f0c84765,4087f7b2-6767-57fb-4733-6a0142da1a78
2d24afdb-7657-4534-af27-faa0b8d4fa9b,90a2be22-6174-e9c9-96d5-43a21ffbdacc
38de347f-8a41-44cf-4b30-193c9696905a,745d18ff-8d92-bebb-0bec-a1c23f0f1ddb
2df2a66a-0006-43dd-8e7e-5404250f6a6a,645bd94b-0778-a681-f0dd-03bea56b677c
2e020c98-fa24-a717-9181-80dd19d77213,29f923c8-db25-56e4-8556-2121eef21996
2e2c9c01-0eb0-4655-a113-f61460f2e404,cad45597-e183-4e65-6788-5fe902efb900
2e6105ad-265b-4c56-a011-2353960ec666,90a2be22-6174-e9c9-96d5-43a21ffbdacc
2f7dea85-eb54-5d8a-a6cd-5e3ecff812dd,fd269e1d-1f10-3a1e-e2a7-96a5fa9a7210
302f6154-4f15-4599-91aa-d2e99d2fe68a,90a2be22-6174-e9c9-96d5-43a21ffbdacc
30540e17-cd82-ec32-7dbd-a7d51f00c0fd,4a6a75f0-7097-b337-b3fe-228f2d015db3
d472603f-6519-4d1d-97ad-e8a14d36cb0f,96b5ed88-b99f-680b-e1ac-1eeb6dc46790
307efa74-fb9b-4a30-a99c-5c2c0d3c6806,9929c71d-2190-1b8b-07b0-c429a7129bec
3109eded-e25a-9aa5-0540-f9ddc691feea,03b377eb-7cbd-468b-9ce0-8272ceae0a1b
313ac463-d792-9adf-c8c3-61c721409012,cfc981d2-e13d-500d-77ca-616939d7dcd9
31626530-21de-4e78-a048-1ad606a22daf,90a2be22-6174-e9c9-96d5-43a21ffbdacc
31511a90-5339-5812-e3be-e16e43ddfba1,dd4bb1f1-6431-fa24-92b3-df56770245df
3174bc5b-d55f-4077-9639-22e7a4d9e272,d3c740a1-8274-c5e4-1fdd-d613c7582241
dbffdcdb-6b93-45ca-853e-b17566bba73c,eb74eb85-f1cf-cdcf-e52c-dbd06550b9eb
31ed894e-455d-b673-5e5c-0e1a843a4321,44f5d9f7-7689-6cd0-63ee-93fe9f23e526
328c7e22-59c9-428c-822f-3d3645648dad,90a2be22-6174-e9c9-96d5-43a21ffbdacc
32bf6acf-b05b-695d-13ed-b456aba86ab3,56b82e17-296a-918d-a090-635657a2a357
32c66f98-03c3-4a78-8c3d-4ae884c3f054,90a2be22-6174-e9c9-96d5-43a21ffbdacc
32eab5b2-79b8-4791-a82c-60b9f23a71f3,90a2be22-6174-e9c9-96d5-43a21ffbdacc
32fd0da2-729b-4383-b9db-d4342878ac93,90a2be22-6174-e9c9-96d5-43a21ffbdacc
3332ed83-4f4b-35e9-7bf8-15abf6330752,3792b43f-7b45-8d6b-9f66-3e44573c96d1
33d9cf2d-3dce-ab87-42c6-8992a4fa2a71,66d28027-021f-cb40-e997-41f45850111b
3420150f-2e5e-438d-8463-50e5ca3a0c79,90a2be22-6174-e9c9-96d5-43a21ffbdacc
34343a43-0b57-e16d-9afd-6719ed5661c7,e41d7d3a-3a09-4579-1ae0-624afb4ab4c6
345efa0a-15f8-5f1c-ef06-1886708e06c8,41137b0e-e322-2086-ae7b-39049d74c7eb
737d6634-af1d-dd6e-2095-59f09d19be3e,fc1efe0b-90bf-e427-747f-374e0371024f
0ece97ac-dc15-d403-d1a7-7018310f56ab,bf7d10ba-cbde-0e18-5ff2-20c99b86f484
740d91ee-d16c-45d0-98bd-eefdb96372c0,bb89d2d2-8852-cb60-d0c8-d8654c8d044a
7448b3d8-9491-4cc1-8b1e-59e56d88b41e,90a2be22-6174-e9c9-96d5-43a21ffbdacc
7466acc6-00b8-edc0-b013-f73bafed9ec7,cd73cf62-3cdc-e875-dc47-a723de4f48ce
74ae1048-158e-40a3-bdb8-fa1fdf90ffb4,90a2be22-6174-e9c9-96d5-43a21ffbdacc
ea84a584-0ba9-6bba-d573-b5b2a4d7c16e,07bf0472-baf9-fed2-01e5-9e163b47866c
749258eb-2430-c3ad-31d0-4b1c73eee67a,32347a8d-14f4-2c55-28bf-d88b9955996c
74cda850-d7a2-40d2-ae27-caeee763ccd5,90a2be22-6174-e9c9-96d5-43a21ffbdacc
74f7d7c4-936a-4c03-b380-beff0caa5a3e,90a2be22-6174-e9c9-96d5-43a21ffbdacc
fe734e58-cdab-f1f9-cbd1-08c65f4ac056,f82fc139-4768-11a6-2456-359dba88a5b4
7515443f-0932-45bd-5332-200ff3475344,745d18ff-8d92-bebb-0bec-a1c23f0f1ddb
756db383-f692-40fe-8a36-99a6f12d9354,90a2be22-6174-e9c9-96d5-43a21ffbdacc
756c6986-9063-4ffe-87ff-ebc9b6f8a817,28cded2e-b548-2c29-07f6-11fd7f0f2db4
7597fce9-ef89-4ae6-943a-c935fa633d6f,90a2be22-6174-e9c9-96d5-43a21ffbdacc
75db2265-ba43-791d-ed4c-fcb210dcaaed,cd083fd1-9b6c-d957-532e-9ef2b17d9791
75e1d14b-d4f7-44da-891b-2183abb3c81c,bb89d2d2-8852-cb60-d0c8-d8654c8d044a
76202926-2e58-2dce-fcc6-00991d053f66,bbfbde5b-09fc-c77d-5668-4bce06f3696c
76666f22-27e8-c889-2cc1-b3f42afbdae7,b3bd404f-c429-d4f3-3ce7-69ebce477b61
768f54a9-389f-fec6-9221-fdf170f22971,41b349a5-441f-f3a5-4dd4-9771ed57b770
76c724de-baca-8c4f-092d-3bbd481120a8,d02fad6c-d71e-b2c3-869a-63c231da4bab
7719a018-840a-4a76-8175-49633d2846da,9fe223c2-6fcb-a8d6-3108-e0d0a0e34ef5
770027a5-5222-2793-76a9-d53fec6e23c2,2d13f5b2-9249-a8c4-4bb9-ecf84f5d18da
1a2a7dd7-b255-4b56-3402-a620f284d59d,b747735a-d609-5ff1-5c86-8c2ef856c318
77939c7d-d7be-4037-b3b8-baaa7b7b07dc,90a2be22-6174-e9c9-96d5-43a21ffbdacc
78e7200f-a08d-15ad-ac5a-2120f6d4075d,cd74723f-0a63-8d2a-3653-83b7179791fb
78c00016-0f16-0c27-858a-4aff1b3673c5,217dc019-ffc9-d77a-4fc0-dfb2d38675d4
1aad3688-5c39-48f5-8826-615f84aa5203,eb74eb85-f1cf-cdcf-e52c-dbd06550b9eb
78f4d05d-b738-cc1b-30d3-4e565c7490f6,b81d6d73-e61c-849d-801a-ff7114824b42
795f080d-0730-9d47-724a-4f98f1fceb09,b6c65397-854b-a556-4696-d752c957c515
feeae4cb-f7db-e791-9d4b-32e4baa4dca9,264f4111-ac45-2696-208f-3e2c3e1c4104
79d53da3-b4ea-45b7-b672-d8ff11feb2c3,90a2be22-6174-e9c9-96d5-43a21ffbdacc
79e6510d-c9b5-5bbd-5c7a-b47528ec2607,ff8488ca-16c8-1869-c473-006014b145da
79f5fc71-a351-4ab1-8017-0af747b360f5,d64f6e79-2dcb-8316-3419-3ebd0a35db77
7a11b08c-9228-489d-8420-83135712e488,90a2be22-6174-e9c9-96d5-43a21ffbdacc
ead25b84-3586-4d3b-a105-956f4d297698,bf7d10ba-cbde-0e18-5ff2-20c99b86f484
7a7cfffa-7e89-d707-f29a-a74eadeedc32,69c2c168-9468-40b2-c48e-3f594e7abc4b
7a5f7ff9-40c9-9fc2-f7ff-a75d9ed17225,6ff5729e-96b8-799f-c8d9-1126c1796756
7aa6ae8e-2511-b4c7-94b2-a25ad222752f,bcae008f-5ef1-4518-1a31-0f369c779298
7a988fb8-bb63-46ea-8a06-bcc9906c5ae9,90a2be22-6174-e9c9-96d5-43a21ffbdacc
7ae74411-d6f6-f3c9-0014-8c29f42d6cfe,90a2be22-6174-e9c9-96d5-43a21ffbdacc
7b0324ec-6607-4e7c-a204-516a81aab18b,9616fc3d-0676-d467-3457-e8bf99f827aa
7b0a1816-ea79-065c-7a39-3ada657eef24,28cded2e-b548-2c29-07f6-11fd7f0f2db4
eaf89f57-477a-b3b7-2325-76b93f6fc803,6220fc23-d129-f3ab-9235-8e1d3227ff0b
7c12308a-0aa8-0f88-2f90-15d807956f11,4e7e289b-2a87-decd-5c93-e61346371546
eb0f17bf-c75c-cba5-e77a-e881e6593936,55b31221-5a4f-cfd1-9c2a-329fdbe6dc01
7c433556-d527-4547-b969-49f8fdea08db,90a2be22-6174-e9c9-96d5-43a21ffbdacc
7c3f071f-3032-9668-a730-0153466ff0ba,5daaf0fb-374c-ce07-3b19-f1febd6cab00
7c7228b7-7079-43ec-9b57-bfa702762241,bb89d2d2-8852-cb60-d0c8-d8654c8d044a
30fb1f53-1e9b-41c3-9e69-5840da8ae8c2,4c6ef350-6c5c-38ed-3c82-9fc484b5accd
7e4e6cdf-53fe-2f29-9130-e318869a07d8,24a1909d-873c-b449-2f3a-0a3b2358ca8c
8ad365eb-4602-4a14-96e4-b8a4e13dca0d,24a1909d-873c-b449-2f3a-0a3b2358ca8c
98c01d10-95a4-4c3f-ae86-5e7934f15807,24a1909d-873c-b449-2f3a-0a3b2358ca8c
9049553f-a986-1ff7-1bf5-c482f2c9a1c3,24a1909d-873c-b449-2f3a-0a3b2358ca8c
90c9a741-1b2f-87ab-aae0-9d71a0cd162b,24a1909d-873c-b449-2f3a-0a3b2358ca8c
c164b9e1-03e6-e4e6-2c45-1434f6329e75,24a1909d-873c-b449-2f3a-0a3b2358ca8c
7ac7d4dd-9415-e874-f896-e1102bee7542,ba36ba5c-cf7a-dcc7-19f5-2a96ce459cb2
bb691ea5-29cc-e907-d77d-73c9b18c6fa8,f6441537-a850-a350-0424-1a2faed2838b
9a5b4cba-207d-57a3-9f4a-2ab085100051,1a3d62e8-8aca-aab3-42d8-13d1e361dba5
d05ea72e-a971-962c-6f3e-a604d8cf30bd,64a4767b-4fc5-d529-9fff-0ef7f0e9c2b5
dd91cd5c-e023-d483-1773-6639ab228ee0,9aaf3eec-7556-0c5d-8d2a-10c46ae4e07e
5f5d8e0e-1999-6b91-d790-22863e506cfd,49a1021e-fc53-779d-9084-45c7bfabe473
bd594770-a24d-4339-bf16-651f56f342f3,6c39670f-7044-7b5a-698c-cf0167c7cede
4e3e3f6e-ba4e-644e-6f44-f7652a1dc82b,6c39670f-7044-7b5a-698c-cf0167c7cede
8900e350-a22d-73e8-f86f-a2e3430f52b9,fe4a631f-4523-68ff-4c5d-edcec7d43939
91ee0c7c-66da-407a-8152-5c67741a4519,fe4a631f-4523-68ff-4c5d-edcec7d43939
29c99357-22dc-0c7c-189b-2f42f0f05722,fe4a631f-4523-68ff-4c5d-edcec7d43939
ec38d3a1-56c3-a95f-c7f0-0ea623b24ace,fe4a631f-4523-68ff-4c5d-edcec7d43939
33d8eedd-841f-9401-146a-07758a916ff7,b7397f9e-0d78-8eee-c84d-b5d752323b37
c455480c-42a1-9102-bb33-c3cadee37b65,a626767b-2eac-a4d1-3260-a0b752c11402
d2bb964c-ad77-9038-e0d4-c5098145dfb0,b46b94c6-b5f3-c89d-822c-2507d07ecbbf
ab70907c-2647-45f2-b286-8f84c04c40cf,b46b94c6-b5f3-c89d-822c-2507d07ecbbf
c75069f6-9b66-9c57-eace-34b39a60a846,b46b94c6-b5f3-c89d-822c-2507d07ecbbf
9e43ef86-06e5-de93-fe63-f0e42e364644,7cc9a9d3-8a24-fbcd-5085-12ebc223a00f
ae3e2f14-ad59-16e8-5c72-c13726bd2e9c,ea84460b-34c6-d71c-d993-ac704ea1418b
ef73c150-37e4-4992-844a-7cc455fc4123,592653e2-1fce-0fe5-85bc-9068a956a59e
68cfb4ec-02fd-4b47-891e-cb4f2d8941ad,ca61272a-8a9f-f682-4cff-0cbede7bc2d7
f1dfa71b-c735-f835-70c6-c386cfef04ed,077b1723-9100-708b-7b7f-07e76f41b038
a60fdd15-2d3e-5864-255f-b010fdc1811a,24a1909d-873c-b449-2f3a-0a3b2358ca8c
aca4eea0-aef6-494c-8e4e-426d0e9ee2d5,24a1909d-873c-b449-2f3a-0a3b2358ca8c
a78ec7b6-8115-d5ab-562e-740308fa3802,ee7b0943-c012-de79-6ec9-44c12ec0ed63
9ec077c7-1b63-f37d-91ce-7dcf916c4748,b122fb8a-69c3-e03f-a037-7d006399957c
fb8096af-756a-af06-6003-96267797e119,046803e7-46c1-2814-0540-3ecf4cf6d9d3
af1de0eb-5f26-081d-bd3b-baa066270107,24a1909d-873c-b449-2f3a-0a3b2358ca8c
9707cbbc-2c61-9537-115b-fe49df9f3b55,6d536dad-ce21-27ff-3bec-636769975f64
f5a1fb46-5328-9839-0de0-bd8fbc58ba62,0df08c9a-9bd8-b51e-d933-0c89c30c6035
1b132b5d-590c-2741-2b60-8edad7091bad,0df08c9a-9bd8-b51e-d933-0c89c30c6035
ead219cd-638e-f31c-2c55-fdf2f710eb7e,0df08c9a-9bd8-b51e-d933-0c89c30c6035
eb177917-05ff-39ab-95e9-3641ec9ea5cb,2d2b1875-5e60-9d20-2c40-498b0e263012
93425fd6-dbb9-081a-1261-a8466b84144b,9f6d1068-fe7d-eba6-d789-da02cbf5b364
54a43b2b-5b6e-97e8-a174-e12dc32bff4a,56b82e17-296a-918d-a090-635657a2a357
522d0483-0904-c486-83ba-3e93f1f0a9a3,56b82e17-296a-918d-a090-635657a2a357
b6f4dcb7-fcba-e6c3-c70e-7d7d67156e2f,e186ee61-64af-f4ee-7383-54c9cc2ddb0f
cc1f62d6-208e-1558-a957-fc9021aba6fb,e186ee61-64af-f4ee-7383-54c9cc2ddb0f
003ed94d-8b7a-5570-126d-53a918487f31,2197a3e3-fa45-6934-9b62-6161cd0753b9
04b2a8b7-9f12-8721-2854-0189ba499fac,ad775413-6eb0-8594-541f-3e6bbdc9b4e1
b1fdb2e6-0db2-44f0-8b03-a1b9fb0d960d,87590d0a-ba02-62c3-83bd-39ab9642022e
46e85a90-ebad-55b8-fbda-afb490f4e468,a3882c5c-8fe8-9ec7-0991-77e37691dabb
83cc7068-e91a-41f3-a546-9f6c56760a68,bb89d2d2-8852-cb60-d0c8-d8654c8d044a
fc553e3b-61c4-d31c-a1e9-edefef18814a,bb89d2d2-8852-cb60-d0c8-d8654c8d044a
beaa8e53-c6e9-c679-d5c6-f2dbb933968e,d5356bf2-2595-852f-bbcf-28b718c0d318
436c2d2a-1250-4c55-9113-37047cb1345b,bb89d2d2-8852-cb60-d0c8-d8654c8d044a
fbe9a4e1-0cc3-e65b-d152-cb79d0b47616,15166dd0-b6a6-79e5-f235-1a88564d332f
06de2b7a-178c-c08e-e23f-8d3bd02cd547,324fc8df-0c2a-01d6-d3bb-b378f2c19716
4a88716b-4163-4c49-915a-0bd90fd91f91,bb89d2d2-8852-cb60-d0c8-d8654c8d044a
1fdb5c8a-2e34-4406-808d-22be9d6eaf11,49a1021e-fc53-779d-9084-45c7bfabe473
392ad9dc-4766-6789-36e7-c66aeb008109,179f30bd-a130-0673-70d7-1f580466c2df
29362a3b-9ac3-4aa6-a601-c90b258ba433,bb89d2d2-8852-cb60-d0c8-d8654c8d044a
35461f2b-b0f3-4149-80d5-231a4c2f61cd,bb89d2d2-8852-cb60-d0c8-d8654c8d044a
43a8d6e8-856e-481f-901c-eef8a74b74f0,bb89d2d2-8852-cb60-d0c8-d8654c8d044a
68d5bb27-a381-4c54-a393-14a4705434da,bb89d2d2-8852-cb60-d0c8-d8654c8d044a
48c7ec27-3f88-45be-b797-b12996d65f9e,f6441537-a850-a350-0424-1a2faed2838b
baf21692-5e27-98c3-65f7-324e5fc50b5a,600006c2-5c19-24e1-5aaf-aa24fa3fc52a
0d2bbb37-adbb-41ea-d968-a41d38c0c4ab,e84b0eb4-88fe-a908-b437-8a24100e13a2
c350c5f9-960b-13f4-314a-2d682feb1300,cd74723f-0a63-8d2a-3653-83b7179791fb
1b685908-57e1-bf66-fb65-211c79eb6c7f,24a1909d-873c-b449-2f3a-0a3b2358ca8c
7f06e8a8-4226-462c-b842-8c86194cc49b,eb74eb85-f1cf-cdcf-e52c-dbd06550b9eb
8049bede-d67e-4d32-a24b-db9e0ed62c1c,9aaf3eec-7556-0c5d-8d2a-10c46ae4e07e
8070b7c7-12fa-b525-0a32-eca6afcc3184,64a4767b-4fc5-d529-9fff-0ef7f0e9c2b5
18ff6731-5682-0153-28d2-a80159302bbc,a3882c5c-8fe8-9ec7-0991-77e37691dabb
09fbc068-bd10-7a84-b9db-fbc07f632783,bb89d2d2-8852-cb60-d0c8-d8654c8d044a
2f287225-b821-d6e0-707c-d72a2399d62e,a3882c5c-8fe8-9ec7-0991-77e37691dabb
81eea1f6-0971-1ae9-6e39-d5f0c102daa3,15166dd0-b6a6-79e5-f235-1a88564d332f
82f5227b-e91e-2c06-b562-f16019b6dd31,0675988d-50bc-88fc-bb4a-70190ad8cbaf
ddc2dce9-2cc2-db6b-9f29-71f2bfc45244,6000a735-9cab-3d3c-bf0a-99522c69d4c3
ddc61530-2ffd-c1cb-c41f-e7e0c94647df,4e7e289b-2a87-decd-5c93-e61346371546
ddb70d5d-faba-4d2b-bdfd-608e2cfeeaf9,14e9d5ee-8cf8-32ae-c074-e83451a7943f
8326437e-8650-1b9c-b54f-64736704846f,fc1efe0b-90bf-e427-747f-374e0371024f
8366bf36-7c75-6c8b-a7fe-b05a6417e2f3,030ae3dd-24fc-e632-1b44-0279850084bc
ddb806f3-35cf-2b93-45a3-680969f74721,39f39760-6851-4100-09d4-9515794c5521
dc8f0cbe-467d-dead-654f-92a038db1d9f,ad635c15-53be-f6c9-5b61-2d2bfcccd3e9
888ad56b-fb98-356f-0440-e123809b5e52,6ff5729e-96b8-799f-c8d9-1126c1796756
cea13e44-56f8-bba4-5247-9d0b39a43666,9dbccab0-8963-4329-7f03-eaa5d8cf3e51
88cd8fab-3d4d-e780-1cbb-baa2503ad314,64308bd9-d5fb-2903-6083-a7127bf67dc4
b8987dd5-4aad-8bff-d6cf-a8af7a1a6a29,2e45fec0-0c56-74ca-46ac-4a85d9e6a89d
ccddbe12-3049-40a8-9a17-8751c61e2585,bbf763a9-fdb0-064e-83b7-eca1face3abb
89d89875-cebf-2798-7cdf-d082ac46cf5e,613e62aa-231e-ee06-f80d-2163d20ec393
996e3ecc-f3eb-a7a8-8ad1-4cd94e3cc1d3,d90d0af2-1945-73a3-a8e3-777bf0e81c22
52a2a944-4056-d2ff-f47f-c06f9b73e990,8c3c98d3-a917-9339-3136-32ff569c0277
8be1c8aa-8f01-d196-b131-bce5ce1e5784,64308bd9-d5fb-2903-6083-a7127bf67dc4
34d30b30-ee4c-7004-884f-b1a6a5017d53,159ed8a4-a98e-a83e-80c3-dc79fea45352
35db538d-5b44-6ed0-7359-f397c4d8bb15,bb89d2d2-8852-cb60-d0c8-d8654c8d044a
9aae24cf-ac44-1bf9-fc3c-e8b8022f4f89,52a66aff-d6c4-238e-2d1c-f7e4b1b63c8c
5e273631-b429-d9f0-ebf3-733819b91dd7,bb89d2d2-8852-cb60-d0c8-d8654c8d044a
c6c9c682-d522-b195-0a8e-8b5810b9c751,ae8140b3-e9c9-d645-a067-8e7417441814
414a3493-8b72-d307-6b3e-d85d6d66acac,217dc019-ffc9-d77a-4fc0-dfb2d38675d4
543a89a3-c00c-2dd2-06ab-ed7933505471,e6a987f8-623d-16cb-8d13-2051361825b3
209c7ceb-1428-fbd9-22fe-a73217ea5d61,3650681f-dcc7-9248-99de-a5a1716b82db
a68b5e04-e929-411c-b642-f5528ca76d3a,30edfd47-0886-ad4d-3f52-7845546ea676
b7c120f3-3f93-40a5-bbc4-6a31e89e06b8,01b08837-ceef-900e-6687-df8f69765127
b7138270-a6f0-46f6-875a-499d1d9863c0,90a2be22-6174-e9c9-96d5-43a21ffbdacc
f08a11c7-80f6-4543-9d9a-c0c8abe276f6,90a2be22-6174-e9c9-96d5-43a21ffbdacc
fd6452e5-7e19-473d-a3f8-ac91d797ae86,90a2be22-6174-e9c9-96d5-43a21ffbdacc
20c2247a-1d59-4f8a-a569-da86507d276e,90a2be22-6174-e9c9-96d5-43a21ffbdacc
21ce8e41-4243-4936-a0c8-397615a03e01,90a2be22-6174-e9c9-96d5-43a21ffbdacc
10d8e6f8-1a3b-a8ac-ca1c-ddc72001c8f9,90a2be22-6174-e9c9-96d5-43a21ffbdacc
0840cb5f-e757-410d-a4db-6bcf7a579a10,90a2be22-6174-e9c9-96d5-43a21ffbdacc
5200a926-4b3c-4b44-8c06-430e54e72e57,90a2be22-6174-e9c9-96d5-43a21ffbdacc
550f322a-6384-4f02-8518-e5ae62e0fabd,90a2be22-6174-e9c9-96d5-43a21ffbdacc
67851a8a-1ec7-41e7-aea4-e8fe6707b450,90a2be22-6174-e9c9-96d5-43a21ffbdacc
945958e2-14a3-416b-9a19-63ddfa279fa7,cfe94951-3618-c173-ba5b-d172862bf43e
1e722ffb-6716-4b05-ba8e-0c7d2381a335,90a2be22-6174-e9c9-96d5-43a21ffbdacc
1e7a4948-589f-473d-adae-9477c9167579,90a2be22-6174-e9c9-96d5-43a21ffbdacc
08da25df-03cf-7c63-095e-1c55ac057a01,90a2be22-6174-e9c9-96d5-43a21ffbdacc
3de7d769-02c8-454f-83db-d1ccca2434b8,90a2be22-6174-e9c9-96d5-43a21ffbdacc
66ba4bcb-b062-4881-998d-b8127bbc5108,cfe94951-3618-c173-ba5b-d172862bf43e
9b0cbcea-95df-20f9-e337-adab218febac,3650681f-dcc7-9248-99de-a5a1716b82db
903f1fe4-6429-c2af-cb54-c18c84873428,736d7e3a-4bb2-974f-4c6c-aea44e19ba3b
914f5117-7222-7578-fc14-35543dfaf7f7,4583aca0-f32d-ffbf-9b08-41a10aa8825b
ecc4e27c-55df-6270-24fa-b8e50a30e0c0,39f39760-6851-4100-09d4-9515794c5521
aaee1e1a-db55-7e63-3a6a-0c732fd8e43a,bf7d10ba-cbde-0e18-5ff2-20c99b86f484
9177f448-a454-4cb5-b868-a655846c9d5e,4a08c3e0-d4ce-2bbd-eb94-61d036e408ca
ab01c58f-bed5-0bce-3bcb-6ff01fe22680,c20bb315-1647-fe81-d931-15d32a21dbf0
ab11171b-d859-4398-8b9e-36b02519364d,c7539029-784e-083a-632e-236b75af5948
9278a6a7-b9fd-9fa2-a0e2-df9d2a87a2c8,2d2b1875-5e60-9d20-2c40-498b0e263012
ac39ea0e-f2c6-5fa5-e138-270df17e4c43,130a5165-aa1e-11b8-6710-ee429e7850a0
a5db86d1-83a9-e237-2a17-77f0e1b16c29,f94969c0-fa9b-9ea4-453b-4122c7d36d2f
72ef7b8d-4ff8-2104-3e9c-d690db68b66a,d6d863e6-b31f-e6ad-d798-dfc8b3a363ae
0274718f-90a1-cae4-5b52-8e98d53f521c,15166dd0-b6a6-79e5-f235-1a88564d332f
94da436e-96d8-8535-86a8-3874d40fc9c8,23cfdad0-7451-072a-e87f-3e0990223318
b9fe17e3-8450-ce42-1e55-a9c80cc5e0c2,cc9f04a2-43e2-3804-6056-24bf0c9f8d98
872dcd59-dc63-42a6-a6d7-f0efeee12b98,90a2be22-6174-e9c9-96d5-43a21ffbdacc
95b3c67c-bc67-4158-acf1-33985778ede4,eb74eb85-f1cf-cdcf-e52c-dbd06550b9eb
ae94de9a-909b-4e7f-b726-094b2fab676c,eb74eb85-f1cf-cdcf-e52c-dbd06550b9eb
7d6a795b-ebfa-44ae-bd9d-054df0ef4801,90a2be22-6174-e9c9-96d5-43a21ffbdacc
8677b1ea-189f-4530-b390-e4dc43e212ca,90a2be22-6174-e9c9-96d5-43a21ffbdacc
71123699-a0f8-43b0-629c-657687045aa6,29f923c8-db25-56e4-8556-2121eef21996
31d5326c-8f78-b2f7-fea7-e0dc0940047c,15166dd0-b6a6-79e5-f235-1a88564d332f
af2d7a31-0228-4c4c-9b0e-5ca381a6096b,eb74eb85-f1cf-cdcf-e52c-dbd06550b9eb
981416db-a868-4840-8a83-ef43b16f98f6,f45b2d7e-e26e-75fe-19b9-55b1f59480bd
ddf016d8-21df-05bd-304e-ccc4dac8bd23,7892ff5e-4b7f-0023-e3c6-0e38b1f3a93a
b39071db-33cc-5d37-a223-959331f05236,003326f5-0d98-bd7c-68b1-383cf6e9ee13
98dc96c9-cf93-11a2-96de-4782e870e16d,3c384259-af54-33ac-58b8-b98ee4842307
4b3e0e72-fbaa-fef9-db9d-ccc9d5ddd357,1ddb6405-837e-3281-86d8-0802d2f549a6
de63de56-e4b9-3df6-c62b-617fcf515ba8,0cadc1ca-2dcd-6a3d-cf5a-e1e573c27fcd
afd3b040-16e5-8b21-ac1e-0bb4947e931f,64a4767b-4fc5-d529-9fff-0ef7f0e9c2b5
8cc03301-67f7-b9dc-bb1d-e0ce9edbaa48,184e8e5b-54f0-62a5-1756-de8383bd238e
61bab265-96c1-ef68-f2c4-676fd9bde9ce,15166dd0-b6a6-79e5-f235-1a88564d332f
b003e77d-79f8-430d-c6aa-e12904a84b18,29f923c8-db25-56e4-8556-2121eef21996
b4275ef4-023f-ff75-6d88-db9ae5d00dbf,7892ff5e-4b7f-0023-e3c6-0e38b1f3a93a
b4cbd455-9fc7-361c-bc92-ac03c32f5dc6,56afbe0f-96dc-4bd9-8baf-d589c40527ff
b501b0ef-2799-0f6a-e56f-41eec1e75542,f1379309-cf44-9201-106a-43d6f767d31f
b3f3896d-24a1-427c-baed-b7a2ede39fd1,f45b2d7e-e26e-75fe-19b9-55b1f59480bd
b54f7488-b9d1-ab26-ced6-05850c71bb6d,af832c44-60d8-f026-4fbe-5cac65a97173
b86848fa-1a65-4914-8392-e6782292d7de,af832c44-60d8-f026-4fbe-5cac65a97173
c542e8db-b915-f530-cb7f-1a178fff6262,cbdd9364-6883-8098-f347-9c531ed05c4c
bab670c0-01c8-0735-ce4b-9433d1e2fe3b,cc9f04a2-43e2-3804-6056-24bf0c9f8d98
bab79064-ba90-385b-d087-a10f8044076a,7132c000-e6e2-6f85-2c2b-099463b96b27
babcabb7-440a-3122-6133-7d490fe5ea82,b9f1bc38-8417-f029-e556-a48e302494c1
bb3a5753-04dc-4aec-8cff-bc36bf62bf82,47d32864-5557-4b9d-fc46-435dcdde139b
c59a7dff-fb30-a45d-2248-e4e44243a427,d21ddb23-3210-9b40-23a8-8142f2dec1c8
c58d44ed-c151-eb00-975f-7b38cde83c2b,2d2b1875-5e60-9d20-2c40-498b0e263012
c58f8d2b-98d7-41ca-fb2d-33fc2eb66bed,70841b5b-6b56-73fd-9fa7-53dd7d3fbb26
bbe7b1e2-8714-1202-cdb4-a111572d95e7,a211ff4f-8477-5b9e-35f6-9d7116c6ede9
cf46e0b1-850a-089b-97ab-c28c66ba351c,58bd2f62-2679-592e-4e42-f502927c81d6
f2e7eacc-87bb-c825-321b-8e39538fadd9,fc1efe0b-90bf-e427-747f-374e0371024f
f7e07d83-1194-2870-d367-86002a065589,49c93341-fe44-80ae-73d2-688c72bb2123
fa0c1612-6d72-c385-2e5d-531fcf737c77,cec3a65a-fa13-c5cf-8998-91fe396cb809
fc7715bf-4e5d-12f3-d6b8-fe603f84e538,8eb780af-fe2a-44ca-1502-c27dc73c7256
095fe3a5-a50c-bcba-3f58-ab5166b46a9c,fc1efe0b-90bf-e427-747f-374e0371024f
19938da2-81a7-4cd1-ba64-195b559aba4a,eb74eb85-f1cf-cdcf-e52c-dbd06550b9eb
06d99ea0-7cdb-b653-061d-e720d326e0dc,e80c448f-bc22-d0f6-908c-c415ca6bb8e5
39293f8b-e40e-a1fb-29a3-cf46614e00b4,80deeb2c-f134-c50c-bfd8-50e7085da9da
47ee71fa-2446-40ed-bcb3-918a7bfc14b7,eb74eb85-f1cf-cdcf-e52c-dbd06550b9eb
5587f36d-f5d2-99c6-059f-5b4b72e9f104,95026035-ba9c-21b4-f188-5b17a4ded353
2d89f5e2-5035-72b0-e215-871cb4d69acf,8eb780af-fe2a-44ca-1502-c27dc73c7256
2ebb5683-6c2f-1558-904d-21ee6e5a1da3,c375a960-10d9-c90f-1507-325fe6ebf5ae
73afa7fe-be08-48a5-8dc2-954003f420a1,eb74eb85-f1cf-cdcf-e52c-dbd06550b9eb
25d8424b-6d8f-4838-be70-66c22323fb53,90a2be22-6174-e9c9-96d5-43a21ffbdacc
25ccdb6d-e401-fd75-af44-5e3b408453a2,401686de-3da0-cb99-2553-5824925cda98
f4fb6c85-f758-4442-bcf4-5c39afb77253,bb89d2d2-8852-cb60-d0c8-d8654c8d044a
23d094db-cac3-48a5-ae41-30b49dca911e,90a2be22-6174-e9c9-96d5-43a21ffbdacc
f2ce6771-d131-4b03-b3ce-9a551afe5eaa,90a2be22-6174-e9c9-96d5-43a21ffbdacc
25dfb5b6-35b7-4267-a003-6e82eef7aeac,e7009f1b-a770-b877-eadf-fc9f4e594e09
440ef90b-d3fa-4614-ae70-a95eb97725a4,90a2be22-6174-e9c9-96d5-43a21ffbdacc
a6b5c73a-79cc-a342-d721-5223b7068a5c,1f5f9154-8bb0-6b72-9cba-b2ea5b23b666
b62aeee0-dc21-0818-e965-c561e6ff72f1,a3882c5c-8fe8-9ec7-0991-77e37691dabb
c63aad64-bcfa-81c2-2541-dcc0a6b554e7,a3882c5c-8fe8-9ec7-0991-77e37691dabb
66ae7cca-a672-4fc6-0c5f-545465b2928e,5cf33d4d-2066-4ac5-9775-0d3cb92e7bc2
c7c94486-d14c-f72b-c5c0-977c238f592d,a9e564f7-4927-4b2b-b54e-426de8bdfd1b
6019f492-c365-b4ec-24ce-3700dc3d7a36,9f6d1068-fe7d-eba6-d789-da02cbf5b364
da9ac100-1d6f-8ac0-d5f0-04aa499a77f4,bb89d2d2-8852-cb60-d0c8-d8654c8d044a
477280cf-4996-a83a-26a7-8f9e8ce49e5f,668f4837-eac3-fb5a-02fd-d0b150945a95
9f953075-b677-4c48-a995-9846e29f19de,bb89d2d2-8852-cb60-d0c8-d8654c8d044a
8f2ed31a-aaee-4f2d-b001-8f7d4a803757,bb89d2d2-8852-cb60-d0c8-d8654c8d044a
9638861b-571a-4cdc-8c1a-6ed1f2498a55,bb89d2d2-8852-cb60-d0c8-d8654c8d044a
b11a1241-028c-407c-a97c-5d6d3fe57779,bb89d2d2-8852-cb60-d0c8-d8654c8d044a
b12716fa-dd62-4af0-9d69-943942319d56,bb89d2d2-8852-cb60-d0c8-d8654c8d044a
b3ca2dc0-e754-4fad-9f6a-1c4cd12afe60,bb89d2d2-8852-cb60-d0c8-d8654c8d044a
c51f9235-629a-4a61-864a-653a82838080,bb89d2d2-8852-cb60-d0c8-d8654c8d044a
e7117049-c0b1-4950-baf8-4d500825f41d,bb89d2d2-8852-cb60-d0c8-d8654c8d044a
4e2ea464-b8b8-4c13-ba19-9500e6879457,bb89d2d2-8852-cb60-d0c8-d8654c8d044a
5021a72a-082c-43cd-bb5a-54ffe082f8d3,bb89d2d2-8852-cb60-d0c8-d8654c8d044a
58a3f820-ddb8-4b32-a563-db8091c7b91b,bb89d2d2-8852-cb60-d0c8-d8654c8d044a
58aa2e90-6cf4-4465-936b-1faf6a350beb,bb89d2d2-8852-cb60-d0c8-d8654c8d044a
2e696575-ddc1-4f95-b1dd-81af8461f179,90a2be22-6174-e9c9-96d5-43a21ffbdacc
88010b46-97e3-4b00-8d7e-032168d5ab8a,90a2be22-6174-e9c9-96d5-43a21ffbdacc
8a369da3-d83d-46b7-8738-28d80d088d8c,90a2be22-6174-e9c9-96d5-43a21ffbdacc
a13a460a-ca6f-4b5e-922c-2a953dda1532,90a2be22-6174-e9c9-96d5-43a21ffbdacc
8fbfd6e1-dbb8-4b8a-acf4-6874d413cf5c,90a2be22-6174-e9c9-96d5-43a21ffbdacc
912ff094-c59e-4bfd-a217-aec572f5af0d,90a2be22-6174-e9c9-96d5-43a21ffbdacc
a5e4dda6-a198-418c-8e38-965dc301ceba,90a2be22-6174-e9c9-96d5-43a21ffbdacc
7d508e71-eda0-b968-3e8b-3a63146568d5,11ee0b7f-2316-9a2c-3574-0701fbb4f76e
7d269ba5-42e6-4bcb-b891-7df450578457,eb74eb85-f1cf-cdcf-e52c-dbd06550b9eb
dcd7989d-198c-57ac-d019-2ff4c0099350,44a5755d-418d-0a55-3c05-51b9173e27c5
7d447ce4-da0f-c9c2-33cf-bc51ebfb197c,f50f8994-28fa-36c2-8310-dfcfdd186241
7d754bb9-5de2-9fdd-0da9-7672940fd26c,b0e75df3-2c67-7d09-328e-01e540c1cce3
7da39e46-ad9d-d9a5-5933-d1d7101593ba,52a66aff-d6c4-238e-2d1c-f7e4b1b63c8c
b08c8dc8-8701-784d-9998-40022791feaa,24a1909d-873c-b449-2f3a-0a3b2358ca8c
7e5cfe60-6ead-d8a6-2428-c167637b27f2,c186f33a-b858-508b-648e-93f26eab3027
7dd50fbd-12c5-4de0-8b3a-b6d61b1a81a7,1bfaf1a2-7723-92ca-88ee-cb32d4464a76
7e12f604-ace2-9f9a-9efa-fe37f80d771c,bf7d10ba-cbde-0e18-5ff2-20c99b86f484
7e2d0c04-4749-33cb-ff50-6a86b47b467e,60fb555f-5fa9-8347-1a3c-698cd9a3e1b2
7e21cca8-ab5d-3b2a-6f63-e839a5ad6797,1ddb6405-837e-3281-86d8-0802d2f549a6
7e3328e9-1ff9-0529-0f78-75a37cc27921,7132c000-e6e2-6f85-2c2b-099463b96b27
7e402d8f-306d-6e0c-b934-dc284ac7cf12,5e79b4f3-191f-d90a-2287-c4bc7e33ab31
7e44a0ab-d3f9-494f-b319-245108d51495,c20bb315-1647-fe81-d931-15d32a21dbf0
7e56f468-af10-6de6-8e85-48a379c51f0e,e8b57e8d-e9b7-1dd9-2837-7b464ba27767
7e62adc4-1e09-be5b-2915-1632aaf86856,23e7b48f-4552-d6f4-838e-60a6c6a8ae90
7e8d003d-0add-fc3a-09d1-eed57ec46aa9,47d32864-5557-4b9d-fc46-435dcdde139b
7eb2f7c5-3849-3e18-9d02-1d1a99f5d07e,956a6f92-ea42-3821-ab80-8cb40154a679
7eb67062-8a87-f4f0-1679-114912718728,60a5f4ab-7264-8973-18a0-3b681864ee03
7eb53365-f6a0-175a-d05d-d79791e08919,3174c1d3-308c-54d4-5849-2b105f738462
7ecfe3dd-654d-fca9-4d1b-f0637bf44cb1,71fe8687-4794-6fa8-23a6-2f9dce99bfb0
18ea49fe-ddfd-7a06-01b2-d4b445a8524c,44a5755d-418d-0a55-3c05-51b9173e27c5
7eec91b2-e316-c2a1-a214-eb8507e83323,613e62aa-231e-ee06-f80d-2163d20ec393
b5cb1b1a-5c86-f864-f270-327d9ae88de4,44a5755d-418d-0a55-3c05-51b9173e27c5
7f3183a7-b858-5223-9044-58a252d10d01,6cebf2d7-86c0-9e3c-6deb-52237f427ad8
7f383370-ba3f-5eef-890b-6279aa207d22,bf7d10ba-cbde-0e18-5ff2-20c99b86f484
7f374a4f-3f88-4393-adb4-5afd1694e83f,9929c71d-2190-1b8b-07b0-c429a7129bec
7f3c422b-fd5e-4331-b9c6-0bb8bf28dabe,9929c71d-2190-1b8b-07b0-c429a7129bec
b0bff5ad-b181-c6e0-1dc2-c0e682b9ffe0,24a1909d-873c-b449-2f3a-0a3b2358ca8c
aca17cd0-79c1-c8aa-bbba-017f2023dcc5,44a5755d-418d-0a55-3c05-51b9173e27c5
7f65a4dd-b8db-deb3-bcab-37183d801350,9a371bfa-21d0-aaa1-0833-3f5026d41523
7f9e05e6-c2fa-55ee-3bb7-6be407e0b0d4,c1203aca-27bb-973f-6095-afc61df4af9f
7fb3fb4d-d872-494e-845f-bcc98ea0ae03,eb74eb85-f1cf-cdcf-e52c-dbd06550b9eb
7fca206b-3947-5174-1541-07d31243655f,eb74eb85-f1cf-cdcf-e52c-dbd06550b9eb
7fc4e84c-1992-7c6a-b658-73ef53c45ff2,c5a26384-f535-9095-9335-a2f447a6fbc7
8008846f-4396-96c9-b11e-0ad9d01a59c4,32076e92-9fe5-3fc8-2ca3-bd3607011db9
8080c737-0d8a-8226-8072-19c99d8a99d7,47d32864-5557-4b9d-fc46-435dcdde139b
807851b6-1159-b9b0-0f5d-ad42eca55764,13ffb935-e5ae-d962-4055-a84ebbe6df29
80898ed3-7f01-26c6-ed94-ce6afc0be825,130a5165-aa1e-11b8-6710-ee429e7850a0
80c55290-05fa-4d48-a5f4-e272204bceb0,66ec4371-194d-a288-65d2-7c7ab801417c
80ca750d-9285-45bd-bfcf-696804ed7ff4,eb74eb85-f1cf-cdcf-e52c-dbd06550b9eb
81836a7d-8de8-49f5-879a-d8e6a5e23768,eb74eb85-f1cf-cdcf-e52c-dbd06550b9eb
818dc470-e97d-4a37-82dd-5780ceffb28f,eb74eb85-f1cf-cdcf-e52c-dbd06550b9eb
81a17f9a-c770-2ee0-65b8-4cf3b9732ade,d017c8e3-e8e1-b9a0-5fa3-51cf59dab856
81b78a7a-7acc-af7f-3e0c-ba287c7becd6,d21ddb23-3210-9b40-23a8-8142f2dec1c8
4a4af73c-d69f-eebb-5206-beee9da35336,a0af4e41-14bf-442d-8293-446780063481
822e593b-a046-8b50-e217-c155c3269b6b,4f9f21b4-22a5-a321-1fc5-c7eee99d6cbc
822a582c-94c4-488d-8f3b-8da42e4fec34,14e9d5ee-8cf8-32ae-c074-e83451a7943f
82854916-4d49-fb74-6a7f-c879cc78d1d1,4d6f061c-e24d-1a69-9cb8-b474af634e6c
8291db30-9d6d-4b3c-b2e6-bf2bcf35b6cf,14e9d5ee-8cf8-32ae-c074-e83451a7943f
3bfdbcdf-88bc-1e42-f99c-14d6c666c2b9,
82ac321e-36ad-cac1-755e-9c6625395a54,5dcf5085-d96b-8242-0ed0-581cf295304d
82c264a7-1f52-4e0e-a2c0-7e5276b4cbdf,eb74eb85-f1cf-cdcf-e52c-dbd06550b9eb
82d07404-de0a-4757-a9b2-c47520068672,eb74eb85-f1cf-cdcf-e52c-dbd06550b9eb
fad2b414-e0e3-5a03-abc2-90013abecfa3,bbf763a9-fdb0-064e-83b7-eca1face3abb
82be83fd-d2f2-4057-93c8-65028e1f9894,c7539029-784e-083a-632e-236b75af5948
8338e408-920e-2819-e557-dd66a741f26f,bf7d10ba-cbde-0e18-5ff2-20c99b86f484
8387fc02-1ba3-9e6a-1ca4-1d8131eece28,8d67fc5b-27bf-e7b2-d3ad-d8337b74df93
83c0931a-e949-416a-93ec-2b5fb9fc5406,14e9d5ee-8cf8-32ae-c074-e83451a7943f
83fc9e33-23fc-f7af-3d07-38c46ba92b67,cfc981d2-e13d-500d-77ca-616939d7dcd9
845d2784-e6e4-6222-43d7-59222a520145,3f4088c9-2ab4-6bbf-5bc7-c130963d89e0
851ffd16-eb1d-45a8-96c8-8d3bfec050e9,628e993f-1976-88e8-2027-0d54c3f6e9d0
85107de9-a4fd-c703-702d-1cdf83381f60,8d67fc5b-27bf-e7b2-d3ad-d8337b74df93
8560c3bb-5347-8a85-845c-bc47e7600c77,3650681f-dcc7-9248-99de-a5a1716b82db
853b6cb1-5b95-5d4a-94c1-622e4b465182,69d6409a-ee51-3e7a-d354-ab8b17e24726
be02059e-29a3-7ca7-4d91-36e432f82969,130a5165-aa1e-11b8-6710-ee429e7850a0
85492433-393b-2def-a87d-1fbd38d3be66,0dff075f-4517-5d40-d7d1-b2cf3d0bcf83
85555e24-2f46-248d-93c0-802872104265,7132c000-e6e2-6f85-2c2b-099463b96b27
8566bdeb-5430-d89b-57b9-9dc029d6950a,fc1efe0b-90bf-e427-747f-374e0371024f
8594c3c4-a226-4411-b39a-0c2a7b5e4e41,a3882c5c-8fe8-9ec7-0991-77e37691dabb
85ba0b04-a3c9-2447-fd3d-1ef46965647b,f45b2d7e-e26e-75fe-19b9-55b1f59480bd
03a0701a-66ef-ee96-dd56-8d239065cd3e,69d6409a-ee51-3e7a-d354-ab8b17e24726
8635243d-30dd-b7db-1b99-a5287f1adc5d,0af062c2-6a9f-6fcd-ee2e-276754ce8180
862c5a2a-212c-7b16-bd79-139cc62bc799,60fb555f-5fa9-8347-1a3c-698cd9a3e1b2
86250df4-0f48-dbae-7c3e-273f3c579f18,d27a0193-1deb-d408-e79e-e943083a9eab
867dafa8-e324-9e0a-012e-fede59f98eb2,32076e92-9fe5-3fc8-2ca3-bd3607011db9
8679543f-a232-214e-6514-37ba56fb4023,42709de2-7cda-13cc-b0fa-6caaec73a606
039adaf8-aa1b-15ec-0068-fcf31e992372,9a209f12-d0ce-c9ce-4c72-a82251555c2b
86e3c981-4c22-6db3-04a5-52f3f56a2779,29f923c8-db25-56e4-8556-2121eef21996
8700765e-211d-1a1f-e497-74f4d0195706,a8272226-b588-6abe-ec20-68e8660c8278
87108ec8-9d97-2799-649c-f0c143b39d8d,669eaf6a-ade5-cf34-f36d-3443c0103eb0
870dd267-2a72-4468-807a-3090c1bf55b6,fc1efe0b-90bf-e427-747f-374e0371024f
8737136b-fb2a-0324-32e7-588780af867a,ec1746f2-303a-66fa-ce42-5322b669a44b
8764d519-f6a1-ccb1-b5f4-9e435895d31a,c7539029-784e-083a-632e-236b75af5948
87acc2ec-d94e-7478-eea8-e62811cdec29,7132c000-e6e2-6f85-2c2b-099463b96b27
87db2b8f-3a40-4c97-b951-1e5573e55c3b,69d6409a-ee51-3e7a-d354-ab8b17e24726
87e6f09d-1ffd-442a-b36d-99ee55663000,9d3fddf7-5294-0b29-7824-6a141d8c5257
8810f2ef-aeeb-9ef8-1493-7a350f0d8ee0,1ddb6405-837e-3281-86d8-0802d2f549a6
884c43ec-4317-0ec1-31f0-17d0a517cf69,6000a735-9cab-3d3c-bf0a-99522c69d4c3
489ac5d1-7134-3a82-469c-986da09d8394,9dbccab0-8963-4329-7f03-eaa5d8cf3e51
88c8ba85-5412-eb05-9eda-7aaca5034478,fc1efe0b-90bf-e427-747f-374e0371024f
8af07f6e-1b0c-9881-5eab-e1627f352d9e,7132c000-e6e2-6f85-2c2b-099463b96b27
88ec91cd-ba3e-4294-955c-9457e1096871,a08fa2f2-23cf-3d30-ffd5-66790d4fd439
89292712-d1d2-8f5e-50f7-18f9d97566d1,71fe8687-4794-6fa8-23a6-2f9dce99bfb0
894c8381-2642-311d-1d95-50aa5ac67837,c1203aca-27bb-973f-6095-afc61df4af9f
89752177-abf7-49ec-9849-6de9947e80ff,06a88c49-674d-468f-5616-b5ba743b66e0
89bc4b73-8011-424a-f2ee-178a3ca15173,41b349a5-441f-f3a5-4dd4-9771ed57b770
89c466b5-b5ee-dca3-c780-6b07051f58e4,482fae1d-5f66-2a76-e86e-4972578386aa
89f09b4b-8212-7364-e4ca-283c5711d4f2,06a88c49-674d-468f-5616-b5ba743b66e0
8a27a9f7-4cc9-c596-1d7b-b967edfd2601,052a9378-b164-90f1-975f-a6e38cca998d
8a59bc1f-7fbe-2513-8f3d-f14109f3712b,e975a9af-215f-e5aa-c8c2-29531ed716e7
8a7b8763-6178-4bcf-a9f8-c30dfb5925dd,a08fa2f2-23cf-3d30-ffd5-66790d4fd439
8ae2919d-70ff-e2a9-a0c7-9a960401c5c2,64a4767b-4fc5-d529-9fff-0ef7f0e9c2b5
8aae2fc2-d8fd-1294-a383-83d9ec9812e5,3ecd2df5-d065-1769-3a25-05f9847e2959
8b301c6c-5e40-a3b7-49cf-eda3d5630e07,179f30bd-a130-0673-70d7-1f580466c2df
8b507e65-5a02-426b-af30-0d4e1efc9449,eb74eb85-f1cf-cdcf-e52c-dbd06550b9eb
8b734f91-f7f4-12aa-bd57-cd5cdae5f2c1,9f7a2d87-693e-bf27-c14c-b4280572a4b2
8b8c3d6f-fec3-430a-a7a3-cab11407d35d,eb74eb85-f1cf-cdcf-e52c-dbd06550b9eb
8c39e12a-7679-7e4e-c900-d5c2c6b9a9ef,11ee0b7f-2316-9a2c-3574-0701fbb4f76e
0669d711-f866-4086-8876-137f3e85e381,a08fa2f2-23cf-3d30-ffd5-66790d4fd439
8cadb604-90bf-ee5a-a9c3-07fd9fae4eaa,bf7d10ba-cbde-0e18-5ff2-20c99b86f484
8c93c252-e739-28ca-b334-2aed9f86d7c2,5dcf5085-d96b-8242-0ed0-581cf295304d
8d23c242-237f-82e1-0869-a53be6c7dc4d,c5a26384-f535-9095-9335-a2f447a6fbc7
8cff25b5-7d74-aa2b-2ed4-c655a29fcf7a,6dea8007-b95b-3bd6-01b6-50776ce926aa
8db769a8-0f0f-a767-5cee-104e96c3f555,94756ee0-3807-5588-8d82-59764f0a80da
8d9d7523-19ed-869f-74b0-168c3b8fd9a5,8d67fc5b-27bf-e7b2-d3ad-d8337b74df93
8dd6f2b7-a678-fee7-3a37-1dc77c225011,e80c448f-bc22-d0f6-908c-c415ca6bb8e5
8e2bdddf-ba23-4888-9bb1-9036b862c276,0cadc1ca-2dcd-6a3d-cf5a-e1e573c27fcd
8e275b03-f5f6-58cf-6a1e-6efed1cf1f24,be26bff6-61ee-dcaf-67b9-3a9f5ab55d0b
8e1ebe63-386c-30a0-d86d-16a0b9a7b5a9,ef8e8524-c614-fe3b-87ca-f9a367d527d7
8e27a121-acf0-f000-a4ce-b949802f4d8f,fd269e1d-1f10-3a1e-e2a7-96a5fa9a7210
98314c35-a737-706b-9027-432e9c2ddcd2,4a08c3e0-d4ce-2bbd-eb94-61d036e408ca
9858c8f6-2ed1-5423-61d0-bd698a40bc32,f28a2343-482f-ca3f-ed71-c9c824eccdac
98734d4a-eca9-85a7-bf12-bf1e83569f9e,9aaf3eec-7556-0c5d-8d2a-10c46ae4e07e
98ef01ee-1ac5-453f-fa12-fdfc9649a7ed,89678216-ae8b-a2dd-512f-9235dd4f37f0
999dbb44-9e2d-953e-4383-3db34cb796eb,d21ddb23-3210-9b40-23a8-8142f2dec1c8
99b48f04-8243-57be-6be0-3dcfeda65d3f,0917cf66-bff1-7a1c-872c-edbc3742c0ed
99dbe3d2-c20b-4aa8-9d1e-531bf714e0c1,1bfaf1a2-7723-92ca-88ee-cb32d4464a76
9a2f8cfd-a447-d301-c188-854d773c46d5,06a88c49-674d-468f-5616-b5ba743b66e0
9a2cd2d7-3245-402f-b083-802fa76992d4,f50f8994-28fa-36c2-8310-dfcfdd186241
9a508d14-99d4-a00b-5822-630674d68cb4,a9cff8c9-0b7a-4aa5-31b7-e8813646992a
9a477263-54c5-0290-3b84-9e7a37dea208,a08e5a84-7cf6-61fd-bad7-ea6475fecca2
9a7040b3-5bbd-12d5-198e-21c0d703fd6f,b747735a-d609-5ff1-5c86-8c2ef856c318
9a7dc70c-80d9-2ea7-ba1a-dc70c94fce0f,e36fb481-e5c3-a4f7-dc3a-55ec2a06ca95
9a91ef9a-09e8-2a2f-c991-c121a603e524,a08fa2f2-23cf-3d30-ffd5-66790d4fd439
89f943fc-542e-1bf7-c73d-3d8cf6f8154f,4a08c3e0-d4ce-2bbd-eb94-61d036e408ca
9ada6dff-6336-b25f-fe6c-d0474d0fa954,b4c462de-a2c8-6c12-051f-ffe95c6110f6
9af4668a-b51a-4529-8666-f61eb72131d4,75e69120-0490-0c7f-a834-ee6ad858316e
9afc4cad-fe51-5227-d705-1c17e1188550,fc1efe0b-90bf-e427-747f-374e0371024f
9b50959c-6410-f10a-5e62-48b173246aa7,64308bd9-d5fb-2903-6083-a7127bf67dc4
9bbd414b-e8ce-b47f-4f28-1df697ea47d0,482fae1d-5f66-2a76-e86e-4972578386aa
9bbfea18-8233-8ea4-c373-123ef508d7dd,e80c448f-bc22-d0f6-908c-c415ca6bb8e5
9bcd2125-dfbd-4c00-1c83-9bce6de113ac,482fae1d-5f66-2a76-e86e-4972578386aa
9c26d5fb-2690-b90f-b46a-7f9204994ecd,9aaf3eec-7556-0c5d-8d2a-10c46ae4e07e
9c62d2ec-b3ed-eacb-febe-1467bfcd5fb1,d21ddb23-3210-9b40-23a8-8142f2dec1c8
9cf47a84-6fba-a353-f327-ba50e264b714,7bd1be48-842a-6978-8d5b-36d94ac4ed10
9d6911de-b831-4ab2-aa13-33adff89c59c,bf7d10ba-cbde-0e18-5ff2-20c99b86f484
9ddb4cb3-1240-ca05-af89-49979564b642,60fb555f-5fa9-8347-1a3c-698cd9a3e1b2
dd384869-a324-62de-9257-e53618291000,3adb083a-1765-f3de-87f5-854f7b38e9d6
9e7fd61d-7a0b-6674-33dd-5f80063a22d7,7e0a9137-9970-30d5-3232-16e19adc2292
9e78c6d9-6d5e-4a1d-bb99-3a8c787a2b10,c1203aca-27bb-973f-6095-afc61df4af9f
9ec41a2c-ef15-4cbc-8245-a10b49e44902,bf7d10ba-cbde-0e18-5ff2-20c99b86f484
9ebf0f45-a434-934c-8f8e-30070d1f7802,47d32864-5557-4b9d-fc46-435dcdde139b
9ed98417-1389-fe02-9d99-3075c33e0b92,613e62aa-231e-ee06-f80d-2163d20ec393
9efafa87-0074-44da-82fa-6bf77801acc5,9aaf3eec-7556-0c5d-8d2a-10c46ae4e07e
9f377bd8-cf58-edc9-709c-c2d415d41a58,ac7af56c-65ba-8287-2262-fbeb6eab7227
9f5e444f-2398-d998-3697-945797877702,b09acc00-7094-784f-7267-fe87214c132b
9f59db05-6c55-3caa-7728-1b3087fa28a2,7132c000-e6e2-6f85-2c2b-099463b96b27
9f79205b-cc13-aa29-f394-a197c7588852,2d2b1875-5e60-9d20-2c40-498b0e263012
9fbebd6e-ce1d-a448-bef9-73cce8151a01,37ade643-d6cd-2fac-eac7-0dcc4df846fe
9ffb6125-441b-92aa-0908-98dc3d358713,5e3eb697-f21e-3570-18c2-e52865699e8a
a0369f64-4a6d-bba2-6151-a186ccf700f6,e99c20b8-a24e-dfc5-d219-e383f3dd6bed
a0752c78-be70-1058-2ca1-b51b2ca19cc8,f82fc139-4768-11a6-2456-359dba88a5b4
a099b87b-0307-8118-663f-b1c8c0600255,097434f2-e680-45e6-b63e-f2116b62f362
a0abfe52-c204-edfa-8d30-f76becc5734d,c375a960-10d9-c90f-1507-325fe6ebf5ae
a0c0b6ec-de83-4421-b4b5-16514a0b0217,cfc981d2-e13d-500d-77ca-616939d7dcd9
a113c99a-61c3-fbe6-bebf-ec9c741a5917,6220fc23-d129-f3ab-9235-8e1d3227ff0b
a10d508a-33af-d697-c5b5-6ceee8e69283,6fa9f3ed-f15e-4d3c-775a-cc3761b5da8d
a14e1093-6663-48c4-8569-b0726347f5a8,eb74eb85-f1cf-cdcf-e52c-dbd06550b9eb
a13d3355-011d-8aaf-2e50-ebc06bd4b7a5,fd269e1d-1f10-3a1e-e2a7-96a5fa9a7210
a1968731-c870-9595-2e04-584127fa3c00,06844d5f-c1c1-bdce-3af4-f15d594556c8
a219bd85-68c5-4d69-896b-fbfcaf76f870,eb74eb85-f1cf-cdcf-e52c-dbd06550b9eb
57420512-0d02-f3ce-086b-48ff04734646,eab3343c-539e-c2f7-29f8-80c662c04e97
a1eb88e7-2bc8-e42a-2d1e-77013fb8dea1,1ddb6405-837e-3281-86d8-0802d2f549a6
a21574e4-0808-da56-6b09-399c16a6bad3,64a4767b-4fc5-d529-9fff-0ef7f0e9c2b5
a258ab4d-009e-70be-9368-628ea4da41d1,5dcf5085-d96b-8242-0ed0-581cf295304d
a24b9759-1e13-2c91-11d8-9a9a461bf1bb,60fb555f-5fa9-8347-1a3c-698cd9a3e1b2
8ec19b9c-e94e-1363-1d90-18c3324a5115,613e62aa-231e-ee06-f80d-2163d20ec393
a271fce6-79e1-fde6-2da4-2569dadf4a0d,55ab1590-fa01-39f0-eab1-4fcd1562301e
a26c680c-8ab1-f4ad-7ba7-b9531d3ddad8,8d27c291-3a02-337f-09db-6f4399984929
8f0df927-e306-405a-85d8-8a031f95e195,e186ee61-64af-f4ee-7383-54c9cc2ddb0f
8f6491c7-a26b-5d2c-a879-f4d80a7d0a1a,e10aee57-14a0-fac2-1e74-5ffefde1090c
a2a54547-620b-2586-1acd-b1bebf3ea600,1ddb6405-837e-3281-86d8-0802d2f549a6
8f70f979-9c0b-9792-caca-2290e5d79391,3adb083a-1765-f3de-87f5-854f7b38e9d6
a2cd410c-c9a0-b945-4394-f93f437ced60,64a4767b-4fc5-d529-9fff-0ef7f0e9c2b5
a2da9d62-f7a6-40d5-b91a-eccfaa86ead0,eb74eb85-f1cf-cdcf-e52c-dbd06550b9eb
8fad5398-be4c-0038-d707-9a9d1ddb3869,7ef3b79c-d473-c7ea-212b-023d2db4cfaf
0a730f51-b9aa-dcc7-08ae-ebe8931bb3bb,44a5755d-418d-0a55-3c05-51b9173e27c5
8fb0120b-d7d2-483c-b58a-baac7e1cc75c,d27a0193-1deb-d408-e79e-e943083a9eab
f20011d7-8a71-aa2a-585a-b29f07ff57b6,15166dd0-b6a6-79e5-f235-1a88564d332f
e9e4fe82-b9a2-f2ca-1fd9-90c4a14dede2,
a326294f-bfcc-fe15-66ff-73cad7aa2576,2a2bde4c-e152-fb65-09d8-9df01a6d6b96
a34b328d-9e9e-4c25-8ae1-08690a6956f5,af832c44-60d8-f026-4fbe-5cac65a97173
8483c004-2aaf-d906-b43d-b112f14fc3f3,15166dd0-b6a6-79e5-f235-1a88564d332f
a35b3000-60da-cce1-22f8-971ff5c9c0e3,7132c000-e6e2-6f85-2c2b-099463b96b27
903c52c2-e4bd-15de-d6b2-e140d58acf68,d21ddb23-3210-9b40-23a8-8142f2dec1c8
90636b6b-31ae-06e9-58ed-d088e1c5a56a,11ee0b7f-2316-9a2c-3574-0701fbb4f76e
a398dda5-4bb1-1460-f94c-892a9fc1406b,c8c1bde0-2f39-3605-712d-6ff73ff62693
906fbfe6-53db-0738-92f4-1141590a75ac,28422e92-83ea-b392-652c-7f7bdd7feb81
a39e51bb-76bc-4ea7-b661-4772c93b454f,eb74eb85-f1cf-cdcf-e52c-dbd06550b9eb
a3ccc0d9-494c-3d9e-9651-2a196a79c693,f9e7f0c3-ea8f-49dc-0803-53a40368ed01
04ae4855-6b5f-1e2d-999b-57dc47295664,15166dd0-b6a6-79e5-f235-1a88564d332f
a415a4e9-b9b8-a2ed-fc63-d3f2aef9598d,94756ee0-3807-5588-8d82-59764f0a80da
aa6de107-9690-3cf8-91d9-1d4aa9888382,66ec4371-194d-a288-65d2-7c7ab801417c
a4151b59-a5cd-b96b-c9e7-abacb7a0ff92,8105fe11-af77-a14e-19ca-d67185c7dd15
90cbfdc2-005a-ca44-38f5-6fbf57d0d4ec,0917cf66-bff1-7a1c-872c-edbc3742c0ed
a4558786-ea4f-48e9-8bdb-31dd0923dd3c,a3882c5c-8fe8-9ec7-0991-77e37691dabb
25e6ec6b-f88e-707a-cae0-17d5d8da1876,
e3abeb7e-9f7d-0b10-ac5a-dd7dd1bfa24f,
911b9522-4c61-958e-93c3-8f2e57c3fee5,2195bf2e-9c76-1d56-3e81-40bad37bf099
d9cbd17e-0a7b-5c33-85ef-3c5b51d94a2a,15166dd0-b6a6-79e5-f235-1a88564d332f
a475c9cc-bef6-aa9d-5712-21c4ca8c2555,dda285e0-d498-f27b-649d-d8511538ab0c
913061c3-2d47-4678-a4b6-3c98eacebd28,c20bb315-1647-fe81-d931-15d32a21dbf0
18053625-0d96-1fb3-9287-9519ff0f5fa4,d24be8be-777e-cb1a-86e4-f79287e61fa1
a4d9f115-f943-441d-abf4-57a1c98d7494,eb74eb85-f1cf-cdcf-e52c-dbd06550b9eb
4d9c540a-9a90-7709-5790-9458991a5b0c,92612ccd-f063-7c04-6f99-04cbe02dd3d2
91fc8012-0b01-acc9-f5ab-7720919667ea,c375a960-10d9-c90f-1507-325fe6ebf5ae
dee12b90-00dc-916d-8a54-153addfadcfc,ec3301d0-bca9-2709-14ac-aadfc97ac672
920ec189-12a1-55e8-ac33-546dc0662cf1,be26bff6-61ee-dcaf-67b9-3a9f5ab55d0b
9206e252-0a4a-2930-21f9-78b75a2adea6,37714496-ee97-a0ed-35dd-8af3fe93740f
922d160c-fc8f-7ed3-36e7-a109b3d4c4e9,64a4767b-4fc5-d529-9fff-0ef7f0e9c2b5
ab4a044e-54eb-53c2-60ee-269aebe3d04a,184e8e5b-54f0-62a5-1756-de8383bd238e
ab582466-3695-e3e0-4845-0497ed966114,0760193e-31cc-cf28-dc5c-a00675806b38
92770541-2ca6-24e7-0c94-2a279a18179f,1087abc6-0d95-af19-e5e1-2fb708e8d862
ab5d3906-ba1e-e77f-4fea-5ef4c5b9f9ab,42709de2-7cda-13cc-b0fa-6caaec73a606
92cfb6b4-1418-b095-a910-465519d8fba0,678faf7c-956e-4722-3ba4-0aa0f326d814
ab98bde7-f1be-35f0-94af-ed3907ecc4c3,ec1746f2-303a-66fa-ce42-5322b669a44b
a54e9f81-fd2c-c024-d4c6-f31ad7b4bba6,68a288e6-2786-db4d-9992-df0c2335792f
92dac01c-5c00-f50d-a2f7-4f1007dfda00,55ab1590-fa01-39f0-eab1-4fcd1562301e
88fc5e56-8970-292d-827d-60a402176894,770a9ea9-870a-b4a4-9610-d1d19d6d5c19
a56204e1-1d52-6dac-b4ff-037e83120c41,cbdc2838-926f-b7e1-3de9-04f0b31c44bb
92e6cdff-c1a8-4942-9700-7099df4b0787,069ff435-f11c-6be8-867f-de057f1211e5
4971b82c-5350-647a-3f6e-ab1996ae2477,770a9ea9-870a-b4a4-9610-d1d19d6d5c19
abc1bf4c-678f-4bb8-ad05-81f1881525cb,eb74eb85-f1cf-cdcf-e52c-dbd06550b9eb
aba09fdc-0b23-47a4-8c15-19c8508e9cff,b6c65397-854b-a556-4696-d752c957c515
a57489ac-7b80-f875-3852-2cd0643d1238,7132c000-e6e2-6f85-2c2b-099463b96b27
932642e3-2353-d92e-b91f-995734f382bd,34c0863e-0545-e286-1b2c-18a5b7934ddf
a5903ac2-2405-9905-f53f-dc25384853c2,33d21b67-32dc-a262-9efb-eadf89ca1638
ea710442-2c64-66b5-b0fc-c7f19c609aa8,ec3301d0-bca9-2709-14ac-aadfc97ac672
ac5ae0e3-ba1d-41ea-a1ef-0a3a77187168,c7539029-784e-083a-632e-236b75af5948
d27829e8-69c7-1771-d452-324bfc8727b2,ec3301d0-bca9-2709-14ac-aadfc97ac672
936888bf-86bb-91bf-7401-a50497598777,607ec460-94a0-8468-dad3-8450f7d31df5
93724f9c-7282-3cfc-b502-8d68a95723de,60fb555f-5fa9-8347-1a3c-698cd9a3e1b2
a61e82d5-594d-4b79-ce97-b6324b2e6978,a9fc3e08-835c-60c2-ebe9-306d517e72a0
a62c139c-88d2-1833-4db8-0ab9e1a4d76b,5453c9f8-3a95-c59b-e0e3-eb1d47a6fde9
a6326e78-203d-4493-b2f4-87021bdf0e5a,b3a4024f-027d-c0bb-7df8-956aa66ce18a
a63dc0a9-5fad-450b-b555-b68a74d4973e,eb74eb85-f1cf-cdcf-e52c-dbd06550b9eb
a638b05e-bc77-a0ad-2055-4f3cba1fb1d2,d96ab8a6-2063-4651-8b86-183267d8ad75
bbc032c8-c7f6-38aa-039b-79723ad8168e,ec3301d0-bca9-2709-14ac-aadfc97ac672
e67baa4b-9fc6-79b2-97b6-393c6fea8b2c,1d911028-6b90-d987-399e-fae3593fa649
93cacf25-7062-ed51-2c4c-1d8ac52d9c86,32076e92-9fe5-3fc8-2ca3-bd3607011db9
95fa4901-f342-853b-2f5e-5c398c5c6322,80deeb2c-f134-c50c-bfd8-50e7085da9da
ac86f4dc-b992-b31c-0a25-e3bfdd45cbb3,a08fa2f2-23cf-3d30-ffd5-66790d4fd439
3b8086a5-691b-437b-80c8-a5e73fb1427d,1d911028-6b90-d987-399e-fae3593fa649
ac9a6980-cd0c-c6ea-322e-a9a8d4ac310d,37714496-ee97-a0ed-35dd-8af3fe93740f
acb0cd8d-96e2-4ea4-a108-4d3cd76184df,14e9d5ee-8cf8-32ae-c074-e83451a7943f
a7040309-ee69-734b-3086-7332f6e7b1b3,42709de2-7cda-13cc-b0fa-6caaec73a606
93fcd499-a638-4f27-837e-62c6d612ca82,c7539029-784e-083a-632e-236b75af5948
9461039c-b3cf-8f55-7fc0-407805238084,60fb555f-5fa9-8347-1a3c-698cd9a3e1b2
888fd0f4-0fb0-50ce-f75e-700e8d252cbe,ec3301d0-bca9-2709-14ac-aadfc97ac672
94167990-7bc8-7da8-64cd-f3f130af8c5e,d017c8e3-e8e1-b9a0-5fa3-51cf59dab856
34e29c5f-f83d-4970-92d7-76b72f9510f4,ec3301d0-bca9-2709-14ac-aadfc97ac672
a75cad6b-11fd-1501-0c05-19a479154f4a,a13ba127-89be-b4e7-341a-0893f8bc93c9
1d3f4846-d322-8f50-d76d-741745e7f46f,ec3301d0-bca9-2709-14ac-aadfc97ac672
ed10b793-d6ff-27db-cb2a-715f609662dc,f15601c3-0338-4ea9-4579-9e9ecf36f8a5
945a5b30-14d1-6d50-965f-b803e255836f,7132c000-e6e2-6f85-2c2b-099463b96b27
acdfaf40-61ab-0ff3-2abc-4fe6bacc3acf,613e62aa-231e-ee06-f80d-2163d20ec393
a79454f6-8edf-dd33-b4a3-d58e02ff1180,06a88c49-674d-468f-5616-b5ba743b66e0
94722c58-8284-40d2-24d7-e992badc64aa,bad5e720-63d5-cd3f-f291-560428b2259e
946a3b33-a0d4-84ac-c658-46790d94e8ed,c59b637d-36ac-b317-6325-2d1a48df03e9
94acc000-64f5-7170-efd2-604ac81d2b4a,a08fa2f2-23cf-3d30-ffd5-66790d4fd439
a7c5ddbb-a4cf-4747-08e2-8a045205ce23,1ddb6405-837e-3281-86d8-0802d2f549a6
94ec05f2-9af4-eb05-5020-122ff227d6a2,71fe8687-4794-6fa8-23a6-2f9dce99bfb0
377fb95d-32c8-4646-9da5-d9e7e27485ba,a08fa2f2-23cf-3d30-ffd5-66790d4fd439
9509db10-25f8-6d8c-1bfc-2c2d12b9bf95,9d3fddf7-5294-0b29-7824-6a141d8c5257
ad5d8897-793a-4c96-bf74-b4a6c71683ad,a08fa2f2-23cf-3d30-ffd5-66790d4fd439
9523c67a-0424-50c4-0e85-502b62eb66c7,5298f725-cf99-ccd3-8a14-b0770dc51993
a7e5cf3b-767f-46ad-807e-e519dfed2640,eb74eb85-f1cf-cdcf-e52c-dbd06550b9eb
ad8a044e-d97a-25be-577a-193f40cee864,7132c000-e6e2-6f85-2c2b-099463b96b27
a7ee3d75-1259-3116-3225-13707d8e72a4,d128bf39-02db-c967-fc00-499c94c752e7
ad86db70-8b22-0d7e-d599-62c4cb66309e,534f08e4-8466-79a5-be0f-1a19f1f007f4
ea757f2c-d95a-1d37-7e59-2fc7f9e480b6,ec3301d0-bca9-2709-14ac-aadfc97ac672
ad8bb49e-1691-fd55-15ca-9fee8cdb56fb,ef8e8524-c614-fe3b-87ca-f9a367d527d7
a7ff54db-2486-4297-830c-49d5a85b7bc2,c7539029-784e-083a-632e-236b75af5948
ad9c86f3-c813-3066-0fe8-598cad3d0d7c,6ce31245-f25f-aacb-7bd8-4985d08bcdd7
adbd6002-fc33-037c-5c05-e01753e75ac1,29f923c8-db25-56e4-8556-2121eef21996
add0eef5-aa25-50c4-95e9-066b027d6d2d,cbdd9364-6883-8098-f347-9c531ed05c4c
adc87cdb-6a7b-79f8-4499-bae4b85b33a5,6ff5729e-96b8-799f-c8d9-1126c1796756
ade356ce-dbf7-cc15-7857-fdf3621d03a7,84dfb8af-76b0-6795-3186-ef6a3b537001
a8469673-620d-dfb4-8324-2a07c089f3d5,9d3fddf7-5294-0b29-7824-6a141d8c5257
a86d6ce4-f337-4504-9807-fa445b594bc0,eb74eb85-f1cf-cdcf-e52c-dbd06550b9eb
967b6576-8c94-7dca-68b3-f62fc8f31950,cfc981d2-e13d-500d-77ca-616939d7dcd9
968d7dd2-364a-674d-4bda-3398cdeeb035,7132c000-e6e2-6f85-2c2b-099463b96b27
ae31274b-ffde-4575-995b-c8224e26e883,eb74eb85-f1cf-cdcf-e52c-dbd06550b9eb
a8ae0c91-bcc1-f227-9fb0-1447b2df37d7,ac108d8a-03df-7846-6247-94165358d7b6
ae47957c-1a21-eb61-90bc-9a62108e3c39,b4c462de-a2c8-6c12-051f-ffe95c6110f6
0acf4e4b-35cd-4173-d4e0-39e8d4a4b980,ec3301d0-bca9-2709-14ac-aadfc97ac672
97118a49-e2ee-fd3c-81a2-42bf5851c791,651717ba-acb3-43fd-b9bd-d4e9a968fefe
a8e4a916-6171-0da9-2e0d-f9393afacb9f,8d386789-dfd6-473e-5e45-80a9701ad7a9
ae6cb465-080e-f48f-8f92-fb6bfd1f1f93,3650681f-dcc7-9248-99de-a5a1716b82db
ae850211-be98-6180-56ed-f9fd0ee7738e,3288c4cb-a67f-fd0f-f463-385ab9575101
ae9f286b-92fe-a3a3-fbc0-9f37e8fea5af,c186f33a-b858-508b-648e-93f26eab3027
9782720d-d904-41bd-8912-c56c7a9bc3e1,30ddc420-e14e-aafa-ba7f-e3100eec7ce3
379547ad-8a9c-48aa-0fbb-386193a655c2,bf7d10ba-cbde-0e18-5ff2-20c99b86f484
a90ff098-2c45-43c1-a96a-aebe6441dd00,9f6d1068-fe7d-eba6-d789-da02cbf5b364
97c3a5ce-1c6e-4531-9fd3-c21151cf631f,eb74eb85-f1cf-cdcf-e52c-dbd06550b9eb
aed7f59b-c75b-59c8-2109-e2f5504075be,14e9d5ee-8cf8-32ae-c074-e83451a7943f
af014f5f-fabc-be3b-09d2-643527c949b0,613e62aa-231e-ee06-f80d-2163d20ec393
aef1d631-f30a-4370-bc2b-6b666eab6cde,d128bf39-02db-c967-fc00-499c94c752e7
af2bfbae-379e-4f33-8f3b-602955f4cd53,a08fa2f2-23cf-3d30-ffd5-66790d4fd439
c4f0bbd0-7048-5e61-c68a-5c498caa8a1c,ec3301d0-bca9-2709-14ac-aadfc97ac672
fc29a4a8-7ee8-4d3c-9268-a7a1bcc3fdd0,c7539029-784e-083a-632e-236b75af5948
af76810b-0451-0cfd-259b-aaa1b548563f,1737f962-ff31-41cd-673a-3906dfdd9530
afb4356e-d89b-db90-3cd1-1529a9c5a786,bf7d10ba-cbde-0e18-5ff2-20c99b86f484
a95c8f83-6930-7a24-f9e2-2e09485087ee,ec3301d0-bca9-2709-14ac-aadfc97ac672
7ffb5cd6-13da-e9aa-a58a-35e803e4e277,be72e11b-52e3-c54d-8217-a9e392f234f0
afcf9632-e867-5ea1-f9cc-c20d4019c736,a3882c5c-8fe8-9ec7-0991-77e37691dabb
a9929ac6-0dbb-5cb0-3309-690a4256fb3e,1ddb6405-837e-3281-86d8-0802d2f549a6
58a56add-bd61-12ec-cf71-7c02ab147ea4,15166dd0-b6a6-79e5-f235-1a88564d332f
b2888029-41db-42ad-86c6-70a85d3a40bd,bf7d10ba-cbde-0e18-5ff2-20c99b86f484
b006505a-4eb1-4191-a229-0332771186a6,c7539029-784e-083a-632e-236b75af5948
b0389930-f1af-354c-09f4-d184dfe1db46,ec3301d0-bca9-2709-14ac-aadfc97ac672
b0e9e461-a145-9427-da19-159451658598,ad635c15-53be-f6c9-5b61-2d2bfcccd3e9
b17fc9e5-bcbb-4aa9-a84f-6ff0a9fefb7b,eb74eb85-f1cf-cdcf-e52c-dbd06550b9eb
b19fb1f1-4a31-462e-aea7-d9be4cc78ca5,eb74eb85-f1cf-cdcf-e52c-dbd06550b9eb
b1c897e4-28c0-f97c-2a43-90496f2ce8ac,e41d7d3a-3a09-4579-1ae0-624afb4ab4c6
b1aa4d6f-37e5-40d8-9a30-9eecc8c5c7db,a08fa2f2-23cf-3d30-ffd5-66790d4fd439
b1a5408b-b39e-34a2-4872-e338ce403283,c375a960-10d9-c90f-1507-325fe6ebf5ae
b20473a6-68a9-f5cc-24ec-57038b56f3c9,69c2c168-9468-40b2-c48e-3f594e7abc4b
b285b49f-2657-6cdc-1112-3a3ce684313c,69d6409a-ee51-3e7a-d354-ab8b17e24726
4b0b18d2-e47a-55db-d90e-f7f7d527408d,5e79b4f3-191f-d90a-2287-c4bc7e33ab31
b3abd613-f722-699c-4048-27a2b166646a,894a870d-86f7-c871-c4a7-014896c1f305
b29279cd-6249-008e-0ed7-ec4d3284a8c0,7b482c3d-941e-285f-c559-74103c8eaec7
b2f8b2f1-afbb-3c5f-7630-33e4258dd0d3,294ab927-4764-ecf7-a68d-9b61e25b3b71
b322c7c6-15ca-c7f3-68cc-5abf2609fb52,70f7c6f3-f48b-8215-291b-5d0b6d607a8e
b499ddc1-1bb2-40ff-b6c3-17a124730f02,c7539029-784e-083a-632e-236b75af5948
b3470044-f819-5d10-ccd8-93443ef7c682,159ed8a4-a98e-a83e-80c3-dc79fea45352
b3a04c88-28a0-6da6-49ab-61973ebbad26,4583aca0-f32d-ffbf-9b08-41a10aa8825b
dddbbd7f-01b3-99ec-d947-6bbc5827f908,ec1746f2-303a-66fa-ce42-5322b669a44b
b3ca7d6f-ab64-ec05-9104-2cd831de9ad8,28422e92-83ea-b392-652c-7f7bdd7feb81
b3f530b9-39ce-6350-af88-7e46cf8bfb2c,1b8d0ea8-a794-cff6-e585-b4e898aa1bb4
b4895fcb-82ee-5132-2ecb-35c21c3caa1c,4a08c3e0-d4ce-2bbd-eb94-61d036e408ca
b4d0fbfe-f223-b63d-3fe1-678fc892d8d7,d017c8e3-e8e1-b9a0-5fa3-51cf59dab856
b4f25968-1f6b-650d-3cea-a9a998e84f15,52a66aff-d6c4-238e-2d1c-f7e4b1b63c8c
8d74ea2a-6950-4605-7af9-65fec84b826e,f04bc00d-5dfa-012d-7668-c1307e840892
c9b7e82e-7a96-535b-18fd-53927280214b,e10aee57-14a0-fac2-1e74-5ffefde1090c
b577ad3b-8b29-d51c-b3dd-95d37f82e06f,a3882c5c-8fe8-9ec7-0991-77e37691dabb
b587204d-8dd1-8ec6-df6d-acd7e7a1b451,44a5755d-418d-0a55-3c05-51b9173e27c5
b574c04c-59c0-a44f-c152-ae5d009d2c04,613e62aa-231e-ee06-f80d-2163d20ec393
b594224f-2e9b-cdb8-28fb-f31241d74b80,c1203aca-27bb-973f-6095-afc61df4af9f
b5d957b2-bbb7-ed96-58b8-14206dc08800,76db1973-0d18-ebd4-c616-b9aafa8aa97f
08b1b012-46ba-6b0a-bca4-2ed9b6a1dbb9,1338b709-9588-6beb-d566-e35b309ee5a2
b695804f-6f8b-43e3-a35d-a9117baacf9b,eb74eb85-f1cf-cdcf-e52c-dbd06550b9eb
b69470e4-90b8-fae0-1499-4f093748ea53,ec3301d0-bca9-2709-14ac-aadfc97ac672
aa6d11f3-42b8-f199-2041-d33ecbb77522,8702cb95-212e-4e25-2b5b-5981a6c980ba
a8b6abc9-31c2-a33c-f6b4-130fd94e997f,8702cb95-212e-4e25-2b5b-5981a6c980ba
3a0eb131-f0bc-835c-e33e-6a4fc4e11264,30c467f1-6499-e5b5-9274-bd076dc3c5a3
b71fcd6b-cd96-3b9d-47f2-ebe729403003,5e3eb697-f21e-3570-18c2-e52865699e8a
b751c672-d778-7ed4-242d-79bf77166b13,fc1efe0b-90bf-e427-747f-374e0371024f
b7fe28f7-5fe6-4e5b-9899-49d8e097efaa,e36fb481-e5c3-a4f7-dc3a-55ec2a06ca95
b7e0fa06-2d30-709c-c0d2-eba0c3a129c9,7132c000-e6e2-6f85-2c2b-099463b96b27
b8242864-810c-48c4-0c18-1816727e043e,8014e1ca-deea-eff9-f368-70f0cd021d79
fcc0d67d-9f1b-7eb1-b944-84ebafa7b7ca,ec3301d0-bca9-2709-14ac-aadfc97ac672
b8748c95-f44f-6e85-1515-fc542d44adfe,29f923c8-db25-56e4-8556-2121eef21996
94583a58-b648-06f2-efad-0ef0b8532dcf,0bb0ab41-f86f-5fd3-6ff4-a72ffab58f4c
b8b53524-fb2b-1a29-1ca5-c81701cc5a0f,bad5e720-63d5-cd3f-f291-560428b2259e
b8a34869-e110-7635-dbb4-ca567574ed98,8d67fc5b-27bf-e7b2-d3ad-d8337b74df93
b903ba61-03ee-416f-ba05-229a7644a380,eb74eb85-f1cf-cdcf-e52c-dbd06550b9eb
b8c9dd11-0929-3699-13fc-5cc1e3af1e04,1d911028-6b90-d987-399e-fae3593fa649
ba484a9d-eae6-b92e-342f-da311b80d6ed,c5a26384-f535-9095-9335-a2f447a6fbc7
b94bc998-355d-8ce0-8cff-61dc1489d914,7bd1be48-842a-6978-8d5b-36d94ac4ed10
b976ee8c-7500-3937-5868-7bea7df00776,bad5e720-63d5-cd3f-f291-560428b2259e
b9911f25-521f-f248-544f-b9adc7ded86e,a628a93b-0ef5-5d70-c28e-ee8c3540d806
b9b730e2-a52a-439c-b448-8b01b3686c47,c7539029-784e-083a-632e-236b75af5948
b9b40d2d-e60e-cfec-0ea3-ff6fb613fec1,ec3301d0-bca9-2709-14ac-aadfc97ac672
b9c7476c-f183-466d-8476-c5db6f7e98fa,b64809ba-6269-bade-91cf-a51170319f0c
b9c53727-98fd-52d3-b5fc-4f09546e412b,3adb083a-1765-f3de-87f5-854f7b38e9d6
68f359ef-c25e-ce75-41cd-2b0a4b7d77eb,8cb359e9-36c8-0a65-147d-55680b37c109
ba70fb2b-c6e5-5520-092d-f8dbed0cd830,613e62aa-231e-ee06-f80d-2163d20ec393
ba94f6d7-83a4-449b-683c-cd7220b76689,027fd53f-9d28-bd50-beb8-ed2cc23e3806
babcfe8d-189c-49a4-be08-910d7b1d05c0,28422e92-83ea-b392-652c-7f7bdd7feb81
bac9559f-7dd8-0334-ae7d-978c26b2dff1,069ff435-f11c-6be8-867f-de057f1211e5
bae402ed-9edf-bf79-c112-631498035570,5453c9f8-3a95-c59b-e0e3-eb1d47a6fde9
39870e37-7150-a86f-b868-b9f835781381,00c33f38-337a-5d74-fb87-e96ca2399608
ae73a26c-8665-2ce4-7894-4066e2aded46,6fa45c67-f902-788d-74e3-204c14b12f57
bb54aa47-4e6d-4b62-8ae3-dfb2f1477e61,14e9d5ee-8cf8-32ae-c074-e83451a7943f
bb9b3e65-c920-794b-cf71-717ac97abf9f,ad635c15-53be-f6c9-5b61-2d2bfcccd3e9
bbbebdb1-3303-cae1-6193-7fba665f3ec9,54891c56-fb22-cd55-2dcf-9f37d88dd347
bbae34bf-78a7-3244-e6ff-6489626d2244,ec3301d0-bca9-2709-14ac-aadfc97ac672
c519fa74-e17b-4928-1ccd-9e9e07e93a79,736d7e3a-4bb2-974f-4c6c-aea44e19ba3b
ce12b227-1004-4171-cf57-2ce4ab891210,29f923c8-db25-56e4-8556-2121eef21996
62410d40-f3e4-36e5-b4a0-da827f42573e,c2649996-360b-39e6-4cf0-9b8f49023128
c5960735-f241-e00a-c7d5-ca7862e19d2c,bad5e720-63d5-cd3f-f291-560428b2259e
ce95afaf-e2eb-9958-3764-c657ec71bcde,fc1efe0b-90bf-e427-747f-374e0371024f
c5b81899-e41d-4c70-072a-9760c58f9111,ec3301d0-bca9-2709-14ac-aadfc97ac672
cea1157c-cc94-7d91-de9a-e14aab98ecfa,d5356bf2-2595-852f-bbcf-28b718c0d318
c5c6f0df-c843-b74d-1e50-c6e739b0221d,32076e92-9fe5-3fc8-2ca3-bd3607011db9
ceca417b-877d-d770-8c5a-44743a93c298,29f923c8-db25-56e4-8556-2121eef21996
c61f1047-4fbd-87ca-19c6-97ba68ba3ddc,60fb555f-5fa9-8347-1a3c-698cd9a3e1b2
c66809c7-d933-47da-b5ca-8ea2cf1e2a0c,bf7d10ba-cbde-0e18-5ff2-20c99b86f484
cf231d32-9650-6e8e-bcbc-403ebdb18dfa,bd7519c7-6591-3dc8-7380-e0e47a222ec6
87dd0612-4538-1ef6-3bb8-accd3e6aa205,15166dd0-b6a6-79e5-f235-1a88564d332f
c76b081f-5aa6-c6d0-42de-2e989fd9e8a9,08d674f9-b92c-26ca-8d1c-c1e6d5f21cf3
c7be968b-6cc5-7e77-5624-4443ca49b00b,069ff435-f11c-6be8-867f-de057f1211e5
c7b36fda-c8ef-0f26-1fea-af4854fc285e,29f923c8-db25-56e4-8556-2121eef21996
c7ff10fc-0e58-07ee-aa83-b755a75b19f7,d02fad6c-d71e-b2c3-869a-63c231da4bab
d0fcfa85-2a01-4d53-a479-0dcf756a82e3,eb74eb85-f1cf-cdcf-e52c-dbd06550b9eb
d0fed18c-c710-b4b1-7af4-f6c0d7d97438,613e62aa-231e-ee06-f80d-2163d20ec393
c83c79c2-ab7f-8317-0975-2edf67cb8b34,f45b2d7e-e26e-75fe-19b9-55b1f59480bd
d1b76011-d174-ef84-4991-23607df8ad3d,ec1746f2-303a-66fa-ce42-5322b669a44b
c896da24-1067-03d5-5af7-ef45e41574bf,8eb780af-fe2a-44ca-1502-c27dc73c7256
deb2d9cf-968a-2a3a-e5d9-aadcf1f6b17f,1bfaf1a2-7723-92ca-88ee-cb32d4464a76
d1b365af-39f6-00c6-6f44-0ec1b1236097,0f7d11b9-9c29-73b7-c105-d392d597763b
c8f8e152-3c84-c4c7-c934-fff55a11db9b,a320e177-e674-4113-1c9f-dd8af957fe0e
dd7af5fe-efb2-6fbc-359f-3388bdc506b1,6c37924c-96f4-3db3-aaec-8e9a5f2e85e9
c8ef41e4-c862-25f7-cefd-054945388211,1ddb6405-837e-3281-86d8-0802d2f549a6
d1bffd22-c5a9-7482-d824-2e860adf9efe,c176e61e-b705-de2a-bf42-484d8aa4a4b2
d1c52d4e-b3c1-5dd7-948d-741d7afc9a43,d128bf39-02db-c967-fc00-499c94c752e7
d1c9539b-0d1d-f023-8f86-495b355fc99f,ec3301d0-bca9-2709-14ac-aadfc97ac672
d1c7805f-4379-d40a-d6d6-4b013e2b6460,3b5e3222-0c75-238d-3bc3-f23645817990
d1e306b4-e11e-1654-d59e-c1570f3d5ed5,3ecd2df5-d065-1769-3a25-05f9847e2959
d1fcc809-1fd4-0b82-46d4-b6c2fcae658e,41b349a5-441f-f3a5-4dd4-9771ed57b770
c9361011-6b4a-c9ff-871e-3fed1b231bfd,4b2a5b0a-ff1e-9e1f-97c0-f4daf043ae26
c9429493-c3dd-1442-b50f-96e3498ba373,c375a960-10d9-c90f-1507-325fe6ebf5ae
c9619e4f-94ee-9e2b-6206-ef1ebda624ca,a08fa2f2-23cf-3d30-ffd5-66790d4fd439
c9612088-9b9a-1ccf-17c0-5e3d721cc3ea,9d3fddf7-5294-0b29-7824-6a141d8c5257
d23657cc-ce58-7cab-adfe-b43b55139c68,96b5ed88-b99f-680b-e1ac-1eeb6dc46790
d2597016-ca06-4d8a-a19d-56fae7ad7e42,eb74eb85-f1cf-cdcf-e52c-dbd06550b9eb
d2869085-aeca-4cb1-8c3f-6a9efdc760b4,c176e61e-b705-de2a-bf42-484d8aa4a4b2
d26bb15e-0dcd-2bc8-5498-cc9698894723,e10aee57-14a0-fac2-1e74-5ffefde1090c
c9e7ba5c-1ab9-86f1-e88d-0f9ed535c874,d02fad6c-d71e-b2c3-869a-63c231da4bab
11dda422-0610-36ae-c051-c3e4ee34bec3,ef0c62d1-fed6-9f39-057b-6bf41733d9c4
3f0fb0e1-b00f-479e-877b-17296e69df41,dd4bb1f1-6431-fa24-92b3-df56770245df
cadf5a6e-cb21-0aa7-bca5-eb4f87ba287b,130a5165-aa1e-11b8-6710-ee429e7850a0
cad29dbe-0408-fea3-1f43-38dc11ffe6df,651717ba-acb3-43fd-b9bd-d4e9a968fefe
d359493e-2f5f-15bf-026f-97913335b4fc,9aaf3eec-7556-0c5d-8d2a-10c46ae4e07e
cb2c69d7-6285-8797-e87f-8c3eb54e5fef,2749a9f9-07f8-1864-3db3-c6797f2e38dc
d3bab0b2-29b5-b2f1-3333-aee87dd05495,44a5755d-418d-0a55-3c05-51b9173e27c5
d39bced4-e8cf-4cd9-88bc-ff0b7a3baa08,ad635c15-53be-f6c9-5b61-2d2bfcccd3e9
cb5a9d7e-fa1a-e287-5515-23225e5fbc90,34c0863e-0545-e286-1b2c-18a5b7934ddf
d3bf4714-e69b-9406-c3f6-16ae89aaa473,70512c4c-6c7b-65ed-2f5c-ffa321d4a0e1
d3d09657-59b5-1d04-800d-38673b7b6c1a,66ec4371-194d-a288-65d2-7c7ab801417c
cb72969a-9d35-8dd1-0e8b-eb7b88434f00,a3882c5c-8fe8-9ec7-0991-77e37691dabb
cb733da9-5579-d403-53f3-ca43f1af89cc,60fb555f-5fa9-8347-1a3c-698cd9a3e1b2
d3eecd85-9e15-3dd5-3a9f-608c855832b8,9aaf3eec-7556-0c5d-8d2a-10c46ae4e07e
d432819e-c435-aebb-405b-0247c17d906f,b64809ba-6269-bade-91cf-a51170319f0c
d433b4bc-a065-8076-a8b5-bdab2db0a036,64a4767b-4fc5-d529-9fff-0ef7f0e9c2b5
cc377e76-db1f-688e-3013-46455347ceb0,3b18a414-b58e-a546-1f10-2e89fa3a6bcf
cc394930-4d7d-74e0-6e66-5cfa9041ccbb,1ddb6405-837e-3281-86d8-0802d2f549a6
deab1159-99be-5a9a-004d-922ed693a35b,3f64d228-1169-7809-f5bb-b4588aa9353b
d4931f65-5309-465f-8916-f36d087786a1,bf7d10ba-cbde-0e18-5ff2-20c99b86f484
cc5c0c63-7169-c08f-6922-cfee305e9a7a,a08fa2f2-23cf-3d30-ffd5-66790d4fd439
cc73487d-9d1f-4067-80bf-03ac7956df34,0cadc1ca-2dcd-6a3d-cf5a-e1e573c27fcd
cc826c7e-073e-4b91-537e-fbc4ba67d1e6,7132c000-e6e2-6f85-2c2b-099463b96b27
cc9576ef-0935-d9eb-158e-e91ca146abc0,80deeb2c-f134-c50c-bfd8-50e7085da9da
ccb1768d-74da-64e6-be1d-0cbeee4b6b57,56afbe0f-96dc-4bd9-8baf-d589c40527ff
dee9b491-b4ea-ef6e-1efd-f359996555b8,29f923c8-db25-56e4-8556-2121eef21996
ccca7b46-73e3-4afe-5b3d-f6b3f0aa010a,f50f8994-28fa-36c2-8310-dfcfdd186241
ccdef849-bd07-4e36-908c-1d485945a72c,f300ec90-f57e-24bd-3684-efc81550357f
d55e75b6-4b7f-be83-7fbd-e0d651caeb8e,b0e75df3-2c67-7d09-328e-01e540c1cce3
cd457e58-61e2-720b-0e95-e277b6f1c9be,0917cf66-bff1-7a1c-872c-edbc3742c0ed
d5a8eb9d-0acd-477c-8794-b41c7990354f,b0e75df3-2c67-7d09-328e-01e540c1cce3
1c3c8e8b-32c0-c77e-c122-2b2914d9bf2c,
d6211792-dd04-23de-f055-dd46caff4149,613e62aa-231e-ee06-f80d-2163d20ec393
d6306e3f-7097-0590-f62e-78138cff994d,7132c000-e6e2-6f85-2c2b-099463b96b27
d663f096-0795-8413-75ca-d7f45d2de71b,9f7a2d87-693e-bf27-c14c-b4280572a4b2
41397013-bfa2-4350-ab88-7af0868dabd7,bf7d10ba-cbde-0e18-5ff2-20c99b86f484
bc7b79eb-2e22-4aaf-be5b-60a3f45352cb,645bd94b-0778-a681-f0dd-03bea56b677c
bc7fb668-7817-4ffd-9252-d2d1a2833d72,bf7d10ba-cbde-0e18-5ff2-20c99b86f484
f34da5a2-bf25-4e61-b621-bb24daf2a18d,b3a4024f-027d-c0bb-7df8-956aa66ce18a
1c1aa394-7f29-38eb-60da-e0b3644eee8c,eaf7b32c-647d-4c2e-9cf3-9e23170fb6ef
137b0aaf-d5da-25fa-231e-5874a50ce77b,caa8160b-a9cb-1f4d-a439-b5768022e141
be120890-3244-bd78-b16c-f7b2a63be47b,f15601c3-0338-4ea9-4579-9e9ecf36f8a5
be5d1605-853e-e297-0637-e23218b678dd,60fb555f-5fa9-8347-1a3c-698cd9a3e1b2
be9de7ac-6f50-457c-a6e3-b7abf3198837,a08fa2f2-23cf-3d30-ffd5-66790d4fd439
bea9b81d-a6b5-b93b-de02-fc5d260466f4,e5f33220-5262-bf19-2c20-2379b3f56ab5
bf12019c-c153-f65d-60e1-1a409cfce4a1,ad635c15-53be-f6c9-5b61-2d2bfcccd3e9
bf75931f-e636-4b77-b800-f78889ddddfd,23cfdad0-7451-072a-e87f-3e0990223318
bfa2a27c-0cff-8749-f97f-0637ebe41bfd,c1203aca-27bb-973f-6095-afc61df4af9f
c00ce1e6-102a-afde-1b93-079ebf6c19ba,b4c462de-a2c8-6c12-051f-ffe95c6110f6
c0431b90-c544-4cc7-a597-f8b2da597438,64a4767b-4fc5-d529-9fff-0ef7f0e9c2b5
c18e0898-02f1-2e65-6885-3c46b2f33a03,c7539029-784e-083a-632e-236b75af5948
c24331b9-11a7-93fc-e6f4-b3ee04964dac,5359a2a5-0c95-50d9-138b-7b235ecd3248
c252aa4a-234a-4ab6-9e44-f39e52b14d23,bc638510-43de-0600-d139-b4e51e0283aa
c259d3b0-c6fa-604d-df74-79287b63c8f5,39f39760-6851-4100-09d4-9515794c5521
c232abae-e6cc-6ea5-8d42-64754acdca8e,c1203aca-27bb-973f-6095-afc61df4af9f
c2748430-0b86-0699-4869-f9375ba9acab,11f31566-ab25-0f76-332a-4b76ee670cda
c29013f2-6b89-420a-8104-cf6e20fa5000,a08fa2f2-23cf-3d30-ffd5-66790d4fd439
c2db5550-3283-d7c2-7bbb-f3524fde5d63,a36da49d-2694-fc16-8442-3e6ccec2fa4f
d7cb5f60-a423-a95a-1dcd-22ebe7bd744b,ad775413-6eb0-8594-541f-3e6bbdc9b4e1
d7f5edc1-ae0f-67c5-be3a-76116e32de1e,628e993f-1976-88e8-2027-0d54c3f6e9d0
d82cb0a4-f068-44a0-9433-ba8f2b4b5cce,9dbccab0-8963-4329-7f03-eaa5d8cf3e51
d82e7444-238d-9ca9-f8af-34bae439fc60,9a209f12-d0ce-c9ce-4c72-a82251555c2b
d839c3b7-f373-4915-bfcc-cb0ee5912e6e,cfc981d2-e13d-500d-77ca-616939d7dcd9
d9063bb4-da77-77bf-e351-cf0df5583d57,613e62aa-231e-ee06-f80d-2163d20ec393
d92270fb-b3ac-40e3-902a-9fd8f4800a48,eb74eb85-f1cf-cdcf-e52c-dbd06550b9eb
d921a554-05fb-6580-a26d-a0a69017a7da,a08fa2f2-23cf-3d30-ffd5-66790d4fd439
d94a7ede-d8e2-723b-1ddf-0dfd786e4bc6,c8c1bde0-2f39-3605-712d-6ff73ff62693
d94fa190-63f6-5721-28b8-7f493a49dc55,ff59ee56-2920-c64c-6370-bbab6a7859d7
d980661a-efa0-4646-a68e-c9db56c3da7c,eb74eb85-f1cf-cdcf-e52c-dbd06550b9eb
d98a0436-01f8-8212-ab75-f6c2aa246939,bf7d10ba-cbde-0e18-5ff2-20c99b86f484
d9c0ed30-717e-422d-941e-9302753fc65d,bf7d10ba-cbde-0e18-5ff2-20c99b86f484
da565660-c870-4b93-8b72-8e6a15ae22b8,9616fc3d-0676-d467-3457-e8bf99f827aa
da63ab16-e976-4bce-8be7-b70e71b1cebb,52a66aff-d6c4-238e-2d1c-f7e4b1b63c8c
da7348e8-db29-4be8-b8ce-6d6f3882d875,651717ba-acb3-43fd-b9bd-d4e9a968fefe
dad23dc1-44ca-7cd1-7174-504b3ed082e1,d8f0d7a6-ee79-cb81-74e2-4a4ef6cc0405
db0220b1-08f4-4bc9-a52b-2024cc717fee,eb74eb85-f1cf-cdcf-e52c-dbd06550b9eb
daf8fa45-3a2e-5aa3-036a-7a9cdbee1f25,76db1973-0d18-ebd4-c616-b9aafa8aa97f
dbf09ffc-7371-41dc-be6e-cdaba2f37729,f300ec90-f57e-24bd-3684-efc81550357f
dbf0463c-0b7e-ddc0-910f-92161735cbd6,cbf2dc40-b339-f520-8ed9-917804310729
dc321a71-8294-49aa-6262-d6d25ca726ea,5298f725-cf99-ccd3-8a14-b0770dc51993
dc506cb4-1f6d-4582-461f-6e596b4eb0b9,3adb083a-1765-f3de-87f5-854f7b38e9d6
dc9994af-ae85-82e0-2374-91b32e60fb50,7132c000-e6e2-6f85-2c2b-099463b96b27
dcadaaf9-a043-2925-c8f1-b367db4a1792,cac63d78-2f8a-2aac-6472-24b16692456e
dcdcd9db-5fd5-4d8a-afc0-5022e5429fbd,b6c65397-854b-a556-4696-d752c957c515
ded59e4c-bc78-3dc7-467c-ab24a065792e,c5a26384-f535-9095-9335-a2f447a6fbc7
df13ccbd-ba39-5ab9-b38e-9299b5402cf3,2d2b1875-5e60-9d20-2c40-498b0e263012
dfa32d9f-d019-6488-c834-a8c32f3df5e3,bf4e7f0d-9e5b-0e16-7bcb-73870a0ec51c
f1460d64-2cbb-79f5-2622-2f07baad33ea,ec3301d0-bca9-2709-14ac-aadfc97ac672
f16b7535-7b4f-8c9a-e640-54be42581d8e,75e69120-0490-0c7f-a834-ee6ad858316e
f352f83b-1856-4a36-9481-f14544ee9875,eb74eb85-f1cf-cdcf-e52c-dbd06550b9eb
f1ed3c6b-a82a-763f-2b1b-a6e83fb3fb8b,7132c000-e6e2-6f85-2c2b-099463b96b27
f2018d1d-db5b-4da3-98ff-027c28fe5cf5,eb74eb85-f1cf-cdcf-e52c-dbd06550b9eb
f2dd6fa0-33bd-9c1e-a7ef-e08449d24ba3,7826d4a0-de75-ce35-9bef-726777392103
f33cd481-741f-508c-0d4c-a9a38ae4d70e,ad775413-6eb0-8594-541f-3e6bbdc9b4e1
f3492dc9-babf-4e40-8347-2fb9dea1cb85,1ddb6405-837e-3281-86d8-0802d2f549a6
fcce3ede-7875-41ad-b37e-382ff73730b1,b3a4024f-027d-c0bb-7df8-956aa66ce18a
f45ac130-3af7-cdbc-d1cb-0ae880621be3,ac7af56c-65ba-8287-2262-fbeb6eab7227
f456c39b-564f-9180-5aed-bd34e27873b3,64a4767b-4fc5-d529-9fff-0ef7f0e9c2b5
f44976e8-0439-e6ee-4cf5-84ada0b04fd2,69d6409a-ee51-3e7a-d354-ab8b17e24726
f62a4386-32d9-445a-b654-f2fc4127db4c,14e9d5ee-8cf8-32ae-c074-e83451a7943f
f96a2811-6c86-7d51-cf97-1d6553a95b53,ec3301d0-bca9-2709-14ac-aadfc97ac672
f4ea3283-43a8-fb00-8f23-6c77b86c9da1,cbdd9364-6883-8098-f347-9c531ed05c4c
f5e4587b-c718-aec7-e47a-0598970991a4,003326f5-0d98-bd7c-68b1-383cf6e9ee13
f656f3c7-24dc-8941-89ae-d23cec075654,94756ee0-3807-5588-8d82-59764f0a80da
f8faec7a-9b67-489c-94d9-45370a1985c6,eb74eb85-f1cf-cdcf-e52c-dbd06550b9eb
f6c2ef85-1f17-317e-da59-fedc074b4db4,ca62b6f1-7660-b083-2c35-42fb1148858d
f6f72590-b0cd-4c16-5bb3-5814008ef381,c186f33a-b858-508b-648e-93f26eab3027
f70292c7-d0b4-9db6-21ac-79b025401868,41137b0e-e322-2086-ae7b-39049d74c7eb
f720bf74-d0d6-bc72-587e-42d2fd15518c,76db1973-0d18-ebd4-c616-b9aafa8aa97f
ef04ff3a-2c9b-49fd-993c-fa145654d7f4,eb74eb85-f1cf-cdcf-e52c-dbd06550b9eb
ef0f23d5-04c2-11c8-947f-e9b22b8433bd,d21ddb23-3210-9b40-23a8-8142f2dec1c8
ef012af7-7a8f-f640-0e92-16ec815bd6a0,7132c000-e6e2-6f85-2c2b-099463b96b27
ef05d8e2-0e91-0ef6-a223-6ae58676d0b4,cf09c129-a8aa-0532-2704-8994a2362dff
f7c88ac8-9f8e-8f6c-5f0b-1b79c17b6913,4a08c3e0-d4ce-2bbd-eb94-61d036e408ca
f7db93f3-a296-fabf-850f-3f4f682b9f93,9aaf3eec-7556-0c5d-8d2a-10c46ae4e07e
f8428c99-695b-cca6-1872-9966d6fd1739,878ff033-b1f9-52c7-5825-70066b8a9c47
f8a79373-0e0a-4485-9216-bff1217d8748,c7539029-784e-083a-632e-236b75af5948
f952c25b-fe3b-5f8e-91ca-fd52da92e4ba,f9401893-a469-0d22-f09e-034b69d209ce
f91f31e5-d02a-c95a-6d11-184dd781e7e8,bf7d10ba-cbde-0e18-5ff2-20c99b86f484
f98825eb-e941-008f-2395-99fd073fcf68,e36fb481-e5c3-a4f7-dc3a-55ec2a06ca95
f9b16b84-adb1-b0ae-b87d-d55380d527bc,cac63d78-2f8a-2aac-6472-24b16692456e
f9d15a98-5747-42b7-98d8-5cba067d5ca3,23cfdad0-7451-072a-e87f-3e0990223318
f9f2ac99-8b9c-4554-77cd-97e122da90b0,a628a93b-0ef5-5d70-c28e-ee8c3540d806
f9fa4b6d-f8c5-5bd0-52c9-8c30b1ee575c,c1203aca-27bb-973f-6095-afc61df4af9f
e8679671-41d6-c74e-7dee-c9890e84503f,f82fc139-4768-11a6-2456-359dba88a5b4
dfdf660d-3771-95b8-61d7-b1a3cfb53881,55ab1590-fa01-39f0-eab1-4fcd1562301e
dfe4ac76-0bce-bf92-6f4e-6779a21a1a1c,55b31221-5a4f-cfd1-9c2a-329fdbe6dc01
e00252bc-a880-43b0-b5e8-31e85800ee3f,eb74eb85-f1cf-cdcf-e52c-dbd06550b9eb
ebc860c0-c501-4936-a6a9-3191bac98392,527c3ebe-8736-fb55-3017-5bb68643ac72
e06aff61-34e9-668c-186c-ed165445628a,9a209f12-d0ce-c9ce-4c72-a82251555c2b
e0f6f7e3-d4e6-b6d3-6822-ed1b760732b6,401686de-3da0-cb99-2553-5824925cda98
e16a3e32-d1e3-4712-aa9d-5eaf804f688a,a08fa2f2-23cf-3d30-ffd5-66790d4fd439
e1668bde-1174-d94a-32aa-31c9a2ad4f02,aa7aa4a5-c494-8490-0aa0-1dc9e3aecc89
e16e6049-f718-96ad-41a9-aa8764d5b230,f45b2d7e-e26e-75fe-19b9-55b1f59480bd
e1abcafb-a0c9-ba77-6451-3bc0b71a6ed8,7826d4a0-de75-ce35-9bef-726777392103
e1b326f7-faf6-479d-b786-8435f97603fb,c4583f9b-e98b-efe6-e99d-ecbd51a4623f
e1c4aa6c-5e3f-4049-6533-ca669ac761d7,cd083fd1-9b6c-d957-532e-9ef2b17d9791
e1c61e75-dac4-4410-5501-72e6b220b44d,60fb555f-5fa9-8347-1a3c-698cd9a3e1b2
e1eb10f8-c3d3-48d5-a9f2-37ffa5bba617,eb74eb85-f1cf-cdcf-e52c-dbd06550b9eb
e203480c-00ad-24a1-e941-334e09b6c56d,f45b2d7e-e26e-75fe-19b9-55b1f59480bd
fe9d8118-cbe7-592e-e4fb-c534e318f204,eaf7b32c-647d-4c2e-9cf3-9e23170fb6ef
fcd8f9ff-115a-25bf-ff81-ac6fee915404,130a5165-aa1e-11b8-6710-ee429e7850a0
e23d0189-62dc-c106-985d-463b3c6809f7,bf7d10ba-cbde-0e18-5ff2-20c99b86f484
e2502a84-7d2d-44cc-8efb-25b5bdc8b89f,eb74eb85-f1cf-cdcf-e52c-dbd06550b9eb
e2606163-4166-3f42-cc1b-ad94bc936788,d017c8e3-e8e1-b9a0-5fa3-51cf59dab856
e2bd1306-24a1-4490-f1b7-e88e0accf850,64a4767b-4fc5-d529-9fff-0ef7f0e9c2b5
e310c472-72a0-40b3-6158-8424f35bbba2,42709de2-7cda-13cc-b0fa-6caaec73a606
e396fa53-4465-e843-d4a2-97c49195a29a,e186ee61-64af-f4ee-7383-54c9cc2ddb0f
e34ad6bb-3b57-3abc-38e3-659c3be6e1ad,c176e61e-b705-de2a-bf42-484d8aa4a4b2
e3b95d08-1535-d9de-2e01-b45579b3b0b9,71fe8687-4794-6fa8-23a6-2f9dce99bfb0
e3d44880-75ab-d0c5-b29a-fe31e14a60c1,613e62aa-231e-ee06-f80d-2163d20ec393
e3c6f40a-9add-8949-0141-4e6a53cc567a,f1ba03f3-a2da-cd00-98e7-2797d68dcc83
e41dd407-6183-a6f7-f1bd-82db0e4e2ed1,66ec4371-194d-a288-65d2-7c7ab801417c
e454eb05-b059-40ba-b977-9ce10cf7869f,bf7d10ba-cbde-0e18-5ff2-20c99b86f484
e455b51a-e00e-b4c0-9c2f-a83e0bb30971,7132c000-e6e2-6f85-2c2b-099463b96b27
e4d64000-091a-4bc3-bf46-7d2974050d24,bf7d10ba-cbde-0e18-5ff2-20c99b86f484
e4ff7383-0763-45ec-b720-8542ae2bf877,eb74eb85-f1cf-cdcf-e52c-dbd06550b9eb
e51f2268-db4e-d798-94ab-00816bcafa5f,41137b0e-e322-2086-ae7b-39049d74c7eb
e54a1aa6-bd5b-a64e-c21c-399f4e2825cf,42709de2-7cda-13cc-b0fa-6caaec73a606
e5374fd2-50d5-45a4-a316-469c5bd9e9cd,f45b2d7e-e26e-75fe-19b9-55b1f59480bd
e577d21b-41aa-c94d-27e7-a12274f9db30,cc676796-e1fb-e741-b574-a50043d4949c
e59a8e7e-1cee-0e4c-d8ab-0c3acd1c0409,669eaf6a-ade5-cf34-f36d-3443c0103eb0
e58450aa-3cd9-5560-ce98-ce95f4c295c7,d5356bf2-2595-852f-bbcf-28b718c0d318
e6213954-ce71-4f5b-b640-0a2bf9f49ad2,0f9ac625-729f-2057-f9a6-7948622398e4
e611242e-2eb5-158a-98c2-3a43f129df10,a08fa2f2-23cf-3d30-ffd5-66790d4fd439
e67ea58b-0425-4d1c-b595-8f2f97f378c4,eb74eb85-f1cf-cdcf-e52c-dbd06550b9eb
e76faf88-b706-dec7-9111-59b544946a31,7ef3b79c-d473-c7ea-212b-023d2db4cfaf
e6c1c27d-acce-e2d6-5c50-d411e8a86e71,a3882c5c-8fe8-9ec7-0991-77e37691dabb
e6c70191-a28e-2d48-e190-c2d645652256,d2598762-1779-d35b-f081-60d3afa1145e
ef2d6eae-bba5-4c9f-9568-7e08847a308a,eb74eb85-f1cf-cdcf-e52c-dbd06550b9eb
ef348794-d70c-4540-80b2-66c9d4bc97fa,eb74eb85-f1cf-cdcf-e52c-dbd06550b9eb
ef47b22c-1661-51d5-1048-2af6775b7631,d128bf39-02db-c967-fc00-499c94c752e7
ef4253e8-3773-f322-c677-af3187606b94,a13ba127-89be-b4e7-341a-0893f8bc93c9
ef541fe7-8f3d-66c4-4718-fb362f3e0a2d,3b18a414-b58e-a546-1f10-2e89fa3a6bcf
d4323fc8-5fd5-3f69-7d58-d762b9992039,294ab927-4764-ecf7-a68d-9b61e25b3b71
e76a41da-504e-d0d1-5025-7bbc12123179,fc1efe0b-90bf-e427-747f-374e0371024f
fe35891c-d1e3-4042-ff72-cea1a2ccb992,
e840bbe6-24f8-8e14-e504-7cfbacaa431b,80deeb2c-f134-c50c-bfd8-50e7085da9da
eee73d69-05a3-a1dd-91f8-d9976a8d3461,9f6d1068-fe7d-eba6-d789-da02cbf5b364
e8ea3c93-c8ef-ca82-726f-92140efc4894,64a4767b-4fc5-d529-9fff-0ef7f0e9c2b5
e915af24-fba8-216f-3f8c-4be9f187961b,23cfdad0-7451-072a-e87f-3e0990223318
b05f6e7b-a340-4002-62c2-58e4b5b72ec8,f45b2d7e-e26e-75fe-19b9-55b1f59480bd
fcdf81ee-e26d-ccd4-f874-8caa15b30fb7,3b5e3222-0c75-238d-3bc3-f23645817990
e956e027-0cd3-06da-d9cc-a38e1e8f853d,179f30bd-a130-0673-70d7-1f580466c2df
e95a6882-878c-40a8-bf57-3dfbf990313d,bf7d10ba-cbde-0e18-5ff2-20c99b86f484
e9702daf-61c6-4a78-8bb4-bcd2b13084fc,b3a4024f-027d-c0bb-7df8-956aa66ce18a
fe3a85b5-7cc8-6cb9-715a-eb080f1d66b4,
e9e353dd-d62b-4ad9-8d21-6b2672fbc937,c4316e13-0e7b-6c2c-65cb-841ac136c597
e9e43afd-b821-386b-62d9-a29d838a3486,9d3fddf7-5294-0b29-7824-6a141d8c5257
fceb3bf2-e2d7-972c-3f40-76c3209ab4e6,56b82e17-296a-918d-a090-635657a2a357
ead968e4-332c-896f-dd5b-0bf263086470,b64809ba-6269-bade-91cf-a51170319f0c
ef56d28e-7463-0fc4-7263-3b8a50513e47,91bdc56d-b168-ae36-d3a9-b24fcdc04943
ef4c25a0-6e8c-40e9-d43a-136280eeb1b8,b4c462de-a2c8-6c12-051f-ffe95c6110f6
efe8b13c-d4dd-56fd-235a-971e52ba772a,b4c462de-a2c8-6c12-051f-ffe95c6110f6
fce2771f-cf2a-3799-f10b-04a1776542f7,29f923c8-db25-56e4-8556-2121eef21996
ec1c04b8-32bf-46ab-ba08-0149fa9b6e57,a08fa2f2-23cf-3d30-ffd5-66790d4fd439
ec591740-b8d5-c024-516f-d0045c0a5da6,69d6409a-ee51-3e7a-d354-ab8b17e24726
ec769a0b-58de-27dc-abc4-10efc9ef8120,7508366a-7c3f-6a3e-fe84-b80f736f5e61
ecff4ec2-6f56-2901-70d4-a15f6f40b20e,3288c4cb-a67f-fd0f-f463-385ab9575101
ed637db6-06fb-7670-cc26-f724e4eca08a,7132c000-e6e2-6f85-2c2b-099463b96b27
eda96900-9ee5-ffcc-8e9e-6fb4c518c194,7132c000-e6e2-6f85-2c2b-099463b96b27
ee44da3d-85fa-4dbd-ac57-6547e1007f6b,eb74eb85-f1cf-cdcf-e52c-dbd06550b9eb
ee8b47f8-92ae-f61a-6454-acff8b934b15,23cfdad0-7451-072a-e87f-3e0990223318
eea2a9bb-6705-51bb-4347-19df9020aeac,60fb555f-5fa9-8347-1a3c-698cd9a3e1b2
ee91e615-4f2a-4d99-b410-64de5590c5af,14e9d5ee-8cf8-32ae-c074-e83451a7943f
efa0949e-4463-4b7d-88b6-0ff132fde03d,eb74eb85-f1cf-cdcf-e52c-dbd06550b9eb
ef8f8196-55f8-7df0-bad7-7f991b30c8d2,b09acc00-7094-784f-7267-fe87214c132b
efded794-072e-423f-80e9-68ed74f8cf8a,9929c71d-2190-1b8b-07b0-c429a7129bec
f011c32d-64fd-c59e-e033-b267353495f2,d128bf39-02db-c967-fc00-499c94c752e7
fa3c1891-b790-6f9b-2cba-415ce5e35ac0,71fe8687-4794-6fa8-23a6-2f9dce99bfb0
f040b236-002e-a964-6484-64dadbbc03b7,c9fc7227-1657-9dc6-f72b-61a9e2ad5162
f04e498d-ce7f-0a4e-46c0-b0a6e94a409b,44f5d9f7-7689-6cd0-63ee-93fe9f23e526
f09449d5-2aff-1f8b-c489-b3a2c300dac6,c20bb315-1647-fe81-d931-15d32a21dbf0
f0af6d22-85d3-4103-b70c-d08e53b55ed8,f45b2d7e-e26e-75fe-19b9-55b1f59480bd
12d761f0-d417-e5ed-d2aa-d8408889a9b5,15166dd0-b6a6-79e5-f235-1a88564d332f
f11cc5bb-79c3-6537-1f05-be186073c1f3,be822979-2060-2c87-0746-ba70136667b5
fa939ec4-bf7d-4db3-b751-f86e89ef4360,14e9d5ee-8cf8-32ae-c074-e83451a7943f
fa5532a7-6452-4952-93b2-67e65b4fc059,a08fa2f2-23cf-3d30-ffd5-66790d4fd439
fb6219e0-f2df-4977-9bfc-b7386e119084,14e9d5ee-8cf8-32ae-c074-e83451a7943f
fae8377f-37b8-9125-a8bd-43b7ab1bb677,bf7d10ba-cbde-0e18-5ff2-20c99b86f484
fb66f7da-e250-04f8-d180-f7d4a4298d7d,ae8140b3-e9c9-d645-a067-8e7417441814
fb8d27b3-e852-46b3-a0a3-71bb2977ac84,a08fa2f2-23cf-3d30-ffd5-66790d4fd439
fba46317-f641-2780-1350-b7a80cfbb6e1,96b5ed88-b99f-680b-e1ac-1eeb6dc46790
fc2fbe78-e322-c2ef-0695-9a4ab82800fb,264f4111-ac45-2696-208f-3e2c3e1c4104
fc682de5-f909-9f0f-c5e3-5dd6ff1add11,58bd2f62-2679-592e-4e42-f502927c81d6
fc7efc52-fc86-d85a-4fd3-41c051fce322,ee8196ab-8f38-5ca0-dbe2-d4cc9e413dc8
fc9a036e-ab0a-8cf3-fdc1-b4b9bf5c18ac,255bf103-ddcb-c817-f343-c49268c4ad91
fc98a9ae-db99-432e-7564-da6f847341a9,9aaf3eec-7556-0c5d-8d2a-10c46ae4e07e
fddf4921-dc8b-1026-172b-7f1482e6489e,bf7d10ba-cbde-0e18-5ff2-20c99b86f484
fdf82093-ce5e-91be-4305-2fa5033539cf,c7539029-784e-083a-632e-236b75af5948
fe773eca-9a63-c8eb-402b-3c7aedb63ecc,a320e177-e674-4113-1c9f-dd8af957fe0e
fe3ff4db-9f32-432d-8b09-09516aa35a3d,9aaf3eec-7556-0c5d-8d2a-10c46ae4e07e
fead3421-f912-4db5-adcb-40216091a3df,eb74eb85-f1cf-cdcf-e52c-dbd06550b9eb
ff0010a2-9842-ac64-db42-16512c48ea99,55b31221-5a4f-cfd1-9c2a-329fdbe6dc01
fec68e31-dd16-c0f9-c8e6-51866ba384f8,70841b5b-6b56-73fd-9fa7-53dd7d3fbb26
ff451ce0-ce57-a5d2-3f7e-68a1ecdcffae,55ab1590-fa01-39f0-eab1-4fcd1562301e
ff3dbe82-cd51-4827-a8cb-0408b63dc870,f28a2343-482f-ca3f-ed71-c9c824eccdac
ff8f18bf-052d-438c-b4dc-4b1235f905cf,eb74eb85-f1cf-cdcf-e52c-dbd06550b9eb
ff8e08ec-d4a8-3910-da6e-423ad4bedfda,60fb555f-5fa9-8347-1a3c-698cd9a3e1b2
245198b9-bf4f-4476-9c0b-55213965d446,bbfbde5b-09fc-c77d-5668-4bce06f3696c
2461ec17-4180-f80e-d784-863c92add79d,ec3301d0-bca9-2709-14ac-aadfc97ac672
24928fe2-c742-4918-8a73-8908480ce15b,eb74eb85-f1cf-cdcf-e52c-dbd06550b9eb
24d7742d-c862-8197-2352-594e16a8f9f1,c27bd5f4-5400-8403-d998-0e53fbe904f9
254324db-eeec-8040-7bd3-a75a68c95b67,745d18ff-8d92-bebb-0bec-a1c23f0f1ddb
254cb06b-106f-7e28-1dbf-c4b6693d10f0,7d0df5af-6f38-aa6b-d549-0dbd82401168
25679635-23f7-22e0-d1f0-f24dd653259e,9a209f12-d0ce-c9ce-4c72-a82251555c2b
256b46ce-961e-08c0-e258-9b2f72375f9f,9aaf3eec-7556-0c5d-8d2a-10c46ae4e07e
2584e41c-a5a3-4c53-8ec9-d5366251260b,89678216-ae8b-a2dd-512f-9235dd4f37f0
25b99156-aa58-6e24-bcdf-566e3aef0d7d,9f6d1068-fe7d-eba6-d789-da02cbf5b364
25f5144c-36b4-5df3-a312-644fcead3238,11ee0b7f-2316-9a2c-3574-0701fbb4f76e
2c880ce0-fe6c-4fd0-bfa8-315db5e53539,eb74eb85-f1cf-cdcf-e52c-dbd06550b9eb
267e3fae-88b4-7b48-cadd-4fa024bf4333,5453c9f8-3a95-c59b-e0e3-eb1d47a6fde9
26dc11fd-ffc9-aaaa-c2a4-624c89908dad,f28a2343-482f-ca3f-ed71-c9c824eccdac
1ae23fb6-ac14-80a9-3f52-f3b3d71ca9e3,bf7d10ba-cbde-0e18-5ff2-20c99b86f484
2718e25a-1f7a-d5da-7fa6-430f353653dd,b4c462de-a2c8-6c12-051f-ffe95c6110f6
1afede48-69a1-7a69-bd83-1e22d8f9d0df,c176e61e-b705-de2a-bf42-484d8aa4a4b2
272c4ba8-7893-4e61-801d-16f576f616a6,963c9b75-1356-856c-c923-aab93a1202dd
2748d0c8-5a9d-81dc-962c-220fbf81f471,956a6f92-ea42-3821-ab80-8cb40154a679
275b8fd4-b997-4a28-98e3-80e52664725d,14e9d5ee-8cf8-32ae-c074-e83451a7943f
2777bfc2-f78d-4296-ac1b-f079cbb5e78d,c8c1bde0-2f39-3605-712d-6ff73ff62693
1b533061-5184-4695-a170-72d12c43e1ef,f300ec90-f57e-24bd-3684-efc81550357f
2797b220-cca0-f65d-46cb-e59f9abfca7e,be26bff6-61ee-dcaf-67b9-3a9f5ab55d0b
1bb36585-5096-541d-a587-c6e9fa49b2fb,613e62aa-231e-ee06-f80d-2163d20ec393
27fc1b3a-5def-9462-9cab-7daca93d7e3d,f45b2d7e-e26e-75fe-19b9-55b1f59480bd
27fe9e66-c039-f15a-29e3-4ecce068087c,ad635c15-53be-f6c9-5b61-2d2bfcccd3e9
1bf0eaf1-55a7-bfe9-2e3d-952388bded90,7132c000-e6e2-6f85-2c2b-099463b96b27
2811cffd-2bf3-e174-d66f-b1074936d4a4,a08fa2f2-23cf-3d30-ffd5-66790d4fd439
2837156a-af7c-bd7e-21ce-10f82157efaf,91c44382-cce2-169a-ad67-d591041df5bd
1c2d8392-4343-fbfc-709a-73c8ed893736,9f7a2d87-693e-bf27-c14c-b4280572a4b2
28d79f5b-7ac4-31cd-552c-925291a09a60,28aa48cf-5f65-f5fc-8fa7-23eea95308e3
1ce25259-0a32-4124-9f36-c1ec87db5fa4,d2598762-1779-d35b-f081-60d3afa1145e
1ce946f7-2143-4515-abf2-8c78a3fd3a01,c7539029-784e-083a-632e-236b75af5948
1d026e89-923b-bf06-c7ee-5a84d3524fc5,3288c4cb-a67f-fd0f-f463-385ab9575101
294227f7-5315-990c-db5f-04e490105e7e,69d6409a-ee51-3e7a-d354-ab8b17e24726
1d1bba08-77b1-4bcb-985b-1953e0b35d1e,cfc981d2-e13d-500d-77ca-616939d7dcd9
293a3ee3-f4ca-4a82-8c00-8f195918f5cd,e8b57e8d-e9b7-1dd9-2837-7b464ba27767
1d2bcc46-af5f-fd2f-cd6d-33d4f1599a1a,a211ff4f-8477-5b9e-35f6-9d7116c6ede9
1d369a3c-fd37-0eb3-dd60-a12afa2f9cf3,cac63d78-2f8a-2aac-6472-24b16692456e
1d3c3d76-b949-4343-b11a-0e1dfae79155,c74a8585-752b-3afb-9e75-7b61f31db949
2969149e-273f-dc4b-72e1-48514c3cd00a,c74a8585-752b-3afb-9e75-7b61f31db949
1d417bf8-c686-aa3a-bfd5-784f6aedca42,2195bf2e-9c76-1d56-3e81-40bad37bf099
1d53f090-2da6-b54c-072e-d5941f1e4f99,d21ddb23-3210-9b40-23a8-8142f2dec1c8
29c1aceb-1868-d16d-c372-853079f3853c,52a66aff-d6c4-238e-2d1c-f7e4b1b63c8c
1d744ff4-87b6-1b8c-3619-9a9a1997f578,43f3ab22-01d5-d584-1dd5-6671ed3c9719
29df2fe3-a4ce-4339-8d25-406788eed4aa,eb74eb85-f1cf-cdcf-e52c-dbd06550b9eb
1d8c7c6a-f9c0-7581-4e8c-f56dedacc15e,80deeb2c-f134-c50c-bfd8-50e7085da9da
2a34406a-78db-4f46-23b9-4423bae28f5f,bad5e720-63d5-cd3f-f291-560428b2259e
2a1a31d4-cdab-3ce1-5103-6ce814a0bbda,e8b57e8d-e9b7-1dd9-2837-7b464ba27767
1de3ac06-3ce3-8a4b-2f73-2a8fcaf006bb,e84b0eb4-88fe-a908-b437-8a24100e13a2
1dec3cf9-c67d-2003-3c4a-f63137575ce3,ba0bf36d-7ae2-a628-f0f8-d1151f048f10
2a9089cc-b724-402b-82cf-aea539fec6ce,69d6409a-ee51-3e7a-d354-ab8b17e24726
2aa08f2d-5815-1a76-2359-a2a40dce3284,770a9ea9-870a-b4a4-9610-d1d19d6d5c19
2ad7a928-f518-40e4-9580-5bede60bd2b8,c7539029-784e-083a-632e-236b75af5948
1e344893-61e8-20dc-8ad7-febc75c738dc,a3882c5c-8fe8-9ec7-0991-77e37691dabb
c30751e1-9a62-2db4-0835-e9c454d2f036,4ade8636-8f37-9210-4986-dfb34b471b52
1ee239c8-7779-71f6-7aea-52b81a4e117b,5e3eb697-f21e-3570-18c2-e52865699e8a
1e3f0193-f380-7278-7944-1b760315b4da,613e62aa-231e-ee06-f80d-2163d20ec393
1e44279a-e7a4-e61e-69b8-3093055c8073,135a381d-4966-8610-7474-c2cc2d45def4
2b5c8d82-c7b7-1c1a-e186-56a0b6d37ae6,ec3301d0-bca9-2709-14ac-aadfc97ac672
1e6ac482-1ac2-02e8-7ada-6ab756c55fba,613e62aa-231e-ee06-f80d-2163d20ec393
b06c001b-b7db-1c97-5f56-7f1f582c9b52,bad5e720-63d5-cd3f-f291-560428b2259e
2b862fe9-9d4f-4bf8-a0d6-186d3ac54fc1,b37e0829-301c-3321-26f8-0a6c3cbae4c7
c3976038-7abe-4043-a99e-eb1d10714bcd,14e9d5ee-8cf8-32ae-c074-e83451a7943f
c3c46183-69f9-4de0-8504-1e6360ca2413,c7539029-784e-083a-632e-236b75af5948
c3d89f28-7ca3-797c-0955-ff8529d91afc,55b31221-5a4f-cfd1-9c2a-329fdbe6dc01
c44f4a08-4330-abde-83fc-2a70211f8c22,4d663160-e078-7042-0675-ced0c4442aa2
c4bd17c6-5dcd-9af1-91c4-5e50107022f6,0cadc1ca-2dcd-6a3d-cf5a-e1e573c27fcd
c4cf32e8-7d05-a435-6d2e-7eeaa8193c2b,9aaf3eec-7556-0c5d-8d2a-10c46ae4e07e
1ee98004-8be2-4ea1-827a-15a556d5b99d,8105fe11-af77-a14e-19ca-d67185c7dd15
1ec6aa1c-a1c7-c720-5e64-09ddd18527c3,c8c1bde0-2f39-3605-712d-6ff73ff62693
2c4c41e2-a9cc-4893-b9c3-e2f52add4ffc,eb74eb85-f1cf-cdcf-e52c-dbd06550b9eb
1f22d587-e5c6-c8c5-a067-26c6ec482c46,f45b2d7e-e26e-75fe-19b9-55b1f59480bd
1f5448ad-4acf-4584-5545-dbdd1d464589,7132c000-e6e2-6f85-2c2b-099463b96b27
1f656510-6719-d91d-dc5d-4edc267032a7,44a5755d-418d-0a55-3c05-51b9173e27c5
1f7a83fb-ea9a-09b9-0f68-20580ebed7eb,7132c000-e6e2-6f85-2c2b-099463b96b27
1fd25f8c-b196-e7c7-4c1f-5ad648672bb5,a13ba127-89be-b4e7-341a-0893f8bc93c9
1fbab6e8-0790-4f94-6b21-48c925034540,9aaf3eec-7556-0c5d-8d2a-10c46ae4e07e
1fded83f-9c01-ef63-c892-f01dc8ae7c13,e186ee61-64af-f4ee-7383-54c9cc2ddb0f
1ff2b098-f5e9-57c4-37a9-37edf61e0d40,613e62aa-231e-ee06-f80d-2163d20ec393
2020093c-2281-d059-5b25-ac2b5f9d76cf,130a5165-aa1e-11b8-6710-ee429e7850a0
0b287271-e9eb-000b-659c-7e28566c267a,96b5ed88-b99f-680b-e1ac-1eeb6dc46790
205eb9b5-914c-34a7-abb2-b40014a33c6f,582d22fa-449d-dffc-2fd6-e1de32afa6c8
20707bd7-9320-5ada-488b-e4497f39f685,bf7d10ba-cbde-0e18-5ff2-20c99b86f484
20902ac9-092d-8be1-8761-bbba9bdf8928,264f4111-ac45-2696-208f-3e2c3e1c4104
20867e2a-4610-b35b-7f3b-d76f3e5ed0e3,c186f33a-b858-508b-648e-93f26eab3027
2096736d-1aae-4764-a62e-79ec51d85e37,14e9d5ee-8cf8-32ae-c074-e83451a7943f
20c4ebb4-d172-f78a-93ee-6e5425c91d99,9a209f12-d0ce-c9ce-4c72-a82251555c2b
20d9b1c2-153d-e2ca-c9fe-183c4a50f51c,b64809ba-6269-bade-91cf-a51170319f0c
20e22f0d-2652-7db9-026f-a0d59e4bb461,64a4767b-4fc5-d529-9fff-0ef7f0e9c2b5
20f4a1ac-7921-b23f-b3b6-a90c3d096508,7132c000-e6e2-6f85-2c2b-099463b96b27
21618a98-bdb6-546b-e50e-e55b8ab6c366,05b628d4-2f35-ee1a-0c05-ce45444c5de3
b824a31e-80ff-18bd-ee83-ff6b5ca8951f,9c2728c6-3acb-83b1-b1e3-9591f5167f2c
21b0d682-c25e-4be6-8c2f-f5ad0297cab5,39f39760-6851-4100-09d4-9515794c5521
d48c7559-14a3-2c8f-4688-14c339cb3e24,9c2728c6-3acb-83b1-b1e3-9591f5167f2c
21c83588-139e-bcca-0614-1ec6b24ffefd,c59b637d-36ac-b317-6325-2d1a48df03e9
21e4e91e-e39b-3384-865f-40326fd5e655,ec3301d0-bca9-2709-14ac-aadfc97ac672
21fab46c-917f-f9c6-5d5d-89f2f879088c,41b349a5-441f-f3a5-4dd4-9771ed57b770
226fe6c3-bf4f-7030-77ce-0441a6e5b5dd,be822979-2060-2c87-0746-ba70136667b5
22a67b52-4eab-6087-7a77-a1a711685f09,b4c462de-a2c8-6c12-051f-ffe95c6110f6
22c15015-c4bd-ec06-41e0-9d5605380d5a,ac7af56c-65ba-8287-2262-fbeb6eab7227
22f3d57d-e6d7-2912-ace2-c3d7c10d37d5,ac7af56c-65ba-8287-2262-fbeb6eab7227
22fdbef3-29e8-bf11-689d-29460de722a3,d02fad6c-d71e-b2c3-869a-63c231da4bab
232e1879-d332-4c86-9e99-8da8f69cc8ea,eb74eb85-f1cf-cdcf-e52c-dbd06550b9eb
232dd468-13cb-1ca7-6d01-7359d09f58a9,c186f33a-b858-508b-648e-93f26eab3027
2359e1b1-9e09-0c2d-2c9d-1e2879b62300,cd083fd1-9b6c-d957-532e-9ef2b17d9791
234ec829-1c20-2bee-0583-014699b93dae,7132c000-e6e2-6f85-2c2b-099463b96b27
0932e3fe-e63e-3ecc-6f49-1ce00ccdc1c5,9276b493-f54d-859b-bb50-acc80775ddb1
091dec6c-c5d6-4aab-90a6-447a21833c81,a9cff8c9-0b7a-4aa5-31b7-e8813646992a
093dd27f-4b91-e6d6-aa9d-aafe5fed0626,e84b0eb4-88fe-a908-b437-8a24100e13a2
09908b2d-1299-06d3-6e48-dd03cc537265,7132c000-e6e2-6f85-2c2b-099463b96b27
09777b70-806c-1cb1-a9f0-014c4831deaa,a9cff8c9-0b7a-4aa5-31b7-e8813646992a
09814680-95f8-e976-0de1-4ac1d2d9c420,c1203aca-27bb-973f-6095-afc61df4af9f
09d37ec8-3d67-6f67-b0ea-9a71fe8e6a86,7132c000-e6e2-6f85-2c2b-099463b96b27
af464cfe-4f2f-5056-3312-61305b0234bb,bb89d2d2-8852-cb60-d0c8-d8654c8d044a
0a0e525a-9cb3-4924-bf7d-e9040a729b3f,eb74eb85-f1cf-cdcf-e52c-dbd06550b9eb
0a18d4cb-0ce2-bfa5-903d-9e17b0891860,613e62aa-231e-ee06-f80d-2163d20ec393
0a7d61c0-b2a5-2e3a-112b-0e1b28baafc1,c59b637d-36ac-b317-6325-2d1a48df03e9
0aa0448f-c6e8-4365-8f86-f663ba242ead,9616fc3d-0676-d467-3457-e8bf99f827aa
0a8bdc37-03b9-3585-5dfd-5995670f6516,7ef3b79c-d473-c7ea-212b-023d2db4cfaf
0a86c53c-c864-65ac-8593-622b509cb0ac,fc1efe0b-90bf-e427-747f-374e0371024f
0ae473e1-e140-8347-bd93-40df78448aa0,e186ee61-64af-f4ee-7383-54c9cc2ddb0f
2be62757-142d-5687-d212-54ac9d9f845b,8b43c7ec-b589-e833-b754-09152f58b8e4
0b34d433-3e1c-4707-958b-7a82506b2cb0,64a4767b-4fc5-d529-9fff-0ef7f0e9c2b5
0b7729a9-5b0f-a8b0-f271-958fdad5ee57,9aaf3eec-7556-0c5d-8d2a-10c46ae4e07e
0b67392f-9f42-1097-c42b-c0a3b8b1edec,a320e177-e674-4113-1c9f-dd8af957fe0e
0b6c0743-8935-bb6c-451f-93a157b68a31,7132c000-e6e2-6f85-2c2b-099463b96b27
0bd0de00-09e9-4b88-9fbf-1c52c726077d,eb74eb85-f1cf-cdcf-e52c-dbd06550b9eb
0be9bf24-145a-3332-c2fe-1cdcb9f0c7a9,69d6409a-ee51-3e7a-d354-ab8b17e24726
0c6a83cf-af4b-f330-43cb-514084b1c279,3174c1d3-308c-54d4-5849-2b105f738462
0cc84692-712f-444e-89ea-cfd6632bd1d9,eb74eb85-f1cf-cdcf-e52c-dbd06550b9eb
0cd49245-5cd4-d1bf-5a5d-4e104e3aa436,7132c000-e6e2-6f85-2c2b-099463b96b27
0d10e906-10d3-4313-a8c5-95c42be07b0b,eb74eb85-f1cf-cdcf-e52c-dbd06550b9eb
0d33aca1-03d0-46cc-35f0-0f6d9ed7671c,b4c462de-a2c8-6c12-051f-ffe95c6110f6
436b926e-3df8-e5c0-0788-160c516b3343,c1203aca-27bb-973f-6095-afc61df4af9f
0f055902-70aa-8e70-e3d1-749b22cc7e14,bbfbde5b-09fc-c77d-5668-4bce06f3696c
0e88ec81-51e0-f362-a457-3f897857ec14,7132c000-e6e2-6f85-2c2b-099463b96b27
0da3acc3-6679-4e82-99fe-4d338210531e,69d6409a-ee51-3e7a-d354-ab8b17e24726
0e123775-5ae1-ce36-7c24-bb40f3375e8c,184e8e5b-54f0-62a5-1756-de8383bd238e
0e4d7c75-f729-1c6f-b6f0-4dc303addebf,613e62aa-231e-ee06-f80d-2163d20ec393
0e8490fa-40e9-fafd-3ff0-7ff35983495b,64a4767b-4fc5-d529-9fff-0ef7f0e9c2b5
0e7e71f2-7fc5-deea-f2f6-c4b080e8647c,c74a8585-752b-3afb-9e75-7b61f31db949
0ea79bb3-bafa-1005-68d1-cdc134ca815f,41137b0e-e322-2086-ae7b-39049d74c7eb
0eee94fe-03a4-a275-865d-648461cc0b9f,c176e61e-b705-de2a-bf42-484d8aa4a4b2
0f2d45ad-4b7b-9013-f1d8-4faea38e186a,770a9ea9-870a-b4a4-9610-d1d19d6d5c19
0f13d1de-8753-0709-7da3-1463ab7abd2a,28422e92-83ea-b392-652c-7f7bdd7feb81
0f35bf8c-5042-e4c8-ea0e-486152c1c8a1,e10aee57-14a0-fac2-1e74-5ffefde1090c
0f6bfc4e-cb0e-8ad2-8db1-603d468d1b67,a3882c5c-8fe8-9ec7-0991-77e37691dabb
0f908d0d-8352-4b7e-bb65-23a7d825b59c,eb74eb85-f1cf-cdcf-e52c-dbd06550b9eb
0fe41958-44e1-4886-92f9-c3babf45d087,eb74eb85-f1cf-cdcf-e52c-dbd06550b9eb
0fe43aee-8d71-bee2-e1a2-dc7c88a18f49,0cadc1ca-2dcd-6a3d-cf5a-e1e573c27fcd
1001d4ef-5d99-4d6d-722f-9a39e09faeef,c1203aca-27bb-973f-6095-afc61df4af9f
10379f0e-6b93-51bc-bd2e-600f845375c9,7132c000-e6e2-6f85-2c2b-099463b96b27
1040a102-3ec5-c74f-65e9-f2dfe59621c7,fc1efe0b-90bf-e427-747f-374e0371024f
1075396c-bdcf-4bcd-a6be-a9e96c024a50,14e9d5ee-8cf8-32ae-c074-e83451a7943f
107dca2d-d8cb-9645-92a7-a79cef0abc61,c4316e13-0e7b-6c2c-65cb-841ac136c597
10e3182e-4351-3217-ba25-270b83eb552b,3650681f-dcc7-9248-99de-a5a1716b82db
10e4a6cc-accf-43d9-9cc8-d446f4e4760a,ec3301d0-bca9-2709-14ac-aadfc97ac672
10e2e77d-7d5f-d800-4017-2c302da9ab2c,37f4c90b-933f-b7fb-be19-cd1af515bf36
1159013a-7835-9a40-707c-9125af6a19a1,613e62aa-231e-ee06-f80d-2163d20ec393
11c7e21f-fe98-d84b-f990-08c96e7cd5f6,dd4bb1f1-6431-fa24-92b3-df56770245df
11c62a67-ff3f-509e-196d-5d6d8d448552,14e9d5ee-8cf8-32ae-c074-e83451a7943f
11adb384-328b-97b1-6b3f-bb10577662a6,ec1746f2-303a-66fa-ce42-5322b669a44b
11cf5c81-9414-16d4-a65e-6d39d9cce11f,2e45fec0-0c56-74ca-46ac-4a85d9e6a89d
11d43b12-7f9f-2e89-091b-9b2dfb5094e7,1ddb6405-837e-3281-86d8-0802d2f549a6
11d16130-e3ce-68c1-5383-0edfc230ea48,c5a26384-f535-9095-9335-a2f447a6fbc7
11f57c16-886d-4a82-af5d-2175e44e224b,70512c4c-6c7b-65ed-2f5c-ffa321d4a0e1
1204b18b-6725-4c40-a576-2efe4cfee7f4,a08fa2f2-23cf-3d30-ffd5-66790d4fd439
12106ea4-29fa-d266-4ff1-b884eb57fce9,89678216-ae8b-a2dd-512f-9235dd4f37f0
12360d45-b5ba-2e07-053c-ecd95a273b3b,651717ba-acb3-43fd-b9bd-d4e9a968fefe
122f265e-e743-8605-76c3-c80b5d814ca0,d128bf39-02db-c967-fc00-499c94c752e7
125c3013-4926-4dfd-84ce-3128072f5b45,9929c71d-2190-1b8b-07b0-c429a7129bec
1261ac61-420b-4b4e-9273-e2bfd8e1f2a2,b64809ba-6269-bade-91cf-a51170319f0c
12416b2e-5322-d99b-992e-26810c0f75ce,64a4767b-4fc5-d529-9fff-0ef7f0e9c2b5
4b0517f0-2667-491e-b76f-6a2748435e7d,a08fa2f2-23cf-3d30-ffd5-66790d4fd439
12c00339-9864-6f3c-a257-c6e1ff9d9271,a08fa2f2-23cf-3d30-ffd5-66790d4fd439
37bd7b9c-7272-4c7f-a1d3-7e388d5f2285,a08fa2f2-23cf-3d30-ffd5-66790d4fd439
130e6366-b2c1-1ebb-a0fb-5e588451630d,c176e61e-b705-de2a-bf42-484d8aa4a4b2
133efbea-4c4f-60fd-37ec-2d3ccd07b270,ae8140b3-e9c9-d645-a067-8e7417441814
21bc5418-be48-4db8-95fa-32aa1e1dfc41,a08fa2f2-23cf-3d30-ffd5-66790d4fd439
d8a7b1b4-ca29-4dc3-b1fc-7578f8984adc,a08fa2f2-23cf-3d30-ffd5-66790d4fd439
13813553-818d-4f1d-5bc6-6a0299ebe2a6,9a209f12-d0ce-c9ce-4c72-a82251555c2b
1474c042-810b-4d37-997a-3d2b8abd6194,eb74eb85-f1cf-cdcf-e52c-dbd06550b9eb
add7ab28-b765-4442-9944-ae6cfd616dcc,a08fa2f2-23cf-3d30-ffd5-66790d4fd439
13e74bcc-8bd1-bdf1-b053-a3a7cfb6f816,613e62aa-231e-ee06-f80d-2163d20ec393
13d513a3-223a-2e5a-5e01-6fab93459b51,91c44382-cce2-169a-ad67-d591041df5bd
1476b805-b1a3-9667-2d93-83735aa5adbd,9aaf3eec-7556-0c5d-8d2a-10c46ae4e07e
14ddad61-637d-4def-5513-f31abda8612b,affe76bf-196c-568a-e743-a9fbeae626bc
448c45a2-2af7-7399-5517-d5e351e821e3,cfa57e7a-ff1c-049b-f538-0ec7601e63ae
14f22e00-02c5-0b96-9387-456f9080a332,c7539029-784e-083a-632e-236b75af5948
156ce9a6-0926-2469-421e-80b7e60c11d2,80deeb2c-f134-c50c-bfd8-50e7085da9da
1594d1ad-3cad-7d64-2dbe-8040d7f42990,70f7c6f3-f48b-8215-291b-5d0b6d607a8e
158fb881-dc16-2d4b-9fbb-61d20f82416a,29f923c8-db25-56e4-8556-2121eef21996
15c3bf7c-0da0-1489-f854-036888a332d1,0f9ac625-729f-2057-f9a6-7948622398e4
15f3a9cd-3217-807c-413e-8dfadfaed898,4a08c3e0-d4ce-2bbd-eb94-61d036e408ca
15cf0482-5aa7-9cfc-e668-a05acaee20cb,23cfdad0-7451-072a-e87f-3e0990223318
160fcf44-8fe2-1fd3-316c-b03a92b19d02,bd7519c7-6591-3dc8-7380-e0e47a222ec6
16459b33-8f68-d8ef-1fa0-08d2e96d690c,b37e0829-301c-3321-26f8-0a6c3cbae4c7
16f32f4c-ad1d-4e94-9922-dce679f8779f,eb74eb85-f1cf-cdcf-e52c-dbd06550b9eb
170ca18d-e3e0-eb68-9aea-0a2ce21002b1,1ddb6405-837e-3281-86d8-0802d2f549a6
172901f5-8eea-5ff8-0909-5f4ae1132dc6,613e62aa-231e-ee06-f80d-2163d20ec393
1715ffc7-e3e4-9b8a-691b-7975304097e8,64a4767b-4fc5-d529-9fff-0ef7f0e9c2b5
174f572d-f355-d40d-d6ca-c39ded7863f6,9aaf3eec-7556-0c5d-8d2a-10c46ae4e07e
176a3c32-58a9-0ff5-c088-0b886de756d2,cbdd9364-6883-8098-f347-9c531ed05c4c
178c8dac-11a7-45f8-a694-97802ca9547e,dea5a1ef-10e2-8168-2db7-95324f70c8fb
178aa358-de37-c6cf-127d-341cc725e1e1,3ecd2df5-d065-1769-3a25-05f9847e2959
178ca43c-e528-6154-2c99-b8814b81f3b2,7132c000-e6e2-6f85-2c2b-099463b96b27
18cdf0d1-9801-881d-6530-c763274cddd8,39f39760-6851-4100-09d4-9515794c5521
177b398f-4601-043c-50c7-50f38cfd6d27,c1203aca-27bb-973f-6095-afc61df4af9f
182da18c-f3c9-8481-7e0b-caa9d8f5dc48,bc673344-9d98-da28-edf8-6f6061c779d8
181d26d2-2188-64a2-d4be-503287522fdc,70841b5b-6b56-73fd-9fa7-53dd7d3fbb26
18386717-98b0-0d7b-11c2-20802a6bfc55,ec1746f2-303a-66fa-ce42-5322b669a44b
1864c620-1346-f9e0-6c06-4c8d4a0ed4d1,25ef4101-6d8d-4ae2-e66a-8e5fc43b1fc6
187e78c6-f2e4-e0b4-9518-7f1e6e8edf4f,c00c5233-b592-b942-9966-192f36f04367
18a52c93-7989-46c9-b70a-92c8749b091f,eb74eb85-f1cf-cdcf-e52c-dbd06550b9eb
18880147-180d-5f62-646a-cf186a506970,ec1746f2-303a-66fa-ce42-5322b669a44b
18ccbfe8-c62e-41da-8fc0-52549de07a9d,a08fa2f2-23cf-3d30-ffd5-66790d4fd439
cdd3a744-1e74-294c-ac02-9e5517d131db,135a381d-4966-8610-7474-c2cc2d45def4
19a15362-daa2-4c48-8aec-48e2c590905d,eb74eb85-f1cf-cdcf-e52c-dbd06550b9eb
19bf3711-ef2e-ec90-0a58-72abf3068a08,a3882c5c-8fe8-9ec7-0991-77e37691dabb
19ea0534-5a6f-471a-8aeb-f78e95258a26,b3a4024f-027d-c0bb-7df8-956aa66ce18a
19dd5932-7b3e-4204-bd1b-9daa90a1ea89,c7539029-784e-083a-632e-236b75af5948
b6cc22da-e415-db0f-f9e9-4fe10c7d6c21,21260de4-9f40-dc8d-aa97-f990c4299d08
1a1f4ec1-bbd0-43f0-a3fd-f4ca9b744772,f300ec90-f57e-24bd-3684-efc81550357f
1a371d43-950e-6bbd-af3c-c0fd64a5ec22,c176e61e-b705-de2a-bf42-484d8aa4a4b2
1a5cac75-f938-49f3-462e-0fce0758984e,29f923c8-db25-56e4-8556-2121eef21996
1a601a97-68e1-98c4-b4cb-8e7bcc31f873,0af062c2-6a9f-6fcd-ee2e-276754ce8180
1a7d2a7c-af60-1769-1509-2873da87edc0,069ff435-f11c-6be8-867f-de057f1211e5
1a6d9d68-49f9-f85f-9c68-39976229222d,fc1efe0b-90bf-e427-747f-374e0371024f
1a83e0a8-53e0-4e7a-ab66-e10d8fd8d73a,ec1746f2-303a-66fa-ce42-5322b669a44b
1aa46ecb-8224-e434-b4b7-63ca2f6aad3c,ff59ee56-2920-c64c-6370-bbab6a7859d7
0008454d-0044-9537-b16c-66084ef0d71b,55ab1590-fa01-39f0-eab1-4fcd1562301e
1acd51c8-031b-8e00-19a5-c2f390129e6b,be85935d-fe2d-745b-c2d7-c310a259f892
001ffe5d-e027-20b2-3bdf-21917a17fbd6,264f4111-ac45-2696-208f-3e2c3e1c4104
004a2a67-6070-4b89-9690-37042c538a39,eb74eb85-f1cf-cdcf-e52c-dbd06550b9eb
00543583-f588-40e5-95a0-9f590a910cff,eb74eb85-f1cf-cdcf-e52c-dbd06550b9eb
005f8101-e334-4230-8b61-9731a1a5beda,9616fc3d-0676-d467-3457-e8bf99f827aa
0061ef99-9a91-41e1-82b5-12165fb93aa5,eb74eb85-f1cf-cdcf-e52c-dbd06550b9eb
005cbf64-d361-4d79-aecc-4cfc5e715dd4,cc676796-e1fb-e741-b574-a50043d4949c
0065c6d4-00f2-58c4-602a-83c2ffe98d2b,2193b6a2-59d3-f03b-2280-dc5dec181aee
0085eb0f-5a86-5067-31b2-9a473fe0c0d9,bbfbde5b-09fc-c77d-5668-4bce06f3696c
00e3cf1a-590c-1eb0-7df2-1253a6487530,5453c9f8-3a95-c59b-e0e3-eb1d47a6fde9
00879628-e7b6-9b70-4e5b-7538553febd2,651717ba-acb3-43fd-b9bd-d4e9a968fefe
008816f0-ccdf-319b-55d2-4133936be681,2d2b1875-5e60-9d20-2c40-498b0e263012
009e62ae-3700-dd76-d63d-299ef1a6f3a5,5359a2a5-0c95-50d9-138b-7b235ecd3248
00d0e5f3-1195-d060-b524-0c11b9a8ba96,60fb555f-5fa9-8347-1a3c-698cd9a3e1b2
00abf2ff-2df2-66f8-3feb-cce0f8d6bd72,878ff033-b1f9-52c7-5825-70066b8a9c47
0e3a1f9f-9912-70f1-1b59-007b56883dc1,ec3301d0-bca9-2709-14ac-aadfc97ac672
0246a3c2-1824-49f5-81be-b9fd3075d717,eb74eb85-f1cf-cdcf-e52c-dbd06550b9eb
013b66f0-53ee-b57d-0f53-b43ee632d95d,9aaf3eec-7556-0c5d-8d2a-10c46ae4e07e
016e1fc6-da10-c499-2c9f-ab55dfdf6396,60fb555f-5fa9-8347-1a3c-698cd9a3e1b2
01e7b0dd-cc28-5aa2-8b49-35335a19b0a7,a0af4e41-14bf-442d-8293-446780063481
022c42c8-9639-09cf-bc23-e7a189c04fef,c8c1bde0-2f39-3605-712d-6ff73ff62693
d4bc6499-a789-8d7b-34ce-b198c3d63720,7132c000-e6e2-6f85-2c2b-099463b96b27
9973fee2-f460-9886-cbf6-6835082bb592,7132c000-e6e2-6f85-2c2b-099463b96b27
02217e46-5588-fd87-5a4c-df485b566130,ad635c15-53be-f6c9-5b61-2d2bfcccd3e9
02698400-d73f-fa7d-cc6a-f443eda1c4d7,5dcf5085-d96b-8242-0ed0-581cf295304d
0273c920-7bc7-6cce-3248-873491f181c4,3adb083a-1765-f3de-87f5-854f7b38e9d6
0277ebb6-a9f0-45c4-fe1b-94a1b8e3d2b1,c176e61e-b705-de2a-bf42-484d8aa4a4b2
02b98714-558e-49b2-81bd-5c42862c1866,eb74eb85-f1cf-cdcf-e52c-dbd06550b9eb
0293c3ae-19b9-3084-cbb7-5a016f89e759,94756ee0-3807-5588-8d82-59764f0a80da
029529fc-3177-d9d7-fca7-c480fbf9b28b,c8c1bde0-2f39-3605-712d-6ff73ff62693
02fe53dc-f9e4-49d2-a92f-b456686d06cc,f300ec90-f57e-24bd-3684-efc81550357f
038943c4-b23b-47a9-adcd-88823eccbe7a,eb74eb85-f1cf-cdcf-e52c-dbd06550b9eb
037538fd-91d3-4add-ef81-c213b125c3c6,dd4bb1f1-6431-fa24-92b3-df56770245df
03adeda2-033a-4b7b-b230-fd06c8138c8e,25ef4101-6d8d-4ae2-e66a-8e5fc43b1fc6
03a72437-b901-6e40-28c6-5afb3edc7782,62ac4793-ab65-1968-54f4-cd71d699f825
046e1535-c4eb-35fd-d209-078bfef50d72,fc1efe0b-90bf-e427-747f-374e0371024f
0491c7c2-9a4f-4bd6-81ce-20ba0ef36505,c1203aca-27bb-973f-6095-afc61df4af9f
04d3b1a1-1a46-3cad-53c4-c4bd4fab6d28,55b31221-5a4f-cfd1-9c2a-329fdbe6dc01
05055224-3d44-283b-5ce6-67df9d38de7a,b7d8a27c-c59f-339f-96a2-2ca50804b7cd
05418f8f-df06-09b3-7948-287e3b750966,71fe8687-4794-6fa8-23a6-2f9dce99bfb0
053e043f-5e64-49e6-8b11-44fd35697c85,a08fa2f2-23cf-3d30-ffd5-66790d4fd439
0588bc8a-72ca-43e7-8aa5-34255c415f53,23cfdad0-7451-072a-e87f-3e0990223318
0597391a-2837-a476-54ed-7682876348b1,64a4767b-4fc5-d529-9fff-0ef7f0e9c2b5
05c097b9-52a3-d444-33e6-cc663b8a6fb4,a3882c5c-8fe8-9ec7-0991-77e37691dabb
05d384a4-5dc9-8f10-7db6-aa2c690d9e0f,11ee0b7f-2316-9a2c-3574-0701fbb4f76e
05c95766-5fc2-82bf-bd06-b13d2cc92130,30ddc420-e14e-aafa-ba7f-e3100eec7ce3
0609ee8c-c4ac-ecd4-24d1-c2d9dc56a4c1,651717ba-acb3-43fd-b9bd-d4e9a968fefe
06101c09-001d-77a7-5488-a5c31a7ff35c,22ea23c8-75e7-3863-5651-943d709436d2
0645206a-7b18-8fd5-b7aa-2b6a3ad8a636,7132c000-e6e2-6f85-2c2b-099463b96b27
068aff7b-c059-a67c-15e5-d5d8496a4978,56afbe0f-96dc-4bd9-8baf-d589c40527ff
01c06293-1e24-649c-cfbf-a20fc0d651e3,0f6d3131-a998-4898-ff5c-9495eaa033bc
071853a1-ea8b-4e54-8873-e41f56d374f1,9a209f12-d0ce-c9ce-4c72-a82251555c2b
071dabc0-ebfb-9b66-8d4a-18fd07d272f2,60a5f4ab-7264-8973-18a0-3b681864ee03
07803028-0cab-a503-e894-2f2dcf9bbfd5,5359a2a5-0c95-50d9-138b-7b235ecd3248
07965705-bf48-b77e-893a-8e830b506080,5359a2a5-0c95-50d9-138b-7b235ecd3248
07c4f218-8a19-a1fb-e114-de3b245d2781,1f34ed7e-6e8b-6832-1342-1c8acfd5d598
080d6f60-f32d-1691-ef65-0fd39b2ef6ea,70f7c6f3-f48b-8215-291b-5d0b6d607a8e
08185f95-6dec-e9a5-5b26-d55858954696,11ee0b7f-2316-9a2c-3574-0701fbb4f76e
083bdab5-213b-a2b2-e7a5-781f0aec3f07,bcae008f-5ef1-4518-1a31-0f369c779298
081e36e3-8282-121c-eb87-ce1d761424c8,66fd80ef-6910-b5e4-7d97-1c6f6d6cd916
085cd864-ef63-0ac5-0d5d-581b1ab95b67,5e3eb697-f21e-3570-18c2-e52865699e8a
34d249f9-16c5-49b1-902b-3f97f7210760,eb74eb85-f1cf-cdcf-e52c-dbd06550b9eb
08903fc7-1ed3-ede7-480b-3a196506a6a9,f1ba03f3-a2da-cd00-98e7-2797d68dcc83
08983865-143c-c1bd-0aaf-d49d159b3e29,42709de2-7cda-13cc-b0fa-6caaec73a606
08c23583-f750-4dbd-9bce-285c67b8f873,eb74eb85-f1cf-cdcf-e52c-dbd06550b9eb
3586d34e-c522-c979-8692-b6181267e981,9aaf3eec-7556-0c5d-8d2a-10c46ae4e07e
35a42415-c110-1795-445b-84e9da587a6a,5dcf5085-d96b-8242-0ed0-581cf295304d
3695b147-b4c8-59bf-5523-0e3e8e6a5832,e8b57e8d-e9b7-1dd9-2837-7b464ba27767
35f7ea31-faaa-56cb-f4f1-492241e06efb,0a963fef-4cdf-2f1f-7f34-be398a45c8d6
3611bd3a-06a2-9a94-0554-e05fdfe6a5a7,7132c000-e6e2-6f85-2c2b-099463b96b27
365314c3-7181-bedd-68f9-e512073238e1,4087f7b2-6767-57fb-4733-6a0142da1a78
365da2df-d99c-3fd3-4f27-f4ce9abaaf8b,3288c4cb-a67f-fd0f-f463-385ab9575101
36a29ec3-12e3-e308-8411-adb61a53a52f,125b968b-dd69-e086-44bf-6ae98dfaba6d
36b176f4-70e2-49b2-d4f5-801f4ada6dde,e10aee57-14a0-fac2-1e74-5ffefde1090c
36c8e4ac-4493-ce03-c2a9-b7d6e501bf27,ec3301d0-bca9-2709-14ac-aadfc97ac672
36c5e4ce-b6eb-aa16-6250-5d9a78d6f23e,af832c44-60d8-f026-4fbe-5cac65a97173
3721c3ea-708e-40cc-87ea-6bbeb5c3c1da,14e9d5ee-8cf8-32ae-c074-e83451a7943f
36d3c3b7-536b-a24d-d87a-cc28c12a7662,2195bf2e-9c76-1d56-3e81-40bad37bf099
370bc0c4-f58a-9a36-eebe-cfb8376e0721,9d3fddf7-5294-0b29-7824-6a141d8c5257
3739affb-ad84-c03e-5104-7fead74492c6,42709de2-7cda-13cc-b0fa-6caaec73a606
374e96fa-aeb2-ae3d-1c89-5316af00d15e,613e62aa-231e-ee06-f80d-2163d20ec393
37acf218-0b54-6476-79b2-f617c0d31bb6,9aaf3eec-7556-0c5d-8d2a-10c46ae4e07e
37e5cf4a-be11-3944-97cf-4be203537606,991d1698-ef9a-77e5-c6c3-040188c693d9
37ee572f-0a98-e672-025d-07b17e964d17,613e62aa-231e-ee06-f80d-2163d20ec393
37fd588e-35a1-5a06-0b6f-f640bf3818ec,0917cf66-bff1-7a1c-872c-edbc3742c0ed
38219b5c-a784-973c-10ef-69410ce4cbd1,b4c462de-a2c8-6c12-051f-ffe95c6110f6
389f9516-051b-42ac-a069-bf4fb268829a,a08fa2f2-23cf-3d30-ffd5-66790d4fd439
38a0788c-0a61-6b10-1a0f-40bd7b2ce669,628e993f-1976-88e8-2027-0d54c3f6e9d0
38c7717f-dd40-97cd-cf3d-2c82aba7b886,23cfdad0-7451-072a-e87f-3e0990223318
0cbfc3b4-434c-cbf1-3cf1-ef96d9a358b7,47d32864-5557-4b9d-fc46-435dcdde139b
38f9ec7b-c07a-cee0-17ee-ee30ead4e538,e186ee61-64af-f4ee-7383-54c9cc2ddb0f
3933bf81-4000-4b39-9340-637454ad6a1c,eb74eb85-f1cf-cdcf-e52c-dbd06550b9eb
39250a58-73ec-f050-1f4e-5e46231f0b6d,186dbe5a-53d6-7926-fda1-ab86d0ea28c5
392c5e92-bb5c-e1d8-0e0b-be5efcba056f,e3683f98-e772-1d7e-5b7a-3f20e49f3cb6
44e35cdc-81fc-53bd-923a-931569ba3f1e,8014e1ca-deea-eff9-f368-70f0cd021d79
39579f20-05fc-26ae-9088-9ef0387e70b4,a211ff4f-8477-5b9e-35f6-9d7116c6ede9
39a1e8e7-716e-4e7b-9fbc-2eaef7a9a531,eb74eb85-f1cf-cdcf-e52c-dbd06550b9eb
39a01bbc-c30f-6e6e-9367-3203fe98b26e,bf7d10ba-cbde-0e18-5ff2-20c99b86f484
39d3cf66-453c-1b1c-b92c-24ff71d68af3,11f31566-ab25-0f76-332a-4b76ee670cda
39e98d96-7622-e2f1-fe12-517aa51436ed,a08e5a84-7cf6-61fd-bad7-ea6475fecca2
3a0c68fe-3aa7-5450-fe92-efe4dea95f88,5daaf0fb-374c-ce07-3b19-f1febd6cab00
3a371458-deab-4cee-a750-0a12339c7da6,ad635c15-53be-f6c9-5b61-2d2bfcccd3e9
3a477288-0749-4b29-b659-93bf306dfeac,eb74eb85-f1cf-cdcf-e52c-dbd06550b9eb
3a4f5a40-a3d2-e532-2138-e78d8ac92d20,6676c5f7-06d1-7e9f-2ee5-09464c38a13e
3a3f4231-a1ac-4d7d-bb32-51d8a05056bc,613e62aa-231e-ee06-f80d-2163d20ec393
3a594130-743c-fe90-749d-cca08edd288d,dd4bb1f1-6431-fa24-92b3-df56770245df
3aa4e2f3-0c41-1c03-08c1-dd6ced308473,11ee0b7f-2316-9a2c-3574-0701fbb4f76e
3b1d86bc-53ff-b82c-eac9-054d40bbeaa7,2195bf2e-9c76-1d56-3e81-40bad37bf099
3b140c2c-18ce-4065-ac9e-786bcd2bf3b5,eb74eb85-f1cf-cdcf-e52c-dbd06550b9eb
3ad09fd4-a731-4636-868a-84552892a3a6,5cf33d4d-2066-4ac5-9775-0d3cb92e7bc2
3b0cf0fd-dcf8-ceb1-f595-93871bea0de5,f45b2d7e-e26e-75fe-19b9-55b1f59480bd
3b86f909-cd39-0209-288d-92e9f1116266,cfc981d2-e13d-500d-77ca-616939d7dcd9
3b684885-4957-0a2d-10d2-ad92a4304100,ec1746f2-303a-66fa-ce42-5322b669a44b
3b9c031e-a2dc-8fe9-02ba-e818301f23c7,ec3301d0-bca9-2709-14ac-aadfc97ac672
3bc2b96b-721a-3e07-9bbe-bf0dc6945a6f,7132c000-e6e2-6f85-2c2b-099463b96b27
3bf65827-3c6b-429d-a41d-27db367fea30,bf7d10ba-cbde-0e18-5ff2-20c99b86f484
3be697dc-440e-f12e-2874-6603c2f6e6d7,b46b94c6-b5f3-c89d-822c-2507d07ecbbf
3c303100-0bf1-b297-e817-57205076db0c,489e8669-e3fc-51b3-1d98-6e60699379cf
3c666be4-fb8c-f390-82d5-95133ffd78b0,a3882c5c-8fe8-9ec7-0991-77e37691dabb
3cdf9e11-90fb-7009-1a63-23c7b197b2e4,9dbccab0-8963-4329-7f03-eaa5d8cf3e51
3cc7ebc7-a3a8-9b26-6daf-7efdf0157f5a,c7539029-784e-083a-632e-236b75af5948
3d4ac846-6f46-41af-a0a0-76e7501a7d1c,cbdd9364-6883-8098-f347-9c531ed05c4c
3f8ed064-2a67-8df2-813f-30eb6b7d1945,294ab927-4764-ecf7-a68d-9b61e25b3b71
3db088cd-de31-220c-f406-35e1f1345c7b,41137b0e-e322-2086-ae7b-39049d74c7eb
3db46980-bb9e-2919-d854-d9d674493da7,a4620620-467d-e91a-8a01-945c421611f5
09ba9f1d-6587-4822-be58-b61146e19b6a,02755561-3bd7-3fc7-f8ad-b31cbd2956b8
3e4bf878-7d25-4f02-b478-7b19c4539f9a,9929c71d-2190-1b8b-07b0-c429a7129bec
3e5504cd-ee40-8c2d-8303-5cbf68c0cc07,32076e92-9fe5-3fc8-2ca3-bd3607011db9
3ec1135c-69a4-4ec6-86b6-3cf37a339217,9616fc3d-0676-d467-3457-e8bf99f827aa
3eed9c57-d300-da8e-9e05-a646e6a288f2,37714496-ee97-a0ed-35dd-8af3fe93740f
3f018db5-3ed9-b557-739f-a0ff8d4258ea,80deeb2c-f134-c50c-bfd8-50e7085da9da
3f41110b-7e49-4bd7-8485-e47665bd53d2,f300ec90-f57e-24bd-3684-efc81550357f
3f33bee8-a92b-dcf2-5cc2-7b0afd7a7a54,b81d6d73-e61c-849d-801a-ff7114824b42
2c84419d-e290-b481-2c54-8f516b5c381b,5e04ac8a-3094-652b-c9f2-fbbca7e0aebd
3fa763db-048c-7787-6d55-cd63144ce884,cfc981d2-e13d-500d-77ca-616939d7dcd9
3faa69a4-0b25-c9d8-aab3-d07df3dd5559,d128bf39-02db-c967-fc00-499c94c752e7
3fbcf06c-13c1-4b59-096f-9b22a90826db,56afbe0f-96dc-4bd9-8baf-d589c40527ff
3fb2ab43-64bc-ccc2-dc7c-e11e9e11d8a1,c375a960-10d9-c90f-1507-325fe6ebf5ae
3fe5c140-923a-6cd8-ede1-76bda283800c,c8c1bde0-2f39-3605-712d-6ff73ff62693
3fd30c64-84b0-af2b-fd8c-7e6d029e6f66,c186f33a-b858-508b-648e-93f26eab3027
3ff927c1-48a0-3134-a04d-044e6b8a6cbd,29f923c8-db25-56e4-8556-2121eef21996
3ff5fce8-7f5d-ed0e-5411-da89a1f6e597,a13ba127-89be-b4e7-341a-0893f8bc93c9
401ab15f-7539-a391-d93c-422807eb7fa1,be36aaea-f693-ddf9-ffdc-eb55c8cb4e5a
401fd857-bcd4-092f-f72e-7b147145941f,39f39760-6851-4100-09d4-9515794c5521
a5bb5714-e13b-e957-e0cf-d8037d4bb332,0f6d3131-a998-4898-ff5c-9495eaa033bc
409cf226-ecff-5c6f-53c6-c7822fe38f5a,94756ee0-3807-5588-8d82-59764f0a80da
40aaa7ab-d48d-0dbd-59d0-147b38a15e3f,efdc9b4b-3559-317e-3d7a-8f49511059a4
40b63cbc-9f76-3953-69f1-3d53b9b36908,3adb083a-1765-f3de-87f5-854f7b38e9d6
40cf786c-4a2e-eef9-bdf4-4f897f9ae6d7,c4583f9b-e98b-efe6-e99d-ecbd51a4623f
0b76c7eb-633e-2cb1-ec79-76218a65bbbf,fc1efe0b-90bf-e427-747f-374e0371024f
416a701a-2ce7-a801-58a1-4dbbcea2c1fd,130a5165-aa1e-11b8-6710-ee429e7850a0
41be9515-95a8-f92f-5427-bada39ee2eab,e6643bd7-aa64-3969-1e2b-8fe23ab7a05b
41f67dd6-fb1a-2d6a-8e2d-4545e3dba628,a08fa2f2-23cf-3d30-ffd5-66790d4fd439
41e4d16b-3345-5040-aa3b-11f105fa08f4,d8f0d7a6-ee79-cb81-74e2-4a4ef6cc0405
423758f0-9da8-5bc9-95cb-f3dcdff95dd0,a628a93b-0ef5-5d70-c28e-ee8c3540d806
424f6d6a-4a25-4395-dbd6-d173ea06024f,d21ddb23-3210-9b40-23a8-8142f2dec1c8
424781e9-cff6-ea34-66ea-3e12b64af87a,1737f962-ff31-41cd-673a-3906dfdd9530
42598117-c25e-d828-6bd1-9ea942a9a883,42709de2-7cda-13cc-b0fa-6caaec73a606
427400f2-1f6f-49a9-97c1-0ed146982aa9,eb74eb85-f1cf-cdcf-e52c-dbd06550b9eb
a5f883bd-5f63-4217-a610-392cb828d545,bad5e720-63d5-cd3f-f291-560428b2259e
42cb223d-56c2-4fa0-0611-9bc485cf5c63,42709de2-7cda-13cc-b0fa-6caaec73a606
4296ad06-debf-58be-45bd-2b951f8c7558,9a371bfa-21d0-aaa1-0833-3f5026d41523
42c6c516-14ab-baaf-b1d0-c123b1137fee,d2598762-1779-d35b-f081-60d3afa1145e
42cb0889-5247-5847-bdcb-72a6a9126ec0,0f82d90e-f03a-41e3-21fc-5829795aef0c
430113d9-8f30-36c0-700e-bb1057940a64,91c44382-cce2-169a-ad67-d591041df5bd
431ac6eb-69a4-4e41-db13-e1393b6ad0df,179f30bd-a130-0673-70d7-1f580466c2df
43423285-cbf0-0929-37aa-84ce594d56e6,55ab1590-fa01-39f0-eab1-4fcd1562301e
4365fd6f-06f2-48ef-ba6e-f44dddb53e80,c4583f9b-e98b-efe6-e99d-ecbd51a4623f
43d490fe-f1e0-e133-8a46-89bfe22a61a7,dea5a1ef-10e2-8168-2db7-95324f70c8fb
43d5ddbc-3393-44fd-50a1-d2dd94800a5e,fc1efe0b-90bf-e427-747f-374e0371024f
43ecc203-489c-ca85-1453-88b0bf6adaa8,b7d8a27c-c59f-339f-96a2-2ca50804b7cd
442b4d91-0797-4501-f229-6712bf8347d6,ec4d07f3-bc49-c95a-bc35-01e7b0496c8d
440d194f-bf1e-11ba-7b5a-00304cac0f50,01b08837-ceef-900e-6687-df8f69765127
4441368f-67c3-4005-9d87-b4ec196a393f,e186ee61-64af-f4ee-7383-54c9cc2ddb0f
453c9f90-0b62-71db-e04b-26988f905a06,4380ec9f-55a3-0d94-d382-6475c6c754fe
44395590-b915-3d4b-c410-9bcc888e560e,42709de2-7cda-13cc-b0fa-6caaec73a606
448a61f5-1ed0-ece9-86c3-5a096f88595b,42709de2-7cda-13cc-b0fa-6caaec73a606
446c034c-6730-4e7f-669d-7f102ec8b6f1,6c9623ba-0f34-7a29-bbb1-9ec9e0f3323d
4475a1b1-6706-4958-b94d-c8d6c34365bc,eb74eb85-f1cf-cdcf-e52c-dbd06550b9eb
44ad303c-da26-b8d8-e1e0-c00f61138db8,613e62aa-231e-ee06-f80d-2163d20ec393
44f0ce68-2e9c-452f-d8aa-1a7fec3a86c4,e10aee57-14a0-fac2-1e74-5ffefde1090c
452e91d5-4f3a-d766-0e52-431d31fa4216,fc2d468c-7220-e37f-c4ea-8ee8b569bd76
453dc0b6-e458-f995-59d5-276b0832ea05,e8b57e8d-e9b7-1dd9-2837-7b464ba27767
455608e8-c865-bd92-d452-71a6344299a4,255bf103-ddcb-c817-f343-c49268c4ad91
4579de90-d592-4332-9907-3b3a6586f009,eb74eb85-f1cf-cdcf-e52c-dbd06550b9eb
4582ec97-58b2-488c-a895-805d309c46ea,a08fa2f2-23cf-3d30-ffd5-66790d4fd439
456f625b-3e6b-4504-ab92-18f2747dbb0a,c7539029-784e-083a-632e-236b75af5948
45b673b8-6cb6-3444-5cee-329971f993bf,cc9f04a2-43e2-3804-6056-24bf0c9f8d98
45ed4727-e622-670c-f207-092b311fb3d3,b7397f9e-0d78-8eee-c84d-b5d752323b37
45f613c3-fdc0-47e9-be0d-2edecf2b8458,eb74eb85-f1cf-cdcf-e52c-dbd06550b9eb
46263d7e-b21e-a9ba-db22-5b9f46728d68,69c2c168-9468-40b2-c48e-3f594e7abc4b
46563f60-3f6e-40f3-8bc6-2ad85e2fb408,b3a4024f-027d-c0bb-7df8-956aa66ce18a
466b724f-6fbb-30d7-d721-1dbf38b3a416,96b5f4f2-2aad-9233-5b3d-0c043bf6b46a
47017be2-b98f-4761-3876-b96a97fb012b,be26bff6-61ee-dcaf-67b9-3a9f5ab55d0b
46c9e74b-975a-441f-89a8-622998c5a468,f45b2d7e-e26e-75fe-19b9-55b1f59480bd
4726a2ce-c719-6efd-5aec-95afee738c5a,76db1973-0d18-ebd4-c616-b9aafa8aa97f
47b7f053-f17d-a892-5eb5-f2cb386e6587,4e7e289b-2a87-decd-5c93-e61346371546
47bd64c6-20f7-495d-9aa8-1b8e2199571d,c7539029-784e-083a-632e-236b75af5948
48407875-1378-a820-2bb8-364180273518,29f923c8-db25-56e4-8556-2121eef21996
4868e113-961a-fbb7-0903-a5228f456516,0760193e-31cc-cf28-dc5c-a00675806b38
488865f8-cb05-432b-e3a7-b2321bffae63,60fb555f-5fa9-8347-1a3c-698cd9a3e1b2
48bcc4a4-cf8a-744a-4380-3edbcbbedd25,be822979-2060-2c87-0746-ba70136667b5
48eb3deb-6d19-1230-f998-77c6f45c2d0a,64a4767b-4fc5-d529-9fff-0ef7f0e9c2b5
48efd2a8-e784-8904-300e-ff958ac6d0d9,2197a3e3-fa45-6934-9b62-6161cd0753b9
49454cd1-d84e-4da3-00d8-23adbd65b4a2,7bd1be48-842a-6978-8d5b-36d94ac4ed10
49600ce5-0f1f-3d8a-c758-15f92369f498,f2a4ecb7-1830-5400-f6f0-3894e9f7f389
4972fe69-4c34-825c-b162-01c2ba034611,c1203aca-27bb-973f-6095-afc61df4af9f
498adf57-4ac6-4cde-9c67-5e423c42230b,eb74eb85-f1cf-cdcf-e52c-dbd06550b9eb
49fb6fa8-cdb6-ef0c-926f-f3aebd4fb506,43f3ab22-01d5-d584-1dd5-6671ed3c9719
4a2c5577-18c6-434a-5c1b-d8da57132ae8,b4c462de-a2c8-6c12-051f-ffe95c6110f6
4a78b3d8-2e5f-8295-4283-8277d520942a,a08e5a84-7cf6-61fd-bad7-ea6475fecca2
4a5da979-9f40-4765-9fb2-63d1db94917b,b3a4024f-027d-c0bb-7df8-956aa66ce18a
4aa1e146-f757-e402-ba19-b155676cd19e,15a49fb3-8368-a10a-7ea0-8e0e0ba51d15
4aaea212-0446-9212-4774-5b0f3c588718,184e8e5b-54f0-62a5-1756-de8383bd238e
4af1d582-5685-7a23-fa67-e20473828fe5,1f5f9154-8bb0-6b72-9cba-b2ea5b23b666
4b4d0630-8527-5c78-064c-8b89b4f675ce,30c467f1-6499-e5b5-9274-bd076dc3c5a3
4ba5b876-d30c-4c29-820a-287656533319,eb74eb85-f1cf-cdcf-e52c-dbd06550b9eb
4bb246d9-1ea4-a5e4-410b-de171235234b,129b7cbb-ae4d-67d4-2423-660de8d5d058
4ca59649-af48-b3de-2df9-1698c58eb5b7,e99c20b8-a24e-dfc5-d219-e383f3dd6bed
4bca9b44-4d4f-cbbe-62d2-abafd283330d,dd4bb1f1-6431-fa24-92b3-df56770245df
4be2fbb6-2592-79db-3e65-b72317997c33,d6e44140-d18a-8ba1-ebea-3a8e3915257f
4c458f32-e93a-b7bf-48a0-eeef814af24b,56b82e17-296a-918d-a090-635657a2a357
4c3c2f04-61e7-4bae-87c4-e3b810ac9f11,bf7d10ba-cbde-0e18-5ff2-20c99b86f484
4c3d9441-f8e7-bf24-a460-89dc67439811,ea9bc65c-a1d3-b677-6029-941f627267c6
4c89ee52-46ab-6e8c-0266-2e30ef2827d2,bf7d10ba-cbde-0e18-5ff2-20c99b86f484
4cc5592c-d9ef-f624-8771-6e852e831c30,c375a960-10d9-c90f-1507-325fe6ebf5ae
4d3ae8b9-3ebd-f3e4-eedb-af4925c3891b,b46b94c6-b5f3-c89d-822c-2507d07ecbbf
4d17c92b-7a09-2820-131c-e7adf9e19e08,2b1b438f-13a8-5089-6bc3-14a02f51a8ef
4d37625c-9661-cdb0-2653-5f10e8f175bb,dea5a1ef-10e2-8168-2db7-95324f70c8fb
4d44edd4-61dc-851a-79d8-6c373df413f1,c74a8585-752b-3afb-9e75-7b61f31db949
4d5edec2-08a8-62ef-3e9f-82d116490b04,264f4111-ac45-2696-208f-3e2c3e1c4104
4d5d77ea-7620-93e7-df16-60f19e361aef,b46b94c6-b5f3-c89d-822c-2507d07ecbbf
4db37ec0-c0c0-8582-f8aa-d3739cb2037b,4d663160-e078-7042-0675-ced0c4442aa2
4e2c0073-76f1-4104-5f60-dddff010176f,d21ddb23-3210-9b40-23a8-8142f2dec1c8
4e0934c4-9a61-4bcd-a3c9-a14222e0d5ba,ec1746f2-303a-66fa-ce42-5322b669a44b
215a4dc7-bf2f-4f9d-9ab5-cab70d78172a,64308bd9-d5fb-2903-6083-a7127bf67dc4
4e5ec4a7-2561-839d-ed03-1722197402bd,69c2c168-9468-40b2-c48e-3f594e7abc4b
4eacc04d-3254-bedb-9792-b81b33c1fc96,e8b57e8d-e9b7-1dd9-2837-7b464ba27767
4eddc035-f1f6-aee6-0881-9ef705fd74b8,0191f509-51d0-60be-2537-0c9b5d99046c
4ec934f6-64fa-bba1-2290-61e8ec19053c,23cfdad0-7451-072a-e87f-3e0990223318
4f028b8f-69f5-fc04-c968-646b5b902aaf,6bb7fd25-088d-80b5-956b-93234d14e187
4f1cb441-41ec-58b7-8e7b-bb0228886afb,ec3301d0-bca9-2709-14ac-aadfc97ac672
4f1ea235-c969-3ef2-008b-9de18c70a26c,3b0bb1f5-0dac-0a0a-e995-eb2538390389
4f24944f-503a-483c-bc13-0e9920e395ce,c7539029-784e-083a-632e-236b75af5948
4fb2a55f-41dd-6219-8ff5-cb49427d71c8,52a66aff-d6c4-238e-2d1c-f7e4b1b63c8c
4fe9d9fb-04b6-9ca5-aee4-1c60e320152a,613e62aa-231e-ee06-f80d-2163d20ec393
504addfe-9d3b-47ce-bcd3-06ad17617c42,f9401893-a469-0d22-f09e-034b69d209ce
5069d67e-c147-305f-5155-b81ca8b0cf2d,42709de2-7cda-13cc-b0fa-6caaec73a606
50947861-adfe-f48f-ffee-4144511b3e93,7132c000-e6e2-6f85-2c2b-099463b96b27
50b2f8ef-b34e-4794-970d-365ac32fa1cd,eb74eb85-f1cf-cdcf-e52c-dbd06550b9eb
5151c9c3-c966-8a71-1746-1aa489c684e5,cd083fd1-9b6c-d957-532e-9ef2b17d9791
6559d896-1f3a-4cd5-f443-427a232f5abe,294ab927-4764-ecf7-a68d-9b61e25b3b71
65656d61-b1cb-4bf0-a001-b2a505bb630f,bf7d10ba-cbde-0e18-5ff2-20c99b86f484
657360d6-d51d-7835-e316-0a0167b4d1f3,7132c000-e6e2-6f85-2c2b-099463b96b27
5159fec2-eace-c5d2-91ba-fde2bb704666,bf7d10ba-cbde-0e18-5ff2-20c99b86f484
518a90e9-3eb0-a021-b8d8-b9992bcc54cd,cc676796-e1fb-e741-b574-a50043d4949c
517e06b9-9ec4-7d9c-7c1c-9282e8596e99,7132c000-e6e2-6f85-2c2b-099463b96b27
51b3d265-7cc9-4b7e-b26a-87017aeb4918,f300ec90-f57e-24bd-3684-efc81550357f
52133a78-b04c-27f5-258e-16bc7973d8f6,489e8669-e3fc-51b3-1d98-6e60699379cf
528f0618-4645-a64c-9a09-dc394f22112c,87ed001e-793b-63f3-ca8f-aece0a66d954
527f7c11-e6b4-66a3-b9ca-1e9a90b0ec41,d21ddb23-3210-9b40-23a8-8142f2dec1c8
5283d63b-4d3d-224d-55e7-941aa4cf52d1,7132c000-e6e2-6f85-2c2b-099463b96b27
5301a288-72b2-aaa0-bdfc-7ca44c24cbaf,613e62aa-231e-ee06-f80d-2163d20ec393
5300a3e9-deff-9377-379f-aa7c6acb7439,fc1efe0b-90bf-e427-747f-374e0371024f
534f9a72-f9d5-f659-0db6-fa4e5892d1dc,eb74eb85-f1cf-cdcf-e52c-dbd06550b9eb
533310bd-3d53-4119-800b-c2bef0b71e1e,f45b2d7e-e26e-75fe-19b9-55b1f59480bd
53a206fe-b494-fef3-27eb-7c18fd503e76,ad635c15-53be-f6c9-5b61-2d2bfcccd3e9
53c3064e-6507-9932-a609-f195fcb6e5e5,ff8488ca-16c8-1869-c473-006014b145da
54a95ba9-11ab-7e5a-ae83-70826f8ae407,d3c740a1-8274-c5e4-1fdd-d613c7582241
54290bb8-fdbf-5df3-d4ba-941d1f95919c,9aaf3eec-7556-0c5d-8d2a-10c46ae4e07e
5453fcff-7a73-facb-bcae-bacdcaa1016d,bb89d2d2-8852-cb60-d0c8-d8654c8d044a
54917d21-8d85-cb4b-9724-0aacb4f52029,c8c1bde0-2f39-3605-712d-6ff73ff62693
549a6dd0-538e-08cc-6e9a-373a3db9f731,0dcc3edd-3666-db4d-4679-24a3e0d1552a
54e2d3a3-2ea5-43b3-ac5a-afaa66aed690,c7539029-784e-083a-632e-236b75af5948
54f5f798-8c0e-4a6a-bdff-709fd52108cd,cc9f04a2-43e2-3804-6056-24bf0c9f8d98
551e3b72-70e8-1777-9640-8cb9f299979d,632285a3-8185-4cbf-5ec3-5a1ef9654166
55279222-e520-15ba-4361-36e5d6650277,f1c31561-e62e-bcd2-9004-ac2390a5a8f7
552135b8-2c1f-7201-352b-fbe0af8e2906,c7539029-784e-083a-632e-236b75af5948
555da430-4cf8-2a9a-8ed0-68b81c21d938,bf7d10ba-cbde-0e18-5ff2-20c99b86f484
55719d60-348e-cc2f-119e-bc186b11d0ba,e882753c-08b5-686f-d75d-78b75ff84512
5595b220-39e8-4937-8776-1f68e1d7a376,c7539029-784e-083a-632e-236b75af5948
55b848f7-5827-321f-507a-7c247085df5b,ac7af56c-65ba-8287-2262-fbeb6eab7227
55f1d5e7-d46f-458d-b09c-c6113d1ce106,eb74eb85-f1cf-cdcf-e52c-dbd06550b9eb
562c7279-c0cf-c811-ba66-9b010d9dd4af,52a66aff-d6c4-238e-2d1c-f7e4b1b63c8c
f9352ce2-f2e9-cbd1-336f-360befad7f36,
5689b854-9d49-7a6c-2351-0c221b18f856,be365544-4d76-b19a-2364-245364da0de7
5687e844-7da0-4d28-e187-399f067282dd,c8b2b8f6-156a-109e-531f-f37ae0a97c58
57cbbf13-581f-6c95-bad8-d9d5e1a67d1d,70841b5b-6b56-73fd-9fa7-53dd7d3fbb26
56b8d6cf-0ef2-3e94-44e2-2058c3eb8ecd,4583aca0-f32d-ffbf-9b08-41a10aa8825b
56cc80b0-2c4d-96c1-1b9d-59066ee5b5e5,9c2728c6-3acb-83b1-b1e3-9591f5167f2c
56ec1ca5-706a-1a4d-a74a-4d9afb0a134b,a08fa2f2-23cf-3d30-ffd5-66790d4fd439
56d71a56-590c-bef0-1555-92980064d109,7132c000-e6e2-6f85-2c2b-099463b96b27
56fe0d38-932a-9e34-197d-d37e36b93619,cfc981d2-e13d-500d-77ca-616939d7dcd9
c70a7b0b-f7be-1891-7504-e2382d12bc63,06263c75-f1c4-e942-c3fa-ee30c73fe71a
57884603-5b96-5d62-4073-88a46cc7f5ca,5bfd840a-069b-b635-3ab5-b2b3019f8a45
57861538-7fc5-e364-7b59-5d564ae82f87,d128bf39-02db-c967-fc00-499c94c752e7
57a50d11-d54b-1da6-42de-2d2ff488106b,be365544-4d76-b19a-2364-245364da0de7
57d98d65-5530-461c-ea1b-5e024fcffe80,64a4767b-4fc5-d529-9fff-0ef7f0e9c2b5
58070971-97f9-67d3-96a7-7646790fe3b6,3adb083a-1765-f3de-87f5-854f7b38e9d6
5813bde4-c4fd-499d-9587-e0b1748a8087,14e9d5ee-8cf8-32ae-c074-e83451a7943f
ea2f3013-752f-b06a-1c9f-e17c257ecb22,32398225-684a-0133-b7d0-f9ad1e65c8e9
58df888b-1fcb-ce11-ac99-a7adb2b75c3b,eb74eb85-f1cf-cdcf-e52c-dbd06550b9eb
58e94c57-408e-96a4-7697-57faca8c2e16,58bd2f62-2679-592e-4e42-f502927c81d6
58df7237-960d-fd4f-2351-aa2a77bcb11d,003326f5-0d98-bd7c-68b1-383cf6e9ee13
59728f68-a994-c8e0-880c-58071a010252,9b28c03b-f6fc-0434-b4ba-355d43301f39
598b3bb5-6a30-b7e4-0382-40225067a78b,4102c3a7-ba56-4128-e2a4-b621c4cbbb3c
c09b9922-1176-d427-3225-c0a8adc7aa06,c34b2e80-1d2a-495a-65c6-aea14e2afa12
59f00186-8394-a6d2-2b53-991e46cc6680,0907d677-4866-7163-2526-d3734bdaee2d
59da044e-02b6-3e52-d519-2c54b6a21de9,ff8488ca-16c8-1869-c473-006014b145da
5a616455-f996-43fb-b0e4-8e5f16684580,eb74eb85-f1cf-cdcf-e52c-dbd06550b9eb
5a601088-6212-d300-6f13-6a991f9a1a98,956a6f92-ea42-3821-ab80-8cb40154a679
5a790c4c-df71-42a6-a1bb-346e9d511611,eb74eb85-f1cf-cdcf-e52c-dbd06550b9eb
5a7c5ca3-7451-cb6a-3cc5-fc2300028112,32076e92-9fe5-3fc8-2ca3-bd3607011db9
5b028dac-5096-4c9d-80be-210e628dfa69,c7539029-784e-083a-632e-236b75af5948
5b1151e5-cfc8-302b-a2f4-4d6b2476121e,130a5165-aa1e-11b8-6710-ee429e7850a0
5b3e007e-3869-4be5-b803-6f0a09793934,eb74eb85-f1cf-cdcf-e52c-dbd06550b9eb
5b7a6aa3-c04c-27e3-2b09-4df679703553,9f7a2d87-693e-bf27-c14c-b4280572a4b2
5ba0c345-1fe0-cba1-a986-db2bab42b0fe,bf7d10ba-cbde-0e18-5ff2-20c99b86f484
5c0210f2-aa2a-8d20-24ec-c328d9648372,4d0ec8d9-e886-32b7-d310-c1b740692bbc
5c36efdb-5c4a-e9e4-cc0f-72fb7a29a5bb,d128bf39-02db-c967-fc00-499c94c752e7
5c2b10ed-2974-2b0b-e585-06feebd2c2e3,94756ee0-3807-5588-8d82-59764f0a80da
5c54135b-d3e6-718b-e7f7-b2ade5c7ff42,a08fa2f2-23cf-3d30-ffd5-66790d4fd439
5cfcbfdd-bdcf-f413-0195-99d46e2daf50,f50f8994-28fa-36c2-8310-dfcfdd186241
5d1734c0-a0bf-a3ef-4b51-180d95451f23,a3882c5c-8fe8-9ec7-0991-77e37691dabb
5d30d397-d748-f066-f17a-e92965fc8ad6,60fb555f-5fa9-8347-1a3c-698cd9a3e1b2
b753d2ca-c7fb-0cc4-0a58-867e284487c0,c34b2e80-1d2a-495a-65c6-aea14e2afa12
5d6b749b-56b8-cea3-9404-e0c935f659c5,f82fc139-4768-11a6-2456-359dba88a5b4
5d95f4a2-f178-5876-4b92-df9075be1a42,a3882c5c-8fe8-9ec7-0991-77e37691dabb
5dc2a6a9-e65d-4846-77e3-692b6471378d,5453c9f8-3a95-c59b-e0e3-eb1d47a6fde9
5dde5ae2-e3bc-86f5-c0d4-58467555c107,29f923c8-db25-56e4-8556-2121eef21996
319a445b-ecf9-652d-4a25-356c2e8b244a,41137b0e-e322-2086-ae7b-39049d74c7eb
5e0e70a8-5002-4d2f-a67f-3bf97e166229,eb74eb85-f1cf-cdcf-e52c-dbd06550b9eb
85f7e64b-8bb1-7a5e-1aa2-1b1fd485e3b4,dc3262d3-d993-f091-9176-c54e637fa19c
5e560445-c814-78ee-4702-6aca76bef1a5,669eaf6a-ade5-cf34-f36d-3443c0103eb0
5e7175a2-4ebd-1963-4d23-8f904c9a7144,cf09c129-a8aa-0532-2704-8994a2362dff
81e83f0c-d8ff-57b1-6823-f69ead7447b8,0e580fa8-23db-d0f7-6eb6-f7e984975125
5ed39ec3-074d-4807-b1fc-7ad016d0bcd6,eb74eb85-f1cf-cdcf-e52c-dbd06550b9eb
5ed036e9-500a-f476-b27b-e88e3e66d9b6,77a5b24d-20fa-d8f9-0c71-a6751bae19ec
5ee4262f-28a6-4a06-b81d-869f683d8ad5,c7539029-784e-083a-632e-236b75af5948
d70ec763-793e-2ce2-97b0-b35bb81ecc0d,db854648-c5da-7a65-b6c7-fab19e8305d3
5f9692c2-6cb1-4482-8805-0cfa99c175eb,eb74eb85-f1cf-cdcf-e52c-dbd06550b9eb
5f9ba239-e530-bee1-8a91-ba8ec8d19c2e,3b18a414-b58e-a546-1f10-2e89fa3a6bcf
5fb0f18e-715d-2e26-205a-5e781a2edab8,1ea45380-d2ef-ae7f-1bb4-82b3653ab1c4
5fc31328-1d97-4adc-9353-6475a469b586,3174c1d3-308c-54d4-5849-2b105f738462
5fd8b280-5394-4d7d-902d-560a1156feac,a08fa2f2-23cf-3d30-ffd5-66790d4fd439
601d0ced-5f59-429d-914e-f48b1a4ccac3,d5356bf2-2595-852f-bbcf-28b718c0d318
6016c8df-4829-bc87-689b-ed0e81111080,a3882c5c-8fe8-9ec7-0991-77e37691dabb
60174dee-a15d-53c8-7030-d63367db67ea,c59b637d-36ac-b317-6325-2d1a48df03e9
60654ea0-85bc-1465-c1d5-2f61df9822b4,89678216-ae8b-a2dd-512f-9235dd4f37f0
6024f2df-2241-bea4-a82a-65f279ed9bdd,ff59ee56-2920-c64c-6370-bbab6a7859d7
603e8e6d-6925-2631-443b-d49a909c8228,f1c31561-e62e-bcd2-9004-ac2390a5a8f7
603f8989-800e-5a00-744b-d025aff77d00,0917cf66-bff1-7a1c-872c-edbc3742c0ed
60855ec1-5eb3-46ca-a7cc-4b2ef2582fcf,6000a735-9cab-3d3c-bf0a-99522c69d4c3
608d4ef3-c358-88b0-215f-574deb538c87,f28a2343-482f-ca3f-ed71-c9c824eccdac
60ac78c7-3a1f-4e1a-b298-0214d30b7226,eb74eb85-f1cf-cdcf-e52c-dbd06550b9eb
60ea29fc-168c-03df-11b9-fb8853db6e0d,6dea8007-b95b-3bd6-01b6-50776ce926aa
61257578-ca94-4f99-84c9-a0b16ace36f9,2749a9f9-07f8-1864-3db3-c6797f2e38dc
61296142-bb71-a4fe-98db-2a81efebd301,ee7b0943-c012-de79-6ec9-44c12ec0ed63
61259b0f-49f1-d21f-6459-44e4d4bbfb85,de56e75b-2371-3e25-743c-47bf5b680197
614453cf-f516-5a42-9e9a-11e87877ebb7,b0e75df3-2c67-7d09-328e-01e540c1cce3
6146cb00-91b7-7c90-055e-4ffb06d3b46f,64a4767b-4fc5-d529-9fff-0ef7f0e9c2b5
61b2cab9-f81c-4490-8cee-3d2f542a9b2c,6bb7fd25-088d-80b5-956b-93234d14e187
6240d550-cd99-fc0f-a0ff-e3e42f030bd7,fc1efe0b-90bf-e427-747f-374e0371024f
624e3cd8-7ee2-8d45-49a1-693fcb7132a8,34c0863e-0545-e286-1b2c-18a5b7934ddf
626400a9-537b-af38-8151-2e6dbedca959,1d911028-6b90-d987-399e-fae3593fa649
6266ed53-4395-fb5a-320d-bae916329602,d128bf39-02db-c967-fc00-499c94c752e7
62a7d414-befd-42eb-aa1d-2911a1f5df1a,eb74eb85-f1cf-cdcf-e52c-dbd06550b9eb
62e08df9-ccf5-4ffd-81ad-4ce30764656f,bf7d10ba-cbde-0e18-5ff2-20c99b86f484
62daa7c2-7872-c967-bbc4-5f1132e199c7,29f923c8-db25-56e4-8556-2121eef21996
6a9acdac-967d-d81a-6be0-3626472dd0f0,bb89d2d2-8852-cb60-d0c8-d8654c8d044a
631e5988-e40a-4627-8e12-50b362efbe72,bf7d10ba-cbde-0e18-5ff2-20c99b86f484
6318ece5-d81e-f9af-e6ff-ba7029b513da,d6e44140-d18a-8ba1-ebea-3a8e3915257f
632539c3-8731-e3c1-3956-1fa8b90402e5,14f1217e-5e35-84a8-ff58-251a3d38beab
638e7e73-46c1-241b-35be-dc367ca0936a,06844d5f-c1c1-bdce-3af4-f15d594556c8
6396cdeb-be40-4bce-a937-fa5cb99ebbc6,c7539029-784e-083a-632e-236b75af5948
63ad3cdb-c4e0-c8f8-1776-801b8099d076,cbdc2838-926f-b7e1-3de9-04f0b31c44bb
63ca98b1-0b1d-df70-da15-fcff28425a12,9a371bfa-21d0-aaa1-0833-3f5026d41523
644daee2-18a9-eea5-8d62-7dcae4848a7f,678faf7c-956e-4722-3ba4-0aa0f326d814
6476071c-a7ef-45c1-53f7-936cd1ba8aa1,c8c1bde0-2f39-3605-712d-6ff73ff62693
64c7867e-a265-4cce-8278-d804b4905db9,eb74eb85-f1cf-cdcf-e52c-dbd06550b9eb
64fc2d99-cb0a-4757-9e41-63a5abe4b06d,eb74eb85-f1cf-cdcf-e52c-dbd06550b9eb
64f69c37-fdfc-2d95-98ab-2547d4d92c42,963c9b75-1356-856c-c923-aab93a1202dd
64fb1c53-d698-7080-16bc-07bcbef389e0,482fae1d-5f66-2a76-e86e-4972578386aa
d4f49c35-8749-a517-2989-1171d06bdad9,f28a2343-482f-ca3f-ed71-c9c824eccdac
657bf8d9-299d-20c5-15c4-aba3c2169804,70f7c6f3-f48b-8215-291b-5d0b6d607a8e
65ec5ba4-d89c-42b3-b8a7-fccb4d5592b2,eb74eb85-f1cf-cdcf-e52c-dbd06550b9eb
665a687c-bd74-dee2-cc10-3b87284f9dc0,c375a960-10d9-c90f-1507-325fe6ebf5ae
660c9477-7bf2-4384-9223-d5548531fbf6,c7539029-784e-083a-632e-236b75af5948
662d1720-eb5d-23ef-e39b-ac71ca0b2dd1,7132c000-e6e2-6f85-2c2b-099463b96b27
664bdc9e-163c-4223-3fa8-6d0d95607b35,e11f7222-17bd-3b61-d866-05927a9126f2
669d343e-a45c-e64d-39af-f7ef44bb65b6,613e62aa-231e-ee06-f80d-2163d20ec393
66ebe1f4-67c2-410f-1679-201949132824,9d9324ed-c294-1eff-3d4e-054d84cac55b
6705bedb-25a7-4fca-0488-bfd775c97c68,a0b3ad3b-f210-8e5c-a595-c36ea0b655f5
0470eabf-25d7-a67f-3289-338cdb76e54c,2b1b438f-13a8-5089-6bc3-14a02f51a8ef
5d4fe729-e0f5-5f98-9d45-aadba09e5f00,2b1b438f-13a8-5089-6bc3-14a02f51a8ef
6741fff0-3827-7ade-a6da-12c155b6a183,8702cb95-212e-4e25-2b5b-5981a6c980ba
67b760d1-6601-1823-f4ec-35fd0b93e04e,b3bd404f-c429-d4f3-3ce7-69ebce477b61
6818aba8-1a5d-bf4a-33ff-c6dec946f518,64a4767b-4fc5-d529-9fff-0ef7f0e9c2b5
8ce6b4b1-0718-785b-b997-e3f3f8f91382,894a870d-86f7-c871-c4a7-014896c1f305
6828fd3a-e70d-4d49-bc70-c0676f8e5b63,eb74eb85-f1cf-cdcf-e52c-dbd06550b9eb
6849779a-2fbb-d12b-af7c-ed106d9921b5,ff59ee56-2920-c64c-6370-bbab6a7859d7
688c5a14-4711-103b-e71e-a5d27e22a947,ec3301d0-bca9-2709-14ac-aadfc97ac672
68bc28bf-b767-5fef-53f3-a6a235b6af2e,e41d7d3a-3a09-4579-1ae0-624afb4ab4c6
68c61aa1-35c6-d7d8-1c64-b2761306ae53,9aaf3eec-7556-0c5d-8d2a-10c46ae4e07e
68fd56c0-ed4c-4fd0-aff0-39f9632e8135,23cfdad0-7451-072a-e87f-3e0990223318
693d0642-9307-785b-6a20-59d524cf87ff,4583aca0-f32d-ffbf-9b08-41a10aa8825b
693cee7b-1c15-ab68-b0df-0adf576538ec,5453c9f8-3a95-c59b-e0e3-eb1d47a6fde9
c0e1034a-28b1-8f92-6346-97fd64b64819,
69583d60-517e-03b6-2355-ca171c24b725,42709de2-7cda-13cc-b0fa-6caaec73a606
69a0260d-08bc-22f3-4b58-e7c09cb25303,4a08c3e0-d4ce-2bbd-eb94-61d036e408ca
69a20a3c-adae-45b0-8dfe-4a7a3c33eacd,a08fa2f2-23cf-3d30-ffd5-66790d4fd439
69a85b98-bcbc-4a38-8ff6-60edf4f32b2a,0f9ac625-729f-2057-f9a6-7948622398e4
33eeb71a-4f53-4f0c-88b9-cd99047058c6,eb74eb85-f1cf-cdcf-e52c-dbd06550b9eb
69f1771d-3eca-2dd8-300d-f614fb69e32d,4d663160-e078-7042-0675-ced0c4442aa2
69fc5943-4efa-c26f-597f-00bc816d8d49,64a4767b-4fc5-d529-9fff-0ef7f0e9c2b5
6a7994f5-d5e9-5cb2-dc37-d96b891df279,a320e177-e674-4113-1c9f-dd8af957fe0e
6a5a4686-b2d0-4577-bf46-38ae439a27d2,cc676796-e1fb-e741-b574-a50043d4949c
6b162faa-88ed-4818-bf51-380e45669943,b3a4024f-027d-c0bb-7df8-956aa66ce18a
6b286b3d-b773-9102-004d-9b45d15ac20a,0917cf66-bff1-7a1c-872c-edbc3742c0ed
6b5459a7-66c2-8e26-29be-4ffe1abfdba7,bad5e720-63d5-cd3f-f291-560428b2259e
f7ca9762-ed8f-f73f-db84-5be2da1d8084,
6c04695c-36ab-4757-97b3-67f7c89a6371,a08fa2f2-23cf-3d30-ffd5-66790d4fd439
6bdeaa41-a080-22d2-409a-daffc7441cbc,03b377eb-7cbd-468b-9ce0-8272ceae0a1b
6c1fb87b-b688-fd4d-af6b-8fe597bf753c,c4583f9b-e98b-efe6-e99d-ecbd51a4623f
6c46b1e2-f20d-e081-bad8-6d6fbe1b282f,71fe8687-4794-6fa8-23a6-2f9dce99bfb0
6c777b44-6e6a-92cc-f2fa-5f4923cecbdc,a13ba127-89be-b4e7-341a-0893f8bc93c9
6d5a63e7-61dc-5dc9-186d-5e48e02801b9,0dcc3edd-3666-db4d-4679-24a3e0d1552a
6cee873a-2412-5a8c-a278-17b7fce2f66d,0f82d90e-f03a-41e3-21fc-5829795aef0c
891ef75c-5656-a946-7a62-c6830b7fe5a1,b348b17b-fa70-83f4-665d-892c68b93ef3
6d37d92b-8a2c-21a6-32ac-64f4967bb0fd,7132c000-e6e2-6f85-2c2b-099463b96b27
6d6887bc-f14d-4a54-b4d0-dcfbc539a854,e186ee61-64af-f4ee-7383-54c9cc2ddb0f
6db87653-94c2-4a52-85d3-edd95d547f6b,179f30bd-a130-0673-70d7-1f580466c2df
796b6885-8d4d-ffa5-bfe4-2693cfcb3a76,69c2c168-9468-40b2-c48e-3f594e7abc4b
6dfae2cd-49c3-e6db-2410-ffba26f55d4b,a211ff4f-8477-5b9e-35f6-9d7116c6ede9
6e2713ac-88b3-c6fb-8b28-600847c23db5,ff8488ca-16c8-1869-c473-006014b145da
6e338ee5-e1fa-0b15-d172-129b60806a74,55ab1590-fa01-39f0-eab1-4fcd1562301e
6e37b682-81bb-db91-d5f5-6aae31ad2194,d21ddb23-3210-9b40-23a8-8142f2dec1c8
6e49b8dd-f56d-4676-980a-b5e13c80fb51,9616fc3d-0676-d467-3457-e8bf99f827aa
6e4fea73-a656-1bee-25ef-ae1028e96f80,d21ddb23-3210-9b40-23a8-8142f2dec1c8
70193ca2-a5c9-4930-a43e-29ce2afaab68,0917cf66-bff1-7a1c-872c-edbc3742c0ed
2305f862-1025-bf66-3784-3baa19c6c484,69c2c168-9468-40b2-c48e-3f594e7abc4b
7bd2d9a6-2e89-cb5a-dd03-073b85654e73,69c2c168-9468-40b2-c48e-3f594e7abc4b
6e9e1f26-313a-7348-550f-c36682fa4108,1f2a0afa-d321-c1cc-50ac-1d2e1f2a6da8
6ea4401e-ee77-da53-e461-425c15d6c5a2,7508366a-7c3f-6a3e-fe84-b80f736f5e61
e4fc5f84-b8b4-daf7-64a0-6fe052b8e571,ca1f5a77-3e24-46ce-2b80-46bbecb1ee33
6f201e59-1103-491e-9fac-cfcc06dc7203,f300ec90-f57e-24bd-3684-efc81550357f
4fe87f2f-8172-b2cc-700b-6e77242e5658,ca1f5a77-3e24-46ce-2b80-46bbecb1ee33
6f63857a-dc95-8e48-6cd7-438168be101c,a08fa2f2-23cf-3d30-ffd5-66790d4fd439
929a1589-ad71-73af-78b9-400a0e156137,ca1f5a77-3e24-46ce-2b80-46bbecb1ee33
388382f4-15f5-ebc3-2ae6-3f04d6e07daf,ca1f5a77-3e24-46ce-2b80-46bbecb1ee33
6f95e43c-09a9-a8e2-a11f-073a9152ccff,d128bf39-02db-c967-fc00-499c94c752e7
6fa02fb3-80c9-410d-9423-b4fce880d1a3,ae8140b3-e9c9-d645-a067-8e7417441814
6fa4ae25-d671-88fb-b5ee-0e1a81932366,7132c000-e6e2-6f85-2c2b-099463b96b27
6fcb248a-08f2-1e39-27aa-2f4ae14d05a5,37f4c90b-933f-b7fb-be19-cd1af515bf36
6ff8fdc7-d04c-5224-9e4d-042799dc3909,55ab1590-fa01-39f0-eab1-4fcd1562301e
abc15fd0-f1d7-ae41-2d14-837148dd6543,ca1f5a77-3e24-46ce-2b80-46bbecb1ee33
70ca0638-56d1-e4ba-2105-11a0c696cad8,ad635c15-53be-f6c9-5b61-2d2bfcccd3e9
70ed0d01-98c1-40e0-dd89-722e72b8a53c,28aa48cf-5f65-f5fc-8fa7-23eea95308e3
711dd5bf-ef49-51c9-1d19-11e667cc4505,b4c462de-a2c8-6c12-051f-ffe95c6110f6
7122936e-da39-b98e-8865-fabfe1f6b4fc,41137b0e-e322-2086-ae7b-39049d74c7eb
4953fbc0-0ccb-e36b-9da6-4a103ba7df04,c34b2e80-1d2a-495a-65c6-aea14e2afa12
24dca885-e00b-0f9c-ece3-4f9db54fab15,7e0a9137-9970-30d5-3232-16e19adc2292
712c9d18-3d51-d973-729e-fd821e6543f2,1ddb6405-837e-3281-86d8-0802d2f549a6
7152c1bf-a46d-4517-867b-b41b0d65fa86,b3a4024f-027d-c0bb-7df8-956aa66ce18a
71554df2-c03d-fbe8-f49b-e08d4bc8a34f,c186f33a-b858-508b-648e-93f26eab3027
716becb1-b28b-6269-e28f-5ba8695a565c,264f4111-ac45-2696-208f-3e2c3e1c4104
71ad8422-9f66-9402-b2a3-8b6f5e94b574,a3882c5c-8fe8-9ec7-0991-77e37691dabb
718a2e0f-ee70-2012-5a93-bb2fc87c71a2,ec3301d0-bca9-2709-14ac-aadfc97ac672
71a86673-1a6a-8a36-fa61-bea112fbfbc7,184e8e5b-54f0-62a5-1756-de8383bd238e
71db9ed3-7026-49f5-cee0-cae8cdde2463,32076e92-9fe5-3fc8-2ca3-bd3607011db9
71ed7822-1b9d-6b03-5f64-cb8033709fa2,9aaf3eec-7556-0c5d-8d2a-10c46ae4e07e
7217f657-b3fe-ae41-9edf-bd8387024ecd,7bcafb73-c481-0cdd-d4f7-cdc2b67735a1
71fbdd3b-16c4-401e-9776-61e6e5abf114,9f6d1068-fe7d-eba6-d789-da02cbf5b364
723b1c55-9e0b-4b52-b440-12bcaaee3a5c,a08fa2f2-23cf-3d30-ffd5-66790d4fd439
723983c9-452d-032d-97c9-ec3bad43c233,bf7d10ba-cbde-0e18-5ff2-20c99b86f484
72520dbd-ef62-8380-453d-9160b2b1685a,9929c71d-2190-1b8b-07b0-c429a7129bec
729d8bfe-d269-4d4e-9a3e-763d6b41efcf,135a381d-4966-8610-7474-c2cc2d45def4
72f47905-8f7f-074d-a2df-f781ff1fe8ea,9c2728c6-3acb-83b1-b1e3-9591f5167f2c
2e13b620-191c-cc7e-9668-3d1f933353d6,94756ee0-3807-5588-8d82-59764f0a80da
7312209f-8fac-4c86-9b1e-eb70b5ea1c71,b3a4024f-027d-c0bb-7df8-956aa66ce18a
f0e8a556-41f8-d076-aceb-195b04b34fb7,94756ee0-3807-5588-8d82-59764f0a80da
731b0f8f-1e7f-ec00-2d1d-be3d758789e4,ae405eb5-ccd2-ea6a-ef96-de93a00faa2c
7366cfed-fde9-4410-36d0-9e26b26ee30b,47d32864-5557-4b9d-fc46-435dcdde139b
733c69b5-a9d6-4537-5517-70142f6d9e6b,9f7a2d87-693e-bf27-c14c-b4280572a4b2
735569ec-35c1-5d83-c17b-7d920a07bdf7,ec3301d0-bca9-2709-14ac-aadfc97ac672
2cac089b-3687-1241-507e-06319789961a,25ef4101-6d8d-4ae2-e66a-8e5fc43b1fc6
2cb45889-5215-d332-2ceb-f3612ed4fad4,a08fa2f2-23cf-3d30-ffd5-66790d4fd439
736ac548-cdb4-a711-3ebb-4fae06e830a8,956a6f92-ea42-3821-ab80-8cb40154a679
2ca37696-428f-f548-0209-da366bc33ad6,613e62aa-231e-ee06-f80d-2163d20ec393
2cbdef8e-7885-41e5-b4dd-750e249385c8,32076e92-9fe5-3fc8-2ca3-bd3607011db9
2d0c86bd-a270-4cef-80d8-3f9068c316e2,eb74eb85-f1cf-cdcf-e52c-dbd06550b9eb
2db9c4f3-f4d1-487b-9179-3b3f581a54b1,eb74eb85-f1cf-cdcf-e52c-dbd06550b9eb
2d2a90b9-eb69-d364-ccc8-edd876dba8af,bad5e720-63d5-cd3f-f291-560428b2259e
2d652f54-685f-3545-bdda-7c298c905f9d,069ff435-f11c-6be8-867f-de057f1211e5
f8fa309a-2826-42c2-6d03-03a243ee3a1e,c34b2e80-1d2a-495a-65c6-aea14e2afa12
2db11b3b-8d19-1f12-d53c-c8a2d03a0371,582d22fa-449d-dffc-2fd6-e1de32afa6c8
2dc92d60-ba6f-1ee1-5d48-25182d251990,94756ee0-3807-5588-8d82-59764f0a80da
2dc9b762-d212-60a7-e675-d885c4d40757,7132c000-e6e2-6f85-2c2b-099463b96b27
7294e58e-4d60-ce88-4312-322e6fee6436,bb89d2d2-8852-cb60-d0c8-d8654c8d044a
2e4037e5-1b56-4a07-01a6-def9b335b5d6,37ade643-d6cd-2fac-eac7-0dcc4df846fe
2e32ed20-0b9a-2c78-a072-8ebc1d2fe908,097434f2-e680-45e6-b63e-f2116b62f362
2e640334-f2ca-c486-46e3-b2419b422ee9,94756ee0-3807-5588-8d82-59764f0a80da
2f3b5d55-e1ef-b786-f199-05cb07e22b12,9a209f12-d0ce-c9ce-4c72-a82251555c2b
2f36fc46-9d69-48d8-a0b3-ac3b34a5c7ff,bf7d10ba-cbde-0e18-5ff2-20c99b86f484
2f51be24-c030-4ec4-8b1c-3d6a03ab8d6a,a3882c5c-8fe8-9ec7-0991-77e37691dabb
2fab4350-ae7c-482c-ae41-668d574ede2f,c7539029-784e-083a-632e-236b75af5948
2f8bba31-84e0-f361-5181-6cd09ab66861,4380ec9f-55a3-0d94-d382-6475c6c754fe
2f95a84c-1430-a11d-5890-383cc522a566,e5e46d08-f2cc-a6fe-1405-6f961425dec2
3105d10f-b5b9-2543-f68a-b4f47a6bafa0,44a5755d-418d-0a55-3c05-51b9173e27c5
300cc6b5-6065-9968-d61b-467e66060f66,89678216-ae8b-a2dd-512f-9235dd4f37f0
3021e8bf-5cd6-bc67-e7e1-ab33659f8f15,c5a26384-f535-9095-9335-a2f447a6fbc7
3035bbfb-9e57-aa93-a43b-16c4349bce57,f50f8994-28fa-36c2-8310-dfcfdd186241
304fe3dc-56ee-9d8b-c922-f8e8559f5245,c3016225-1a37-7807-9210-bd7b2bb092ca
304c0914-e86a-9b4d-df1f-417ea1221064,294ab927-4764-ecf7-a68d-9b61e25b3b71
30506891-62ae-ac33-97bd-fb35ee185db8,6bb7fd25-088d-80b5-956b-93234d14e187
3082b9d0-7a58-4a9e-bf2a-d9662eefae01,e10aee57-14a0-fac2-1e74-5ffefde1090c
30a5efcb-6681-e41e-d15c-cd01e540e369,30edfd47-0886-ad4d-3f52-7845546ea676
3096d85b-7626-1560-bf72-a110e41385ec,f1c31561-e62e-bcd2-9004-ac2390a5a8f7
30d7814b-3f3a-60a0-dbf6-837bcf7dad44,c00c5233-b592-b942-9966-192f36f04367
30ee674c-0566-3874-7c31-fd68d24f5b6e,ec3301d0-bca9-2709-14ac-aadfc97ac672
30dfab7f-351a-3ea7-1dd6-764c9c2075b0,613e62aa-231e-ee06-f80d-2163d20ec393
41cae93d-19df-d037-4296-83cbdc3be480,4fb71d01-db8c-6596-a258-d19c8da2114d
310695a5-bb78-60c0-3e30-5e9dcd11f732,7132c000-e6e2-6f85-2c2b-099463b96b27
3138efc1-381b-795d-092e-832d1457d668,9f1fd5e2-469d-5b45-f15b-f9c7fe1dea32
31380294-a5c0-a280-b7de-f1736f5a8113,600006c2-5c19-24e1-5aaf-aa24fa3fc52a
313d19f1-a0dd-3122-fe3f-5adb16484b89,c375a960-10d9-c90f-1507-325fe6ebf5ae
312f9025-4c04-ee25-6477-d1bce1725edc,cc9f04a2-43e2-3804-6056-24bf0c9f8d98
314e075f-7b9e-a864-a2ea-817d050b6eb6,64a4767b-4fc5-d529-9fff-0ef7f0e9c2b5
319734a7-1c9e-492a-b3a9-47f0a5ef654c,bf7d10ba-cbde-0e18-5ff2-20c99b86f484
319fef53-f3df-ec6c-417e-f93bd21579e6,d02fad6c-d71e-b2c3-869a-63c231da4bab
31d1042c-9182-e192-d2df-e2893dcc4fa6,294ab927-4764-ecf7-a68d-9b61e25b3b71
32162fbe-eedb-40f2-b282-2e316a503e29,a08fa2f2-23cf-3d30-ffd5-66790d4fd439
3227058e-365d-db28-e98c-c225131d2c18,c26bf1c6-5043-20c4-674b-d57582307e8d
434c78ee-49f8-c0ff-ab6c-c07b7bbc0af1,c176e61e-b705-de2a-bf42-484d8aa4a4b2
325f49d6-e0cc-4058-9257-6254db1a21f7,0917cf66-bff1-7a1c-872c-edbc3742c0ed
32a45651-bb12-437a-95ec-e5dc91093245,cc676796-e1fb-e741-b574-a50043d4949c
329fb569-dbb7-4466-973e-f45aa7c7ba25,28aa48cf-5f65-f5fc-8fa7-23eea95308e3
32bff719-f24a-4556-9b3e-fea54f2611ae,b3a4024f-027d-c0bb-7df8-956aa66ce18a
32dce67b-fc6f-733f-0dd6-10f01ed7524f,66d28027-021f-cb40-e997-41f45850111b
32e3f761-b9e8-41ba-844c-fbe927e5bb50,bf7d10ba-cbde-0e18-5ff2-20c99b86f484
32cfa4e0-6269-b9f3-ddc9-2353c9c76fab,cfc981d2-e13d-500d-77ca-616939d7dcd9
ab1b2d41-ea58-baa0-1bb8-f034d5c7e369,90a2be22-6174-e9c9-96d5-43a21ffbdacc
84e91e2d-eaf2-565e-7ca2-8174364096b1,a6af3a14-f1c5-63a6-f48c-ee20e3d9a33e
4e8ff17a-139b-8be5-8694-3e23f0251e84,a6af3a14-f1c5-63a6-f48c-ee20e3d9a33e
3338331a-89a4-4a3d-9e1c-9b32f888214f,a08fa2f2-23cf-3d30-ffd5-66790d4fd439
335e0325-7238-e85b-334a-abdba5bb32a9,41137b0e-e322-2086-ae7b-39049d74c7eb
33609827-8087-4cb7-98c0-1094c8d1e1a2,f300ec90-f57e-24bd-3684-efc81550357f
3363acea-b38f-0b5f-c515-a62a5c123e35,179f30bd-a130-0673-70d7-1f580466c2df
336cc430-b678-2198-0025-329a3842987c,ad635c15-53be-f6c9-5b61-2d2bfcccd3e9
33af9d42-9ab8-f808-3c50-ffaa25bfb2f5,9aaf3eec-7556-0c5d-8d2a-10c46ae4e07e
33f1db30-46ee-481b-bfae-922e16d0a3b8,ec3301d0-bca9-2709-14ac-aadfc97ac672
33cde429-a15a-4885-9c3e-5a90226041be,cbdc2838-926f-b7e1-3de9-04f0b31c44bb
33b627e0-1474-5da9-dbab-efa5a4a76b5e,42709de2-7cda-13cc-b0fa-6caaec73a606
b8d4ebca-a61e-bb2f-9db4-c8e3e5741646,cfe94951-3618-c173-ba5b-d172862bf43e
343df7e1-5eda-476b-a780-656f18d52a69,a3882c5c-8fe8-9ec7-0991-77e37691dabb
3432231b-a7a9-d8a2-d845-1c159f734e54,44a5755d-418d-0a55-3c05-51b9173e27c5
342ea3d0-fc60-d3a0-181a-ff5480764354,29f923c8-db25-56e4-8556-2121eef21996
344b8dc6-1c15-380b-95f6-954d4504935b,f82fc139-4768-11a6-2456-359dba88a5b4
345296d2-0ab6-616e-56c8-59fb3443380c,c7539029-784e-083a-632e-236b75af5948
34ba1bdf-9e4e-414e-8185-3bc5caceb92c,179f30bd-a130-0673-70d7-1f580466c2df
74360111-8d67-8e0f-775f-ff64996a8aa1,42709de2-7cda-13cc-b0fa-6caaec73a606
743f95ca-c758-44c2-83d7-5ccbff587a76,eb74eb85-f1cf-cdcf-e52c-dbd06550b9eb
74393671-5ff7-439b-9567-76b98f120ca7,60fb555f-5fa9-8347-1a3c-698cd9a3e1b2
74b47166-0f9f-1494-7c9c-e8089a5d579e,9d3fddf7-5294-0b29-7824-6a141d8c5257
74ba7b55-cea4-5599-c600-3424d30c05a5,9a209f12-d0ce-c9ce-4c72-a82251555c2b
74fa021b-ed52-3adc-63a5-b33c6cf15249,bf7d10ba-cbde-0e18-5ff2-20c99b86f484
7520c089-90b6-21a8-2ee6-7cb02e7ccb64,7b482c3d-941e-285f-c559-74103c8eaec7
7544be37-ad0f-a58f-8072-1c840cdc073e,9a209f12-d0ce-c9ce-4c72-a82251555c2b
754d2a01-257e-b803-845b-885629a0099e,e99c20b8-a24e-dfc5-d219-e383f3dd6bed
756f9965-719e-fa83-fb5b-db850c9bd4a9,ec3301d0-bca9-2709-14ac-aadfc97ac672
7580cacd-12de-d3bb-d57a-fb5657bb2d10,0f6d3131-a998-4898-ff5c-9495eaa033bc
757ddda8-594b-ad5b-c982-0e2df6bcc15b,bf7d10ba-cbde-0e18-5ff2-20c99b86f484
75d208c1-0f0a-78e1-460f-112432f575b6,be26bff6-61ee-dcaf-67b9-3a9f5ab55d0b
76006000-cc36-faf6-cdd9-d3ef7d76b916,c1203aca-27bb-973f-6095-afc61df4af9f
760ac614-f702-405a-bdd6-e3dfde9258a3,bc638510-43de-0600-d139-b4e51e0283aa
768400b0-8e3c-5b3c-d72e-b9f30a6ecb87,8702cb95-212e-4e25-2b5b-5981a6c980ba
76233d4f-1c47-b06a-83da-338053ef2803,cf09c129-a8aa-0532-2704-8994a2362dff
76712775-6f45-4e69-a0a7-f6c0757d7317,1ddb6405-837e-3281-86d8-0802d2f549a6
7681b739-cf3f-4a57-9d79-462b388cbc5f,14e9d5ee-8cf8-32ae-c074-e83451a7943f
76afd514-d7f7-f2ed-35c8-44b049d5a05f,1ddb6405-837e-3281-86d8-0802d2f549a6
21c3345c-c2ba-88ee-b962-c852bfd30cdd,
770ce491-bc12-e364-e6b9-8bcf5a2734e7,56afbe0f-96dc-4bd9-8baf-d589c40527ff
774576b9-d9b5-6326-5155-ba673dae27a2,b09acc00-7094-784f-7267-fe87214c132b
773ca917-25cd-51dc-7a34-e5e0a6ba08ce,a9cff8c9-0b7a-4aa5-31b7-e8813646992a
7771e5cf-9b53-bfba-3995-ec96e5c1d716,770a9ea9-870a-b4a4-9610-d1d19d6d5c19
777efec2-8dfa-a47b-5eb4-c384250b284d,c00c5233-b592-b942-9966-192f36f04367
7792e465-9c90-fae8-63ff-d85fa748df2f,770a9ea9-870a-b4a4-9610-d1d19d6d5c19
78038406-146f-494d-b475-605ce8d85490,4380ec9f-55a3-0d94-d382-6475c6c754fe
781bd7c1-7e89-443c-b9f6-57201acdea64,eb74eb85-f1cf-cdcf-e52c-dbd06550b9eb
c762718a-61ec-9abc-3b14-9693efd5de9e,613e62aa-231e-ee06-f80d-2163d20ec393
783d2d4f-c098-a399-2f42-f7b3eaff7bb4,34c0863e-0545-e286-1b2c-18a5b7934ddf
7825b219-5703-74c1-a8c5-edca4a1823a1,ec1746f2-303a-66fa-ce42-5322b669a44b
785c0703-e11e-4f71-8036-90f6edb8eee0,669eaf6a-ade5-cf34-f36d-3443c0103eb0
788ef291-4326-41b0-adc5-886d114b4144,a08fa2f2-23cf-3d30-ffd5-66790d4fd439
787aaa9e-d802-5cc7-57d5-fefcd6aff6c3,3174c1d3-308c-54d4-5849-2b105f738462
78ac132c-d757-a275-5033-83d55d198c28,39f39760-6851-4100-09d4-9515794c5521
78bc06a4-fbe3-1a07-b057-9d63f4a838a8,b09acc00-7094-784f-7267-fe87214c132b
78e3be39-db50-c38b-f6f3-79512d322329,5453c9f8-3a95-c59b-e0e3-eb1d47a6fde9
792e5070-cf6f-1041-ab23-7d6b5e551522,a08fa2f2-23cf-3d30-ffd5-66790d4fd439
7929c994-3756-42a7-afee-2518ba7c86a1,14e9d5ee-8cf8-32ae-c074-e83451a7943f
79589f2a-9147-dcb5-3d1b-4d47cfcbdf94,11ee0b7f-2316-9a2c-3574-0701fbb4f76e
793cca38-51bd-d407-5ca5-51d067209a73,a08fa2f2-23cf-3d30-ffd5-66790d4fd439
79af83c4-976a-4701-85ae-e37174abdb9b,bad5e720-63d5-cd3f-f291-560428b2259e
79d9f1b5-289d-c0c3-3765-2a8bb82fef41,a628a93b-0ef5-5d70-c28e-ee8c3540d806
79d9aab3-a1f7-5266-fedd-a622e0fd2f78,32076e92-9fe5-3fc8-2ca3-bd3607011db9
79eed868-129c-41f6-a065-c8201fd0e2c5,b3a4024f-027d-c0bb-7df8-956aa66ce18a
7a1b8721-1bf9-40e1-ad67-912d69476a56,b3a4024f-027d-c0bb-7df8-956aa66ce18a
7a471721-de0c-4e89-11f1-c2c350c5ac62,e186ee61-64af-f4ee-7383-54c9cc2ddb0f
7a54a37a-038c-6eda-fcf8-88ef6f80a415,c375a960-10d9-c90f-1507-325fe6ebf5ae
7a558ff3-27e1-4882-8d3f-f8592ca8d0c8,cfc981d2-e13d-500d-77ca-616939d7dcd9
7acda82b-a1e4-4e43-87f7-d791152ec4ae,30edfd47-0886-ad4d-3f52-7845546ea676
7af09a34-61cf-9ebe-fad6-64f2b78754e0,d96ab8a6-2063-4651-8b86-183267d8ad75
7acbcaa5-cd3f-f23d-d644-aa44ee1ea182,cc676796-e1fb-e741-b574-a50043d4949c
4acd14b6-ca8c-f36f-0dd0-08747eaff14a,bf7d10ba-cbde-0e18-5ff2-20c99b86f484
7b1e3241-01ab-0869-f352-801b00ed278a,401686de-3da0-cb99-2553-5824925cda98
7b3a6e32-2fde-b75b-1dc8-9c25c5ea3956,2195bf2e-9c76-1d56-3e81-40bad37bf099
0b09614b-198d-4cce-8e1d-820eb7615aef,bf7d10ba-cbde-0e18-5ff2-20c99b86f484
7b297072-6a5c-4ee5-89f9-c18ef032c2e3,b0e75df3-2c67-7d09-328e-01e540c1cce3
7b9cc820-4bb5-7a14-b836-037f1ff59750,c00c5233-b592-b942-9966-192f36f04367
fc449022-9b0f-437b-2d9c-a2fd6f9dce76,bf7d10ba-cbde-0e18-5ff2-20c99b86f484
7c45c172-79a8-7297-2a89-6f2a2724f432,b4c462de-a2c8-6c12-051f-ffe95c6110f6
cf97448f-ee04-7236-fd4e-c020bcb23847,bf7d10ba-cbde-0e18-5ff2-20c99b86f484
7c44b2a4-9b09-458f-b66c-71b29798b487,eb74eb85-f1cf-cdcf-e52c-dbd06550b9eb
7c63cf56-d6ec-40fb-9edd-9e5e694493e8,eb74eb85-f1cf-cdcf-e52c-dbd06550b9eb
7c5728a4-7248-4254-c8ac-d3bbf7323388,4ade8636-8f37-9210-4986-dfb34b471b52
7c5a1460-63ba-4197-af2a-cb21d67f474c,03b377eb-7cbd-468b-9ce0-8272ceae0a1b
7c9cc94e-9bbe-b6f8-46b2-084c1d1cd716,96b5ed88-b99f-680b-e1ac-1eeb6dc46790
3e16eaeb-c717-784c-6efd-f665068aa9c4,4c6ef350-6c5c-38ed-3c82-9fc484b5accd
b98c429e-b952-4f9c-ac4f-503cc0e7a435,24a1909d-873c-b449-2f3a-0a3b2358ca8c
b98d4c20-f10c-3b76-4e1f-c54aec66c9e9,24a1909d-873c-b449-2f3a-0a3b2358ca8c
b9a84d6e-0dee-8d77-c93b-e806496c7a99,24a1909d-873c-b449-2f3a-0a3b2358ca8c
cd8c4357-6eb9-37dd-2ab8-8cb8e7111c71,24a1909d-873c-b449-2f3a-0a3b2358ca8c
bf34c241-b063-45cd-a9e6-cd7f2728437f,24a1909d-873c-b449-2f3a-0a3b2358ca8c
bfda7b41-0128-0f4c-d7ff-8ff59a21370c,24a1909d-873c-b449-2f3a-0a3b2358ca8c
d7b41a06-296d-bf42-4544-9c5693a98d52,24a1909d-873c-b449-2f3a-0a3b2358ca8c
ddd0a828-1731-ed50-24b9-d97fdf4ccd1d,24a1909d-873c-b449-2f3a-0a3b2358ca8c
f5dd9b2d-e879-5de0-51e4-061fd4d0681b,24a1909d-873c-b449-2f3a-0a3b2358ca8c
e85b076c-2cd1-f46b-9832-b936b8be07cf,24a1909d-873c-b449-2f3a-0a3b2358ca8c
ecdd217a-8955-3bcf-0f50-087c2621aaa6,24a1909d-873c-b449-2f3a-0a3b2358ca8c
fd8c4d05-4cd1-7412-eafb-84a7eb33041e,24a1909d-873c-b449-2f3a-0a3b2358ca8c
1eb67359-f6a3-4859-975e-d715cc7efb49,24a1909d-873c-b449-2f3a-0a3b2358ca8c
1fc804b3-3065-4b28-2b6b-e57b12bbef9f,24a1909d-873c-b449-2f3a-0a3b2358ca8c
204d7266-4fa0-2ca9-4845-a7007f1fd1e4,24a1909d-873c-b449-2f3a-0a3b2358ca8c
11a31059-91af-06bf-e2f9-d537c6b9610f,24a1909d-873c-b449-2f3a-0a3b2358ca8c
48fffe13-2bc1-868f-9bb0-f69a8005597f,24a1909d-873c-b449-2f3a-0a3b2358ca8c
4cb2d988-16f7-4fcd-80b0-7261381536e3,24a1909d-873c-b449-2f3a-0a3b2358ca8c
517c7e5e-ca32-6402-280b-4e71b0fe4ed6,24a1909d-873c-b449-2f3a-0a3b2358ca8c
52490e7b-3f31-4bf9-6c63-5327fe3c1421,24a1909d-873c-b449-2f3a-0a3b2358ca8c
5ff6ad51-fcdb-b7f2-44a8-93de3583a313,24a1909d-873c-b449-2f3a-0a3b2358ca8c
61991352-b53c-e810-250a-baef8586495e,24a1909d-873c-b449-2f3a-0a3b2358ca8c
62fce365-7c67-4cdc-b7ab-c226997f9e88,24a1909d-873c-b449-2f3a-0a3b2358ca8c
63263c44-6486-59cb-07c9-38d9fba5726b,24a1909d-873c-b449-2f3a-0a3b2358ca8c
32080df7-e0f5-4e9c-f90e-6b643ff0aa70,24a1909d-873c-b449-2f3a-0a3b2358ca8c
7b4dfc23-9d1a-4926-b6d8-9a4fa8498dbb,24a1909d-873c-b449-2f3a-0a3b2358ca8c
a55cf843-bb65-87b6-ee8b-042150537bfb,ec30b865-cf1a-4f50-ad67-6511cbaa1b0d
87fed6df-752e-355d-a414-1fbf3a09c024,5cf33d4d-2066-4ac5-9775-0d3cb92e7bc2
ef9ed45d-4c0d-1658-d343-a13604620ecf,ba36ba5c-cf7a-dcc7-19f5-2a96ce459cb2
b582b121-6cd6-63f5-208b-b85e21ae364e,5cf33d4d-2066-4ac5-9775-0d3cb92e7bc2
80617de7-a13a-113d-5b98-72adc1deb869,f6441537-a850-a350-0424-1a2faed2838b
af9269e9-8639-e5c1-f132-11373902590e,f6441537-a850-a350-0424-1a2faed2838b
c2131b6c-7ce7-d2c0-d9ec-417ac540e773,f6441537-a850-a350-0424-1a2faed2838b
382b278e-5374-a5a4-187b-e841d5afac59,fe4a631f-4523-68ff-4c5d-edcec7d43939
dd2b1f97-8300-e7c5-0fd9-3d214c7f0b51,e6a987f8-623d-16cb-8d13-2051361825b3
4bf42624-9402-febb-1c77-8bc32cf2e352,b46b94c6-b5f3-c89d-822c-2507d07ecbbf
67afc812-7777-c34a-080c-f57130c84326,b46b94c6-b5f3-c89d-822c-2507d07ecbbf
68ba8191-aee8-bbd0-d272-c9b56ec07494,b46b94c6-b5f3-c89d-822c-2507d07ecbbf
6b4a199a-5716-81a1-2d9b-95ddf874f7fb,b46b94c6-b5f3-c89d-822c-2507d07ecbbf
6fa9f08e-880a-5ad6-9014-5f83c38b0ef3,b46b94c6-b5f3-c89d-822c-2507d07ecbbf
71c7f7aa-7b38-6717-8820-951cafd5a773,b46b94c6-b5f3-c89d-822c-2507d07ecbbf
4c2e6047-b1a0-ce0d-249c-f139a461922e,b46b94c6-b5f3-c89d-822c-2507d07ecbbf
ea8e9129-054a-f7b2-eef6-63a973256d06,b46b94c6-b5f3-c89d-822c-2507d07ecbbf
f0e60c71-8425-e385-c873-0b122813ff0a,b46b94c6-b5f3-c89d-822c-2507d07ecbbf
2854415e-c712-d6fc-494d-b5a8a3abcb62,b46b94c6-b5f3-c89d-822c-2507d07ecbbf
133639d3-4efb-0c18-f935-36c4b3b0776f,b46b94c6-b5f3-c89d-822c-2507d07ecbbf
5ee75d89-77c4-7cd3-37a8-b91f8a2b9e5f,b46b94c6-b5f3-c89d-822c-2507d07ecbbf
621b0b22-fd3d-df42-088f-94ddf63bcd23,b46b94c6-b5f3-c89d-822c-2507d07ecbbf
749efe6f-959c-b88d-4aad-60e5196f6aea,b46b94c6-b5f3-c89d-822c-2507d07ecbbf
7505bce7-0f55-1ced-98a7-50db90fa14d5,b46b94c6-b5f3-c89d-822c-2507d07ecbbf
7a5750d4-08bb-60d8-960d-a344042a4b3b,b46b94c6-b5f3-c89d-822c-2507d07ecbbf
9c08e180-2d3b-1185-364b-288429c5f77a,0df08c9a-9bd8-b51e-d933-0c89c30c6035
9a334656-a3b1-f61a-58ac-524c0ef29640,f34ce96c-a28c-802f-7eb5-aa31c5be8f14
2814cdcc-e53b-47d5-879c-c158e686130f,b3bd404f-c429-d4f3-3ce7-69ebce477b61
877ccd63-7c80-4652-a9dc-717b70786300,ea84460b-34c6-d71c-d993-ac704ea1418b
92f9ed2a-b378-4881-1dcf-6a845ef6781f,a6af3a14-f1c5-63a6-f48c-ee20e3d9a33e
04498fba-41cb-49dd-85f3-baf0ebfcf969,c34b2e80-1d2a-495a-65c6-aea14e2afa12
4300c1a7-31cd-e0ad-7a41-f7f03fdbb44a,5dcf5085-d96b-8242-0ed0-581cf295304d
7ca82d96-d820-6098-4da9-22f7e3059cee,077b1723-9100-708b-7b7f-07e76f41b038
a99fee8b-8f56-1888-e57e-d4d29b145d60,07bf0472-baf9-fed2-01e5-9e163b47866c
1447810b-8f32-b238-a96e-521a0fa8fde3,046803e7-46c1-2814-0540-3ecf4cf6d9d3
814bb3c6-f2f2-0ba4-1c4a-cdd0e53e2bb9,07bf0472-baf9-fed2-01e5-9e163b47866c
940dff36-0e14-dc71-9327-aa6a10647c17,07bf0472-baf9-fed2-01e5-9e163b47866c
c76744a8-b8b8-2d32-88ad-323bc2f71661,07bf0472-baf9-fed2-01e5-9e163b47866c
2440580f-3f58-926a-92e0-a1fc7026f7e8,07bf0472-baf9-fed2-01e5-9e163b47866c
26e349c4-ba8a-003d-15ca-ef03e607fc96,07bf0472-baf9-fed2-01e5-9e163b47866c
1d783462-d6ef-d260-5272-62a15ff86aa0,07bf0472-baf9-fed2-01e5-9e163b47866c
39f629fd-1eb2-d460-594e-7b17f5d3cfd5,07bf0472-baf9-fed2-01e5-9e163b47866c
537f9b16-d9d1-b469-5f08-c43fc7cd7892,07bf0472-baf9-fed2-01e5-9e163b47866c
5ca7e712-d137-7d4a-e8f0-a3924fe796aa,07bf0472-baf9-fed2-01e5-9e163b47866c
642d865d-2a09-ac2e-76a6-ef7da1d7f58b,d6e44140-d18a-8ba1-ebea-3a8e3915257f
6a8437a2-fcd0-41f2-9c55-52dd9c8c62fc,a3882c5c-8fe8-9ec7-0991-77e37691dabb
d1fb7f00-a76a-e127-553e-1693202a26f0,9f6d1068-fe7d-eba6-d789-da02cbf5b364
239f7f17-e077-f69f-f568-53b459327520,9f6d1068-fe7d-eba6-d789-da02cbf5b364
c2f315e8-3676-1729-a046-c417cd0fc684,f82fc139-4768-11a6-2456-359dba88a5b4
67dd6de6-a30d-e9d4-f16a-f6a297fb8080,ae8140b3-e9c9-d645-a067-8e7417441814
73329a2b-929e-7f70-93e9-3ce23426a47f,7ef3b79c-d473-c7ea-212b-023d2db4cfaf
792ac3c2-7bde-ad83-2868-a22fdc52fe8a,e186ee61-64af-f4ee-7383-54c9cc2ddb0f
ac54dfdb-9006-6681-88f9-99fc063e7601,ad775413-6eb0-8594-541f-3e6bbdc9b4e1
eb72e93a-45a6-411d-c87a-6e111ca44386,ad775413-6eb0-8594-541f-3e6bbdc9b4e1
9d91761a-7707-54b9-0d4e-21a94c04a0f2,3b7ec83e-6da2-7614-6475-bcb8a709db12
57e321db-807d-4187-e51f-f9a7444df441,3792b43f-7b45-8d6b-9f66-3e44573c96d1
e1a45033-cd70-8b60-5670-0817d3324dfb,848434c1-62b3-1485-8299-d87fc515b086
00fba792-c308-4d91-9dd1-86becfbfdbe8,c34b2e80-1d2a-495a-65c6-aea14e2afa12
bbf36a6e-475d-4598-a509-f4ae3e86e435,52a66aff-d6c4-238e-2d1c-f7e4b1b63c8c
38f436a6-ebcc-ca27-bbd5-495b2cf82866,52a66aff-d6c4-238e-2d1c-f7e4b1b63c8c
652bf063-1e04-76ed-a411-bc77a480bf30,52a66aff-d6c4-238e-2d1c-f7e4b1b63c8c
337051db-bf5b-ec2d-9590-f6bc4ebc7b86,52a66aff-d6c4-238e-2d1c-f7e4b1b63c8c
862996d0-eaef-02d5-bd94-b0802f869fbb,a3882c5c-8fe8-9ec7-0991-77e37691dabb
e9da0891-ff04-fef6-dad6-245d1a22c2e3,a3882c5c-8fe8-9ec7-0991-77e37691dabb
fc966003-d0fe-1e5d-d042-bac9ba86b5af,a3882c5c-8fe8-9ec7-0991-77e37691dabb
28a8abc1-7b2f-55d0-7dac-1208331165b1,a3882c5c-8fe8-9ec7-0991-77e37691dabb
20a1c8ef-4eff-d09b-8e56-477ad835ae39,a3882c5c-8fe8-9ec7-0991-77e37691dabb
a8ef0e0d-e811-0b08-f422-48b6f1610785,0790d89f-db53-9a97-7e66-3e023e4184e8
ad313355-97e3-b5c1-a520-cec9d44d4bbf,179f30bd-a130-0673-70d7-1f580466c2df
2fc553a7-2b54-7389-1f57-80cb7e4f3e1a,324fc8df-0c2a-01d6-d3bb-b378f2c19716
a9423ecc-3dcd-8f5f-7a0a-34aa34bc2ae1,607c6276-a6cb-71a7-2206-72c7ebb031d9
f99c69e9-434f-684c-9fec-be8ccee8e84f,1f5f9154-8bb0-6b72-9cba-b2ea5b23b666
ab7ac319-d044-63c7-f07d-385823c2607b,e84b0eb4-88fe-a908-b437-8a24100e13a2
46bd8e7b-4c1e-baca-9494-fc3abfd87388,e84b0eb4-88fe-a908-b437-8a24100e13a2
ab1b603a-7e3c-8234-1032-37841c7e3a01,4d6f061c-e24d-1a69-9cb8-b474af634e6c
b19cc594-69c6-b299-564d-3c7c13c1e8a1,66ec4371-194d-a288-65d2-7c7ab801417c
6a0fd861-d62b-2f80-7284-3b76275f5e1c,66ec4371-194d-a288-65d2-7c7ab801417c
dff63a5d-e787-40a1-aa68-d94958f3e099,b12a081c-aa7e-426d-972e-4da6ad2b147c
8c078534-8057-fe45-3166-4d5a6dee264e,88f50a3e-a200-4410-c3b6-88da39e605ef
816a502e-913d-66aa-ec37-1dcf3733b49e,179f30bd-a130-0673-70d7-1f580466c2df
81bc09b7-349a-d694-8dfb-7e48d3c3c3b2,179f30bd-a130-0673-70d7-1f580466c2df
2f5f5b7a-eb12-5024-5bfd-d6ff7dea50f1,179f30bd-a130-0673-70d7-1f580466c2df
c2e88b3b-f7c8-ccef-9968-fac6fc93813e,69d6409a-ee51-3e7a-d354-ab8b17e24726
c3f5c95f-2273-5a8f-10e5-4bd8455a59ed,69d6409a-ee51-3e7a-d354-ab8b17e24726
4cf8abd3-76d5-0958-9354-ac8ba3713264,69d6409a-ee51-3e7a-d354-ab8b17e24726
508f35ff-ace5-38d2-4148-3047e317e517,3288c4cb-a67f-fd0f-f463-385ab9575101
4fd27dce-a8ad-db90-e73c-f5e5da8fe28b,633a8a0b-151a-a6e1-e8cc-bcaa38dfbdc2
0d5e03f6-a1c3-fbe8-d525-1cd32e1398a6,30edfd47-0886-ad4d-3f52-7845546ea676
a2f1abda-e9b0-a937-14e3-c15f967a9b2e,d90d0af2-1945-73a3-a8e3-777bf0e81c22
b095dd02-05f2-25c7-bd38-b4c091a785e9,c34b2e80-1d2a-495a-65c6-aea14e2afa12
30790896-ddd6-8c39-9231-d64d5065c487,963c9b75-1356-856c-c923-aab93a1202dd
7877a339-4ff0-09a9-3799-10eb74cdce47,963c9b75-1356-856c-c923-aab93a1202dd
461c5eb8-56fd-0f6d-b4f3-068e975b52d1,4a08c3e0-d4ce-2bbd-eb94-61d036e408ca
9c254fd3-8e14-146a-940f-8bf49c7ef93d,11ee0b7f-2316-9a2c-3574-0701fbb4f76e
7cf8efd7-6a10-1be6-4484-cfa01186706b,8fdb27fd-3e4d-7b9a-5413-7faea30acfe0
f72493a1-0cf3-a75f-055a-3c96ff46bf56,11ee0b7f-2316-9a2c-3574-0701fbb4f76e
ed9360e0-38f3-4ecd-a2d2-4f9466062b48,11ee0b7f-2316-9a2c-3574-0701fbb4f76e
2097cc17-a592-5c9b-80a6-d3cc8d236900,
e8c083cb-5b1f-d884-77d3-a385951df898,89678216-ae8b-a2dd-512f-9235dd4f37f0
db88ce7b-277f-2c7d-aead-fd6f5e2a2d1f,956a6f92-ea42-3821-ab80-8cb40154a679
5af4e77f-bbc0-bbd8-befd-76eb5662cf5e,4d663160-e078-7042-0675-ced0c4442aa2
a667f41d-01e9-4b71-992e-9c1922c7a215,98a57df9-80b2-4634-9781-e72daf6340a4
a912e892-056b-4351-a102-5343572fec13,16f89f1d-2d66-0cd8-6e77-c5fe9f2dbbd0
af8364d7-edb3-4c9d-bc05-fa3025aec986,92422347-6494-1dfe-e4a8-945dfcbc3327
a5937eff-3e04-424a-8525-ee46e696de6f,92422347-6494-1dfe-e4a8-945dfcbc3327
82462edd-f1f7-4ea9-94d1-1c394c3e9512,92422347-6494-1dfe-e4a8-945dfcbc3327
50b50112-037e-449c-acb6-1592704d06aa,92422347-6494-1dfe-e4a8-945dfcbc3327
8555a922-63b7-4194-bd68-ddecdf2e5cd6,92422347-6494-1dfe-e4a8-945dfcbc3327
3cb960d7-bdb4-4d77-88ef-6f5775de716d,92422347-6494-1dfe-e4a8-945dfcbc3327
caf63b6a-ef7a-49c3-a249-de0898cd36c8,b052c665-4e81-467b-2b5d-1798072044a6
ed42f8e7-44ed-4bcc-bf71-2222e56b545e,b052c665-4e81-467b-2b5d-1798072044a6
5a89be18-9ad0-4511-b923-619e37ffd75b,10b13044-6646-4c65-2c7f-d73aa8cafc98
e23605a5-5c42-4452-b21d-0549b4b05013,b052c665-4e81-467b-2b5d-1798072044a6
9eda04da-b0e7-4a86-8231-94179921a976,b052c665-4e81-467b-2b5d-1798072044a6
70804a79-3790-43c7-ac42-0e6daf2e7ee8,b052c665-4e81-467b-2b5d-1798072044a6
24f7494a-6705-452c-ba87-4b445f3bee30,b052c665-4e81-467b-2b5d-1798072044a6
917bfcbf-6a0a-49ba-893d-803fa4453ba3,989411dd-aaa2-185d-87f4-76c5b494a7ef
492adf24-6ca4-490e-974a-4c666c0cefb0,b052c665-4e81-467b-2b5d-1798072044a6
d17010ba-c84b-485f-8fc8-b176dc74b284,b052c665-4e81-467b-2b5d-1798072044a6
872c0a91-4ced-4516-91d7-6d0666ffbc79,b052c665-4e81-467b-2b5d-1798072044a6
831ef3d5-105c-4488-b2c8-265b5eb45a97,b052c665-4e81-467b-2b5d-1798072044a6
5af642b1-e074-44c3-b37d-26beb3399a19,b052c665-4e81-467b-2b5d-1798072044a6
dea16583-4d5b-4b06-8f63-4fa69040a060,b052c665-4e81-467b-2b5d-1798072044a6
e33ede70-840e-4248-9d3c-8f7cbd07d0c3,6a7e7820-3f44-a460-a732-b94b8de92b72
8a9a606f-a3cf-4c25-9a61-b0939a62f8d5,6a7e7820-3f44-a460-a732-b94b8de92b72
679510b7-1808-4d9c-b827-9212bbb23166,697eb176-3776-5ec8-952c-58d4b1d073a2
b626e8df-bd2f-4afd-8fde-393a3fd92265,a670f9d5-fc76-27b2-31df-6047a233b2fa
8624a20e-3ccd-45e7-8ad8-ad4f1dcb92e2,5bca1f70-ca60-0617-6991-0a6d743dfaa5
d7aa52d9-8f0c-4185-94e3-20a1c3c8f85b,79967043-349c-d875-4c6c-e9ac391ceb80
6b73b33f-a251-48c0-8cc2-18d086e7bfb7,79967043-349c-d875-4c6c-e9ac391ceb80
27c388dc-abd4-41ba-950d-e04019f11eac,aed0d5fd-51a5-14ea-d0cd-0c439a68fcfa
f6014a0c-880b-4be5-bf6c-8c1cf6816b81,79967043-349c-d875-4c6c-e9ac391ceb80
26c3a81e-9acf-4483-bee8-d77b85414e2e,5f011faf-c350-1f0f-23c8-d4f9f2c32f92
465550bc-216b-4f8d-a7b2-dfd79e4ae075,f191cb1c-a4fa-68dc-5718-9bc9b70092ba
f297b61e-defa-4bf8-9d54-837d96eabbbe,dbc92bb9-8fa3-b3ba-6f4c-dd841c6a8796
3c939d1e-fac9-49cf-bf90-eeb574940ab5,989411dd-aaa2-185d-87f4-76c5b494a7ef
d2ccb264-d877-4e99-8387-e6842eba2c09,d1f03d30-5189-9430-d240-804ed70861f5
fe06eac9-1851-4e0c-af31-c964c4bf7a9b,537932fd-1438-d42b-bc8d-ba38f0889f0b
a81e123a-10cf-4a6a-aa0b-ad826bf05ae0,c73ffcec-b1c7-7b35-892f-f7f61a721187
88d4e8e5-a91c-4e01-806f-2c052a9235da,5bca1f70-ca60-0617-6991-0a6d743dfaa5
b2e2ee08-bad8-45a2-8663-062d140a0a4f,0d43ba24-56a0-075f-3503-7ddf5620db34
bbea94ad-3818-4e16-805c-f29686fd5fa1,95402b5f-60a7-e39b-264b-16d67c44311a
b933a00c-345b-4b00-b178-eeb9b20e38d7,8ac17922-92aa-5eb6-53cb-af91a3da7c45
e46a3829-5cf5-4cb2-8f0e-3fd5111752d3,61ba4b36-ef23-1195-cf59-8364cfef849f
a85f0ccf-f311-4ddc-9c34-cd74eab4ca3a,7c4ef586-865d-d475-2918-a756d9748306
04f28c7d-ce74-42a5-ad4c-7509982e82cc,537932fd-1438-d42b-bc8d-ba38f0889f0b
fd28b102-eea5-4538-bbb8-1d59e36dd54c,13c38bb7-47ec-4d83-d52c-596b9e69af87
1533fea5-4c9a-4c82-92a6-f1a4f45527cc,ab708365-c738-8357-5438-13d6ada3a4e4
7feee8ad-6d86-43db-aa0d-faf73ed612f3,7c4ef586-865d-d475-2918-a756d9748306
d4126381-6a89-4f3e-b049-d9f1c0ad5c32,69e98cff-170a-2ee4-11d9-dfc7e42d18fb
2297a599-b6b7-48a0-ad28-17b277500804,33ee0c93-328f-aceb-bc08-ac434568c62e
85d8c574-bff9-431b-85a5-a5da5164b45d,7c4ef586-865d-d475-2918-a756d9748306
d9a09d0a-26f5-4bc6-be7b-fe10e5f37bb7,6ed23078-5971-a432-1ccf-fdab72ca0d21
58a480a0-5385-44df-94b3-fa1afc546f0b,33ee0c93-328f-aceb-bc08-ac434568c62e
cd0ed612-a7b3-415d-8049-bb013e33611b,eb2d22cf-257d-9386-748c-ffd1a6b8ba56
dd6a4097-c980-4f7f-94a0-e9753c39e663,62515558-997b-6c49-d80d-b90bb051007a
42cbac66-ceea-4869-ae23-21f309ec5808,7c4ef586-865d-d475-2918-a756d9748306
cebd860e-e539-40ff-bb03-57896e4596f6,46a56ac2-5b01-06a9-35ca-0b5b30c2925c
dcae7a84-a15f-4165-9d45-2974d2bbfdb5,441ef858-5cfd-c241-56ed-3901f833095d
bd42c61d-a7c8-4377-8508-2698f9156bcb,44961e5b-0aa3-7f0d-218e-f41e9d7abd58
5d55f48b-bf34-4a67-abf3-bce0206f0c6f,74eaa0ae-1249-c9b9-986c-6b14829f025c
e8d2dd17-1eac-4216-b7ca-c61502489329,17619f8a-4916-d3b9-158a-0dadc39f1dc8
16a450f4-43ae-493e-a8bf-14eef630b35d,8a55306e-120f-3977-3fa6-106b88661577
29c3298d-f97e-4b41-bae6-5fe644223a7d,2a76bf25-839d-0555-7b4b-bf3e9f93c323
07e31276-4c67-4f55-882c-ce01d4cc7ed5,25d70b8b-c027-0027-c8f7-ad9652148968
a83aa203-a219-4b7d-b2b6-d290f4aaf99f,be270a1f-da08-a531-3ae1-c0c63950410b
ca751927-bee9-40fd-a16f-789ee6960ce8,537932fd-1438-d42b-bc8d-ba38f0889f0b
16aa1205-0e7e-44ea-85ce-2c023b27740e,b1e11f0a-b4df-5c62-dfed-c75654e14804
e1018dee-8d23-4c7f-8ce7-2e3dc69cb5b2,be270a1f-da08-a531-3ae1-c0c63950410b
d9251f9e-b553-407a-9a3a-be667970ff2f,97549bc5-0044-19ee-6841-10e73f90950f
d1188df2-e99e-4449-bcc2-2224d943e61a,ad761c01-9e66-c0ce-98af-455dc55b5ee1
28b93dca-eb08-4984-9c43-02a44748a829,4c7e49da-a56e-f99f-0c8a-8320a3127be9
b1c38e3b-0a37-4760-8aa3-f9817e87d3d2,49116a97-4507-8a00-d1ce-857a0cf4e249
bb4d02b3-0479-460f-a72d-a2ae90848a72,49116a97-4507-8a00-d1ce-857a0cf4e249
c4aa3aa0-7b0e-4d73-b136-44faa3487598,3210f3d0-8741-9671-2716-1984a64e7704
019b19d4-5cf2-4651-b201-75afe62c21d5,d929e77e-24f7-f139-3fbf-8ae819435f6c
d4767fca-70c9-4046-b13a-6ab0ad069ad6,62bc9b7a-8500-3345-7dd3-07f09a04de8e
fe3593fe-6cb3-4859-ac3f-a70ed74ea377,7ca85ecd-ca43-36d0-9bee-529c94cf3f8a
eb11c93e-2bd0-4212-b68f-c61bcb6e7a12,650204ce-0927-1b80-6a9c-b16a7429e752
35e7ef80-5129-42b8-903b-0b537b6b9578,085080be-d780-80fd-4161-a7529df689c4
54ef0047-7898-4e6c-8a26-b047f8b88059,d929e77e-24f7-f139-3fbf-8ae819435f6c
485d4524-ea1a-42c5-9644-6694ebdff5b3,085080be-d780-80fd-4161-a7529df689c4
10f7c51c-1429-4451-b1ff-9c87bf99ffaf,a2c09580-cbf9-f153-976c-ac057f70b4ce
e79d3269-4e86-4638-87ef-8b5c6ec0b534,4c7e49da-a56e-f99f-0c8a-8320a3127be9
51c5653e-c3ee-45a9-94f0-d6377a47e799,9a30fe2b-e901-0cb3-5116-7ac9cc5c3504
c89413e5-40b6-4a04-ac33-d0ca411325fc,54dfda60-4bb1-6f16-39ed-f4044efc7d99
58483388-c652-45cf-8a5c-7b431199c922,9a79dc1c-b6c4-8035-086f-4f01e526796e
b197bed5-4c32-4a59-aea0-a29cb1c5663b,dbeb1234-46f3-cd2b-a707-57dc53d64188
3f4921b6-74b6-4915-8ada-362a32f191d7,7856f9d9-201a-dec0-cdce-8daf032ca6ca
79727371-8ec8-41c2-a1b6-84e2f853cb0a,3e285e97-15be-fe11-a3ca-97b02d95d4cc
be165d8c-b3b9-4530-b291-49a48959e6eb,accc5478-e4dd-05df-3f73-7821a6bd86d6
3b840021-4d13-459e-a720-716964d4e80d,35b2c8e3-68b9-0f15-1e7d-0b2b0ac3e32b
cb751141-8882-44e1-89a4-7cdc96a981b5,26910b91-c179-9762-cb9a-0a9a8a20280e
74a0d440-1887-4f30-8edf-b203d796cbf9,24634ed8-2798-ddec-3886-522d7bb359ec
42689ffe-92fd-486b-8b6b-03469e68e4fd,5befc145-867f-d608-ad47-a4fee5d4a19b
41268bf2-ab1b-43a7-bedf-262a88ce1051,537932fd-1438-d42b-bc8d-ba38f0889f0b
e6b43815-18ae-448f-86d0-312043a4292e,05c82c3c-31a6-bcee-3646-91660bd15ee7
20cbebf0-1512-4658-b16c-d54c11ca0e86,6732108a-6281-92fd-0633-642b46402fca
5fbc1062-6c02-4de5-8c2f-7bf4875972be,72f1c6e6-d503-2998-592a-91456098d7d9
ad626f6e-750d-421a-9847-71a2ba841da3,af88b99c-29da-95eb-b311-965a8d189c51
050f6e9f-1f9d-48f0-9654-41b7d25da089,f6282d31-94f3-622d-cc98-ddec6f1e3c21
7f2f4806-5b09-4594-b69a-f135b4433787,5bca1f70-ca60-0617-6991-0a6d743dfaa5
cc7125ed-d03d-4d6c-ade2-677be0f622d7,67e3a472-48ba-3167-9308-21b174939a63
da27d050-557f-4541-8a3e-d5b37cd67533,a9bad233-9b12-fa51-f701-c2378769b9e6
aa83ba8e-3602-474a-9df3-ffc91c055552,4bab8783-8114-3319-506b-6725f08f705f
9b5a6285-4cb0-46d4-b3ac-5048923968f3,a60a244d-bb42-fffd-cb62-7e3b2c1d0e40
541f593f-855c-4acc-a20e-bb9b0c39a157,6e690c0b-37a5-5f1a-3036-723e9b3f51d4
7f26027d-27dd-41b5-ad25-f96caddccb1c,79967043-349c-d875-4c6c-e9ac391ceb80
0b6a4d61-1f14-48ea-a8b1-1282649b32c8,281708d9-807b-eabe-fb9a-d02bef4704f8
3a407857-a226-4606-8917-c7656bd0d01e,ed94c316-5846-5aed-6fbb-cf9e9704076c
8f2144e8-c48b-4624-920a-58a9a6a705e7,79967043-349c-d875-4c6c-e9ac391ceb80
71861b3d-342f-4717-a0f1-b5d733e3d093,0bd3fbfa-4c3f-943d-7d72-96878e5ee9f6
0637363f-8070-4c5a-b820-454ae5a9543e,c3e591e6-3307-4552-b81f-4f27db1b2e5b
890d6c3e-4606-48b2-881b-5985780ab248,441ef858-5cfd-c241-56ed-3901f833095d
8f605182-d539-4258-a33c-0a9c7a6841c7,3abe2ed8-e4ef-631a-ac4b-348ad001c39d
59bfc1ad-f47b-45fb-87af-10df0858c620,3a113ff1-3713-d5f4-c624-bb8fd9426f33
27940340-31b1-4e28-93f0-cef8f3168e22,6ed23078-5971-a432-1ccf-fdab72ca0d21
5ae92679-c70c-44c5-8117-ed5281949ff1,6ed23078-5971-a432-1ccf-fdab72ca0d21
f4c98347-b6cc-4244-be84-0caff05d23cb,6ed23078-5971-a432-1ccf-fdab72ca0d21
2524cbc4-81f2-49e7-999c-f5862846caec,6ed23078-5971-a432-1ccf-fdab72ca0d21
37a12fe2-af1e-439b-8ddc-79f52512e16b,6ed23078-5971-a432-1ccf-fdab72ca0d21
d6296106-9c04-43b1-9dd1-bb901c114c3d,6ed23078-5971-a432-1ccf-fdab72ca0d21
c60aff86-0e74-41b4-bec8-9ae7ced1f0e5,6ed23078-5971-a432-1ccf-fdab72ca0d21
d882a511-286e-4be3-b495-53ed693ed6da,6ed23078-5971-a432-1ccf-fdab72ca0d21
6be63882-7fbb-4102-bbb1-8834cbc50567,6ed23078-5971-a432-1ccf-fdab72ca0d21
02b3fc36-8221-4c68-8713-c1e6d420c1c2,6ed23078-5971-a432-1ccf-fdab72ca0d21
40587742-0b90-4223-936f-de00ae8498f4,10b13044-6646-4c65-2c7f-d73aa8cafc98
a63a04eb-9fbc-4cda-bf21-c95c883cddf6,0a2e3e26-9edb-f3b9-eda2-7422f6c79d70
255ea0d5-826d-41ab-8632-4130f2289e37,fff82785-972f-bad6-19e6-9a0bb63029cd
8dd2f183-0446-4509-b0a3-63ec2e78a789,ad2c48c7-c1b3-b113-b46f-04cc8fd22df6
4271a204-c1f6-4f12-be55-5b958042f3fa,97549bc5-0044-19ee-6841-10e73f90950f
6fbfde93-421c-4ca2-9763-30e44aee3440,97549bc5-0044-19ee-6841-10e73f90950f
d6a33831-40b1-4b63-b1ec-ae0b79e2f7bd,0d2e8e28-d466-867e-d067-c06df55987ca
8872be7b-a213-4ed6-aab5-d947e4e2b049,63065a18-f607-6caf-a2d3-84f6e45457d1
32cc5a86-c1c3-40e6-b09f-a04b0b606cf2,54dfda60-4bb1-6f16-39ed-f4044efc7d99
ef98e1ec-e5ae-4b17-8827-71835dd428d5,5d421563-2304-33eb-8716-7c419e5a6bae
706b3962-57b9-45e4-b248-e6b0df9acb06,5d421563-2304-33eb-8716-7c419e5a6bae
1943431f-2563-42b5-a97a-35df97c9dd05,a60a244d-bb42-fffd-cb62-7e3b2c1d0e40
e4fcd591-70e5-4d43-b277-8e536c7225f3,af82307d-d837-b50c-72a2-c948cb98b0d3
c38c68d8-2f74-4fd5-8b2f-4b57eca0d1f6,5d421563-2304-33eb-8716-7c419e5a6bae
1e91a129-d943-468c-b731-e88f0c9f61bc,6ed23078-5971-a432-1ccf-fdab72ca0d21
5b6771be-70aa-49d7-a0c0-11998e75c1fe,6ed23078-5971-a432-1ccf-fdab72ca0d21
ec89f932-aaa4-4e77-a16f-e84f46e2c7da,ff9ec5f4-8c71-171a-3de3-53da09722f94
03af1d5d-d85c-4a5c-8410-288d544e3bf5,a60a244d-bb42-fffd-cb62-7e3b2c1d0e40
efeb41e4-7602-41f0-9f11-5da01eb65c19,a60a244d-bb42-fffd-cb62-7e3b2c1d0e40
c4ba9d2e-1aca-4bab-9a05-2b6b17a43bd3,78f12535-38de-9d89-ddfe-11434c6fe567
62b0fa6c-eab3-470e-baab-c46bda1935ca,f191cb1c-a4fa-68dc-5718-9bc9b70092ba
414dfa2a-f8cf-47b1-94dc-4e7e435fdc54,6ed23078-5971-a432-1ccf-fdab72ca0d21
71eede8a-c8c4-4fd5-ad8a-45e8d43c954f,ab708365-c738-8357-5438-13d6ada3a4e4
c137af19-3520-4c4e-9569-bbc1aeeb6137,76a93197-3788-2a6f-5256-0e1e0c76e58b
ab787dc9-7a88-431c-b17b-e3ffabc48bc9,79967043-349c-d875-4c6c-e9ac391ceb80
0c6eacee-53ee-43c2-a506-1d1907eabee3,989411dd-aaa2-185d-87f4-76c5b494a7ef
ccfb483c-543b-4222-87de-2349937cf875,26910b91-c179-9762-cb9a-0a9a8a20280e
4fa27499-0771-4de7-9215-7194b8829d35,a88c6087-dc8f-f27a-203f-51303f8b9d33
cac3755c-4833-4277-8dec-afeaf956191f,185b9f2c-78bd-8187-d123-80854931ca47
39b4939d-a99e-4c86-abc1-a0c7b5d18437,7a0d9294-1e9a-8d35-e37b-18d01a8625f9
120e347f-b2f8-4ae3-9e21-719e9334d68d,7ab95ef3-e44b-e984-801a-6afdf2b13484
93484b36-944a-490d-a53c-1134961744f9,d860ebe1-d190-eee0-537e-1a5af3a1477b
aeae58fe-f5a0-421e-9748-2e8e6423dbd1,82af53a5-ad1d-c00c-b038-c133292731c5
4651147b-c368-4224-9b5a-d6ad87af6662,ce61e773-d7b1-4fa4-ed0f-c3df1c515331
caf9e25b-d1fb-47f2-8bb6-544041d2d6e5,b68fa23a-fc6e-165d-9f07-4f106fa051cd
01959bb1-9299-4f70-9199-f37811d88f44,0277983a-bd66-c214-99a3-1d3ebbbb44ed
e3c6ddc1-d060-44c4-b0cd-3052a090f679,c93d1505-1551-9fe5-89fb-ae29a2dc196a
4a80fedd-aac7-4760-88f3-73b46a437a9b,76f0eef0-7c5c-e3ab-271a-3b4aa13c2304
7f3cce86-4de9-4ce1-ab22-da9d9567fbbd,2a1ca0da-ee89-c173-3fef-dde4d7627ca4
86fe099a-4a78-458e-ac99-b9081df2a22d,7a0d9294-1e9a-8d35-e37b-18d01a8625f9
d4e2ef9b-73f9-4608-ac40-f7934d8534bf,dfb82ee6-baa9-a436-a889-7e5b6cb5ae07
612095a5-e523-44b8-bf8e-229fd1ae8502,
abe4c166-9b54-407d-8658-572be8c1c59b,3fb42f2d-8a1c-d112-f7d3-706a02e3ff2f
869f9094-e972-42cc-a767-398a50283b9a,ff640a94-94a8-d158-8ac1-b848d7b12f5c
e87dcd6e-1b73-4420-86c9-690ec628031a,6ee5744d-4f84-501b-f696-704055e5879e
a9f15d2b-ac9e-426d-9128-cfa6bba93042,7547875e-33cf-549c-5b91-b7367785fe9a
49ee8bcf-f675-4fd7-9a1f-0963dee4e050,b1ed04f8-9a6d-0629-7d90-31ce4ca31e2e
f3d3f27c-393e-4531-889c-25037370d087,974b1060-84d9-f034-cae5-56fe545fdf68
3a046573-c419-4e61-90da-a3e355655fef,1d009f3c-589a-41d9-93d3-7cef71465e6a
3f2d4449-f1d8-4f8c-bde2-c8bd4e953c9d,9097e3dd-249f-4874-4e9f-35b5321ac3a5
6ec79c0e-9253-47eb-a411-9adf881dd21d,197f5cd7-bcfd-eddf-2a50-0e039bc5062c
86ff22c4-03da-4ea8-9c64-c2d5a10475e6,19212e91-1f7d-c555-ac9f-d6fe45f24e2b
4ba6861e-8b05-4d5a-bece-d9966a1a2bd5,c862f7bc-49d1-9ede-fe44-f86f8f603572
50af2853-4034-4e64-b1b6-83b6175edc33,cbc52eea-5950-ec50-a662-fd4a17dd43dc
d0c9146b-74cd-43b2-8ef3-7f05dc261003,35042275-eaaf-3f6c-7ff8-c7a9332d2a79
d0482db3-729f-4523-a33f-0bd776a971e5,9658dcd0-0dce-125e-27db-73a017cd3c42
94fd7bc5-4ae8-4834-9069-9d37191de79a,e12f9d0d-964a-bef7-2de2-821de2c0ee67
63945b17-902f-44f5-a23c-01a9754c5757,0bd3fbfa-4c3f-943d-7d72-96878e5ee9f6
bad441a2-fa40-4034-9f28-761f73c0a9c0,82f35f36-bbd3-ac37-9799-0642a8c4435d
310b9dc6-365b-4303-affe-b473827c3676,4a1caa48-6c3b-60f7-7e01-09e25ab53951
5816b2f0-775d-49e4-9db3-09999c658346,0b944900-251f-5d73-319d-7b067b9452b2
b907082a-7fce-42be-ab23-fbe0445277ad,6e7d7e5b-badb-b80f-437f-a31e0531a616
f8c9b264-6fc1-4804-800a-3b598f12bf93,b1dc697b-2b8a-1ae5-0b0a-222e69b8ffcc
c77f6d70-7650-4893-b4ac-85ff18c85761,a25efac6-333b-56a6-286e-91bc15102b5d
6bf56df1-2c60-4c73-b905-d30274c2aadc,9d49e696-0115-9df8-8bc1-f6cd9b34c39e
0b5116e9-8000-4681-8a7c-64efa3b4c8ac,77a0a566-1714-7722-c1ea-3ec23a003e7b
40355408-c616-43df-a206-2baad841f301,5774cb0c-bc25-69ed-b2b9-f3eaf6a17662
29c4e0bf-5918-4cf3-8b18-58f846f466c9,17619f8a-4916-d3b9-158a-0dadc39f1dc8
6a8ca06c-a146-47f3-a4bb-70746079c3d2,cd9aa752-4538-c53d-1d8b-0e7188bcd31d
babf09e8-5ba0-4a71-941d-3451643226e9,4005ba59-ff24-7db6-0de0-a1113873cb8f
fc195b55-3237-4cd9-a535-e48acf8a3c6f,6f9d1228-aca3-ed00-5264-4a35a468442a
38a7526a-8c63-4eec-9fff-3a0f2f4cdf7e,b8844957-6018-5fc4-577c-dfa3810801ad
65509723-a3e5-4a00-93ba-2d5067865228,b6a51fa3-3f53-2490-216f-c3fb61617f08
23e32611-9bc5-416e-bc9c-308216d1d479,57b315ae-cb31-0bc3-6b59-3d4337d7c7c9
27fe8a84-73a0-48f0-894b-dac17aeecf3b,97353606-7008-2185-fa8d-73eb3bdb73e1
66a7647c-e4ae-4ef2-8d23-10b08bdd9333,6803c9a9-e003-00d3-55c7-3ec757817b12
1e3b73ac-c24d-4d4f-ab01-891018b3faee,2fc46a22-7c5c-e430-347e-540ddeb5633b
62016c4f-7ffa-4a3a-a98d-d69b164019a6,1dde2b9c-d026-cc39-1117-3c8807d8d8ec
578e0ac7-d14e-4df9-966b-5c45d1390d30,51599e70-7fec-4057-5e15-1def1c9f120f
2489543c-7acd-49ef-9bff-cd2c209a672a,fbbc621e-47b8-6d6e-8b0a-48578b2cf1a3
6a5199d3-42ce-4200-86d5-bb0a11f3c1cf,d2d315e1-5f49-3915-5fac-7bc4e431b995
6431b7d8-2274-453b-a5e7-9b96530c586a,9b84d57b-a875-3323-94c5-414611a98c53
41b895ce-6e17-4d3d-b3cd-d7a4f043fa12,8fb55b4a-b907-b615-82fc-e8d2b4d166e0
bd57ff41-b9f7-499b-a085-251b74e1b789,05103655-a186-1d07-6d33-f019edb5df3c
d8aa0943-8fcf-4462-b85a-0ff67028dc89,be97cc7a-8ebe-e0ea-f6e0-279f2e174705
83cf422d-2444-46c8-ade1-c89289c1f3eb,215cb14f-00a3-c9df-4f43-10e68297eb44
a50f94b6-5485-4deb-b981-15f2618d92d4,2ab8b9d2-c3f1-00e8-07dd-2cddec500cf0
ce98211d-3a12-4852-ab51-ced9014a0cb7,ed94c316-5846-5aed-6fbb-cf9e9704076c
e387f809-ef0c-45bc-bb0c-b94a4095a30f,537932fd-1438-d42b-bc8d-ba38f0889f0b
ebfb3bb9-7b8b-4e35-8e67-ffc36f828a26,185b9f2c-78bd-8187-d123-80854931ca47
d054502d-f1ea-4dd0-a046-00effcfb87fd,dc85db2b-8bb1-c975-9ddd-72dd5122b009
55cd69fd-c82b-461a-ab61-395b97c9b15c,6ed23078-5971-a432-1ccf-fdab72ca0d21
5d40738b-7bf7-4d73-9e55-381796eaf420,dc85db2b-8bb1-c975-9ddd-72dd5122b009
39c6fa1c-cd1c-4ec8-988c-6f4f01f2bf63,d5460c09-744b-2dba-81b8-530d57dd4b69
b1c50ddc-54ab-4b6a-8a14-78a6ea67690f,20a078c9-4298-bdc4-8c83-fb7f3c25da6a
00b82276-f2a1-4420-9547-05af2c7c4d9f,26910b91-c179-9762-cb9a-0a9a8a20280e
8f7a80e9-3cfc-4258-b0aa-92b2d0a0298d,f6282d31-94f3-622d-cc98-ddec6f1e3c21
bcdad961-823a-40cd-b911-1a9ee7a2162f,72f1c6e6-d503-2998-592a-91456098d7d9
1cb6aa07-1849-4a9f-ba12-a11d86eefa6e,8a31e1a0-09dd-1d05-677f-e65000d65aef
add93d00-7d72-4621-80dd-7fa4883911c0,17299bdc-c14e-402f-a77f-72b7b8fb7334
06d88cba-d195-43b8-baec-011f0735f353,6ed23078-5971-a432-1ccf-fdab72ca0d21
de1daafc-730a-4a2c-af7c-985acb5d53d1,d037761a-5d58-3cc4-4bf9-137e46b55031
d5d5fd22-a36c-4232-ad23-de2e52ba259b,d856f2b5-055a-306e-0dc5-c7ad393b2627
524948b8-e72f-4fb4-a6d3-98557b33d4c4,d856f2b5-055a-306e-0dc5-c7ad393b2627
4b7c6caa-bbe7-4a6e-8a65-c28b23e37e1e,650204ce-0927-1b80-6a9c-b16a7429e752
db705018-3544-4110-b01e-135954f9369f,20a078c9-4298-bdc4-8c83-fb7f3c25da6a
cf5ae460-2c8c-497d-8ab7-7ac8e528fe02,26910b91-c179-9762-cb9a-0a9a8a20280e
9a51ece6-0ecd-4e2e-8ab6-539814a255e9,082cfeb0-2359-9766-e20f-2aaebb9b8b74
2193dbe3-61fa-41dd-a001-91bcf71ac0b4,aed0d5fd-51a5-14ea-d0cd-0c439a68fcfa
75b2792c-cc23-456c-9cba-339089031a78,d856f2b5-055a-306e-0dc5-c7ad393b2627
8eb7da1d-7426-42a0-89ab-ac720ceeaa79,0091e150-4d4a-ccc5-3d9d-de2210ec7dc0
3e8e031f-6745-4c70-ba37-3673b3309e7f,721478f2-18bd-988f-8989-9613bd1a46f0
0361d41f-1099-41f2-9a4d-4ca0e1dadccd,870343bd-f00f-2c34-ad9d-e9b7b4796790
46dab36a-6c3c-448c-9d85-114993302e93,7c4ef586-865d-d475-2918-a756d9748306
41b49e3b-bc06-4b39-9252-64d840bc8d68,d856f2b5-055a-306e-0dc5-c7ad393b2627
2288d452-8887-41d2-af9f-2da32c7ec208,d856f2b5-055a-306e-0dc5-c7ad393b2627
d9a5c6d6-8c5c-44fd-b27d-49ca6921e538,7b5d89fe-0ce1-13f3-81f3-6c7c1e07353a
c41d1443-8f7c-4bcb-ab4e-ba032df486c2,d856f2b5-055a-306e-0dc5-c7ad393b2627
62921af2-4afa-4d73-ad8f-fdfa4dd63735,786527d0-ced8-1232-2df1-edcd88c4d5f2
de34d21e-6f64-4a72-9653-32bfe809cd8c,7b5d89fe-0ce1-13f3-81f3-6c7c1e07353a
cb59701b-e78f-4b74-bc07-5a0ad22abd18,6ed23078-5971-a432-1ccf-fdab72ca0d21
9e047348-384a-4e37-899e-c26d78bb0b2f,6ed23078-5971-a432-1ccf-fdab72ca0d21
5f0133ae-e2d0-4054-9bdb-9f4b15ff2936,929f67ef-4361-a481-f5de-e33a48c96065
5e5b637e-036a-4f5b-840a-54fb6b0eafc9,7b5d89fe-0ce1-13f3-81f3-6c7c1e07353a
dcc7f367-17b3-4a09-bd24-95503da54c33,3a113ff1-3713-d5f4-c624-bb8fd9426f33
e0e3a505-9a08-444a-9c49-fd19eb5c94b4,7c4ef586-865d-d475-2918-a756d9748306
7fb61b8d-3542-443f-a2dc-8fb926109417,7b5d89fe-0ce1-13f3-81f3-6c7c1e07353a
6847e0c5-6ff8-4cb3-8a6e-038c99804d35,aed0d5fd-51a5-14ea-d0cd-0c439a68fcfa
1a25edd1-5006-4621-a273-e4daed9e9631,7b5d89fe-0ce1-13f3-81f3-6c7c1e07353a
e4385e02-9faf-4031-bc41-0da133b2fb39,7b5d89fe-0ce1-13f3-81f3-6c7c1e07353a
6fd550a3-064f-4273-88e6-35aa1e924c5d,7b5d89fe-0ce1-13f3-81f3-6c7c1e07353a
75423fd7-a718-4fa8-9c86-78892f02bf58,3a113ff1-3713-d5f4-c624-bb8fd9426f33
81677680-8643-4eaf-9613-64e909e89086,3a113ff1-3713-d5f4-c624-bb8fd9426f33
1b1bd429-a510-49a2-98f0-eab1b3b7ef77,5028f9af-58d6-22ed-2ec6-1c2d017ab788
76433e62-4a70-41e6-97eb-03db2c7aa92e,7b5d89fe-0ce1-13f3-81f3-6c7c1e07353a
e6dcfa07-9c6b-4587-9200-744c1ec4c737,71a90d8a-cd09-00cd-0176-7bff178dca30
49c9158a-2156-4c2e-88c7-f0b92b7ce1fe,a83d2bc7-70ac-9181-796a-43eabaacfc48
ccb14d0c-3848-491f-be56-40b727363978,b28a897c-2e45-4075-0872-937466049d69
d3d00ef6-f0c7-4294-87a6-f19f734eedd6,a60a244d-bb42-fffd-cb62-7e3b2c1d0e40
3dc1afdd-64d2-4af7-a83a-7df64291eca1,62515558-997b-6c49-d80d-b90bb051007a
75c503cd-71bf-48b6-a6a1-4ebfb257f021,be6a2b54-e1ae-ec3e-bec6-d66451825f54
5207e19d-7885-44c3-9ea4-fc50526fe9d8,8266f94a-ceda-269e-7f3a-e9f9da6239d2
8e063dd6-cf36-42ed-8a29-270651e42943,f719aa70-7537-26c3-1932-0914a88df8e6
7abc7b42-ebde-4ade-a836-aa2b817081c7,21b9e0bd-cdb6-1e95-a42f-6a35fc3cd5da
08be1f84-c153-4e13-a395-c3376702fd45,36adc4e8-e095-7d01-5d48-f5b7335b047f
5c382fd1-8493-4fbd-b9f7-f2c2f72bc816,5234489a-06f5-6e1e-1974-a244cce657d3
f8f1e52d-90df-4cde-b4ff-dc68c8d495c4,3c06d4c4-164c-3d36-ddbe-203b03470ca9
b34c4412-e570-4339-bf21-330d13a48aec,398331b7-88d1-0156-0c94-2b5b27d80724
b5f63d98-cd6d-4b16-8ea5-708eac5b7d5d,1868b2a1-a6ea-5090-df52-241842d64900
4090c01d-4929-40ac-92b8-859879c38bab,10f9740d-5a4b-bdf7-bfd6-3a4a91595970
3bb052b3-69ad-44e1-9534-e62a96357a50,08fdac1e-84b3-8b21-62b0-b66485014034
14d6540e-6709-4289-a3e0-02af3ead1e31,
8b949de3-e1a8-4ced-bd31-4c7693c7c373,a2900fb4-c062-8828-4615-ff88cb711101
34d6bd9c-4dfd-476f-8ae4-23ad51d4a5b6,f111ba15-ca45-86b1-ae04-287e1f90857e
e8e4dab4-dec8-4ddc-94f8-f59b5734010a,c7bc16c0-7ea4-3481-8b6d-51d694beb2aa
8f1d52ab-e8b6-45db-89f2-f9a034f668d8,aed0d5fd-51a5-14ea-d0cd-0c439a68fcfa
d06bdb29-bbee-49ce-9a95-47f2bd560620,f191cb1c-a4fa-68dc-5718-9bc9b70092ba
094f11fe-787e-4112-aa74-62a623a99716,3c52bc39-0b51-00af-184a-b2c127166d0d
b88d7bcd-966c-4c1f-93f4-405277a2b9b3,a8a3100a-10f5-3630-6aa2-d781cb06c82b
acbc3e41-0ae9-4551-b5ba-323961903e21,671f099c-fcb8-9c31-e5ff-da0debd0976e
e9afc7d6-83b4-46a4-a4c0-109a23ecc4fa,3e285e97-15be-fe11-a3ca-97b02d95d4cc
4669136f-32e2-482e-858e-5fc51980e9b5,6ed23078-5971-a432-1ccf-fdab72ca0d21
8b2961bd-5fb4-40c7-96df-5c23b9b90c51,5bca1f70-ca60-0617-6991-0a6d743dfaa5
5ad3d819-bcd7-4578-bd7d-916a34451d8b,aed0d5fd-51a5-14ea-d0cd-0c439a68fcfa
d28d948a-5895-4645-b011-97e10531f49c,5b0cd768-d5e0-346f-3b6b-58971555c216
05e7163c-bd22-483b-91f1-8aaf37443e5a,d5460c09-744b-2dba-81b8-530d57dd4b69
b8aa2b55-0ae6-4807-a3ee-f326a65be8d1,537932fd-1438-d42b-bc8d-ba38f0889f0b
c1331345-5acb-46ca-9320-4f5cfd2ffe64,b506d20a-1b7f-08e9-7604-9eb31cbbd187
8ba63058-ecb3-4d09-9b34-671e820a641d,b80fbdd1-2d26-3912-738f-1bf2139d183a
1a49a759-e6e6-4f5d-9119-18c7f8e65384,97549bc5-0044-19ee-6841-10e73f90950f
c59c34f7-8ecc-4aa7-bed4-d8fea4cb2cc3,4cc2f589-0b58-224a-5905-c3f8eff16c58
a87279ca-6360-4824-93ce-baadade35247,36adc4e8-e095-7d01-5d48-f5b7335b047f
b9716e3f-e5bc-472e-b2c2-3be995b686ae,d2732be7-e289-f281-6b92-34434e8d4a4a
06bba368-1726-4d78-bee4-227efa3235e3,9b84d57b-a875-3323-94c5-414611a98c53
2bb2c935-e6eb-40f1-9387-b0dae97f22e9,0bd3fbfa-4c3f-943d-7d72-96878e5ee9f6
d47f6e97-9683-4f39-96e1-760a27422c2e,ce1d416a-3577-7501-4cf4-b6779e135417
9a9c507c-311e-4d8c-8063-c40b6e7332b2,0277983a-bd66-c214-99a3-1d3ebbbb44ed
1a861297-606e-4e56-bebd-7e37b753fb62,058e9750-cb58-1b2f-899b-645acb068e9b
b832bdfe-5897-4e89-938a-f09e39a20264,cc07ebe5-4ce2-c46b-8d38-2788034ed185
9972f384-e341-48b6-9329-01680f82b2d9,e5bae653-41f0-4b13-f1ac-e3ef13c99716
d5fac8b2-3e7e-43eb-b94b-21c984c97b08,ed94c316-5846-5aed-6fbb-cf9e9704076c
7303d373-0aca-4ac8-b088-e863cd069239,2273520b-0189-ac63-823c-e953c6be5fcf
241713e1-f4a1-4f73-a44b-ef47abf7a3c3,aed0d5fd-51a5-14ea-d0cd-0c439a68fcfa
eed38e28-9ff6-4304-96c0-9ab10aebbd59,c73ffcec-b1c7-7b35-892f-f7f61a721187
1b926294-8449-41c3-a8c9-5e7ef20f1802,4c6d14a2-32e0-d493-5850-fa11f1a7bea5
6bfbe430-ccac-4171-9257-ee97a69c69a2,5c33aeca-6ab6-f091-cf3c-ff26b99fe6e5
83602320-6e1e-44b5-9c13-8b98cf561e20,5c33aeca-6ab6-f091-cf3c-ff26b99fe6e5
267fda1b-f17a-4b02-a9ef-e5dad80ab449,5234489a-06f5-6e1e-1974-a244cce657d3
6e4d3410-cc41-45b9-bfac-5973b32e2317,478d785a-a85a-e9ea-a601-0838e3ec9a38
a6949ef4-8707-40a0-8018-7a1c6f8464b4,980c118c-6e5c-9bd1-2e41-850a1346adb5
54c6f442-bc40-471c-a11f-3961ebc851ef,7de4391e-7af2-035d-2315-13a7d406e51c
fca3f199-7497-439b-935a-d5473a70abc9,97353606-7008-2185-fa8d-73eb3bdb73e1
5291cf01-d8cc-4e71-8fcd-c66375e465f2,7547875e-33cf-549c-5b91-b7367785fe9a
b078b4de-3270-496e-be20-93b0dd231de1,7547875e-33cf-549c-5b91-b7367785fe9a
47c0dcb4-e0c5-4a96-911f-14f0ed7b76af,43e0a294-6c92-b6f0-7cf3-d294f6f302d1
e9b7b754-bbd6-43d6-9a7c-3a7486e4708d,786527d0-ced8-1232-2df1-edcd88c4d5f2
0072a287-251d-46ce-beab-ab227df7dd9b,3155b705-ebda-d72d-86db-21e1d31ea696
caf48eec-30ba-4395-bb4d-bd81062ed619,10043290-89a9-5323-f92b-7d52044a4738
030501d5-6879-4a15-b6f2-875ea88b7be1,97353606-7008-2185-fa8d-73eb3bdb73e1
033cf6e2-9945-431c-ab4a-4ceb107bfc74,7c4ef586-865d-d475-2918-a756d9748306
14619429-0682-4d21-8062-b3dd52451468,b68fa23a-fc6e-165d-9f07-4f106fa051cd
4cffb667-86c2-4c02-b1c1-87e678eebfd6,e6d96c28-c7b7-a30f-e21d-2578eaa20c97
513b12cf-8764-46c0-bbb4-fe7711125cb1,35b2c8e3-68b9-0f15-1e7d-0b2b0ac3e32b
7de5932e-7c69-4674-9046-edbe84f997bb,df63cb38-2e06-a6ea-9ac4-517d8070b34b
b51a88c4-e374-4e43-828f-aef5d7892356,b1dc697b-2b8a-1ae5-0b0a-222e69b8ffcc
9d9a7d55-882b-4eab-84d4-16eab098b4af,9097e3dd-249f-4874-4e9f-35b5321ac3a5
6cb571fb-eccb-4a42-bc0a-ceb45dc5467a,040e289b-7303-11db-5593-87a1a6b2f068
c5d01cbc-11ff-4682-9dd6-9d1c993d7437,e7d5338b-cc57-bc0c-6099-e4c394a8c89f
db3994a6-61b9-4e3b-8517-002394fe016c,65b16758-e529-f850-f4ea-026f8dc80777
c74b7b82-c322-494a-a0b7-46c903a7276c,a7910470-c3b5-d981-9e08-ecebeb423acb
bd0dbe11-e471-4b5c-a21a-9f9b19f92c9f,a60a244d-bb42-fffd-cb62-7e3b2c1d0e40
185a14df-64d2-462c-8837-780a5fc47f26,2e176151-661f-45d7-8968-cc9585d3cacd
95fb8dff-facb-4d7c-84d2-e63ae8582336,914dcd23-af28-bba5-e3b6-25f161b37fac
581bc09a-f2d1-42a2-9e72-f12ef86e178e,c15d9186-cb8c-0970-f6da-25037da06b3c
f4039de7-2749-4da3-851b-a6c487608027,c15d9186-cb8c-0970-f6da-25037da06b3c
9ced6572-4906-4db7-95ca-15921a81c21c,7c4ef586-865d-d475-2918-a756d9748306
da327a6b-d45d-4647-a0e7-d995ba9605a1,192a29ff-9a43-306b-0eca-194fd478f56d
09e84271-2f8d-4d7f-812f-92b4fddc8792,7de4391e-7af2-035d-2315-13a7d406e51c
5fe56e7d-7ea5-4283-bf5a-f7149a249f2e,90691747-4ac5-b400-88bd-d23b428b4949
3f796e39-829a-4d5d-af17-0ce704e02d8d,0b8eafd7-a862-f705-8359-7210c6a5706f
1bc6d351-5f24-452d-a935-bae60c917880,058e9750-cb58-1b2f-899b-645acb068e9b
78c9eb15-967e-4bc6-ab77-6f802a85421c,782da963-9d56-baca-b085-d65d9a657f2f
f9d6db61-ae81-4832-af57-cd7b23190bd3,a60a244d-bb42-fffd-cb62-7e3b2c1d0e40
0a6617af-4d77-4fdd-af8b-c278936b79f8,7c4ef586-865d-d475-2918-a756d9748306
221b63c2-5cb4-4c06-9ff9-02debe88083a,6ed23078-5971-a432-1ccf-fdab72ca0d21
50c27c7d-f3db-4399-9946-57205f74b3f4,e7104ea4-56ca-1e70-88ed-e1d73cc5cda1
9b730f39-f956-4809-897f-5b7edec3d51c,0bd3fbfa-4c3f-943d-7d72-96878e5ee9f6
17e00960-16d8-4a25-930c-b58e10735ad7,7c4ef586-865d-d475-2918-a756d9748306
7cd696c3-e88c-46fb-a2a8-9e43da83d3e5,782da963-9d56-baca-b085-d65d9a657f2f
3ec42049-2a94-4572-803d-e2da70cf527f,83875ae5-9036-5e29-9644-5b3a5f8bf0f5
448e45d9-c985-40bf-bf5b-45e5b0deb1e6,2bc043ff-b02d-ccb8-f474-e66b89403e63
9b6caeae-5d0d-4681-848b-3a2410111d9d,a84e3b2e-b4cf-5110-a039-609e6b5306d7
2134896f-e7e7-4b85-978c-74232a6b1c82,da6d2334-08d3-984e-ae09-003359b1a8c1
7adfd14f-1a6e-4acb-8da9-71679cae942c,6f651810-5aac-3583-3da9-5ef3a601a256
d4f68deb-9b29-41c8-aa5a-61379c150039,daa57a49-5429-8167-9161-06cc2606337c
cc2c72b7-4aa6-42c2-a436-5c580e1c5f3b,6166f93e-769b-d132-d41c-15bffaf1f7ca
008ff84d-24d7-4e04-ac32-1ee2e5a54299,1bdb5c2c-b752-ed26-0b21-fd490e28c8cf
34f002b6-7d6d-4fbb-8bc9-b5256d3103b8,8327486b-7f34-a091-b6b9-bc8bf1fbfd20
1a26191f-854a-4fa0-a60d-1f552485afe8,77a0a566-1714-7722-c1ea-3ec23a003e7b
9371b91f-e074-4a45-8377-dc1d59488f36,e5bae653-41f0-4b13-f1ac-e3ef13c99716
ab7bf1dc-13bb-4334-b73e-38ffb503e350,e5bae653-41f0-4b13-f1ac-e3ef13c99716
777611c3-8fbc-422b-acaf-99c348e88e69,e5bae653-41f0-4b13-f1ac-e3ef13c99716
eec423f0-7280-4969-9683-567b06a83d7d,2982d23f-5d56-ce7f-6251-2121d7764ff3
0f916839-360c-4427-9c92-55d0a7dc1aeb,2982d23f-5d56-ce7f-6251-2121d7764ff3
2010b2d3-ea6b-464b-a07e-f5c035b72e36,42912788-4eed-d096-5b3e-fc8a6e1e002a
b542d907-f47a-4a31-a01a-25179dea4d65,2982d23f-5d56-ce7f-6251-2121d7764ff3
5c0fe3aa-4061-4e1f-9f9f-7a4d30b3eb66,d1f03d30-5189-9430-d240-804ed70861f5
767c6260-9043-41ad-ab19-4d70b464602f,26910b91-c179-9762-cb9a-0a9a8a20280e
35efa8cd-f610-4046-a7f3-79d33f0a50c6,980c118c-6e5c-9bd1-2e41-850a1346adb5
e3cc6f4d-cfab-48f6-8693-6b0f25adcfcc,88eaef2a-dc0e-32a3-99dc-b47f584ff57e
4f46a5d0-bc27-4a47-b91f-c2c81dc0114e,380551f3-9497-912d-ab07-0abbba81e868
8a09e201-0fa8-459e-8bfc-6f77ac12018e,88eaef2a-dc0e-32a3-99dc-b47f584ff57e
bc315ab0-47f4-46cc-9074-10d767e7ad3a,3ae1fe4c-20bd-c96c-1b8f-6e4a0c9ab0fd
d131b991-d0e6-4a72-9a0b-55cf3f321fb6,af88b99c-29da-95eb-b311-965a8d189c51
5a520f24-8088-4b2f-8708-580a27ccdd88,980c118c-6e5c-9bd1-2e41-850a1346adb5
99e8eb4a-9b29-4b6c-9918-e47e88421f52,46a56ac2-5b01-06a9-35ca-0b5b30c2925c
a38d6be5-4f74-4f13-994a-83e7a4a5daf5,0b944900-251f-5d73-319d-7b067b9452b2
e15a83a8-7dc5-425f-968d-f778c7d3e860,9d6f64aa-589b-33c0-4225-96bef6904eb5
e030ac0d-8021-43ed-8de9-b0f69cc1fcb6,cea4a35d-be7f-32a6-4205-25d1aab57a2e
fe93d44d-84a6-4f44-93fb-63fd7eba17e8,af82307d-d837-b50c-72a2-c948cb98b0d3
66e12be4-d2db-46e7-8cf0-5db6c6379341,d929e77e-24f7-f139-3fbf-8ae819435f6c
4ea3d04e-bcc1-47b2-b57c-db36ba401d75,659b632b-5e2f-2edc-2db5-870fc2803100
736416e2-2f5e-419c-9ccb-5b3e59684ad7,61aced85-4f7b-3b42-8410-8764661f85ed
e62186ef-07b8-4b32-9bc7-324780278231,e7d5338b-cc57-bc0c-6099-e4c394a8c89f
6628de57-cafb-4fa2-afeb-f0df9a5f5216,a33a706e-d4da-5edf-d81b-25cae027734d
1303d220-6ea4-4e05-a71e-270a40389621,c3eae6fb-5818-e8b5-384e-10c5f49cc18e
50ca0fb6-f22e-4d1a-bd35-4dd00b6f8ed4,989411dd-aaa2-185d-87f4-76c5b494a7ef
b55959f0-9c33-4637-a9f8-14d68be4a442,61b428dd-e5c8-3cf3-bf51-8ecd986250bd
33fd79b6-dd4b-4d57-98fe-846745d9ddd4,a2c09580-cbf9-f153-976c-ac057f70b4ce
e77474f0-6a2d-4d0b-a90e-b7393284bab5,5b0cd768-d5e0-346f-3b6b-58971555c216
507640a8-50ed-42bd-82b9-8e5b410049e3,1bdb5c2c-b752-ed26-0b21-fd490e28c8cf
e6f58b71-8b12-4cf6-8865-fdea28253a3b,f54d1e9c-40d7-cab4-1fd5-8b0af5e7ef3a
12388c40-20b0-4293-9af3-47611ef49873,dbeb1234-46f3-cd2b-a707-57dc53d64188
707dd1e6-0710-46a0-b03b-5bc522c91864,086bebf6-377a-f5c0-f0ca-a56f0727f504
b4242321-0b02-405a-a624-3c111e11d469,6f651810-5aac-3583-3da9-5ef3a601a256
f443ecc8-3c15-4b2e-9bff-3081012a70eb,c7791ac8-f8cf-376a-efd1-121d114f17ad
ba6acf9b-b333-4fa7-bb65-0b21bb19bccf,4a1caa48-6c3b-60f7-7e01-09e25ab53951
175df4b2-de0b-401b-87e7-84fe2bdc4ec1,ad2c48c7-c1b3-b113-b46f-04cc8fd22df6
0c697fd1-ef56-4514-aa20-123378ef7666,5c675dbe-8577-1b27-c8c8-a9396a3f3d99
a3102311-1591-4181-8d1b-7244bbae37e1,2a1ca0da-ee89-c173-3fef-dde4d7627ca4
cfb62e82-bef1-4137-8ef2-9a8228128400,cf1e7058-9f3d-8a46-69d7-9030354f356b
b3933a37-2c59-43ba-81d1-aec5120b89f5,938cc126-564d-491a-1e7c-c6881ce289a6
52ba6244-5788-4d97-af25-c98f332708f5,39b37832-fdd5-15cf-70a8-e256e49acc01
1002c3b0-5466-4e9d-a61e-411200dfffd0,441ef858-5cfd-c241-56ed-3901f833095d
fb69ab6d-6e40-4ac7-9aa5-4865562e0ec5,2a15b969-7040-1f44-8b3a-9cbec0174a0c
a1f0bd4b-57fb-41e7-bf19-5bfca6b59f34,2982d23f-5d56-ce7f-6251-2121d7764ff3
f68edfef-1ff4-4db8-88d7-183a03bc5424,76a93197-3788-2a6f-5256-0e1e0c76e58b
fc299519-8a47-4786-bae8-d54c07896d50,69e98cff-170a-2ee4-11d9-dfc7e42d18fb
9d2153ec-f53c-4067-b98a-135fa35ebaf9,876c00d1-6465-4d93-0520-dfd824dc7b86
deb56f45-cfa9-4eb9-ac81-f12f4e910f07,ab708365-c738-8357-5438-13d6ada3a4e4
026de767-9a2d-47ea-90d4-7666731b4cce,24634ed8-2798-ddec-3886-522d7bb359ec
33951ade-8594-48af-8b39-1f27a5e947cc,72597d77-83c4-8e62-8d16-81f61f84ba62
9712f762-0f40-4838-bce1-5c28f64fa1fc,00793ca8-d52b-7eb8-ad0a-53ce052a204d
5a12fc4f-dfbb-4c94-be21-a3ff9f993a00,eb2d22cf-257d-9386-748c-ffd1a6b8ba56
9784d6b7-6dbc-451d-be81-bd1f9c51b2fa,
761affcd-ee99-4654-9946-06fbe57c9411,929f67ef-4361-a481-f5de-e33a48c96065
c0fd24cc-1918-43a5-9319-f6c184cd9fd0,4fa8508f-12e8-3d4f-cd1c-8ae30b6119c6
06741f54-424a-449d-9d2b-365b6422c44a,31e891e9-63b0-472d-b293-838e4f050b3e
a889f847-b3ca-48cf-9285-357de538c127,ac77aa0e-eea9-4002-f427-b6e002b6843f
e34240ca-33f1-43e6-a4f1-275f4b8cd915,9d49e696-0115-9df8-8bc1-f6cd9b34c39e
8dc7053f-f672-4343-bd02-5993d41c79a1,113092c6-3a88-7223-6509-cbfd6014cc5e
65ecb898-9fc6-435e-8598-c03ea25a95fc,6166f93e-769b-d132-d41c-15bffaf1f7ca
e1a238ea-39f3-40f9-8865-04a2d4277e21,9a79dc1c-b6c4-8035-086f-4f01e526796e
8f013e7a-b772-4375-8d66-05f89813661e,df676aec-b97e-b07b-95ae-c0ee8fa93462
df539ce3-43b3-4a70-b7d3-ba09d31e07d4,671f099c-fcb8-9c31-e5ff-da0debd0976e
d0aa6037-8f1d-49e5-89fa-d3fe8262169f,192a29ff-9a43-306b-0eca-194fd478f56d
716f8039-a221-4c99-afce-f5ac891eae7d,b506d20a-1b7f-08e9-7604-9eb31cbbd187
46769424-9113-459f-9c30-0c12cfc1977a,45325bb8-c65e-93af-57b6-5cb83165de8f
0a4caf00-a8a4-49d5-93d7-b95925616d34,dbc92bb9-8fa3-b3ba-6f4c-dd841c6a8796
1ebd2417-cec8-4388-b944-47c8bcd6895b,01d35e9a-f644-ef87-a2aa-67414b1259c8
bf5384c2-8897-4750-b1d0-6a5061231e52,8c7a5d7d-f55f-1cc7-6215-94afd0709b0c
1e62bc40-502b-403a-a8ad-de1d2602f8e2,cddf5e2b-2e70-4813-24c6-12ec8b2e991c
d23a1728-be34-4dfd-812c-4ec42a2ebe51,8ef86538-5335-4b7c-bb9f-752536d6556a
21ee3a2b-5cd3-4b87-bc1c-71e48a1d7a41,13c38bb7-47ec-4d83-d52c-596b9e69af87
e84f38e0-c506-42b3-99c0-ec13bb9b92f3,7c4ef586-865d-d475-2918-a756d9748306
0d0178be-a093-4517-bb3e-aa7146140467,5c33aeca-6ab6-f091-cf3c-ff26b99fe6e5
648a4a4a-73b0-4785-a85c-6ac4420005ba,61ba4b36-ef23-1195-cf59-8364cfef849f
39d6c15b-dd44-438f-8c2c-5316aaa9d8fe,e1b341ae-4cf7-2d94-6ea8-4dcb605922ab
36ff6bc1-61f3-4e44-abe1-be24363139c3,f21053ad-b14f-9453-15d3-7426079ac926
42d91cab-d822-4dfd-85b0-f0a4aff3d343,64fde0a0-e018-4299-3416-f25f30e89f31
6556724a-661b-4f0e-a8cd-1de480892461,38e2d254-6216-7331-5573-80d450ffbe64
dee88db4-a9b0-4ef8-af86-ca5039650ae7,a77c599c-14ab-b9e9-a992-71697aedcbc0
e5e9a178-1f1b-4fd5-9807-f69326c7ad3e,3c52bc39-0b51-00af-184a-b2c127166d0d
e53accaf-3568-4e30-b6ba-b5aa99e789e4,5d421563-2304-33eb-8716-7c419e5a6bae
dc57d9aa-f4c9-4d07-8bb9-a541c20e33b6,a2900fb4-c062-8828-4615-ff88cb711101
77e5b456-df35-4243-b524-8cb49a37017c,67e3a472-48ba-3167-9308-21b174939a63
bbec88f4-cda4-4a95-ab8e-c52587707a05,19212e91-1f7d-c555-ac9f-d6fe45f24e2b
c6a64b83-4f23-4769-9beb-7f52ab5f428e,782da963-9d56-baca-b085-d65d9a657f2f
3b5bb0a1-7756-45e2-9f38-bdc153c472dc,3ae1fe4c-20bd-c96c-1b8f-6e4a0c9ab0fd
b7f7175c-e858-4ed5-aa96-04165678ea10,47c89212-ddcb-c142-ad8f-b99ece7fe1fc
d0cc3499-3861-400d-8981-c7cbff04bc7b,3470720f-2fc1-0bb6-8b20-1d3aa2a2c670
aaba32ac-9ead-4b82-8fed-b195e06fb080,5e7d33ea-bc43-4c2a-be07-9259a8c5a03b
2d0ff315-c2f0-4d0f-a198-db1b77dbac49,9658dcd0-0dce-125e-27db-73a017cd3c42
ebfd6b21-fdba-46ac-8510-fe1d28aff431,a60a244d-bb42-fffd-cb62-7e3b2c1d0e40
5a30f01b-b777-4bd1-907b-9436dbcf5e4d,4bab8783-8114-3319-506b-6725f08f705f
30bf070d-1e55-4f7c-91cf-4082c0bd40de,df98194e-e7cd-e626-784d-526e004dcda5
f8b00d73-9135-4a94-8366-1c50da5d4944,f3b3592f-0998-9692-b43d-43f69f03777a
4515180e-a9bd-4e04-aff3-5fea11ec7f12,3f7b754c-acb9-83ff-4f6a-e76c369a5a82
34045be1-c1b2-4e53-8571-c7eb909516bc,650204ce-0927-1b80-6a9c-b16a7429e752
1bb35bea-f0fa-432d-a5f1-6f1b3c2692d3,c0ab9504-c6e2-0d1c-2248-1c58646aa7d7
3f68f755-8040-43ff-be11-bf7d7345c6b2,980c118c-6e5c-9bd1-2e41-850a1346adb5
fbd49512-219c-4672-86f4-04dd463b131e,7233d13c-5109-9431-b159-538bd0756604
751c2617-523f-415a-977c-cb6bca8f4c30,8ac17922-92aa-5eb6-53cb-af91a3da7c45
ccd2f3af-ecb9-4cd4-824f-321e939db15b,d5460c09-744b-2dba-81b8-530d57dd4b69
c16d2385-d811-45ae-bf53-310bd4551712,e29c2ffd-9bda-f939-8d23-6ff4d32f2302
2b651925-3833-406a-8624-7f90b051c28a,a3a964b6-e6c6-4c39-21c1-dfb35cacb4ab
4ee9904f-da41-49e7-ba00-bf1becaa3c46,e5bae653-41f0-4b13-f1ac-e3ef13c99716
2ea30fb4-5daf-428f-beb1-01cbbc3c1f16,263c6dfa-7735-2945-c6f0-8399e5860ef2
5a5c03b9-a668-466c-bddb-1bd627081b38,f64d38d1-9a32-87aa-bff5-e26977810e23
484315a9-363d-413e-8843-eec6abb196c0,2e176151-661f-45d7-8968-cc9585d3cacd
7f9d86fb-91e0-4030-8136-1f8f1dd7f99d,91783faa-4ad2-efcc-3b98-9a94d5e2f498
32477f7a-6030-46e5-9890-9e3d6e330c5b,17619f8a-4916-d3b9-158a-0dadc39f1dc8
8bbeb25f-0258-4578-9b15-452bc2a6afc8,2fd9cd5c-7fe5-78bd-7eee-4aba4ff2ddad
4d80ae35-512c-4bc0-b96c-790c91bd4c58,3e285e97-15be-fe11-a3ca-97b02d95d4cc
260d07c0-78c9-4a47-9a70-c59257cc8268,55605572-aacc-97b2-7a5c-ed14e31aa9d9
09f5dd44-1b07-4e92-90bb-646f0fd070b5,a1237786-b9c1-814a-f179-29a2bc1bedf1
dad8a8cd-0bf5-4f31-acc1-aa51f4f41b0c,974b1060-84d9-f034-cae5-56fe545fdf68
0693caf1-a740-4f8f-9b3f-7b7f084750b3,977b6942-3791-e195-c2ac-e86278fc57de
23e905ed-af0b-4fa2-b6fc-4100e1e96dd9,1570131a-cf25-adb0-02ae-7ad3b2146a42
b90939b5-bf09-4e01-b6dc-1df240082f98,b1dc697b-2b8a-1ae5-0b0a-222e69b8ffcc
6a2acb1f-b40a-4c87-be15-6a8cfa13cd50,513e1248-266e-6157-ef32-063c00572fab
cd447f3e-e279-4c00-a1c6-d06100497afb,fff82785-972f-bad6-19e6-9a0bb63029cd
23e5f931-09e9-4254-b3f4-22ba95aded8e,1868b2a1-a6ea-5090-df52-241842d64900
e4c27fb5-2c02-4d7a-8df1-417a1e666a3c,bf878e39-8fdc-cf5e-92be-50d6c26be036
d2ee715e-2a9d-4d1a-a0bf-99614ee8f7e0,6732108a-6281-92fd-0633-642b46402fca
2553297f-1f4a-461e-b717-c8d09f333e60,3ec90eb7-36ec-ae71-ef42-47733445cd15
19e51af2-b82c-41e5-9c24-9cfea4ae6e62,f111ba15-ca45-86b1-ae04-287e1f90857e
2642ea38-9b29-41dc-8157-94ff5b7fa85e,97549bc5-0044-19ee-6841-10e73f90950f
99b4f3a9-d51a-460f-84cc-ebfd69b322f6,e062e4af-1d64-7a02-63cb-0d878b6da76f
0fd64abd-3657-4383-9d7c-a7a5e4169c89,c9f31667-4f9d-4a70-f40e-b2ace130d68d
205b4cb9-98df-4fc0-88c8-7858bc4f1a13,7ab95ef3-e44b-e984-801a-6afdf2b13484
f6f7f137-6e25-45dc-ab57-c7e840c41205,1fa7b090-eed6-8d5e-8eb0-96e2c4b5dac4
57375146-9783-42b9-b8ff-6236239a72d7,a148f4d5-020b-7519-cab8-9b7157471598
fab0f9d6-b997-4084-9083-b34c50acf47e,663d9251-3e72-4443-c2ed-8ee11863abe8
907446b3-af36-457c-88e6-120f8c110760,085080be-d780-80fd-4161-a7529df689c4
70b15e52-5cb6-4d26-9bfa-305bf515c946,02c82615-ae36-1df3-559b-f6dbc36f7588
5ebc1f94-d77d-49cc-a0e6-c33d78bb751e,e6dbc59a-0e36-2fbc-5fcc-49a3d12d5cab
0d8ce5a0-b8a2-4ed8-abb2-9376286a343b,2a6484cd-e7dc-2d53-0b04-290dce306b1a
8ff8dffe-3ff5-4ae2-a7c7-942ccd86a3a1,197f5cd7-bcfd-eddf-2a50-0e039bc5062c
1b51246e-a249-4500-a8bc-52dbead76cd0,a29b476f-97c7-707f-8dc1-b0eb43009ffe
0fe9b8b2-6750-4335-bea9-178d193b6ddd,3fb42f2d-8a1c-d112-f7d3-706a02e3ff2f
84a609af-d5c9-47c1-9bc6-19b4be54c62b,fb83d874-202c-b9eb-5e5f-a04cc366b1d6
158aa1cf-311b-442b-b4e8-c57aea5731e7,7201b0b1-cdca-ebab-4a50-606d16cdf5e1
0736b573-9696-41c2-ba9d-18da35ea832c,8327486b-7f34-a091-b6b9-bc8bf1fbfd20
e7111690-12bb-469f-ad98-5d257fb81499,ea551a8a-896f-4042-47cc-8e410cc5ee13
fa980b1a-8ad1-444b-b564-4cad65089855,215cb14f-00a3-c9df-4f43-10e68297eb44
7f7be2ba-6cfa-41e2-9f90-a9b34ae8eed3,62515558-997b-6c49-d80d-b90bb051007a
f0ed74cc-c53c-4ec9-8a50-bdf08980d50e,90691747-4ac5-b400-88bd-d23b428b4949
52f41890-ea68-4b60-86be-e0d93acdfab4,7a0d9294-1e9a-8d35-e37b-18d01a8625f9
e46c3449-c6c3-4781-8b51-6f964d78205b,9b84d57b-a875-3323-94c5-414611a98c53
77845d33-c609-4507-9277-debae70ba35e,4d43f5cf-8a12-78af-ad45-25ce5b91ac88
49890d33-298f-4cc1-82a4-b2f8f8fb8a4e,19fe7819-de09-92f5-e18d-c14f8c50e457
12326bd9-fe17-4978-92e4-47c7a49a51f1,2efdb97a-9ad2-3202-df44-71ca3ec6b7de
1e77b98f-accd-4509-8171-3a8c63bc2d2d,e4a1e71a-e343-7692-bc71-ae54c7a6c7c7
64a13e3d-e237-42fc-844c-ac702671211c,26910b91-c179-9762-cb9a-0a9a8a20280e
b58dfbce-f05a-49a5-ace6-23b7111187d1,3db47417-8110-6d41-f827-c269bbcddaf1
eed80acd-bf3b-4900-b908-1b1fbba48c20,2273520b-0189-ac63-823c-e953c6be5fcf
c9d1d933-94c4-449b-bf37-9d62755f0ee3,79e3c21b-1164-3fc4-a020-7441a02e39f7
d93721fa-3a66-40ee-8f47-cca4f1f97fb1,bb4bb4af-e60f-65ef-a4b9-21191b02c576
2a9064f4-9771-4ce6-9307-3b52b13f6400,cbc52eea-5950-ec50-a662-fd4a17dd43dc
7f601641-85df-4cb7-b225-03895f45dcaf,bd7de38c-c9e6-8e85-aaf4-a64a877dce29
f5409bfe-a4c6-40b8-ac9f-7b04da376d4e,f191cb1c-a4fa-68dc-5718-9bc9b70092ba
08b2eca6-3a1b-495b-8c5b-b8df2e174b1d,6c16cbbd-1c25-9425-ea0e-6a84517ba12b
778c4915-a082-4e7e-ad85-1e9059d18263,c435a3af-02b5-acc0-7253-897c4ca09a01
66e2a8d2-acad-4be8-9f0a-70958ef9ca1f,79967043-349c-d875-4c6c-e9ac391ceb80
57bee8df-596b-414b-8194-126291c1b848,4876cca9-dad9-751d-f706-71646669c9a0
61065a80-8b10-4605-bff4-18d77dad429c,cd9aa752-4538-c53d-1d8b-0e7188bcd31d
ba37bc94-47a4-4368-9a56-dc66904d41de,3d9ed9e5-7371-a171-4b2b-50cc1d7b2fb3
ed2a74d2-0508-42fc-b3bb-d88225fcf8ce,d32f44ab-a71f-6ac1-0fe5-924e496f3cf0
b5a59c76-7880-4f14-9be1-fd8cfc9a7d50,30108901-a0df-ce2b-57f0-2a82e8d27b02
a0cd35e8-0a5a-4280-a35b-5f02432f6e5f,914dcd23-af28-bba5-e3b6-25f161b37fac
0c6143f6-8043-4448-86b6-ebd3f338de0d,10f9740d-5a4b-bdf7-bfd6-3a4a91595970
acebffdb-c1fc-4dab-8bb5-a79a34e392df,1d009f3c-589a-41d9-93d3-7cef71465e6a
27fef41a-8b5f-4ba6-95d1-31ba88b3114b,83875ae5-9036-5e29-9644-5b3a5f8bf0f5
b7596dfb-5349-4f02-b908-27e2911f4c42,6e7d7e5b-badb-b80f-437f-a31e0531a616
3ecbbaf1-9e03-4194-980c-077e96bac6c4,0a2e3e26-9edb-f3b9-eda2-7422f6c79d70
ab999ce7-7287-40d4-beda-219214a962fb,78f12535-38de-9d89-ddfe-11434c6fe567
07461f21-87ef-406b-8f40-734f865c71ec,485ba080-3f69-d9db-b913-788e63d3c510
950a5c38-0add-448e-a112-8cc84adf6b6c,5028f9af-58d6-22ed-2ec6-1c2d017ab788
34e3bf06-da2e-4cf6-8607-e35fdfca86d2,58b42aac-7fa8-b2b7-7183-62eb28a76a18
0effa285-e0fd-4a7e-8ea6-68bf121caa9e,20a078c9-4298-bdc4-8c83-fb7f3c25da6a
32544157-efaf-4332-a6d3-bbc12c2ba3e4,7795a6d1-e2f3-9d79-62a8-7096ece69a4a
491bfe06-e7d4-4bf7-88ef-8b99fcb0f6b7,040e289b-7303-11db-5593-87a1a6b2f068
92b9291f-9ede-4400-8693-b25e83b73cee,562b9eb1-d432-f674-3e50-e898ee8fdc17
0027513e-517a-4b02-b41f-5d6b7c749f1c,65b16758-e529-f850-f4ea-026f8dc80777
3c424c25-aa45-4f81-8f86-0fc9dc09702d,f3dc960f-731e-be9d-86b5-c436782d3fb3
241bb537-fcab-4db5-a913-5417882ff314,7b5d89fe-0ce1-13f3-81f3-6c7c1e07353a
e43223cd-8deb-4c60-9c95-9d475a7c43fe,04f61053-1f1a-a177-2eed-b4e620e89910
693ea882-bca0-4404-9442-5c2c60129b0f,25755f1e-2b28-4532-247b-dd21cda24303
267854d2-2cd5-48ae-90b3-f4dcc571957e,1d707a45-e1a4-d06a-0c74-284bdffe017e
75ceb9f1-d373-4234-a45f-d5a35b6eeade,d056d824-2b26-84f6-3cb2-1d349bc9338e
53d6a269-a182-42fc-987d-877a2f8682e6,a670f9d5-fc76-27b2-31df-6047a233b2fa
c7592aa4-cbc5-47f7-8db0-57b05a1dda03,7ca85ecd-ca43-36d0-9bee-529c94cf3f8a
f35e667a-bfed-432b-a2e4-6db611975e30,1d245bb2-dd0d-0583-10dc-fd95aa42c6fb
6c355e43-f819-4707-a11e-7375e7889183,ce61e773-d7b1-4fa4-ed0f-c3df1c515331
4dd1f751-9189-4db7-833e-7f787f2b3de8,2fc46a22-7c5c-e430-347e-540ddeb5633b
0b32bd97-053d-4574-8637-f98a7e49223e,7db2f2b0-ed65-98fd-c1d1-4dd294b8f5d9
95ad9795-e515-4661-85d2-b152d02144ec,58358674-c733-d074-dde5-be3bae5dc032
ea0ed2a3-e006-45a4-be96-382cdb1644c8,a8f58484-783b-4141-12da-edb834e5fe2b
92a20fc1-1e28-4082-9cd7-1d4c613d2688,88a0b5c1-aba7-a413-bf89-8fed5025277f
14601aa7-f655-4ffd-8206-8baec4c24911,0bd3fbfa-4c3f-943d-7d72-96878e5ee9f6
bee1e324-d128-4119-990d-f7ae6c40d182,7547875e-33cf-549c-5b91-b7367785fe9a
166d7431-8d65-4fe2-ae01-ef74893c0ddf,1dde2b9c-d026-cc39-1117-3c8807d8d8ec
d742917f-ec80-4daa-b070-61a86eb0efa7,7ae6d37f-323f-da65-1478-2c37a4251ec3
3d07ba1a-46da-477e-911d-1c796ba81e73,82f35f36-bbd3-ac37-9799-0642a8c4435d
1daaeb69-16bf-44f6-a1a6-a6dfa7730d24,dc85db2b-8bb1-c975-9ddd-72dd5122b009
4e574d18-6dfa-4991-bc2b-dd6c3ba06f17,b1e11f0a-b4df-5c62-dfed-c75654e14804
7a21d2c9-8dcd-4de6-b178-dea05debdcdb,517cd7a8-9d29-3038-9b43-ba9a942f2b89
78508d00-569b-49bb-9afa-4813336fcee5,2ab8b9d2-c3f1-00e8-07dd-2cddec500cf0
9886a97c-1466-459c-96d1-044350bfdf3b,5f011faf-c350-1f0f-23c8-d4f9f2c32f92
7946b1a2-c514-4734-87f2-7932715fa824,85b8efc3-2790-605f-c455-118bbaa29991
a95a9cf4-b533-4ea5-8adf-ff92b92dbe8b,06d9a4e7-0d5c-098e-bb15-109f7f924ffc
85185409-b978-4737-9bf2-d01d5a192af1,ff9ec5f4-8c71-171a-3de3-53da09722f94
1f721356-7b13-4fbc-a341-92634c67bdf1,363a9051-c4b8-866c-a860-8331a33695b2
633f54f1-8fc9-4dcf-be48-3e7004471203,97353606-7008-2185-fa8d-73eb3bdb73e1
de5309f6-b3c3-4be4-a231-bb5aa546b2ff,95402b5f-60a7-e39b-264b-16d67c44311a
24fae58a-8ca1-4f5c-948c-311accf80305,e12f9d0d-964a-bef7-2de2-821de2c0ee67
012f3988-df45-4725-85b6-6248fcf02a37,7856f9d9-201a-dec0-cdce-8daf032ca6ca
a5c5ba5b-4f67-41d4-8a0c-5e7bfacdd121,5400f6c7-1e56-a54a-51f1-d8c573dce3a2
268d26a4-5f56-43e9-88f8-c1e7e48bbc15,e4e1ece0-fd46-36c4-b277-f4e0c9013097
fc96e0f5-6f6c-4e60-b43d-ec0c2d8afce4,0d43ba24-56a0-075f-3503-7ddf5620db34
04586641-35be-4a5e-bc13-f8662d390444,a374581a-3478-c147-8e02-9bcf7f43f754
12c6167e-2548-462a-b58e-7c7f24aaebf7,4c7e49da-a56e-f99f-0c8a-8320a3127be9
b3d85614-fcb3-4ed6-b1f2-b40ef353613b,7d4fdbe2-60b2-096a-c981-8722c9183d4e
cf87fcda-86cc-430d-9841-d2b81d7567d8,d2474990-81ba-4726-29c5-817ec4880766
1d80a83b-ca5e-43ab-a7d0-2167c1ac2c85,4d749712-9379-405f-7111-32cf4b20c8e5
71282302-4e43-4b89-8746-9cc1e2222132,9bfbe310-3827-f09c-2e03-b46072c206e2
96eaf629-41ee-457d-9df8-0ea6b7df4ef1,e1756a37-de30-bfa2-b53a-d831f2ff1bef
77e0ce8c-1fd9-477c-b767-2bc6b2a4c958,3ea56d57-04d9-6419-2e13-1eb7daa824c4
7d6da39d-2c14-423b-9bda-c53b508adfe7,66a100f9-cab3-54d2-e76c-c0c7a8443ebc
e1515429-4fff-4f17-b55f-1c49551a9fed,1963f080-6d49-0df3-8ad8-ef4c3e2d7f92
359ca3e5-6828-4501-9fa4-aa0ce0feebdc,398331b7-88d1-0156-0c94-2b5b27d80724
f8e63235-d354-4da4-aa2e-8995cccb4853,99483b3e-ae19-6cb7-af82-586c856ddfd3
3d78611e-3cc3-42eb-b8f7-8070541cbe46,5befc145-867f-d608-ad47-a4fee5d4a19b
3423689a-ad2f-4026-bb7b-c45fcbd5e7ea,05103655-a186-1d07-6d33-f019edb5df3c
387acede-2522-4d53-bce1-64082c4dd1ef,8a220446-f81c-12f0-5c8e-9118c85c5fcf
95530ca8-4889-42d4-a335-2e61a9a18df1,0d6f3061-eb9c-09a0-b783-b4b71935599d
6d16c48c-d6aa-48bb-a536-c502cca4b308,90ef4e36-e059-07f5-c77f-26fa5ab45b7a
6edea62e-201b-4cc2-befa-bdd4ab1431d6,43e0a294-6c92-b6f0-7cf3-d294f6f302d1
de27e5f0-52c5-4648-ac78-8c25f82dd1e8,e7104ea4-56ca-1e70-88ed-e1d73cc5cda1
a492d109-cb52-4241-945f-c4eeb683caa1,290c5ba4-4f45-2ad5-26d6-9bed0762c244
d8b8acc2-f480-459f-905e-223a4fdb3e32,7871ac59-07e6-c631-5ec3-80231c99131a
ce9f8ec1-0931-4d44-bc9a-cb4a8f711358,1a453b99-1ffd-6871-cf67-fce25d079a0a
f0111e35-6bc9-4335-933f-8c81beb40806,348d1ec0-de10-7024-5387-fcf6db70e501
8188ed21-1e53-404b-8baa-565dd2d7a5c8,808bee68-a2a1-9b7c-9a0c-3d3d6e4befca
c2ead9f5-ebc2-42b9-97b6-7a84fbb21c7e,b9c8bd78-9b96-e29a-85df-da69b28a3795
e46db58c-d712-4f5b-986f-4c01ab076a6f,6d167300-350c-37bf-81fd-8354c9c652f6
7e4ffbcb-01ae-4ff3-899f-fa8772353c42,b28a897c-2e45-4075-0872-937466049d69
7ed0162b-ea70-4d3c-aca7-546ebd1a066a,d2080643-962c-a9ad-f94a-f03a51586a16
c5696600-7ed4-4557-b943-95ed5d306e3c,a88c6087-dc8f-f27a-203f-51303f8b9d33
d5864b40-0ec5-43d1-b472-a6bd8c3e4e70,b68fa23a-fc6e-165d-9f07-4f106fa051cd
047c84f4-69e8-4e3f-9b5b-d0a90c95b636,197680c8-b10c-a349-9e88-09b4ef19caad
a5c757f9-5eef-4ef7-a1fa-9501a35383b9,c15d9186-cb8c-0970-f6da-25037da06b3c
2600c7c6-a7ca-4b7e-b3f2-7bbc0e1db61c,698f78ff-cdd0-1060-37d5-8af35d422257
8f4a6518-6837-4839-9f87-18930e436053,6f213de1-104d-7e04-f076-97bbd0457230
3bd9978f-6244-4789-b39b-36f7807ce0f6,c7bc16c0-7ea4-3481-8b6d-51d694beb2aa
33592588-b89b-4135-881b-ec43cb2f2e62,daa57a49-5429-8167-9161-06cc2606337c
f5184b41-bbf6-4330-8106-cd0a2b596045,72f1c6e6-d503-2998-592a-91456098d7d9
0f4bfde5-b03a-46ce-9001-2cd4ea7e252c,8cf6937b-3ddc-f461-48c4-cda09132d217
97e57606-8a35-4472-b294-b73fc9ff8c3e,2a76bf25-839d-0555-7b4b-bf3e9f93c323
59b54244-2c85-4485-873b-041ee2670d68,25d70b8b-c027-0027-c8f7-ad9652148968
f4926a30-948e-4f2d-916a-40f3e657feee,793eafdf-874b-17da-3ab8-b73278788bcd
388c5b10-f627-4ce5-91c3-24a086245dfb,4ff5c060-7190-5ed5-9fc3-e20b39d44487
0472c87c-4fbf-48f6-b0f3-465a9286d528,4ff6ff88-168f-81bc-7adf-6d4a171f1886
ce15ac7a-fed7-4d6c-bccc-2f6e6d58ba46,49116a97-4507-8a00-d1ce-857a0cf4e249
59991ab3-385f-4893-8551-ec2e2ec1a3f4,05c82c3c-31a6-bcee-3646-91660bd15ee7
7d31eb7f-68bd-4ea6-9a6f-f9454ebba2db,ad761c01-9e66-c0ce-98af-455dc55b5ee1
cdaf333b-9757-4892-8d78-dfbd95e45c95,bba56dc2-4bd0-a51a-730a-1e3c29204780
b342eb56-5f9f-4cbc-bd24-14673a9deff0,47c1a7c4-063b-cb6b-07e4-679ca80b1e85
a6cea16b-b90e-4c28-99cf-8768384f5cff,f1285b51-a078-b47c-d921-5622f4b2fd3c
1ffabcf2-d2ca-4274-a24a-7bf61e1885e4,1ab8d529-82d2-3125-4174-505f7d21590d
aa59d130-60fd-408b-9637-3f83b4698928,a35b1d4b-9d41-37f5-1c51-1e6b2361befc
900a8ef7-233b-488f-9518-0a50b3393165,b45fa754-5f83-d904-e059-51cc5ea5cbac
14e19494-eb71-462a-8670-57f2f03d5e74,a9bad233-9b12-fa51-f701-c2378769b9e6
470a72f1-1581-4cd3-ac5a-c7b13227ce91,42912788-4eed-d096-5b3e-fc8a6e1e002a
09f41839-7aa1-4c9c-a517-4ff9a85b51ea,3210f3d0-8741-9671-2716-1984a64e7704
be163eb4-a453-4a3f-b1da-d69e378b2fea,0573dc34-bc51-8c5c-cc6e-e47817bcc472
16889295-a592-49d7-8313-8bbaeee45b0d,e57a2565-9af1-da9e-22e5-40206215d193
5afaa867-6e09-4c93-9cfa-3868b325e1b6,36ed9b03-2b10-492f-bf3e-b95fb0257c94
9bd00cc4-e88e-414e-8bee-057acba87711,535c6f91-6066-9318-ca0f-74fa3b6b3af3
34a758d7-cd08-4fe2-843e-2fa5823c3f35,accc5478-e4dd-05df-3f73-7821a6bd86d6
19d8b421-5e76-4f42-a0fe-c2f0cf550e4a,dfb82ee6-baa9-a436-a889-7e5b6cb5ae07
2ca3c940-7201-44cb-8800-4f2472f664e5,f3bfa24c-a8f9-d30e-1966-d56310c01ef6
f82ff52a-ff54-40ce-91b3-32d186f0a9dc,5a7da71a-7a94-8188-e391-561ad7e61ec5
5402d61c-077c-4730-a097-09bb52eccd79,be270a1f-da08-a531-3ae1-c0c63950410b
4c813ce3-4949-461f-b780-8cce8c75259c,aed0d5fd-51a5-14ea-d0cd-0c439a68fcfa
a17ac402-272d-4276-a142-7b0a379cd863,5774cb0c-bc25-69ed-b2b9-f3eaf6a17662
eb593aeb-4ee1-4287-8c14-f6e5371d97be,d037761a-5d58-3cc4-4bf9-137e46b55031
9b88470a-c199-4f90-879c-6d5bde7671f4,e87915b8-61c2-2ea1-4eec-3899f903690b
e658476b-7229-44a8-b308-e204d13a12b1,623adf3f-56ec-2c4d-0e80-f8e199c314b0
fea2c73a-8e16-4d29-8fd1-11f2e56c5b7a,4994c66b-d1a1-1804-26d5-6b6044b03731
7ef2d490-0b4e-4336-8631-59aed23949c2,35b2c8e3-68b9-0f15-1e7d-0b2b0ac3e32b
55735beb-dc2e-4d1f-8219-468688f913b3,c52c5168-3d04-8f24-4de8-686f3ce0a832
783f7a49-20b7-4d2e-89f5-f4d9474ed340,afa1061e-4930-25c5-3e44-f011b015f86f
b37d58e9-9fc6-4912-b961-c0fa9089e251,3a113ff1-3713-d5f4-c624-bb8fd9426f33
bac72e19-1f90-42c0-accc-77b9fe394258,61e74155-6c83-4592-c8a6-27c1c3dea5f3
1f3b6849-3044-44db-b262-18b19f4206eb,5710bfd0-fcc3-abfa-b2b0-a8f634428b80
9c419dce-f888-47c9-aad8-528c378a9a64,c93d1505-1551-9fe5-89fb-ae29a2dc196a
90ccdfbd-f442-440e-8c1f-cf37b54046c7,67832f9b-b260-e523-5126-e93b958c6859
22c53009-2746-448c-8945-e5b80a64c91c,697eb176-3776-5ec8-952c-58d4b1d073a2
207f194a-45a4-4e21-a2f7-3fbece438873,35042275-eaaf-3f6c-7ff8-c7a9332d2a79
20f05a24-b7ad-4f97-959c-2b0c414e023e,50ea5a75-446d-0ea5-4413-9ee8ad8251d8
259f5dd5-29c8-4755-9787-af8058b35731,4005ba59-ff24-7db6-0de0-a1113873cb8f
83c0d530-ac65-4a14-975b-2a5596875875,478d785a-a85a-e9ea-a601-0838e3ec9a38
25d8381d-11a0-47cd-b96c-9bfa4b40c74e,97b4b4b0-a638-f81b-bee6-c802b35baa3c
446be34c-7541-450d-8e03-2d8b269a55ac,153bb65f-c1d2-9341-9462-a7d79d117832
1f981bee-69ff-4b09-bd7c-eeef13b23355,2e33e3b2-396e-2514-7c13-b042fe3aa496
aff0968d-0f5d-4117-a209-51713fcc6089,f6282d31-94f3-622d-cc98-ddec6f1e3c21
5ff25047-5f39-4cea-8c3d-71b114c04b25,c3e591e6-3307-4552-b81f-4f27db1b2e5b
1ffc404d-66fb-4333-80eb-3d665141737d,5028f9af-58d6-22ed-2ec6-1c2d017ab788
545b361e-d2e1-4b15-8c8b-e95d344b9b3d,0bd3fbfa-4c3f-943d-7d72-96878e5ee9f6
37bf87e9-e01f-4935-93cf-997aff570008,6f651810-5aac-3583-3da9-5ef3a601a256
e273dd24-0beb-4d33-91f1-cb26ca827c35,ce04d473-48af-330e-8daf-c792afc250b0
6c05dd2f-86fd-4f17-90fa-f8fee2b9502f,17299bdc-c14e-402f-a77f-72b7b8fb7334
e2043120-eb1e-4012-a097-567d7fb2e7cb,f50afe6a-b533-66ef-987e-580f3ca10480
c6f5e3c5-e334-4f77-b96a-2fcc1daeaf7e,0b944900-251f-5d73-319d-7b067b9452b2
903e2cd6-de7d-40fb-aa6e-219d343c18e9,77a0a566-1714-7722-c1ea-3ec23a003e7b
e3ebabd4-7bc0-4c18-af4e-f83b16f7b94e,62bc9b7a-8500-3345-7dd3-07f09a04de8e
0ddb69f4-ab1f-47d8-937d-13f77145f086,63065a18-f607-6caf-a2d3-84f6e45457d1
548d1ee4-a926-458e-87ba-353d90b18d4e,989411dd-aaa2-185d-87f4-76c5b494a7ef
112f42fb-dc85-4b68-af2f-de4b8ec64748,441ef858-5cfd-c241-56ed-3901f833095d
15e4e306-5efa-421b-bbcf-56d8355a799a,5f845e07-2e87-7385-d5b0-c11c9aca6605
74879637-4ed7-4655-9f8b-ba92dcf6653e,64fde0a0-e018-4299-3416-f25f30e89f31
5d40fd0a-cd27-4f2d-8229-1323f7e77d26,c73ffcec-b1c7-7b35-892f-f7f61a721187
551de9a4-af71-42c2-8806-415602a37db9,040e289b-7303-11db-5593-87a1a6b2f068
442ae876-fcaf-4277-b831-2b46b687e15f,ce61e773-d7b1-4fa4-ed0f-c3df1c515331
1c7d2d8c-702a-4dec-b4ef-e74995f657da,10f9740d-5a4b-bdf7-bfd6-3a4a91595970
3b806e2c-7d62-4140-9431-57d5c0c48e39,76f0eef0-7c5c-e3ab-271a-3b4aa13c2304
1530f065-1f44-485b-ac84-8ba286feff4b,f719aa70-7537-26c3-1932-0914a88df8e6
1472f924-3886-4b8c-84ec-23b0e98b10c0,d2443544-bbdd-0e2e-ba7f-43cef35aa172
5ae4f1f9-d546-4c08-9236-61cd9f10c1d7,485ba080-3f69-d9db-b913-788e63d3c510
f6534f3b-61c6-4ae4-8b53-ae57a0042603,6166f93e-769b-d132-d41c-15bffaf1f7ca
fc74c971-fce7-4ecc-b81d-cd2d8a01c4de,0277983a-bd66-c214-99a3-1d3ebbbb44ed
a36d9d84-e1fd-42a9-91ce-fad7d3295868,1dde2b9c-d026-cc39-1117-3c8807d8d8ec
8095d3f9-e531-4e7b-8e9d-8905a886451b,9a30fe2b-e901-0cb3-5116-7ac9cc5c3504
aad67e41-226c-42f6-bc17-5fac947e50b0,4c7e49da-a56e-f99f-0c8a-8320a3127be9
05d8c898-ca39-4d31-8147-411f249dc482,4ff6ff88-168f-81bc-7adf-6d4a171f1886
150fe324-83bc-4d29-93cb-8fd843783365,35eccfc2-27a1-ab6f-af3b-1720b4dbe583
9acd910d-89ba-492f-94ff-7ea047e500d2,f191cb1c-a4fa-68dc-5718-9bc9b70092ba
6b964c65-262d-4c26-a347-52e850cb5f0f,7c4ef586-865d-d475-2918-a756d9748306
845c7096-a15d-41cf-b275-42eaf3aaab96,7c4ef586-865d-d475-2918-a756d9748306
b63fe87f-8f37-43d1-b025-8dd5385abf87,fff82785-972f-bad6-19e6-9a0bb63029cd
73193bfa-ac49-4edf-830f-3536ffef085b,7c4ef586-865d-d475-2918-a756d9748306
13c92571-22cf-489d-b9bf-6402729d45e9,113092c6-3a88-7223-6509-cbfd6014cc5e
9fdf9499-dc14-49e4-b1b6-bc2801ad215e,7c4ef586-865d-d475-2918-a756d9748306
129f89ae-5a99-447e-9edf-59516bc41d20,7c4ef586-865d-d475-2918-a756d9748306
fcbaa0d2-ce47-4879-96bb-e9f552a0d732,1d245bb2-dd0d-0583-10dc-fd95aa42c6fb
e94dc850-2f10-4e7f-8d35-456cf7803b1e,67dddfdd-ca84-d8ee-b39b-595bd511df32
d3446007-ba77-443b-bcc7-fe1ff947d540,55605572-aacc-97b2-7a5c-ed14e31aa9d9
bdd0b297-6eef-4a16-8888-c88c7165aebc,1a453b99-1ffd-6871-cf67-fce25d079a0a
abe76a2a-af6f-405d-bc7e-6e242852333a,f191cb1c-a4fa-68dc-5718-9bc9b70092ba
546f712f-4e6e-44ec-97c6-1a7226fe720f,7c4ef586-865d-d475-2918-a756d9748306
4f7b5ef9-7371-410c-9d09-f453716ca897,7c4ef586-865d-d475-2918-a756d9748306
965f1adb-a6cd-40bc-a8d8-d76699f20f70,453756b2-2716-09cc-3e2b-ff40abf74754
d9dd5640-2ca9-48d6-8268-54020052d28c,6f651810-5aac-3583-3da9-5ef3a601a256
1262edc4-5867-4e1c-a664-04e80b0f63d0,bb859713-02fd-6041-7c2c-b2b85cfa56d5
e37de8c6-9fdb-4b8c-8875-2e0327331a1e,1d245bb2-dd0d-0583-10dc-fd95aa42c6fb
41c29a44-c49c-4aa9-9f62-856e8040f5f5,484f2edd-bf2d-7153-3782-d35c92bbbbde
c377f280-3dd5-492d-a52b-89cd9f1f2b6b,17299bdc-c14e-402f-a77f-72b7b8fb7334
94ea2abb-e511-44ef-abdb-577f802eff55,19fe7819-de09-92f5-e18d-c14f8c50e457
fe8c75f4-8544-4a20-adf5-981b0e461f59,b68fa23a-fc6e-165d-9f07-4f106fa051cd
325f140d-63f3-4157-98e6-9630b5075229,7c4ef586-865d-d475-2918-a756d9748306
ab575e3a-1788-422a-a8de-04b8ef8e4037,562b9eb1-d432-f674-3e50-e898ee8fdc17
e3dbb390-235a-41cb-8fcc-8f5ad038e5d4,3155b705-ebda-d72d-86db-21e1d31ea696
b87e56ec-32ac-4690-816f-bfdd0874025a,7ae6d37f-323f-da65-1478-2c37a4251ec3
1dc8530d-ced1-4a66-bcc1-30c6ccf3ebba,c73ffcec-b1c7-7b35-892f-f7f61a721187
82678e6d-776f-4667-8ca0-90d2efc3bd44,7c4ef586-865d-d475-2918-a756d9748306
93bf4362-52c8-444e-a713-839f30fb5a95,aed0d5fd-51a5-14ea-d0cd-0c439a68fcfa
38500a02-277c-43a0-9a7a-45c070092c85,aefa3572-3881-3c6c-ae0d-353330db01ac
484666d3-0764-441a-a9df-cb41d5b7d300,97b4b4b0-a638-f81b-bee6-c802b35baa3c
936a81ba-574c-41a2-a4bc-46a97d4a8852,a374581a-3478-c147-8e02-9bcf7f43f754
a295024e-8dbe-4043-98af-890f43d2f45d,79967043-349c-d875-4c6c-e9ac391ceb80
d3f11cd1-73a4-4f06-89e0-5839978db582,26910b91-c179-9762-cb9a-0a9a8a20280e
b4cb068f-ad6c-4265-b8ba-afd495717718,c8cdd5c0-c7ad-6e42-b69b-36cf76e5b079
1fadf3bc-7bcf-437a-869c-64dbd10eb63f,61ba4b36-ef23-1195-cf59-8364cfef849f
205d460c-7ce3-49cd-b3a2-f948a5d8938c,94b5cacd-386f-7e38-1e4d-c52f7a99bea4
eb0faa83-a65e-4aff-a158-8292ab2b77b8,153bb65f-c1d2-9341-9462-a7d79d117832
7feb64c9-1ee6-465c-aec2-00fb6e10906a,1963f080-6d49-0df3-8ad8-ef4c3e2d7f92
c23de6f4-6e23-4fe3-93ed-466fbf82bfde,e0f3823e-3b88-d77e-1ad7-df2dcc42e1bd
dac04182-65ae-463a-a715-8683c15140fd,8fc3ee2b-c17c-e375-ad49-c667f252ddd7
46eb05cf-dd5f-4715-bb81-1306b14450a0,517cd7a8-9d29-3038-9b43-ba9a942f2b89
f012acc8-7383-4958-9b5d-ee7f9fec2698,d0f71103-9ea0-a9d7-dbb2-3ece3b55ac99
868a4c34-93c6-4e44-aa70-de05d56a4c83,fbdb1181-eb35-3296-c6be-f3d5288f3763
166a0b73-fdb1-4ba1-bdf6-c2f04e953a4a,663d9251-3e72-4443-c2ed-8ee11863abe8
fd864cd5-5a08-4a48-900e-7de05da6ab51,534cb6eb-05eb-4ba8-83ee-81bd03af0750
ef1ab3ad-5088-4ef1-888e-2cbd9501c3c1,e1b341ae-4cf7-2d94-6ea8-4dcb605922ab
09211ca5-46b6-4795-a3c9-bd87f2828542,a99ac561-96c4-8995-9bea-9d26af2f62e3
3034b5f4-485a-459b-880e-627d24b308a9,8acbf7dd-f150-0db2-567a-5c1169d02571
1d43d5b6-b80c-4528-a73d-0f380938dcce,b4a84043-5c06-9aa6-3f52-3892d051d424
b1a55c49-81ab-4027-9ba8-434064d24e21,a35b1d4b-9d41-37f5-1c51-1e6b2361befc
65e3b7a2-a93f-4095-836d-545d0d92b8e7,8a55306e-120f-3977-3fa6-106b88661577
2be6738a-627b-4ea9-b391-c08c424eb757,513e1248-266e-6157-ef32-063c00572fab
95549b33-d540-468a-a263-dd764c37389e,215cb14f-00a3-c9df-4f43-10e68297eb44
9d2f4f8f-e39a-4e7e-abc1-2194b95107ae,938003a3-2342-9750-3855-b965d3f9ac56
9ae2c132-62f6-44ba-9b23-f7ab25ad03fe,4ff5c060-7190-5ed5-9fc3-e20b39d44487
057ac9bf-7e40-44ae-83da-d1e8190d7ef0,4876cca9-dad9-751d-f706-71646669c9a0
1f719093-95bf-43e1-bcfb-40f711254984,c22d6182-b427-b1ea-0173-efdef78fa888
0fb283f7-dce7-4421-a16b-30f0b90030a7,c3eae6fb-5818-e8b5-384e-10c5f49cc18e
43c452e8-79cb-49a8-b6a8-438bbe1602e3,e46bf9df-d3f4-a2ac-6624-1b1fd33d633b
af66bf7a-7210-4cb2-9214-9667f5dcb1d9,c2d3c449-daca-3806-5b99-b82b03c55e7b
6104b8ef-9dec-439f-aba8-ed9c469fe37f,fb5cabc0-c206-142c-a16e-10d2aa25e849
35c9472b-c30c-4631-95b3-6ec38bc17272,4925d7a2-296a-7027-dfd3-560557306cc6
1d4d5d3d-ca06-4d3c-bd93-61a5cd39cd02,6dd26e5b-4c78-a29c-fe5c-0b95aa031d2f
1403d196-e513-4d7b-a537-c8f2072fd213,74c4d26f-ae71-3bd9-bd3d-d7e1ea42af87
40ab86f6-1ffb-4195-8c51-7c46a22334c9,3c75fbfa-c134-f4ba-7c60-4d1567161fde
2f341742-aa41-41d9-94de-a3cdf43b2730,ffa25fdf-6928-912f-1c9c-3bad93d70d50
42117115-cf99-461f-a672-5f6742560c9c,
d1097e5a-d7df-48c8-873e-303cc32e773e,0542a6d7-a31c-2513-be52-8cc5baa0ab90
81fa18bc-bb96-4f4e-9457-26432092b6bc,d39966e9-1651-0b30-2f0c-261b00fda5a5
4ede929f-ea8e-46af-b532-a3a2d521eb3c,67832f9b-b260-e523-5126-e93b958c6859
dcdbc456-ebb3-4f3d-9670-29a6a0bb750b,537932fd-1438-d42b-bc8d-ba38f0889f0b
60a9dd9c-5f3e-4e34-a5ae-4d3ab9e82ed9,31b609f7-1bd7-03d9-7242-5ae75be7036b
dc068c79-2d85-4a2e-9ee0-0343987fd064,fcd0ba90-a4e6-d6a1-dc69-907f0527da0c
6c3248eb-e946-451b-b67a-1f0d062fe687,659b632b-5e2f-2edc-2db5-870fc2803100
fdda17a7-d0eb-40bf-a1c2-dd8821518f68,2a15b969-7040-1f44-8b3a-9cbec0174a0c
3e9d2968-b67c-4b8d-92a4-df5000b65ab0,76f0eef0-7c5c-e3ab-271a-3b4aa13c2304
7fab7548-c39c-4506-81ba-4c6af32e3dc1,66f13a78-6ab4-89c7-6153-0012dd17839b
9064bc15-82ab-4494-92cf-4f9d55b403d4,62bc9b7a-8500-3345-7dd3-07f09a04de8e
abfb701d-f5a1-4774-ab63-fb537af0c0e7,5c33aeca-6ab6-f091-cf3c-ff26b99fe6e5
9a82c45d-56ca-489e-a1fd-193a9b384a53,fb83d874-202c-b9eb-5e5f-a04cc366b1d6
47fb7d77-6612-4123-b09a-94b0d1340e99,a5bb6df6-a560-86b3-0520-459b91a39816
5d9527ba-2555-43c3-8d07-d33a42b55faf,ca0a8002-1d40-7671-6c56-7a757ae11aad
e6e4f596-e62c-4ac7-953d-6f613e2f94cc,08fdac1e-84b3-8b21-62b0-b66485014034
59bb1dd2-4c10-4edf-bd76-843ff2fe6c20,6f03cbba-5b18-f564-0b46-b99dc72376b1
f575ce9b-ff29-4486-a820-86188b05e296,7dd5daf3-2287-f81a-a3d7-72cecbb7bd1c
3fd69096-1bac-425b-a244-623481ec7c47,7ea7fda0-8ede-f395-499f-1d97b93efbc6
517824df-cc05-49d9-b065-73787224a21a,20e24d11-2968-e58e-12e2-dc0721d5f237
457fbcdd-669f-498c-996d-dc86f4d5b636,64e47a7d-9789-6447-d34e-783f940b6487
f9c13203-23a4-4485-83d5-c12fa83ec192,28c530f0-ef11-65cf-ee84-99436f260678
49b8ebee-23da-47fb-9eff-87412d01f8b5,6aaebd27-569a-f1c2-b57c-0ae0e8e9692b
7f270b1d-5020-49b9-a382-c637e5fa7e85,4d95afdc-cfd1-b3e1-0954-fb3062d24c66
1c9a48e7-8937-4f3a-94a6-24be1453e310,38b420c2-16cf-6ff6-8775-9c97e4fb643c
f1a58877-f778-4df0-adba-dcc636e8e09e,5a7da71a-7a94-8188-e391-561ad7e61ec5
b9b92fed-3cb7-40b0-aa10-32eca6c1e903,5c675dbe-8577-1b27-c8c8-a9396a3f3d99
0064134e-904d-495c-b9c3-ab0af66f03d3,ac77aa0e-eea9-4002-f427-b6e002b6843f
cf5265da-d3d2-4d4d-8cab-0ed349d63f01,c7791ac8-f8cf-376a-efd1-121d114f17ad
2279c16a-1e87-40f0-b8cc-37ece7acadc3,dd1679d4-f77e-bfb4-bc50-316aec851a1d
5d5cb01a-48b7-4515-8ae6-fccfac9f5325,806c411b-cb30-1314-4c78-ab89818a4da4
3ee88f8c-b2ff-4d61-b00e-a951bbecb568,1277446c-eaf9-4837-b2f5-b161bbb355e6
69572743-518a-4716-82a4-af47e26288ac,dd3743d8-60f8-ab1e-b362-e8ccf4bf4e92
757d87b9-e507-451c-b5e8-c21fc80e1b2a,7db2f2b0-ed65-98fd-c1d1-4dd294b8f5d9
cbd41123-0d90-43f9-be84-0378628cc651,b3710cec-b199-ad83-7258-e6b5b826bbb6
e9d8b49a-38f2-45d9-bd59-bb8c11a85e33,281708d9-807b-eabe-fb9a-d02bef4704f8
0c2c22c4-0a9f-4c6a-aace-f90640e40475,b96a4937-dbb6-9ad7-271f-32176e64a3a6
f6e2d8aa-4eea-475e-95a6-9bd6714eca2c,5ace9a73-3627-78f8-4292-e5a1fe031f8a
323f9088-9393-4fdd-be05-0fcc7f65d8a1,e1bb700c-94d4-6b55-53b5-a90001a0c81e
771d9f93-c6f6-4af2-a657-3ec658ccb642,4d749712-9379-405f-7111-32cf4b20c8e5
d0e4407c-5ba0-434a-8d45-f32e0c084bc3,601f256f-6eca-decc-f749-da9f52f2a437
90288219-08a0-4794-b5a5-0ac3396653ca,0d91e8aa-129c-74f8-0b2b-22580fb10929
46a7ad21-8f5f-4a62-bdf7-fe2fc15bacfb,be270a1f-da08-a531-3ae1-c0c63950410b
ce783279-a14e-4ff3-88bc-6c7bacd5b129,a2e2a37e-2ab8-a7b8-32d3-7807f9f07846
38e23329-d583-4265-b336-dd3e476e8dea,05c82c3c-31a6-bcee-3646-91660bd15ee7
df09b239-b8dc-4c11-b945-89947aa1e65d,25755f1e-2b28-4532-247b-dd21cda24303
07210b5a-acce-44fd-a6de-23522144c998,d860ebe1-d190-eee0-537e-1a5af3a1477b
8463a0bb-63a0-4b7c-bf1e-4b949bb15cec,1ab8d529-82d2-3125-4174-505f7d21590d
7a572ad3-eef4-47ca-9489-a313ede0111b,9ba9e6c9-c61b-1624-f303-a167a1a7e591
0044760f-1c5c-4bd4-98ee-2019fa804cb5,a7b7f89e-018a-79d2-4d61-4c00c3f218be
39a769b4-fa80-4b8a-bdbf-3950b0197bb7,36372082-3012-9ca9-f86c-5835f54453bf
0e53eca3-bfe6-408c-b280-c6676db4399c,042e5b59-46ef-42a9-842c-eb33d7482e0b
645351ac-929b-47ea-b7b5-f0b68a1e0893,1fdb34a5-cd90-c7a9-d326-28949ab3b0b3
5e8a1bb9-a0b8-43ef-bf0d-f9b96d6d2b76,a3a964b6-e6c6-4c39-21c1-dfb35cacb4ab
d3d4b382-3f48-4951-95da-71789a55811b,bb59a853-727e-fcf4-150b-5cf0697d137e
df867f7b-19dc-4e0a-885c-95e86705c15d,10043290-89a9-5323-f92b-7d52044a4738
ed664f57-92f6-49dd-afb2-647ca56b4932,d2732be7-e289-f281-6b92-34434e8d4a4a
481019f9-9d77-42ad-893b-1cccd30c2ca2,17f41cc9-89ec-1f55-0acb-d67911c9df6e
4ea1f0e8-f0c9-431c-a07d-abedde107c1c,c5aca75e-8def-2307-080b-2b55983cf489
148e4fca-45b1-414d-8762-e8579b1a9a2a,11bdcf94-8fdf-c722-29d4-50a724adb0e4
36727cd9-5037-491d-91f5-8128bad2d6ae,938cc126-564d-491a-1e7c-c6881ce289a6
fbf32bdd-415c-49bb-97ef-88035c99b4fe,2f54ba6f-13b1-f8c2-9fa4-1cc44beddb9f
5b216312-60fc-46ac-82fb-27a262a30243,7b1e8440-c462-c6de-bf4e-d9a2aace6911
152ab3f9-e550-46e1-a70a-168f9f3f8340,1a453b99-1ffd-6871-cf67-fce25d079a0a
2851f10c-08cb-437c-802e-b7164b7044c0,46a56ac2-5b01-06a9-35ca-0b5b30c2925c
5d08042e-2cfa-4a99-8c0e-a5d8d5cfd6b8,cdd01952-ef45-6650-5ded-f241dc1a9f3d
55524e41-c67f-4f55-a987-5b43093eae2b,e4a1e71a-e343-7692-bc71-ae54c7a6c7c7
497257ed-7876-49df-9db2-0e5a6a11e794,535c6f91-6066-9318-ca0f-74fa3b6b3af3
2deedef1-0da7-4afc-9ab4-8596185f8813,f25f9473-8a27-e5df-8339-e8a5c27f5641
f488bd81-2803-41e8-a513-5a05a5db222b,be870c47-5594-2b25-bcb0-f4a0751816b1
d2e0bd57-b6e9-454a-b998-74df3b7a19f3,363a9051-c4b8-866c-a860-8331a33695b2
46779e16-e24e-41f8-8499-bdcde3b0c25c,c1827c9e-bb9c-84f1-d9ac-7e547b036a41
7772f08c-b1d4-4204-a561-92af9ed3baef,2c14b3a2-d5de-30bd-71c3-c1c79e76536f
5b099903-bfbe-41ec-a1af-f4f388e705cd,54dfda60-4bb1-6f16-39ed-f4044efc7d99
b389ce39-db5b-4ba9-8223-59147bfb0350,3e5717a0-7904-3232-8cfc-1170e282bd45
5718ee4e-61e8-4970-a739-6cdcd2a64949,d9f5c962-5a07-3838-8ced-4ec3eb8fff58
79c96fe8-e8f2-4cbb-acfc-4ff68cad6e6d,6163b5f2-0b13-d230-8913-eec7546c104e
215fa9e9-5d5c-4930-acfa-c8b0b6fb0d68,2f958402-97bc-164f-e31d-b1a7b33c7dd6
9ed05438-7e0e-412e-817b-9b9dc469f0d1,fda0d6a7-0358-e591-cd3b-d94239f8547a
e6cde9d0-c71e-464f-8b11-de5fe5bde677,90257847-ac93-2bf8-ba71-f3d6523208e2
580d74ec-597e-49aa-973c-7b017c1d51ea,ec75f12e-35d5-3811-2706-88b99462cc98
c90cd4a7-a51a-44f6-a2ce-e7fc46188db9,bd7de38c-c9e6-8e85-aaf4-a64a877dce29
5cf1a0ed-4211-49dd-b04b-c988b38f2fe4,e7c20a85-adb2-dd41-c63d-6300ba3b6ae3
2cce5626-d6fb-47f2-bbef-05877fd4e35f,a84e3b2e-b4cf-5110-a039-609e6b5306d7
a158bea2-ab18-490a-b94d-9d83ba379336,c435a3af-02b5-acc0-7253-897c4ca09a01
267b9349-7fdb-45b5-9860-68e578063160,0009a0d5-056d-7ce6-eeff-e2aa61c7af89
3655d3a6-60f1-4080-a9ed-f9273f11baf3,86a12c24-356d-24b1-6507-1b9bbf91a2bd
70d20e47-40ca-4d2b-8b18-9e0733ee1892,7ca85ecd-ca43-36d0-9bee-529c94cf3f8a
36e56dee-a1b6-4277-ad90-60b13e2c02f7,632c5eea-9080-23a1-6190-3d62a7ae8a08
6a316152-a964-4316-b483-33b028f86874,e60a7289-414f-76b6-4de5-2604612cefd5
b37ed9ff-7f42-4872-8aa5-057241c1bf07,7795a6d1-e2f3-9d79-62a8-7096ece69a4a
cbc8bb64-9343-46fc-86c5-88a27b8ae5a0,0b1c7bd5-417f-5d86-b047-698970e38cc2
66f3449a-12dd-44b7-b195-1d80873cb28b,7252ad5b-2ab7-e3b1-472b-bee7410690d0
050b5f59-fa31-4ed6-872d-96d27d2f7998,4fa8508f-12e8-3d4f-cd1c-8ae30b6119c6
70443475-8968-4670-8d9f-cb2fe43c067e,b1e11f0a-b4df-5c62-dfed-c75654e14804
275fa60c-9497-4c60-a32d-389f31189cc1,adef7c0d-1279-c572-fdba-bf29ef673b61
62320f6a-2809-402f-9419-8985935aad4b,038224ea-68e2-f1de-7974-6d486b5a4408
e05f5e7c-7fee-47ca-aa9c-3dfab00caa7b,e96dea18-150c-5f19-348e-0f80121cdf0e
c6f4ee50-d70f-41f6-947e-f68719b203bb,d7441b61-99c0-73b6-527b-f1c66597d132
a3e27c4f-5131-4c91-9d21-270d724ad8d8,9d6f64aa-589b-33c0-4225-96bef6904eb5
81a6927d-d8aa-4476-8c15-2a85d9f1d51d,f8135ce8-8e36-db5d-5046-fe629a4d0473
ce4e31b6-6f9e-477a-9125-a5ba2863f8cf,ba89c0ef-8588-dce0-95ec-7f9787377482
faea1860-660c-4d27-b72d-e027a15fe4a6,97e5759e-b0a1-a867-455d-66741a82b766
84bc4cfb-bcb2-4bc4-9c24-017fd11d450e,8a31e1a0-09dd-1d05-677f-e65000d65aef
3a7ccbaa-6dff-4316-87cd-0e26f746f810,ecc0793a-f261-e411-7800-55a7f0b207f7
a84882d6-4280-4436-80dc-751986b1562a,bedbd2fe-f255-7b36-8c4f-e5c07d2b332b
0f4e4d7a-0628-464c-a20f-f674eea198c3,572fd83c-3805-6542-a933-53f36acf5a08
3947ec05-0697-4de2-bdcc-4e95d38b0579,64a974f2-2b2e-996f-3898-d25857e72ded
4257d23d-5180-4853-b8ae-da59cd03069b,a148f4d5-020b-7519-cab8-9b7157471598
95331306-6ad5-4c63-9b2a-34e1267965d6,8c8a33ac-c810-a39a-1bd8-077ae63ef769
93c1f554-3e9e-4625-bb69-0b37037c34bb,22f13a1f-9e7c-c64e-cefc-e7ee31ac9c19
163e3303-4ff6-4a79-91ec-6dc1c26e7219,9c594ac0-01bb-6fae-02b7-9c18b3ce078c
e1b30b83-b35b-4373-9bb5-cad8f24679cd,d1f03d30-5189-9430-d240-804ed70861f5
87cf01e0-cb11-40d6-b7dd-fb41a1fc82f3,411d617f-eec7-4dcd-206b-edcb2135f428
be95166e-7ad4-48ec-a078-08a2798e3f93,7201b0b1-cdca-ebab-4a50-606d16cdf5e1
dbce8cbe-c38d-4408-a161-1b342f900f86,cf1e7058-9f3d-8a46-69d7-9030354f356b
5e94f307-85e8-4e4e-9f76-341abd54d203,d056d824-2b26-84f6-3cb2-1d349bc9338e
17a04b8e-a0b6-4228-b57a-f73238d7ae9a,c9f31667-4f9d-4a70-f40e-b2ace130d68d
ae540909-f4b7-47bf-9c23-e6531e694f16,3bc8e57f-8fe5-957e-4fea-2d3779602cd4
dfb8d31c-b754-4033-a6ef-258cc73c4308,1354e8cd-2981-2ef4-3ba4-ede19381e8bf
e16236f1-b15c-46f6-bc19-fc19035da1d8,8744be5f-32c7-a734-dd0e-c07884e38248
ba09b73d-5389-4b4b-bca8-330eeb5dc9ef,6e114e8f-87aa-87e4-9a32-0ea413ee2708
c317873f-755d-4f2b-8eff-821fbbd243a2,a88c6087-dc8f-f27a-203f-51303f8b9d33
4f0d4a1d-9c0f-4e52-914d-90820eb9f154,98241b26-a03c-9166-416c-b6b812803746
8037fac6-80c8-4493-8146-a02230346a69,3eaf8da9-a22e-1724-6d22-a3e6eed0269d
f41b6e3f-e950-42fd-9c4d-838a3c7b884c,79c4e0bb-d13d-7700-86d4-271ec065dc01
a23616ce-d2d0-4efc-8ce3-a84aaef9f735,80b4afe2-fe62-c015-af16-592d016386c1
1843fc51-8742-4662-bbb4-5fa8d371c3ef,f3dc960f-731e-be9d-86b5-c436782d3fb3
66e2b3bf-5727-4ebc-ba98-37f6b1f4dd94,af7cbcf1-bd98-756e-5a91-03a418f1010a
25422015-af07-46b9-9dff-e06c3c9b8c63,1ed3823c-4b5f-ad4d-e09d-4bfa049c92d2
75a3ecd2-108e-48c4-b8b8-22eefc51c87f,97353606-7008-2185-fa8d-73eb3bdb73e1
5cbba3f8-8af2-430d-a284-c83684bfc24c,7922a318-f8ba-41d9-b050-9f9a9de7addb
6967c525-db52-4d17-bca5-50efb8ee777c,26910b91-c179-9762-cb9a-0a9a8a20280e
6686a582-7bda-4f25-bed0-5bd4484663eb,4994c66b-d1a1-1804-26d5-6b6044b03731
b031226a-c3bd-44b9-b2ed-5e18afdde4fd,62515558-997b-6c49-d80d-b90bb051007a
29f7008a-f4cc-4433-80ae-9d910bbb49f5,98890120-6836-62e8-e530-8494edee76c2
77ed9454-f73d-48ad-873d-f00a8b3e898f,0d799763-c969-17f9-f503-0de98f75dca7
771feb3c-e24f-4801-9da5-39cfd46a80a0,143637da-4384-9a5c-a82b-4e687c10bbf5
3ff02d7e-b80b-4c72-90e9-f9f826d84510,529551eb-de81-0c77-0d5d-1a9c182517e5
690ce766-0079-4881-acbb-0be4831e3e73,0c048825-7f3b-d77c-ecf2-909853474a52
5f34e287-d8a7-40cd-a527-f98e44c038d8,7856f9d9-201a-dec0-cdce-8daf032ca6ca
77ffc7db-255c-4707-873e-434e87833b4e,8c8c41d0-bd6e-9c57-2c0b-cc5ef4ddccf5
732f905b-97bf-406d-83cf-8d6b24891e3a,aff3466c-1086-4bc3-04c8-fb0f0fda8601
7c9e4a3b-492c-43b5-8aea-cded83eab753,bcab5977-48fd-62a0-1bf4-9dbd10e6fc6f
8ecdd76a-9a27-4a19-82a2-c11f7ef05a24,e855d7b5-e953-9abd-fae0-c6244a918062
efa853d2-e8ab-4012-9f79-4a59c0708760,df98194e-e7cd-e626-784d-526e004dcda5
db13cd15-b145-430e-91d3-a12d8ce9df81,999d0e8e-2dbe-8d06-8b7f-342a2d366a6b
73f9008c-fcae-4d6d-833b-c068cefda865,26708363-90ee-adfd-e6b6-90fa3f211fa4
98c68aa1-c0e6-48ca-a34c-084cfee24e8e,2a76bf25-839d-0555-7b4b-bf3e9f93c323
a5c78353-b11b-4607-9afc-a5428374a295,ebde19f3-28de-f1b7-0dd2-1b6d114d0caf
a572784c-b386-418e-9e09-140fa6b75a29,bdea84c5-5fee-cfd0-f81a-559d1a4fdc07
495b20af-e768-45d3-9214-57e28cad5aee,7dfa2c6b-ccb9-80d2-3853-e89f670d85a5
2780f936-416b-4878-8dec-384f2acf787d,7ef61014-e541-af68-2455-392c68b075a7
f045e472-595f-4cfe-876c-0fdc91a561b2,e68039bf-7724-8fc8-6ba7-769cff541d00
fb548183-21cb-44fe-affc-1049ef764da5,3ea56d57-04d9-6419-2e13-1eb7daa824c4
048e1304-7d65-4365-b3cd-6c4d08a0977b,22b88b85-4ea7-9d04-80bb-d248aae129d4
8654cb93-98ad-4c5f-a85b-9196f7e8683c,355186a2-029c-1c83-2b61-fe1da5bd4578
eb04543b-2d06-4533-8856-05134e7955a5,32398225-684a-0133-b7d0-f9ad1e65c8e9
1a4dbf55-cc72-4656-bc27-ddd0bb30b81d,d7265b18-c9a6-b03f-cd04-65a632376ef1
cab6dd21-64ce-473f-aebb-8cbe6726105b,58db00f6-9bc5-a2d9-a76a-3b2233622e6f
54f7dd16-eb29-4e0f-9002-d035798b2b5c,2e176151-661f-45d7-8968-cc9585d3cacd
7974156c-476e-466c-8508-9d7cabd15bd8,99dcc416-b492-f64a-41df-e14c6e1b9236
d683a0d0-2692-485b-bd0c-02b53551cd94,185c0456-afe4-105c-4073-4d31802dd8cf
2451eaa7-b558-4259-babd-44c34bfc38f0,e0e14d19-bc75-d308-8a73-23f2506e812b
51d89fe7-0932-4fd0-9f05-0eccd36e7d1d,05103655-a186-1d07-6d33-f019edb5df3c
3392ced7-b52d-4e9d-81b4-80e6b7210897,f31a0435-e860-fe7c-7b64-47a790adb906
df669ee4-57d8-48bd-b7a0-4d0ea0bb6d99,4c6d14a2-32e0-d493-5850-fa11f1a7bea5
1f4f9136-efbe-492e-8616-ef6c3796d296,7cca9e92-e607-6d0d-a030-3876aaf74105
6c847a73-fb35-4e81-9844-6593ef98c0b4,61b428dd-e5c8-3cf3-bf51-8ecd986250bd
e92a5622-1d1a-4965-b3f7-0f8c28a3c50b,10edf588-034f-f810-7156-a127ccd8fe11
b2c05c5c-c8e5-46f3-802d-8289a20ba741,bba56dc2-4bd0-a51a-730a-1e3c29204780
73e59680-b288-4c81-8a28-508e1c6bcb61,4d092647-294b-56c9-a087-47ea22b3bec2
4f30966b-a2e8-478d-a92f-75205f4761c8,bf878e39-8fdc-cf5e-92be-50d6c26be036
e4fd44bf-06ab-4377-888b-ae3b1d6c35a9,44961e5b-0aa3-7f0d-218e-f41e9d7abd58
ff9c1b44-fb7f-480d-9228-0211e4d3c2be,0c07f21c-8214-6757-a585-0e3ca459b543
b4640822-a2ad-471f-bbec-72948cf54e60,5710bfd0-fcc3-abfa-b2b0-a8f634428b80
40e21d18-55bc-4767-8d51-b2983b8df791,cc0eaa04-705a-7b13-3545-926733f16e46
9b1a412b-36e3-45cc-8d0d-32e239b66a75,757a7881-559e-7753-3415-5328d959109e
dedff5de-0e58-4ca1-930a-e8172bd1da45,654dec30-44d4-f05e-a962-343e0745693e
45b3796a-4e7c-435e-8ffe-77269bae2f4c,d2474990-81ba-4726-29c5-817ec4880766
8875242a-434e-469f-b9b2-78aa0df50ef7,97e25279-7b62-24cb-edb5-0797cbaf0e4a
b1c9669e-c153-476b-8e21-134ea55e77d0,07a49755-32ad-72b5-1917-d72f02eaa9f3
b9b45fbe-e41d-4f9d-8a19-90b18977d49f,d657eba1-4d28-ed5b-e641-805455ed0160
a9c3b759-a8c7-4072-a1f7-ad72d85fcadd,fcdc31d5-8636-af6f-1fa5-ee20ddf80dea
c92a93d1-e11d-4d67-ba96-e0c757296132,9df08bd0-7ae7-db8b-d7ef-e2d047d4a072
d7b441ac-5018-4f56-bbca-3b64f049134e,d929e77e-24f7-f139-3fbf-8ae819435f6c
1101c788-1b72-4c41-8848-903935d9031c,b45fa754-5f83-d904-e059-51cc5ea5cbac
91780fd6-addd-4cf3-a395-c77187128750,38e2d254-6216-7331-5573-80d450ffbe64
1b292793-656b-4965-95ff-6c1266ba87c6,00793ca8-d52b-7eb8-ad0a-53ce052a204d
38a54bf1-a8fe-4f8a-aaa3-62d7ab3b3d20,2273520b-0189-ac63-823c-e953c6be5fcf
1565a8c2-e8f5-4860-944c-160fb580eb55,6732108a-6281-92fd-0633-642b46402fca
02318bd4-1e49-4d10-ba57-84e12d5e760b,7db93c0b-efcc-bf55-ed06-30e917b690e1
ef032998-e498-4153-8c75-4cbf93d217f0,af5c622d-7749-7b13-70c8-a490a8ab9957
10a8df04-0061-43e2-aedb-bbf9bf179e9f,9f7bb6fc-6b7a-2af1-5e2b-379064319baf
b2adea1e-ad08-46d2-8077-3b5fa8911075,6b845f56-9297-f2ab-5880-412b79f4c59d
de895fc1-7afc-4a38-9eba-31b533e60572,fcc5ddf8-223e-98cf-f7e5-45d1f2383d14
ebb5615f-24d2-44c9-841b-88d6df3d4065,1cb98557-2977-6c90-336b-9f4f14d7445c
050b3ccb-8a15-4f01-b16c-20376dcca170,df676aec-b97e-b07b-95ae-c0ee8fa93462
62a27859-7df4-4ae5-ad57-416310c03798,b1dc697b-2b8a-1ae5-0b0a-222e69b8ffcc
5ec6876e-e6e6-450e-a8fe-ec5ba9e23bf7,2bc043ff-b02d-ccb8-f474-e66b89403e63
dbb2546d-b7dd-4b52-944e-4a1406c7103e,abcb172a-73c9-14d4-b449-edc4ba056828
ad6a033c-e5a2-4f55-82a1-88e447e3908f,b308a64d-d242-9683-079f-849f2fe686dc
65a4a0e5-8749-4f22-8c3d-432309674f37,74eaa0ae-1249-c9b9-986c-6b14829f025c
7c78c3c6-4cf6-4aae-84d4-0ad4b7f7069d,5befc145-867f-d608-ad47-a4fee5d4a19b
d74eda4b-a3b0-4ceb-a68a-e3a00d979231,4d43f5cf-8a12-78af-ad45-25ce5b91ac88
1397854b-d9e5-44c1-9c48-dd9c96bb384d,4f8c7505-e058-28e1-db18-373f545e3bab
b358e600-6942-455e-919b-074fa4278469,ad761c01-9e66-c0ce-98af-455dc55b5ee1
f9a77df9-820a-402f-94f7-bffb6120e87a,5fa074c0-65c8-2738-72d7-b29daf901f01
b9a41d7b-26c3-4b43-925b-951f5af275e9,333ddaa1-a326-341c-2d18-8e4910019c2d
21fddac7-1f04-428b-924e-e3690053cbc6,38f3d45a-2dfe-27cc-7d58-6076d1db1791
1a444385-9edd-4c56-9d1f-76d09f640d69,1c243e4e-e378-46ee-4111-26331f574c30
0a5b7b97-7434-4c12-bee3-ead0b67b6f7f,f7803a58-b755-bb34-bc74-00c4952524ff
2bcfb98a-9ffc-4234-b67b-8b46d4997604,6c3707c5-3ccf-70b4-000f-cf0b869a0dca
1046ab45-201b-4df1-a28f-63aa0d1c44d5,79e3c21b-1164-3fc4-a020-7441a02e39f7
637d8c2f-604e-41de-8aef-db598f13da74,cea4a35d-be7f-32a6-4205-25d1aab57a2e
6c10348e-1b73-4bdc-9922-f21827d4c13d,16544f4c-e6cb-14ee-baf9-fde728572c22
207eb3b0-ff69-4a90-809c-80c3a6ceac35,2fc46a22-7c5c-e430-347e-540ddeb5633b
ccf715a0-4873-4053-864b-e68700d89076,1d707a45-e1a4-d06a-0c74-284bdffe017e
15448713-af34-4d0d-9c91-d392cf62fe45,1d678f7c-bda9-0957-89e5-e2528aa689a4
8c328019-abc0-467c-9705-b255c73cced9,32f62361-4d37-8241-4912-20beee2fadf7
db36cf59-8bbb-4dea-b9a7-b5982e151b06,c4284cf0-f7c5-e772-2e90-92593b769fa7
82e8b759-4fc7-4739-8a5b-9182f2bf6604,816eec34-9c21-beb9-0558-fe86a1bfa922
4bd30c8e-40e4-4b17-8fc6-699bf0edb64e,4bab8783-8114-3319-506b-6725f08f705f
c344e541-7b3d-4651-b764-28f92be074c5,13bbdd68-0bf1-5d51-52b5-6042378c9aa8
6b05aa0b-9013-4ed8-a121-fd6af29c0ff2,7ac9bfb2-b4e9-42f3-36d6-893c0baa21f5
91652688-f292-4c0e-9722-acb04acc1e01,d5a0ba36-7f25-4b17-c6c6-3d67595d8b72
9227d79e-1bcb-4506-b18e-af8a11acc4eb,0277983a-bd66-c214-99a3-1d3ebbbb44ed
238ca96e-e6d4-4931-a252-85a7682bad99,33cd7628-2e8e-c1f7-082f-21b8e7b70b23
ee7e62f8-4ae1-4d6d-9bc5-d259253266f0,57b315ae-cb31-0bc3-6b59-3d4337d7c7c9
875d618b-6f0e-4886-ab50-7a50a350187d,66a100f9-cab3-54d2-e76c-c0c7a8443ebc
a08628db-f002-4cc0-8cdf-bd0e844780ef,5400f6c7-1e56-a54a-51f1-d8c573dce3a2
17664dc0-4efd-42d9-b6ed-472ef4e63ee4,3c52bc39-0b51-00af-184a-b2c127166d0d
2d542542-6871-4935-abe7-606c596fb979,d8b14ef2-3956-538f-7ada-24f86f2d261a
72bdc42a-916b-41b0-b6c9-1f13925487fe,13f5f675-1d5c-e87e-6ebb-afcd8c9e883e
e2ae66bf-8cba-413a-9fb4-3a66686b4e7b,e8ce8c4f-4dc4-bac3-fbd6-b35aa39ddede
00584d02-1c21-470b-8687-1731e171b0a3,3fb42f2d-8a1c-d112-f7d3-706a02e3ff2f
d80d96ce-d1e9-410e-80b8-83d8f43a9376,81adf9b7-f83c-f336-3dfd-0995958ab3e8
64a198fc-7a2a-4b2f-8093-24492bd0850e,af98e5f6-0fff-b514-123a-d3d2fa2e51d6
a2ddbf57-9a6b-4fc9-aa9d-be8521c7f769,b5fcf164-8fcc-7f2b-5c86-0ea38d7ef675
27ceed65-d6cb-4c5a-b971-438bb164e953,46075783-01f4-e53c-4a45-8ecb1c3f8164
453b2198-e1cc-4cd2-982b-dafd37f3ec98,8cf6937b-3ddc-f461-48c4-cda09132d217
8f557918-3a60-4a79-8b37-09bd61f493ef,d860ebe1-d190-eee0-537e-1a5af3a1477b
d8b5ee2a-fb97-4016-a499-761431c4d49b,6e4ca4df-ae75-8a73-f225-6bc3b0d32c36
0d417e38-f226-45ee-950b-f91fd3da39b9,daa57a49-5429-8167-9161-06cc2606337c
aedb3603-cb31-4e9f-a2c6-2fe272133d39,445c444c-64ad-1a30-9a4b-b2c34a7235a0
c7dec2c5-e5cf-44d5-943d-2a8e6883344b,e7fc70d9-9d44-d75b-c37e-03567b1f65d5
375a15ea-d4de-404f-bcb2-d8cfae3bd055,9a79dc1c-b6c4-8035-086f-4f01e526796e
585420e4-3560-45ef-a410-3547a63f8130,7ecf84a5-1583-c4b0-55a4-b8c45bf2dc44
99facc03-e00d-4734-9801-f21df64c2e0d,6ed23078-5971-a432-1ccf-fdab72ca0d21
96f5e9ce-90bc-4fac-bfed-56f187b998cc,24634ed8-2798-ddec-3886-522d7bb359ec
a1f9beca-f5f6-4dee-978b-c7a7ad2e7c77,49bffcc8-2e6b-bda7-4658-2de3c04b2a59
1c229dbf-2938-4cb6-8754-735eee8055ba,348d1ec0-de10-7024-5387-fcf6db70e501
de1352ff-0331-4d54-8051-5a35f7ba6ea3,7004c2e1-a25c-6ae3-0c76-b19abf029375
16663635-1aad-4c24-9726-238a03b92069,a34e5e0a-8514-c750-78ea-0c53c0ceded1
cd0b1d5c-614a-4a30-be2b-a4c0627a0c2a,91783faa-4ad2-efcc-3b98-9a94d5e2f498
ae190545-d0cc-483f-ab9e-5e5c002262b4,c12a23c2-d097-d3ec-144c-6f0974b11f4c
41bf856c-d502-49e2-8f13-5c5770576c50,76a93197-3788-2a6f-5256-0e1e0c76e58b
2e02f7a0-36d2-4d2e-af0e-c5c1cc4c1189,303015a4-508c-9094-108d-5a499797e715
ca468337-c56f-4dbb-a7ed-2eabfe631759,0258bae1-9d98-bd3f-ab05-965c7a9a4ca7
b128fe37-471b-463a-a817-0a2e529c9c01,83875ae5-9036-5e29-9644-5b3a5f8bf0f5
d09e6e6f-8b82-43ca-86c1-d591c5528d6a,98622aac-9da3-e63a-0245-ce5ba6ac6fa8
57920edb-b5fd-4ca8-8663-464eab9d4559,5ddba784-e909-2612-89f9-a862988b2f7c
0293f95f-0d61-4b27-b2a0-0b8290dec7d5,0573dc34-bc51-8c5c-cc6e-e47817bcc472
d4e357e7-5bb1-4391-8c72-5066fb2d0423,10319a2f-a5a6-a2e1-da8c-e8e9bbb086d5
5d4dd7be-a39b-4aab-8845-8f3d367b2270,b602ee7b-a65a-351e-6b5b-c76c65c1b837
f7498b90-4a07-4656-95e7-c57291632b28,deb7f210-2e2e-2b9c-b896-6a7319d4fc77
3f1eeb55-77fe-4a64-a513-12d1d290125e,7df93ee8-6570-e0ea-3502-f64f88fb5dba
60aec08e-c0eb-4dfb-a56d-1c20dccff6f3,21b9e0bd-cdb6-1e95-a42f-6a35fc3cd5da
db1ca7aa-95c1-4df0-8d3a-242f254ef114,3470720f-2fc1-0bb6-8b20-1d3aa2a2c670
1174ed72-1e35-41ca-b4c3-410124a5f3ea,c10ec5f5-755f-acac-00fa-499e920026ba
09249134-9708-45f9-be2d-11926e9f8075,7a696d9c-e636-a518-1ff7-f5b31f91c130
a3cde5eb-5eec-46a2-ab37-fa8c17debb82,49116a97-4507-8a00-d1ce-857a0cf4e249
1cdbecf5-3181-4e9c-a47b-c0ea91796141,24d58acb-927a-37ca-b31c-aa147e8276f8
5a081c2e-0e49-4006-942b-b902b84c6df3,80ab5124-1bd3-ae90-c646-28ce02e04b35
3db6c45e-ce01-40dd-b3bb-6ac38e55da28,d0182000-8cdc-426a-1243-cabd925ad08b
9b2bd68f-2b07-4a9e-89c3-1d68486ddc49,9fff13dc-b78f-02b9-f769-7f1b7180c435
13658edb-072e-4f56-93d1-70ecbaa13310,9bfbe310-3827-f09c-2e03-b46072c206e2
9b5e45bc-0e43-42e4-9f3e-340338a7f81e,30108901-a0df-ce2b-57f0-2a82e8d27b02
f5a02e43-e07d-428b-8dc8-013e904c397d,47c1a7c4-063b-cb6b-07e4-679ca80b1e85
d25b5f3a-f2f9-4f0c-88a5-af47cb60090e,e8d8f1d6-e5e9-3227-e326-066b07cbe883
a36db92a-69e0-48a1-8add-217833276e75,36ed9b03-2b10-492f-bf3e-b95fb0257c94
a872ee67-8133-4f68-b1ec-18dadfb50e3b,da910f0f-84ec-d340-fa8e-32933c52bb82
fa63532f-8281-4363-be46-c1b0e07d4697,580c1afc-aa0e-d9b2-6e2a-d563511f3022
aa1ba4f8-3cd5-42cb-bebb-c7f611c76142,fdd612fd-c56a-cdd2-6e37-278ce466bafb
91e312ef-70f4-4808-a3bc-ca7d936e0f50,6c73700f-cd41-7ff2-267b-56d29312cf05
ded0e03b-d6bc-4b02-9bb1-ab4911a38020,01ff6240-1945-ebef-4de9-096d47fce1b1
94be1ad5-09ac-4287-9955-c3cad0623697,a29b476f-97c7-707f-8dc1-b0eb43009ffe
3943f85e-b5d5-4ae2-8202-73a4699b7827,0dda9c9d-a8fd-570b-4953-3c01ce628276
2fba0110-ac1a-4c6d-8696-7c469ba2bb58,9e487312-ad23-8f55-e5b4-110930bd96c5
fe1dd56b-6427-465e-a44e-8a9cc355a0f1,54a65a99-16c9-2eea-39df-166e717cf76f
10cf769b-84da-4af5-a5d4-f2878cddd053,66e2397d-696f-91dc-6ce3-076c9d61281b
7efe3477-bcdf-45ac-ab75-e69e02264eda,808bee68-a2a1-9b7c-9a0c-3d3d6e4befca
d464715c-9b7f-4c07-bec2-5a5cdc647fd8,bd5d6a01-dbbe-fe08-f21f-e8c27ce0a031
0d496acd-52f8-486d-8c7d-8a82144f2ee7,d924d03a-9f1a-51ec-dda8-9cb687874a58
3799bea2-d563-422b-bbb1-ace7c5d15f30,1c3bef99-a89a-5c33-d152-127bf76705e8
ff868d41-4299-43c7-a517-0e894a02fab1,623adf3f-56ec-2c4d-0e80-f8e199c314b0
fbd3b30d-2299-4082-ade7-9cbb53eb2fcf,74d18537-aac0-fc73-4e30-2c264730041b
c7f40640-8e30-4d21-a3bf-5f9352904d89,11fe6649-a8d9-87c9-d2b7-86718029b8ef
b0d113b6-2913-4e63-a8fd-315c99849901,f6f72b5d-8489-97a7-a9bb-920c6b8bc0e6
33d0374c-8c1c-4a84-9a13-31372039eec0,de3f34cd-a21c-20a9-d135-6cdc8cb4492d
51e92300-d383-42f4-ab45-1ceb47f78591,84122f56-66cf-1e80-7a1f-dddd7fa9f5a0
a71a291b-32d2-46f0-a885-7f484097d9d5,e35bafea-b8d4-ecf3-9b4d-874707b6dbee
f42fd94f-8097-4272-be65-fba2dc8b6c14,515461c7-401d-7e7f-1510-e93defc746cd
3a64ca4c-ec34-40d6-abd1-bfe4edad3798,de447f8b-22cd-4fe1-ac5e-c1882feeeeed
706628cb-e018-487e-872f-d23f925029da,e73f0357-0ebc-ca55-67ba-60f5151d851a
dbcb97ea-f9a1-4612-b0ff-367a342fc5e7,918a3e6b-6ff0-1d87-660d-501d9687deb8
ea5512fd-f9b6-4fff-bbe5-b457586760ec,441ef858-5cfd-c241-56ed-3901f833095d
2ade7116-584c-48fa-97ff-1d73407bdbfe,f8a91ac3-8a95-40c0-c6eb-3867caee4538
746743a4-9e32-4c8b-861d-3cd06c632c83,61cfbbff-7ba9-79e2-1ee6-98062b377a87
848122ca-7447-4214-b33d-64dfe97d7d45,dbb6a075-d1c2-efce-105a-810c1d2caa1d
01055723-3de7-4906-8f61-587fdf39e432,f116221e-630c-baed-8476-c53da24dd62b
9864d689-be20-42bc-b2d6-78d796cf2ccf,7a18b6a1-e98c-d8bf-6df4-438a712cb8a8
b4c71119-93b1-45b4-afd3-29931303d29b,2cedbe5c-5199-e331-7dee-9bf5bccdf91f
1f783022-0536-4922-a5cd-95d73d6b8bd3,7cfa92a1-a8a3-6858-9052-553428530cf7
519425cd-9483-4bc3-8c0e-6402f6038508,f191cb1c-a4fa-68dc-5718-9bc9b70092ba
4c1e57c0-b825-4e76-9e02-63fdf4b73d5e,5f7753ab-02f4-141b-7176-b2c539789ddf
e8ea659d-4fce-419e-9238-494957e908bb,4bc0d183-966b-89e2-d971-da66770b61d7
e4c097e8-91e8-47f3-ad6b-44084d741610,c3e591e6-3307-4552-b81f-4f27db1b2e5b
b94fc53d-ddc6-473f-a8ab-c7162a7df9c9,21cf823b-d850-eef5-59dd-7a5ff10fd113
105cc33e-8a50-4352-8e4d-8f4f59ff4fdc,541a9346-1e7b-f0b0-99f5-4c58dae848d7
be0c2968-e352-458e-acb5-6d3ef983f231,a670f9d5-fc76-27b2-31df-6047a233b2fa
603b721d-ad76-4cdd-a9b6-22bb646d0da1,5efe2e7f-f12d-0dae-97c6-88bd3cb44623
d9db153f-b63c-4407-a911-999b3d9f2bf0,afa1061e-4930-25c5-3e44-f011b015f86f
130af9cc-50a2-43fc-a8b1-5e584785b54a,3f7b754c-acb9-83ff-4f6a-e76c369a5a82
df56b477-c01b-4d34-af8f-0b7439061062,09bae410-c105-dae0-7ee7-7d60dedfd139
1ea835d0-7d72-4f08-9474-a1a77c661c29,527c3ebe-8736-fb55-3017-5bb68643ac72
19f38289-35ea-4d5b-93ab-ca35c5944c5c,ce1d416a-3577-7501-4cf4-b6779e135417
90879cf4-10da-4e1f-b81c-bac2c00b9b47,f6282d31-94f3-622d-cc98-ddec6f1e3c21
b4fe5421-46b8-4a58-afec-95f3a4466db9,aeed68ae-65b3-cc99-477b-f898873f8338
c8d88db0-7072-41c0-a167-c50613606a57,1aceb84c-ed92-4d90-42a9-8d24d88a1c9c
60e84ae5-29ef-4c57-b62e-df779fc04382,97a1640a-d323-4f38-bd1a-7e47785f329f
42ffe7c2-6bbc-41d3-8f64-9d7dd00c5bc0,bee85e4b-bb68-f280-ac64-c462a44ac333
f6c708e7-cf33-4dad-8655-756bdcbdcb35,502a10c3-c9e3-8283-2f7b-42e2ceb28da5
6a648a33-7cf1-4f6d-95a5-93f335579849,bb4bb4af-e60f-65ef-a4b9-21191b02c576
7a97964c-4686-4a47-8b36-86a3348d8982,c862f7bc-49d1-9ede-fe44-f86f8f603572
c5006f8a-64a2-4a99-adf0-fe2c13e6831b,06263c75-f1c4-e942-c3fa-ee30c73fe71a
fdd965f7-5c61-4ab3-b614-6119d2c31797,2a6484cd-e7dc-2d53-0b04-290dce306b1a
cb451c4b-b464-4147-b4bc-0de680b3c46f,cddf5e2b-2e70-4813-24c6-12ec8b2e991c
67c926b6-b881-4d54-b618-c6b87b104377,c2a62dde-7d8b-deaa-ebbf-d34dac97662a
fdabf78b-1a77-41ed-899b-f46091c3f8ea,0b944900-251f-5d73-319d-7b067b9452b2
a9dc152c-7265-4d68-a088-428617b6d602,d2080643-962c-a9ad-f94a-f03a51586a16
f9ba477a-5be5-4d62-8221-1b2e29644997,bb859713-02fd-6041-7c2c-b2b85cfa56d5
90b5eaeb-7d54-4ba7-bb3e-98ccd5bdff3f,197680c8-b10c-a349-9e88-09b4ef19caad
c19beaf9-34b5-43af-b8e4-e27303f6929c,b2370aee-40c0-bb1f-d538-0ba67cc1a790
37c0d433-3215-4103-baaa-d054b34c092b,208782ab-ed8d-e488-d54c-97271b27eaee
8f2bacea-2f82-47b1-b4fe-6d9e5fdd8668,263c6dfa-7735-2945-c6f0-8399e5860ef2
a01f8a95-a5af-47e2-80cf-01472e5728a8,6c16cbbd-1c25-9425-ea0e-6a84517ba12b
f3aa0d9e-5671-43ab-b4c4-4959b93ff5eb,3210f3d0-8741-9671-2716-1984a64e7704
fe81fbe4-dfac-4cb6-88d7-853bf7872e0e,d82367bd-492d-31a8-75c5-280b91c00f54
bd9cbd4a-c688-4579-87db-429ed290324b,3ae94784-20b8-e526-9733-05f17c601fcf
24b95d2c-e821-4b53-8f09-c205e71a62ef,977b6942-3791-e195-c2ac-e86278fc57de
7d9ef93d-7551-4cee-b59a-6622bf325f26,f6e2adf3-bb4f-fa28-09df-41a8686e24a1
07a8846f-2aaf-4093-9406-cbbe13ad0bf0,a9bad233-9b12-fa51-f701-c2378769b9e6
220c23a6-ec11-41b5-8177-de69a4d67828,9e464633-f5b3-52ba-afff-825bc3f13a6d
c8034f27-22d8-4060-a4ba-52dd29031e57,90ef4e36-e059-07f5-c77f-26fa5ab45b7a
fd7b0079-a873-4da0-a2b6-4021bad47dd9,f54d1e9c-40d7-cab4-1fd5-8b0af5e7ef3a
2636d1dd-34ea-4284-8870-b09c19cec4bc,1e6c13f2-4903-5075-853d-03f824a9b06a
8229ff3b-6425-4810-9c10-64e0d1c0083f,f719aa70-7537-26c3-1932-0914a88df8e6
44261a88-811f-4aca-b080-4142ec1861f8,b089bf2c-cc67-efff-72b6-9b985fb78b86
4bc5283c-2177-4638-8390-3fe145b757b7,55131edc-c2ab-cd8d-6e4a-5aaec3918e68
e8df4cdd-9fc7-4e25-b0e6-a8bf29d4d942,97c74a8f-ba80-1463-9b5a-1cb8b00b5e55
691ee1d9-903c-4b45-9c8f-d690536685ec,f45daea7-78d9-2203-9806-134c49d6cb8d
f7051dda-7c11-491d-a644-24fde349dbc6,3b602ed4-08d6-8336-e960-7406fe2c709d
9bfc9de5-f28a-45f7-9e76-dce6950885f2,d67879be-bcab-df8f-7208-a3f00de1eb51
33a4b877-86d6-419e-8ecc-076649abee70,cdc79a50-83f0-7675-a9f4-e4bc683fa852
63c327cb-39f5-4017-9927-4cac684067af,1fa7b090-eed6-8d5e-8eb0-96e2c4b5dac4
6fcf3607-a965-4087-b6cb-bd4cab60cf9c,453756b2-2716-09cc-3e2b-ff40abf74754
2a1702a2-a19e-45c2-8142-5fa907c2c18c,99483b3e-ae19-6cb7-af82-586c856ddfd3
1bfef6c1-112d-40fc-90f4-f950966f2215,e734418a-f062-25c2-f97a-20637e2876ed
42e37030-0b0f-451f-98ca-7965ca96eca2,e3e654a2-c5ec-d36d-67ab-20308f3bf6db
d76d9262-01a3-4814-91b8-581bba91cfed,989411dd-aaa2-185d-87f4-76c5b494a7ef
ce21df33-733b-460c-ad6c-0f5e5fd5e698,4f5a934e-df8e-e9ec-4463-d5cf3a55f0f9
0acf32c5-aa99-4cbe-87af-d132cb1d6bb6,74d2583a-2277-6f67-4d0d-6b13fc15676d
fc69305b-a22a-4e24-930b-31b0eb5d882c,5e7d33ea-bc43-4c2a-be07-9259a8c5a03b
d99408f4-dde4-4573-b2c1-9ee56e799fdc,b241a4dc-563c-00c1-2afa-4cea58e70918
036aaa1c-652d-4206-9dce-1d2b8ca78ad2,049d48e9-b189-4930-dd6e-02c12fa105c3
68473cb0-f30c-4e9f-b98a-37bc48dcf14c,84d96d5c-95f5-8a9d-5c18-44f08d7df483
b7cbf397-3475-49ed-9086-cf234377b9a1,32f3c56e-fdb6-77bc-27c6-2bdaefb7dd09
2571087c-2091-4cfd-b824-45c84c4f3fd6,48e359c4-b34d-ccf7-8547-0c1ccef1eb77
891c42be-ab64-444d-8a77-1e92c9863bc7,380551f3-9497-912d-ab07-0abbba81e868
2959f340-70b4-46f6-947f-80f9a6247ef4,e72c9545-51f8-57b5-7927-5c798cb38c45
b078aad4-7407-403d-b031-ddd87c9a3739,85b8efc3-2790-605f-c455-118bbaa29991
ab5c1395-63aa-44ad-abaf-d6b6a80c5db9,4005ba59-ff24-7db6-0de0-a1113873cb8f
bf69a906-c213-4033-97fa-a330b6bee70b,e5032a0b-b1e0-ed0d-6674-ec54cff327a0
bd660123-351f-4b3c-a3fb-179be7ba9e40,b44fe48d-6f66-fc55-f230-2ac4278aaf24
cd97b2ee-1731-4172-bb69-c2c89c137fa2,4a438156-dde9-00de-5755-623058caa753
ab48a355-8d26-4f31-943f-d7e2f16f9f59,47c89212-ddcb-c142-ad8f-b99ece7fe1fc
c7e30ddb-20a9-4a98-ab42-0bf258154934,f7d47630-8b0a-7e80-f66b-e611c6fec10b
91b2475a-090a-4f7f-994f-5564dda8c2ec,9dca73a3-1847-b4d7-bcf2-394b80f7fdd7
4604e801-0d9d-4b8c-b8f2-02cdadb0c075,4e3e9bc2-1057-3806-3e7c-15382657acfb
7c1d9fe1-0d7b-43ec-ae9e-86410bfe4004,e735b850-bd32-d677-284e-bd0011fec058
fa6d9114-7206-4211-b9ea-5ee6f98ca965,fc6d7595-9549-f8a3-93d3-ba3216a30d79
997c9bdd-8122-4617-9962-55d6dc746906,f21053ad-b14f-9453-15d3-7426079ac926
5b3c38c5-a943-4672-b804-f8484e222e6d,904aeb03-b374-60f1-08d1-9d072548e425
18c46735-7dcc-42d7-b15d-0e97debdcaa4,01d35e9a-f644-ef87-a2aa-67414b1259c8
e0e47dbb-f17e-44f2-b56e-78a48f650ea5,b9c8bd78-9b96-e29a-85df-da69b28a3795
8fe64cb1-8a15-4204-ac08-248dbfa98ce5,a7369716-42e3-1312-0ad2-afc6b56561d4
5c675422-4dee-42b0-b51f-a59b49f6c48d,fb24ae91-4223-2d57-2585-ab6064245d71
988b0555-e06a-47a8-8b52-01c52e30a9d8,9dd97d74-545b-67ee-8ad2-8f584b8b3fc1
63c8a061-a3e7-4ed7-8910-9945b761497f,64fde0a0-e018-4299-3416-f25f30e89f31
767b55af-d48e-408a-860e-8654aa7bf289,f3bfa24c-a8f9-d30e-1966-d56310c01ef6
a9f2e1d9-c976-4a8c-a94c-570712850285,91b088c0-cfed-e8fd-4980-ab1a57e01976
7aad2e92-b48d-435a-a932-09ba849ca9c0,69e98cff-170a-2ee4-11d9-dfc7e42d18fb
a65b5141-82df-40be-bcf7-a41bc26cefac,a547298c-3df3-dfc5-816e-be548ea17cef
ac2bd171-6a79-473d-9817-0a6e087e8288,d4c0f3cd-c0f8-d577-0549-32b44a702495
b8d7ee59-3a3a-4f1e-a996-e68ea6e366f8,086bebf6-377a-f5c0-f0ca-a56f0727f504
75a3fce2-fb4f-4db4-82e1-062a5568dc0e,de62b40b-811a-c020-e131-8a280c412d6e
5df78bc6-cdc5-4f89-ae96-96c778db6c90,44319205-ab01-b315-6fde-06955e9fffec
42953c06-a7ed-40e0-b3b5-a9f7f4f22aad,3a113ff1-3713-d5f4-c624-bb8fd9426f33
37ded001-8f44-43e4-a399-650f6722fef3,78970d73-63c7-a679-4634-2173c42faa6d
64a922fe-a085-47a1-93da-6763e0ba96aa,9cead63e-f6d8-0d78-314e-b6c9b4e8a7e3
bf8f6ce4-0ca7-4281-a605-8dbf04b718d9,980c118c-6e5c-9bd1-2e41-850a1346adb5
7d4375a5-1f2d-4184-a377-37beb1e359e3,d7a07384-af3c-ee23-f2a0-fc4972ca028b
e4374d41-04f6-4265-998c-555d7e6d0889,870343bd-f00f-2c34-ad9d-e9b7b4796790
a2023a61-9f0e-4ca0-a4c3-77ad1bed86eb,7547875e-33cf-549c-5b91-b7367785fe9a
15b429e4-e88c-4760-8bd2-0c9caba1b38d,9b84d57b-a875-3323-94c5-414611a98c53
3555d1c4-8ca8-4793-b6b6-10bac33fbd80,80d680a3-7d5b-59e4-7124-2e020e21a87a
8be4e567-91d0-4c9b-a3e4-eb2f0a6ee0fd,fb1158d0-e7ca-4f30-f7d9-703c8c14de15
74ff4d1d-3051-4e84-9abf-c6eac34979f6,accc5478-e4dd-05df-3f73-7821a6bd86d6
79f27ec6-337a-4511-afd7-864618984cd8,d8f3d3e8-6abb-6c23-d1b8-0637597f46da
0da31ddd-26e8-41a2-84c4-10313e2696ec,8adbc353-94d5-0a31-3af2-79b296135f9d
b9a26d75-0721-4527-bf0d-b39c9ad7fb1d,698f78ff-cdd0-1060-37d5-8af35d422257
efdd8223-faf4-44fa-aabe-500f219042c5,e062e4af-1d64-7a02-63cb-0d878b6da76f
1d22ec33-40f2-4644-b25e-dfa7bf387f08,b97be723-26c2-c9ed-d70d-fbd22152a0b4
209d2bf5-fa33-43a0-82f7-16f4594db459,317cd257-3c1c-9c24-a5c9-d4228ed24e04
c56f1141-17fe-42d3-956f-9bdc0f60bde7,504575f7-db95-98c8-7b59-09538b232d61
b065627a-ff09-426b-b570-145a5afb65c3,f3b3592f-0998-9692-b43d-43f69f03777a
541c0471-314c-4b27-9706-93c1dac5ff1e,f1285b51-a078-b47c-d921-5622f4b2fd3c
3f7292f3-4e8e-4433-98ae-d2b49727dd26,e352f136-c568-2351-f856-7ae3aba7717a
541c1d30-79ae-48d4-8ce2-d23739b3bf1f,329a5b77-cbf1-e825-ee83-bec364e574fd
5e2199d9-8598-4738-962e-f575ac229a22,37935280-3f4b-da8b-ddb8-440b39c297eb
00a2150c-f5ee-4692-8177-b0a57a823908,4d93b1cd-c753-997f-2642-30a4520d8037
948b2cda-5c9b-4ac9-8f25-13edbf773024,a14d823d-7af2-990f-6a08-f5103ebc8abf
31a72b58-9727-441e-b547-695a6b5f19c0,6c2c613c-d88b-89b5-ea3f-d24d8847a478
16d887ce-34df-4214-8bd6-76cd96c5eabc,3b377061-90af-3c54-a55a-8d3b20d5ed7c
ef6d3a7c-c78c-46fb-b6a5-ebda934818f1,68e7628e-1a46-e29e-56d8-4ec1ebedc13e
0d5d6a67-c6c6-489e-8eb6-17e3e18ff37a,9a30fe2b-e901-0cb3-5116-7ac9cc5c3504
5715e8a4-e09a-4c4e-9e02-2160ebf5e866,876c00d1-6465-4d93-0520-dfd824dc7b86
d91cbdb1-096c-41f6-b848-09169fca91fb,4e5109c9-dc06-ee59-976c-5d49576af03c
a3b66808-3b86-46f2-9d60-f858c7e10a71,58358674-c733-d074-dde5-be3bae5dc032
3d58bf92-4ec1-4576-a1e7-74c513686a6b,7871ac59-07e6-c631-5ec3-80231c99131a
fad764f9-efc5-4152-935e-a998833aa07d,25d70b8b-c027-0027-c8f7-ad9652148968
55db9ca0-96b7-491f-a6bc-9e677e46333f,a0ad63f6-a6d8-923b-7feb-edec871172fb
909d1b88-7f82-4da5-b005-1b40029609a0,d437d297-4fa4-68d9-e9d1-b344a72eb0ed
a864cc63-0757-4d41-909d-3f9a17e21b98,6d06780f-f624-9d42-e7cc-87636b7949d1
3c8244a0-c58d-4204-8730-e74982babcd1,1efb5c18-2369-881d-b4ac-392032417704
33e3366e-6c7a-42af-a3e4-6e0603d6b8db,0b2eba4d-eb24-dec3-9eb4-a9dd44ff6b7d
35d8a456-fe5e-4200-a8d1-3b5b169eb103,3ec90eb7-36ec-ae71-ef42-47733445cd15
16d00b14-f571-48bb-89bd-ddea96238815,06d9a4e7-0d5c-098e-bb15-109f7f924ffc
8ebb4cb8-5003-4e41-891b-a3aa06bcd518,d803043f-72b2-d197-784f-630310a21e9c
4c089bd9-5b5a-4703-b155-5b17b5cdd985,23ca6ab7-ea36-c568-68bc-389aae894bc3
75e2c8b4-5cc4-4114-a798-cc05eb4756bf,0f068f38-9fe4-16ee-cfbe-065db04e7fae
fe42ed36-f912-4960-9e00-a9da8095874f,61aced85-4f7b-3b42-8410-8764661f85ed
bf0daa14-74fa-4122-a74a-d677e16bd456,ea82d4f6-4aa7-3b1a-8a8f-6024fb9c0af3
15659d59-0f56-457b-b618-c829f909e0d8,3219cb12-418b-2d45-6832-95de90bb242d
c8d28969-eecd-436a-88ce-60107056dcc9,8f656059-530c-84c7-f468-f34a1745033f
cf1449f8-6a5d-4e4c-99c4-105057c16d5c,1fea0c04-ce43-fe75-fea9-800b77c20bb7
7920d91d-bdbf-4434-bdd2-31299f5e3533,f8536f40-088d-507a-dc2d-1fd47def8b39
bd302ee9-d3b0-435f-a2a0-b559fedf8cc5,02c82615-ae36-1df3-559b-f6dbc36f7588
4ca52da2-567a-4cf7-9722-0a71d262481b,082cfeb0-2359-9766-e20f-2aaebb9b8b74
dbe9141f-a5ff-4817-9d9e-ee1f270e7a5f,7d4fdbe2-60b2-096a-c981-8722c9183d4e
b57df8a5-76c1-4ada-b35d-94ad17dd9844,693ec358-0029-1f1c-af1b-2d0e238a897c
cf761891-f9f4-4d71-bb8d-c633e4dba4c3,0edb7d5a-0db0-3742-ba96-adccbc2303ee
624bbad0-c6ff-4516-9c6f-ab01cdabcb6c,675c8db0-1176-792e-168d-8b020a858439
3f84e3b0-f661-4162-bb04-50bbdc2873e4,b127e3ae-0104-3e0c-9969-f30e8a6220b7
d6daed46-7187-4037-a2b4-8d81e8029395,c761ff15-4081-07e1-66c2-1fbfcae625d6
d44ad049-9974-4ed5-a1da-a01576c6ea80,82f35f36-bbd3-ac37-9799-0642a8c4435d
bd2d837a-b97f-4d2c-a4e4-fc02728fd3bc,f80619f4-27d9-b540-4606-f6b268a6d4e8
4bc5504d-67a2-4696-b91b-1085b52a0bb4,a220fba3-ae23-1247-f8a6-fc048bc3330e
d43f4946-2507-45a6-ba77-ff02c1cb77e1,fe9f5a17-f2a5-9e2d-932b-cf7cc9307436
33df013e-ecbd-4ac2-83c0-2a085faf016f,35042275-eaaf-3f6c-7ff8-c7a9332d2a79
09ec823a-667a-44b2-abe0-021912f722f5,93083aa6-53af-e4bd-8a81-7d8f98f73dd6
42353e28-df12-47ed-9d3c-de98f7c8df96,a45e5388-3b7f-be25-315f-cb042ab1a5e9
4cebacd8-4602-4aad-8bd3-5adba0d874c5,ed3639a6-69de-085a-e428-7a0283204082
2de2b4a6-7330-4416-be4c-dbbd47995491,c0ab9504-c6e2-0d1c-2248-1c58646aa7d7
d5399fef-e7f0-46b3-a7ea-2ae9107b606e,75ef8590-1145-5c37-e5db-6b9920e9bc15
441d8bc5-7e57-45b6-9c0a-96a6ff863cea,83f3dfc0-2f14-5638-e28c-92cd4c871083
0c15b7f9-41ca-44ca-a887-3dde4ec45071,58b42aac-7fa8-b2b7-7183-62eb28a76a18
a72daab3-abce-4917-b20a-5cfafca48a41,a60a2024-d384-06e1-be40-98aea3271f1b
19ccdfa3-2022-43a4-9fe0-d3939cb38978,93c9c50c-4c6b-122e-8615-20a7ff2462b5
fa730823-1091-49bc-b6af-d822c3e83691,4cc2f589-0b58-224a-5905-c3f8eff16c58
62c866ab-86d4-45ec-a82d-c0df08917dbc,3a62ea70-19ee-7b8a-9bf7-46d5d268f37c
ab57f437-ff3a-499f-8ceb-7cabd3d2447f,f00809f2-30b4-7335-9182-78969f2f2543
240ca91d-7542-47ac-925b-824ab224c77b,0b553aed-8571-a482-8af7-e05951583406
4f920a2c-c4ba-43b3-a585-04b3a3c4afd7,650204ce-0927-1b80-6a9c-b16a7429e752
5cc32c06-ecb3-4bfe-a5db-bc0a8d78d645,80dae55f-11a5-b2b4-45bc-d8f22b89e06e
1ebb3c20-5651-40ad-81e4-d3dd1079d326,da8549a6-6096-58ba-39fd-b1bc30f1135e
aaec07c7-9786-4fe2-a27e-70fb1113ca32,a166689e-8ae2-fb40-1926-f1c138ce6a9a
57d9a7f7-eb9d-4363-8e09-a53c87d373a4,cb9897df-9688-bac6-0375-0427f2bd2b05
40a22e22-f730-451f-8926-1ed4fee6f5a4,79967043-349c-d875-4c6c-e9ac391ceb80
ae6f2589-9a2c-4e73-aa42-a8c838fe9b32,a2c09580-cbf9-f153-976c-ac057f70b4ce
81169539-48f2-429b-b0ad-12744a7c4fc0,1570131a-cf25-adb0-02ae-7ad3b2146a42
46974762-3264-4be1-857f-7ab64e55564a,5162d3d7-03d0-150e-8383-afc723f60852
c5c8cd42-931d-4d24-89c3-8781a920e6c3,3ff531cf-7436-221f-56f3-1da883c77ad4
5a5ab9e8-6462-4c0d-8c96-e867a736986c,3d9ed9e5-7371-a171-4b2b-50cc1d7b2fb3
c30159ea-088a-43d8-a44a-633ced2cc91a,b80fbdd1-2d26-3912-738f-1bf2139d183a
1e4ba46b-a36c-415d-b7a9-6396e6587c6c,79616064-6f90-b825-d5e6-43bc4fceff85
13a005d6-ffde-4942-8279-8b190d99621c,93a98402-3cf2-5ce8-f0e4-1c2aa368ac5b
683d55ec-4b43-48e3-9007-eaf0eaab767d,c888fab4-15b4-4d71-a464-0773eadab0c7
fc4430f9-e1a8-453a-9a3c-e4eaa95aa7b8,be97cc7a-8ebe-e0ea-f6e0-279f2e174705
9a8619c0-79aa-40fb-b7fb-8a5d22d6f82a,113092c6-3a88-7223-6509-cbfd6014cc5e
5d77a086-4b7d-43fb-a631-5384be6d9088,e6dbc59a-0e36-2fbc-5fcc-49a3d12d5cab
dd97adee-ca95-4857-bcf2-ff6de21198ec,abf0299a-2920-d661-f4cf-6cfaf35c803a
71d233ea-25ca-4114-818a-b2fcd429d5c5,a33a706e-d4da-5edf-d81b-25cae027734d
d81f1c0f-d3db-4989-ac15-4593de72aea0,e57a2565-9af1-da9e-22e5-40206215d193
741d0160-feaf-4ff5-a4b3-a90b8f41074e,de7e7654-c750-24f1-efa1-70fbbe7645c0
83401505-b785-47fc-a185-f0ff05ea0d79,d7961da3-0e95-db38-6e60-3baa1d3c685d
657d8e32-67cd-45b3-92c2-60cbc79a57f7,290c5ba4-4f45-2ad5-26d6-9bed0762c244
a1fe1221-ec63-4179-8e93-7c63c34f6ed6,79aad260-5b5f-4fb4-d607-06bb038f9987
b4b8258e-24b9-42d3-a116-76cbac658955,5f845e07-2e87-7385-d5b0-c11c9aca6605
f677e4f5-98b1-40e8-953c-1522c8d52e84,ebae3653-8eea-b9f9-61e3-6e4df8a539a8
29eb8269-e861-459c-aa22-458c84657080,8a220446-f81c-12f0-5c8e-9118c85c5fcf
0901346e-7ea0-42be-9477-ce2d0812bb57,21a80025-d8aa-b9f3-8dbf-275b3543f311
02f741e1-607a-4d86-a034-30f158268b50,291fdf72-cee1-5059-1931-88453e143bd9
804347b5-1dd3-4654-97aa-3091525a12bc,42e5cdc5-e58f-4a40-658a-8336756bb54f
d259ffd7-50f6-4f6a-8331-d0c94b4872c7,0a2e3e26-9edb-f3b9-eda2-7422f6c79d70
e8d744ab-d60f-42fa-8b63-b22cbf7c173f,3155b705-ebda-d72d-86db-21e1d31ea696
5f7232e7-24d1-41ad-88ac-0538d3ece73c,c8cdd5c0-c7ad-6e42-b69b-36cf76e5b079
852e9fb0-8888-4ff0-959f-54167d56f600,793eafdf-874b-17da-3ab8-b73278788bcd
d8354a83-be62-436e-a44b-24fc31de4e77,31470be0-0025-e1ec-58e2-855b4c9fde1b
a6351313-2760-4978-8b7b-d6f08c4c7524,b80c7938-1baa-4a86-26f7-ae273e6f5b8f
2d1218e6-5406-4ed4-9104-65b577e1e04b,cc07ebe5-4ce2-c46b-8d38-2788034ed185
b54b3233-bb9c-473d-8e50-ae70323816bc,6f213de1-104d-7e04-f076-97bbd0457230
83f6a55c-ee3d-46bc-8367-6426054553ea,c821f7db-ccb9-578d-8391-72d3b1086b00
e6a91376-cf1b-4135-b67e-09a169bfeb9e,dd227b4a-a128-2604-6610-629e5f2035cd
f07105b0-e4e0-4de8-ac02-e7f1f793249e,3445c1a1-5b5c-9014-7741-918512079bca
feabdb48-d623-4ce1-baca-d401f9c6f681,a8a3100a-10f5-3630-6aa2-d781cb06c82b
828bba1a-ade1-4ab1-9e95-6c52f17107ca,f3f6f865-ee13-1988-1c1a-1e68f914244b
e31780d3-d8c9-48df-9f00-899eea37066b,077b1b03-e167-1fec-1ddd-ee0eb1ee125e
329e5ed5-cd39-44d6-be86-7c99925dd67b,fb03c0dc-b225-08cb-d088-54bc1b1fc114
9c77f50c-6f4f-47e1-82bc-de4060bad943,c6fc400c-f6b2-ec6d-0fc3-3ecbe07b5499
f50910ae-977e-45e8-a72b-57c765f7d651,82028ca3-13db-8eb8-4325-2d7d1cf33136
31295ec8-16a2-4218-82ef-fbf475b5658b,c4ba3364-f85f-c017-8385-5d4782d84354
d7029971-e65b-4055-a811-f118876a39e4,c0b90b87-944e-f375-cc7e-8a90a261f83d
76898ee8-e640-43fe-bc53-ef1413ef1871,d32f44ab-a71f-6ac1-0fe5-924e496f3cf0
b13226d2-8155-466f-a32a-95be3ec0dea2,f64d38d1-9a32-87aa-bff5-e26977810e23
68a1e4bf-edea-429a-a537-dcb0ab92162b,a77c599c-14ab-b9e9-a992-71697aedcbc0
6fd6aa14-ae88-4586-b93a-bcb09e2c8699,86b3e71c-0af7-2672-fed2-3897a4b43580
fb47e6e0-5c8e-4300-a4bb-a318c7eabdf2,e43e677b-1739-32e3-1c71-b9fe8fa1ba27
1a59cddc-a043-4ec2-96ed-a559c5a3f559,bff81df4-2034-390d-0920-e01cf5a5084f
b3a14cb0-076a-4776-94a4-a29c7cc86a01,ad2c48c7-c1b3-b113-b46f-04cc8fd22df6
f6dd5206-b713-4d50-ae48-1e6be207679b,5f20e5c8-a8e1-6898-20be-f8f715155dc4
d425689f-368e-472f-a63c-f9a5d0b366e9,0f3a8280-4392-3813-5059-2342a20fabb5
5e242369-b918-4fb3-9935-dcba970c8c08,a8f58484-783b-4141-12da-edb834e5fe2b
9c028814-790e-4975-ad88-1c10a3b9ce5b,cfcad1ed-0ca7-ce62-8d18-d55f2cbedf38
5e3e202f-5243-4720-b606-bb3349149f01,f647dbd3-47f3-d3ed-c89d-9c97dacb59db
135381b0-b8ba-40cc-98e0-fc94f7c41d07,e8756e59-dc27-821c-cc53-ae682d081f58
27e188b6-931d-4f63-9606-d4cfc90d37c6,0091e150-4d4a-ccc5-3d9d-de2210ec7dc0
268dfcdf-f951-42bd-b644-4793781f4ecc,fdf76e70-2d91-d64e-ab50-fd5fbf4d95df
bd4455e3-f221-4fc1-b603-5df167ddcd8b,23bf91c0-81a2-2453-0011-425a3127fb00
17530e01-4852-4766-9b3b-12d4aefe8418,4bcadfa8-a7ee-ec53-6983-8596dbed22d8
c27159ae-a13b-490e-b851-9379cb97ebac,ea551a8a-896f-4042-47cc-8e410cc5ee13
9be3d0d2-180a-4985-8730-d75dad4d8d5d,2efdb97a-9ad2-3202-df44-71ca3ec6b7de
1b3f15f0-f4e7-4a87-9fd5-62bae148bb82,b34ffff0-d116-0a62-182e-938023725780
1389ede2-e0ab-4b80-92d6-6fa0ee1be4b0,417d15e9-b4b3-968e-787c-782e3f723135
b0ed33c9-09e7-4d4d-a186-7e3bcc489ff0,085080be-d780-80fd-4161-a7529df689c4
bd136a14-4e84-4597-981f-f45a51bc8fa0,7ae6d37f-323f-da65-1478-2c37a4251ec3
79af9ca1-a2a0-49f9-ab8d-104611cc1330,e7d5338b-cc57-bc0c-6099-e4c394a8c89f
010f6e62-3598-43de-9cf4-313e160050bf,61e74155-6c83-4592-c8a6-27c1c3dea5f3
4851d29b-e975-487a-b5d7-1c111ed96608,2098b894-76ce-e952-00a8-04f1ba4b2d10
91952a93-ca58-4459-9817-6da870f11975,b78aea28-6e79-5ca0-2713-3b833a37f15a
150ae00f-d5ff-4c99-a0a6-5721c1f23914,36adc4e8-e095-7d01-5d48-f5b7335b047f
9507a65e-e7dd-4cae-9a17-59d34f9922c0,72597d77-83c4-8e62-8d16-81f61f84ba62
e417d4f3-d4f7-469d-a425-4d864a82c513,4feea75c-1a98-2933-2775-bdec81a3d18e
eb3b122e-034c-430b-8a0c-aef271c36dcf,39b37832-fdd5-15cf-70a8-e256e49acc01
91c6222d-df1e-4240-9f01-870ea8f254d4,a9162a57-fb11-5c68-2b32-7e9c328c10a7
8705b5e4-2a95-4e45-b3ff-d3fd250a2288,91f58132-b11e-206e-6c5a-22a1f63436a3
fa63897c-302a-44bd-bc9f-02cdd692a21d,d3ecf63f-df6e-ed37-668e-eb9e018f8f6b
1e98547a-d83a-4b72-9bb8-626455c86767,74c362d5-e298-f232-4d7a-24ccd647739d
8ae5e989-5ea7-4262-93ad-09eecc844ac2,72ce5186-e6f1-5ef7-f0f0-4da47b24f573
4765e3d7-b744-4656-9da7-f26243de8e0a,72f1c6e6-d503-2998-592a-91456098d7d9
91fa4380-f2ed-435c-baf6-e37570298cf6,c8458233-152c-0e7d-4a20-c37441bf7efe
211e5f7d-b5d9-46a3-8d46-128bd0e797d9,67e3a472-48ba-3167-9308-21b174939a63
1941b33f-3fea-443e-8117-e9d3250ee222,8fb55b4a-b907-b615-82fc-e8d2b4d166e0
37827c9d-9f05-418c-b83e-151dd7ec2274,c175fb0c-684d-89f2-3497-e986289dd6e3
819284d3-d5d4-4d10-b9d4-a39f8248134c,f6702497-5d29-a559-7e8c-6197c2079c16
62656372-ea9d-4214-8d66-5c0d731d7515,f61eb55d-bb37-c4a8-24f0-82e7405cf768
442d9986-7e92-416e-bd07-23b9c79b2d9c,e29c2ffd-9bda-f939-8d23-6ff4d32f2302
e2dcd40b-b969-48f4-8cef-fcb0390a1904,3ae1fe4c-20bd-c96c-1b8f-6e4a0c9ab0fd
df190260-fba5-4b2f-b0e9-2096d7ca89e8,697eb176-3776-5ec8-952c-58d4b1d073a2
9b3e4b66-7399-4f46-8b8e-629ebe303727,f2656333-2e30-6300-38a0-58a120a7b8cd
f774ee28-b2c3-41de-8cbf-dcba27b33df4,721478f2-18bd-988f-8989-9613bd1a46f0
90e9868e-cad3-40b1-8cca-3651bcdf8431,10dbece7-5fe4-9211-f437-315a044ce800
7cf5364f-82c8-40a0-bab9-5903501ea51d,36e48f48-7668-f666-4b00-1b7a168a7571
2ea8dec1-887a-4829-a764-03b250d2a4c9,feaf2796-f573-9880-2350-02e5dbc2e9d8
862e6fb0-6c99-4109-bf64-6ff12931bdce,aed0d5fd-51a5-14ea-d0cd-0c439a68fcfa
1aa76900-e588-42fc-9043-37828dcd2b7b,6355ff4b-2389-cddf-3acf-9832c0a1dec6
3d48e6fe-8a8f-4ca8-a653-535ec0027c44,acdf9fa1-6cee-6e36-c8a6-ba2d51cd4634
709ccb48-1f18-454a-886f-d352c30fb078,43e0a294-6c92-b6f0-7cf3-d294f6f302d1
9010349f-f090-4018-baa8-0a01c2eebeb5,9d9f87e3-28b8-4a71-bae9-053640b6d8dc
85e03de5-a2b5-4cf0-989c-aa93c8979e0f,abf3fc94-30d0-c81b-b44e-e3942f3ad1a9
118cefc8-234c-44fb-802d-d23776e4a9e0,70376dbc-7879-3da9-0feb-6e07f7f9da2f
fe3f43bf-50b2-4c3c-892b-c9daaf930d71,812a65d7-f102-96a1-e070-879e7a8c1baa
d73d9b5d-0000-4845-9db5-410af6250685,3177f232-6118-fbdd-df22-598e673f193e
506bd6da-558e-4f10-94dd-da382fd8e050,022bb4e2-9093-5d1d-cc01-fb6fb510f23e
f3dca798-97bc-4604-bf4f-cab0ca9660de,add9d881-77a2-4450-e414-636071c575c0
55db6c2c-4891-49c4-b06b-3ef0c9e98d88,1a6e0f57-9fc0-71d0-6e9a-480bdd28933e
8aed670e-3705-49c5-aa3d-3d1f2f268ff4,177bc096-09c6-46e4-506a-bd39fb6755da
9b6fa00b-5216-4b77-97bf-1bf93304bee2,0d6f3061-eb9c-09a0-b783-b4b71935599d
bd17613c-c9b8-4a96-ade3-5069a13be76c,c52c5168-3d04-8f24-4de8-686f3ce0a832
5891a6e9-3178-4c14-be76-dcbbbfb470c0,c6ed6bd6-b3fa-d20f-3c12-65dc7dff9dde
efd9f184-ff36-416d-8971-9717d4d7db5b,67c8fc24-67d9-957b-e702-949fa9eb04a3
6349cf8b-77fd-48dc-b175-71a5109f8c4f,3b4ad2c8-d14c-5b35-fd1f-b8ce8408f3c7
97846462-aa79-43d6-ac32-9019d1d3760f,8ac17922-92aa-5eb6-53cb-af91a3da7c45
750a41c8-a2bf-43fb-9ea2-e471dfa1c1b4,0207bc68-cd32-a356-1d6e-3cfe08b8ba89
7612f283-a7bf-43f7-9a1d-91ecc2bebf02,ab708365-c738-8357-5438-13d6ada3a4e4
e8528d59-7e27-4ed7-b921-49f2beb31aaa,d023c112-04d6-8bbb-ccfb-a5033f9ba6ff
1062ccb1-9fa3-481d-b0d5-8991ff076961,655b1002-d44b-d294-6df0-334ab92f9776
5b09c0ef-0e47-458c-bb47-71851ce62316,c01c0875-dcec-7299-66dd-9cbcd1151dcb
4fa68199-e060-41bf-bbf9-1227e4e4c389,764276a8-ba12-2256-c255-1d14d000abba
a66bb0b0-a45d-4200-9140-0d393ca2d785,e2677976-7452-82fd-4329-4418e4b2f192
087b3590-2b8e-417f-919c-e61ae68a4f15,2824d7bd-e006-4ad6-ba65-01c79540c8de
b5ef1bc5-ddb2-4dc3-adad-b0384c5744bf,d1f21b4e-24ff-a1d7-ebaa-f241d949148c
530108a4-82ab-4f92-9640-817700d6b5e7,e1d052c9-4aaf-d3c9-8528-4327ebf060e5
02baeb8a-c2b4-4c9e-bdd2-c1fcffcd04a8,36cc93b3-948f-a114-d1f8-a218280eddd2
7548325a-edd4-4a46-ab24-770fec1b49e4,785a9f7a-ab49-17ce-12b6-35f1cb209828
0ed73804-9d40-41df-b923-826bc408939d,28ab7780-068c-785f-63de-1d2f534f53a9
595dfe34-95b2-48d9-b942-575659999509,de135992-237a-f16e-cbc0-08bf2a51c7a2
b6a2a15c-b271-43ca-a408-2408405d3860,d93d5153-330e-9a01-44c7-540954ec718f
734587ef-1727-47e0-adf0-81d8ed7e144c,7233d13c-5109-9431-b159-538bd0756604
5a67a5f3-963a-4b70-8d15-32c53feb50a3,38a2f55c-1fea-4cfc-f6cb-bfed6818a20d
9b6f9580-b5b4-4e5d-b077-34969fa6a3f8,11158605-4ef3-02ca-7851-ac18dcb9226e
ae7a980e-ddc0-4b67-a189-307483f8cb65,bfaf0c5f-1bbf-2cdb-6db3-fc7477c3930f
28bdffd7-c35d-4614-ae4c-11cee93c4ead,d8408436-16d5-e136-1dc0-01f99b700040
7da4fff5-7976-422f-81b9-b7194c759ed3,6f9d1228-aca3-ed00-5264-4a35a468442a
d3fc2cbf-17e0-4316-be22-a4a888e17906,31e891e9-63b0-472d-b293-838e4f050b3e
e62c40e2-04cf-49ec-a463-fb60782c27ad,a529c393-5e35-086b-2cda-b11baa927114
9f4d5f08-76e9-4909-b2c3-e8245e1a3832,97b4b4b0-a638-f81b-bee6-c802b35baa3c
28cf7f61-b5fe-41fc-8f25-56657d036f53,6b8b5e07-c772-d5db-b6d4-36ff1ca252b0
2a7b8ac5-73ed-452d-b114-038dfa280370,a911121a-23f5-c9a7-dca6-4f216430841a
5719a2df-9e78-4b2c-b739-dab2cdbe8f7a,50ea5a75-446d-0ea5-4413-9ee8ad8251d8
e9eee05e-6e3c-464e-a228-f05a67398f56,3932b95f-ffe1-e102-5cfa-d4fdf65f9245
be59ae4f-f7c7-4fb0-8ed0-c7525cd2bec1,e4e1ece0-fd46-36c4-b277-f4e0c9013097
7bc3baf5-9e65-4cc1-b0cf-63a023598152,d0776d8d-cf4b-852e-36ed-7fa91f7450dc
a67b39aa-d2f1-41a9-8d88-9b9bd453b097,e34d2da7-953a-ce91-5df6-5e7d4fe5508f
5bd12967-f41b-417a-8405-2e5e9e8aac60,05a4be6e-8b1d-b4ed-d217-afe0849c5807
e4f8c4eb-d184-4261-83cb-c76cfcf047b3,a393c522-92b0-0d47-aaa0-d715c4674152
6cecd207-c406-4c7d-a0ec-cf9da9494882,a1237786-b9c1-814a-f179-29a2bc1bedf1
10a8c5b4-ec81-445d-a76f-5c10c4253453,7b170ccb-1d42-71c0-ca51-4549bc1f7fe3
e34cf89d-0465-4c94-8c97-4889dce4ed76,762dc508-b77b-17d8-3f62-7c22f7b4a8fa
3dee03a9-5d34-4660-86f3-b790bd1dfc1f,5def76b6-a82e-5465-70c0-fa10b87eedcb
2665a9ec-ad3f-4e48-a786-9887c18595b9,e6c9a957-0d13-4976-f683-821d401d5368
be66a2a0-0c38-4f19-89cf-9907a0dd35f0,2fd9cd5c-7fe5-78bd-7eee-4aba4ff2ddad
582f6e7d-ddac-4647-be5e-7a812fb882f5,e1756a37-de30-bfa2-b53a-d831f2ff1bef
60e4a40b-8475-452d-be82-9ef11b097584,0f799b23-f94d-45b4-97ad-4c673c5adaff
46281a62-9a0c-47ea-8c83-5e45cc175ef8,e900d23b-6013-da6b-98a8-d9b560e1779a
032ef48f-039d-4402-be98-292fffa3fab9,1d245bb2-dd0d-0583-10dc-fd95aa42c6fb
64cf275b-51d1-4684-8213-a77a660f551d,985704ca-fcdb-72da-fe4e-a5d2ed0f0f90
72d405e2-1319-41a8-a465-cadc9630b335,e87915b8-61c2-2ea1-4eec-3899f903690b
4502d686-013a-4067-92b7-320e62da7e30,18d81100-b0e0-ab33-cfac-09dd15ae66f2
b38cc293-6ccc-4013-9447-04701c11e04b,10922973-d5f9-cbe3-10b3-b1504aeb1fbd
c7975cda-f95d-421b-a955-5f38f9cdeb89,3b0d2584-925f-48e2-ca08-ca396b9b326d
a0d14ccf-fbd7-4e32-956b-417ed6654c72,058e9750-cb58-1b2f-899b-645acb068e9b
b8bcb42a-ebf1-4987-a413-3505d6f51aaf,c93d1505-1551-9fe5-89fb-ae29a2dc196a
35a9fa53-643b-4a89-90cc-de0cd4d43e0d,c2ca1ea3-6fc3-67f4-8934-16a7bdcef657
4d5c4db7-165a-46c5-a4c1-3f98e2dd385f,75fbc91a-3603-c9d7-c247-82a267179736
a5805024-981e-41e9-8d38-166761f75c19,9209ab27-a24e-673f-fb11-f8cb56b397f2
75a18162-7005-4fbd-aa63-8517a0bf4501,062241d3-7e7f-b79f-5821-ff57ad05ba0d
b58e9599-c462-43f0-8369-1e9455c16ad6,9e026f98-e081-836e-05d6-9520518cb746
310ef4f5-4c26-4e77-91b1-9c2a4e9146fa,2f464633-41db-131b-0e56-c2dcb15c499f
15b8565b-6f99-48f0-a91b-2fbf4eabbbcc,97549bc5-0044-19ee-6841-10e73f90950f
a0dcbe17-f567-49c5-a0d3-46ab7e39b160,9ce23670-5e7f-cdba-f7b7-882e478af332
cc246154-2ce0-4c2c-b672-2f01ed668f59,3db47417-8110-6d41-f827-c269bbcddaf1
d2f108d6-d4e8-4c11-ac0e-b393d5628af1,61b428dd-e5c8-3cf3-bf51-8ecd986250bd
ea887a2d-382c-464c-ac3a-5693d1b504ad,601f256f-6eca-decc-f749-da9f52f2a437
95b54327-d934-4b5c-b5c3-027d72b7ae91,0bd3fbfa-4c3f-943d-7d72-96878e5ee9f6
7819d705-67e9-43f7-8dc4-203d50bfa43b,040e289b-7303-11db-5593-87a1a6b2f068
faaac7e7-967b-4843-8378-329b207c74db,9d49e696-0115-9df8-8bc1-f6cd9b34c39e
512d2e08-6add-42b8-b9fe-ac3e6fa29895,f50afe6a-b533-66ef-987e-580f3ca10480
0e6b32f1-9d6d-47cc-9f3d-9c418e2e1ced,bfba9296-a468-a77f-5f42-00978a778b63
c6ed39ec-b346-4dd9-a733-29e7af2cf316,6ce52ff1-f4dd-97e3-e824-7a9a3163a3ef
7f81e3ba-fc4d-4510-893f-a40d512695e9,d860ebe1-d190-eee0-537e-1a5af3a1477b
a5597ced-4df6-4fb5-856b-08b904a44e81,6ce52ff1-f4dd-97e3-e824-7a9a3163a3ef
beb83b06-7608-4aa6-93a4-76934f1edb00,c9f31667-4f9d-4a70-f40e-b2ace130d68d
84b468a5-cec8-4f4b-b25e-bd4507c6ec24,f50afe6a-b533-66ef-987e-580f3ca10480
5ac88096-848a-4678-a62c-5e2c3548d6bf,0e0e013e-fdb9-fa41-58a6-681c1b54b0ac
89dbdec6-fe86-428f-8c2e-e52da2e71f73,75215cba-8c7a-6446-fd80-2bd3845e5cb9
d247d02a-6d47-4483-b00e-b3f164e68d40,75215cba-8c7a-6446-fd80-2bd3845e5cb9
7a6f82a8-313f-451c-8304-5c516ba06b61,75215cba-8c7a-6446-fd80-2bd3845e5cb9
410be2bd-dde1-41c3-a343-788fb2710d98,f0639c71-7fb8-7950-96e3-34a94dcfa7d9
812617da-8696-434f-840f-2bbb48f6068a,c73ffcec-b1c7-7b35-892f-f7f61a721187
4591d6da-b7f5-4a0b-8b48-1725a497e9fb,0d2e8e28-d466-867e-d067-c06df55987ca
a89b5d5b-4d0b-476c-8781-3e6b078700ec,0d2e8e28-d466-867e-d067-c06df55987ca
2482f9a3-48d3-4814-bfc2-19f53ae99f93,f50afe6a-b533-66ef-987e-580f3ca10480
ca039423-dbc4-48ed-bed3-7bfb3f5f04ea,f50afe6a-b533-66ef-987e-580f3ca10480
ff539b60-576a-4488-885e-0fb262f3f19b,04f61053-1f1a-a177-2eed-b4e620e89910
7a387100-a454-43b2-9bf9-f420089f4b7f,35eccfc2-27a1-ab6f-af3b-1720b4dbe583
d5c2f377-1d74-430b-a1fe-03eb39b6f2ad,870343bd-f00f-2c34-ad9d-e9b7b4796790
6dfa8f81-2750-470b-abb3-6b89af9bab49,0e0e013e-fdb9-fa41-58a6-681c1b54b0ac
a99e7a7d-f4b9-432a-966c-2a7f797c03d5,efcd8656-a09e-6b96-3759-da59939b381f
a7b44567-e9b4-4a27-b8e7-8dd369728dfa,75215cba-8c7a-6446-fd80-2bd3845e5cb9
ae32751a-b3f4-4dfa-af38-f09042c20f1e,c73ffcec-b1c7-7b35-892f-f7f61a721187
04d5c167-629e-443b-b663-5693de877d88,75215cba-8c7a-6446-fd80-2bd3845e5cb9
77fa3620-6b31-4eae-b954-ad0185131343,8ef86538-5335-4b7c-bb9f-752536d6556a
917a11ee-a11c-49ef-bdc5-43b754b7507b,8ef86538-5335-4b7c-bb9f-752536d6556a
d3c46616-0a6b-4ca3-bc48-1019ab55571d,75215cba-8c7a-6446-fd80-2bd3845e5cb9
f286d7e8-6cc2-4683-b0ac-a54b45dfe7cb,caecbb45-c7e1-e9df-451c-111e87b9a891
97d0b5b6-c81a-460c-8421-15f6e619687b,537932fd-1438-d42b-bc8d-ba38f0889f0b
9198e8c2-ebeb-4441-8883-fd2757ff4041,2982d23f-5d56-ce7f-6251-2121d7764ff3
6370b874-241c-4920-b631-9b3b36b1a35c,b308a64d-d242-9683-079f-849f2fe686dc
7496d21d-c10e-420e-af6d-0fe5d45ffe6b,aefa3572-3881-3c6c-ae0d-353330db01ac
2784f14f-2cae-448a-be15-f328e114cde1,efcd8656-a09e-6b96-3759-da59939b381f
ace13f30-f8ec-4de1-92d3-22b0261db0e3,0e0e013e-fdb9-fa41-58a6-681c1b54b0ac
26a3a812-d8ac-4cbb-851c-ee59d3226b1a,fff82785-972f-bad6-19e6-9a0bb63029cd
0f4b4d9b-f429-48a4-baa8-de96392dbded,0e0e013e-fdb9-fa41-58a6-681c1b54b0ac
c046c956-dc1c-41de-9572-e4bc04e82f3c,505bf4b7-2980-29ab-4506-0a5f1d925a4c
ee44579f-61a9-46c6-bfb6-57d49f38c51b,26910b91-c179-9762-cb9a-0a9a8a20280e
60045666-9efb-4738-9a14-bcd087277b59,26910b91-c179-9762-cb9a-0a9a8a20280e
aa120674-89e6-4f1a-b5d1-db008847f15b,26910b91-c179-9762-cb9a-0a9a8a20280e
b4812d13-c6bc-4564-87fe-28c7356e1451,26910b91-c179-9762-cb9a-0a9a8a20280e
0098206d-a9ec-41d1-a147-61eda805cee6,26910b91-c179-9762-cb9a-0a9a8a20280e
d7478a26-6f78-4da5-8133-5d919b7045a3,
08003041-01bf-4f8d-bbde-2506b3b20b19,8cf504c9-f005-09d2-16aa-55cb9de2776f
03387de7-fdac-4f1b-8389-a19d2ddb7767,1c63dcce-4392-3a4c-a05a-09404e3aead4
daa3a98b-3757-4fe8-ae35-ed23496b45e6,b43ff146-baf0-422e-5939-dac98e7b7697
593cc8bd-586e-4c1d-b968-38cca453d0a5,7712a362-a655-352d-e775-36f7f25c1998
17ccba80-4ec7-4010-ac4c-82fadf3fc547,164de224-81b1-3ec2-c51e-ff419299a3e9
ec23e94c-d75a-4814-bc87-d57fc5a62737,df7971dc-9401-49a9-7404-ebb44e0e44a7
dedc3deb-17a0-4f56-bd24-cee357aa1d42,7b170ccb-1d42-71c0-ca51-4549bc1f7fe3
ebd1f130-cc73-40c7-86b9-4984db1abf3a,75215cba-8c7a-6446-fd80-2bd3845e5cb9
796dbbc7-ec27-4a96-84d3-fba8614f53af,75215cba-8c7a-6446-fd80-2bd3845e5cb9
eed68000-f3ae-4005-8a31-55b7fe301e2a,75215cba-8c7a-6446-fd80-2bd3845e5cb9
0086450d-2358-4bc6-8094-46de430d72aa,75215cba-8c7a-6446-fd80-2bd3845e5cb9
e42416ae-2a0c-46f9-b3be-bb88ffc2dc50,75215cba-8c7a-6446-fd80-2bd3845e5cb9
5a384c06-54d0-48bd-ab81-1bc3fec8366a,75215cba-8c7a-6446-fd80-2bd3845e5cb9
38ba206c-a1ec-482e-b625-5ee14f0a230a,5be6032d-b6f8-3426-9feb-2b770f360e10
ff641406-c96b-4316-8d9e-fbf884af41f5,5be6032d-b6f8-3426-9feb-2b770f360e10
3d888be8-ee55-4cd8-91a7-c22b41449885,0999a6e9-8fa2-db99-32bf-7abcebb228b6
5d503e9d-ebd3-46e5-a419-54c8103496f0,8438e30b-80f1-22a4-551a-6753f8d80652
07e4e197-fac1-475a-939a-96a4fff779cc,fc7ed432-9a84-b962-96c5-24796212144c
edf68517-c9c9-4e28-a477-cf2136b4e689,7712a362-a655-352d-e775-36f7f25c1998
8138e2c1-5b36-4793-9d9e-d1bf1acfea88,8a35844e-07f5-380b-3f5a-1bdc279e0c7e
17ba92d2-1f8a-4428-a36a-7c5bf1fb9102,406c2ac6-ad29-6a4c-9c85-2ed00513cb16
306055c5-5bdc-4a8b-ba6d-ad0ca60c4dac,67ab3ed9-a716-bd38-2fce-68953702c940
3f4a7cc9-d1ff-47ac-b057-525fcae3fd62,6bbf84ff-a673-dcaa-9cb3-23f6264b48a2
6cceed08-77b3-48aa-9fe2-374de2435f2e,9750f0ba-af95-0a6f-6335-ce8d66a1b4ac
5f5167ab-0e8f-45dc-8c6e-c00abccb9111,9750f0ba-af95-0a6f-6335-ce8d66a1b4ac
59e9b48f-80f1-4fc1-8a43-9a2d1f0ee8ed,5400f6c7-1e56-a54a-51f1-d8c573dce3a2
8aeabb61-abbf-488e-b069-c04a91b5f6c1,b44fe48d-6f66-fc55-f230-2ac4278aaf24
f327f33d-7400-4919-b69b-0e7951e1d9fc,b44fe48d-6f66-fc55-f230-2ac4278aaf24
7827ac59-587e-45f0-b41a-2ce0962ab904,a39c137e-d34a-6c5a-a055-0e05ce4f076e
1228a7cf-6b8f-4449-b602-cc51649da848,92422347-6494-1dfe-e4a8-945dfcbc3327
53011ff4-c27d-4633-831e-14c08d8648ca,92422347-6494-1dfe-e4a8-945dfcbc3327
7b93be97-35d1-49cd-851e-52f9051de08a,92422347-6494-1dfe-e4a8-945dfcbc3327
cff97608-4da5-4504-9135-eb124b121842,
5cc29c53-b7a3-4292-80f3-cc8b1d523f33,8baf0b8c-563a-07b5-0361-e1c896ae1a56
460957e0-5f60-40f6-9fbe-501918aeee95,e900d23b-6013-da6b-98a8-d9b560e1779a
4d00b3f0-251f-497b-a984-94155e1a4efe,411d617f-eec7-4dcd-206b-edcb2135f428
24d30365-ad5b-46c8-93c9-d85092584af8,92422347-6494-1dfe-e4a8-945dfcbc3327
7e089020-d801-411c-b0ea-9ffa7b99c656,92422347-6494-1dfe-e4a8-945dfcbc3327
0b3e5589-0dbf-48f4-84d1-803fb612e775,92422347-6494-1dfe-e4a8-945dfcbc3327
5c69f1ed-8824-4f87-9e77-f0172c932232,3d9ed9e5-7371-a171-4b2b-50cc1d7b2fb3
80dd7223-a39c-4357-a32f-6f79d8eb5061,3d9ed9e5-7371-a171-4b2b-50cc1d7b2fb3
ec5911fa-dd8d-4eb9-852e-368c709226df,aadcb961-d995-2da2-0e07-ebe775aac6be
4827c1dd-5e0f-4f21-ac70-b0640f15700f,74bc96e6-ff0b-d1d7-781c-b313dd25bf7b
da2fe943-526d-41be-a436-4eeb7ffdaa18,4ed36dd6-8fe7-0e6a-41b1-6183df7015f1
7dc7591c-0cc0-4ee4-b1a7-b318d4239a14,61cfbbff-7ba9-79e2-1ee6-98062b377a87
82b8f0c2-cdcf-430d-8427-6f950461e557,78ffdade-9c9f-559d-8aa8-21e028b41e2e
a7056c97-d8db-4686-b5a9-2ffb81f272a9,78ffdade-9c9f-559d-8aa8-21e028b41e2e
7a3f054f-b3db-4e4a-b710-cacdbe9e6b26,1c9bd888-f56c-ebd5-f95e-73cb79865b16
23a23a59-0d2c-4914-a4da-0357ce9a4873,1c9bd888-f56c-ebd5-f95e-73cb79865b16
4c3423d0-46be-4c18-b184-f930415bf2f5,9750f0ba-af95-0a6f-6335-ce8d66a1b4ac
3e919cee-7278-4009-b91f-b0ec2b6966eb,8a35844e-07f5-380b-3f5a-1bdc279e0c7e
6b725fa5-2ae2-4e68-8951-a4b8868bf7c2,92422347-6494-1dfe-e4a8-945dfcbc3327
eb393e68-f766-4a04-80a5-e7baa190cc6f,4a6224db-dd84-3c39-5c49-2729b0bd9bfb
94c8c1a3-f46f-42a0-a50b-f68c6c719f60,
3c67117c-cd86-4c5c-b032-480d322e2e3c,4a6224db-dd84-3c39-5c49-2729b0bd9bfb
0ed9c4e9-54fb-4da1-9bf7-90cea26d1749,92422347-6494-1dfe-e4a8-945dfcbc3327
f624735c-93ea-4d68-b978-dd6fa373f0ca,
6978bf34-b67c-448d-92ad-78b9357ebe13,92422347-6494-1dfe-e4a8-945dfcbc3327
99f0d08c-c3d8-4820-85c8-78c04c915543,92422347-6494-1dfe-e4a8-945dfcbc3327
c01097d1-d54c-432c-92dd-8d1bb9156974,4a6224db-dd84-3c39-5c49-2729b0bd9bfb
319cb3b7-a62d-4a32-a060-d3eb6b107cd3,4a6224db-dd84-3c39-5c49-2729b0bd9bfb
6a2a988c-c7ba-4a92-b6a3-d9f420642060,88eaef2a-dc0e-32a3-99dc-b47f584ff57e
f88c533a-e206-4062-9625-85dc1ab5da1a,876c00d1-6465-4d93-0520-dfd824dc7b86
8980747d-c8d5-4c2b-8cc3-f7c18b6a263a,61e74155-6c83-4592-c8a6-27c1c3dea5f3
d1c6a93d-9881-47c7-9e46-08ec8f0ff010,71e7421c-383f-41c2-8f71-bcebaf75e8a0
bf7082ae-b50d-4094-b27a-787729505dad,92327d44-aab0-0a34-5506-927951df82eb
1544b040-bb4f-4f0c-8237-80db37c356fc,16f89f1d-2d66-0cd8-6e77-c5fe9f2dbbd0
17cd7b6b-e01a-4a14-b4e2-e884e7f0264b,876c00d1-6465-4d93-0520-dfd824dc7b86
b7779170-5ec9-4615-a069-6efcbd2bc88d,61e74155-6c83-4592-c8a6-27c1c3dea5f3
e5045a37-093d-4d56-b775-576598efa603,35eccfc2-27a1-ab6f-af3b-1720b4dbe583
0b932849-cbba-444a-94f0-913715472dbd,e3e46108-07bb-4b21-377d-aa8b2833dcfa
bddc64d3-80a2-40d7-af5e-647cb34f5e7b,8438e30b-80f1-22a4-551a-6753f8d80652
362ac9fd-40e1-463d-9685-b765d824d773,313fe81e-8116-d5ce-075f-4b69fcb77a27
de03a961-8510-4d64-9cec-0404d61a2a12,aa6bcc42-c183-b4b6-b600-b64bf14628bb
74717e7c-de29-440b-b538-ed56243bf4bc,3e8f23d3-3c12-fad7-2409-c051d8c93f8d
6d4c124f-8b3f-4b66-8927-e5052600655a,df7971dc-9401-49a9-7404-ebb44e0e44a7
13ddd4f9-cf27-46b3-89a5-f062243112dc,876c00d1-6465-4d93-0520-dfd824dc7b86
8e3ecfde-86bc-4027-a91f-003aa25c037c,876c00d1-6465-4d93-0520-dfd824dc7b86
31d69384-3351-46ca-8abd-571cda8bc4ea,79967043-349c-d875-4c6c-e9ac391ceb80
68ec9135-3901-4834-94e0-3947aa7122ca,4a6224db-dd84-3c39-5c49-2729b0bd9bfb
8d3ea68e-9862-43d4-8e11-0d2928f76d9c,4a6224db-dd84-3c39-5c49-2729b0bd9bfb
20926108-bd75-48e5-9dd9-639c51f1b790,489f1db4-01de-6439-ceed-acb4082c8f56
ed051c59-8461-4210-9604-104ccb96640d,
acaad905-d295-4cf7-99af-923b6394cb74,
cdc9f7d8-f4db-4bb7-ac23-b7bed5707dd1,92422347-6494-1dfe-e4a8-945dfcbc3327
f25cb5b3-e62d-4c54-a501-3c8fe7478cd1,92422347-6494-1dfe-e4a8-945dfcbc3327
a096ab04-c3a3-4e26-b381-0d62879bf77f,398331b7-88d1-0156-0c94-2b5b27d80724
418a1241-c8f9-41f2-9604-5d3bc790314e,398331b7-88d1-0156-0c94-2b5b27d80724
88542368-e2ad-46ad-ad35-0338cfbfa682,1c3bef99-a89a-5c33-d152-127bf76705e8
f784105e-e69b-4789-8ce3-3d5fd4ec44d1,4ff5c060-7190-5ed5-9fc3-e20b39d44487
69d04568-6a26-4a17-935b-e31b04296efb,4ff5c060-7190-5ed5-9fc3-e20b39d44487
68d33db2-eaf4-437e-8267-853594f259ca,4ff5c060-7190-5ed5-9fc3-e20b39d44487
87852d3e-c201-4662-8674-422c8eab0a1c,4ff5c060-7190-5ed5-9fc3-e20b39d44487
df4f05d6-dd6d-49d6-b404-9cc299e0a69a,e12f9d0d-964a-bef7-2de2-821de2c0ee67
28dcdd18-b164-440e-bf9f-86f43874a2b4,
4d1ee610-a0d1-4090-84d0-43cd449d29e5,d32f44ab-a71f-6ac1-0fe5-924e496f3cf0
228800d6-718b-4af4-ae58-282cbe8b26ec,d32f44ab-a71f-6ac1-0fe5-924e496f3cf0
c88bbed2-f0b1-4095-b31c-86f3fc46c56d,d32f44ab-a71f-6ac1-0fe5-924e496f3cf0
ec419de3-da9e-4131-90ce-947aed321300,d32f44ab-a71f-6ac1-0fe5-924e496f3cf0
a6c511a6-9072-455a-b142-c8cb2b6f9103,d32f44ab-a71f-6ac1-0fe5-924e496f3cf0
3eb70b4f-3695-4570-bd8a-42f8f833810f,d32f44ab-a71f-6ac1-0fe5-924e496f3cf0
449f5fcc-9c7e-4149-b487-f741b8a86db6,4ff5c060-7190-5ed5-9fc3-e20b39d44487
9b018bef-1175-4ff6-aa83-7f74c5ceadd5,66a100f9-cab3-54d2-e76c-c0c7a8443ebc
99b16adc-8bf1-47ce-811c-fee7165a5cdc,66a100f9-cab3-54d2-e76c-c0c7a8443ebc
2b504755-2be9-4083-aa95-949a67e438a3,66a100f9-cab3-54d2-e76c-c0c7a8443ebc
717d0888-7f4e-4d5b-bc1f-aaed5581a8a0,e12f9d0d-964a-bef7-2de2-821de2c0ee67
fe251e36-b868-4bc9-9fb8-3bc3421e715b,e68039bf-7724-8fc8-6ba7-769cff541d00
f78f1ba2-1d01-41c2-a14d-4d3e55ed392c,e68039bf-7724-8fc8-6ba7-769cff541d00
eb702462-ed97-427a-8c6d-934c5c4aec00,e68039bf-7724-8fc8-6ba7-769cff541d00
429285d2-ab2d-4fa7-a792-b5e15dfc3090,b602ee7b-a65a-351e-6b5b-c76c65c1b837
bf9b5f73-37b9-4fb7-b52d-910d26bbc7df,b602ee7b-a65a-351e-6b5b-c76c65c1b837
5b01700e-36e1-4613-ad97-20f45e2a1701,b602ee7b-a65a-351e-6b5b-c76c65c1b837
3f32188b-f9ef-4507-be9e-8fffbb0ff265,df98194e-e7cd-e626-784d-526e004dcda5
8d98d94e-e43a-4423-be5c-e3f44b1f7ced,df98194e-e7cd-e626-784d-526e004dcda5
cc003325-3256-40d4-8a7e-2a3191e7dc5e,df98194e-e7cd-e626-784d-526e004dcda5
2d929947-6315-4014-8644-9d6a3c09cabd,df98194e-e7cd-e626-784d-526e004dcda5
129bd468-9bba-43f0-9bb1-8290400eba4c,df98194e-e7cd-e626-784d-526e004dcda5
b4893980-5004-43dc-884b-f4f0b8483364,df98194e-e7cd-e626-784d-526e004dcda5
88a8d39e-f838-4db0-903b-b0683b9d64ba,76a93197-3788-2a6f-5256-0e1e0c76e58b
a735cebc-099d-4870-9a08-68b5bbf547ea,76a93197-3788-2a6f-5256-0e1e0c76e58b
146dd6ce-869d-48bd-a672-3e61946b6b52,4bc0d183-966b-89e2-d971-da66770b61d7
7b9ea0fa-0ea9-481a-a72e-974475c4bce6,82af53a5-ad1d-c00c-b038-c133292731c5
dba59da1-097f-4810-9b5f-f96326325924,cd9aa752-4538-c53d-1d8b-0e7188bcd31d
b4878dd7-d500-41b7-8efa-c921c2584b83,d2d315e1-5f49-3915-5fac-7bc4e431b995
3e84a391-b334-4521-be9d-4aafa71bf8e6,82af53a5-ad1d-c00c-b038-c133292731c5
c95ac25e-cc21-44e3-927f-97d755bde206,82af53a5-ad1d-c00c-b038-c133292731c5
a07de6b0-48e1-4f86-a6e0-3f67164d5158,76a93197-3788-2a6f-5256-0e1e0c76e58b
5535de94-4357-4ea0-9410-828ee7385649,76a93197-3788-2a6f-5256-0e1e0c76e58b
cd7a8b3f-7ff7-4320-95ca-968c4087fdc9,76a93197-3788-2a6f-5256-0e1e0c76e58b
7097a5e6-c857-4b34-9270-5338eb96f445,76a93197-3788-2a6f-5256-0e1e0c76e58b
d4e50c21-f5a2-44bd-8c03-31724d40a7aa,76a93197-3788-2a6f-5256-0e1e0c76e58b
1b3b76ac-cdc7-4235-aa3f-c190f590cd4c,c888fab4-15b4-4d71-a464-0773eadab0c7
5e5b4855-3c2f-47dd-b006-d0a7e64bcbc7,64e47a7d-9789-6447-d34e-783f940b6487
4af09f38-d8e0-472b-b25f-6c4cdf3a4870,64e47a7d-9789-6447-d34e-783f940b6487
8406ee53-bde4-4fb7-9909-efbbc8b62d48,64e47a7d-9789-6447-d34e-783f940b6487
80899572-2c29-4f53-a407-3ebe8c2c05f9,dd1679d4-f77e-bfb4-bc50-316aec851a1d
c5bea52b-7d04-45e9-bb1b-a545402399bb,dd1679d4-f77e-bfb4-bc50-316aec851a1d
64bb3b81-de0f-46cb-9f4b-36d749eaf2d8,dd1679d4-f77e-bfb4-bc50-316aec851a1d
ab1a5ef4-0df6-43b9-beb5-c9ad5b111451,dd1679d4-f77e-bfb4-bc50-316aec851a1d
660e4f1c-a7e9-4273-934b-3e5d3fc2e6b9,dd1679d4-f77e-bfb4-bc50-316aec851a1d
9ce1a2c8-ee63-4559-b55b-d405510fcebb,dd1679d4-f77e-bfb4-bc50-316aec851a1d
a3d2326a-1ccf-4b8e-8d5f-f3ee7f42b62e,dd1679d4-f77e-bfb4-bc50-316aec851a1d
81229a17-2cd7-443c-9fa3-07960019fcb3,dd1679d4-f77e-bfb4-bc50-316aec851a1d
13c3403e-ca28-480b-a2c9-814fa6569197,dd1679d4-f77e-bfb4-bc50-316aec851a1d
538db0ad-93b9-4c5b-8a29-1c6f30cc9dab,dd1679d4-f77e-bfb4-bc50-316aec851a1d
675701f9-54a9-4001-a93b-64dfc887a2d9,64e47a7d-9789-6447-d34e-783f940b6487
8b6313e0-1666-4870-bdb2-3981b82132a1,816eec34-9c21-beb9-0558-fe86a1bfa922
1dec0f42-0e92-421d-aad5-0ee88660575d,64e47a7d-9789-6447-d34e-783f940b6487
f641574b-f864-4421-9a07-0109be282b88,64e47a7d-9789-6447-d34e-783f940b6487
6969a98c-6e92-4c9b-afcb-06d0d231de62,64e47a7d-9789-6447-d34e-783f940b6487
35d8df5b-6f24-488c-acba-fb8d4cf56358,e7c20a85-adb2-dd41-c63d-6300ba3b6ae3
0ddc811b-2dec-4da6-b4f3-68728ccfc0c2,fc6d7595-9549-f8a3-93d3-ba3216a30d79
4176e38f-8f0e-4f15-a2c1-b39dcefc0b52,fc6d7595-9549-f8a3-93d3-ba3216a30d79
a69994d3-e444-44f4-822c-e4a54048ed88,fc6d7595-9549-f8a3-93d3-ba3216a30d79
a0884153-ac1d-4df9-9b6c-e19b34a10695,7ea7fda0-8ede-f395-499f-1d97b93efbc6
f4801cd4-ce65-46b5-a81e-2bfd08af8f25,7ea7fda0-8ede-f395-499f-1d97b93efbc6
0fb18dee-d726-4960-b638-a88784bb991d,7ea7fda0-8ede-f395-499f-1d97b93efbc6
bff57e67-5003-478f-a07a-d3a5c53b501d,66f13a78-6ab4-89c7-6153-0012dd17839b
1f42b863-8970-4549-9ae4-a652528b8ee3,71e7421c-383f-41c2-8f71-bcebaf75e8a0
aaeb32a4-a848-4010-beb5-6a9486d38ac6,
454923b2-7799-4ee7-ba4d-0f5f16d9760f,6aaebd27-569a-f1c2-b57c-0ae0e8e9692b
2838fc71-ec2a-4781-b5ac-6fe3b753c1dd,6aaebd27-569a-f1c2-b57c-0ae0e8e9692b
a3d63634-5a63-46a9-8b0f-1cc50c8c5d42,6aaebd27-569a-f1c2-b57c-0ae0e8e9692b
d60f97b0-8d97-4085-97af-81d6d4f68669,6aaebd27-569a-f1c2-b57c-0ae0e8e9692b
947dc447-8582-4bf9-bcdd-eea98697fd43,6aaebd27-569a-f1c2-b57c-0ae0e8e9692b
f4486800-9824-4856-a00a-95eaa6f29da4,6aaebd27-569a-f1c2-b57c-0ae0e8e9692b
634b7286-0425-4e55-8c88-ed6206812ab2,128bc0e7-4087-5b36-29e2-f9d337b35a64
6620b1ba-c722-4200-b852-3ac406455012,a529c393-5e35-086b-2cda-b11baa927114
2e4b0eec-e1cb-45d1-a93d-3e147555d099,6ed23078-5971-a432-1ccf-fdab72ca0d21
59dda719-cb5e-487f-b5ac-48dd2aa7772a,a529c393-5e35-086b-2cda-b11baa927114
14adaba1-e1be-46a2-9539-a8d8a0fab442,6aaebd27-569a-f1c2-b57c-0ae0e8e9692b
59984f8e-1baf-4592-a29c-75fa6f45deec,a529c393-5e35-086b-2cda-b11baa927114
cde09b7f-b700-4854-aaf3-725c781a2ce1,a529c393-5e35-086b-2cda-b11baa927114
0fa216bb-9bfa-4f6a-b82e-c80297c1aab1,ec75f12e-35d5-3811-2706-88b99462cc98
1518b51b-897d-4312-b160-d7a9b43ee017,ec75f12e-35d5-3811-2706-88b99462cc98
481c6d5a-768f-4c2a-ab45-cf95ba167d74,ec75f12e-35d5-3811-2706-88b99462cc98
0de33d37-8c1b-4979-9d8c-891a3983bf22,ec75f12e-35d5-3811-2706-88b99462cc98
2dd3563d-d3ad-425b-8216-2747877e9865,ec75f12e-35d5-3811-2706-88b99462cc98
60faf594-c74c-4a73-9798-2b37dbeabd3e,ec75f12e-35d5-3811-2706-88b99462cc98
8f795e88-fead-42c6-aeeb-e877b286ceaa,ec75f12e-35d5-3811-2706-88b99462cc98
8115c6cf-55e0-4e23-a738-8e0dadd011ce,ec75f12e-35d5-3811-2706-88b99462cc98
c2c6c9e1-6ea8-44f8-aa7e-8705bdfb53d4,ec75f12e-35d5-3811-2706-88b99462cc98
6fb6a5b5-7c7b-41f1-9fb8-7729cdf6e498,ec75f12e-35d5-3811-2706-88b99462cc98
bfaf1569-19a6-4ab0-8ba7-a6e3e134eb18,ec75f12e-35d5-3811-2706-88b99462cc98
ae82c05b-946f-41c0-b5b3-88bda480a57c,ec75f12e-35d5-3811-2706-88b99462cc98
215512e4-1f06-4d97-a6e3-7bce13fc7a48,a529c393-5e35-086b-2cda-b11baa927114
e4590b1d-d19d-4312-9989-e47895221ef7,1d707a45-e1a4-d06a-0c74-284bdffe017e
fa119433-c5de-4040-8b32-733278caefa7,1d707a45-e1a4-d06a-0c74-284bdffe017e
5cc86edd-9ace-4b70-a0c4-f7e54f74c37a,b3ed8116-a13b-f40b-eff6-cfb48e0033cb
199537dc-97f6-4a54-acf8-964827afa1f3,0e0341d8-1871-adaa-fba5-83f880370169
fc7c0fa2-40f5-4d09-976b-b0258cdf9053,0e0341d8-1871-adaa-fba5-83f880370169
d992c4df-3f17-4a34-b747-af927c3cf934,7871ac59-07e6-c631-5ec3-80231c99131a
81bf94c7-ccf2-4859-b6b9-a134dba281a1,accc5478-e4dd-05df-3f73-7821a6bd86d6
1ec852e0-7d12-4f79-86d0-89a395b76964,0bd3fbfa-4c3f-943d-7d72-96878e5ee9f6
96f389f9-cea5-4f4d-920c-2f6f1aa81f86,0f3a8280-4392-3813-5059-2342a20fabb5
c0b57cc5-2424-442f-b0c5-d081fa028083,a60a2024-d384-06e1-be40-98aea3271f1b
937c8030-28fe-4fd1-aa92-b490471fe973,d0776d8d-cf4b-852e-36ed-7fa91f7450dc
f42a9746-15ef-42e4-bd8a-6bd23382e2a2,d0776d8d-cf4b-852e-36ed-7fa91f7450dc
77792e0f-d637-4222-abfc-e67bcd028617,05a4be6e-8b1d-b4ed-d217-afe0849c5807
b3810138-a234-424d-8ae6-24c7840bf5b4,05a4be6e-8b1d-b4ed-d217-afe0849c5807
1b0e34ae-93a9-40ee-b32a-9a196ac4559f,05a4be6e-8b1d-b4ed-d217-afe0849c5807
f5b8410a-d7a2-49d5-bf94-647e2f720f86,05a4be6e-8b1d-b4ed-d217-afe0849c5807
fd60b453-f552-490b-a2d8-15070bb02c64,6c73700f-cd41-7ff2-267b-56d29312cf05
4a8970c1-7fb3-4102-83cd-de12e7b56377,2cedbe5c-5199-e331-7dee-9bf5bccdf91f
118ba120-4e4d-4c3a-ba94-7b51c49ba602,9bfbe310-3827-f09c-2e03-b46072c206e2
adca30d9-a93a-4ec6-be16-930d2d1581ba,e7fc70d9-9d44-d75b-c37e-03567b1f65d5
7eef565e-6e53-4f80-853b-7904b2b105b9,e7fc70d9-9d44-d75b-c37e-03567b1f65d5
ffc54cf7-1787-4c01-bc7e-5f63725f7819,e7fc70d9-9d44-d75b-c37e-03567b1f65d5
3a07aaea-316c-4343-9d87-718cbe2a7541,5b2eb770-624c-c052-bb9c-0a8ba5ea64d3
f39c2f69-81c7-4f31-b508-a1ecb3f4a618,7cfa92a1-a8a3-6858-9052-553428530cf7
5a4a9bc4-a670-4b74-ac49-1b312e3a669d,7cfa92a1-a8a3-6858-9052-553428530cf7
83009514-a594-4e09-a89c-17d1dea56448,7cfa92a1-a8a3-6858-9052-553428530cf7
aa54c2cd-7251-4741-9bc6-033d1fc7dc33,f3f6f865-ee13-1988-1c1a-1e68f914244b
83e26faf-cc7e-4f57-ba70-0bfd5d13488d,8fb55b4a-b907-b615-82fc-e8d2b4d166e0
ca346f2b-db5b-4684-9e83-a7ac834dde7c,e855d7b5-e953-9abd-fae0-c6244a918062
cf9912c9-88cb-4ef5-ab08-0f63b598b177,e855d7b5-e953-9abd-fae0-c6244a918062
0ae557b2-d13e-43f3-b900-b9e19588da41,a5bb6df6-a560-86b3-0520-459b91a39816
1f3f3526-29a0-40fd-a892-285fe7e8a1f9,a5bb6df6-a560-86b3-0520-459b91a39816
6f1ee3da-8d2d-450a-9000-a6605aa1a57a,aeed68ae-65b3-cc99-477b-f898873f8338
a70b9f35-afa8-413e-bdd8-783b6079ccf4,10922973-d5f9-cbe3-10b3-b1504aeb1fbd
44357ba7-9c42-467a-98ce-a7799f9c71f4,aeed68ae-65b3-cc99-477b-f898873f8338
1cd4b41f-b743-45de-9c77-89f927f9cfa6,aeed68ae-65b3-cc99-477b-f898873f8338
72c0bc05-726a-47b5-a0f8-3b9d1bbb876b,aeed68ae-65b3-cc99-477b-f898873f8338
7fe3f38f-6727-46ac-a6ee-9f884bffc423,a5bb6df6-a560-86b3-0520-459b91a39816
bafe2cb7-7051-405e-90ae-6cb5edaf2fdc,aeed68ae-65b3-cc99-477b-f898873f8338
738818bc-058f-4cf1-b2f1-1853eede8b06,a5bb6df6-a560-86b3-0520-459b91a39816
f5eb1316-b30d-46cc-a56c-fa70aac3b845,9a9d0190-3560-0faa-8a09-2d84019bc642
376a53d8-f1df-4d83-82bf-68ef98e21f48,4bcadfa8-a7ee-ec53-6983-8596dbed22d8
197cb4c8-3fd0-4b1f-b399-7aa6d5b0a381,4bcadfa8-a7ee-ec53-6983-8596dbed22d8
97b32139-3fc4-40cd-b0a1-17edea839eb5,f1285b51-a078-b47c-d921-5622f4b2fd3c
01c00a26-6078-407a-b819-8c4cb6cc4f2e,f1285b51-a078-b47c-d921-5622f4b2fd3c
56a0ba64-6b09-4d66-bfda-8cb011f1e80b,4bcadfa8-a7ee-ec53-6983-8596dbed22d8
4b0e0f0b-6049-48b6-9a97-9540043f88fc,9ee224d3-de02-8e10-06e9-21e206a87ec9
230d5627-65c5-4592-9692-c2c3c6e4b66f,71e7421c-383f-41c2-8f71-bcebaf75e8a0
ba1927cd-de6d-4f67-8f60-f208d43b475c,b80c7938-1baa-4a86-26f7-ae273e6f5b8f
11d4ade1-0643-4d6b-aa95-a41c7fd96500,b80c7938-1baa-4a86-26f7-ae273e6f5b8f
5de0bfd6-c4b8-44ce-9f89-c7ba7eb6c2c2,b80c7938-1baa-4a86-26f7-ae273e6f5b8f
777c8218-14a3-4421-8f2d-2ea93cabc198,9209ab27-a24e-673f-fb11-f8cb56b397f2
8524ad1d-de0e-401c-9518-69677095c1e6,9209ab27-a24e-673f-fb11-f8cb56b397f2
7bbb4e9b-15fe-4b9e-9144-2062c2295073,9209ab27-a24e-673f-fb11-f8cb56b397f2
8126529d-7dc4-488c-af4d-43310770a3cd,aed0d5fd-51a5-14ea-d0cd-0c439a68fcfa
365a0107-6cb9-4a7b-abb0-7684eeb3fa28,aed0d5fd-51a5-14ea-d0cd-0c439a68fcfa
0ae51acb-cb35-4f30-b12d-229dca763a6d,aed0d5fd-51a5-14ea-d0cd-0c439a68fcfa
23458765-a93a-48e3-b15c-617957fd03a2,d9f5c962-5a07-3838-8ced-4ec3eb8fff58
42f59e8b-c0ec-4e54-8994-4a7ee23c5589,81adf9b7-f83c-f336-3dfd-0995958ab3e8
4ee69746-15c3-418d-add1-bea3031dbaf7,81adf9b7-f83c-f336-3dfd-0995958ab3e8
246afbc1-6eab-40c1-8efb-79ef31b04777,81adf9b7-f83c-f336-3dfd-0995958ab3e8
bfd53fd9-3aee-4f30-9b19-652b0c439681,d9f5c962-5a07-3838-8ced-4ec3eb8fff58
277c87de-3fb1-4f88-a3e6-f5c6f08dbaa9,d9f5c962-5a07-3838-8ced-4ec3eb8fff58
26220f80-4c4b-4ec9-ba70-9cb5cd61ed35,bf878e39-8fdc-cf5e-92be-50d6c26be036
484ec1d5-7d74-4560-8530-458019c7b299,bf878e39-8fdc-cf5e-92be-50d6c26be036
920df441-a398-4996-aa6e-fc97389f53cd,263c6dfa-7735-2945-c6f0-8399e5860ef2
c2d92346-2109-4ac8-b13c-5506c241e075,d8f3d3e8-6abb-6c23-d1b8-0637597f46da
4a97302f-8b88-4cee-a48a-d333af277748,d803043f-72b2-d197-784f-630310a21e9c
08557067-f40a-40e3-9fb9-875b904831ff,d803043f-72b2-d197-784f-630310a21e9c
d73b4a94-7560-422a-aba7-95b554ab9ec0,d8f3d3e8-6abb-6c23-d1b8-0637597f46da
0388b0b8-4a03-4d36-bb0d-623e2f7a4ca7,d8f3d3e8-6abb-6c23-d1b8-0637597f46da
dcd13be4-ca24-407e-9db4-7462c0d556df,9f7bb6fc-6b7a-2af1-5e2b-379064319baf
f4fbc45c-4457-4472-b3f3-9130b1f35bef,9f7bb6fc-6b7a-2af1-5e2b-379064319baf
fb023eb5-cb30-4b15-92fb-9893f5e56ff0,3eaf8da9-a22e-1724-6d22-a3e6eed0269d
e36da0b8-081e-41bc-9713-4fddeef7cb70,3eaf8da9-a22e-1724-6d22-a3e6eed0269d
5e178050-54b9-4286-9efa-d13bcf09ad78,71e7421c-383f-41c2-8f71-bcebaf75e8a0
42229a4f-0427-4bf0-8ded-f6aba94036c8,bdea84c5-5fee-cfd0-f81a-559d1a4fdc07
70c7b629-23c1-457d-ba18-a16f9d6f3e62,1aceb84c-ed92-4d90-42a9-8d24d88a1c9c
3bf9c1df-8a70-4cda-922c-4c75436b61cf,bdea84c5-5fee-cfd0-f81a-559d1a4fdc07
ba714f7c-2bf1-40ae-96c2-f341ca9e2459,fbdb1181-eb35-3296-c6be-f3d5288f3763
452b8e18-5047-44b9-bc40-5f527eb10138,fbdb1181-eb35-3296-c6be-f3d5288f3763
73fce143-9b71-44d0-9a1a-6eb2ae5a1bf4,97a1640a-d323-4f38-bd1a-7e47785f329f
17dfbb74-0e95-4c3a-9728-736539f6bf4b,61e74155-6c83-4592-c8a6-27c1c3dea5f3
f5b47081-e697-4e87-858e-e9d384acddc8,793eafdf-874b-17da-3ab8-b73278788bcd
c9ca3a17-d485-46cd-acdc-41cdfc32b395,793eafdf-874b-17da-3ab8-b73278788bcd
3bb5752c-db2f-495e-82b8-5c847bb69526,7f61c543-23df-32de-f00c-589d5141b9dc
f2e99849-a9e7-4916-a66a-42b8a8436851,a9bcf6de-3d00-cee1-178a-b7893ee288db
ef5d06d0-70f4-4d22-9fca-5068b036db5c,61e74155-6c83-4592-c8a6-27c1c3dea5f3
62a4b011-38e6-459c-a76f-55f688adad81,0c07f21c-8214-6757-a585-0e3ca459b543
35ea324c-8435-417e-87e7-472cb114bc31,61e74155-6c83-4592-c8a6-27c1c3dea5f3
f8a9b40c-dd80-4204-8af8-f77f751c4589,97549bc5-0044-19ee-6841-10e73f90950f
2cdd7bc4-c289-487d-bf92-09bb9add2f9b,6a7e7820-3f44-a460-a732-b94b8de92b72
8978d9e4-db0d-431e-b30a-6fcf57f5df4d,fdd612fd-c56a-cdd2-6e37-278ce466bafb
ae9fa96f-26a0-4cd8-82d6-1db538153315,fdd612fd-c56a-cdd2-6e37-278ce466bafb
da316322-e7c5-4a93-8c64-1740d71fe5a0,fdd612fd-c56a-cdd2-6e37-278ce466bafb
e4cd6d55-fbad-46a9-877c-c5ed5333f987,fdd612fd-c56a-cdd2-6e37-278ce466bafb
1ff23958-1584-4273-86a9-69e8b547e36b,fdd612fd-c56a-cdd2-6e37-278ce466bafb
3f5a2de3-54e5-4c50-8113-b523eee93f28,fdd612fd-c56a-cdd2-6e37-278ce466bafb
d46e90b3-4ff7-47d1-99ec-a727727cc297,fdd612fd-c56a-cdd2-6e37-278ce466bafb
fd296a2a-4c84-4fe1-852f-f1c10ff2fa7e,fdd612fd-c56a-cdd2-6e37-278ce466bafb
c1eda849-e18b-41c8-9048-b02ee6ff064b,fdd612fd-c56a-cdd2-6e37-278ce466bafb
bc94fae1-e2ba-4b2d-9e5f-9909c9185ad7,fdd612fd-c56a-cdd2-6e37-278ce466bafb
95a489c6-b62c-44d2-9e70-eb8adb76b1fc,fdd612fd-c56a-cdd2-6e37-278ce466bafb
a143213a-e6e6-4738-b8f5-98bdad009bb5,fdd612fd-c56a-cdd2-6e37-278ce466bafb
158669c5-555f-43cb-b654-33cb2791cb00,
b9bdffbc-891c-48de-8f09-20557d4c5a60,fdd612fd-c56a-cdd2-6e37-278ce466bafb
9b5a58dd-3818-4963-b79c-96c646f7b416,fdd612fd-c56a-cdd2-6e37-278ce466bafb
6318e82b-dfda-4e67-b67a-b9b68943c860,e96dea18-150c-5f19-348e-0f80121cdf0e
4546335d-aec8-4c65-b2d8-f1f3aed3f95e,58db00f6-9bc5-a2d9-a76a-3b2233622e6f
2e0c5af7-e2e5-4616-a670-7ad30f53e3aa,58db00f6-9bc5-a2d9-a76a-3b2233622e6f
9373247d-905f-419e-b649-6d821f37962c,58db00f6-9bc5-a2d9-a76a-3b2233622e6f
0add76d9-3405-405a-90b1-30db8361654a,58db00f6-9bc5-a2d9-a76a-3b2233622e6f
24faafbb-036b-4be6-8dde-77e38fae9bc1,0f068f38-9fe4-16ee-cfbe-065db04e7fae
53f55602-4e90-44f1-b80d-4e7e7154e9fd,0f068f38-9fe4-16ee-cfbe-065db04e7fae
3486d346-90a7-4834-9b16-168c04a32ff2,58db00f6-9bc5-a2d9-a76a-3b2233622e6f
646df788-2564-46a4-9a3f-16cc6fbbd34d,76f0eef0-7c5c-e3ab-271a-3b4aa13c2304
6544c2f9-4950-4d29-89cd-5dfeb68141b1,76f0eef0-7c5c-e3ab-271a-3b4aa13c2304
c63a6113-ae0f-4038-a03a-2c006c8a968e,76f0eef0-7c5c-e3ab-271a-3b4aa13c2304
53fc067d-0c3b-470e-a5e5-65fa2c2fc178,76f0eef0-7c5c-e3ab-271a-3b4aa13c2304
03dbe0db-b7d8-48d4-b216-f4ed7721478e,76f0eef0-7c5c-e3ab-271a-3b4aa13c2304
f9c21288-16ef-41a6-a02f-b84c7074a81c,76f0eef0-7c5c-e3ab-271a-3b4aa13c2304
a8b20983-606c-4ef9-8b25-75ee2ff096a4,76f0eef0-7c5c-e3ab-271a-3b4aa13c2304
e99e8b16-9c56-47f7-9cdf-012317566ba8,76f0eef0-7c5c-e3ab-271a-3b4aa13c2304
47293ca6-e7e2-4333-9f5d-7c1b73d44883,76f0eef0-7c5c-e3ab-271a-3b4aa13c2304
02a7daab-d540-4b73-9ee8-8b0e220c61ea,76f0eef0-7c5c-e3ab-271a-3b4aa13c2304
f20d26b3-f6c4-491d-8d97-dcec5fc1d057,76f0eef0-7c5c-e3ab-271a-3b4aa13c2304
6a9e3eba-d747-476a-854b-879e40a86c02,76f0eef0-7c5c-e3ab-271a-3b4aa13c2304
f3fb4798-c323-4699-9afa-fe320f82b414,76f0eef0-7c5c-e3ab-271a-3b4aa13c2304
7c37a8b7-dcf4-4adc-bb39-88d1585cdc1e,76f0eef0-7c5c-e3ab-271a-3b4aa13c2304
74d4a019-52dc-4fcd-bb87-6f4a3cab374e,76f0eef0-7c5c-e3ab-271a-3b4aa13c2304
b743dac5-619c-4e8d-a1f7-62a94826b203,76f0eef0-7c5c-e3ab-271a-3b4aa13c2304
b7f1214a-7692-47a4-86fa-feb010cfd78b,76f0eef0-7c5c-e3ab-271a-3b4aa13c2304
086b39b7-6ead-405b-bd92-68d8b7cfa6c5,76f0eef0-7c5c-e3ab-271a-3b4aa13c2304
72448552-546d-4e08-b20c-53391c353519,76f0eef0-7c5c-e3ab-271a-3b4aa13c2304
0ec795e3-f2e6-478f-89c7-ea10320dbacc,76f0eef0-7c5c-e3ab-271a-3b4aa13c2304
c83a66f6-2542-416c-90e4-dbaf5a7ac81a,76f0eef0-7c5c-e3ab-271a-3b4aa13c2304
04a4f89c-8fcf-47c1-9e16-779e166acddf,e6c9a957-0d13-4976-f683-821d401d5368
79e1ed7f-891b-4986-8989-5e29cafc9b29,e6c9a957-0d13-4976-f683-821d401d5368
16146693-6ac2-499b-8ba8-8dc41bcd7eb5,e6c9a957-0d13-4976-f683-821d401d5368
4d6df05f-02d3-4d81-b6fa-e975a4d005a5,5def76b6-a82e-5465-70c0-fa10b87eedcb
1eb0c83a-fac2-49f2-a0da-4f1ac384ae95,97c74a8f-ba80-1463-9b5a-1cb8b00b5e55
2376059c-d0dd-4fc2-a6a4-8c09e011e6a6,97c74a8f-ba80-1463-9b5a-1cb8b00b5e55
401e056a-bcaf-42ed-89d0-8f224c86efc3,2824d7bd-e006-4ad6-ba65-01c79540c8de
0af38d0d-3628-4437-9a71-2d165bab6ae7,70376dbc-7879-3da9-0feb-6e07f7f9da2f
084a73e0-0144-4cf7-9841-082c9e7c81cf,7233d13c-5109-9431-b159-538bd0756604
3fb4c9fb-12e7-47d0-b691-7df8d4f7a359,10dbece7-5fe4-9211-f437-315a044ce800
c82363cc-1669-4e84-9207-d76ad6b920bf,2824d7bd-e006-4ad6-ba65-01c79540c8de
5216e32e-48b3-4180-8bc2-1979d26ca96f,5def76b6-a82e-5465-70c0-fa10b87eedcb
bbb5368c-49e2-4535-8632-6bd16e7be884,92327d44-aab0-0a34-5506-927951df82eb
21884ce1-3d70-4401-86b4-f76e1ebe57fa,10dbece7-5fe4-9211-f437-315a044ce800
1078d064-9dca-4c74-85ac-ca7c5cad7c7a,92327d44-aab0-0a34-5506-927951df82eb
685b9294-414a-4a78-9d56-bc4c1604603d,92327d44-aab0-0a34-5506-927951df82eb
04df4a87-cce1-457c-b8b6-f7ba0e6482e8,92327d44-aab0-0a34-5506-927951df82eb
d2417177-2012-4d07-834a-5dea112d4fa9,2824d7bd-e006-4ad6-ba65-01c79540c8de
2d095950-9636-4b60-ab70-a62e4c9ce72f,37e8bec4-8e23-f287-1d73-94baceb84e11
2d77ba82-7755-471b-ba2b-f831bb93b147,37e8bec4-8e23-f287-1d73-94baceb84e11
76c69502-9eda-4fd7-a958-242af6eed96f,37e8bec4-8e23-f287-1d73-94baceb84e11
7227e7d6-1429-4328-8d54-c97ac5122e98,92327d44-aab0-0a34-5506-927951df82eb
a3eb79f7-97ab-4231-bd72-f1d7daf971bd,f7803a58-b755-bb34-bc74-00c4952524ff
8a813f79-b29f-43ce-9845-1bd7787bd176,1ed3823c-4b5f-ad4d-e09d-4bfa049c92d2
ab224a22-7c01-4e6f-8aa2-eaa392a7878d,3b0d2584-925f-48e2-ca08-ca396b9b326d
ce6407de-70cc-4378-8c46-395f9885d78c,3b0d2584-925f-48e2-ca08-ca396b9b326d
f6756c34-21ea-441f-8728-f723406afbcc,3b0d2584-925f-48e2-ca08-ca396b9b326d
b782a820-02b4-4332-9de4-559f371704c8,64a974f2-2b2e-996f-3898-d25857e72ded
1fbc5ded-5b31-415d-92aa-37deb86cacc3,64a974f2-2b2e-996f-3898-d25857e72ded
27c1c600-d601-44c9-aed7-e1b2f1fa4bfd,e1bb700c-94d4-6b55-53b5-a90001a0c81e
55bebce6-b7d5-41be-9fdb-c41522a335fc,e1bb700c-94d4-6b55-53b5-a90001a0c81e
bef091d5-56e3-48a4-9058-22ba31185c87,74d2583a-2277-6f67-4d0d-6b13fc15676d
dd783fba-0a28-4fad-9ea0-d4f5e4c1ef2d,74d2583a-2277-6f67-4d0d-6b13fc15676d
c36c014b-a415-4dc3-811a-ebfa465755f3,0c048825-7f3b-d77c-ecf2-909853474a52
d9d48bc5-70e3-4c3e-9e6b-dd887f6f1f1f,7dd5daf3-2287-f81a-a3d7-72cecbb7bd1c
e44fe80d-3684-4920-9358-f6a7a40447e0,79aad260-5b5f-4fb4-d607-06bb038f9987
f8c8976a-6d8a-4fba-8003-fa987f7fa851,79aad260-5b5f-4fb4-d607-06bb038f9987
839d8f44-481b-4513-aaae-cfdc63d1a878,e2677976-7452-82fd-4329-4418e4b2f192
dbe447b1-a21d-44c0-8073-8e2dfce35d8d,10edf588-034f-f810-7156-a127ccd8fe11
80b893f2-2055-4927-8d15-ad54b096f545,0258bae1-9d98-bd3f-ab05-965c7a9a4ca7
ef1bf49c-7038-4d4a-82d2-77db61605160,9d9f87e3-28b8-4a71-bae9-053640b6d8dc
38ea89b1-bbf3-4f85-870d-c7620fc793e7,515461c7-401d-7e7f-1510-e93defc746cd
94bc0644-4b44-45ea-b5f2-c8aa87d72d00,9d9f87e3-28b8-4a71-bae9-053640b6d8dc
898e9d35-b256-47fa-a4b7-ea0822da9e69,9d9f87e3-28b8-4a71-bae9-053640b6d8dc
40cef149-187b-466e-b97a-f610c5e07c5f,9d9f87e3-28b8-4a71-bae9-053640b6d8dc
ae111a17-ea24-4f73-80fc-984d6367e851,fcd0ba90-a4e6-d6a1-dc69-907f0527da0c
dd66440b-a327-4e34-a6e4-86b622ff0169,fcd0ba90-a4e6-d6a1-dc69-907f0527da0c
fccfcaad-e2af-4d15-9cd2-d8cbb9c5e7f9,fcd0ba90-a4e6-d6a1-dc69-907f0527da0c
af534f4f-144f-475d-b6d4-20b7bc19728b,c9f31667-4f9d-4a70-f40e-b2ace130d68d
93783527-45b4-4d27-97b7-87825f54b6d4,fbbc621e-47b8-6d6e-8b0a-48578b2cf1a3
cd8b958b-831a-49a7-ae49-e2670cbad6b5,0277983a-bd66-c214-99a3-1d3ebbbb44ed
c42a748e-1013-4c04-9d3b-9f4636aec768,537932fd-1438-d42b-bc8d-ba38f0889f0b
e4eedb24-5c2f-43f7-b835-eafc987fdf56,4bc0d183-966b-89e2-d971-da66770b61d7
8d6b1d41-b27e-4353-a33b-aea0b541efbc,4bc0d183-966b-89e2-d971-da66770b61d7
e137262b-3756-4e97-ac30-c5827557e8a7,4bc0d183-966b-89e2-d971-da66770b61d7
2112d710-fc5e-478b-9bc5-5087488e7e9c,4bc0d183-966b-89e2-d971-da66770b61d7
222abe7c-5c4f-4329-b1c2-55dccd296b6a,d1f03d30-5189-9430-d240-804ed70861f5
a32e5ec9-47ab-4cf7-8d4d-fa0b6b7b89b6,b43ff146-baf0-422e-5939-dac98e7b7697
c3b31d4c-e45d-4079-9fcf-240b5d10a773,4005ba59-ff24-7db6-0de0-a1113873cb8f
116d2c22-f5e8-4e3b-af8a-5be88fee5db4,9dca73a3-1847-b4d7-bcf2-394b80f7fdd7
bfcee44c-99bf-4bb9-bed7-2ed8a3af4fc8,5400f6c7-1e56-a54a-51f1-d8c573dce3a2
7d9a8a20-7a7d-4587-981e-1843a0a1b4dc,5400f6c7-1e56-a54a-51f1-d8c573dce3a2
01747c41-21eb-4eb7-9fe2-9f3b34d55b74,6ee5744d-4f84-501b-f696-704055e5879e
1a2dd14d-0bc1-48bd-b748-698ce90864ea,6ee5744d-4f84-501b-f696-704055e5879e
24854ba9-0870-43e1-bfff-28b7b6af15fa,6ee5744d-4f84-501b-f696-704055e5879e
9c4c80e7-3ad4-4027-b756-2fd174379581,355186a2-029c-1c83-2b61-fe1da5bd4578
8705f6c5-b127-4865-a3f8-9b358f089dfa,355186a2-029c-1c83-2b61-fe1da5bd4578
f0d09092-ecab-4111-809d-627e34170a17,7201b0b1-cdca-ebab-4a50-606d16cdf5e1
7264069c-abf5-4040-80a0-6f4339bc4baf,7201b0b1-cdca-ebab-4a50-606d16cdf5e1
008b0fb2-311c-42a2-b934-b2a3bb55f7cb,c761ff15-4081-07e1-66c2-1fbfcae625d6
4a54d961-29b7-4ac8-9d05-ee7012c04f15,c761ff15-4081-07e1-66c2-1fbfcae625d6
20e11e0e-8c29-47ad-a83d-0240adaeee99,c761ff15-4081-07e1-66c2-1fbfcae625d6
43891a04-263e-4e22-88de-5f13a685e5c1,c761ff15-4081-07e1-66c2-1fbfcae625d6
d06891e2-ed55-4468-9cbd-51938b52bb35,c761ff15-4081-07e1-66c2-1fbfcae625d6
3a9cb204-0008-4360-9af2-bbae78d37247,c761ff15-4081-07e1-66c2-1fbfcae625d6
d6422acd-9fc1-48f8-9cec-ea176454cb56,d5a0ba36-7f25-4b17-c6c6-3d67595d8b72
4351ab60-52bf-4bc8-a516-e3d73544dd30,d5a0ba36-7f25-4b17-c6c6-3d67595d8b72
2ae8b15d-a6c1-4a30-8e46-1b3c8a6ad1d0,d5a0ba36-7f25-4b17-c6c6-3d67595d8b72
cdb37ea7-d3c0-4eea-83d8-34d637b66a1c,57b315ae-cb31-0bc3-6b59-3d4337d7c7c9
c695bc46-f90a-45ab-96dc-506fe044e6ee,be270a1f-da08-a531-3ae1-c0c63950410b
d6dd0886-b2b0-4ba4-9231-7a2f1d878b3d,57b315ae-cb31-0bc3-6b59-3d4337d7c7c9
283ca328-0748-4504-9082-969cb2c07974,dbeb1234-46f3-cd2b-a707-57dc53d64188
6667234b-de52-4d15-8c96-f1f5ed006bf4,dbeb1234-46f3-cd2b-a707-57dc53d64188
e4c646e0-13f6-450b-a2eb-35138bdee0a5,d8408436-16d5-e136-1dc0-01f99b700040
681d9543-e0c2-4431-b657-533adcc0ceee,d8408436-16d5-e136-1dc0-01f99b700040
b40b3352-b687-45d6-9a80-f7d9b1d9179f,d8408436-16d5-e136-1dc0-01f99b700040
77668bcc-684a-4f0f-a99e-af80b6027453,74c4d26f-ae71-3bd9-bd3d-d7e1ea42af87
437ef089-d62c-4f6b-a475-ab3a8cc6be59,d8408436-16d5-e136-1dc0-01f99b700040
6e630b0d-ad3b-4e2e-87b5-b13230e22f17,dbeb1234-46f3-cd2b-a707-57dc53d64188
541b82ab-2050-46f6-b3ee-9260a40d62ea,527c3ebe-8736-fb55-3017-5bb68643ac72
6db0a08e-18e7-4f2b-a956-d0fe14db1bf0,d2474990-81ba-4726-29c5-817ec4880766
f3605e90-8104-4218-b3bb-3e928e0f93d1,abcb172a-73c9-14d4-b449-edc4ba056828
b7c9ede0-2dd7-4b7b-9b4d-3c3068038b48,abcb172a-73c9-14d4-b449-edc4ba056828
c261e09f-390f-483b-bb91-3ab54d38dd8e,d2474990-81ba-4726-29c5-817ec4880766
6d2d8f8e-6d9c-4252-bad5-5e9828a35d48,31470be0-0025-e1ec-58e2-855b4c9fde1b
37d24d1f-665d-444d-a1c8-d73afb1d529e,93a98402-3cf2-5ce8-f0e4-1c2aa368ac5b
9b418881-932f-41f5-9fd4-d8588ee35efd,28c530f0-ef11-65cf-ee84-99436f260678
e298ace3-5e53-45ec-b524-b517dd8acb13,28c530f0-ef11-65cf-ee84-99436f260678
195f4fc6-2539-4ff3-b0fa-cd9e80f4bc47,31470be0-0025-e1ec-58e2-855b4c9fde1b
a5d532f2-7a05-4447-b4ed-b2691401c01f,93a98402-3cf2-5ce8-f0e4-1c2aa368ac5b
d19a2d10-a515-4f0d-8bcc-2d256daa9d3b,3db47417-8110-6d41-f827-c269bbcddaf1
72e72976-a544-4492-8623-bc150f8a3f0c,e73f0357-0ebc-ca55-67ba-60f5151d851a
44b1341d-08a7-4a31-a4af-e8d2aeb5c89b,e73f0357-0ebc-ca55-67ba-60f5151d851a
7c5dbccb-97f4-482a-aedc-408e255953f9,757a7881-559e-7753-3415-5328d959109e
34d4ccab-3b38-4a52-8d69-ff2703c81904,57b315ae-cb31-0bc3-6b59-3d4337d7c7c9
d702170d-a0c9-47fb-b6c4-92b3d2b17f8e,86a12c24-356d-24b1-6507-1b9bbf91a2bd
b622a975-5191-436c-ad1b-23862e409c73,86a12c24-356d-24b1-6507-1b9bbf91a2bd
34ca1bed-f6fe-4114-964a-ad431f1eebd7,86a12c24-356d-24b1-6507-1b9bbf91a2bd
92e20d15-2e71-4a53-b99a-b25d93e12c2e,6f03cbba-5b18-f564-0b46-b99dc72376b1
7d079304-0f87-44bf-934f-75fc174d419b,84d96d5c-95f5-8a9d-5c18-44f08d7df483
78cdb94f-e684-4ffd-83c0-62af3bcd2829,84d96d5c-95f5-8a9d-5c18-44f08d7df483
27145c81-e865-433b-83e0-9a904281bd39,84d96d5c-95f5-8a9d-5c18-44f08d7df483
09416e47-493c-4bd3-a1b7-fcadd9072f78,16544f4c-e6cb-14ee-baf9-fde728572c22
3b83752d-7a2a-4fd8-8c9c-b55e8bf73aec,16544f4c-e6cb-14ee-baf9-fde728572c22
bd16fc3f-5aea-4176-ab7c-fe3b3dc7adca,16544f4c-e6cb-14ee-baf9-fde728572c22
7ef76f6d-7c3f-42d6-8fc5-04413abb5110,16544f4c-e6cb-14ee-baf9-fde728572c22
6b37bee8-c8a4-4ccd-aaa1-69ed3e157b5f,3abe2ed8-e4ef-631a-ac4b-348ad001c39d
41bf14b6-f895-4a2c-a4a0-cf7f9682b9f4,3abe2ed8-e4ef-631a-ac4b-348ad001c39d
6b282792-3988-46b6-b727-48308fe64574,3abe2ed8-e4ef-631a-ac4b-348ad001c39d
192b08d4-a81c-422a-b12a-84b44b07dd93,1fa7b090-eed6-8d5e-8eb0-96e2c4b5dac4
a93bb6b8-d1f6-44d5-95f4-779f60fa29e6,1fa7b090-eed6-8d5e-8eb0-96e2c4b5dac4
a2c996c1-8361-43a5-bd34-3322ee2ae680,1fa7b090-eed6-8d5e-8eb0-96e2c4b5dac4
cfcab322-fcb6-480c-9664-83c31aa2d212,1fa7b090-eed6-8d5e-8eb0-96e2c4b5dac4
56a0151d-5928-46c2-87fd-b6e8cd50c22d,c2ca1ea3-6fc3-67f4-8934-16a7bdcef657
648f3c46-a4ae-4dbe-8741-c1aa1985c291,7dfa2c6b-ccb9-80d2-3853-e89f670d85a5
34f8da87-f287-4d8c-b6b3-254149e43085,c2ca1ea3-6fc3-67f4-8934-16a7bdcef657
f247e9fd-f6e4-4e8b-ab1d-efda2e91420c,c2ca1ea3-6fc3-67f4-8934-16a7bdcef657
4daa7054-2924-45e1-8837-bea2f5635858,72597d77-83c4-8e62-8d16-81f61f84ba62
c17ad7bf-cc4d-4b9a-a95c-6346dfb5fb17,7dfa2c6b-ccb9-80d2-3853-e89f670d85a5
518f3310-bf82-4fe0-ae7e-1cfc1829f62a,7dfa2c6b-ccb9-80d2-3853-e89f670d85a5
63cf75b9-4d2d-4b12-8eeb-f9e1762c8c40,7dfa2c6b-ccb9-80d2-3853-e89f670d85a5
db38fff0-d140-4db0-b499-0cabd926b218,7dfa2c6b-ccb9-80d2-3853-e89f670d85a5
fa47077c-4d34-45f1-9464-dd2e00b8c6e2,7dfa2c6b-ccb9-80d2-3853-e89f670d85a5
cbdae390-4151-4e01-867a-e4fa0b877805,5ff149e2-5a1f-c546-5fbb-e8ee02dee519
12a28e07-0e63-4e6f-bf26-8fbd5f472292,da8549a6-6096-58ba-39fd-b1bc30f1135e
28245af6-7567-4a1c-99e0-635b08fb70e7,a99ac561-96c4-8995-9bea-9d26af2f62e3
036b3a99-e872-4ef1-86aa-2c5169e783f4,13f5f675-1d5c-e87e-6ebb-afcd8c9e883e
ce5ad804-32ea-4570-8ae8-2c3eeef15c81,25d70b8b-c027-0027-c8f7-ad9652148968
38cbf396-cd04-458f-aa90-090a879a9271,da8549a6-6096-58ba-39fd-b1bc30f1135e
57b1618b-ac27-491e-8d76-62b3a085b87c,da8549a6-6096-58ba-39fd-b1bc30f1135e
cfe6a7fc-d3b7-4d35-89f2-aa3bb9dfde8a,da8549a6-6096-58ba-39fd-b1bc30f1135e
1851483b-fe2a-41df-baec-1cf27d461440,da8549a6-6096-58ba-39fd-b1bc30f1135e
308c796f-df34-496b-bde8-01a83811a7c0,7004c2e1-a25c-6ae3-0c76-b19abf029375
eaaa6ab9-2dc5-439f-bf5f-14f6fb2a34c3,7004c2e1-a25c-6ae3-0c76-b19abf029375
8538cec7-cbf9-49c7-b564-3fd27b27ca74,143637da-4384-9a5c-a82b-4e687c10bbf5
cc2f64ee-b806-426c-a99f-5d27a4460532,2a1ca0da-ee89-c173-3fef-dde4d7627ca4
1a242d8b-1a30-4019-9f53-542c3e83c0a5,50ea5a75-446d-0ea5-4413-9ee8ad8251d8
4acd4b01-5ae1-4b25-85d9-c04ea56796db,076965cf-5e7f-8354-be49-ea3aa1ea11c3
e42615d5-df5e-4abd-9fdb-83dda1771788,623adf3f-56ec-2c4d-0e80-f8e199c314b0
2b7f2215-658f-4b5b-bad0-5d5b90e92fec,623adf3f-56ec-2c4d-0e80-f8e199c314b0
0ded46ef-e62f-42c2-bae0-0b5c321af596,71e7421c-383f-41c2-8f71-bcebaf75e8a0
13e74c98-b2e0-4a61-9544-c098a749c96a,66e2397d-696f-91dc-6ce3-076c9d61281b
5fe7c01b-11a6-497c-adcb-617918df8e35,66e2397d-696f-91dc-6ce3-076c9d61281b
f1f098d0-bc3b-436d-b2aa-81f3ddd84fcb,66e2397d-696f-91dc-6ce3-076c9d61281b
4c612cb7-47d4-432a-8a5f-a7e2a255d35e,66e2397d-696f-91dc-6ce3-076c9d61281b
619f0ea0-bfe9-4387-b890-fd56ae9671ab,36adc4e8-e095-7d01-5d48-f5b7335b047f
ec0bc1dd-c836-4a25-98d3-25bb7b5c39dd,076965cf-5e7f-8354-be49-ea3aa1ea11c3
ee4e5d24-8fc9-4383-926b-fe829c32db3c,177bc096-09c6-46e4-506a-bd39fb6755da
87e2887a-3599-4e43-92e9-3cab2af8854a,177bc096-09c6-46e4-506a-bd39fb6755da
9b826f17-77fc-4bcd-b376-c7446d6a5192,764276a8-ba12-2256-c255-1d14d000abba
a44a8ad3-f158-4973-8f90-8d5f7f478e7c,764276a8-ba12-2256-c255-1d14d000abba
03fa0b35-92ed-4568-825a-1f17fb4b3ee4,380551f3-9497-912d-ab07-0abbba81e868
7ea7c559-485b-4936-b4c0-57662399ee9c,303015a4-508c-9094-108d-5a499797e715
ecf873e1-51ab-409a-92d1-c77a796d3b3f,9ba9e6c9-c61b-1624-f303-a167a1a7e591
1cc9ee10-8023-4a0b-8fdc-9295f2b81e21,67c8fc24-67d9-957b-e702-949fa9eb04a3
cdfe31fe-7585-47e5-a56d-663b3424cf7d,9d6f64aa-589b-33c0-4225-96bef6904eb5
5c67f475-552e-4feb-9de8-22fc899f1a9f,71e7421c-383f-41c2-8f71-bcebaf75e8a0
63e2ae57-c4f3-415e-a52d-7d57aa9ab485,71e7421c-383f-41c2-8f71-bcebaf75e8a0
f8e4c77c-d84e-4765-bb27-6bbfdf6deea1,9d6f64aa-589b-33c0-4225-96bef6904eb5
fcd2ac66-6fcf-4a5e-b29d-a2f1fc5123b9,9d6f64aa-589b-33c0-4225-96bef6904eb5
75f6523f-84e4-44d7-aa25-f0158f96481c,71e7421c-383f-41c2-8f71-bcebaf75e8a0
93eb56c7-e310-452d-bc43-d099a81d82ee,71e7421c-383f-41c2-8f71-bcebaf75e8a0
21d1703d-ea19-454e-9cfa-2791d21873c8,67c8fc24-67d9-957b-e702-949fa9eb04a3
4ff1290f-f32e-4bd0-b65b-87c73eb133a9,691d6dd6-a15d-5a0d-1ce2-b7626dfd2b66
159497c8-316f-4f7a-9e17-a842756b48e6,11bdcf94-8fdf-c722-29d4-50a724adb0e4
2b116e6a-6365-49f0-902f-2a589a240cd6,17f41cc9-89ec-1f55-0acb-d67911c9df6e
c98e10a1-6c2e-43f9-ad3b-2d961a43fa15,17f41cc9-89ec-1f55-0acb-d67911c9df6e
5d3a4217-8f50-4121-8450-7e4bb627df31,17f41cc9-89ec-1f55-0acb-d67911c9df6e
ac65e735-1a56-4064-9e54-32a0c9f674fb,17f41cc9-89ec-1f55-0acb-d67911c9df6e
f6f19e9c-3352-426c-a1c2-3136d7113cb4,17f41cc9-89ec-1f55-0acb-d67911c9df6e
e8047767-cff3-4a8e-a5c1-3bc1cc4ccb86,17f41cc9-89ec-1f55-0acb-d67911c9df6e
18310241-9198-4f76-9b06-22d990a9738a,7a18b6a1-e98c-d8bf-6df4-438a712cb8a8
24d13236-88ff-44dd-9417-14cb3fb6b270,7a18b6a1-e98c-d8bf-6df4-438a712cb8a8
4df449b4-69b2-402f-a623-3c2bbef1e882,7cca9e92-e607-6d0d-a030-3876aaf74105
d541eee2-cc5f-4aec-a98a-30f3b2dfc496,7cca9e92-e607-6d0d-a030-3876aaf74105
efe98078-d838-4e65-b64d-d987cb5f560a,7cca9e92-e607-6d0d-a030-3876aaf74105
4cbab4ca-af14-4026-9d09-8f4cebf62d6d,7cca9e92-e607-6d0d-a030-3876aaf74105
f157f102-5971-4a24-9c70-317daec3acc6,17f41cc9-89ec-1f55-0acb-d67911c9df6e
08db7e5f-0c99-4272-bc4e-c60573294cd8,17f41cc9-89ec-1f55-0acb-d67911c9df6e
b75007c2-d02b-4125-8adf-313e55ff1a66,17f41cc9-89ec-1f55-0acb-d67911c9df6e
fc43e690-d43f-4f9c-bc3b-2c454c95dad0,17f41cc9-89ec-1f55-0acb-d67911c9df6e
d06fba6d-2bbf-4f61-89ef-b3e369253fdd,17f41cc9-89ec-1f55-0acb-d67911c9df6e
cd685721-a5a5-494f-a79f-8cf36886a2e9,7cca9e92-e607-6d0d-a030-3876aaf74105
6438a04a-8f1f-49bb-8744-a21fc2123645,4cc2f589-0b58-224a-5905-c3f8eff16c58
ced890e7-4939-4b16-a4bd-b3f1c55f75b8,abf0299a-2920-d661-f4cf-6cfaf35c803a
3ed4363b-d0b5-4aa2-b11d-7f0aba8dfee6,abf0299a-2920-d661-f4cf-6cfaf35c803a
63ae97f6-3419-4e04-a4af-d2fd4be50e8c,1c243e4e-e378-46ee-4111-26331f574c30
1ed630b7-a0ca-4f42-9d61-b0a5035b3a6f,9ce23670-5e7f-cdba-f7b7-882e478af332
3ab8a581-360c-4ab0-b3f7-421fb931350f,e8756e59-dc27-821c-cc53-ae682d081f58
4c05c6e6-b277-410f-be83-f4eafe774bcb,e8756e59-dc27-821c-cc53-ae682d081f58
8cea1a02-6a8e-4f39-8bf4-b6a5fb2e6c7b,b44fe48d-6f66-fc55-f230-2ac4278aaf24
661ced40-4d74-459c-90c5-0e3a694a5270,b44fe48d-6f66-fc55-f230-2ac4278aaf24
7e9961e8-378a-412d-9920-3e59f9e1bf57,9ce23670-5e7f-cdba-f7b7-882e478af332
d35424d4-60ec-428e-8b08-0a3100fbc01c,d8b14ef2-3956-538f-7ada-24f86f2d261a
978ddd88-bd08-4fd6-96b7-1b00b956efce,9ce23670-5e7f-cdba-f7b7-882e478af332
5ebe5253-526b-42e0-a2b8-255348ad2252,9ce23670-5e7f-cdba-f7b7-882e478af332
64410914-6764-496d-a18b-c3e1f6490d86,17619f8a-4916-d3b9-158a-0dadc39f1dc8
562d4de6-6081-452f-bbfd-05097d8a1ab9,1cb98557-2977-6c90-336b-9f4f14d7445c
f31e0a31-7f3f-490f-b5ce-88c8457d813b,1cb98557-2977-6c90-336b-9f4f14d7445c
1a9d2b04-406f-46a1-9b89-5eace7ed2015,17619f8a-4916-d3b9-158a-0dadc39f1dc8
f417964a-da24-4a39-82dc-f6beb584e105,17619f8a-4916-d3b9-158a-0dadc39f1dc8
89f58420-7020-49ce-b75e-1a6be321bd1a,17619f8a-4916-d3b9-158a-0dadc39f1dc8
9dc4f420-dd2b-402f-a4aa-25c282da74de,17619f8a-4916-d3b9-158a-0dadc39f1dc8
0cb13b64-9b10-441b-9197-ccbebb5e6e83,17619f8a-4916-d3b9-158a-0dadc39f1dc8
96a4604a-c2cc-4581-b253-b7b8f9bebb82,17619f8a-4916-d3b9-158a-0dadc39f1dc8
987467a4-1c52-4410-ba4e-e1f5be941b19,17619f8a-4916-d3b9-158a-0dadc39f1dc8
e796adc1-22b6-4a05-8d02-3fda5085cc79,17619f8a-4916-d3b9-158a-0dadc39f1dc8
78919f56-cf2e-4e81-80d0-21c805166229,17619f8a-4916-d3b9-158a-0dadc39f1dc8
4586d97c-d7f6-4d37-ad2b-a27088b58a9f,17619f8a-4916-d3b9-158a-0dadc39f1dc8
a34ad1b9-856d-4069-95c2-fad00b4a207a,17619f8a-4916-d3b9-158a-0dadc39f1dc8
21cb83a6-a289-43ed-8fe1-cc1cbc181525,17619f8a-4916-d3b9-158a-0dadc39f1dc8
f9fc7a88-ef44-4eb6-9ebd-7f48603c70db,17619f8a-4916-d3b9-158a-0dadc39f1dc8
ee9def27-e920-437e-973c-ff0bae68652b,17619f8a-4916-d3b9-158a-0dadc39f1dc8
90bb3265-80bc-4b71-b83d-7b1d15e5461c,17619f8a-4916-d3b9-158a-0dadc39f1dc8
3ab2139b-5ef7-4c00-82ba-303593ba6848,17619f8a-4916-d3b9-158a-0dadc39f1dc8
b778e847-4cda-4277-8d1d-50a1d670ac12,17619f8a-4916-d3b9-158a-0dadc39f1dc8
91342017-4c1f-4ce7-ba36-f2f841a0797d,17619f8a-4916-d3b9-158a-0dadc39f1dc8
23e78dee-277c-4a0e-a5e5-cf58660fbd54,17619f8a-4916-d3b9-158a-0dadc39f1dc8
70f441ab-e3f9-4655-a77c-9e48f7cb3e30,17619f8a-4916-d3b9-158a-0dadc39f1dc8
2875ec11-ffae-42d3-a288-93cb59758c90,1cb98557-2977-6c90-336b-9f4f14d7445c
fd5a3757-39ef-48fc-9195-7a5a7157b3be,17619f8a-4916-d3b9-158a-0dadc39f1dc8
0a143c06-7d3d-40b7-ba99-759b4e8f7aa4,1cb98557-2977-6c90-336b-9f4f14d7445c
a86d9fe7-ed16-4ef7-974f-227565a72cf5,164de224-81b1-3ec2-c51e-ff419299a3e9
054c25f6-1fa2-484f-827e-57f8a71fd15b,164de224-81b1-3ec2-c51e-ff419299a3e9
1c483220-aa23-4a8d-a1e1-1016c5e56d9e,1570131a-cf25-adb0-02ae-7ad3b2146a42
701a0b50-b2b8-48e8-a2e0-75c613754ded,5bca1f70-ca60-0617-6991-0a6d743dfaa5
083ac129-56da-422f-be66-4474590dc1b4,df7971dc-9401-49a9-7404-ebb44e0e44a7
e64accda-ede6-4cf3-ab3a-84a07e11c57f,1570131a-cf25-adb0-02ae-7ad3b2146a42
68dba81a-5cd0-41d4-825a-4edca3e80f7f,1570131a-cf25-adb0-02ae-7ad3b2146a42
b13933cf-dc51-42e0-9cc4-0cc4b59abe5d,1570131a-cf25-adb0-02ae-7ad3b2146a42
934ad05e-e26d-4133-a70d-863bc1e3b795,5bca1f70-ca60-0617-6991-0a6d743dfaa5
dd29056f-a425-4ff0-80f8-d4bfaef653d5,5bca1f70-ca60-0617-6991-0a6d743dfaa5
8a335d70-a4eb-49cd-a207-59a1ebd57fda,5bca1f70-ca60-0617-6991-0a6d743dfaa5
5be43b91-2eae-4cdf-8a02-569613fdfbde,f31a0435-e860-fe7c-7b64-47a790adb906
aaf73041-c6e5-4476-95cc-2efedee01113,f31a0435-e860-fe7c-7b64-47a790adb906
ba8a0c3e-aeb0-4e99-8124-722208611593,aff3466c-1086-4bc3-04c8-fb0f0fda8601
8b66ae05-9c9e-45f3-b893-eac9c75ba617,a148f4d5-020b-7519-cab8-9b7157471598
57b1105e-33c3-419b-be8a-aed9fc0c089b,9d49e696-0115-9df8-8bc1-f6cd9b34c39e
4573f492-0969-4bab-8cad-ceac192a6186,a148f4d5-020b-7519-cab8-9b7157471598
61b5ee1b-436f-46bd-9ec6-d764608abb8a,aff3466c-1086-4bc3-04c8-fb0f0fda8601
37e95e75-c2da-436c-b424-e880d201ab64,980c118c-6e5c-9bd1-2e41-850a1346adb5
1c94ae17-73f5-413a-8c3f-e3196c0d1fc6,9d49e696-0115-9df8-8bc1-f6cd9b34c39e
a55b14b1-a4ab-4e25-9994-d5d463a19bb2,9d49e696-0115-9df8-8bc1-f6cd9b34c39e
d3357f0b-e595-4083-bc1f-965205557e50,9d49e696-0115-9df8-8bc1-f6cd9b34c39e
d1d947f7-3f91-44de-a3e0-1c45474c62d2,4d092647-294b-56c9-a087-47ea22b3bec2
f2b33ebf-3ea2-4aec-9d04-0e723663302e,4d092647-294b-56c9-a087-47ea22b3bec2
7b13807f-e4c8-4aec-9407-6a0785f85265,4d092647-294b-56c9-a087-47ea22b3bec2
26d3aa2b-b466-41e8-abe3-4f4f37141d8e,fb24ae91-4223-2d57-2585-ab6064245d71
c5a39e5b-c338-4fda-8014-c1ab4d85d8c7,fb24ae91-4223-2d57-2585-ab6064245d71
3ae85dc1-bbec-4898-a5e1-3691d306eef3,d7265b18-c9a6-b03f-cd04-65a632376ef1
1a73abdf-3082-4e91-af6e-b3bea3168985,35b2c8e3-68b9-0f15-1e7d-0b2b0ac3e32b
01a23ee2-68ae-4575-aea5-b554a2c1dc72,97e25279-7b62-24cb-edb5-0797cbaf0e4a
3c79635e-1e4e-46f8-b49e-960ec89b08ff,cf1e7058-9f3d-8a46-69d7-9030354f356b
278997e3-39d0-4b1f-b020-4e1a152c754c,cf1e7058-9f3d-8a46-69d7-9030354f356b
c1385750-0985-4d56-99e1-1757622e3be1,ecc0793a-f261-e411-7800-55a7f0b207f7
4fbda0e3-3beb-48f6-96c2-fb2478ae8322,32f3c56e-fdb6-77bc-27c6-2bdaefb7dd09
c32dbbba-cf48-4848-bddf-7a48c31399e5,b78aea28-6e79-5ca0-2713-3b833a37f15a
339244f1-1880-4fa3-b202-57024b49f20a,b78aea28-6e79-5ca0-2713-3b833a37f15a
7f9c8c53-5ac8-4df3-b647-adb157f89e8c,b78aea28-6e79-5ca0-2713-3b833a37f15a
7ee5cfa4-ea33-44bc-9725-1dafe20bf67d,9fff13dc-b78f-02b9-f769-7f1b7180c435
e93032b8-0b3b-4395-9c6f-99b6e2558646,9fff13dc-b78f-02b9-f769-7f1b7180c435
1c4dd334-ab48-4bb9-b095-36d11b6f9664,e0f3823e-3b88-d77e-1ad7-df2dcc42e1bd
bf97e217-dd89-4d92-bb1e-7051cc6c51ff,e0f3823e-3b88-d77e-1ad7-df2dcc42e1bd
d9933fe6-71ee-4949-bd65-a3de4106cd81,b78aea28-6e79-5ca0-2713-3b833a37f15a
2431eefb-6548-45cc-b7e8-0e27a953392e,b78aea28-6e79-5ca0-2713-3b833a37f15a
2a608812-f190-451a-9f08-602cdfa1e366,a14d823d-7af2-990f-6a08-f5103ebc8abf
c1093465-6a17-47a2-b2fd-c49505f2d2a2,a14d823d-7af2-990f-6a08-f5103ebc8abf
6a63a573-46b1-4426-aa64-73cedf6ca7ec,a14d823d-7af2-990f-6a08-f5103ebc8abf
a7c298e1-873d-40ef-bea6-bf78ac560e41,edbd87e7-7a35-e261-6730-5684f87ebc77
61f9f620-8b4b-4cb6-944a-2520e2eb0ccd,edbd87e7-7a35-e261-6730-5684f87ebc77
8bf9bd17-d42f-45d0-a564-fad40c67a0f6,e1756a37-de30-bfa2-b53a-d831f2ff1bef
423ccb0c-5ded-49aa-b16e-afb8c4184a90,f6f72b5d-8489-97a7-a9bb-920c6b8bc0e6
980ef416-4136-4cfa-8fb0-7b6dcc578712,f6f72b5d-8489-97a7-a9bb-920c6b8bc0e6
fbe8e379-4079-4121-b2ff-ec62ad97e183,f6f72b5d-8489-97a7-a9bb-920c6b8bc0e6
b693d9ba-11f8-4147-97ee-dd6df4e6bd4a,bee85e4b-bb68-f280-ac64-c462a44ac333
d9845e48-a7ca-48dd-ad48-376966f1aa86,4bc0d183-966b-89e2-d971-da66770b61d7
73e2072b-f5dd-4647-ae00-f6c4df0756a2,4bc0d183-966b-89e2-d971-da66770b61d7
8a0d4bd9-076a-4585-b8cc-8fb94a4a6de3,7b170ccb-1d42-71c0-ca51-4549bc1f7fe3
4e5c31b2-b0e7-4da6-97f0-b92f11339f5f,b9c8bd78-9b96-e29a-85df-da69b28a3795
eef9432b-5562-4505-80bb-2bca94dc1c66,b9c8bd78-9b96-e29a-85df-da69b28a3795
732bbb08-7fbf-4ff8-9bd0-cee56f874287,b9c8bd78-9b96-e29a-85df-da69b28a3795
f106e4be-c89b-47e1-8e3c-f1057fbecdb5,b9c8bd78-9b96-e29a-85df-da69b28a3795
7c200eeb-4a11-4057-ace1-cd2dbffd43e7,fb03c0dc-b225-08cb-d088-54bc1b1fc114
38ec3cde-e46c-4dab-b16a-badb6ccfd964,fb03c0dc-b225-08cb-d088-54bc1b1fc114
bf43023d-88a4-4dbf-83ca-e0e31b9a4bff,e1b341ae-4cf7-2d94-6ea8-4dcb605922ab
ee7ee25e-2118-4210-afdd-0ffc7af3e1dd,fdf76e70-2d91-d64e-ab50-fd5fbf4d95df
588d5e0c-c5be-4766-b2e5-a7e45c76739d,e1b341ae-4cf7-2d94-6ea8-4dcb605922ab
3fb9ba76-3d13-4544-ac3d-28eb95d499f5,e1b341ae-4cf7-2d94-6ea8-4dcb605922ab
a147ca55-ff87-43f5-b77d-bd4d1fc91fd8,e1b341ae-4cf7-2d94-6ea8-4dcb605922ab
0ec712c6-ad61-41df-8ad1-2de234f7acff,79c4e0bb-d13d-7700-86d4-271ec065dc01
02e93af0-d429-4b95-ba1b-210ad330be14,837a0fff-e53c-bdee-2ffc-9dd45ea59b00
8cc18d27-4a36-4088-8c76-7c1ccf08036a,4ed36dd6-8fe7-0e6a-41b1-6183df7015f1
b25ad3b4-3858-4279-9cc0-30d7c9f0c1ce,a2c09580-cbf9-f153-976c-ac057f70b4ce
8209a8f7-78ed-4366-929f-d9cb3d154479,cfcad1ed-0ca7-ce62-8d18-d55f2cbedf38
ca51aee9-ec85-4b9e-a963-ca919f5ce473,cfcad1ed-0ca7-ce62-8d18-d55f2cbedf38
9a0f21fa-6570-434c-8a0a-14d537a0c043,9d6f64aa-589b-33c0-4225-96bef6904eb5
0c426029-5d16-4843-a6e2-d813411822ed,2a6484cd-e7dc-2d53-0b04-290dce306b1a
447e4011-3a8d-4882-a1be-98b811d348ec,989411dd-aaa2-185d-87f4-76c5b494a7ef
73d5f854-b63f-4e11-9318-898887d40bc6,75215cba-8c7a-6446-fd80-2bd3845e5cb9
8fef0697-d99d-44ca-a382-da3d2e6de3a8,75215cba-8c7a-6446-fd80-2bd3845e5cb9
5d774bb6-aae0-47e5-999f-522ae08d2bab,75215cba-8c7a-6446-fd80-2bd3845e5cb9
c5c057ab-14d5-41ad-b73d-64be308eb83c,bde100b0-93dc-8ee6-833a-aa7dad44707d
294e4142-dfa3-47f7-b23d-f5252ccee088,67c8fc24-67d9-957b-e702-949fa9eb04a3
e511d648-2a27-4abc-b333-0be66a9e5dca,36adc4e8-e095-7d01-5d48-f5b7335b047f
9a3d7c35-c6f0-4bc4-abfc-c6a3b5091802,c4ba3364-f85f-c017-8385-5d4782d84354
a227855a-fe7a-4888-a20f-240583d14ce7,f1285b51-a078-b47c-d921-5622f4b2fd3c
0dfaee43-4a9c-4c47-ab8c-87c8269cd2ac,02c82615-ae36-1df3-559b-f6dbc36f7588
c4dff428-8b13-4c3d-b88a-02f9bf484608,02c82615-ae36-1df3-559b-f6dbc36f7588
0406ec66-c810-46ad-bbbc-1bbcbda29fe8,6dd26e5b-4c78-a29c-fe5c-0b95aa031d2f
72d80ec6-1410-456e-a449-406d863c9681,4e3e9bc2-1057-3806-3e7c-15382657acfb
b3247fb6-3a2d-41b6-abb8-5c558d291c3a,4e3e9bc2-1057-3806-3e7c-15382657acfb
9be69ee9-8c3d-455b-b50a-8bdb4c6dffce,4e3e9bc2-1057-3806-3e7c-15382657acfb
d904b230-bc68-4d46-b667-4f1fc6e1ceca,4e3e9bc2-1057-3806-3e7c-15382657acfb
f3834aae-e1f1-4023-87e0-c691068851a5,4e3e9bc2-1057-3806-3e7c-15382657acfb
d9981472-aa92-456e-809b-2559ab334d5f,4e3e9bc2-1057-3806-3e7c-15382657acfb
22abc15c-d83d-412d-952a-63363633c79e,4d93b1cd-c753-997f-2642-30a4520d8037
80c30e36-45f7-4659-82ec-d16af9dac94a,ed94c316-5846-5aed-6fbb-cf9e9704076c
aee77223-8cca-4072-ab2c-c9f2d239d00d,ed94c316-5846-5aed-6fbb-cf9e9704076c
653beab7-666c-408e-8554-db030583e2af,ed94c316-5846-5aed-6fbb-cf9e9704076c
170a0dac-45f8-44da-b187-5dffc87da4ce,39e54bc4-2cf9-08f7-d974-193b2c9a92ef
f08e44a1-aac0-4dda-ab9e-faa1432fa985,36adc4e8-e095-7d01-5d48-f5b7335b047f
fbdba08d-db86-4b77-9e69-2e50249053ad,97549bc5-0044-19ee-6841-10e73f90950f
b6513024-2881-4894-9861-fb86b2309389,40a0fca9-e618-faa0-2d61-726c73a6b21f
62d0d5ef-84bd-4ad9-aad4-957dbf7c9d4d,16f89f1d-2d66-0cd8-6e77-c5fe9f2dbbd0
e0883cc5-1d55-4cb1-aa23-ef74934fef3a,d1f03d30-5189-9430-d240-804ed70861f5
86174318-9e43-4f3f-9ba9-3d51d5ba6b60,d1f03d30-5189-9430-d240-804ed70861f5
b4f20158-e783-4eed-b581-427f4020774e,623adf3f-56ec-2c4d-0e80-f8e199c314b0
08fa3d7e-75a1-4d68-855c-2ae0a91b6cae,8fc3ee2b-c17c-e375-ad49-c667f252ddd7
65da2864-a8c0-40fb-92a7-83690be6821c,a0ad63f6-a6d8-923b-7feb-edec871172fb
4eadc870-9258-4fd2-b7f0-9f332a60997c,77a0a566-1714-7722-c1ea-3ec23a003e7b
8d9df7be-3e21-4605-96cd-7ffd96db7cb0,8fc3ee2b-c17c-e375-ad49-c667f252ddd7
069555dd-24c2-4bcb-b824-f07374f8176e,77a0a566-1714-7722-c1ea-3ec23a003e7b
ca868b67-6b2e-48df-a52c-e92175ae2e72,77a0a566-1714-7722-c1ea-3ec23a003e7b
85678346-24a4-4b19-91bb-a6c850d2065a,cb9897df-9688-bac6-0375-0427f2bd2b05
7f2340b6-f01f-4fa3-b3c0-02fcfa7559ad,77a0a566-1714-7722-c1ea-3ec23a003e7b
f44605ce-2a4d-4903-946f-4e75a96d3a25,77a0a566-1714-7722-c1ea-3ec23a003e7b
1700f96d-9a0f-4e7e-a135-32bd32362508,77a0a566-1714-7722-c1ea-3ec23a003e7b
877089b6-67d6-41e9-ae75-98e0dad2af23,77a0a566-1714-7722-c1ea-3ec23a003e7b
5c12654c-a38e-467d-bc2b-37e072c3d6fa,77a0a566-1714-7722-c1ea-3ec23a003e7b
730fddfb-2e87-4a96-9cfd-089f33557806,fda0d6a7-0358-e591-cd3b-d94239f8547a
c6db02c7-6eea-44fb-9ce7-b2c8799e4d04,164de224-81b1-3ec2-c51e-ff419299a3e9
fa4cafdb-eacc-442e-9473-b5ff9c18e86d,4d93b1cd-c753-997f-2642-30a4520d8037
22d8d86d-6af5-497c-9a82-23131c1cef2a,abf3fc94-30d0-c81b-b44e-e3942f3ad1a9
1fa8de76-5e58-4668-b268-8758359a8ce0,abf3fc94-30d0-c81b-b44e-e3942f3ad1a9
d8892a81-71ed-4064-aeec-c3c562999910,abf3fc94-30d0-c81b-b44e-e3942f3ad1a9
73a1a7b6-e246-442d-89e3-6e13bcd159e8,c2a62dde-7d8b-deaa-ebbf-d34dac97662a
55eecc3f-6e04-41ba-a5a2-a4011ba16230,c2a62dde-7d8b-deaa-ebbf-d34dac97662a
1cfce5bc-ac6c-4449-b0b8-a7c386d337d4,6f213de1-104d-7e04-f076-97bbd0457230
f7c3a685-a305-4f92-8cd5-4b335b4b72e0,6f213de1-104d-7e04-f076-97bbd0457230
35bdda36-6cf3-44d9-9364-f13df99bbac8,33cd7628-2e8e-c1f7-082f-21b8e7b70b23
10594687-243e-4e5c-8361-5209f3d3f7f3,6f213de1-104d-7e04-f076-97bbd0457230
0a450a48-746d-4c9e-8108-c3fb50dd3b5b,6f213de1-104d-7e04-f076-97bbd0457230
15d0637f-d922-449d-a577-bb96dd1c5228,6f213de1-104d-7e04-f076-97bbd0457230
f5b90c27-2b8a-495f-bc93-b43b62c7c8e9,e34d2da7-953a-ce91-5df6-5e7d4fe5508f
36dcfdf2-486f-45d2-b108-c843f6ba6192,e34d2da7-953a-ce91-5df6-5e7d4fe5508f
68fb297a-8887-43f4-990a-328f6fce8ed9,69e98cff-170a-2ee4-11d9-dfc7e42d18fb
388cbb3f-9425-4fb5-b833-226492e531e4,e34d2da7-953a-ce91-5df6-5e7d4fe5508f
80119a15-ba3c-4f98-abe2-cbaaad3bf5ac,5be6032d-b6f8-3426-9feb-2b770f360e10
220a9005-2edc-4f5c-9e70-d5b0ff5e8752,e03a16dc-7dbf-e849-5dc4-53deee4ff31b
e1c6c866-4af9-4313-a76b-a3b48e69d027,5be6032d-b6f8-3426-9feb-2b770f360e10
c217f4a8-607c-4a47-a684-030edbd41f74,2efdb97a-9ad2-3202-df44-71ca3ec6b7de
71657615-a713-491c-a820-8429815f6023,2efdb97a-9ad2-3202-df44-71ca3ec6b7de
e04b8a88-69ed-4f4d-8482-8d0ac966eb38,5be6032d-b6f8-3426-9feb-2b770f360e10
faca551f-54eb-4d79-b97c-db196434d252,1a453b99-1ffd-6871-cf67-fce25d079a0a
61e3884f-f3a2-40ea-bbb5-b20c6ba58ba3,16f89f1d-2d66-0cd8-6e77-c5fe9f2dbbd0
3b658fc8-b9b1-4de3-a0f2-275434f4fc2f,83875ae5-9036-5e29-9644-5b3a5f8bf0f5
1a00ef6f-3e33-48ec-9c0d-19dbddbc1a2e,83875ae5-9036-5e29-9644-5b3a5f8bf0f5
e73af6d7-bd53-43db-84af-968cd424bc14,f00809f2-30b4-7335-9182-78969f2f2543
17425b59-ee5d-4e0d-a8d3-2820397419fd,806c411b-cb30-1314-4c78-ab89818a4da4
40962c21-e856-4bff-b5d7-d45203fd6885,6e4ca4df-ae75-8a73-f225-6bc3b0d32c36
09e5c342-5596-400c-b93a-10decf540702,6e4ca4df-ae75-8a73-f225-6bc3b0d32c36
2818e6d6-294a-48b7-842a-eb2fe9b56e9b,deb7f210-2e2e-2b9c-b896-6a7319d4fc77
59fa54ba-4dba-4e1a-b878-7a8333a58a9f,c0b90b87-944e-f375-cc7e-8a90a261f83d
05b08726-f5f9-4617-b8bd-15944b22a983,c0b90b87-944e-f375-cc7e-8a90a261f83d
a1690513-bb64-4f5a-8968-2afadb57d7e6,c0b90b87-944e-f375-cc7e-8a90a261f83d
08e69d7e-5b84-48ed-bd56-3e308ccaf086,c0b90b87-944e-f375-cc7e-8a90a261f83d
c2ec9927-7783-458b-aaea-9268d9060175,c0b90b87-944e-f375-cc7e-8a90a261f83d
1b4b661b-599b-49d8-bc97-540dc1058936,c0b90b87-944e-f375-cc7e-8a90a261f83d
c3cabe70-1227-4b4a-8451-cda6b2528bc3,c0b90b87-944e-f375-cc7e-8a90a261f83d
50d9bc63-c9f2-466d-bd85-c2d6184a7652,a8a3100a-10f5-3630-6aa2-d781cb06c82b
e70ccd57-b418-4e91-8fa5-fc038a9fc09b,a25efac6-333b-56a6-286e-91bc15102b5d
740c91b3-4c5c-41c4-a31c-a8a31d966e71,79c5c969-4277-49fe-1e50-a9007acd044e
5471ac53-406c-4127-890f-f33865ddbafa,bb4bb4af-e60f-65ef-a4b9-21191b02c576
bd33bd1c-6627-445e-b5e5-edf23e088f5c,5710bfd0-fcc3-abfa-b2b0-a8f634428b80
ce59a2a1-4602-49f1-bd07-08b65c5683b0,5710bfd0-fcc3-abfa-b2b0-a8f634428b80
7a91dd87-9ca2-4119-9cb1-4b05569895e9,1963f080-6d49-0df3-8ad8-ef4c3e2d7f92
a3b654d8-b98e-4f24-9192-bec1ae80be64,1963f080-6d49-0df3-8ad8-ef4c3e2d7f92
f759cc18-65ca-47d8-ae26-e888f17a26ab,1a6e0f57-9fc0-71d0-6e9a-480bdd28933e
fa43cd5e-b912-4bb5-82ef-82db17f94681,1a6e0f57-9fc0-71d0-6e9a-480bdd28933e
3979c024-2af3-4631-8f2e-e9088ca0004f,c821f7db-ccb9-578d-8391-72d3b1086b00
74e26055-5de1-429c-8a7f-a22f2f5c8d10,504575f7-db95-98c8-7b59-09538b232d61
c78b4ba6-34c6-4593-9468-8e78af52228a,504575f7-db95-98c8-7b59-09538b232d61
f544e292-1b08-4055-a3d1-c4c51637ba3f,504575f7-db95-98c8-7b59-09538b232d61
a1d2aea7-d7c3-4d72-9cf9-c759efa69a92,7c4ef586-865d-d475-2918-a756d9748306
472a15d7-3eba-433b-abd1-c4596d3f42d9,7c4ef586-865d-d475-2918-a756d9748306
87ad2ee8-fc47-4c40-be9f-fa0f12dd3c18,67832f9b-b260-e523-5126-e93b958c6859
24c097a1-eb2b-45d5-b403-4161ef3284be,7c4ef586-865d-d475-2918-a756d9748306
495cd82c-017c-4232-ba98-7318fc562e7a,bfaf0c5f-1bbf-2cdb-6db3-fc7477c3930f
26eccc9b-edc7-433c-8fea-821d42233ef5,bfaf0c5f-1bbf-2cdb-6db3-fc7477c3930f
f6111032-506d-4db5-8e0a-7dbdc20d3426,bfaf0c5f-1bbf-2cdb-6db3-fc7477c3930f
a92181fd-c84e-45f2-a149-cf71544fdd8b,d0f71103-9ea0-a9d7-dbb2-3ece3b55ac99
43f6d109-37ec-485d-a9af-1827a1a19861,d0f71103-9ea0-a9d7-dbb2-3ece3b55ac99
85ba0f9a-d555-46aa-b349-f6f5e853a1bd,d0f71103-9ea0-a9d7-dbb2-3ece3b55ac99
9c33bd0e-6535-49f7-863d-cdd61702ce82,1efb5c18-2369-881d-b4ac-392032417704
cfc73864-2f94-4be2-94f6-c83cc37c2dcc,1efb5c18-2369-881d-b4ac-392032417704
4e5bc010-4b38-4192-b7eb-2b4c42c2d512,07a49755-32ad-72b5-1917-d72f02eaa9f3
2a6d02a0-643b-48ea-b30c-dfb57adc04ff,bfba9296-a468-a77f-5f42-00978a778b63
859d7248-0f1e-4c78-94de-4b03a5261794,61aced85-4f7b-3b42-8410-8764661f85ed
ef8fff2b-6109-44f7-b426-c7a249c87ac0,bfba9296-a468-a77f-5f42-00978a778b63
42ae7f51-bb30-4786-887a-3d3d38c651bf,61aced85-4f7b-3b42-8410-8764661f85ed
59f63af7-b944-4bb1-b791-7c5454aedebe,61aced85-4f7b-3b42-8410-8764661f85ed
8fe2f063-120d-48a5-8840-774fa2542858,bfba9296-a468-a77f-5f42-00978a778b63
a10fc11a-f7a2-4f46-a98b-0bf731963164,bfba9296-a468-a77f-5f42-00978a778b63
37b35c60-29c5-456e-b824-e0d24e5e435f,bfba9296-a468-a77f-5f42-00978a778b63
d695f1d3-305c-4add-9cf1-0e460d246cfe,bfba9296-a468-a77f-5f42-00978a778b63
afbf7935-2e32-40b8-9e50-443c4bcb36d2,c4284cf0-f7c5-e772-2e90-92593b769fa7
a4082b67-2be3-46a3-ae50-47beaffbf6e0,38a2f55c-1fea-4cfc-f6cb-bfed6818a20d
e3cd6e5f-f064-410a-b8c6-170a67f1925f,38a2f55c-1fea-4cfc-f6cb-bfed6818a20d
b1eb2c7c-c5c3-4c91-b29f-aedac60cf971,5c675dbe-8577-1b27-c8c8-a9396a3f3d99
529884b0-94fc-4af1-8838-eaeb3214b640,197f5cd7-bcfd-eddf-2a50-0e039bc5062c
56734db0-8000-4b30-8465-72d00d984c83,06d9a4e7-0d5c-098e-bb15-109f7f924ffc
cc342dcc-ede0-4281-89b1-fe749ade0729,06d9a4e7-0d5c-098e-bb15-109f7f924ffc
e0d32f56-98e9-4f5b-b5df-bdeddf9b2096,06d9a4e7-0d5c-098e-bb15-109f7f924ffc
b59ff780-8916-4f87-96cd-8583b4463805,06d9a4e7-0d5c-098e-bb15-109f7f924ffc
793be4ab-883c-4a01-bb2a-0853e0f5a814,99dcc416-b492-f64a-41df-e14c6e1b9236
b1c86b78-465d-46b8-ba5c-0a800e13d153,99dcc416-b492-f64a-41df-e14c6e1b9236
8cc79584-a3b2-4c0e-8450-ba3869224295,
09030b54-bbed-45e6-a215-a5c7cd44b4d3,61e74155-6c83-4592-c8a6-27c1c3dea5f3
f5dd1c07-843d-4000-a408-161fe5afeadb,7712a362-a655-352d-e775-36f7f25c1998
ef6b9755-30a6-48c5-aea1-ad971bd16b57,86b3e71c-0af7-2672-fed2-3897a4b43580
0cb037c7-a7a2-4f2d-a31b-62642b53903c,86b3e71c-0af7-2672-fed2-3897a4b43580
9de8a221-eb78-49fd-a189-460ec383a758,86b3e71c-0af7-2672-fed2-3897a4b43580
813d9c1c-5749-4592-8dbe-f7b1601d493b,83f3dfc0-2f14-5638-e28c-92cd4c871083
e1085dc8-a412-4645-ad1d-df782e304b53,1277446c-eaf9-4837-b2f5-b161bbb355e6
07f28d50-8440-4541-ab9f-c8b147806ac6,9cead63e-f6d8-0d78-314e-b6c9b4e8a7e3
b4fd37a2-e5c8-426e-9d77-1a422357e753,9cead63e-f6d8-0d78-314e-b6c9b4e8a7e3
73ab30ca-f16c-421f-a38a-c0bba3dfd0e9,9cead63e-f6d8-0d78-314e-b6c9b4e8a7e3
bab921ef-13c8-4db8-881f-0701d5c7bbca,9cead63e-f6d8-0d78-314e-b6c9b4e8a7e3
cbf51a32-5a87-4e9d-af4c-7d39c9f7f3b8,9cead63e-f6d8-0d78-314e-b6c9b4e8a7e3
c71502a8-ccff-47f5-88dd-0c087b12ab6a,d1f03d30-5189-9430-d240-804ed70861f5
160cdfc0-0fba-4c1e-a037-df7fa3f6b012,61e74155-6c83-4592-c8a6-27c1c3dea5f3
e855559d-d2d2-4e72-a6c4-20c3785e4015,9e026f98-e081-836e-05d6-9520518cb746
a72c1d9c-a593-457a-b249-5f4ef3b753e9,572fd83c-3805-6542-a933-53f36acf5a08
b83a8cef-f2f6-4454-91d8-a478cb1648d2,572fd83c-3805-6542-a933-53f36acf5a08
c6f753a9-2ac1-49b2-b77d-1dfe5f058efa,572fd83c-3805-6542-a933-53f36acf5a08
d5cc4029-ac08-4a39-b58d-c64f574a60c1,572fd83c-3805-6542-a933-53f36acf5a08
a8ffb047-586b-483d-8a7e-77a7f9690441,572fd83c-3805-6542-a933-53f36acf5a08
253fea22-db23-420f-a0c0-e711a216a97d,572fd83c-3805-6542-a933-53f36acf5a08
e8fa3b52-635b-4678-a006-92435632e816,572fd83c-3805-6542-a933-53f36acf5a08
cdbc4629-7822-4cef-9cca-c513be041c24,572fd83c-3805-6542-a933-53f36acf5a08
1bf6ffcd-f1ec-47ad-925c-9bd5d94292c1,572fd83c-3805-6542-a933-53f36acf5a08
bb12e890-4aba-4a08-8e89-cd62fd70b19f,572fd83c-3805-6542-a933-53f36acf5a08
3500b873-bd8c-4793-9a2a-c56f0ac1569c,572fd83c-3805-6542-a933-53f36acf5a08
cf195927-5a25-42be-8b2f-dfdbe4c0fded,9e026f98-e081-836e-05d6-9520518cb746
43c7624a-2f36-4164-b634-9064fa1519c8,9e026f98-e081-836e-05d6-9520518cb746
c6054e74-cf75-4ac6-a1f1-e1e0124ef8c7,9e026f98-e081-836e-05d6-9520518cb746
7bae978d-e094-4c64-8cd0-1cdb8f443b27,9e026f98-e081-836e-05d6-9520518cb746
59828541-4aeb-49d8-a0f5-171d71c58b56,9e026f98-e081-836e-05d6-9520518cb746
e9ed55f8-f22d-4109-9c8e-92aad4c1de86,9e026f98-e081-836e-05d6-9520518cb746
e3a20222-53a0-4047-b635-03b05eb7601f,9e026f98-e081-836e-05d6-9520518cb746
654bea52-76f9-459e-99d7-842b44977881,28ab7780-068c-785f-63de-1d2f534f53a9
e5393540-7fe5-4ab8-ab09-91a09fdc4cf0,4f8c7505-e058-28e1-db18-373f545e3bab
28b90bbd-e4e7-4e50-82e4-330820123481,572fd83c-3805-6542-a933-53f36acf5a08
03a0ee44-4d2d-4876-bf51-5d1777d6c5ef,572fd83c-3805-6542-a933-53f36acf5a08
b4869daf-4d48-42fb-a93e-e7daa2a2142e,4f8c7505-e058-28e1-db18-373f545e3bab
097c682e-ec76-43b7-83c1-d1318fb5c796,572fd83c-3805-6542-a933-53f36acf5a08
f25f8163-d6f1-4b4d-b306-03fcdb327c10,4f8c7505-e058-28e1-db18-373f545e3bab
473ac7f4-2ac9-47ec-9e50-34f9f607ea4a,e57a2565-9af1-da9e-22e5-40206215d193
419c6986-708b-4bb1-bfe3-185d710aca5b,e57a2565-9af1-da9e-22e5-40206215d193
60882086-54a5-41ab-987c-8eb8cc5324ae,445c444c-64ad-1a30-9a4b-b2c34a7235a0
cdbba492-586a-4eb8-a04f-c63a2a1e0934,445c444c-64ad-1a30-9a4b-b2c34a7235a0
dec44691-3103-4ec8-a48c-e736dcf5d438,22b88b85-4ea7-9d04-80bb-d248aae129d4
a6d2dc83-d11d-448c-9e12-bf13fddd3501,18d81100-b0e0-ab33-cfac-09dd15ae66f2
e92d86c4-6eaf-40b1-8376-79f75b7ddf40,97e5759e-b0a1-a867-455d-66741a82b766
a81239aa-379f-4de0-9726-9c32fb502458,36e48f48-7668-f666-4b00-1b7a168a7571
ce65b1d7-e900-4191-8c1f-6703cc20583f,36e48f48-7668-f666-4b00-1b7a168a7571
7780ba98-d5d5-46c7-b2ec-60d531e80e93,18d81100-b0e0-ab33-cfac-09dd15ae66f2
cb7029d0-8a5c-48f3-882a-4a9268c31a86,e352f136-c568-2351-f856-7ae3aba7717a
68b97f6a-be76-4107-a812-1f5a26adf89e,28ab7780-068c-785f-63de-1d2f534f53a9
b9d683a4-a3a9-430a-b40c-1bee7a921d36,61e74155-6c83-4592-c8a6-27c1c3dea5f3
2caa0e78-b0f5-4fe2-8438-80b78e24728e,453756b2-2716-09cc-3e2b-ff40abf74754
c8b8fffa-221e-4869-86d4-b36b7245e328,31e891e9-63b0-472d-b293-838e4f050b3e
fd64ea9e-299d-498f-a32e-a2c95b9c32aa,31e891e9-63b0-472d-b293-838e4f050b3e
a06fa426-7dc5-405b-934a-1c6e87e604ad,453756b2-2716-09cc-3e2b-ff40abf74754
0a11f0e4-73df-440f-bec2-4fd73d6fdf87,f2656333-2e30-6300-38a0-58a120a7b8cd
2d99f49d-77bd-4e9c-860d-28ec2294de39,f2656333-2e30-6300-38a0-58a120a7b8cd
277071a5-8d44-40a7-903b-ec12deabdc69,f2656333-2e30-6300-38a0-58a120a7b8cd
82307eaf-4102-48b2-b528-0f962f249456,61e74155-6c83-4592-c8a6-27c1c3dea5f3
e4c696c4-c6e0-4bdb-9147-ce910f5c0bbb,f3bfa24c-a8f9-d30e-1966-d56310c01ef6
35246d3c-eb3b-48fe-bc06-467d19bf07b5,f3bfa24c-a8f9-d30e-1966-d56310c01ef6
86e8da0a-429c-479f-9ac0-ad72d1ab9a48,f4dbe15f-cb26-6b0f-9659-26fa539f3b7a
f0f0f273-3c1e-4509-a0c8-2e47da1af09e,049d48e9-b189-4930-dd6e-02c12fa105c3
3ecd2838-eaab-4862-bfd1-d0e7491ca8c3,049d48e9-b189-4930-dd6e-02c12fa105c3
403502ef-71e3-47dd-9d31-c1ac82fd2a11,10319a2f-a5a6-a2e1-da8c-e8e9bbb086d5
18daed18-8a66-4ea1-8701-33610a92dfa3,10319a2f-a5a6-a2e1-da8c-e8e9bbb086d5
89bcb1af-7460-496d-a8f0-5724670a251f,10319a2f-a5a6-a2e1-da8c-e8e9bbb086d5
9d1b5559-163b-4365-a7e4-4732688f82c6,10319a2f-a5a6-a2e1-da8c-e8e9bbb086d5
f2e9dfc6-380d-4327-8a19-f21c3cdffe34,10319a2f-a5a6-a2e1-da8c-e8e9bbb086d5
ca2cda67-90a1-4cbe-b9b2-128d84a81d04,c6ed6bd6-b3fa-d20f-3c12-65dc7dff9dde
8c0554e5-f762-4e84-80be-aef9d5f9836e,c6ed6bd6-b3fa-d20f-3c12-65dc7dff9dde
830cc496-4131-4769-a85f-be23da3e4b01,c6ed6bd6-b3fa-d20f-3c12-65dc7dff9dde
8b066a93-c633-4684-8d1c-ddccfc4706d6,3a62ea70-19ee-7b8a-9bf7-46d5d268f37c
a4cdd61c-9dca-4e84-8d09-d26b2da1b8db,049d48e9-b189-4930-dd6e-02c12fa105c3
56d8316e-6211-427b-8829-9b1086cbeeec,93c9c50c-4c6b-122e-8615-20a7ff2462b5
e0926d7b-58ca-41b3-8d36-bd016a39f20c,6b845f56-9297-f2ab-5880-412b79f4c59d
42d21aa3-4f0d-4369-933b-52acfd9f7294,6b845f56-9297-f2ab-5880-412b79f4c59d
e03e9a73-e6d8-4434-bd73-df366f766aa4,6b845f56-9297-f2ab-5880-412b79f4c59d
530a466a-615a-48a8-9b87-690cd06c93cb,6b845f56-9297-f2ab-5880-412b79f4c59d
f32f2226-fa7a-486b-9eae-6d8430bfb08c,6b845f56-9297-f2ab-5880-412b79f4c59d
406146ce-675f-4d79-ae1d-15ca832c75f2,632c5eea-9080-23a1-6190-3d62a7ae8a08
fff820e7-2cd6-429d-8f19-b01d43b48623,f45daea7-78d9-2203-9806-134c49d6cb8d
6439d33e-841e-404c-a269-c6c41fd5ec67,d437d297-4fa4-68d9-e9d1-b344a72eb0ed
d3f0fe07-363d-48eb-82a8-eebeec26af69,d437d297-4fa4-68d9-e9d1-b344a72eb0ed
1b4e179a-5287-4455-b7d9-a81dc9d776a2,e8d8f1d6-e5e9-3227-e326-066b07cbe883
21b34715-de5a-4967-8d77-490e040ce7a0,e8d8f1d6-e5e9-3227-e326-066b07cbe883
32d79f5a-f5e7-452c-b169-c2064c8a7811,e8d8f1d6-e5e9-3227-e326-066b07cbe883
c14a0170-2632-4ba3-aa4b-f75dd88ec6f1,4fa8508f-12e8-3d4f-cd1c-8ae30b6119c6
8bc4b4d8-3b34-45f9-a398-1bfef8621d5c,4fa8508f-12e8-3d4f-cd1c-8ae30b6119c6
df6ad3a8-1d9f-4b5d-9fa8-e412b37e76b1,f45daea7-78d9-2203-9806-134c49d6cb8d
2eb19b96-31dd-41e2-b61f-2f9e1708f04f,4fa8508f-12e8-3d4f-cd1c-8ae30b6119c6
9edaa27c-777a-4636-b8c0-16525101421f,0edb7d5a-0db0-3742-ba96-adccbc2303ee
ebe49f01-4ccd-410a-8038-01383f137e9c,541a9346-1e7b-f0b0-99f5-4c58dae848d7
a368842f-b151-4eb6-aefe-57009405f81c,84122f56-66cf-1e80-7a1f-dddd7fa9f5a0
1d90f1bc-2671-4f0b-a9ac-4898e88b0b07,541a9346-1e7b-f0b0-99f5-4c58dae848d7
62b1fce6-a0d6-47c7-bf82-0a21c73c6ac5,0207bc68-cd32-a356-1d6e-3cfe08b8ba89
d20ac525-3e91-4538-af3b-19312856af81,10b13044-6646-4c65-2c7f-d73aa8cafc98
92c32080-a59f-4976-9d76-6f9c19b92350,5fa074c0-65c8-2738-72d7-b29daf901f01
7e5c3fcd-5932-4327-bffd-65f8c0b4720d,9e464633-f5b3-52ba-afff-825bc3f13a6d
06693967-7b98-41f3-8842-b1f0e2ed3846,9e464633-f5b3-52ba-afff-825bc3f13a6d
e8de39da-1fe7-4f8a-92db-d95e9ec720e4,9e464633-f5b3-52ba-afff-825bc3f13a6d
e2dcb06b-cc1f-41f5-bb82-8e83f3919955,9e464633-f5b3-52ba-afff-825bc3f13a6d
4108072e-772d-49bc-aefe-c77f88348d81,9e464633-f5b3-52ba-afff-825bc3f13a6d
270c175e-55e7-4d2a-bde4-33fe1e91c023,348d1ec0-de10-7024-5387-fcf6db70e501
6d8c8e45-bb72-47d3-972f-93414a93fec2,348d1ec0-de10-7024-5387-fcf6db70e501
eb7b4b71-2b52-42a4-a379-42c35be905c6,341f9b7f-9d07-b152-64c4-58d890a26e56
34e9c0b0-850c-49b5-a7a2-29d2d34fbc17,26dd0c63-e3cb-27bf-dc59-c1e57f6ce6d0
4b3d9cd7-6f64-4b7b-b52f-2c4b0672cc30,4b6767cd-74d0-6a60-12ef-5b13454c0b4a
e5bf8839-848c-40e7-841d-b32b9bac6613,
101bdfd1-1197-4060-b744-60a4511f500a,10b13044-6646-4c65-2c7f-d73aa8cafc98
dc41eb7d-8fcf-41a4-913b-52dac2c29450,721478f2-18bd-988f-8989-9613bd1a46f0
8e66c711-a711-4926-9967-cbb790189cb1,fb1158d0-e7ca-4f30-f7d9-703c8c14de15
0a0fd03b-8b57-417a-8bd7-c2909f2a9cff,c8cdd5c0-c7ad-6e42-b69b-36cf76e5b079
e1e309f8-5629-48f3-a959-d18836675149,e8ce8c4f-4dc4-bac3-fbd6-b35aa39ddede
383418c3-6f47-4183-95e1-63d6424ad533,9658dcd0-0dce-125e-27db-73a017cd3c42
ac7e6419-76ff-46d0-a259-9f8a968595ec,4a1caa48-6c3b-60f7-7e01-09e25ab53951
6305ce65-86ff-4aa3-989d-bac096c2c4ea,4a1caa48-6c3b-60f7-7e01-09e25ab53951
e11f0ddf-4fc7-4e4d-b55a-514ea8fad785,ff640a94-94a8-d158-8ac1-b848d7b12f5c
ba7bad22-c0dd-4411-a686-9ab38936edee,dfb82ee6-baa9-a436-a889-7e5b6cb5ae07
9ea13eb7-81b0-4ea3-909c-1c0017c752e9,9658dcd0-0dce-125e-27db-73a017cd3c42
f0ec64a4-e729-408c-a3a6-71110a55698d,ff640a94-94a8-d158-8ac1-b848d7b12f5c
949bf99d-c2af-4a11-ae72-97e87ce954a5,9658dcd0-0dce-125e-27db-73a017cd3c42
93e7c95c-4598-432a-ba01-9aff93b46631,9df08bd0-7ae7-db8b-d7ef-e2d047d4a072
27f23a78-5aea-42b1-8ac2-2bf084f6e3f9,9df08bd0-7ae7-db8b-d7ef-e2d047d4a072
1b50880e-73b5-4636-ba80-ea5f9e93b9f3,cdc79a50-83f0-7675-a9f4-e4bc683fa852
08662ccd-f4a2-4d86-bb08-999227f33613,9df08bd0-7ae7-db8b-d7ef-e2d047d4a072
74d721a6-a0bf-4542-a836-dfd3a9adc66e,cdc79a50-83f0-7675-a9f4-e4bc683fa852
6f768a00-d49f-4dd8-85e3-359ac0e91971,9df08bd0-7ae7-db8b-d7ef-e2d047d4a072
59bdd9e3-aade-4d7e-929a-93a1a15dac6d,9df08bd0-7ae7-db8b-d7ef-e2d047d4a072
7401adf9-70fb-44e8-9146-ccdf4b24aba7,9df08bd0-7ae7-db8b-d7ef-e2d047d4a072
5e796e55-6698-442b-bd10-2dde3aa5bbc6,cdc79a50-83f0-7675-a9f4-e4bc683fa852
7622ea2e-58ed-4f43-8916-93e8b45e3e9a,6f651810-5aac-3583-3da9-5ef3a601a256
ca498df9-63e2-4eb6-909d-f7a25bcd61f4,4e5109c9-dc06-ee59-976c-5d49576af03c
edcb3ee4-fae6-4c1a-a375-af87908cc4d9,b3710cec-b199-ad83-7258-e6b5b826bbb6
d8eef7d9-a83d-4f0f-9443-a9773e9e1988,b3710cec-b199-ad83-7258-e6b5b826bbb6
dae864a0-36a7-4ba2-ba9d-072818749877,cdc79a50-83f0-7675-a9f4-e4bc683fa852
b2c43fe4-22a9-4934-8e30-10444d47d785,9df08bd0-7ae7-db8b-d7ef-e2d047d4a072
ee1b201b-6fb1-41af-8db1-122847cf3114,9df08bd0-7ae7-db8b-d7ef-e2d047d4a072
fc5b2918-36e8-4ed6-a1f0-25586a699c4e,2f958402-97bc-164f-e31d-b1a7b33c7dd6
0afd831a-7818-4e22-b6f6-d3b1149a09ef,b3710cec-b199-ad83-7258-e6b5b826bbb6
b7512342-756a-4a0d-b346-c700c8f5e6f9,c175fb0c-684d-89f2-3497-e986289dd6e3
1cc218f9-2132-459d-8d47-244f668f21d3,72ce5186-e6f1-5ef7-f0f0-4da47b24f573
3cf550c5-3ea5-4ce9-8546-59f68dfaaf80,11fe6649-a8d9-87c9-d2b7-86718029b8ef
87ff5cc2-bf37-4890-8228-3e9e2208e529,fb5cabc0-c206-142c-a16e-10d2aa25e849
5b3ff379-0b18-40e9-a59f-9c4efee824e9,fb5cabc0-c206-142c-a16e-10d2aa25e849
08b405bf-8209-4c7d-92c9-00d6ffe2ad7e,11fe6649-a8d9-87c9-d2b7-86718029b8ef
1056462d-5103-4757-bab8-f55a69a40ed6,2a76bf25-839d-0555-7b4b-bf3e9f93c323
03ae689c-7198-4a76-8ab1-013b12dac8b5,938cc126-564d-491a-1e7c-c6881ce289a6
af08fe5e-0fc9-4c9e-a7b5-8624bedc7d26,f80619f4-27d9-b540-4606-f6b268a6d4e8
996c1999-dfe4-49fe-9819-15900664b143,3445c1a1-5b5c-9014-7741-918512079bca
c929dea8-2f5d-48e7-bfac-e406f4d5f983,c0ab9504-c6e2-0d1c-2248-1c58646aa7d7
e118cf40-dcd0-49fc-8032-094cb4569929,c0ab9504-c6e2-0d1c-2248-1c58646aa7d7
3c71a348-aa13-41c7-8a0a-cdbba855260c,c0ab9504-c6e2-0d1c-2248-1c58646aa7d7
43ffc093-fb85-4e60-bc8d-6bc04614b3fd,c0ab9504-c6e2-0d1c-2248-1c58646aa7d7
39e7736f-a01a-4af1-877f-eff71405f091,a0ad63f6-a6d8-923b-7feb-edec871172fb
e27c5257-ed53-4af8-903c-6b88c40dca7b,47c1a7c4-063b-cb6b-07e4-679ca80b1e85
3206ae8d-8270-492d-8894-d64a583a3194,9d6f64aa-589b-33c0-4225-96bef6904eb5
0a0a0dd0-11a6-41a8-972f-151bacb182d0,623adf3f-56ec-2c4d-0e80-f8e199c314b0
638265f7-36c3-48e5-99c3-b71fca480911,a547298c-3df3-dfc5-816e-be548ea17cef
c6b985b9-f8b2-4f9e-b833-aad3f9e78422,67832f9b-b260-e523-5126-e93b958c6859
390b0d5d-44ab-47dd-a182-9c3b0fac8d80,67832f9b-b260-e523-5126-e93b958c6859
3953dd31-0b28-44d1-99f7-fc7bca4810a8,67832f9b-b260-e523-5126-e93b958c6859
662f7a20-0e60-44b3-b88c-c748dfffa034,67832f9b-b260-e523-5126-e93b958c6859
0842443f-0158-4f25-b0bc-ae5e5f99f0af,67832f9b-b260-e523-5126-e93b958c6859
ba2525e3-69b5-4eb3-ae9f-636b0126f9de,67832f9b-b260-e523-5126-e93b958c6859
04a8fd80-6412-4763-8341-f4c11914f30f,67832f9b-b260-e523-5126-e93b958c6859
766d71b4-b63f-4c04-bf48-7a33d3bdd2bf,67832f9b-b260-e523-5126-e93b958c6859
d7600171-41bd-4167-a50e-23c8fb5ca0ca,67832f9b-b260-e523-5126-e93b958c6859
441ec6dd-39d5-4366-94f4-7abcef038442,a547298c-3df3-dfc5-816e-be548ea17cef
afbdd2eb-ebde-4f93-aaa2-e59ad7dd5b5a,a547298c-3df3-dfc5-816e-be548ea17cef
c754428e-d338-44b5-810e-6e69400d2e29,a547298c-3df3-dfc5-816e-be548ea17cef
5957c888-be87-4081-8f44-ad0a9a7dc9ed,a547298c-3df3-dfc5-816e-be548ea17cef
94e29688-9a6c-4d40-bc1d-94672729cf8c,a547298c-3df3-dfc5-816e-be548ea17cef
75ab6f53-389f-4319-a4f6-82d84d36227b,a547298c-3df3-dfc5-816e-be548ea17cef
3a767a49-4f6e-499d-829b-7c4a86764f24,a547298c-3df3-dfc5-816e-be548ea17cef
99d08a81-47af-4c63-92fa-3cb66e9ce2fb,a547298c-3df3-dfc5-816e-be548ea17cef
9cfed0b0-7400-4326-8a69-12c0bc4b7c54,a8f58484-783b-4141-12da-edb834e5fe2b
06bbcb9b-0a7f-4cf8-8528-d8988b612c1b,02755561-3bd7-3fc7-f8ad-b31cbd2956b8
cd90cf40-a81c-4e42-b95f-cfce4428b03b,02755561-3bd7-3fc7-f8ad-b31cbd2956b8
5fc0db55-ad6e-41dd-a63d-f27663c17ce1,cb9897df-9688-bac6-0375-0427f2bd2b05
509be058-4439-49c2-92ae-3f7c8a7f6fcc,cb9897df-9688-bac6-0375-0427f2bd2b05
baebf41f-e3bb-4519-9799-68d9dcad944f,cb9897df-9688-bac6-0375-0427f2bd2b05
2ce7045e-de54-4af0-b8b4-7c3b1230bdef,cb9897df-9688-bac6-0375-0427f2bd2b05
0a33f3dc-142c-4c77-a938-dfc8b2878ecd,b68fa23a-fc6e-165d-9f07-4f106fa051cd
da14f9c9-5788-4b77-bbb6-5f8d13cbbe50,b68fa23a-fc6e-165d-9f07-4f106fa051cd
6b745f0c-88d4-475f-a318-abe67332f7ba,b68fa23a-fc6e-165d-9f07-4f106fa051cd
7d39368d-fc87-418d-be58-1e844630291f,c2d3c449-daca-3806-5b99-b82b03c55e7b
6e5d73c4-1bf7-4fce-887b-f80d4c60b1d1,c2d3c449-daca-3806-5b99-b82b03c55e7b
38180822-24c4-47f9-9d70-9c0605a7025c,7ecf84a5-1583-c4b0-55a4-b8c45bf2dc44
93082bb4-2a84-4c2f-9978-90de8143b778,3c52bc39-0b51-00af-184a-b2c127166d0d
2fb031db-98a9-4ee3-9f5d-a8fcf868c832,535c6f91-6066-9318-ca0f-74fa3b6b3af3
6f029e9f-3293-4344-b478-2122a0cd67fa,9a30fe2b-e901-0cb3-5116-7ac9cc5c3504
b47f7fb1-ffed-470e-a2fc-83f1e08aa55c,0999a6e9-8fa2-db99-32bf-7abcebb228b6
1ba681cf-7174-42a7-9563-12291e4b2571,999d0e8e-2dbe-8d06-8b7f-342a2d366a6b
f42b79f3-f888-4c5d-8b29-9df9db5bac5b,999d0e8e-2dbe-8d06-8b7f-342a2d366a6b
76095744-4ba0-4963-8716-7b086861344e,4feea75c-1a98-2933-2775-bdec81a3d18e
7f7617d9-77c7-432b-b2a6-6f58f53f582f,8adbc353-94d5-0a31-3af2-79b296135f9d
930fc553-d33d-4ac8-b408-9da3391e107f,757a7881-559e-7753-3415-5328d959109e
2d196c33-9491-43a0-9fb6-7d15c64aafc5,0573dc34-bc51-8c5c-cc6e-e47817bcc472
a91265a3-d334-48b7-913d-6757b08ab2fa,0573dc34-bc51-8c5c-cc6e-e47817bcc472
a0bb36cf-b914-46b6-98e7-70b60b0977ca,97b4b4b0-a638-f81b-bee6-c802b35baa3c
f924a2e1-6502-4281-ac05-f5f0de92e8ab,97b4b4b0-a638-f81b-bee6-c802b35baa3c
e339faa6-1aae-4024-9726-8b3b230c3c5d,757a7881-559e-7753-3415-5328d959109e
09a151df-ea9e-4a44-b5ac-3a628de732e9,c01c0875-dcec-7299-66dd-9cbcd1151dcb
d6ab7d1f-a966-4af8-8607-d15a279a54f9,00793ca8-d52b-7eb8-ad0a-53ce052a204d
653daf85-16b6-41a3-965e-e842ac4b7da1,f50afe6a-b533-66ef-987e-580f3ca10480
66c1c9c4-dfea-45ec-92b2-f5047782e7eb,7db93c0b-efcc-bf55-ed06-30e917b690e1
2c27b844-adf5-4131-aec1-0f275d173919,7db93c0b-efcc-bf55-ed06-30e917b690e1
6424ec71-d8b1-4756-8d81-611d68f6ac03,b80fbdd1-2d26-3912-738f-1bf2139d183a
e9db790a-d8e2-4971-9551-1381635ef09f,8a31e1a0-09dd-1d05-677f-e65000d65aef
dd34decc-a0ea-4805-b645-da62de9da2be,8a31e1a0-09dd-1d05-677f-e65000d65aef
2f7ee9ab-034c-4fa7-bf4e-c01efbd26eef,8a31e1a0-09dd-1d05-677f-e65000d65aef
495d574d-3a8d-4f06-9886-ba8ad20c45dc,94b5cacd-386f-7e38-1e4d-c52f7a99bea4
98456d8f-d5e3-4b43-87c1-5c4e1fa8c389,26708363-90ee-adfd-e6b6-90fa3f211fa4
bdd630d7-a32a-4f91-8b82-10a26dec72f5,26708363-90ee-adfd-e6b6-90fa3f211fa4
36e9fa08-c06e-40a2-82ba-15688da58d0e,7b1e8440-c462-c6de-bf4e-d9a2aace6911
d144a115-7ada-46c6-b183-bd5e3cc1b41c,7b1e8440-c462-c6de-bf4e-d9a2aace6911
f843d420-438c-494c-8fa4-0c60c671023a,74c362d5-e298-f232-4d7a-24ccd647739d
6835d13c-8de5-46b1-bcee-1cf51819a061,94b5cacd-386f-7e38-1e4d-c52f7a99bea4
42f33940-2bdb-4248-bafb-1df5463edac1,31b609f7-1bd7-03d9-7242-5ae75be7036b
c223d0f5-54e6-4134-841c-2ffe2bbe98b1,74c362d5-e298-f232-4d7a-24ccd647739d
c6e72963-62e2-410f-a06c-ededfce9f686,e8cb2aaf-f235-df84-1d2c-ab8e9aeb8ba0
e632cc4d-7e10-4197-9f66-0af3e93fd1aa,72ce5186-e6f1-5ef7-f0f0-4da47b24f573
21e10a6b-ab57-43ea-90f8-95871a62bb55,71e7421c-383f-41c2-8f71-bcebaf75e8a0
5055d5ea-d0d8-439c-aac5-d482817ff286,441ef858-5cfd-c241-56ed-3901f833095d
50a53489-3b0c-436c-a90e-332c073b49c1,165a2c61-33ac-a248-bf9a-f981f1a9f383
ed52b61c-d1dd-451b-9be9-6530824e66d8,812a65d7-f102-96a1-e070-879e7a8c1baa
297042db-1adf-418c-b192-0fe5455ab770,812a65d7-f102-96a1-e070-879e7a8c1baa
37b0bc5e-ff32-429b-86f8-b6129e1e967c,812a65d7-f102-96a1-e070-879e7a8c1baa
636b4991-f8f5-4ee5-97ed-26426fae712a,812a65d7-f102-96a1-e070-879e7a8c1baa
3b85a174-477c-4858-8eca-32c7359b64a1,d7a07384-af3c-ee23-f2a0-fc4972ca028b
c833dbce-4679-499d-9424-736ab8b8ad50,d1f21b4e-24ff-a1d7-ebaa-f241d949148c
6dbd2b85-09d6-4c2d-a771-d20adaaf6c4f,d1f21b4e-24ff-a1d7-ebaa-f241d949148c
5fe2482c-1643-4881-9a62-e99ef618c814,6f651810-5aac-3583-3da9-5ef3a601a256
41f23fe8-26ef-493c-819f-8e1c50686cf6,b28a897c-2e45-4075-0872-937466049d69
e6c0f34c-15bf-4db3-b8e7-46cf0cfc5912,812a65d7-f102-96a1-e070-879e7a8c1baa
77bf4c89-065b-4a30-8373-1120f67837c9,f423a24a-a7af-5528-cdd1-4cd36fba3b1d
02f044a5-e852-49d0-b38f-41bc9f5f4537,ce1d416a-3577-7501-4cf4-b6779e135417
4a4a9ba2-2912-47d1-bfb3-16f185b03a69,ce1d416a-3577-7501-4cf4-b6779e135417
f3b693b9-a2c3-4968-aabb-0cb0792a9300,40a0fca9-e618-faa0-2d61-726c73a6b21f
e7715d6f-77b0-453f-8c19-7dc6e367db9d,fc764673-eaa6-237b-cf43-d432fb25bb45
1e5a39db-2110-4fa3-b643-ce67adf8766d,e7d5338b-cc57-bc0c-6099-e4c394a8c89f
4f34e2c3-9ee8-468b-bcaa-c8b6f3ebc1c6,086bebf6-377a-f5c0-f0ca-a56f0727f504
fb54d307-de7c-46ab-a548-a18a0b90fa13,4c6d14a2-32e0-d493-5850-fa11f1a7bea5
ef06ac02-e08a-4fa4-80f0-ac64d0b1bc95,876c00d1-6465-4d93-0520-dfd824dc7b86
4a647ec7-493d-42fe-954f-7e9110a83dc0,5ddba784-e909-2612-89f9-a862988b2f7c
4a14e2dc-6570-46a9-ad38-1c484749e2ae,5ddba784-e909-2612-89f9-a862988b2f7c
02bd4e47-c3d5-4c0b-9eca-b1f30611d5cd,5ddba784-e909-2612-89f9-a862988b2f7c
d876679c-b807-44f2-b25c-669536553a27,5ddba784-e909-2612-89f9-a862988b2f7c
54189139-a3d2-4a87-9238-5a175f647de3,49bffcc8-2e6b-bda7-4658-2de3c04b2a59
41eaa70d-bafe-42ec-8a0a-253b133b13f9,49bffcc8-2e6b-bda7-4658-2de3c04b2a59
a87384fb-5bdd-49d4-ae22-fc3db3ac4ab5,d4c0f3cd-c0f8-d577-0549-32b44a702495
1fb8d3bd-44ec-4442-ad58-300ef60ec847,93083aa6-53af-e4bd-8a81-7d8f98f73dd6
e2cc7b60-634a-499e-97fb-c9221e6d86e8,93083aa6-53af-e4bd-8a81-7d8f98f73dd6
54756fc4-ed43-43da-ad45-3e7139302666,93083aa6-53af-e4bd-8a81-7d8f98f73dd6
7124f6e5-3704-4af9-a57b-7c36c2a763b8,b127e3ae-0104-3e0c-9969-f30e8a6220b7
2e34b013-e796-4edb-9687-1bf7b40215ac,fcc5ddf8-223e-98cf-f7e5-45d1f2383d14
3be7baeb-fa58-41d5-957a-aa2bb6927a4b,93c9c50c-4c6b-122e-8615-20a7ff2462b5
0627fc3b-1e63-41db-b128-eb63ae123cf3,93c9c50c-4c6b-122e-8615-20a7ff2462b5
f527b1cb-ceab-4d3e-b450-cb626d4aa16e,d4c0f3cd-c0f8-d577-0549-32b44a702495
9ad018bb-3b55-4cc5-bb7c-a9aeb14fde9c,c10ec5f5-755f-acac-00fa-499e920026ba
5fea15db-b8fc-4307-b10e-ccbd286cc6de,c10ec5f5-755f-acac-00fa-499e920026ba
2b5bad0a-b9eb-44da-8168-3f9b1fd6cd6a,c10ec5f5-755f-acac-00fa-499e920026ba
4f59330d-a93b-4c21-9bad-147d70bf86c3,c10ec5f5-755f-acac-00fa-499e920026ba
d83e0fac-3806-4357-9e21-9d871e3a005c,762dc508-b77b-17d8-3f62-7c22f7b4a8fa
0c7d6da2-069d-4b72-b622-3ca4fb0bee54,762dc508-b77b-17d8-3f62-7c22f7b4a8fa
ed58448e-c392-4a78-812c-9750a02c5015,d929e77e-24f7-f139-3fbf-8ae819435f6c
3cbcc9b3-6c22-403a-baf3-72ae3a48486f,d929e77e-24f7-f139-3fbf-8ae819435f6c
3d695a8b-f950-42eb-95bd-a96cf8249226,d929e77e-24f7-f139-3fbf-8ae819435f6c
0a746c06-cd7c-4f14-9a90-6dd70f86b2db,67ab3ed9-a716-bd38-2fce-68953702c940
5e9d6d3c-788b-4eda-90e4-964f5b21829b,077b1b03-e167-1fec-1ddd-ee0eb1ee125e
6fc55f22-fe59-4b09-b43f-1de001060d23,bfe50b8e-edc8-bbec-fee8-cc6e27ef92d1
c7d0c614-1239-44db-9b50-20f6b2643d3f,a29b476f-97c7-707f-8dc1-b0eb43009ffe
709e17ae-a5d6-4336-add1-509e03f937d1,a29b476f-97c7-707f-8dc1-b0eb43009ffe
620cd714-5dcd-4961-9706-e202f751d802,a29b476f-97c7-707f-8dc1-b0eb43009ffe
fbb49437-716d-448a-8545-58bbf281b1f7,70fdac26-9d7f-f55d-1575-b2ae2c45dcdc
c636b3dd-e966-4e08-a3ef-5b7b95fb6f0d,1e6c13f2-4903-5075-853d-03f824a9b06a
565a2027-f484-4459-aed4-36e9360a4ad3,f7d47630-8b0a-7e80-f66b-e611c6fec10b
e85f6316-4e0b-46cc-82d3-b94f4eb82fb7,ebae3653-8eea-b9f9-61e3-6e4df8a539a8
31f2ae56-e9d8-4df2-a178-56c2044e0852,ebae3653-8eea-b9f9-61e3-6e4df8a539a8
c0df8e09-ac12-4fe2-9baf-f8dd63b2d49c,ebae3653-8eea-b9f9-61e3-6e4df8a539a8
fd74cc0a-c4e5-4017-8be4-b9a8e5623b07,ebae3653-8eea-b9f9-61e3-6e4df8a539a8
3ff697f6-a518-49b5-bb91-67317afe0a15,ebae3653-8eea-b9f9-61e3-6e4df8a539a8
bfae52f8-e9f8-45e8-a56b-6bc6f83e0890,ebae3653-8eea-b9f9-61e3-6e4df8a539a8
da39aa42-5ab9-45a0-b8ca-dccdf92cad22,ebae3653-8eea-b9f9-61e3-6e4df8a539a8
0defec51-a424-4c58-9de2-e0847c15faac,ebae3653-8eea-b9f9-61e3-6e4df8a539a8
6f752cd0-26ee-4c56-bfa1-b24b05ed8d63,ebae3653-8eea-b9f9-61e3-6e4df8a539a8
f8f01f06-455f-42be-9b3e-9d69aa1ecd3a,3470720f-2fc1-0bb6-8b20-1d3aa2a2c670
cd9ca74c-be4a-4762-b091-027042ed672c,d93d5153-330e-9a01-44c7-540954ec718f
4b99232e-ba35-4b0f-a8db-83440029214b,61e74155-6c83-4592-c8a6-27c1c3dea5f3
5de0bc7d-a4a9-44ce-a488-282898cd1950,0f3a8280-4392-3813-5059-2342a20fabb5
7532604e-571e-473b-abaf-d5c356696f7e,0f3a8280-4392-3813-5059-2342a20fabb5
9dbabbbd-ed7d-4154-ba6b-098aec071870,0f3a8280-4392-3813-5059-2342a20fabb5
3fc00878-d057-43aa-b4c0-2061e06d0f16,2fc46a22-7c5c-e430-347e-540ddeb5633b
6431e443-78a7-4f16-9491-fcd2c6c12489,2fc46a22-7c5c-e430-347e-540ddeb5633b
ba9b6a53-585e-4a77-b913-247475c476ae,d93d5153-330e-9a01-44c7-540954ec718f
078f8cda-5117-406a-9c4e-37b223563d13,3470720f-2fc1-0bb6-8b20-1d3aa2a2c670
0fe8b567-2f8b-4b38-b925-51f584f8f38b,b1ed04f8-9a6d-0629-7d90-31ce4ca31e2e
6189f319-8a55-4c15-9b99-8b70da237895,b1ed04f8-9a6d-0629-7d90-31ce4ca31e2e
2fefe9e2-653c-4bff-bba1-cac1be43597b,b1ed04f8-9a6d-0629-7d90-31ce4ca31e2e
80feea66-031e-421c-8931-13b915e48dc7,f3dc960f-731e-be9d-86b5-c436782d3fb3
6dd90e5d-e65c-403b-9023-d2fcb3285bfc,f3dc960f-731e-be9d-86b5-c436782d3fb3
5b298e97-583e-48f3-b431-4619093c1eb1,333ddaa1-a326-341c-2d18-8e4910019c2d
99b88336-31e3-452b-9116-ae7c78d6c887,a911121a-23f5-c9a7-dca6-4f216430841a
473a4c67-6a05-410e-87b1-c36e8ffd06c5,d93d5153-330e-9a01-44c7-540954ec718f
5ab7f762-c4fe-4f95-ac42-51ee361441f1,e35bafea-b8d4-ecf3-9b4d-874707b6dbee
d17147e2-e18b-49f3-aef4-cba16b337bf1,a911121a-23f5-c9a7-dca6-4f216430841a
a818ba0b-656b-4c92-929e-2c15b937ad8b,f61eb55d-bb37-c4a8-24f0-82e7405cf768
2d09215f-ad58-48fd-92c9-467dbc4b57e4,82af53a5-ad1d-c00c-b038-c133292731c5
72de18a1-d39c-4529-8c8f-03c11c436fb9,f61eb55d-bb37-c4a8-24f0-82e7405cf768
7142634d-bc0c-4be0-9551-7dc9cd5a73ef,e35bafea-b8d4-ecf3-9b4d-874707b6dbee
f6300cc1-e39c-4c7a-bcd4-4b20b3a975c1,a911121a-23f5-c9a7-dca6-4f216430841a
ce1058aa-7b09-4e38-ad1d-48ff596b5283,e35bafea-b8d4-ecf3-9b4d-874707b6dbee
fe0bf4d1-6569-4fca-a8ff-7b722f8723d1,a2e2a37e-2ab8-a7b8-32d3-7807f9f07846
a83b916c-6600-4793-be98-a0e13739a046,a2e2a37e-2ab8-a7b8-32d3-7807f9f07846
af6e68bf-c71f-4e5c-8c18-e653f485d6db,a2e2a37e-2ab8-a7b8-32d3-7807f9f07846
bbae6f36-7d07-4aac-8616-aeafca99611f,4876cca9-dad9-751d-f706-71646669c9a0
aafca3e8-16e7-4418-b8d8-9d7c1a38093f,4876cca9-dad9-751d-f706-71646669c9a0
a9701488-caf9-4c02-96b6-9ff5e4af131b,4876cca9-dad9-751d-f706-71646669c9a0
bcaf12e2-73f5-4ea9-bb12-3e0dadb74f63,675c8db0-1176-792e-168d-8b020a858439
69630024-ec2b-4238-b653-ce8135b9c0a6,88eaef2a-dc0e-32a3-99dc-b47f584ff57e
184cb18a-78cd-4a5d-a3f1-db51ab8652dd,580c1afc-aa0e-d9b2-6e2a-d563511f3022
2e8e5886-eb97-4135-a0a9-9ae7962129f2,580c1afc-aa0e-d9b2-6e2a-d563511f3022
4627f08b-8d00-438d-a96b-781668021076,580c1afc-aa0e-d9b2-6e2a-d563511f3022
616e8938-03cc-4cfa-949a-e409d5097d9e,580c1afc-aa0e-d9b2-6e2a-d563511f3022
84ca4858-e2ce-4236-8426-38a169ad3a7c,1dde2b9c-d026-cc39-1117-3c8807d8d8ec
a7fc6383-97cb-4dac-8608-2f61edef809a,1dde2b9c-d026-cc39-1117-3c8807d8d8ec
d8faff51-fac9-48a0-af3c-b4171eb89e8b,1dde2b9c-d026-cc39-1117-3c8807d8d8ec
7cfe22f1-ce64-4e2b-99c3-b201784d924c,1dde2b9c-d026-cc39-1117-3c8807d8d8ec
73f4ca39-bda3-46e2-9b74-6b2883ace746,1dde2b9c-d026-cc39-1117-3c8807d8d8ec
84ea7ca9-d055-4fd6-b1d6-8c40aa0ccbf4,b8844957-6018-5fc4-577c-dfa3810801ad
5818b997-bec7-4bed-9200-f7ed80b07b56,b8844957-6018-5fc4-577c-dfa3810801ad
d9335667-569c-4778-9946-8ffc0cdf3a7c,84ef3b1e-10f7-1f5f-f08e-ca19c4d7e868
3c3ed207-5a8c-437d-b01f-6a1cce61f360,6c73700f-cd41-7ff2-267b-56d29312cf05
cf4cda9f-18d3-4db2-ab63-aa61d205dd10,e0e14d19-bc75-d308-8a73-23f2506e812b
4147034c-aa3d-4aa1-9711-f6857d0a8d43,e0e14d19-bc75-d308-8a73-23f2506e812b
0ace5811-83b6-44de-9769-9a338840ef48,9097e3dd-249f-4874-4e9f-35b5321ac3a5
e7d1c841-a796-48f1-b3da-85910d6f52ba,9097e3dd-249f-4874-4e9f-35b5321ac3a5
ccee044c-7ca3-4fd7-99de-968928c8a4dd,3932b95f-ffe1-e102-5cfa-d4fdf65f9245
aff424dd-328e-4887-88d2-045041e95a83,3932b95f-ffe1-e102-5cfa-d4fdf65f9245
fe6e8dc0-4f17-4e0c-9f6b-8126ee1b8855,3932b95f-ffe1-e102-5cfa-d4fdf65f9245
dae11495-b494-4a3f-841c-1774ef14b043,f116221e-630c-baed-8476-c53da24dd62b
3af9b339-147b-41c6-9b2d-18c9411263df,c3eae6fb-5818-e8b5-384e-10c5f49cc18e
ec10e137-9200-451c-aa2c-122fb6827bdf,c3eae6fb-5818-e8b5-384e-10c5f49cc18e
ecdf990c-53c6-426d-af28-bcfced0325dc,c3eae6fb-5818-e8b5-384e-10c5f49cc18e
1722264d-d316-4919-93a3-458b713dde5e,c3eae6fb-5818-e8b5-384e-10c5f49cc18e
593147a2-0cdf-4990-804f-3f7f890212ec,c3eae6fb-5818-e8b5-384e-10c5f49cc18e
b02365ac-b38d-425f-8d61-bfe1736d1021,c3eae6fb-5818-e8b5-384e-10c5f49cc18e
ba243301-c1ba-4835-a145-0ba872a66b7c,c3eae6fb-5818-e8b5-384e-10c5f49cc18e
aa1ec24b-400d-4d8b-bac5-f0692b97decb,c3eae6fb-5818-e8b5-384e-10c5f49cc18e
7071d65c-a3f0-4267-9b70-dd8609c78192,98241b26-a03c-9166-416c-b6b812803746
0e410c7f-a8d1-4d60-a595-35f5dbbd6083,98241b26-a03c-9166-416c-b6b812803746
6666f6f1-b8d9-47da-b501-dadf8e5e8327,98241b26-a03c-9166-416c-b6b812803746
d3937ad3-b9c1-4643-9786-d86448d7544e,98241b26-a03c-9166-416c-b6b812803746
87c6fd63-ae08-4a30-a2c6-9b5ccd083062,98241b26-a03c-9166-416c-b6b812803746
d8dc303c-a872-4539-a677-b7c24238b227,c3eae6fb-5818-e8b5-384e-10c5f49cc18e
1da0040f-1e63-4f12-8dcc-c8723da4c6e4,c3eae6fb-5818-e8b5-384e-10c5f49cc18e
d4c633bb-92d7-4578-b51c-38f57844da36,c3eae6fb-5818-e8b5-384e-10c5f49cc18e
90d0039f-ac7a-4af8-83ee-5e0f240bb1db,f116221e-630c-baed-8476-c53da24dd62b
6956f9b5-eb42-46e5-9013-2f1b6ee587a8,f116221e-630c-baed-8476-c53da24dd62b
98ff3499-0592-4a99-ac5d-a60e2bacff86,f116221e-630c-baed-8476-c53da24dd62b
1a72f951-4612-4812-996e-f0ced1007900,f116221e-630c-baed-8476-c53da24dd62b
e84840c2-dbd9-4665-bd18-55d3dc0b7317,f116221e-630c-baed-8476-c53da24dd62b
b5fbb290-c116-40fb-8e97-51aa9f50585f,3b377061-90af-3c54-a55a-8d3b20d5ed7c
03f4e6a3-1090-49d0-8357-206fbac3b24b,693ec358-0029-1f1c-af1b-2d0e238a897c
9d5ea900-975f-4bf0-b6e6-0f78f48a9a6c,44961e5b-0aa3-7f0d-218e-f41e9d7abd58
e3f065fc-731b-421c-9bb4-990dcea2fd72,71c01d70-1d96-ce4b-156f-e089f60dc00c
ffbb4ed1-9dc4-4d94-83c1-b079cee740a3,71c01d70-1d96-ce4b-156f-e089f60dc00c
6cc964c4-e1df-4a2c-a081-aeecfdcac61b,5f20e5c8-a8e1-6898-20be-f8f715155dc4
ef5cc43e-f848-452e-869b-7d32661ac1aa,f6702497-5d29-a559-7e8c-6197c2079c16
f940cb2a-a87e-4e2b-a221-6abd03feb1de,185c0456-afe4-105c-4073-4d31802dd8cf
53d6d315-3598-426e-a65c-9e77817b276f,985704ca-fcdb-72da-fe4e-a5d2ed0f0f90
76f82384-e0f7-4ae6-9e94-f4bb0bc9a788,985704ca-fcdb-72da-fe4e-a5d2ed0f0f90
2186966c-ef72-4bfa-8e22-1ba9bf84d2c9,985704ca-fcdb-72da-fe4e-a5d2ed0f0f90
bdc8fc9a-890c-4475-b46a-eccf1195b18c,0999a6e9-8fa2-db99-32bf-7abcebb228b6
3ad0617a-2f23-4a1a-8c9a-c02e2c4aff4d,92327d44-aab0-0a34-5506-927951df82eb
92889b32-4010-4e8e-89d4-24696ecc185f,10b13044-6646-4c65-2c7f-d73aa8cafc98
2a4ba8e0-1b38-44b8-bb7f-87eddee8fbf5,e8cb2aaf-f235-df84-1d2c-ab8e9aeb8ba0
8d893bec-e113-4d28-afc2-cd6c03c8017c,4d43f5cf-8a12-78af-ad45-25ce5b91ac88
4cfd319a-565b-4e2e-aaa8-df06d85e32b6,bedbd2fe-f255-7b36-8c4f-e5c07d2b332b
f7884ea3-2182-460d-9588-53cb910f6956,4d43f5cf-8a12-78af-ad45-25ce5b91ac88
bf068ace-f38b-4eeb-9d41-7fb3f9a0fa43,4d43f5cf-8a12-78af-ad45-25ce5b91ac88
7df7bd31-6aa2-46b7-a8f9-b26bca513a0d,80dae55f-11a5-b2b4-45bc-d8f22b89e06e
b6b95bcf-b3fc-4d4a-991c-f2a038d2f321,80dae55f-11a5-b2b4-45bc-d8f22b89e06e
d1a5250a-fd4b-4b84-973d-009a33931e6f,7a696d9c-e636-a518-1ff7-f5b31f91c130
a4ad898a-9272-4c41-9617-9be42b4d2b76,7a696d9c-e636-a518-1ff7-f5b31f91c130
937a2a76-4c34-4631-bbdb-14d0387b1faf,e5032a0b-b1e0-ed0d-6674-ec54cff327a0
c39911a1-0cec-4585-adb7-21dfae7709aa,459df19f-5bec-16ab-c56f-3f29e2a92593
263f855c-a06a-484c-b0d2-c7f8f676f81e,91dfee53-7aa5-22d5-6dc4-f3831645a90f
097bc179-4848-44b5-af65-68be1c1d0935,91dfee53-7aa5-22d5-6dc4-f3831645a90f
bf99eaf0-36aa-4073-b745-a1d116b7198a,91dfee53-7aa5-22d5-6dc4-f3831645a90f
8025a7fe-4f6b-4b8a-9152-8d95ed10fd6f,918a3e6b-6ff0-1d87-660d-501d9687deb8
c13b8ab9-9223-4da0-ad94-11d9d497decd,af98e5f6-0fff-b514-123a-d3d2fa2e51d6
432f8337-9cf7-4e2b-94de-2e1fea63f7a6,af98e5f6-0fff-b514-123a-d3d2fa2e51d6
eb4cecc0-828e-493a-be8f-ef85635a5504,af98e5f6-0fff-b514-123a-d3d2fa2e51d6
7c878f48-0f5a-4856-b442-ea46bda883fb,af98e5f6-0fff-b514-123a-d3d2fa2e51d6
99b27f28-0bd6-4934-8da6-719f40e87b5c,af98e5f6-0fff-b514-123a-d3d2fa2e51d6
99db6491-070e-42fa-a140-61a98b0f982d,af98e5f6-0fff-b514-123a-d3d2fa2e51d6
f5163f39-940c-402f-a30f-62531e480b96,af98e5f6-0fff-b514-123a-d3d2fa2e51d6
4870deab-71e6-4e36-814f-8c35a58adab8,af98e5f6-0fff-b514-123a-d3d2fa2e51d6
b9c6517b-2fd2-4005-b509-95fd58129220,cc0eaa04-705a-7b13-3545-926733f16e46
a3afd4f1-c785-48ae-9853-d747f1202165,085080be-d780-80fd-4161-a7529df689c4
8a7d624b-0c47-4639-b14f-46525c20628b,61e74155-6c83-4592-c8a6-27c1c3dea5f3
7be9284a-b097-4df5-9ad0-45284f0239c9,daa57a49-5429-8167-9161-06cc2606337c
6d111c35-9576-4ac7-93df-130b7fbcb6f9,daa57a49-5429-8167-9161-06cc2606337c
b56ec375-32d4-4025-b6a2-4c2f692361cd,daa57a49-5429-8167-9161-06cc2606337c
476ba8a8-21ec-4b9d-b72c-debc24d2d4a6,daa57a49-5429-8167-9161-06cc2606337c
1d57c09d-4f33-4b2c-b35f-08bdcdca2284,502a10c3-c9e3-8283-2f7b-42e2ceb28da5
f646e166-8212-4aaf-b263-12173e368f24,502a10c3-c9e3-8283-2f7b-42e2ceb28da5
e2a2829e-4c37-4417-83c8-7d9e83c3c334,ac77aa0e-eea9-4002-f427-b6e002b6843f
6e33a27b-4360-4d62-b956-ad8d6ee53dda,ac77aa0e-eea9-4002-f427-b6e002b6843f
182d60c7-4853-4cd7-8c8c-e63a51cb8eee,80d680a3-7d5b-59e4-7124-2e020e21a87a
ab2f6a89-e3e2-446f-863b-a171d42fba81,6355ff4b-2389-cddf-3acf-9832c0a1dec6
a4fbcf7b-3e1f-40d9-9efa-5cd6b852235e,f50afe6a-b533-66ef-987e-580f3ca10480
9c7af34f-b47d-46ed-9f9b-abffbf3e9d2f,7201b0b1-cdca-ebab-4a50-606d16cdf5e1
62ff4a1f-5349-4558-98da-2efb1aec49ed,
e49df124-8995-4cd3-93f2-ae05e6e709a0,
64bc479d-01cc-49bb-a351-4255454e0ec5,bfe50b8e-edc8-bbec-fee8-cc6e27ef92d1
8f8e266e-bcc0-4dfb-94b1-91a9d9cc8717,6f651810-5aac-3583-3da9-5ef3a601a256
fe114855-d341-43a3-aa47-b8aab3c4d8b0,9d49e696-0115-9df8-8bc1-f6cd9b34c39e
16a78eef-2b51-448c-bceb-8132acd926d1,1d245bb2-dd0d-0583-10dc-fd95aa42c6fb
7a9294a8-fdae-4c8c-9a81-f8bc6b09f197,1d245bb2-dd0d-0583-10dc-fd95aa42c6fb
bc88937f-e4ca-4062-a403-d431dc5c6a00,7df93ee8-6570-e0ea-3502-f64f88fb5dba
2732f417-78fb-44da-8f82-c4442d04cfee,e900d23b-6013-da6b-98a8-d9b560e1779a
6ef651f1-e2d7-4da7-a0f7-4157ac5c97d2,7df93ee8-6570-e0ea-3502-f64f88fb5dba
686a5193-cfb0-45f1-8884-bcc30c6fb76d,24d58acb-927a-37ca-b31c-aa147e8276f8
e963aa74-2d33-4f0b-8a67-1b0d64670e29,c5287bc8-f6c3-869f-5c26-1667017e1d1e
5bba9659-ebc1-43ff-8402-ca89aac03231,5774cb0c-bc25-69ed-b2b9-f3eaf6a17662
a30d8a66-91ea-4307-8a43-95f23151b82d,5774cb0c-bc25-69ed-b2b9-f3eaf6a17662
7780fca3-e12b-4d2a-982a-c8b87a8f4e85,32398225-684a-0133-b7d0-f9ad1e65c8e9
44226510-4bee-40d1-ad49-71e4b74a52ac,32398225-684a-0133-b7d0-f9ad1e65c8e9
42b79606-cf25-4e18-a8a2-5fb84eed65df,32398225-684a-0133-b7d0-f9ad1e65c8e9
e1accdfb-4387-4603-b285-39f5ffe026d0,32398225-684a-0133-b7d0-f9ad1e65c8e9
179126d9-d7e4-4956-b849-f3439965802c,32398225-684a-0133-b7d0-f9ad1e65c8e9
fe488498-fce2-4702-bb25-b209a7471815,32398225-684a-0133-b7d0-f9ad1e65c8e9
a48ca9b5-6ac8-4f32-b1f6-2cbb963232fd,989411dd-aaa2-185d-87f4-76c5b494a7ef
484f3bc2-8905-4687-9483-65eabc24abad,411d617f-eec7-4dcd-206b-edcb2135f428
b4baf93c-8b39-4b23-b4c6-6a37505957b9,411d617f-eec7-4dcd-206b-edcb2135f428
dcc8587f-8d16-4120-9057-35ed672e2d35,411d617f-eec7-4dcd-206b-edcb2135f428
ad54269d-0548-4e54-913e-c3bf4bb4dca4,23bf91c0-81a2-2453-0011-425a3127fb00
5d3d6680-fa03-4c38-a9b8-b848dfa3a62d,411d617f-eec7-4dcd-206b-edcb2135f428
fca152b6-8ea7-43be-8ed6-4d415fbe5dda,c8458233-152c-0e7d-4a20-c37441bf7efe
f3290343-78a7-4648-a017-242d0a3eb054,c8458233-152c-0e7d-4a20-c37441bf7efe
dd000423-690a-42af-8a7f-7c6d8f326436,46075783-01f4-e53c-4a45-8ecb1c3f8164
8d143476-ffc3-4755-9cd0-dd713bf2dcd4,b97be723-26c2-c9ed-d70d-fbd22152a0b4
0840ccdf-1e93-4259-8a66-2d5ae2016e59,b97be723-26c2-c9ed-d70d-fbd22152a0b4
6077848b-4d6e-4329-a6d8-274e20989347,b97be723-26c2-c9ed-d70d-fbd22152a0b4
7a8b9826-1cf9-4bfc-82cd-f27076d286e4,b97be723-26c2-c9ed-d70d-fbd22152a0b4
bb9b41ed-e92b-45dd-bf2f-2f2d7f419a0c,c8458233-152c-0e7d-4a20-c37441bf7efe
781e9b1b-1036-4c4b-87b5-1d07aa211e30,c8458233-152c-0e7d-4a20-c37441bf7efe
9e7ae23e-45f6-4330-92da-4af8f56ee3ac,c12a23c2-d097-d3ec-144c-6f0974b11f4c
156adc24-1bee-47d0-9e23-60b6ef6b8281,38e2d254-6216-7331-5573-80d450ffbe64
778e8270-5c75-4087-a582-58c295aed318,38e2d254-6216-7331-5573-80d450ffbe64
87365371-6b96-4b4b-967f-df9bf2def7f0,38e2d254-6216-7331-5573-80d450ffbe64
ef4a4043-8b4a-40bb-aa3a-6540d64cdc59,38e2d254-6216-7331-5573-80d450ffbe64
7251910c-ecdd-4bfc-b9dc-04d8bf4c3318,38e2d254-6216-7331-5573-80d450ffbe64
8ad452c0-4366-456e-a754-fab63b590ed0,201e4045-d43f-d924-9c75-e09582be2a03
2304e491-d523-451d-a154-343d65563d9a,d657eba1-4d28-ed5b-e641-805455ed0160
c828c7a1-610d-44c8-b89a-ca242621da0e,4925d7a2-296a-7027-dfd3-560557306cc6
b191b2b3-8e61-4479-a861-5ddcece5f459,d657eba1-4d28-ed5b-e641-805455ed0160
58f36bc5-a798-47a7-97ae-c66fac1fd536,ed3639a6-69de-085a-e428-7a0283204082
1596a7a7-6200-4237-8803-d9a2c127965d,9e487312-ad23-8f55-e5b4-110930bd96c5
597966e4-0efc-4db8-9215-ae55359bdbd6,f8135ce8-8e36-db5d-5046-fe629a4d0473
04a0b305-ee42-4a65-9edc-33480ddf9947,ed3639a6-69de-085a-e428-7a0283204082
23e8ba97-b967-45c8-885e-36cd518da8eb,c5aca75e-8def-2307-080b-2b55983cf489
95af5e66-67f6-47fc-8f0a-81d457b712bb,e3e654a2-c5ec-d36d-67ab-20308f3bf6db
c7226add-f374-4db8-9e01-aa475572d5b3,e3e654a2-c5ec-d36d-67ab-20308f3bf6db
be1f0ab1-bd9f-4efd-820f-fd24f79bb29b,e3e654a2-c5ec-d36d-67ab-20308f3bf6db
36ab0f5c-7b12-454c-abc4-8ddc04d3876e,e3e654a2-c5ec-d36d-67ab-20308f3bf6db
0659912b-b5d6-47d9-9caf-ae18538a2e8b,8c8c41d0-bd6e-9c57-2c0b-cc5ef4ddccf5
caa961ac-0c4f-4e44-8357-0303d14fc8f1,a166689e-8ae2-fb40-1926-f1c138ce6a9a
75d75421-c8a2-44f3-99cc-47a6cd6afc3e,529551eb-de81-0c77-0d5d-1a9c182517e5
57450bf8-f426-4433-bcef-2c3fa99e34b0,c1827c9e-bb9c-84f1-d9ac-7e547b036a41
1ee160a6-da0f-454c-998c-2a6a936c33fd,a166689e-8ae2-fb40-1926-f1c138ce6a9a
70bb5217-e6bf-4442-9578-b6f209998495,1d678f7c-bda9-0957-89e5-e2528aa689a4
4933fca9-d5f2-403d-aba2-77644d1b4fcc,8c8c41d0-bd6e-9c57-2c0b-cc5ef4ddccf5
e4a4efb8-f325-4535-a6c9-7363802b9e86,8c8c41d0-bd6e-9c57-2c0b-cc5ef4ddccf5
bfba27da-223d-477d-9495-9475eb463498,8c8c41d0-bd6e-9c57-2c0b-cc5ef4ddccf5
0a929f47-f1b1-4d70-95df-d98802267ad7,af5c622d-7749-7b13-70c8-a490a8ab9957
ea18bba9-7577-4adb-a164-8370d9658d93,0d799763-c969-17f9-f503-0de98f75dca7
517d1712-15da-4ade-865c-c0bf8b6d9720,3177f232-6118-fbdd-df22-598e673f193e
2283e17b-5129-4a9a-b460-3fe3b21f60b8,3177f232-6118-fbdd-df22-598e673f193e
13660bdd-4eb5-4ea0-9d05-19fd22bf8de3,0d799763-c969-17f9-f503-0de98f75dca7
84bb372a-ead4-45e8-b7ab-1d92aa88ba4b,da910f0f-84ec-d340-fa8e-32933c52bb82
f0477c9d-7932-45bd-a89f-d5d8784a402c,7a0d9294-1e9a-8d35-e37b-18d01a8625f9
e016caa0-3eaa-49aa-87a0-f4c8fbd00aa6,7a0d9294-1e9a-8d35-e37b-18d01a8625f9
d89e8375-32ee-4e56-a642-1ec6a3d7ca51,7a0d9294-1e9a-8d35-e37b-18d01a8625f9
9114ac28-affe-463d-87a0-c35489260847,da910f0f-84ec-d340-fa8e-32933c52bb82
aa0bc9a0-101a-49e6-bdf7-1c35db50d7e2,adef7c0d-1279-c572-fdba-bf29ef673b61
6320c95c-e4fa-45d8-ad37-d8f1c2088f3d,adef7c0d-1279-c572-fdba-bf29ef673b61
3d64a220-adc6-4323-be77-2c31dffa90f1,add9d881-77a2-4450-e414-636071c575c0
05f9d560-c7b2-404d-9feb-febf90fa0227,601f256f-6eca-decc-f749-da9f52f2a437
0a024296-bc25-4bf7-8c7a-a2cae33290a1,601f256f-6eca-decc-f749-da9f52f2a437
1f8d2d24-cc51-4b54-b5ac-7583b23d3c5e,601f256f-6eca-decc-f749-da9f52f2a437
bc6567a3-e5bc-41fd-bee5-bc4353e89b63,601f256f-6eca-decc-f749-da9f52f2a437
74ceba54-66f6-4abf-b0f1-50cdfc2092e4,977b6942-3791-e195-c2ac-e86278fc57de
f58a9048-a098-481b-8064-31b38b6f9585,977b6942-3791-e195-c2ac-e86278fc57de
847d7f77-9810-43ab-ae8e-fb12b6f483fd,8744be5f-32c7-a734-dd0e-c07884e38248
0907060a-6677-49b9-8065-db32a330efb1,8744be5f-32c7-a734-dd0e-c07884e38248
4ecc8af2-d40c-4dd7-9e3a-e6f11ba00cdd,add9d881-77a2-4450-e414-636071c575c0
437376ab-a939-4dbf-8549-95412e9ab893,add9d881-77a2-4450-e414-636071c575c0
d6952830-7e30-4e31-844f-88571d41d247,57b315ae-cb31-0bc3-6b59-3d4337d7c7c9
b933e079-c028-492c-abdc-568a93d9af48,0b1c7bd5-417f-5d86-b047-698970e38cc2
185ace18-4f70-42f1-b184-c970dd1d9c21,0b1c7bd5-417f-5d86-b047-698970e38cc2
ec002a26-5498-4fcd-9f21-03fd6d7cd703,0b1c7bd5-417f-5d86-b047-698970e38cc2
ac9aa028-e176-48fc-aa0e-4bf76f484371,0b1c7bd5-417f-5d86-b047-698970e38cc2
2e33f3dd-58eb-4feb-8b20-01841581b02d,0b1c7bd5-417f-5d86-b047-698970e38cc2
87d8675e-45e1-45ba-a435-81036b8f67a9,0b1c7bd5-417f-5d86-b047-698970e38cc2
02a96d45-1c41-4816-a64e-8f8df00a8739,3ec90eb7-36ec-ae71-ef42-47733445cd15
d6d50ea2-92ad-4ea1-a8c2-dacb29d2c764,f647dbd3-47f3-d3ed-c89d-9c97dacb59db
3bc17c6c-3e1c-4a82-a4db-9a34d5f4500f,f647dbd3-47f3-d3ed-c89d-9c97dacb59db
3aeb73c6-e75b-4458-beb2-55cb7307aad6,23ca6ab7-ea36-c568-68bc-389aae894bc3
3e03d809-51dd-467b-bb7c-8e8dbf0a13a1,23ca6ab7-ea36-c568-68bc-389aae894bc3
0b988fb9-889d-4323-96c4-52c1ab252bd1,de62b40b-811a-c020-e131-8a280c412d6e
d6221ab8-5ba3-45f8-9ab9-bbd22f605902,de62b40b-811a-c020-e131-8a280c412d6e
e50cceb0-3559-4819-af59-8299ab6c8cdd,06263c75-f1c4-e942-c3fa-ee30c73fe71a
fc1b6654-3b9f-4b1e-a9e7-3cd319c8139c,06263c75-f1c4-e942-c3fa-ee30c73fe71a
818cba20-7661-477a-944f-52854a06dee9,5f7753ab-02f4-141b-7176-b2c539789ddf
cf6fc563-34dd-48e2-9ed3-4ab2677e7708,5f7753ab-02f4-141b-7176-b2c539789ddf
83460f9b-2dc0-4fd7-a2ec-37a133682e37,06263c75-f1c4-e942-c3fa-ee30c73fe71a
ec823a45-9130-49ea-9c27-18bd81739b57,06263c75-f1c4-e942-c3fa-ee30c73fe71a
64415a19-a0ae-4da6-878d-966cbe539182,79616064-6f90-b825-d5e6-43bc4fceff85
096f0e1a-ca30-40cd-94d4-0c8b6ab5c32d,62515558-997b-6c49-d80d-b90bb051007a
e2adeda1-810b-40de-a2fb-4e80e3fa3c49,79616064-6f90-b825-d5e6-43bc4fceff85
79dc0e3e-525b-4196-84f9-128c75f46976,5f7753ab-02f4-141b-7176-b2c539789ddf
b659b2d4-9aa5-4400-81c0-0307b3653821,bb59a853-727e-fcf4-150b-5cf0697d137e
fbf1411f-36fd-4817-a73d-5d7d183e1573,bb59a853-727e-fcf4-150b-5cf0697d137e
8fa8fccf-746e-47d8-b9f0-54bf572fc206,bb59a853-727e-fcf4-150b-5cf0697d137e
f953efa2-9668-40c7-8bc2-5f942e681e72,62515558-997b-6c49-d80d-b90bb051007a
52a18027-162f-47e3-b325-44545d2ecddf,ffa25fdf-6928-912f-1c9c-3bad93d70d50
89cf3d5e-007c-4bc7-9dc6-c71619070e23,ffa25fdf-6928-912f-1c9c-3bad93d70d50
1f0180cf-1b94-4232-8b08-46be41fe68f7,a45e5388-3b7f-be25-315f-cb042ab1a5e9
3712e2f8-541a-4abd-a8e8-d4751972b5d3,4a438156-dde9-00de-5755-623058caa753
e287fc5f-17c0-4988-af4a-e87820221f43,4a438156-dde9-00de-5755-623058caa753
f6965a1e-9954-4d4c-b3af-37cf670cf471,4a438156-dde9-00de-5755-623058caa753
2d712277-5886-4dea-9ac3-f08dbfd3f809,80b4afe2-fe62-c015-af16-592d016386c1
20751174-dde3-4bae-ba18-77311ba3e07f,d7441b61-99c0-73b6-527b-f1c66597d132
f5cc9644-ba32-41ff-922f-50f8f942ce65,d7441b61-99c0-73b6-527b-f1c66597d132
83731cc9-5d78-4b16-b4fc-4c3caf862622,80b4afe2-fe62-c015-af16-592d016386c1
e7e38038-08a5-4773-bd04-ddfe7905e79e,ffa25fdf-6928-912f-1c9c-3bad93d70d50
7169e32d-a255-4d32-9eab-3022ce1bcc57,9d49e696-0115-9df8-8bc1-f6cd9b34c39e
9f60f8a5-23d6-41b5-8e32-4779da07106d,6803c9a9-e003-00d3-55c7-3ec757817b12
d5c6f087-059f-4d70-9cc6-d27cc1d2d301,6803c9a9-e003-00d3-55c7-3ec757817b12
64c0aaed-1e8c-470d-816b-75055dae81ab,29c3ccf7-3018-288f-fd3c-614ee59d7f67
e9550409-54a5-4724-a514-1893c6a5ac5f,dccd822e-7827-6cbc-4c8d-265da59270c9
601d1608-0431-43a6-a465-967ed4299291,6803c9a9-e003-00d3-55c7-3ec757817b12
a42ca503-30f5-45ab-9162-90844cbed8cb,ca0a8002-1d40-7671-6c56-7a757ae11aad
09bf28ca-0237-43e6-82d9-5c0cd4bdff94,ca0a8002-1d40-7671-6c56-7a757ae11aad
4584fdce-5d9a-4b9f-a8ba-5a30d421ef59,ca0a8002-1d40-7671-6c56-7a757ae11aad
37256db6-0d55-4129-a236-b8a1fd1a15cd,ca0a8002-1d40-7671-6c56-7a757ae11aad
a026308d-edea-4a24-a3b7-7f960843dc9c,ca0a8002-1d40-7671-6c56-7a757ae11aad
52006197-f468-45bc-80aa-63cc8ef51417,ca0a8002-1d40-7671-6c56-7a757ae11aad
90355a47-8dd9-4d68-ba4e-03ef150d64b1,ca0a8002-1d40-7671-6c56-7a757ae11aad
1f142e12-9641-406a-9b78-26d9cbd172d8,ca0a8002-1d40-7671-6c56-7a757ae11aad
5252e9c4-62dc-46c1-bb2d-cdd3ed352d25,5befc145-867f-d608-ad47-a4fee5d4a19b
ecba5a36-95b7-4c86-9400-f688b6f0de5f,fc0c75be-c200-a2a6-4bf2-76a1d9b3b1b0
1ebf394f-d8d3-4ead-a12a-e525474b0c99,13c38bb7-47ec-4d83-d52c-596b9e69af87
3455721d-9832-4dcf-812a-a646179115dc,a34e5e0a-8514-c750-78ea-0c53c0ceded1
a80f0095-8dae-432d-a3bf-8db3e629e1d5,a34e5e0a-8514-c750-78ea-0c53c0ceded1
7008774c-8cae-4987-8a33-d5c2662926df,0009a0d5-056d-7ce6-eeff-e2aa61c7af89
c9a3ca2a-735a-414b-a474-4f50c79f9716,0009a0d5-056d-7ce6-eeff-e2aa61c7af89
03e37561-a698-4955-a8a3-42d7bd153675,a34e5e0a-8514-c750-78ea-0c53c0ceded1
5cb76052-4b17-4c05-a7bd-b530b083e807,a34e5e0a-8514-c750-78ea-0c53c0ceded1
5626c16f-edba-453f-b7a6-e5c9c64d368d,654dec30-44d4-f05e-a962-343e0745693e
420eff92-8817-4553-afc0-39540cb16513,b241a4dc-563c-00c1-2afa-4cea58e70918
fa10d8a0-f570-4511-a45b-bc5a50b60c48,1d009f3c-589a-41d9-93d3-7cef71465e6a
3e6c3bb5-e222-4475-a8e9-c62708a439c4,1d009f3c-589a-41d9-93d3-7cef71465e6a
c6425195-9a4b-4431-9d0a-44f982a8b3fb,1d009f3c-589a-41d9-93d3-7cef71465e6a
0475c46e-92b7-4648-9172-090d060666ee,1d009f3c-589a-41d9-93d3-7cef71465e6a
759406e7-7e95-4aa1-8306-00f2de888326,1d009f3c-589a-41d9-93d3-7cef71465e6a
aa727271-9c17-41fd-a64b-b0f85d979927,5e7d33ea-bc43-4c2a-be07-9259a8c5a03b
e4008e4e-6831-4184-b5d6-749edaf54c8b,f8a91ac3-8a95-40c0-c6eb-3867caee4538
682b8b07-52ee-46e7-a286-a9799ceb3d86,f8a91ac3-8a95-40c0-c6eb-3867caee4538
7c2e613f-6570-4cdc-9acb-baef3dfd1dc1,1d009f3c-589a-41d9-93d3-7cef71465e6a
fbf90f9b-9874-4ab1-98c1-bc91f2fb061f,b241a4dc-563c-00c1-2afa-4cea58e70918
86dce02c-ffee-4750-945e-45c8469a390a,78970d73-63c7-a679-4634-2173c42faa6d
342c9944-7002-4b02-926a-407813eb2ad1,78970d73-63c7-a679-4634-2173c42faa6d
cf7e7613-8c4e-4203-8cf2-cb170dcb6f57,9d49e696-0115-9df8-8bc1-f6cd9b34c39e
cfb98c3c-d4cb-4718-99ff-1ee9fb8e3d90,9d49e696-0115-9df8-8bc1-f6cd9b34c39e
2b2f7dd6-1d35-48cf-a173-78e377af023a,ad2c48c7-c1b3-b113-b46f-04cc8fd22df6
915eae0f-03b3-473c-af68-9868db74d18f,698f78ff-cdd0-1060-37d5-8af35d422257
7ef37945-8e51-4072-8d5d-99f3937a3e03,b45fa754-5f83-d904-e059-51cc5ea5cbac
f5c290b7-ff87-4108-9389-e0fc42e36ff7,9d49e696-0115-9df8-8bc1-f6cd9b34c39e
43675526-fb48-408f-b32c-ec7bc48e32b7,b43ff146-baf0-422e-5939-dac98e7b7697
59dca1bd-dcce-4e83-a1e2-000bc9a34500,7534bb2e-afc4-b4c6-b0f2-c025df62d347
bdebd4eb-9400-4234-8028-cf248e34a010,7534bb2e-afc4-b4c6-b0f2-c025df62d347
ef02121a-ee6d-465f-b7be-1583692e9223,7534bb2e-afc4-b4c6-b0f2-c025df62d347
09450303-d6a7-489a-b31d-fcabde7e37ef,7534bb2e-afc4-b4c6-b0f2-c025df62d347
543a887b-ea66-4433-bd19-25effd2c2bc0,7534bb2e-afc4-b4c6-b0f2-c025df62d347
34dbef52-6b56-4ede-8f3f-4e92220e7a5b,7534bb2e-afc4-b4c6-b0f2-c025df62d347
e22fa7de-226a-467a-9f9d-7d1972728967,7534bb2e-afc4-b4c6-b0f2-c025df62d347
f5c1f732-76d2-41ec-bcf0-dbc6ae318fd6,7534bb2e-afc4-b4c6-b0f2-c025df62d347
54f1df9c-e584-420d-8f38-cc67f2320814,7534bb2e-afc4-b4c6-b0f2-c025df62d347
ed4e7ed8-73f9-4b4f-90cb-4396d77934f0,7534bb2e-afc4-b4c6-b0f2-c025df62d347
88d16ede-08da-478f-a523-c36c716cef34,7534bb2e-afc4-b4c6-b0f2-c025df62d347
2bb4d37a-9eee-4d51-85c4-2b7b4280cc23,7534bb2e-afc4-b4c6-b0f2-c025df62d347
a27a44ef-6e44-4120-9226-46918c802ac7,7534bb2e-afc4-b4c6-b0f2-c025df62d347
a9cbdbae-b922-4a48-9255-8bb374b92c83,7534bb2e-afc4-b4c6-b0f2-c025df62d347
6e9dcf4b-fbfb-4c1b-a8cd-94275abbc78c,7534bb2e-afc4-b4c6-b0f2-c025df62d347
a31ec34e-c2af-4210-b297-c43d4485b34c,6743e939-3322-ea47-a777-40a1d121f1cc
746f0a5f-941a-431c-abd6-fb3a224ca721,96da2fdc-c95e-1396-3c9f-00f665956403
33870539-5974-4b2e-a947-2db24693d842,7534bb2e-afc4-b4c6-b0f2-c025df62d347
b1bbd156-6286-4e13-89f2-8e4b79c7c70b,
1384af59-eda0-4364-9ebb-710bdca721a8,0b553aed-8571-a482-8af7-e05951583406
59104555-1721-40c6-8099-f6fc88c891b4,0b553aed-8571-a482-8af7-e05951583406
8a7085f2-aac3-4aef-8f8b-dbb072ac2f33,0b553aed-8571-a482-8af7-e05951583406
737f7227-8afd-4670-aa49-af93c32370c4,0b553aed-8571-a482-8af7-e05951583406
1f28cc91-abd7-4884-879d-be17bb8eece8,0b553aed-8571-a482-8af7-e05951583406
bd7339d5-32f7-4eeb-b13e-e8043a96b4b3,0b553aed-8571-a482-8af7-e05951583406
40d61bfa-d84b-4a7a-b4bb-72e3ce7dd24f,0b553aed-8571-a482-8af7-e05951583406
c07920ad-ee7a-4c1a-882a-b916596e35f8,0b553aed-8571-a482-8af7-e05951583406
b318abf3-f4fd-4f09-87ab-0d42e2f1276c,0b553aed-8571-a482-8af7-e05951583406
3b131189-e42c-441a-a08a-2ad22077f43e,0b553aed-8571-a482-8af7-e05951583406
627333de-2723-4811-bae5-65c972df30cc,0b553aed-8571-a482-8af7-e05951583406
2d21c124-e558-487b-94b0-4575664e1d52,0b553aed-8571-a482-8af7-e05951583406
a6a13e6d-d618-4d9e-a047-3d3b4cc93816,0b553aed-8571-a482-8af7-e05951583406
4f4c0451-c6ed-41ad-8111-20c9f1e5e1b0,0b553aed-8571-a482-8af7-e05951583406
407e7aa6-e02a-4cb0-a7fe-8689a9cb14a8,0b553aed-8571-a482-8af7-e05951583406
d613f20d-39a3-4561-9037-85c563320d45,0b553aed-8571-a482-8af7-e05951583406
3e533fa9-03f4-4b0c-a4f8-e44585fe8c5f,0b553aed-8571-a482-8af7-e05951583406
b040e0a2-22f1-43bb-beee-1c779fe6c1d4,61b428dd-e5c8-3cf3-bf51-8ecd986250bd
fec4705b-62bb-4348-8c8e-2c15c589cbe8,2f54ba6f-13b1-f8c2-9fa4-1cc44beddb9f
3b4dd3cd-8510-4c9a-8da2-b040fe77410b,2f54ba6f-13b1-f8c2-9fa4-1cc44beddb9f
5ee2784a-f3b7-4a75-98a8-d40ca923ff4b,2f54ba6f-13b1-f8c2-9fa4-1cc44beddb9f
d07923da-e776-4819-b852-29ce1520eabb,de3f34cd-a21c-20a9-d135-6cdc8cb4492d
08e7368d-3e5a-4f82-afc0-1ab24ed82401,de3f34cd-a21c-20a9-d135-6cdc8cb4492d
6346c63b-3fc9-474b-ba0c-2936140b96b7,2f54ba6f-13b1-f8c2-9fa4-1cc44beddb9f
d0a08760-c9e6-4365-99fe-8f6da0ee3579,2f54ba6f-13b1-f8c2-9fa4-1cc44beddb9f
14a93c53-95c6-4697-aed0-2c5bfeafd2cd,1fdb34a5-cd90-c7a9-d326-28949ab3b0b3
b8e85c24-6003-41dd-893b-6d71955011dc,e1d052c9-4aaf-d3c9-8528-4327ebf060e5
4248a7b7-3443-4e44-904f-5e021c09b752,e1d052c9-4aaf-d3c9-8528-4327ebf060e5
f7de269a-99db-4c75-8364-a0f238924557,44319205-ab01-b315-6fde-06955e9fffec
833c3982-8028-4999-8615-33027d936875,91b088c0-cfed-e8fd-4980-ab1a57e01976
8d3354ed-9a3a-454e-a9a3-b4a12ad05c03,d0182000-8cdc-426a-1243-cabd925ad08b
9ae003f5-3cdf-46c3-947d-d7f9e0b41753,3d9ed9e5-7371-a171-4b2b-50cc1d7b2fb3
24d60ffd-8da5-407f-b724-424296dfc77b,3d9ed9e5-7371-a171-4b2b-50cc1d7b2fb3
6bc5075a-eeb3-41d2-8384-25726d7566a5,
c9b9f3cc-7ffb-4da7-9db7-3e23f0b9d269,02cbaca3-2e06-b154-2f26-00fed1ffe051
da214225-a2d3-4fcd-91e5-938b8ed2ddf5,3d9ed9e5-7371-a171-4b2b-50cc1d7b2fb3
6e3eecfe-4057-4236-af02-7b2b7494a425,3d9ed9e5-7371-a171-4b2b-50cc1d7b2fb3
00659e8f-9c5d-4a8c-9d46-37f84d230854,37935280-3f4b-da8b-ddb8-440b39c297eb
bc4bad7c-7f44-4881-9cff-8b81bb04f10d,37935280-3f4b-da8b-ddb8-440b39c297eb
b5c827e9-dbb6-406a-a678-3dcd09e96822,58b42aac-7fa8-b2b7-7183-62eb28a76a18
c396160b-72a2-4172-8a0f-859c3cdd75f8,b1dc697b-2b8a-1ae5-0b0a-222e69b8ffcc
79053dfa-7f54-46ad-8e92-1a5dd4a8f4f4,7534bb2e-afc4-b4c6-b0f2-c025df62d347
a39fa73c-9106-443e-a912-3d95416c3fd7,7534bb2e-afc4-b4c6-b0f2-c025df62d347
c8c8985d-f173-4f66-b1f3-3db4f0940b33,
e53ff84b-810a-46b3-9e4d-9714fd5a3d7c,022bb4e2-9093-5d1d-cc01-fb6fb510f23e
fd6beffa-96bf-4c09-8e72-7a74543f36b9,6163b5f2-0b13-d230-8913-eec7546c104e
d0789508-a273-4326-9fb9-540755e0db2d,6163b5f2-0b13-d230-8913-eec7546c104e
00dea5b2-eafa-4710-a08e-c676a8a85dab,2098b894-76ce-e952-00a8-04f1ba4b2d10
b91a765d-4e76-47ca-b671-68e165b311cf,2098b894-76ce-e952-00a8-04f1ba4b2d10
904d6d47-b637-443f-9356-7a123ef5143c,2098b894-76ce-e952-00a8-04f1ba4b2d10
0f21ce3a-d830-4f6a-8df5-79c938da49ef,d7961da3-0e95-db38-6e60-3baa1d3c685d
f2e413c7-7f31-4a98-8a0d-dfbcc58ffa7c,d7961da3-0e95-db38-6e60-3baa1d3c685d
cf324499-ea0e-4070-bf53-cc602e6a9081,d7961da3-0e95-db38-6e60-3baa1d3c685d
e7df7233-d685-494c-9e7b-22a0d0a91b41,d7961da3-0e95-db38-6e60-3baa1d3c685d
99de84d2-d51c-4dc9-b34e-85bef2ab6d6f,d7961da3-0e95-db38-6e60-3baa1d3c685d
e30d22b1-e5e0-4465-8632-00df0cc5f578,d7961da3-0e95-db38-6e60-3baa1d3c685d
e249bc88-57e4-4fa3-9521-9d71c7cca85a,d7961da3-0e95-db38-6e60-3baa1d3c685d
b2d6430a-949d-4ba8-a51a-4fbc7eeae3d2,d7961da3-0e95-db38-6e60-3baa1d3c685d
c9abf6e2-498a-495d-9ebc-800548e32f15,2fd9cd5c-7fe5-78bd-7eee-4aba4ff2ddad
12e6aa7d-4c63-47e3-9ee3-2c5f9d5b7b37,3155b705-ebda-d72d-86db-21e1d31ea696
17f959c9-6282-400a-8764-914af06b63b3,3155b705-ebda-d72d-86db-21e1d31ea696
98fd68b3-232d-4f50-a6dc-96d68962f819,3155b705-ebda-d72d-86db-21e1d31ea696
cbe5ed55-b717-4ca9-aa78-1bf49c809e0e,e46bf9df-d3f4-a2ac-6624-1b1fd33d633b
effad26f-39a2-43c1-bf31-0e2017b52a76,6e7d7e5b-badb-b80f-437f-a31e0531a616
f3184eb0-4a71-4df3-aedc-c7e4f6df9395,8f656059-530c-84c7-f468-f34a1745033f
779bd0fc-db0d-43af-8f35-94a17ea56926,6e7d7e5b-badb-b80f-437f-a31e0531a616
7289c4c5-eed8-44fa-9f64-67cd47c14d2b,e46bf9df-d3f4-a2ac-6624-1b1fd33d633b
7b55a1a5-bf50-4041-b24f-cb138670e3ef,e46bf9df-d3f4-a2ac-6624-1b1fd33d633b
6f072a8e-9187-4811-adb0-5d68a7e9157b,8f656059-530c-84c7-f468-f34a1745033f
caef0243-2685-4df5-a7df-ce85119e7f82,8f656059-530c-84c7-f468-f34a1745033f
c7ba489a-d4d2-4f2b-890b-55bbffcfe0a9,6e7d7e5b-badb-b80f-437f-a31e0531a616
4362479e-951d-414b-886e-5d39fe7f477d,6e7d7e5b-badb-b80f-437f-a31e0531a616
af45a0f4-1c1c-4748-93b8-38e4c1ba7511,6e7d7e5b-badb-b80f-437f-a31e0531a616
503264c1-183d-4290-915f-716177e0f55c,e46bf9df-d3f4-a2ac-6624-1b1fd33d633b
b1070954-bac9-466e-92a6-7d4d249ca4e9,e46bf9df-d3f4-a2ac-6624-1b1fd33d633b
ac310dc2-e0b1-413c-b4da-b384188c69a2,6e7d7e5b-badb-b80f-437f-a31e0531a616
71049aca-7fa8-4e72-aff5-5375eaaffd37,8ac17922-92aa-5eb6-53cb-af91a3da7c45
431f7cd9-7562-4cc9-bdbd-15db8f71281f,cbc52eea-5950-ec50-a662-fd4a17dd43dc
19395de0-2bda-46e5-88eb-685ecaaeb4d3,cbc52eea-5950-ec50-a662-fd4a17dd43dc
a7e9b6e0-58d4-44e7-ba68-4481ee8dcec3,417d15e9-b4b3-968e-787c-782e3f723135
609bbe78-1fb4-4023-b3c4-87479bc8651b,08fdac1e-84b3-8b21-62b0-b66485014034
b2f6ea6e-4180-4c9b-82aa-1b83ee48c50b,08fdac1e-84b3-8b21-62b0-b66485014034
063f36c5-a8a3-4dbf-8fb7-440768d109fe,417d15e9-b4b3-968e-787c-782e3f723135
2885a295-8fe5-41eb-83e4-061959df5a6e,417d15e9-b4b3-968e-787c-782e3f723135
be46bd29-9848-4994-8899-d9e5bce638e3,417d15e9-b4b3-968e-787c-782e3f723135
60aa886e-2bec-4cff-a65b-69dc07af961f,08fdac1e-84b3-8b21-62b0-b66485014034
ccda181a-0c61-44a5-a265-dec01243854e,08fdac1e-84b3-8b21-62b0-b66485014034
4054756f-ac63-4aab-89b8-440b30237da9,5efe2e7f-f12d-0dae-97c6-88bd3cb44623
222a3062-96cc-4d5d-a02c-7ed5758f9dd0,f191cb1c-a4fa-68dc-5718-9bc9b70092ba
e9e1fa52-7701-4848-aa8a-1079eae731fe,f191cb1c-a4fa-68dc-5718-9bc9b70092ba
05ecc9c2-f190-4a3c-963e-3ad8096ee536,f191cb1c-a4fa-68dc-5718-9bc9b70092ba
42cf76d7-4fe7-4a67-8e6b-044827dc7c74,f191cb1c-a4fa-68dc-5718-9bc9b70092ba
be33519a-cbdd-4bad-bb07-136c2dc7a4d6,f191cb1c-a4fa-68dc-5718-9bc9b70092ba
63414d2a-798f-4a86-baa1-50f243ecfb7e,f191cb1c-a4fa-68dc-5718-9bc9b70092ba
df43bf04-d6d8-410d-b8a3-15942f301aea,f191cb1c-a4fa-68dc-5718-9bc9b70092ba
ba678572-281d-4862-8f36-879a6d2a22c7,f191cb1c-a4fa-68dc-5718-9bc9b70092ba
0de3914e-17c2-4e35-a268-0ddb260f08ff,f191cb1c-a4fa-68dc-5718-9bc9b70092ba
170b2daf-4ce3-415c-b6d1-6b6b4dd35b77,f191cb1c-a4fa-68dc-5718-9bc9b70092ba
a89a98c2-b725-4171-95b4-e8a476fb4463,f191cb1c-a4fa-68dc-5718-9bc9b70092ba
7cb20c03-20e7-4cf0-89e6-2de32fc65c5e,f191cb1c-a4fa-68dc-5718-9bc9b70092ba
131d4acb-48c9-4e24-826a-75f0a18d529d,5efe2e7f-f12d-0dae-97c6-88bd3cb44623
3c9b0e7a-5a71-4a13-8977-ec55787dff1e,808bee68-a2a1-9b7c-9a0c-3d3d6e4befca
b93e7fd9-18bc-4af4-97b5-91877b5e0835,3e5717a0-7904-3232-8cfc-1170e282bd45
8e27662f-5113-4d69-985a-eb187d4a952c,3e5717a0-7904-3232-8cfc-1170e282bd45
cd664d04-e0bc-4618-a0b8-b386fcf5690d,74d18537-aac0-fc73-4e30-2c264730041b
6b62455e-982e-43a1-bcc1-42ef1057d442,534cb6eb-05eb-4ba8-83ee-81bd03af0750
b25b124a-3669-4f5e-adeb-8371a5496211,534cb6eb-05eb-4ba8-83ee-81bd03af0750
fac6e7b0-4fcd-4e86-a925-7085cfb5e5f9,6bbf84ff-a673-dcaa-9cb3-23f6264b48a2
45f6d419-38e3-4071-9af6-8d81a8bb1c20,6d06780f-f624-9d42-e7cc-87636b7949d1
64855e94-8457-4888-8a11-c71103fda10b,de135992-237a-f16e-cbc0-08bf2a51c7a2
f4e645e4-91f1-483b-8b31-387411b37172,3bc8e57f-8fe5-957e-4fea-2d3779602cd4
d609b0f6-be40-41dd-8dba-aa127c1ed63a,de135992-237a-f16e-cbc0-08bf2a51c7a2
b5002ba5-e59c-41e8-8ce1-4203fb478471,0c07f21c-8214-6757-a585-0e3ca459b543
17b034a8-b13e-44f4-9499-a98ff381931c,0c07f21c-8214-6757-a585-0e3ca459b543
12f14952-8adc-428a-a007-d1d85554daef,0c07f21c-8214-6757-a585-0e3ca459b543
5119243a-1d6a-473b-9bfa-e92f4caf218a,042e5b59-46ef-42a9-842c-eb33d7482e0b
1c0a79f8-01e9-4140-ad74-fd57f620254e,042e5b59-46ef-42a9-842c-eb33d7482e0b
01d5edef-5128-4f70-a0a2-1021e79827c0,0c07f21c-8214-6757-a585-0e3ca459b543
088e1854-0970-4936-91ed-74d3dd48732d,0c07f21c-8214-6757-a585-0e3ca459b543
547461de-caa3-457a-93d1-a5169abea989,38b420c2-16cf-6ff6-8775-9c97e4fb643c
b1bf5fb8-5201-4fee-9a76-e651e9f99649,0c07f21c-8214-6757-a585-0e3ca459b543
eb19c8eb-9868-4e0e-93b9-80b8d9e8588d,38b420c2-16cf-6ff6-8775-9c97e4fb643c
3cd6da6b-af02-40fa-b353-aad2d092fac4,d93d5153-330e-9a01-44c7-540954ec718f
b2651e76-467e-432a-955e-b71f130121be,9750f0ba-af95-0a6f-6335-ce8d66a1b4ac
ce43f964-9488-4c0f-ad5d-3cd7fea00a8d,46a56ac2-5b01-06a9-35ca-0b5b30c2925c
09668d1e-f309-4ad7-aa7a-0728a449fe58,46a56ac2-5b01-06a9-35ca-0b5b30c2925c
96fd8f9b-d361-4e61-be10-25f22da64e09,46a56ac2-5b01-06a9-35ca-0b5b30c2925c
c5e0f0d9-a91b-4c98-82d4-c1e3a4e6136a,46a56ac2-5b01-06a9-35ca-0b5b30c2925c
e1bce35f-39dd-4ce5-9a58-813a0233f6c9,038224ea-68e2-f1de-7974-6d486b5a4408
defcaa4b-7940-4b1e-bffd-51d697bb1834,038224ea-68e2-f1de-7974-6d486b5a4408
985d1161-4dde-4dc1-81cf-a60f2204730e,038224ea-68e2-f1de-7974-6d486b5a4408
15ab8320-ecb5-4ca1-a7e7-9910b426fee9,75ef8590-1145-5c37-e5db-6b9920e9bc15
cbe03995-c74d-4aeb-8932-5ace9ea69077,75ef8590-1145-5c37-e5db-6b9920e9bc15
d8203feb-1110-49e8-afda-3bc1dca7325e,038224ea-68e2-f1de-7974-6d486b5a4408
9919511d-5733-49b2-ab7d-c6b50a5d02b0,038224ea-68e2-f1de-7974-6d486b5a4408
dc4208db-5ce8-4eb9-aaca-365af368dc41,038224ea-68e2-f1de-7974-6d486b5a4408
ae67bfcf-a419-43e1-8152-52734e2caf5e,038224ea-68e2-f1de-7974-6d486b5a4408
a5b82968-abc2-46fc-bd20-c04f311784eb,10319a2f-a5a6-a2e1-da8c-e8e9bbb086d5
02b7060d-d153-4d39-82ca-13212180829a,bd5d6a01-dbbe-fe08-f21f-e8c27ce0a031
0afa8137-b540-455d-9caa-0989ccd987ed,bd5d6a01-dbbe-fe08-f21f-e8c27ce0a031
8508b002-c0d8-4b9a-9107-88860ccd8d01,bd5d6a01-dbbe-fe08-f21f-e8c27ce0a031
1379fdfd-1904-4d42-8f8e-73fe757dde5d,bd5d6a01-dbbe-fe08-f21f-e8c27ce0a031
28eb0989-a053-4733-a5ed-d9481bdd5553,48e359c4-b34d-ccf7-8547-0c1ccef1eb77
9f5d2f41-c181-454a-8a76-cd5b700a6f2e,48e359c4-b34d-ccf7-8547-0c1ccef1eb77
c7898f04-e3ab-4d87-b6bc-06086f9ba775,48e359c4-b34d-ccf7-8547-0c1ccef1eb77
8418dddb-bb1c-4811-9549-7413214d7351,7922a318-f8ba-41d9-b050-9f9a9de7addb
b8fb46e4-e92d-4273-aef2-e55b6dd089c2,7922a318-f8ba-41d9-b050-9f9a9de7addb
20acb2e8-feb5-4f17-9854-24b9bb498b48,7922a318-f8ba-41d9-b050-9f9a9de7addb
ad99f673-0e01-4070-8b1d-e7d9387366c2,7922a318-f8ba-41d9-b050-9f9a9de7addb
9e0b2cc8-e352-4d1d-97fb-f43d6d024472,7922a318-f8ba-41d9-b050-9f9a9de7addb
03ab1528-b126-4042-9363-ad07f483dfed,7922a318-f8ba-41d9-b050-9f9a9de7addb
e5ac888f-b3c1-423c-a807-41a27b48d3c6,7922a318-f8ba-41d9-b050-9f9a9de7addb
39541206-81c0-478d-a8d3-b8c1bff78e94,7922a318-f8ba-41d9-b050-9f9a9de7addb
d57d8460-79e4-4b41-8bbb-79215f9c1d55,7922a318-f8ba-41d9-b050-9f9a9de7addb
b9a487d1-cdb4-480b-8cc2-e7accf08ba44,a77c599c-14ab-b9e9-a992-71697aedcbc0
8ec1cbdf-adf8-4cc8-9333-b389ddad9361,a77c599c-14ab-b9e9-a992-71697aedcbc0
001d8642-581e-4e71-8a1e-02ca302fa5e3,a77c599c-14ab-b9e9-a992-71697aedcbc0
d8b0f825-1b5d-4379-98fe-741ddf308468,4f5a934e-df8e-e9ec-4463-d5cf3a55f0f9
13a13e5c-2995-429d-8b70-c20eed9cd525,4f5a934e-df8e-e9ec-4463-d5cf3a55f0f9
b9483549-701a-454d-9a5b-99096b0e4b02,4f5a934e-df8e-e9ec-4463-d5cf3a55f0f9
695b9f97-dd51-4fef-8186-3e5b560721e0,4f5a934e-df8e-e9ec-4463-d5cf3a55f0f9
350baa0d-ee90-460d-b59e-4930411dd21c,4f5a934e-df8e-e9ec-4463-d5cf3a55f0f9
4135f05c-c474-4635-9ba8-d989742f4b3a,4f5a934e-df8e-e9ec-4463-d5cf3a55f0f9
ea493254-59c7-463d-935b-3dca327f63ce,4f5a934e-df8e-e9ec-4463-d5cf3a55f0f9
b1b7cc65-2073-47c1-82c9-39dacfb83262,7ac9bfb2-b4e9-42f3-36d6-893c0baa21f5
1fb23e40-7ca9-4133-8ff5-79992e1c2460,66e2397d-696f-91dc-6ce3-076c9d61281b
01dfbb58-fc07-40a1-9f32-dbf2b90c6933,7ac9bfb2-b4e9-42f3-36d6-893c0baa21f5
86a92aac-ed06-4571-8286-2bf6e58aad9d,7ac9bfb2-b4e9-42f3-36d6-893c0baa21f5
f4517b02-e9b4-4a53-a6ec-7495c20ef3a0,66e2397d-696f-91dc-6ce3-076c9d61281b
99bb71bc-c7bd-49db-baa4-5632a63f7cba,66e2397d-696f-91dc-6ce3-076c9d61281b
da027178-667b-4112-9c3e-00d08174def8,66e2397d-696f-91dc-6ce3-076c9d61281b
867b8517-f026-431c-bcaa-a3e2de2c2d54,66e2397d-696f-91dc-6ce3-076c9d61281b
fbb88396-e18c-4409-b2d0-d22ef2b5e27e,66e2397d-696f-91dc-6ce3-076c9d61281b
57d4b068-116c-49d6-81f2-640aee041c37,7ac9bfb2-b4e9-42f3-36d6-893c0baa21f5
79a58024-db15-46b1-a94c-80f899dea14f,7ac9bfb2-b4e9-42f3-36d6-893c0baa21f5
69ac59f2-1884-45ac-afb8-3361af764625,7ac9bfb2-b4e9-42f3-36d6-893c0baa21f5
a9989909-861e-4aca-8b00-e980757a3cad,7ac9bfb2-b4e9-42f3-36d6-893c0baa21f5
848cb7ed-bf4e-45e5-ad60-50829c01ec80,7ac9bfb2-b4e9-42f3-36d6-893c0baa21f5
b0a6c9e2-9a69-4bed-ae2d-8fcf8cd9740d,b6a51fa3-3f53-2490-216f-c3fb61617f08
0c782c59-1883-4943-ba98-76af929bf469,b6a51fa3-3f53-2490-216f-c3fb61617f08
3d897b9c-efb8-4c9b-a352-9157e645f2b9,1fea0c04-ce43-fe75-fea9-800b77c20bb7
9c4cbddd-5873-4af5-b28b-86fb3ebe78b4,1fea0c04-ce43-fe75-fea9-800b77c20bb7
d8e9394c-447a-4a5b-a1b7-42159ddab995,1fea0c04-ce43-fe75-fea9-800b77c20bb7
74ec1254-d3d2-4c25-9f25-fd0718c67aa1,68e7628e-1a46-e29e-56d8-4ec1ebedc13e
5c43600d-a6a9-4a23-8e41-7a068ef0b95d,785a9f7a-ab49-17ce-12b6-35f1cb209828
c03091ce-eeb5-4f0c-8082-8bd82502dc30,b5fcf164-8fcc-7f2b-5c86-0ea38d7ef675
22fa9ffe-42d0-4d1c-b636-d920f6f4ab84,b5fcf164-8fcc-7f2b-5c86-0ea38d7ef675
9bb12bfd-94b6-4700-9080-fe62feb8a838,3b602ed4-08d6-8336-e960-7406fe2c709d
9e1ec143-a19a-40cd-a835-c027026d6aec,b5fcf164-8fcc-7f2b-5c86-0ea38d7ef675
d433372f-4b4f-4891-b9d8-216760569f73,aadcb961-d995-2da2-0e07-ebe775aac6be
499cbbf4-04b2-46ee-a56c-2c70da58b217,e43e677b-1739-32e3-1c71-b9fe8fa1ba27
23a6fa64-17ad-4965-a8d5-bfddd1af6e17,1fea0c04-ce43-fe75-fea9-800b77c20bb7
166142bb-b5b1-4218-bda6-e4c47838ff83,02755561-3bd7-3fc7-f8ad-b31cbd2956b8
46fbb558-af01-458c-9bb2-35a6260a8423,c22d6182-b427-b1ea-0173-efdef78fa888
2adb3acf-8ba4-478f-b89e-196901734cf6,291fdf72-cee1-5059-1931-88453e143bd9
869e0e3d-e247-45e6-bf38-56163d5770a8,291fdf72-cee1-5059-1931-88453e143bd9
31dc292e-72c5-4f76-ac7b-8190c40e9c1b,0b2eba4d-eb24-dec3-9eb4-a9dd44ff6b7d
5f4d2f54-c511-42b4-9c9b-c17451cb2828,0b2eba4d-eb24-dec3-9eb4-a9dd44ff6b7d
531b0d29-50a2-411b-935f-b1d39fdfedea,09bae410-c105-dae0-7ee7-7d60dedfd139
382671a5-bc61-443f-a5cd-78f17174888c,9dd97d74-545b-67ee-8ad2-8f584b8b3fc1
b9e8aa45-4875-46e2-bc48-a49a82fe9264,9dd97d74-545b-67ee-8ad2-8f584b8b3fc1
7a0fe6c3-b4ad-4b20-b817-3673187d5571,9dd97d74-545b-67ee-8ad2-8f584b8b3fc1
c8261b38-f751-4c07-a3ce-9a09fbfff01e,837a0fff-e53c-bdee-2ffc-9dd45ea59b00
dfbe5f86-830b-48ce-9657-f0394b19a4f1,c01c0875-dcec-7299-66dd-9cbcd1151dcb
5c2f8428-fe74-4ba4-88b4-c6f7c28f6c13,09bae410-c105-dae0-7ee7-7d60dedfd139
99bc6f3a-e3fe-4a75-8475-847e07c24163,09bae410-c105-dae0-7ee7-7d60dedfd139
11e4d332-b648-4d3e-ae8e-d4edca07731b,09bae410-c105-dae0-7ee7-7d60dedfd139
a09e38ea-552d-49d3-b719-11900dd61dbc,09bae410-c105-dae0-7ee7-7d60dedfd139
7e04d23f-3833-4559-8f59-365fdcd73192,c01c0875-dcec-7299-66dd-9cbcd1151dcb
987febae-71c7-41c4-ad72-a7fe949ec48a,2a1ca0da-ee89-c173-3fef-dde4d7627ca4
4fc99069-c816-4a4a-8f0a-c6a129ece55b,2a1ca0da-ee89-c173-3fef-dde4d7627ca4
f914f24f-f7a0-4894-9a50-d3381014d335,98a57df9-80b2-4634-9781-e72daf6340a4
2b72b050-ce83-4da3-bcae-ba465f32209d,
92b67067-29e6-48db-9fa9-d58d35bab4ae,
a2566419-d94a-418a-b2cd-b6121b067d66,98a57df9-80b2-4634-9781-e72daf6340a4
9c42bb33-499f-4ebe-ae03-70a7c7dcfee7,98a57df9-80b2-4634-9781-e72daf6340a4
ab36d9a2-a638-418f-9d1a-d773b4576097,2a1ca0da-ee89-c173-3fef-dde4d7627ca4
36bb045e-afdf-4c8d-86fd-ffa919a95d69,
b1813f76-16ff-4fa9-add9-88c61035b747,bd5d6a01-dbbe-fe08-f21f-e8c27ce0a031
a167ce68-3916-4b61-acef-1d244e6eae5f,0b2eba4d-eb24-dec3-9eb4-a9dd44ff6b7d
44caf265-fad6-4bb0-8ad3-ccabb3dee641,290c5ba4-4f45-2ad5-26d6-9bed0762c244
122b6e08-c989-414b-bfea-0fb8cb309289,2c14b3a2-d5de-30bd-71c3-c1c79e76536f
20fe630e-cdbe-483e-8331-67d577d4893c,2c14b3a2-d5de-30bd-71c3-c1c79e76536f
c08360d1-c1ab-41cb-8404-c847dd4a8a52,51599e70-7fec-4057-5e15-1def1c9f120f
53c96818-251c-4727-ae80-86869c4b1760,51599e70-7fec-4057-5e15-1def1c9f120f
210d1892-16fd-4bc7-a96f-f494ee2311c2,51599e70-7fec-4057-5e15-1def1c9f120f
e10f1dd7-dde6-44dd-b289-93fcd5cc40e0,fda0d6a7-0358-e591-cd3b-d94239f8547a
5d106860-ebe2-401c-a3f9-a012678b0fc2,3c75fbfa-c134-f4ba-7c60-4d1567161fde
abe785e9-af53-4fb6-b69c-b13f16d1d74e,fda0d6a7-0358-e591-cd3b-d94239f8547a
326e6fd6-4cc6-44fd-8a6c-5ee65b37ad6a,d023c112-04d6-8bbb-ccfb-a5033f9ba6ff
e1f89702-1ed9-4c48-acbf-4246e911a212,d39966e9-1651-0b30-2f0c-261b00fda5a5
8acfe858-abab-4731-aa2d-97c16e65bbdd,d39966e9-1651-0b30-2f0c-261b00fda5a5
a1698874-79f5-4d04-b2c5-42b85f6b6331,61e74155-6c83-4592-c8a6-27c1c3dea5f3
9823cc72-5fb0-4127-bf0c-c1694acd2303,d33d7a36-7e0a-8393-f42b-bedec2d9d1cf
ba7b3b2e-c303-4096-b197-c87697e1643c,4a6224db-dd84-3c39-5c49-2729b0bd9bfb
f163fd0a-7e8f-4adb-a162-9fa8330e5d5a,4a6224db-dd84-3c39-5c49-2729b0bd9bfb
0d1d07ff-ec4f-46e0-9603-0da227f25cd5,4a6224db-dd84-3c39-5c49-2729b0bd9bfb
3b12a33b-25b6-4e21-9309-242bce1cb2c1,92422347-6494-1dfe-e4a8-945dfcbc3327
b9becc91-0e55-4b03-a306-c4b9f3f39984,92422347-6494-1dfe-e4a8-945dfcbc3327
ec24bb8c-ff33-4018-9bda-7cbb55ade035,92422347-6494-1dfe-e4a8-945dfcbc3327
6c44ea81-0ca1-4ef3-9c7c-20518195d7cf,4a6224db-dd84-3c39-5c49-2729b0bd9bfb
2a77c685-ac8e-4ced-874b-f039ab07da3d,
8039b4fd-90de-43d5-82d9-ac3165490d17,f50afe6a-b533-66ef-987e-580f3ca10480
f253c6e8-9f83-4272-8534-83ba238aeb52,92422347-6494-1dfe-e4a8-945dfcbc3327
2219ac69-6c6f-489c-9ada-6293865c6e32,92422347-6494-1dfe-e4a8-945dfcbc3327
547f51a5-63e7-480c-aa6a-b425a0823dde,92422347-6494-1dfe-e4a8-945dfcbc3327
3813c6ca-d72d-46e7-b744-47aa5f2329b9,92422347-6494-1dfe-e4a8-945dfcbc3327
fe0c0734-06b0-48b7-b081-4a0d53509b92,
3b7b8b0f-9097-4ec1-b7bd-e9ef2ffb97fb,59aea3cd-fdd6-3af6-bbdb-3c86c2f17684
a3770253-4c3d-4a51-a65e-746164502f80,6bbf84ff-a673-dcaa-9cb3-23f6264b48a2
412310b8-c827-49fe-b874-e8602f865d02,6bbf84ff-a673-dcaa-9cb3-23f6264b48a2
a67dacc2-4f64-4995-84b9-f4b9a4a1c8d8,8266f94a-ceda-269e-7f3a-e9f9da6239d2
53fe4194-15a8-4057-b4da-7efe1e1066fa,88eaef2a-dc0e-32a3-99dc-b47f584ff57e
a03e3fef-6cfd-4839-ad34-dee8a0dffe42,88eaef2a-dc0e-32a3-99dc-b47f584ff57e
f229e2aa-37dd-49d1-883b-64456810bc0a,8c9a1410-98a9-4afd-9497-4c74b77cf416
3c3f1a67-9426-415e-9369-4a222fbc155f,489af44d-25a4-5d57-23f7-d90a096102cb
a4285882-d519-4bbb-ae7b-93327598d8aa,fc7ed432-9a84-b962-96c5-24796212144c
e7ab97be-e618-4b1e-aa28-524c02d3fae1,efcd8656-a09e-6b96-3759-da59939b381f
f9d1662a-a05f-4465-afe0-2899d196f0ee,e8cb2aaf-f235-df84-1d2c-ab8e9aeb8ba0
942d52ae-6711-4a2c-a217-14dad4335165,e8cb2aaf-f235-df84-1d2c-ab8e9aeb8ba0
d2e762f8-2e94-4942-a4d3-afdc43d79c3a,0add99fa-8cc9-8882-e8c4-300e3b8b61a1
a67fd7a9-7e36-4daa-a9e2-8fd2cf46df66,35eccfc2-27a1-ab6f-af3b-1720b4dbe583
193b286d-623e-4d47-966f-8e98abb19d6d,16f89f1d-2d66-0cd8-6e77-c5fe9f2dbbd0
dcf86db9-38a1-4ef6-8951-750e99844a2b,9a9d0190-3560-0faa-8a09-2d84019bc642
08a9a9eb-b640-4ab8-ab3f-a10c9828fa13,26dd0c63-e3cb-27bf-dc59-c1e57f6ce6d0
154dc76a-522a-4564-8dc3-ee5ad7e4c07d,fc764673-eaa6-237b-cf43-d432fb25bb45
9c1468ee-47af-4579-bff9-335858c7cd65,bfe50b8e-edc8-bbec-fee8-cc6e27ef92d1
1ac1d4a8-a225-4b6b-a6f6-6354ca035256,e3e46108-07bb-4b21-377d-aa8b2833dcfa
22d33696-acc4-4531-ba8c-7fcb2d2103a5,076965cf-5e7f-8354-be49-ea3aa1ea11c3
e4a9d10e-36c7-40f5-8475-253c85959bcb,9ee224d3-de02-8e10-06e9-21e206a87ec9
ddd6c2f6-49a7-4af2-b2cf-a645a7b88d66,8a35844e-07f5-380b-3f5a-1bdc279e0c7e
4eb09e9d-267f-41b0-a48e-4ac82b121f84,caecbb45-c7e1-e9df-451c-111e87b9a891
e87806ad-23de-4fa8-8767-9814185f5c8d,98a57df9-80b2-4634-9781-e72daf6340a4
445b9830-eff7-43c0-8c7f-2f4021a84bb4,98a57df9-80b2-4634-9781-e72daf6340a4
d98d1015-40d5-4bcf-b912-2b59788244dc,92422347-6494-1dfe-e4a8-945dfcbc3327
4db8a7de-efb1-4ad9-a1df-707c042dd5c2,
8bbd3c21-8ad0-4a8a-9a60-6b549bb22630,4a6224db-dd84-3c39-5c49-2729b0bd9bfb
9e83d332-d1db-4530-ab10-0aa57aea1420,4a6224db-dd84-3c39-5c49-2729b0bd9bfb
ce2681eb-9f49-4935-813e-688af55a4793,b089bf2c-cc67-efff-72b6-9b985fb78b86
f9d38de7-c301-4580-9b96-1bda1081a99f,8ef86538-5335-4b7c-bb9f-752536d6556a
bb48dfc8-456e-4e73-b0f5-499a70aaccbd,8ef86538-5335-4b7c-bb9f-752536d6556a
d8b484e4-ced7-4c09-a9d0-85179ffd0615,92422347-6494-1dfe-e4a8-945dfcbc3327
2929cc57-b531-40d4-8d87-067f7ea8d94a,4a6224db-dd84-3c39-5c49-2729b0bd9bfb
7292a4a4-c865-4d03-9002-05c023d80359,
44a6d83f-4f44-4801-85d5-7690d5ebc67d,
7b5504eb-13c8-4fc4-9b74-7af294ab7ff2,
a8b1254c-bdd0-44ca-8784-553e86b03148,4a6224db-dd84-3c39-5c49-2729b0bd9bfb
c981c6b1-119c-46b7-98a9-ba5f2e61c243,4a6224db-dd84-3c39-5c49-2729b0bd9bfb
1ba66496-493d-4122-b31b-44c1b8eca215,4a6224db-dd84-3c39-5c49-2729b0bd9bfb
f019eb8f-080f-4cf6-b6a7-05e956755231,4a6224db-dd84-3c39-5c49-2729b0bd9bfb
5906f227-67a1-a9fe-d0ab-c4885ca7f66a,c2f84f4e-203c-6b3f-d611-d068a63fc6bd
6f6868ed-4fb6-1962-7128-0608c7adda12,a6af3a14-f1c5-63a6-f48c-ee20e3d9a33e
cf404d19-d546-9979-18c0-9a7a3700d156,484f2edd-bf2d-7153-3782-d35c92bbbbde
e641eb00-fcc8-6bc4-5d6c-21fbf27571ee,44f55a87-7f56-5d4a-02ee-5cea593bcafb
1278dab0-e247-04e7-01a8-596f46fa31a1,77deb34d-6816-a403-0430-19c35cac896c
2cfddc86-6ddf-59fe-b613-d9c3e153c943,4ee2160b-9f1e-e395-42fa-fe643f6e7f24
a078d80a-25b5-f3ee-603d-a025560c1fc0,a6af3a14-f1c5-63a6-f48c-ee20e3d9a33e
4341897b-4601-f8d0-c7ba-507fc71c7bf7,
e2b3d9b9-39b8-0df3-5336-031cb155dcd8,3337e605-50dd-dc27-9275-5481b048da52
f4b3ff9f-0950-184e-7e42-b4604caa1a9d,
304f9820-3f08-1a7a-dcc9-7cc90fb40166,
f35f6e52-dac2-2861-c3f6-c163184d511e,
0aa9d856-9777-6b18-f770-ad4782d3d7ea,15166dd0-b6a6-79e5-f235-1a88564d332f
23f325cc-a4f4-fe61-73f8-c6ea55317a7c,1607459e-870a-8735-ac81-15dfc1d1ab6a
be7e3cad-ce8e-5352-ee4d-202ba973560c,
bb4d8d0d-dbf3-16bc-9b53-3fad6215c741,66fd80ef-6910-b5e4-7d97-1c6f6d6cd916
e2df2ba5-8051-557c-9648-87a32d33b02b,
eddcb27b-23f5-87ed-a7e7-20837b6fceb8,
edbdbdb7-c3ae-8785-fd67-544b18723852,
e3d5ca9f-4999-a2b7-5f92-8afb930155b2,
7a600e24-b441-8c81-a0d5-d326471ea8ed,15166dd0-b6a6-79e5-f235-1a88564d332f
e1f4e2ff-c627-d995-759d-befb27597dda,eaf7b32c-647d-4c2e-9cf3-9e23170fb6ef
e7c808a7-bcc6-61c4-e415-fe3c06491569,
dfab3dd9-79db-ef56-8fb2-28d9687820d7,
c6c8618b-9132-3813-79f9-2413d89efb71,
df8f36fa-8a7c-bc73-78ed-405a6ef5108a,
c9ab2c53-8ff0-bef7-f372-c0c2a809fe87,60126cb5-812c-519e-99b0-d34b4002c8b1
dd54cfaf-e7a9-c23a-fcc7-049e670514e9,
dcc816a8-630f-cbc6-5396-7acc65bc489f,
d492b226-27ff-4caf-9b1f-5dc8414db89b,b348b17b-fa70-83f4-665d-892c68b93ef3
bd05e9c4-c8c3-8abb-9239-d24bac780857,
20270540-8aab-5088-0131-81987b24db72,02755561-3bd7-3fc7-f8ad-b31cbd2956b8
d3d41bc7-7cf0-1c38-53af-b7693e0d975a,
d2a6afd6-89d7-04b3-6799-5f8337214ced,
df2c5107-cb7c-219f-20f4-160c33b95724,02755561-3bd7-3fc7-f8ad-b31cbd2956b8
ced3d6cb-28ca-21c3-e00d-20f826fee4aa,02755561-3bd7-3fc7-f8ad-b31cbd2956b8
52f572a6-7cb7-4cf0-9b7b-4f039355e12a,02755561-3bd7-3fc7-f8ad-b31cbd2956b8
a72833a8-dc2f-4992-a5c3-17072ba195e2,02755561-3bd7-3fc7-f8ad-b31cbd2956b8
9c9b48ef-5a5a-4b44-9c93-f3cbeb0698ec,02755561-3bd7-3fc7-f8ad-b31cbd2956b8
61ea03b5-28bd-4b1e-a269-b9ae2760f469,02755561-3bd7-3fc7-f8ad-b31cbd2956b8
e8f9778f-6a60-4fb5-a341-26c5ae5341dd,8418abd4-292b-a617-4261-2ccf24d9864a
c23a6ff7-8fa3-428c-9ae1-84e92ce05e5a,76566ca4-d029-4af2-6f74-fc898c210640
ce7fa4be-883a-4d45-8417-3809b8422e4e,02755561-3bd7-3fc7-f8ad-b31cbd2956b8
0eb94c42-5036-43d3-94dd-657c92ac0881,ae144718-477a-6d20-9330-dfa3bd5ededa
19aef40a-e49b-4bb1-a504-037dcffd12d4,02755561-3bd7-3fc7-f8ad-b31cbd2956b8
cd8abb22-e0a1-4a38-9326-34b2bb5932b6,02755561-3bd7-3fc7-f8ad-b31cbd2956b8
f869afbb-fb29-4e35-aa84-04119d024301,02755561-3bd7-3fc7-f8ad-b31cbd2956b8
92b432b8-19f2-4b7b-bce4-ceb3839862f4,3eeedab5-80e4-11dc-e49f-41a1e8d0c9e0
9a002034-6e8f-4506-8caa-e3347b22ba4d,02755561-3bd7-3fc7-f8ad-b31cbd2956b8
c8f0e7c9-b0e9-4377-84cf-32610516a66e,02755561-3bd7-3fc7-f8ad-b31cbd2956b8
d6ca3680-3a84-4b8d-96d3-690752945838,02755561-3bd7-3fc7-f8ad-b31cbd2956b8
206280fc-250e-417e-bb47-0aa3e738b569,76566ca4-d029-4af2-6f74-fc898c210640
df111ea7-f6b0-48fd-9821-9379984768a7,76566ca4-d029-4af2-6f74-fc898c210640
3a494268-a208-4694-ba2e-d583a5b66590,76566ca4-d029-4af2-6f74-fc898c210640
4a399bc9-28d7-4921-8ae3-f70a97f3e688,02755561-3bd7-3fc7-f8ad-b31cbd2956b8
a5350658-7854-432e-9c70-7d97b90a2f24,3eeedab5-80e4-11dc-e49f-41a1e8d0c9e0
04a46e96-6a16-40e0-b7eb-9d57de4c8aa6,76566ca4-d029-4af2-6f74-fc898c210640
26461554-affa-4ff5-9348-c41195f64f2e,d9b46598-f686-2b4e-21f7-dc14bf58dee4
fd998203-a735-4c8a-9710-67e62bdb0e57,d9b46598-f686-2b4e-21f7-dc14bf58dee4
4c7e28c5-0d46-4a41-8b23-bd2d25f1228a,76566ca4-d029-4af2-6f74-fc898c210640
0ed70f35-a6cc-46b7-8cd5-be1c0fb15e69,02755561-3bd7-3fc7-f8ad-b31cbd2956b8
bd48f82a-d9f9-4988-92fd-cd81a8a53e88,02755561-3bd7-3fc7-f8ad-b31cbd2956b8
277ec583-16b2-42a7-bb51-386b71134526,02755561-3bd7-3fc7-f8ad-b31cbd2956b8
920e7f4a-1f56-425b-bff2-d394ddca46da,02755561-3bd7-3fc7-f8ad-b31cbd2956b8
1903961b-5b8a-4e09-ba6e-eb3ea65c15a3,02755561-3bd7-3fc7-f8ad-b31cbd2956b8
4f936d89-c284-4d16-b13c-503ed4dcf0af,02755561-3bd7-3fc7-f8ad-b31cbd2956b8
147b0aef-9de4-4585-8195-583d68e92def,02755561-3bd7-3fc7-f8ad-b31cbd2956b8
0336ea8b-fa26-480a-8f34-d80b7941f3a8,02755561-3bd7-3fc7-f8ad-b31cbd2956b8
f0d3d3b1-e837-4703-be23-92946b65e846,8c9a1410-98a9-4afd-9497-4c74b77cf416
d305f145-ea5c-494b-98b9-acda0b535862,19e4452a-ec59-4e00-e833-654bbf89a9be
d5d5cfb9-53d6-4fab-be9b-92961fff8f3c,8c9a1410-98a9-4afd-9497-4c74b77cf416
dc27ab2d-08c8-4cbd-812f-d67bfb18fd64,8c9a1410-98a9-4afd-9497-4c74b77cf416
8980e2af-6921-4f5b-860a-96b5eb338204,8c9a1410-98a9-4afd-9497-4c74b77cf416
7d18f3e1-9b01-4ee0-90ce-5d6928f90ffc,02755561-3bd7-3fc7-f8ad-b31cbd2956b8
d1fb104d-acd8-45db-930b-421ee7d3c2d3,02755561-3bd7-3fc7-f8ad-b31cbd2956b8
4000f16e-1c3d-4087-93bf-a5acc092cf46,02755561-3bd7-3fc7-f8ad-b31cbd2956b8
106d72dc-6fc9-44dc-92c9-e1a9d5cd3087,02755561-3bd7-3fc7-f8ad-b31cbd2956b8
b2be7978-0d98-4212-be2d-3f0546ca9d1b,02755561-3bd7-3fc7-f8ad-b31cbd2956b8
c3965a62-af7e-4920-a870-5cd35474f2a1,02755561-3bd7-3fc7-f8ad-b31cbd2956b8
e4ec7e26-75dd-4f55-968e-5f081c388697,02755561-3bd7-3fc7-f8ad-b31cbd2956b8
91c314b8-b6b5-4f96-ae8e-7cd4a9e31d1c,02755561-3bd7-3fc7-f8ad-b31cbd2956b8
12547be4-14cb-4791-a80a-754350e90a61,02755561-3bd7-3fc7-f8ad-b31cbd2956b8
0456d0a2-c91b-4a69-aba9-14340d1fe1a8,02755561-3bd7-3fc7-f8ad-b31cbd2956b8
0625ca81-79f6-493f-ac66-99c8972be356,02755561-3bd7-3fc7-f8ad-b31cbd2956b8
a089a116-7292-4198-a3ac-1536d8ff32cd,02755561-3bd7-3fc7-f8ad-b31cbd2956b8
494ba5f6-13f2-402b-85f1-4753ff6b3c5c,02755561-3bd7-3fc7-f8ad-b31cbd2956b8
d87ebfd2-1675-4cd2-ae93-3e05619802aa,02755561-3bd7-3fc7-f8ad-b31cbd2956b8
17d34331-aa4f-4408-89ff-e7ab6316665f,02755561-3bd7-3fc7-f8ad-b31cbd2956b8
9aeae31b-7fa5-479b-9815-26a2609619d0,02755561-3bd7-3fc7-f8ad-b31cbd2956b8
2a4b604a-440c-4ba3-a5a7-41f33d301418,02755561-3bd7-3fc7-f8ad-b31cbd2956b8
84db7a26-a43b-4185-8447-b295e0d74629,02755561-3bd7-3fc7-f8ad-b31cbd2956b8
baf4b062-de58-4542-adda-1c29407320c8,02755561-3bd7-3fc7-f8ad-b31cbd2956b8
9bb32004-664e-4a40-b409-7c6182d6f831,8418abd4-292b-a617-4261-2ccf24d9864a
90f8cead-f69f-4b81-80dd-6b98bec87d7b,02755561-3bd7-3fc7-f8ad-b31cbd2956b8
6cd0e821-3ecd-4079-a566-1b329fa7ba8c,02755561-3bd7-3fc7-f8ad-b31cbd2956b8
3370c0e6-14e4-4d95-bc24-e1c1c303460b,02755561-3bd7-3fc7-f8ad-b31cbd2956b8
e39c63cb-b968-4d75-8346-80e7f2567498,02755561-3bd7-3fc7-f8ad-b31cbd2956b8
338c8ebe-9103-4768-9b79-38f98494d585,02755561-3bd7-3fc7-f8ad-b31cbd2956b8
9b2509f7-f16f-49cf-8644-2bcfb72b8513,02755561-3bd7-3fc7-f8ad-b31cbd2956b8
ce456e1c-9252-4a01-9440-9b243d2385f8,02755561-3bd7-3fc7-f8ad-b31cbd2956b8
ef1bd02f-9e04-4b05-a182-cdec955a43a0,02755561-3bd7-3fc7-f8ad-b31cbd2956b8
bf632c6d-0951-4ce1-b4ff-f9023ac74517,02755561-3bd7-3fc7-f8ad-b31cbd2956b8
33eadbc7-0c0e-490f-b2d3-5f987e9e7c52,02755561-3bd7-3fc7-f8ad-b31cbd2956b8
4f3ee9df-28d4-4d84-b784-2f5e07ecbc73,02755561-3bd7-3fc7-f8ad-b31cbd2956b8
9aeafb79-0ca3-48c0-8c75-d437850135cd,02755561-3bd7-3fc7-f8ad-b31cbd2956b8
22b6b848-ee62-4b0f-b6a9-9cf02c294299,02755561-3bd7-3fc7-f8ad-b31cbd2956b8
8927b2de-faba-4717-8d60-8ac324155744,02755561-3bd7-3fc7-f8ad-b31cbd2956b8
108cea51-bbc8-4519-b39f-887c940dec49,02755561-3bd7-3fc7-f8ad-b31cbd2956b8
6b1514d7-88f6-4d74-902c-91f7965a6552,02755561-3bd7-3fc7-f8ad-b31cbd2956b8
11db5a43-4a44-4b4d-90d4-e6933179d6fd,02755561-3bd7-3fc7-f8ad-b31cbd2956b8
134fa86d-ca82-482d-8718-a015d0747880,02755561-3bd7-3fc7-f8ad-b31cbd2956b8
a2a82fa7-148a-41f4-b779-76982d78dde7,02755561-3bd7-3fc7-f8ad-b31cbd2956b8
a6e1c3a1-67a3-496d-8e35-e978c0935ce9,02755561-3bd7-3fc7-f8ad-b31cbd2956b8
cdffe8b7-231b-4946-a759-d8156ff0fce2,02755561-3bd7-3fc7-f8ad-b31cbd2956b8
ba06d895-f0bd-479c-8d25-17048ed4a47f,02755561-3bd7-3fc7-f8ad-b31cbd2956b8
33a95918-e1c3-486b-a60b-79366f35bd19,02755561-3bd7-3fc7-f8ad-b31cbd2956b8
fe79e23e-fd4d-42df-904a-0640eba4d655,02755561-3bd7-3fc7-f8ad-b31cbd2956b8
b702dc34-bc3a-4a18-99a4-33b4674a9439,02755561-3bd7-3fc7-f8ad-b31cbd2956b8
4a79f211-b52c-437d-8289-65172d273bab,02755561-3bd7-3fc7-f8ad-b31cbd2956b8
3a88a429-2164-4402-821b-17f65d0d1f21,02755561-3bd7-3fc7-f8ad-b31cbd2956b8
0e7b8825-731c-41c7-b314-355e03379b3b,02755561-3bd7-3fc7-f8ad-b31cbd2956b8
7a868fa2-6b5a-4ab1-aa25-792d47fa175e,02755561-3bd7-3fc7-f8ad-b31cbd2956b8
507615c9-ed55-4efb-ae60-cd389e0d1ec8,02755561-3bd7-3fc7-f8ad-b31cbd2956b8
fb498037-9145-477f-bd55-ad7c8c309f67,02755561-3bd7-3fc7-f8ad-b31cbd2956b8
9f699141-9e63-400c-b966-b15f35f05437,02755561-3bd7-3fc7-f8ad-b31cbd2956b8
dde1e81d-6e0d-4a7d-afdc-bb47547c6ace,02755561-3bd7-3fc7-f8ad-b31cbd2956b8
bcc7a2c0-9ace-438a-9142-0790dfb65a38,02755561-3bd7-3fc7-f8ad-b31cbd2956b8
09aeabd1-ca29-4374-a41a-8582a24a2cf6,02755561-3bd7-3fc7-f8ad-b31cbd2956b8
cb4f7297-bc96-459e-9bbd-b8745ff3d92f,02755561-3bd7-3fc7-f8ad-b31cbd2956b8
f6ddac5b-ea4a-4cf7-9d30-586d49ece722,02755561-3bd7-3fc7-f8ad-b31cbd2956b8
5f4455f7-ae99-41b1-8760-aeb07ba155fa,02755561-3bd7-3fc7-f8ad-b31cbd2956b8
d7c8f6e1-5b4f-45a1-bf3b-17d07de9a6b8,02755561-3bd7-3fc7-f8ad-b31cbd2956b8
420d403d-8f96-411b-b8c5-a2fa5104733b,02755561-3bd7-3fc7-f8ad-b31cbd2956b8
f34076d6-b209-447c-a245-c98045b3dc0b,02755561-3bd7-3fc7-f8ad-b31cbd2956b8
20068f0f-f40a-4473-b317-e21c651949c6,02755561-3bd7-3fc7-f8ad-b31cbd2956b8
1b4c9e90-0c48-4cf8-b964-1fbf29a1dca3,02755561-3bd7-3fc7-f8ad-b31cbd2956b8
d31804a1-7120-4dfa-bfe3-92ee0fa76a56,02755561-3bd7-3fc7-f8ad-b31cbd2956b8
c5ed8e74-8e67-4703-899c-689454c8f363,02755561-3bd7-3fc7-f8ad-b31cbd2956b8
b1097018-9f5e-41ee-a9da-4e6ee7fd9ffa,02755561-3bd7-3fc7-f8ad-b31cbd2956b8
22fe3d1b-638f-41bf-af5b-892887c267af,02755561-3bd7-3fc7-f8ad-b31cbd2956b8
8c2d475d-30bf-44ee-86d0-5265a7029889,02755561-3bd7-3fc7-f8ad-b31cbd2956b8
27506e66-d5a3-489b-bd05-ac272dc6d922,02755561-3bd7-3fc7-f8ad-b31cbd2956b8
edb011f7-f787-482a-8cdc-6a1d89a3f04d,02755561-3bd7-3fc7-f8ad-b31cbd2956b8
dc807e77-02ab-4509-8202-216abd8238cb,02755561-3bd7-3fc7-f8ad-b31cbd2956b8
f01b1c30-f9e4-4eb2-9d34-532905694add,02755561-3bd7-3fc7-f8ad-b31cbd2956b8
26974395-0e00-4edb-839f-3d34579e18be,02755561-3bd7-3fc7-f8ad-b31cbd2956b8
3f15dbdf-d83f-4482-a84e-295b60f41f5e,02755561-3bd7-3fc7-f8ad-b31cbd2956b8
0b41d952-23a3-4780-bbb9-4224ff3d1150,02755561-3bd7-3fc7-f8ad-b31cbd2956b8
332858af-728c-47bf-aeb7-26f74148a79f,02755561-3bd7-3fc7-f8ad-b31cbd2956b8
e4725729-d4f5-4bb2-9b32-3f04b19cc1ec,02755561-3bd7-3fc7-f8ad-b31cbd2956b8
c89c316d-d9b0-4157-9a0a-f25bc67dbdf3,02755561-3bd7-3fc7-f8ad-b31cbd2956b8
c7d0d00f-339b-4a4b-9e1a-d310b1647c78,02755561-3bd7-3fc7-f8ad-b31cbd2956b8
71a77756-4315-4e53-b6e5-664a1764ff6e,02755561-3bd7-3fc7-f8ad-b31cbd2956b8
d3a84028-d962-40ef-90f0-18a10e08ff57,02755561-3bd7-3fc7-f8ad-b31cbd2956b8
02de513f-5064-4b41-82b4-cbde6df7ae2c,02755561-3bd7-3fc7-f8ad-b31cbd2956b8
8439ace1-d3ea-4c5d-83f3-fe6798ea1d6e,02755561-3bd7-3fc7-f8ad-b31cbd2956b8
6ae4a93a-6183-4b51-9d00-ddd563d15138,02755561-3bd7-3fc7-f8ad-b31cbd2956b8
bf75f758-7b9a-4412-b7b9-5e329ca1bff8,02755561-3bd7-3fc7-f8ad-b31cbd2956b8
245ff73f-9f79-484f-bfee-9ac66aa3fe9a,02755561-3bd7-3fc7-f8ad-b31cbd2956b8
d249e645-f25a-4b56-9cf9-f238b40e1487,02755561-3bd7-3fc7-f8ad-b31cbd2956b8
b247b8a6-6d01-48cd-9394-49603a0a9d59,02755561-3bd7-3fc7-f8ad-b31cbd2956b8
576a9608-84b8-4651-a226-6759967d2ecb,02755561-3bd7-3fc7-f8ad-b31cbd2956b8
8fa994a4-d7d0-43af-9c7b-4255d4dedaf9,02755561-3bd7-3fc7-f8ad-b31cbd2956b8
9df74888-8673-4697-bef7-50868d2049b9,02755561-3bd7-3fc7-f8ad-b31cbd2956b8
9d11e9aa-a61f-471a-a914-4a845a9c72f6,02755561-3bd7-3fc7-f8ad-b31cbd2956b8
c5a4a421-89a6-411a-b9ad-39164e8fac63,02755561-3bd7-3fc7-f8ad-b31cbd2956b8
0001e421-5326-4872-a0d9-50e7e4a5cfd8,02755561-3bd7-3fc7-f8ad-b31cbd2956b8
828bbad3-0f05-4732-9635-12b20b20458a,02755561-3bd7-3fc7-f8ad-b31cbd2956b8
b7cdb463-0b8b-4ea0-ad73-562a82f509f0,02755561-3bd7-3fc7-f8ad-b31cbd2956b8
1741d084-20aa-4efc-9431-8e2e66f40829,02755561-3bd7-3fc7-f8ad-b31cbd2956b8
d0949580-4e06-4321-85e2-ebb6f5d548a9,02755561-3bd7-3fc7-f8ad-b31cbd2956b8
05066d41-3d52-44ba-9550-485a241aa2c1,02755561-3bd7-3fc7-f8ad-b31cbd2956b8
1089c3b3-fec6-4abb-aeab-9394da894a8c,02755561-3bd7-3fc7-f8ad-b31cbd2956b8
03f9ad0d-ea86-40f2-b4e5-7680cfb9648f,02755561-3bd7-3fc7-f8ad-b31cbd2956b8
2535ed5a-eaf2-4d8a-8840-56edf31689c7,02755561-3bd7-3fc7-f8ad-b31cbd2956b8
0c31d967-b519-4470-a3ed-64a95a9b3646,02755561-3bd7-3fc7-f8ad-b31cbd2956b8
7a648d92-08b5-42ee-9abe-6ab65fb55ee0,02755561-3bd7-3fc7-f8ad-b31cbd2956b8
05d862bc-8a7b-451c-9beb-d33b0b7c1de7,02755561-3bd7-3fc7-f8ad-b31cbd2956b8
fbe19a6b-fec5-4795-9f42-9851615863a7,02755561-3bd7-3fc7-f8ad-b31cbd2956b8
6a84f44a-af84-4c00-bbca-c19867cb5e32,02755561-3bd7-3fc7-f8ad-b31cbd2956b8
73f08d67-9696-4a9e-96ce-cc6695afbf40,02755561-3bd7-3fc7-f8ad-b31cbd2956b8
e5610094-3656-40fe-8303-9137a196f964,02755561-3bd7-3fc7-f8ad-b31cbd2956b8
57f8552c-7656-4077-a59a-c8bd8a6a606d,02755561-3bd7-3fc7-f8ad-b31cbd2956b8
4ce04ae1-2bdd-427d-90c1-96d19ae0efbd,02755561-3bd7-3fc7-f8ad-b31cbd2956b8
cc9905be-aac2-4777-b67a-2f72f6991a34,02755561-3bd7-3fc7-f8ad-b31cbd2956b8
da938646-4da0-4be2-9bcf-61f150d2f795,02755561-3bd7-3fc7-f8ad-b31cbd2956b8
1e374985-013e-43ea-adc7-4cf8ffc99aae,02755561-3bd7-3fc7-f8ad-b31cbd2956b8
438814fa-6b15-45ce-a966-112bd051fed6,02755561-3bd7-3fc7-f8ad-b31cbd2956b8
0e2093d1-148d-4b1f-be62-fda5f6293628,02755561-3bd7-3fc7-f8ad-b31cbd2956b8
f0c24849-57fb-4762-b46e-d06ed35f7f21,02755561-3bd7-3fc7-f8ad-b31cbd2956b8
b5a8a9f1-7603-464c-bc2f-429e881a4afe,02755561-3bd7-3fc7-f8ad-b31cbd2956b8
1f0714dd-9c16-4dbc-ab5b-ace2d5066e2d,02755561-3bd7-3fc7-f8ad-b31cbd2956b8
0079d1dc-a876-4738-aeef-4946867d0f27,02755561-3bd7-3fc7-f8ad-b31cbd2956b8
eec25b82-0379-4a6b-ad3a-5ee92a7cba17,02755561-3bd7-3fc7-f8ad-b31cbd2956b8
c5d36f55-bc97-4412-988e-389761cc05c7,02755561-3bd7-3fc7-f8ad-b31cbd2956b8
8c0fefc6-35d1-41f6-ae68-9404d835081f,02755561-3bd7-3fc7-f8ad-b31cbd2956b8
06beded3-1a7c-43d3-9a74-38d3ff7081cc,02755561-3bd7-3fc7-f8ad-b31cbd2956b8
0834ee01-4576-42df-b9d8-ff30de380a47,02755561-3bd7-3fc7-f8ad-b31cbd2956b8
4f7cb8ac-8f0e-4b1f-b32e-ed2b8b8f5058,02755561-3bd7-3fc7-f8ad-b31cbd2956b8
350dcf36-0a27-449e-beac-2bd9d87225d9,02755561-3bd7-3fc7-f8ad-b31cbd2956b8
54e6f1c3-9d86-4ec2-b87d-6c6a4c86e7e8,02755561-3bd7-3fc7-f8ad-b31cbd2956b8
fd35cc22-4af3-4845-b7ea-fce54efbb383,02755561-3bd7-3fc7-f8ad-b31cbd2956b8
b9402d5b-082d-4f3b-b7c4-840d3939af00,02755561-3bd7-3fc7-f8ad-b31cbd2956b8
b176550e-e204-4c53-af89-9fb1eef25756,02755561-3bd7-3fc7-f8ad-b31cbd2956b8
d83c338c-4a7a-4b16-a620-e60ce3b4270a,02755561-3bd7-3fc7-f8ad-b31cbd2956b8
0ac35026-30fe-4938-bc42-d1210c3aaaf2,02755561-3bd7-3fc7-f8ad-b31cbd2956b8
bfdfc586-7392-4cd5-8714-ed4766469bb7,02755561-3bd7-3fc7-f8ad-b31cbd2956b8
f2aa4acb-6d5e-4e97-bf32-c545bdcf013c,02755561-3bd7-3fc7-f8ad-b31cbd2956b8
d4d8e3b0-28e3-4bdd-9e18-c2e94133da4e,02755561-3bd7-3fc7-f8ad-b31cbd2956b8
215643b6-39f6-423c-9ddd-70c9d308b037,02755561-3bd7-3fc7-f8ad-b31cbd2956b8
8f10eb04-1e04-4811-a1a9-d5a9776bb908,02755561-3bd7-3fc7-f8ad-b31cbd2956b8
b74856b8-eff5-47ad-8ce3-62e2009beb31,02755561-3bd7-3fc7-f8ad-b31cbd2956b8
a9cfd46c-ab69-4b5d-ab7d-b9074fb47c43,02755561-3bd7-3fc7-f8ad-b31cbd2956b8
3dcba351-22b2-464e-8f04-b9f1b71c7cbe,02755561-3bd7-3fc7-f8ad-b31cbd2956b8
4d8509cc-81b0-446a-a674-e8507d2eb57d,02755561-3bd7-3fc7-f8ad-b31cbd2956b8
0ca8a7b6-03e6-4c6a-9ce2-684650db6cfa,02755561-3bd7-3fc7-f8ad-b31cbd2956b8
e97d16c7-512b-40be-95ea-2777aca45855,02755561-3bd7-3fc7-f8ad-b31cbd2956b8
cc497caa-87ad-4069-a851-c04c9742c226,02755561-3bd7-3fc7-f8ad-b31cbd2956b8
e7d07fbf-d1b0-4d43-9378-52f2668dd096,02755561-3bd7-3fc7-f8ad-b31cbd2956b8
8c66ff16-aee1-44c9-ac00-4ad28e4b7ecd,02755561-3bd7-3fc7-f8ad-b31cbd2956b8
32669c92-eb89-4e39-89b1-a2c75992a5e2,02755561-3bd7-3fc7-f8ad-b31cbd2956b8
57454d21-bc0e-4769-aead-544f8c938b12,02755561-3bd7-3fc7-f8ad-b31cbd2956b8
88a2925b-5ec7-4819-b0c6-e1a4980e2817,02755561-3bd7-3fc7-f8ad-b31cbd2956b8
2259179e-a5ba-4913-ac9f-537e42df5dcc,02755561-3bd7-3fc7-f8ad-b31cbd2956b8
db4ac553-dfd8-4663-8bb8-fb0dc2a3c7b8,02755561-3bd7-3fc7-f8ad-b31cbd2956b8
e15888e8-ea2a-4618-a684-58f7ce933455,02755561-3bd7-3fc7-f8ad-b31cbd2956b8
58288065-50e6-48ff-8429-5969e7591a37,02755561-3bd7-3fc7-f8ad-b31cbd2956b8
199c6b93-ff36-464f-bb73-41ea6e62dfcd,02755561-3bd7-3fc7-f8ad-b31cbd2956b8
ffd34e97-eb0b-4582-9698-7f931b36882e,02755561-3bd7-3fc7-f8ad-b31cbd2956b8
19d2ead7-eba1-4a52-bf12-99de064c96e7,02755561-3bd7-3fc7-f8ad-b31cbd2956b8
68410712-a471-494c-9f4f-fb2bd5662740,02755561-3bd7-3fc7-f8ad-b31cbd2956b8
0d475b8b-3de0-419e-9935-e25f753343e0,02755561-3bd7-3fc7-f8ad-b31cbd2956b8
4d130da4-833a-4907-8658-4530d7458d6c,02755561-3bd7-3fc7-f8ad-b31cbd2956b8
89e3f3bd-4b76-447f-9984-d20526acb1e8,02755561-3bd7-3fc7-f8ad-b31cbd2956b8
28fac37a-5fef-4fa1-9b5d-081330e10f5a,02755561-3bd7-3fc7-f8ad-b31cbd2956b8
5c10f608-fecb-4492-9662-324d9ccea99d,02755561-3bd7-3fc7-f8ad-b31cbd2956b8
f5a7d7b3-72cf-4b3f-ae91-a40b8ba47ec7,02755561-3bd7-3fc7-f8ad-b31cbd2956b8
c953eacf-9d18-46e1-a693-173f3cb7f914,8418abd4-292b-a617-4261-2ccf24d9864a
8fab3e42-c99b-4e21-96b9-dca48dea641a,02755561-3bd7-3fc7-f8ad-b31cbd2956b8
039e27b1-0867-45af-ac24-7bea46ee094b,02755561-3bd7-3fc7-f8ad-b31cbd2956b8
ac756651-1ddf-4b96-8975-13dbab6e79ae,02755561-3bd7-3fc7-f8ad-b31cbd2956b8
6fa049e5-140d-4d47-b6fe-9e5fc303732c,02755561-3bd7-3fc7-f8ad-b31cbd2956b8
91135295-8a4e-4806-95be-833a7c1e1554,02755561-3bd7-3fc7-f8ad-b31cbd2956b8
4b446fae-d511-4b1b-abce-bda88f912c8c,02755561-3bd7-3fc7-f8ad-b31cbd2956b8
fa81e96c-5aaa-49bb-b6c7-6fa2d895f003,02755561-3bd7-3fc7-f8ad-b31cbd2956b8
002d7702-e6aa-4bff-9a1d-f8f9f0148790,02755561-3bd7-3fc7-f8ad-b31cbd2956b8
bcc5a477-8364-43b0-9e8c-688333e6d82d,02755561-3bd7-3fc7-f8ad-b31cbd2956b8
d2357273-4c23-4e4e-8ef9-631d8f1c5330,02755561-3bd7-3fc7-f8ad-b31cbd2956b8
dabcfcdb-6f66-48e7-900d-bbc58055050f,02755561-3bd7-3fc7-f8ad-b31cbd2956b8
0b7521e8-acfd-4223-8d95-e32886f87328,02755561-3bd7-3fc7-f8ad-b31cbd2956b8
eaacff62-aaca-42ba-93fe-2dc7b38f8c95,02755561-3bd7-3fc7-f8ad-b31cbd2956b8
749be44a-3297-4dc0-a204-4821fafc8538,02755561-3bd7-3fc7-f8ad-b31cbd2956b8
d4d1d24b-6d10-4f60-83f1-3c7c5d983e48,02755561-3bd7-3fc7-f8ad-b31cbd2956b8
498ed5d0-fe57-4fa8-84fd-d3b6391509fb,02755561-3bd7-3fc7-f8ad-b31cbd2956b8
375396fa-065f-4eaf-88db-2a8710ae6469,02755561-3bd7-3fc7-f8ad-b31cbd2956b8
8958d72f-3086-47cf-ace1-7f0c5de8993b,02755561-3bd7-3fc7-f8ad-b31cbd2956b8
93bd6ce8-cdb9-4146-8553-e88ebc2525a2,02755561-3bd7-3fc7-f8ad-b31cbd2956b8
f492ec96-0868-43f6-ac0a-222241f829e5,02755561-3bd7-3fc7-f8ad-b31cbd2956b8
666d2f10-10b3-424b-94f0-5e967a151125,02755561-3bd7-3fc7-f8ad-b31cbd2956b8
0258ee93-7fa0-4922-87e7-27523309f5fc,02755561-3bd7-3fc7-f8ad-b31cbd2956b8
b4fde59d-5b04-4544-bd16-5660a8650ab6,02755561-3bd7-3fc7-f8ad-b31cbd2956b8
e61af830-18b5-445a-8960-cac85d270125,02755561-3bd7-3fc7-f8ad-b31cbd2956b8
3662d642-62c6-47d6-b104-c867644146a2,02755561-3bd7-3fc7-f8ad-b31cbd2956b8
f7fe2576-7169-45a9-b8a8-4c107696cff8,02755561-3bd7-3fc7-f8ad-b31cbd2956b8
e11bb253-c9a7-4a17-a291-1dbcff352e48,02755561-3bd7-3fc7-f8ad-b31cbd2956b8
83d2a1a1-0ab9-4fa8-9fcf-2b1aba2ba373,02755561-3bd7-3fc7-f8ad-b31cbd2956b8
812f2530-0643-45f1-b1a8-388526e4aa6f,02755561-3bd7-3fc7-f8ad-b31cbd2956b8
de5fd14a-f289-4df9-8927-f8e08ccaa347,02755561-3bd7-3fc7-f8ad-b31cbd2956b8
52993415-c5f8-4dd0-bb99-a5cf45c1cc14,02755561-3bd7-3fc7-f8ad-b31cbd2956b8
20b31315-d26c-4236-a45f-f00382a9a82f,02755561-3bd7-3fc7-f8ad-b31cbd2956b8
d6a99958-9014-4d60-aa5a-89e8f6b813ee,02755561-3bd7-3fc7-f8ad-b31cbd2956b8
0232dc26-bdaf-4a23-9b5f-1b3b50fcd234,02755561-3bd7-3fc7-f8ad-b31cbd2956b8
96706455-dc2d-41c5-9d44-d2fb9bb93302,02755561-3bd7-3fc7-f8ad-b31cbd2956b8
5e6086c6-86cc-4152-af0c-27aa2c5d9a2f,02755561-3bd7-3fc7-f8ad-b31cbd2956b8
25342cb9-ecc5-449e-ab56-80a1570f270f,02755561-3bd7-3fc7-f8ad-b31cbd2956b8
e999d0f3-b64d-4cb4-8a01-764373b65aa5,02755561-3bd7-3fc7-f8ad-b31cbd2956b8
25bf82b9-2ed4-44a5-b6fa-5199254a254d,02755561-3bd7-3fc7-f8ad-b31cbd2956b8
ed8061eb-783f-4e9e-be4c-4e8433608a99,02755561-3bd7-3fc7-f8ad-b31cbd2956b8
7caecfb8-2551-40cf-a726-91c1d7c18a59,02755561-3bd7-3fc7-f8ad-b31cbd2956b8
ad96222b-c887-478b-8be3-b8e4c23341d8,02755561-3bd7-3fc7-f8ad-b31cbd2956b8
70115f9d-262d-4ca4-b85c-e81b99c9bfdc,02755561-3bd7-3fc7-f8ad-b31cbd2956b8
2df96e39-1cee-4cb3-ad98-d11b7c36f1d9,02755561-3bd7-3fc7-f8ad-b31cbd2956b8
ad7a0ca5-8976-4ce4-918d-0b59e15c1f2c,02755561-3bd7-3fc7-f8ad-b31cbd2956b8
8ff52807-0314-42d2-87db-d53416c988d7,02755561-3bd7-3fc7-f8ad-b31cbd2956b8
ae4366dd-f916-4566-aac9-f720fc5a5ab6,02755561-3bd7-3fc7-f8ad-b31cbd2956b8
e77a4171-b74c-4b14-8ada-6419d7dc1ca0,02755561-3bd7-3fc7-f8ad-b31cbd2956b8
afdf0b5c-a384-4399-a4e1-c86ecbfbe449,02755561-3bd7-3fc7-f8ad-b31cbd2956b8
6d21dbb3-272a-4deb-b2bd-5c54e2bc5454,02755561-3bd7-3fc7-f8ad-b31cbd2956b8
d736d892-094f-4e26-90ef-9451b34b6e12,02755561-3bd7-3fc7-f8ad-b31cbd2956b8
691fc991-a9f7-4b21-b450-02b416c206bc,02755561-3bd7-3fc7-f8ad-b31cbd2956b8
a5ef8029-e12a-4f51-8b33-fe94f4526c63,02755561-3bd7-3fc7-f8ad-b31cbd2956b8
913a3b03-5c64-4539-875c-6c60b172c6e6,02755561-3bd7-3fc7-f8ad-b31cbd2956b8
175348f1-2d80-4b0d-9a8a-9cff11df5e2e,02755561-3bd7-3fc7-f8ad-b31cbd2956b8
af1e334c-8a31-4802-8f63-c3884d51c608,02755561-3bd7-3fc7-f8ad-b31cbd2956b8
4234e62f-2f28-4b37-b9e7-06e0d3194aa4,02755561-3bd7-3fc7-f8ad-b31cbd2956b8
a061bef6-ef28-4d6d-9c66-652566e4b247,02755561-3bd7-3fc7-f8ad-b31cbd2956b8
e81efcb9-ff5d-4c9b-841a-0e2acf0d48ab,02755561-3bd7-3fc7-f8ad-b31cbd2956b8
91e6807d-ff44-4366-9072-34b75f396bde,02755561-3bd7-3fc7-f8ad-b31cbd2956b8
aa0ed48b-7841-4cf2-ac75-2a083f8f0bc8,02755561-3bd7-3fc7-f8ad-b31cbd2956b8
fe255c0f-7315-449c-8ad4-b586ba0a7387,02755561-3bd7-3fc7-f8ad-b31cbd2956b8
d7600b17-23d6-44ed-94bf-ab3f7b1d43bc,02755561-3bd7-3fc7-f8ad-b31cbd2956b8
e3ae7fc2-0f5f-4fa9-bbe6-a8d2b3659f25,02755561-3bd7-3fc7-f8ad-b31cbd2956b8
ada3ff8a-3cd7-498e-a4c7-df23aa695525,02755561-3bd7-3fc7-f8ad-b31cbd2956b8
0d6fa8c8-8e9c-4fdd-8a4d-3c4bef91039d,02755561-3bd7-3fc7-f8ad-b31cbd2956b8
ff5ff8b2-5d2b-489a-b342-fc7d5af49f75,02755561-3bd7-3fc7-f8ad-b31cbd2956b8
0c4774d9-f6b5-4cd7-bb85-6ddc5505db90,02755561-3bd7-3fc7-f8ad-b31cbd2956b8
d7c6c5bb-f0ae-4827-ba31-b7fa58900eba,02755561-3bd7-3fc7-f8ad-b31cbd2956b8
d2f63213-e1d6-48b0-9b14-07b774875bdb,02755561-3bd7-3fc7-f8ad-b31cbd2956b8
8150fac9-b021-4648-b544-f8b9c73e4e06,02755561-3bd7-3fc7-f8ad-b31cbd2956b8
e3e85374-c604-4017-81af-d85f60a2712e,02755561-3bd7-3fc7-f8ad-b31cbd2956b8
8d3c4663-bdd6-42d1-8edd-260d99abf69c,02755561-3bd7-3fc7-f8ad-b31cbd2956b8
0dfa9238-103f-41f3-9da4-69e149b0a54f,02755561-3bd7-3fc7-f8ad-b31cbd2956b8
63cb8cdb-cc53-4cd8-96a0-ecccef5edfae,02755561-3bd7-3fc7-f8ad-b31cbd2956b8
7f684349-80df-4cab-a4f8-5e4f7b989bfe,02755561-3bd7-3fc7-f8ad-b31cbd2956b8
7dadcd29-ce74-459b-b3e6-f2e33273dec0,02755561-3bd7-3fc7-f8ad-b31cbd2956b8
beee5d4f-3e7e-4769-9732-5036a2d05a95,02755561-3bd7-3fc7-f8ad-b31cbd2956b8
4d591a19-24c2-4df2-b395-a9a5c6dbe33a,02755561-3bd7-3fc7-f8ad-b31cbd2956b8
8e240056-1c37-4ffc-80ec-2b98a77356cb,02755561-3bd7-3fc7-f8ad-b31cbd2956b8
42fff841-5e07-425b-b2ac-2098282b1a6a,02755561-3bd7-3fc7-f8ad-b31cbd2956b8
d8c1b8df-ebeb-43ce-9025-90a898f74989,02755561-3bd7-3fc7-f8ad-b31cbd2956b8
8ac5bed7-04b9-4fd6-9f1c-8638b8a223b3,02755561-3bd7-3fc7-f8ad-b31cbd2956b8
5013d1ad-1679-4202-b1a0-7cd2c9853710,02755561-3bd7-3fc7-f8ad-b31cbd2956b8
0fd61110-d31e-49e0-a61b-ddcd85961009,02755561-3bd7-3fc7-f8ad-b31cbd2956b8
0f6440e7-1215-469c-a4fe-3be8b61e8521,02755561-3bd7-3fc7-f8ad-b31cbd2956b8
beb8b56a-edcc-4aa4-ab2a-928683eb83af,02755561-3bd7-3fc7-f8ad-b31cbd2956b8
5c53cbba-da9f-40fc-9012-8eca2bd4bfa7,02755561-3bd7-3fc7-f8ad-b31cbd2956b8
8e788bbf-0cfa-4e2c-bab3-4290f878bd12,02755561-3bd7-3fc7-f8ad-b31cbd2956b8
8ff6ac6c-b508-4de8-848f-5eeb8020468c,02755561-3bd7-3fc7-f8ad-b31cbd2956b8
83808763-0337-4f1b-9302-871f767e5724,02755561-3bd7-3fc7-f8ad-b31cbd2956b8
cbffc8e5-4ca0-405b-9962-e9633f593d31,02755561-3bd7-3fc7-f8ad-b31cbd2956b8
cfa1cfa6-c5ef-4fec-a89e-e03eccc9d6e4,02755561-3bd7-3fc7-f8ad-b31cbd2956b8
b597ba3c-f727-41bf-b867-b3213c6d9234,02755561-3bd7-3fc7-f8ad-b31cbd2956b8
bfc95bd4-7dc1-4952-82ef-4678ca3fc251,02755561-3bd7-3fc7-f8ad-b31cbd2956b8
8eaf5355-ba73-40bb-95f8-516f25d778f2,02755561-3bd7-3fc7-f8ad-b31cbd2956b8
f377d43b-6e28-4090-a473-f42adbb60641,02755561-3bd7-3fc7-f8ad-b31cbd2956b8
0b924a70-8b37-4e7e-8c84-8e41d6c42b79,02755561-3bd7-3fc7-f8ad-b31cbd2956b8
54439680-b1ac-44fa-ac56-982a42c8386c,02755561-3bd7-3fc7-f8ad-b31cbd2956b8
fcf08daa-119c-497e-8b30-0c56c448f36f,02755561-3bd7-3fc7-f8ad-b31cbd2956b8
f8838b51-cfbf-46c8-97af-7e0732f77337,02755561-3bd7-3fc7-f8ad-b31cbd2956b8
068d4fdb-d095-4fcc-bbf0-e7356b2c3c5d,02755561-3bd7-3fc7-f8ad-b31cbd2956b8
a85f658d-b33a-4c20-8c12-b5e44fcc17c6,02755561-3bd7-3fc7-f8ad-b31cbd2956b8
e3c36633-bbdd-4359-b1fe-6570e18045fd,02755561-3bd7-3fc7-f8ad-b31cbd2956b8
c6622ad3-730c-4c1b-aa38-fb63bbdc7ca7,02755561-3bd7-3fc7-f8ad-b31cbd2956b8
9dc620a3-df20-4ff6-a7c7-2c76d5a6526d,02755561-3bd7-3fc7-f8ad-b31cbd2956b8
0fe3cc9a-1af9-4b60-b967-2a3e1e6af46f,02755561-3bd7-3fc7-f8ad-b31cbd2956b8
0f6790b0-bd32-4f92-9a14-4c3859d3b99f,02755561-3bd7-3fc7-f8ad-b31cbd2956b8
74aa39e8-c801-4c6c-822e-9c90dc57e6dc,02755561-3bd7-3fc7-f8ad-b31cbd2956b8
2d2479ac-d34f-41cb-8f30-30716bbe604b,02755561-3bd7-3fc7-f8ad-b31cbd2956b8
84752a56-80a0-4911-98fd-2f57ccff93bc,02755561-3bd7-3fc7-f8ad-b31cbd2956b8
0acc4703-1a03-411e-94a2-65c0da36c2cf,02755561-3bd7-3fc7-f8ad-b31cbd2956b8
a82991b7-2e17-40b8-8578-3d03441bae25,02755561-3bd7-3fc7-f8ad-b31cbd2956b8
e500e75f-8237-456c-8712-bec86b55bd4b,02755561-3bd7-3fc7-f8ad-b31cbd2956b8
8050e5d6-e48f-463d-802d-612917d61801,02755561-3bd7-3fc7-f8ad-b31cbd2956b8
182ebbd6-ced5-49ea-b2e3-ce2735bade0d,02755561-3bd7-3fc7-f8ad-b31cbd2956b8
68c3ebd6-b275-4f3e-9890-8dcd8ee19232,02755561-3bd7-3fc7-f8ad-b31cbd2956b8
a64b7838-478f-4aa4-8664-0057f953b120,02755561-3bd7-3fc7-f8ad-b31cbd2956b8
d964f9e1-d4ff-4079-bc8b-d46fe4997e0a,02755561-3bd7-3fc7-f8ad-b31cbd2956b8
19b5500a-db37-4930-b50b-eea1347c7bcf,02755561-3bd7-3fc7-f8ad-b31cbd2956b8
21922a44-b9a6-4833-9ae4-d8c737ce366d,02755561-3bd7-3fc7-f8ad-b31cbd2956b8
9d3a5905-0410-40f9-aa15-4eca0cf1265c,02755561-3bd7-3fc7-f8ad-b31cbd2956b8
3ee2e0f9-406a-456a-9f87-061272276f99,02755561-3bd7-3fc7-f8ad-b31cbd2956b8
6cac4ef0-65e9-4deb-b8b2-61d8c6a351c2,02755561-3bd7-3fc7-f8ad-b31cbd2956b8
f8784bae-6fce-41cc-a40d-5ebebea7e2ec,02755561-3bd7-3fc7-f8ad-b31cbd2956b8
6368752d-5ca0-452d-813e-4e5aae4d7075,02755561-3bd7-3fc7-f8ad-b31cbd2956b8
9acf05ad-ea48-4954-a01d-85c401374c4e,02755561-3bd7-3fc7-f8ad-b31cbd2956b8
ba4343ac-ace9-4219-a22f-a81ec260a420,02755561-3bd7-3fc7-f8ad-b31cbd2956b8
173cfd87-1793-421b-b4a5-d57fc364e93c,02755561-3bd7-3fc7-f8ad-b31cbd2956b8
7192c6ff-1f56-4982-9828-6bb100199de4,02755561-3bd7-3fc7-f8ad-b31cbd2956b8
03e92cb3-4aac-4e90-bf61-9c4b4aebd461,02755561-3bd7-3fc7-f8ad-b31cbd2956b8
bc56a874-4a85-41f9-bb4d-8aee129a58a9,02755561-3bd7-3fc7-f8ad-b31cbd2956b8
b11c9c3d-684e-425d-949a-218779cb844d,02755561-3bd7-3fc7-f8ad-b31cbd2956b8
1f12c08d-371f-4dc1-af0b-f9f6d8fc3c40,02755561-3bd7-3fc7-f8ad-b31cbd2956b8
c4e466ba-b989-46fb-b3a0-a5bbeac4b980,02755561-3bd7-3fc7-f8ad-b31cbd2956b8
aeff9732-d9de-4fd1-af96-e2785337c7ae,02755561-3bd7-3fc7-f8ad-b31cbd2956b8
8898458f-91a6-4870-93a2-e089fba67366,02755561-3bd7-3fc7-f8ad-b31cbd2956b8
a8fcdb04-0161-4c90-9c56-809c8ca0da9b,02755561-3bd7-3fc7-f8ad-b31cbd2956b8
e2f13a25-4547-412d-ad27-61e59097c1ea,02755561-3bd7-3fc7-f8ad-b31cbd2956b8
6d2465d6-8f84-4007-9356-39d6fa0a1956,02755561-3bd7-3fc7-f8ad-b31cbd2956b8
9f1ed64a-cf90-4d22-b1dd-0a00979137c4,02755561-3bd7-3fc7-f8ad-b31cbd2956b8
0a28ef93-3a9e-4ce9-b3e6-feb6f33db10b,02755561-3bd7-3fc7-f8ad-b31cbd2956b8
9c98c9df-6505-4b3e-b248-9c57394d801e,02755561-3bd7-3fc7-f8ad-b31cbd2956b8
8ec9b1cb-87ac-4c11-9627-b7cdc59aef0d,02755561-3bd7-3fc7-f8ad-b31cbd2956b8
7b95a09a-b3b6-4795-b358-7de9e488594b,02755561-3bd7-3fc7-f8ad-b31cbd2956b8
4a82b3d8-4e93-429e-93b5-0b60d87d6ffd,02755561-3bd7-3fc7-f8ad-b31cbd2956b8
bdd6bf0f-9aaa-4564-83b7-da0d71da074b,02755561-3bd7-3fc7-f8ad-b31cbd2956b8
9421c54b-91e5-40d6-9205-77b0503d0760,02755561-3bd7-3fc7-f8ad-b31cbd2956b8
e353314b-203a-46b1-9a1e-b4209fb88563,02755561-3bd7-3fc7-f8ad-b31cbd2956b8
3fa1f50e-e4f5-471e-b26f-578828c52c73,02755561-3bd7-3fc7-f8ad-b31cbd2956b8
6ce114c5-8964-43ae-b90f-8ffd24e46ea0,02755561-3bd7-3fc7-f8ad-b31cbd2956b8
f670c8a3-22f5-4389-89dd-6dc0f6a15978,02755561-3bd7-3fc7-f8ad-b31cbd2956b8
0567bf43-2fec-442e-984c-aacd71a8ee12,02755561-3bd7-3fc7-f8ad-b31cbd2956b8
03c48e70-0d1a-4dcc-ad5f-f92956264891,02755561-3bd7-3fc7-f8ad-b31cbd2956b8
73d0edc0-a679-4ed6-8630-a4f7db12b0f0,02755561-3bd7-3fc7-f8ad-b31cbd2956b8
7878e042-c00e-448e-b636-73d1ee78f12c,02755561-3bd7-3fc7-f8ad-b31cbd2956b8
00a5b859-bc33-40d2-9c51-9acdb1dfe76e,02755561-3bd7-3fc7-f8ad-b31cbd2956b8
fcfa3c37-9bef-4c07-8724-2c299086761f,02755561-3bd7-3fc7-f8ad-b31cbd2956b8
27049818-292d-42ec-97aa-0d44c076cedc,02755561-3bd7-3fc7-f8ad-b31cbd2956b8
2d955b8a-6984-4711-8fda-68b274fa8e42,02755561-3bd7-3fc7-f8ad-b31cbd2956b8
5c9909fa-dc69-4ae0-8e06-5c60f1fc3945,02755561-3bd7-3fc7-f8ad-b31cbd2956b8
0d79e333-203d-40aa-851c-b72d119a8ccd,02755561-3bd7-3fc7-f8ad-b31cbd2956b8
e3cf2480-52c1-479d-895f-e0e6f5bf73d6,02755561-3bd7-3fc7-f8ad-b31cbd2956b8
74d660e8-79df-4bc3-adc3-7a405124f08b,02755561-3bd7-3fc7-f8ad-b31cbd2956b8
4108460d-58fd-41d5-8dbb-10ff29389b3e,02755561-3bd7-3fc7-f8ad-b31cbd2956b8
6c879685-1315-4397-a7b9-935c1fe24bdd,02755561-3bd7-3fc7-f8ad-b31cbd2956b8
806be0ba-eb85-4f08-8b66-0cfbb6c2ab93,02755561-3bd7-3fc7-f8ad-b31cbd2956b8
5ee08790-5d66-49cc-ac22-9b21295a0617,02755561-3bd7-3fc7-f8ad-b31cbd2956b8
be5172c0-2b6e-488f-bede-45926923ccfb,02755561-3bd7-3fc7-f8ad-b31cbd2956b8
88419bc7-c9c1-4cea-9cd6-c7c9f7192a6a,02755561-3bd7-3fc7-f8ad-b31cbd2956b8
14f4a56d-5bc9-4834-bb28-d9e478d16ab5,02755561-3bd7-3fc7-f8ad-b31cbd2956b8
4f6a69e0-f5da-4c13-9246-8866a923f8cb,02755561-3bd7-3fc7-f8ad-b31cbd2956b8
76a70a2e-9ff6-4f80-8b2b-3c4259144376,02755561-3bd7-3fc7-f8ad-b31cbd2956b8
41964d75-64a6-4491-a0f4-40779460b5ec,02755561-3bd7-3fc7-f8ad-b31cbd2956b8
acb87853-56ef-4b15-a8db-a07b4f690b36,02755561-3bd7-3fc7-f8ad-b31cbd2956b8
2c4e4a3e-b9e4-4b63-8d50-c481c9bb1b44,02755561-3bd7-3fc7-f8ad-b31cbd2956b8
b7bb21ad-b3fd-4f26-8b13-7eb663f3ccae,02755561-3bd7-3fc7-f8ad-b31cbd2956b8
9309e36b-6087-45e0-9ae0-1a2ca813b882,02755561-3bd7-3fc7-f8ad-b31cbd2956b8
b07ebcf8-a7bd-40bf-809d-1b27f3b899a5,02755561-3bd7-3fc7-f8ad-b31cbd2956b8
e274495a-3433-44d2-9e40-0526f8cffb47,02755561-3bd7-3fc7-f8ad-b31cbd2956b8
542ed472-854e-403f-ae4f-213e829d11df,02755561-3bd7-3fc7-f8ad-b31cbd2956b8
fbfacf45-18cf-49d5-ae1a-fabfb028e4a2,02755561-3bd7-3fc7-f8ad-b31cbd2956b8
933d846e-3ac2-49b5-a2ab-9688e963a215,02755561-3bd7-3fc7-f8ad-b31cbd2956b8
45f87443-55bb-4d2d-a87a-25375a5715fc,02755561-3bd7-3fc7-f8ad-b31cbd2956b8
41b200a9-cd07-4bbf-9b98-8ca00c44446e,02755561-3bd7-3fc7-f8ad-b31cbd2956b8
173311c8-323c-4c1b-ad85-f54d9c755650,02755561-3bd7-3fc7-f8ad-b31cbd2956b8
3219b145-4860-416e-bb37-b7db73db6a6b,02755561-3bd7-3fc7-f8ad-b31cbd2956b8
716b2f6a-7e49-48c2-81d0-cafb65ff9de2,02755561-3bd7-3fc7-f8ad-b31cbd2956b8
962d5f2f-b65d-48ea-b899-2816cf232adf,02755561-3bd7-3fc7-f8ad-b31cbd2956b8
85d8f6f2-4299-4f7a-9f31-e717160a6c3b,02755561-3bd7-3fc7-f8ad-b31cbd2956b8
2bf64e7c-1c90-4a21-9e57-7a270d1b01ba,02755561-3bd7-3fc7-f8ad-b31cbd2956b8
72d652aa-3eaf-4f2e-a3b2-834fda7c4e7f,02755561-3bd7-3fc7-f8ad-b31cbd2956b8
0ea7fdd4-efca-4558-b1a2-4479e3f0e2ab,02755561-3bd7-3fc7-f8ad-b31cbd2956b8
67af2f10-26f3-403a-b6b5-6f829d9f1460,02755561-3bd7-3fc7-f8ad-b31cbd2956b8
d1647eb8-9326-43ec-b00c-c01f95ffa09c,02755561-3bd7-3fc7-f8ad-b31cbd2956b8
a71f16b6-cc0b-4191-b03e-5e55ab4dc222,02755561-3bd7-3fc7-f8ad-b31cbd2956b8
0360f30d-896d-4975-bdef-9c38cdb2bf2d,02755561-3bd7-3fc7-f8ad-b31cbd2956b8
1f3ef09c-8532-4bf9-acb9-8b92b1b3e91c,02755561-3bd7-3fc7-f8ad-b31cbd2956b8
b9177b1e-ca0c-4b1c-814f-5b65809fe279,02755561-3bd7-3fc7-f8ad-b31cbd2956b8
fcca7419-a7b1-4bd7-b229-13216b17be18,02755561-3bd7-3fc7-f8ad-b31cbd2956b8
f3fa4a6b-62c8-4869-8987-6a2a30cf021b,02755561-3bd7-3fc7-f8ad-b31cbd2956b8
5cf14a08-0925-4a85-89ca-ee7bb47e2ddb,02755561-3bd7-3fc7-f8ad-b31cbd2956b8
09bc2a82-8c39-4388-aa81-044282e18ee4,02755561-3bd7-3fc7-f8ad-b31cbd2956b8
40a13459-85b1-4cec-be6b-b6470f8d1e02,02755561-3bd7-3fc7-f8ad-b31cbd2956b8
0d3498b6-91c8-491a-914a-e974951a359e,02755561-3bd7-3fc7-f8ad-b31cbd2956b8
4ae30ab5-e00b-4145-857d-ac788ba4b09e,02755561-3bd7-3fc7-f8ad-b31cbd2956b8
b68e4525-6fe3-4cf4-9f16-e16035680b77,02755561-3bd7-3fc7-f8ad-b31cbd2956b8
68c7c12d-3b69-480e-93b9-d9f97def37eb,02755561-3bd7-3fc7-f8ad-b31cbd2956b8
87fe00f0-3ee4-48a1-8d5f-033af696801c,02755561-3bd7-3fc7-f8ad-b31cbd2956b8
36ef0c48-aa69-4e5a-8cbf-7507558198c2,02755561-3bd7-3fc7-f8ad-b31cbd2956b8
4596767a-6399-4c60-92fe-aad44d0af3f1,02755561-3bd7-3fc7-f8ad-b31cbd2956b8
9546b1c8-7149-4e76-a985-2ff245c76396,02755561-3bd7-3fc7-f8ad-b31cbd2956b8
50bb50d3-1e35-40b9-9d2b-df3c44126064,02755561-3bd7-3fc7-f8ad-b31cbd2956b8
f7f3a0d3-9fd0-4305-8741-3cd09b7301f8,02755561-3bd7-3fc7-f8ad-b31cbd2956b8
eb67e64a-4669-437d-a935-d9daf97906d4,02755561-3bd7-3fc7-f8ad-b31cbd2956b8
0fe230b2-839e-41e7-80f2-bc5b44a518f7,02755561-3bd7-3fc7-f8ad-b31cbd2956b8
aa86331d-63bf-4fa5-a3d2-15fd2f06bced,02755561-3bd7-3fc7-f8ad-b31cbd2956b8
8dad263b-1e40-4702-bd36-51df160ecd9f,02755561-3bd7-3fc7-f8ad-b31cbd2956b8
47825cc6-5e89-42c7-8e5a-19bd12c97d20,02755561-3bd7-3fc7-f8ad-b31cbd2956b8
29b1028f-5b81-4f5a-b31a-b9ea85bacb23,02755561-3bd7-3fc7-f8ad-b31cbd2956b8
71e1a381-bbc6-4d73-b44a-814f4c93e8f5,02755561-3bd7-3fc7-f8ad-b31cbd2956b8
80f10b31-bae1-43b4-821a-2cd853617f73,02755561-3bd7-3fc7-f8ad-b31cbd2956b8
c23abb0c-92f3-48c1-966f-d21f54008306,02755561-3bd7-3fc7-f8ad-b31cbd2956b8
5a6448c6-4cd2-4dc3-9082-05ea92dc1470,8418abd4-292b-a617-4261-2ccf24d9864a
fd66453f-ca5a-4a73-805d-0b219873129e,02755561-3bd7-3fc7-f8ad-b31cbd2956b8
05625de0-bfd6-4da4-bd92-4b37c4d6e31f,02755561-3bd7-3fc7-f8ad-b31cbd2956b8
e1360498-28f6-41a5-b458-4452c850fcf3,02755561-3bd7-3fc7-f8ad-b31cbd2956b8
03466cc4-7076-422d-abf3-028606d6c411,02755561-3bd7-3fc7-f8ad-b31cbd2956b8
b2ea6230-661b-4520-a4fc-1bcc8649de35,02755561-3bd7-3fc7-f8ad-b31cbd2956b8
d5081c43-ebe0-4519-8261-43186e340167,02755561-3bd7-3fc7-f8ad-b31cbd2956b8
a25422eb-7bbb-4404-a1b8-01d863655a80,02755561-3bd7-3fc7-f8ad-b31cbd2956b8
d4ffbe01-58ae-4879-bc5a-5b2450e7365d,02755561-3bd7-3fc7-f8ad-b31cbd2956b8
9ac7ed5b-5ba2-48ba-b298-f39981d4e811,02755561-3bd7-3fc7-f8ad-b31cbd2956b8
237d7d85-8f9a-4984-8d0f-8175b3a04b2c,02755561-3bd7-3fc7-f8ad-b31cbd2956b8
3fd40489-ec50-490c-9a47-b6da409a2c0b,02755561-3bd7-3fc7-f8ad-b31cbd2956b8
bb2ec39d-c208-4aa8-af44-e195395c3089,02755561-3bd7-3fc7-f8ad-b31cbd2956b8
464ff2b8-ff99-4978-90f3-d167de33bf79,02755561-3bd7-3fc7-f8ad-b31cbd2956b8
d13531fb-db8c-4d66-bb34-203c16e561a7,02755561-3bd7-3fc7-f8ad-b31cbd2956b8
191db30c-eafc-4532-83a2-1bfbbe59b22a,02755561-3bd7-3fc7-f8ad-b31cbd2956b8
7d83fccd-a483-46f4-bdeb-709bc24d4459,02755561-3bd7-3fc7-f8ad-b31cbd2956b8
c92bbc47-035e-4c02-ae7f-bf639e4e30a5,02755561-3bd7-3fc7-f8ad-b31cbd2956b8
8fbc0863-3079-4bb3-8819-3fbbb0b9a103,02755561-3bd7-3fc7-f8ad-b31cbd2956b8
916fb90d-288d-4783-8a03-16382d4dc66c,02755561-3bd7-3fc7-f8ad-b31cbd2956b8
e76cd0d4-0563-440d-a464-9583fd2541ae,02755561-3bd7-3fc7-f8ad-b31cbd2956b8
470242ba-460e-4527-af90-1b37f33587a4,02755561-3bd7-3fc7-f8ad-b31cbd2956b8
96c99df2-fd33-4716-bf49-64a106726b6c,02755561-3bd7-3fc7-f8ad-b31cbd2956b8
11c280cf-48d3-42ba-906b-f3f8224c811d,02755561-3bd7-3fc7-f8ad-b31cbd2956b8
5cc43aee-84a1-4f28-974e-4c681058f1a1,02755561-3bd7-3fc7-f8ad-b31cbd2956b8
156e9bc7-723a-486c-a377-c58a4215ea2a,02755561-3bd7-3fc7-f8ad-b31cbd2956b8
647c9f7f-3773-45cc-9eba-3865cf09b00a,02755561-3bd7-3fc7-f8ad-b31cbd2956b8
320a5cce-6705-4519-ac54-4a5ea18de42c,02755561-3bd7-3fc7-f8ad-b31cbd2956b8
dfc51acc-742c-42c1-a07d-e528bf82c5a7,02755561-3bd7-3fc7-f8ad-b31cbd2956b8
7fd02296-e7ba-4e35-8499-f7a155e51e17,02755561-3bd7-3fc7-f8ad-b31cbd2956b8
4e3e37d0-6441-43d9-a013-df91d3a14bcb,02755561-3bd7-3fc7-f8ad-b31cbd2956b8
02efa216-be84-42cb-b7de-f8de84097304,02755561-3bd7-3fc7-f8ad-b31cbd2956b8
be77da03-2022-4f70-b95d-49d265a21566,02755561-3bd7-3fc7-f8ad-b31cbd2956b8
55060a1a-e9df-4137-bad9-bbc4d266819f,02755561-3bd7-3fc7-f8ad-b31cbd2956b8
533931ce-ebd6-4ad0-b0e6-5dba5d8ad096,02755561-3bd7-3fc7-f8ad-b31cbd2956b8
9ff146b3-5dd2-485d-bcf7-7152bbb28b34,02755561-3bd7-3fc7-f8ad-b31cbd2956b8
b716bc7e-2f19-4d8c-95bc-659d094be585,02755561-3bd7-3fc7-f8ad-b31cbd2956b8
864015de-4d82-4041-9562-e952ef2e200e,02755561-3bd7-3fc7-f8ad-b31cbd2956b8
859a16f1-c65e-462a-990d-30c38ff386e6,02755561-3bd7-3fc7-f8ad-b31cbd2956b8
ed14eb95-e856-4f09-8cfa-0bdf4024e3a2,02755561-3bd7-3fc7-f8ad-b31cbd2956b8
f516f832-aa41-440a-a77d-9c9ce34478f9,02755561-3bd7-3fc7-f8ad-b31cbd2956b8
50bcf158-8f6a-420f-834e-30ffd459921d,02755561-3bd7-3fc7-f8ad-b31cbd2956b8
3bcc1d62-0042-4448-b7ee-efa42a82b476,02755561-3bd7-3fc7-f8ad-b31cbd2956b8
dcb4211c-34fd-4cf8-b120-35f35996a8be,02755561-3bd7-3fc7-f8ad-b31cbd2956b8
6fa86f4b-60be-49b7-8cb4-1fa945f90f9b,02755561-3bd7-3fc7-f8ad-b31cbd2956b8
2837ae15-8ade-4a17-9fc2-5d21413afe24,02755561-3bd7-3fc7-f8ad-b31cbd2956b8
84fac109-e1f5-483f-ab0a-4fdec8149d75,02755561-3bd7-3fc7-f8ad-b31cbd2956b8
57fb4e20-16a2-4e4b-a532-6eef7be2a9cb,02755561-3bd7-3fc7-f8ad-b31cbd2956b8
f3a7459c-d0a5-454c-a007-7759b815ef65,02755561-3bd7-3fc7-f8ad-b31cbd2956b8
83f34e71-602f-4ee9-ba11-a24d51732022,02755561-3bd7-3fc7-f8ad-b31cbd2956b8
6bd7c837-9115-4c9e-aa0a-c8b7ce035c09,02755561-3bd7-3fc7-f8ad-b31cbd2956b8
9843c7c5-21d3-4c59-8d85-1c8ddd93a61b,02755561-3bd7-3fc7-f8ad-b31cbd2956b8
9f897d0e-1c6d-423a-b844-2faa90217c9b,02755561-3bd7-3fc7-f8ad-b31cbd2956b8
074f1d58-ed82-4105-8d69-0d0ed51309fb,02755561-3bd7-3fc7-f8ad-b31cbd2956b8
772139e9-e72d-4e03-9a82-d932c47cafe1,02755561-3bd7-3fc7-f8ad-b31cbd2956b8
b33dba72-4e46-42da-b7d0-73475e84e0f6,02755561-3bd7-3fc7-f8ad-b31cbd2956b8
1217b217-ccfe-42b4-9cd1-559593839550,02755561-3bd7-3fc7-f8ad-b31cbd2956b8
5344a2fa-07e5-4492-b34a-a1def7b58c77,02755561-3bd7-3fc7-f8ad-b31cbd2956b8
6d0401a7-c094-47a3-a251-152e0f461793,02755561-3bd7-3fc7-f8ad-b31cbd2956b8
cf2748c4-90b0-46be-a075-83eb3ce43307,02755561-3bd7-3fc7-f8ad-b31cbd2956b8
89c039a0-d92f-4c3c-bb0b-d3266a7356f8,02755561-3bd7-3fc7-f8ad-b31cbd2956b8
e5339568-fa3d-4264-8a1f-c585791b954c,02755561-3bd7-3fc7-f8ad-b31cbd2956b8
79debf7e-1d9b-478a-920e-77f703131895,02755561-3bd7-3fc7-f8ad-b31cbd2956b8
9ab2d6c5-13d8-4c98-8c28-8b2731e7a67f,02755561-3bd7-3fc7-f8ad-b31cbd2956b8
aa546a87-e048-435c-8e27-9170a74c547f,02755561-3bd7-3fc7-f8ad-b31cbd2956b8
1fbd254c-3131-4da6-9c48-f223e3bc56cb,02755561-3bd7-3fc7-f8ad-b31cbd2956b8
91494b87-9948-4c6d-a773-e6ffe74299f5,02755561-3bd7-3fc7-f8ad-b31cbd2956b8
3db46022-d2e7-4db4-bc8a-8f766461d242,02755561-3bd7-3fc7-f8ad-b31cbd2956b8
3aaa6841-a400-4aae-8a95-397dff0fd5b3,02755561-3bd7-3fc7-f8ad-b31cbd2956b8
7c4e5524-40b3-446f-b952-3ec1b707e224,8418abd4-292b-a617-4261-2ccf24d9864a
b62ba720-5976-409d-bc6c-727b7980e8fe,02755561-3bd7-3fc7-f8ad-b31cbd2956b8
67ea4e20-b6b0-4421-aa16-f4ce7b2909d2,02755561-3bd7-3fc7-f8ad-b31cbd2956b8
5aad900f-3e50-4b7f-b105-797171bd13f6,02755561-3bd7-3fc7-f8ad-b31cbd2956b8
b2eaf49c-c404-4c6c-803a-9e5a414220e8,02755561-3bd7-3fc7-f8ad-b31cbd2956b8
b58d80d0-9d49-4fb8-bf2b-3c3c62452889,02755561-3bd7-3fc7-f8ad-b31cbd2956b8
56daf4e0-836b-4246-a500-258a0a01334c,02755561-3bd7-3fc7-f8ad-b31cbd2956b8
06a88762-e499-4139-b662-b4264fce9da8,02755561-3bd7-3fc7-f8ad-b31cbd2956b8
e47b05a5-f1aa-42e6-b876-9a91b35697a0,02755561-3bd7-3fc7-f8ad-b31cbd2956b8
11cd432b-84b4-4fac-b8f6-a299c236f129,02755561-3bd7-3fc7-f8ad-b31cbd2956b8
5515955d-71f0-4dc8-b974-66c3b3715124,02755561-3bd7-3fc7-f8ad-b31cbd2956b8
483f0d5a-13f5-4709-a0ec-d5163fbc1edf,02755561-3bd7-3fc7-f8ad-b31cbd2956b8
7ec6284f-b338-4bc6-97bf-486fe59f015a,02755561-3bd7-3fc7-f8ad-b31cbd2956b8
ba162afc-372e-4df3-8b1d-3cc7731b5185,02755561-3bd7-3fc7-f8ad-b31cbd2956b8
150a371a-53d0-4487-a8fd-0f99fdae99af,02755561-3bd7-3fc7-f8ad-b31cbd2956b8
3fc9b6c6-0193-4fe1-97e1-a7f19f3fda9f,02755561-3bd7-3fc7-f8ad-b31cbd2956b8
c880ea15-ebef-46be-be86-9628d65a0c0d,02755561-3bd7-3fc7-f8ad-b31cbd2956b8
dc781e28-df7f-4f45-973d-edabf470b7c9,02755561-3bd7-3fc7-f8ad-b31cbd2956b8
94336b5e-d132-4c86-906b-5e458ad304ed,02755561-3bd7-3fc7-f8ad-b31cbd2956b8
bd1267e0-d2d6-421d-acf7-1c6ac5fbddd6,02755561-3bd7-3fc7-f8ad-b31cbd2956b8
1aeab1ff-6775-4203-8866-2fcf897b7a77,02755561-3bd7-3fc7-f8ad-b31cbd2956b8
850d669d-aee1-46cd-980f-40d7d0b91a60,02755561-3bd7-3fc7-f8ad-b31cbd2956b8
c84edc11-0d91-40ef-873f-d3c8fba32ed2,02755561-3bd7-3fc7-f8ad-b31cbd2956b8
2f4d518e-c661-4501-8089-23b34829bffb,02755561-3bd7-3fc7-f8ad-b31cbd2956b8
00e1592f-ffab-46e1-ba03-48454b5ca848,02755561-3bd7-3fc7-f8ad-b31cbd2956b8
51e8c40c-0f27-452a-a927-fd6bbdf23ef2,02755561-3bd7-3fc7-f8ad-b31cbd2956b8
36e998dc-5558-415f-98e0-3b49fe997c3c,02755561-3bd7-3fc7-f8ad-b31cbd2956b8
049f3c1f-acb2-4e62-9f76-4e6e9c0883f9,02755561-3bd7-3fc7-f8ad-b31cbd2956b8
107d8661-0918-404d-8917-0940e723aeef,02755561-3bd7-3fc7-f8ad-b31cbd2956b8
283e3191-1d79-4de9-8e4d-698890dd1c3c,02755561-3bd7-3fc7-f8ad-b31cbd2956b8
e11620c3-4a2b-405b-b979-9bfd2c2f7456,02755561-3bd7-3fc7-f8ad-b31cbd2956b8
77367be7-1e2b-4b63-85ac-ec9f24fb3cc4,02755561-3bd7-3fc7-f8ad-b31cbd2956b8
285dcac4-cac5-4e76-b30a-dd5239954e8b,02755561-3bd7-3fc7-f8ad-b31cbd2956b8
550b5209-f05d-4f54-989c-62b735575d2b,02755561-3bd7-3fc7-f8ad-b31cbd2956b8
17c705e2-2e0e-453b-a03b-3e04cd3e95c2,02755561-3bd7-3fc7-f8ad-b31cbd2956b8
37d06936-2563-46a1-a25d-e9ac5f6cf763,02755561-3bd7-3fc7-f8ad-b31cbd2956b8
708af60a-b562-4e14-b905-254df09618bf,02755561-3bd7-3fc7-f8ad-b31cbd2956b8
bb225c1e-3723-499f-8b3e-259a79dc4aa6,02755561-3bd7-3fc7-f8ad-b31cbd2956b8
6924695b-2c73-48a6-9a21-5c2f6130f7a9,02755561-3bd7-3fc7-f8ad-b31cbd2956b8
251e024c-4e68-46e2-8319-4157589d2903,02755561-3bd7-3fc7-f8ad-b31cbd2956b8
fb612228-9ad7-492f-ab64-2dc55fb8f359,02755561-3bd7-3fc7-f8ad-b31cbd2956b8
e65f20e2-d5ab-49d6-9c3c-e0f86a35162d,02755561-3bd7-3fc7-f8ad-b31cbd2956b8
7603c5d3-2883-4fa7-875f-98d4bd1e49e0,02755561-3bd7-3fc7-f8ad-b31cbd2956b8
61d24cb2-20b0-4817-823a-a76c67f4747f,02755561-3bd7-3fc7-f8ad-b31cbd2956b8
ba115ceb-268b-4bf3-b4dc-11e071edc98e,02755561-3bd7-3fc7-f8ad-b31cbd2956b8
621050c4-0f31-4aaf-9c77-577fcc872216,02755561-3bd7-3fc7-f8ad-b31cbd2956b8
b27eb387-e4a4-4a39-b244-250739f7720d,02755561-3bd7-3fc7-f8ad-b31cbd2956b8
5eefee9f-010d-460b-907d-c9c9454aaf2d,02755561-3bd7-3fc7-f8ad-b31cbd2956b8
6c470adf-6afa-401d-925e-21f8928f0188,02755561-3bd7-3fc7-f8ad-b31cbd2956b8
3baa564b-b228-439e-8862-14ba4f324e48,02755561-3bd7-3fc7-f8ad-b31cbd2956b8
955a4eec-89d4-48f5-9a44-93c44b507fe0,02755561-3bd7-3fc7-f8ad-b31cbd2956b8
ca0e8872-6fcb-4e61-b8c4-e006bda2255a,02755561-3bd7-3fc7-f8ad-b31cbd2956b8
809ce90e-d520-4869-b93f-87d25578bb0d,02755561-3bd7-3fc7-f8ad-b31cbd2956b8
0b7570ed-a79a-449c-bce7-8403aa72b8af,02755561-3bd7-3fc7-f8ad-b31cbd2956b8
a11bd6b9-de80-49f9-9740-cece529cb5e6,02755561-3bd7-3fc7-f8ad-b31cbd2956b8
9e5cd3a7-4483-49c4-9873-0b6ca49f5bed,02755561-3bd7-3fc7-f8ad-b31cbd2956b8
e7ba4819-6764-48ac-8aa1-e97d1ecc4dd8,02755561-3bd7-3fc7-f8ad-b31cbd2956b8
25d7128f-9126-4a65-ad6b-2905c3e777fc,02755561-3bd7-3fc7-f8ad-b31cbd2956b8
86046c3c-fc58-4d9d-b72e-d47f840d880f,02755561-3bd7-3fc7-f8ad-b31cbd2956b8
21a4148e-e979-48d7-aa0f-e6a3f96ff75e,02755561-3bd7-3fc7-f8ad-b31cbd2956b8
0e37433f-dc04-4e5c-9934-2b3409f44141,02755561-3bd7-3fc7-f8ad-b31cbd2956b8
df29351a-5a46-4807-91d7-4b2b9ed50d1c,02755561-3bd7-3fc7-f8ad-b31cbd2956b8
71f376a5-a309-4b57-bed0-a8135ee28d0e,02755561-3bd7-3fc7-f8ad-b31cbd2956b8
efea812a-d255-47da-a537-55c08cb936f1,02755561-3bd7-3fc7-f8ad-b31cbd2956b8
be4bac49-d187-478f-93be-abb7b214bbdf,02755561-3bd7-3fc7-f8ad-b31cbd2956b8
27064655-5bac-43cf-9a6f-67f3c6994fa1,02755561-3bd7-3fc7-f8ad-b31cbd2956b8
2c8021d5-4441-4b04-b36c-cbb1ea285c33,02755561-3bd7-3fc7-f8ad-b31cbd2956b8
a24a7a3c-fc70-498f-b376-b967dca07856,02755561-3bd7-3fc7-f8ad-b31cbd2956b8
346c723f-abf0-4c9c-aa9b-88cb06ee3a5f,02755561-3bd7-3fc7-f8ad-b31cbd2956b8
d7200c7a-b21d-4f80-a76e-a9c00e6b55c5,02755561-3bd7-3fc7-f8ad-b31cbd2956b8
11cb5615-0cfd-45c0-ae9f-a6cfea07623a,02755561-3bd7-3fc7-f8ad-b31cbd2956b8
bc2b6375-456b-409b-8d8c-57dfe332f1ab,02755561-3bd7-3fc7-f8ad-b31cbd2956b8
0b202326-79b9-4468-aed8-f151bf0234f8,02755561-3bd7-3fc7-f8ad-b31cbd2956b8
1848ac2e-bc42-40d3-93ed-576d76a2706a,02755561-3bd7-3fc7-f8ad-b31cbd2956b8
207659bd-689a-46a7-ac96-a06a163917d9,02755561-3bd7-3fc7-f8ad-b31cbd2956b8
25c3ed6c-a0e7-415e-b5d5-5c0808101d13,02755561-3bd7-3fc7-f8ad-b31cbd2956b8
bd83cac8-9c35-4919-9e43-d1a2678bd8c3,02755561-3bd7-3fc7-f8ad-b31cbd2956b8
a7afa83d-8b9f-467b-a5e6-cd1de1a6e175,02755561-3bd7-3fc7-f8ad-b31cbd2956b8
ae7a8a55-8448-4ecf-8ea4-114405e00cca,02755561-3bd7-3fc7-f8ad-b31cbd2956b8
34ac7c86-0454-4311-92fd-802963913652,02755561-3bd7-3fc7-f8ad-b31cbd2956b8
4df12e9c-d218-4268-ba87-f4530e242982,02755561-3bd7-3fc7-f8ad-b31cbd2956b8
b3e43624-b365-486a-92a5-070ce655b062,02755561-3bd7-3fc7-f8ad-b31cbd2956b8
3c80aaa9-c3d1-4d0f-a3d9-f0a7de5bf9e7,02755561-3bd7-3fc7-f8ad-b31cbd2956b8
1436eca9-f4f1-453b-87ba-12afff8a4730,02755561-3bd7-3fc7-f8ad-b31cbd2956b8
def880ed-5472-4d7b-b64b-75e0c2314f95,02755561-3bd7-3fc7-f8ad-b31cbd2956b8
8ad064c2-8334-490b-ac25-bf4b940d7c4e,02755561-3bd7-3fc7-f8ad-b31cbd2956b8
ed02ef78-65c9-4833-b31d-0ffd0bad4800,02755561-3bd7-3fc7-f8ad-b31cbd2956b8
7a2a822c-6b5b-45af-98ce-f35e85f898b2,02755561-3bd7-3fc7-f8ad-b31cbd2956b8
e6b8e871-ba5e-4531-b1ae-3c0c359124b2,02755561-3bd7-3fc7-f8ad-b31cbd2956b8
02fe8ea3-9051-4da1-be6b-7787ae924c11,02755561-3bd7-3fc7-f8ad-b31cbd2956b8
76723ad8-a3d2-4fbe-9789-4606f9e150dc,02755561-3bd7-3fc7-f8ad-b31cbd2956b8
b2f5875b-b6c9-4ecc-bfa7-a55624515b60,02755561-3bd7-3fc7-f8ad-b31cbd2956b8
cdf5ceb7-081b-415b-90c9-d5e2e212127c,02755561-3bd7-3fc7-f8ad-b31cbd2956b8
4d019bfd-8a28-494d-8427-09b273f36f90,02755561-3bd7-3fc7-f8ad-b31cbd2956b8
ab322a2b-bf17-4dc3-85c2-279e65c03e67,02755561-3bd7-3fc7-f8ad-b31cbd2956b8
710110d3-3514-4644-b51f-7ea2d7396006,02755561-3bd7-3fc7-f8ad-b31cbd2956b8
9ddd2986-0273-4c6e-bfb9-7efbc33540fd,02755561-3bd7-3fc7-f8ad-b31cbd2956b8
95305a88-3700-45c6-b79a-618de78bc38c,02755561-3bd7-3fc7-f8ad-b31cbd2956b8
a4d3ecea-125f-4ef7-96ee-47e8ba473f5c,02755561-3bd7-3fc7-f8ad-b31cbd2956b8
f8e0c938-cf10-4eb0-bf85-da0983423ec3,02755561-3bd7-3fc7-f8ad-b31cbd2956b8
c040537d-b555-4243-9fc0-46247b8987c5,02755561-3bd7-3fc7-f8ad-b31cbd2956b8
98bc071f-494c-4f06-b65a-d81384770d57,02755561-3bd7-3fc7-f8ad-b31cbd2956b8
801ef30e-7aa2-42f0-8428-c1835ca42878,02755561-3bd7-3fc7-f8ad-b31cbd2956b8
5090d959-c77b-4b87-92a4-1295a7661bd5,02755561-3bd7-3fc7-f8ad-b31cbd2956b8
da50b5d6-d621-4181-9503-b5952b0d72c0,02755561-3bd7-3fc7-f8ad-b31cbd2956b8
53e3bdba-4a02-4b2d-b8d3-84cbd37d8ac0,02755561-3bd7-3fc7-f8ad-b31cbd2956b8
d45e23f0-023d-4a79-b912-d9fd884d38af,02755561-3bd7-3fc7-f8ad-b31cbd2956b8
fd7aa9e1-b476-4b59-85a4-120736b7b119,02755561-3bd7-3fc7-f8ad-b31cbd2956b8
00a095a7-a864-4c78-b8b3-dbf01db0d71e,02755561-3bd7-3fc7-f8ad-b31cbd2956b8
284d283f-21bd-466f-8fae-50d37e698744,02755561-3bd7-3fc7-f8ad-b31cbd2956b8
5c44436d-1c05-4701-9488-6f0e128221cf,02755561-3bd7-3fc7-f8ad-b31cbd2956b8
bcfbf9e5-b5a5-461b-8fff-fe0876b0def3,02755561-3bd7-3fc7-f8ad-b31cbd2956b8
9e628911-1213-4b40-95af-7676f624639d,02755561-3bd7-3fc7-f8ad-b31cbd2956b8
1a6d93f9-a8cb-4cbc-9cb7-d0e5d9e97cf6,c34b2e80-1d2a-495a-65c6-aea14e2afa12
0b69fbf9-d87a-4645-a80e-48583b177032,02755561-3bd7-3fc7-f8ad-b31cbd2956b8
2828b2e1-2b43-4545-ba1d-074735858f10,02755561-3bd7-3fc7-f8ad-b31cbd2956b8
24ffac7b-6d78-48f9-ab94-b9bd86858414,02755561-3bd7-3fc7-f8ad-b31cbd2956b8
50e8aa56-10a9-4fd5-b818-bfb0348dad9c,02755561-3bd7-3fc7-f8ad-b31cbd2956b8
60c58286-dfb2-4cc4-91d2-88d514d7523a,02755561-3bd7-3fc7-f8ad-b31cbd2956b8
df8eba31-8c72-4397-a627-5da41e6d4d9f,02755561-3bd7-3fc7-f8ad-b31cbd2956b8
0c9959e3-d358-44f8-b8cd-bb339deb7167,02755561-3bd7-3fc7-f8ad-b31cbd2956b8
4661d024-11bb-49e1-b222-cee4babd9a9a,02755561-3bd7-3fc7-f8ad-b31cbd2956b8
b07509ba-3725-4302-910f-ee9287a1ef00,02755561-3bd7-3fc7-f8ad-b31cbd2956b8
e76aa953-ad46-449f-936c-3dc23c5db57e,02755561-3bd7-3fc7-f8ad-b31cbd2956b8
ce1cd3f4-cd13-47b4-af3a-ee7bc2243f8d,02755561-3bd7-3fc7-f8ad-b31cbd2956b8
d1302940-5cc2-43c6-b1c9-bd1cb243ab06,02755561-3bd7-3fc7-f8ad-b31cbd2956b8
6c85bc25-364c-4f63-89f1-d4aceac6f0ad,02755561-3bd7-3fc7-f8ad-b31cbd2956b8
296cbd9e-9c81-453a-a42c-0989d1c2387c,02755561-3bd7-3fc7-f8ad-b31cbd2956b8
209bac96-8bef-4c96-8881-65a6967c1e23,02755561-3bd7-3fc7-f8ad-b31cbd2956b8
a9cf291f-49c9-4d4d-b7a2-f8d368193c00,02755561-3bd7-3fc7-f8ad-b31cbd2956b8
402483c3-0d3d-4460-b665-5102d7f9050c,02755561-3bd7-3fc7-f8ad-b31cbd2956b8
9f88cce5-5fdb-4433-bb5a-81827e56bf98,02755561-3bd7-3fc7-f8ad-b31cbd2956b8
9aa74d4f-972d-4ea7-9dfa-fa1fb17b77cb,02755561-3bd7-3fc7-f8ad-b31cbd2956b8
7cc4a921-1744-40cb-9a3c-bbb1d9c42a81,02755561-3bd7-3fc7-f8ad-b31cbd2956b8
682ee3ab-4a5d-49de-b195-36dea243771e,02755561-3bd7-3fc7-f8ad-b31cbd2956b8
077feae8-a9b3-42a2-bb7e-2a81914f202b,02755561-3bd7-3fc7-f8ad-b31cbd2956b8
49dc59aa-aaba-4fd8-ab68-bed6f9fedcc8,02755561-3bd7-3fc7-f8ad-b31cbd2956b8
4e74079a-b87e-44ed-a1db-735a4435e5d6,02755561-3bd7-3fc7-f8ad-b31cbd2956b8
c2094cc5-91f2-4aff-8d9b-1520d50306aa,02755561-3bd7-3fc7-f8ad-b31cbd2956b8
3d3b74df-803c-4cc8-93ed-09f74886a9db,02755561-3bd7-3fc7-f8ad-b31cbd2956b8
efe80e09-b159-4211-b9d1-b50b52885164,02755561-3bd7-3fc7-f8ad-b31cbd2956b8
621d57cf-f422-45f3-b6cf-3e0af5c1150a,02755561-3bd7-3fc7-f8ad-b31cbd2956b8
6e74e5d8-ea49-42ff-8a56-4b7059fed15b,02755561-3bd7-3fc7-f8ad-b31cbd2956b8
29603a17-ba9b-452c-bb6d-4fbe503dca56,02755561-3bd7-3fc7-f8ad-b31cbd2956b8
9b4ea613-4dc0-4644-937a-cb3c527acd02,02755561-3bd7-3fc7-f8ad-b31cbd2956b8
2f445319-87ef-46aa-9a10-53a06a2c4ff9,02755561-3bd7-3fc7-f8ad-b31cbd2956b8
6e9f7bfb-b4cf-4844-ad6e-b00d049532a8,02755561-3bd7-3fc7-f8ad-b31cbd2956b8
b52107e6-8129-40bd-90f9-cb1baa6339d2,02755561-3bd7-3fc7-f8ad-b31cbd2956b8
ed73ec58-4cdb-4776-95b4-409a7d3d461b,02755561-3bd7-3fc7-f8ad-b31cbd2956b8
3280389e-3e6a-4499-9e81-f217f587b39a,02755561-3bd7-3fc7-f8ad-b31cbd2956b8
cf54df1a-123f-44e9-ab47-9fc954fdd2a0,02755561-3bd7-3fc7-f8ad-b31cbd2956b8
7d90f717-536e-4f34-9b86-92b24d11fcf1,02755561-3bd7-3fc7-f8ad-b31cbd2956b8
5061d84f-634d-461b-9498-6e5d8bdfab42,02755561-3bd7-3fc7-f8ad-b31cbd2956b8
bc4e9514-c9c6-45f4-bf2b-ef49bc046dfa,02755561-3bd7-3fc7-f8ad-b31cbd2956b8
27381b9e-2f9b-4d98-8e44-fe06b956a3f9,02755561-3bd7-3fc7-f8ad-b31cbd2956b8
627d0e50-de04-49e0-adfe-0981346216a7,02755561-3bd7-3fc7-f8ad-b31cbd2956b8
bf77ce90-599c-4e58-b23c-6938214ba70d,02755561-3bd7-3fc7-f8ad-b31cbd2956b8
8e756443-8f81-419e-81cc-a3f7b17ea459,02755561-3bd7-3fc7-f8ad-b31cbd2956b8
dd3f8c56-d140-41aa-bd0e-a3a850f912b7,02755561-3bd7-3fc7-f8ad-b31cbd2956b8
59ab4d53-d8f9-4af5-837e-e8a835577f2c,02755561-3bd7-3fc7-f8ad-b31cbd2956b8
b2603203-6955-4e3a-bc97-cbe6ace9c9dc,02755561-3bd7-3fc7-f8ad-b31cbd2956b8
8b0c2f4d-79a5-48a2-bee2-6735c211307d,02755561-3bd7-3fc7-f8ad-b31cbd2956b8
a681b560-0cdb-4f16-a27f-890a82b3e294,02755561-3bd7-3fc7-f8ad-b31cbd2956b8
1381f32b-7828-4f5b-9867-b4f39b77d5ba,02755561-3bd7-3fc7-f8ad-b31cbd2956b8
aee0fc64-c85a-49ed-89c3-b5e55f4bc0fa,02755561-3bd7-3fc7-f8ad-b31cbd2956b8
41898535-f507-44e8-bd30-3ff376cfc7a3,02755561-3bd7-3fc7-f8ad-b31cbd2956b8
2e248a32-a2e0-48a6-a7d5-09b8f451131b,02755561-3bd7-3fc7-f8ad-b31cbd2956b8
3e101d48-f023-441d-8ef5-8b55006e1444,02755561-3bd7-3fc7-f8ad-b31cbd2956b8
a0d44e59-6b2a-4e4d-814f-e67178d9d685,02755561-3bd7-3fc7-f8ad-b31cbd2956b8
4a53646c-8033-46ce-8559-c5ae66256614,02755561-3bd7-3fc7-f8ad-b31cbd2956b8
cdd19e34-895e-4be4-a6f2-6ff41982dcc6,02755561-3bd7-3fc7-f8ad-b31cbd2956b8
6f421129-578a-4ebc-8dac-de236017f067,02755561-3bd7-3fc7-f8ad-b31cbd2956b8
963e981b-654f-469e-83d5-516f73abff7d,02755561-3bd7-3fc7-f8ad-b31cbd2956b8
4625d585-7445-4292-b99a-b73a5517ffb7,02755561-3bd7-3fc7-f8ad-b31cbd2956b8
76444c6e-6cab-4cd3-b6f7-7023e39d5dd9,02755561-3bd7-3fc7-f8ad-b31cbd2956b8
8e8a9ea6-dd6a-4cb1-b326-3dfec25b6959,02755561-3bd7-3fc7-f8ad-b31cbd2956b8
a159c4cf-531a-4681-94f1-a119ac855745,8418abd4-292b-a617-4261-2ccf24d9864a
4cdb4f2c-73b6-4c46-b85c-9dd4d7097551,02755561-3bd7-3fc7-f8ad-b31cbd2956b8
24cd2c56-e5c5-4c2a-987a-ad50a8c1e5a8,02755561-3bd7-3fc7-f8ad-b31cbd2956b8
01d4eb8b-1e05-4d3c-b330-1e72dd9723f8,02755561-3bd7-3fc7-f8ad-b31cbd2956b8
37f71272-2c7c-4505-a116-53d347a77883,02755561-3bd7-3fc7-f8ad-b31cbd2956b8
53844342-785f-497a-a51f-927684b318fb,02755561-3bd7-3fc7-f8ad-b31cbd2956b8
8d402e8c-a780-4abd-a3f9-596e2703856f,02755561-3bd7-3fc7-f8ad-b31cbd2956b8
f73df053-9692-451b-a21f-ccf79ea706f6,02755561-3bd7-3fc7-f8ad-b31cbd2956b8
cf3de56e-d5a1-408c-a236-1b7c0ac8dece,02755561-3bd7-3fc7-f8ad-b31cbd2956b8
d6bb8784-7a10-4a48-882b-1b7abf83d773,02755561-3bd7-3fc7-f8ad-b31cbd2956b8
a005ebdb-0da7-440b-80de-53358f23c706,02755561-3bd7-3fc7-f8ad-b31cbd2956b8
b39f9ae7-23f1-4de0-9e0a-c8f09d3b7ead,02755561-3bd7-3fc7-f8ad-b31cbd2956b8
f7b93c9b-b8cb-407d-96e7-43125e14aaae,02755561-3bd7-3fc7-f8ad-b31cbd2956b8
31a50852-64f4-4d63-8abc-400b34508721,02755561-3bd7-3fc7-f8ad-b31cbd2956b8
131020d0-bbb3-4859-a160-d7d9274d599a,02755561-3bd7-3fc7-f8ad-b31cbd2956b8
8e005197-5a0b-4e88-ac30-e2b8d5ebdb96,02755561-3bd7-3fc7-f8ad-b31cbd2956b8
14830677-b790-4f7e-8ccf-e6accea005e4,02755561-3bd7-3fc7-f8ad-b31cbd2956b8
9dcff2bb-4665-42ae-be46-b0ebe05ae9d7,02755561-3bd7-3fc7-f8ad-b31cbd2956b8
c5b6ef75-1d54-460a-b5e2-081fd45087cc,02755561-3bd7-3fc7-f8ad-b31cbd2956b8
ef15320a-51ab-4f22-b6f0-ac8d46ed2aa9,02755561-3bd7-3fc7-f8ad-b31cbd2956b8
2b5a1b39-3401-4713-8db1-96511e7de927,02755561-3bd7-3fc7-f8ad-b31cbd2956b8
32793e17-1cbb-48d4-b816-715edf717371,02755561-3bd7-3fc7-f8ad-b31cbd2956b8
d2dde23c-c05c-448e-b89e-7945ccbb9d50,02755561-3bd7-3fc7-f8ad-b31cbd2956b8
4c292fd0-c559-4646-bd54-8962c4650d4b,02755561-3bd7-3fc7-f8ad-b31cbd2956b8
5c3183eb-38c4-4ec5-a49e-352aa62e0319,02755561-3bd7-3fc7-f8ad-b31cbd2956b8
bb4ea82b-f241-48d6-b01c-39e0c43f4391,02755561-3bd7-3fc7-f8ad-b31cbd2956b8
68ae7222-93e1-4348-bf6d-d534881f4932,02755561-3bd7-3fc7-f8ad-b31cbd2956b8
528eb6c2-ee3c-4140-9325-fbc40d437ac1,02755561-3bd7-3fc7-f8ad-b31cbd2956b8
68f6079b-eb10-409b-a4fc-34a4af99fcd5,02755561-3bd7-3fc7-f8ad-b31cbd2956b8
4bd6e35e-2a43-4193-90ac-fd39ce84ef6f,02755561-3bd7-3fc7-f8ad-b31cbd2956b8
62f91cfd-1b57-4ce1-8dae-7e98e59ee52e,02755561-3bd7-3fc7-f8ad-b31cbd2956b8
da1be693-c28b-41b1-9d99-cc2fc123053b,02755561-3bd7-3fc7-f8ad-b31cbd2956b8
79854fb2-cc7b-4fe3-a734-35d4fa057e32,02755561-3bd7-3fc7-f8ad-b31cbd2956b8
6d169216-cb2c-4fa2-a9b3-b4f418753a63,02755561-3bd7-3fc7-f8ad-b31cbd2956b8
104a8969-b2db-4ca2-8ff4-2866e81be99b,02755561-3bd7-3fc7-f8ad-b31cbd2956b8
bea7ae63-fb99-4545-b2f3-dce705142c00,02755561-3bd7-3fc7-f8ad-b31cbd2956b8
74bbb5c9-f7a7-4df2-9255-7c21b080c915,02755561-3bd7-3fc7-f8ad-b31cbd2956b8
7343452c-7db7-4265-ae16-b2a001b0e4ff,02755561-3bd7-3fc7-f8ad-b31cbd2956b8
90c5caa2-11eb-42de-8b7f-285503ffb052,02755561-3bd7-3fc7-f8ad-b31cbd2956b8
4b238eb1-6b72-4bf2-be48-9e7d498cbc43,02755561-3bd7-3fc7-f8ad-b31cbd2956b8
fc87c835-958e-4676-9bd3-4699b564ce70,02755561-3bd7-3fc7-f8ad-b31cbd2956b8
71f68c11-30b8-4ac9-bb59-368a86bcd6b1,02755561-3bd7-3fc7-f8ad-b31cbd2956b8
4651708b-a7ba-4e17-939f-a7196f4c9eaf,02755561-3bd7-3fc7-f8ad-b31cbd2956b8
c1feb7c5-34a3-4761-9074-eccc0176db7f,02755561-3bd7-3fc7-f8ad-b31cbd2956b8
26435e5c-8e10-434c-a490-537bb6c80109,02755561-3bd7-3fc7-f8ad-b31cbd2956b8
5f8b8b9b-02ce-478e-812f-f238681fd871,02755561-3bd7-3fc7-f8ad-b31cbd2956b8
67e1c507-86ac-408a-b9e6-dfbeb0a853a0,02755561-3bd7-3fc7-f8ad-b31cbd2956b8
ab774a87-3165-417c-a433-5f4c8dc0b169,02755561-3bd7-3fc7-f8ad-b31cbd2956b8
410de73a-9c5a-48db-8b88-25b985ea6036,02755561-3bd7-3fc7-f8ad-b31cbd2956b8
5510250b-9cf4-4d18-9695-df22e74425de,02755561-3bd7-3fc7-f8ad-b31cbd2956b8
b7fbff9f-8b39-4e72-b25a-d6a2421e7080,02755561-3bd7-3fc7-f8ad-b31cbd2956b8
23add54b-0b38-4f8b-a531-6e77a2b5551f,02755561-3bd7-3fc7-f8ad-b31cbd2956b8
abcc6c69-527e-49c6-b461-d2e8ab097bfe,02755561-3bd7-3fc7-f8ad-b31cbd2956b8
c488deca-bddb-4117-b636-e202f7771b03,02755561-3bd7-3fc7-f8ad-b31cbd2956b8
201a7ca7-3d18-4470-b34c-a8cf78362fc2,02755561-3bd7-3fc7-f8ad-b31cbd2956b8
b47fc912-999d-4dcd-bf6c-95e473c21e9e,02755561-3bd7-3fc7-f8ad-b31cbd2956b8
dd39f26d-51fc-4e18-a512-c867e977a278,02755561-3bd7-3fc7-f8ad-b31cbd2956b8
5a93e67b-bc97-4450-b8a7-77b69110e8cf,02755561-3bd7-3fc7-f8ad-b31cbd2956b8
a5d94fec-e6f5-4825-b623-1e8d7644d408,02755561-3bd7-3fc7-f8ad-b31cbd2956b8
de7e82bb-c530-4bca-91eb-bc3dd571819e,02755561-3bd7-3fc7-f8ad-b31cbd2956b8
bfc835fa-7fc0-43ac-8523-74796a7780cd,02755561-3bd7-3fc7-f8ad-b31cbd2956b8
01486ee0-7451-4779-977f-30bff601e98d,02755561-3bd7-3fc7-f8ad-b31cbd2956b8
b6aaafe6-3a3b-4864-a15b-262348fe18e9,02755561-3bd7-3fc7-f8ad-b31cbd2956b8
d205b818-4d5e-48cd-9334-dd1d26b6d20f,02755561-3bd7-3fc7-f8ad-b31cbd2956b8
9a785870-79d4-49a7-9a06-b04309c4ee18,02755561-3bd7-3fc7-f8ad-b31cbd2956b8
a7bb1ced-05bd-4ea3-b6df-d052e6a8843a,02755561-3bd7-3fc7-f8ad-b31cbd2956b8
406cbc9c-2132-405d-b3d2-c8320251a815,02755561-3bd7-3fc7-f8ad-b31cbd2956b8
547b247b-37be-4b74-b737-bc89aa245021,02755561-3bd7-3fc7-f8ad-b31cbd2956b8
19266f7f-f0a4-4480-b4f9-3b2a3ef9a195,02755561-3bd7-3fc7-f8ad-b31cbd2956b8
2eaafdf1-ad31-4575-8b93-86ac2d2518a7,02755561-3bd7-3fc7-f8ad-b31cbd2956b8
d493dd20-098a-46bf-825c-2fff26026d38,02755561-3bd7-3fc7-f8ad-b31cbd2956b8
0199edd1-4fa9-4083-8101-ec7d2cbab80d,02755561-3bd7-3fc7-f8ad-b31cbd2956b8
038371e9-578b-4700-9557-d3dbb0ee87f1,02755561-3bd7-3fc7-f8ad-b31cbd2956b8
b8d85ae5-4a22-4c80-8f65-362bc83d0c68,02755561-3bd7-3fc7-f8ad-b31cbd2956b8
7e534b46-d6a6-49b7-9549-4c3fe8cddc3c,02755561-3bd7-3fc7-f8ad-b31cbd2956b8
beee8570-f9ce-47f0-9cc2-616f29460c42,02755561-3bd7-3fc7-f8ad-b31cbd2956b8
153e1e75-b529-4d5e-bdb8-a714b277ebc2,02755561-3bd7-3fc7-f8ad-b31cbd2956b8
a89ecdae-ac8c-4a42-b404-2cadf1888196,02755561-3bd7-3fc7-f8ad-b31cbd2956b8
8f552d1e-07b7-4af8-8e55-edeb27c9f769,02755561-3bd7-3fc7-f8ad-b31cbd2956b8
bf0b54a5-6409-4045-b99a-d310f9dcc43c,02755561-3bd7-3fc7-f8ad-b31cbd2956b8
6177c043-4fb8-4144-a5fd-79e9f38c10ca,02755561-3bd7-3fc7-f8ad-b31cbd2956b8
8efb9a5c-14d1-4f69-94a5-d8ebc7e83a0d,02755561-3bd7-3fc7-f8ad-b31cbd2956b8
ca1723bb-0a30-41eb-87d3-0a90f9d55c26,02755561-3bd7-3fc7-f8ad-b31cbd2956b8
63cd955e-6004-43af-9e79-02ec06e2f6ad,02755561-3bd7-3fc7-f8ad-b31cbd2956b8
7a613d10-232d-4b50-bd08-32438d0a8ed4,02755561-3bd7-3fc7-f8ad-b31cbd2956b8
da8f1ebf-4b24-4148-a2ec-1d3356c9b65d,02755561-3bd7-3fc7-f8ad-b31cbd2956b8
2726062c-8563-4c48-98cb-a60e9ec377d8,02755561-3bd7-3fc7-f8ad-b31cbd2956b8
20d46f3f-c06d-4f32-8aa9-1079871aa220,02755561-3bd7-3fc7-f8ad-b31cbd2956b8
7f2f92ce-5d40-4661-95a4-ccddff815b69,02755561-3bd7-3fc7-f8ad-b31cbd2956b8
9580f73c-817e-4c6f-a114-743a5e97402e,02755561-3bd7-3fc7-f8ad-b31cbd2956b8
89a448c5-ef13-4772-9ac5-95ccf25b9746,02755561-3bd7-3fc7-f8ad-b31cbd2956b8
f158f6a6-4f8c-4b24-bb1e-ee17552a8aed,02755561-3bd7-3fc7-f8ad-b31cbd2956b8
57ac67c1-94e4-4a8e-b08c-0dec13d2e262,02755561-3bd7-3fc7-f8ad-b31cbd2956b8
960d07c2-329e-40c3-897a-6398af4a89f1,02755561-3bd7-3fc7-f8ad-b31cbd2956b8
2accbb67-24c8-4984-99f6-2380f82387d1,02755561-3bd7-3fc7-f8ad-b31cbd2956b8
b566efb4-5f33-42c2-9b09-2c0b402eb65c,02755561-3bd7-3fc7-f8ad-b31cbd2956b8
f56e0acf-7182-4115-95a0-8db93e755d55,02755561-3bd7-3fc7-f8ad-b31cbd2956b8
283b47a1-214c-4614-8f6b-87ec7d2daf1b,02755561-3bd7-3fc7-f8ad-b31cbd2956b8
735fce8a-67c0-45ed-bef8-366e4e34b0a3,02755561-3bd7-3fc7-f8ad-b31cbd2956b8
1aedd098-6137-4170-bdb7-72912125233b,19e4452a-ec59-4e00-e833-654bbf89a9be
4a0ad1c5-644f-42a8-8ed7-b2d13b15a5f6,8c9a1410-98a9-4afd-9497-4c74b77cf416
89ed66f8-cecb-47c9-90e1-470e995204b9,8c9a1410-98a9-4afd-9497-4c74b77cf416
903c3b59-16d4-47ea-9a6a-198875c60144,8c9a1410-98a9-4afd-9497-4c74b77cf416
2ff3e312-f48a-4bc4-b554-edc842ada340,8c9a1410-98a9-4afd-9497-4c74b77cf416
13c29d80-5062-4980-bbe1-35a8b5a822b7,8c9a1410-98a9-4afd-9497-4c74b77cf416
f839177d-53af-45c2-8d42-569d49dd246e,8c9a1410-98a9-4afd-9497-4c74b77cf416
49d99da8-3747-43af-9c04-b0b873811246,8c9a1410-98a9-4afd-9497-4c74b77cf416
66bbb27a-2b92-4328-8cbc-a382ee8e6bcb,8c9a1410-98a9-4afd-9497-4c74b77cf416
dfdf285e-3ec9-42d2-9c4a-e966728c4256,8c9a1410-98a9-4afd-9497-4c74b77cf416
5f7a0e80-82d2-4963-ab63-c84f01b839a0,8c9a1410-98a9-4afd-9497-4c74b77cf416
706b8ef8-06d8-4488-ba9b-703245587c39,8c9a1410-98a9-4afd-9497-4c74b77cf416
07183e49-4625-4464-a158-e14d780f8769,8c9a1410-98a9-4afd-9497-4c74b77cf416
2bae80e6-2f27-4cc9-b57a-f69ab7a82f51,8c9a1410-98a9-4afd-9497-4c74b77cf416
cd383c52-9ffa-464e-b893-5300e5b8820f,8c9a1410-98a9-4afd-9497-4c74b77cf416
8d3f20fa-fbb9-4b65-b99e-5c6827d9d008,8c9a1410-98a9-4afd-9497-4c74b77cf416
f78a616e-ce7f-4dd5-8ac5-77067b5f229e,1607459e-870a-8735-ac81-15dfc1d1ab6a
5ec5b493-b0cb-4192-955b-4aa2734800ff,8c9a1410-98a9-4afd-9497-4c74b77cf416
92cca3ab-7fcf-45a7-9fb3-1f640447fdc0,8c9a1410-98a9-4afd-9497-4c74b77cf416
18a9483d-2893-446d-84e0-43da56aedcfa,8c9a1410-98a9-4afd-9497-4c74b77cf416
e873826b-3ee8-40d8-b3d7-c28b88aa531e,8c9a1410-98a9-4afd-9497-4c74b77cf416
2a677d30-a3ac-41a8-b8ea-1afcad7a1514,8c9a1410-98a9-4afd-9497-4c74b77cf416
b6a669e4-a068-4166-8ad2-48afc4767b7e,8c9a1410-98a9-4afd-9497-4c74b77cf416
5d244721-dc2c-448e-a79b-ec800ec8c388,8c9a1410-98a9-4afd-9497-4c74b77cf416
a1fc0275-b11d-45d6-aef0-c0749f2eedbc,8c9a1410-98a9-4afd-9497-4c74b77cf416
3e2c04e6-989f-41d0-9892-abde89e9e90d,8c9a1410-98a9-4afd-9497-4c74b77cf416
10c387fe-3fdd-4601-9eb5-f6dce2b68fdb,8c9a1410-98a9-4afd-9497-4c74b77cf416
b1a6b4ec-586d-49ce-a9a9-9a8ddf9f6814,8c9a1410-98a9-4afd-9497-4c74b77cf416
0bb54db7-9286-4196-b12d-87d41d0337e0,8c9a1410-98a9-4afd-9497-4c74b77cf416
0a93a22e-c1d4-45f9-9a32-db20fe5a7e5b,8c9a1410-98a9-4afd-9497-4c74b77cf416
b888da6d-1a20-43dd-bacb-bea8d4f0bc74,8c9a1410-98a9-4afd-9497-4c74b77cf416
da246e2d-0e39-400d-8138-09a60cb0691a,8c9a1410-98a9-4afd-9497-4c74b77cf416
24d02069-215e-47f4-9144-e91498948442,8c9a1410-98a9-4afd-9497-4c74b77cf416
05594fbf-4db9-4328-a1b2-a8e10dc30ec1,8c9a1410-98a9-4afd-9497-4c74b77cf416
4746ccae-77da-4add-a530-6af86ea9cf33,8c9a1410-98a9-4afd-9497-4c74b77cf416
97bccb39-39f0-41c9-a372-8f7afc3e3e98,8c9a1410-98a9-4afd-9497-4c74b77cf416
b9ab8ca3-1ccc-4af3-8fea-fee040c4193d,02755561-3bd7-3fc7-f8ad-b31cbd2956b8
b8ff3e9e-63a5-58d0-0106-0b246e68be85,64a4767b-4fc5-d529-9fff-0ef7f0e9c2b5
818be620-2a9f-36a5-0f53-55be8e04a8d5,64a4767b-4fc5-d529-9fff-0ef7f0e9c2b5
920e59b3-54bd-e764-f4ae-7b8e3010ab54,bb89d2d2-8852-cb60-d0c8-d8654c8d044a
a6dbac13-8f1b-b314-f9c6-88b847cb577f,dc39be29-9e32-2221-ec6e-14040e031bc7
2171445d-83e1-1eae-bbfc-b73c1e451f57,918a3e6b-6ff0-1d87-660d-501d9687deb8
0205fc5a-24a2-d11b-f7f5-9561633d41a0,b78aea28-6e79-5ca0-2713-3b833a37f15a
99d9263c-842e-b7de-d17c-6f6d092b1d45,c7e6898c-e40b-7fbc-000d-0b3506bdb5a8
8c51d0e1-b574-3a31-e254-6188732a3a90,76566ca4-d029-4af2-6f74-fc898c210640
3503d418-addc-95f2-573c-6583ee03379c,76566ca4-d029-4af2-6f74-fc898c210640
e4af863c-6f78-f0f9-dfda-752de4aa4137,6166f93e-769b-d132-d41c-15bffaf1f7ca
35a3fa3f-12b4-eacd-584f-7312599830a0,55ab1590-fa01-39f0-eab1-4fcd1562301e
0df2a65b-2659-fd81-f532-9234de8c4c7f,6e690c0b-37a5-5f1a-3036-723e9b3f51d4
a5606a3d-d049-d90b-4b0d-23f252c3218e,67832f9b-b260-e523-5126-e93b958c6859
4b7cef66-4a40-dd32-1811-bb37dd6a79f0,a14d823d-7af2-990f-6a08-f5103ebc8abf
cc96b093-4f40-a87a-4a48-135476633be4,13f365aa-5421-dc66-fd97-fe7ce4bc9b06
9b8ebbe3-f7a3-5f58-5d98-11dde66901fc,d500b033-f6d0-99ca-bc56-ee1335bb162a
78845677-2f37-9ae9-46ab-00af071a4c5b,90a2be22-6174-e9c9-96d5-43a21ffbdacc
a9ef1b2d-b5c4-6747-41fb-380c78aa7656,57b60a78-bb2c-ced7-b561-2267102cdc95
66a6d000-03d1-b09b-4e31-4c57561bab5f,57b60a78-bb2c-ced7-b561-2267102cdc95
dfbbc5bb-3268-f8de-23a8-9689f1f7cf4c,c34b2e80-1d2a-495a-65c6-aea14e2afa12
1e9a7892-02e1-f4bf-1df8-30ca741de2d9,c34b2e80-1d2a-495a-65c6-aea14e2afa12
d54972bb-cb68-b26d-b73c-50dcd29a8ce8,c34b2e80-1d2a-495a-65c6-aea14e2afa12
bd1f2976-5dda-39d3-5f1a-977ae2196966,c34b2e80-1d2a-495a-65c6-aea14e2afa12
abb8db52-1c81-f7de-4823-a8ca6752b654,c34b2e80-1d2a-495a-65c6-aea14e2afa12
deac3104-e047-75e6-75d9-a3e82129cebe,c22d6182-b427-b1ea-0173-efdef78fa888
5442c588-e438-0e50-e6d4-5ce5a903af9b,02755561-3bd7-3fc7-f8ad-b31cbd2956b8
06078474-ab60-4544-240e-d5221d6ccd29,c34b2e80-1d2a-495a-65c6-aea14e2afa12
70054cd5-3539-34c9-90a0-0ae03deba61a,c34b2e80-1d2a-495a-65c6-aea14e2afa12
e49ff4f2-be82-0254-8918-10190bd64883,
84415d33-f840-0876-cfb3-08b1933e2834,8ef86538-5335-4b7c-bb9f-752536d6556a
5b646120-6d61-85a3-ffc7-eeadc7bff89b,c34b2e80-1d2a-495a-65c6-aea14e2afa12
d951a0e2-69e1-b3c8-9f5a-afedd96d42f0,
3698d23d-995a-5075-20b0-3901c6f5e9fa,
3adda5c2-0a72-85d9-b01f-77b5158dc968,
ba3958f4-81ff-942f-3c3b-210b1ef317fd,
5e07e71e-ba48-c929-2f3b-b7a35bccd34b,62ac4793-ab65-1968-54f4-cd71d699f825
610688fd-ac61-1959-9021-53eea481e4b8,
633d3fdd-e851-a4ec-b6db-79a42ee4c70e,
f381cbd1-3c42-d820-9915-a51c70df3659,745d18ff-8d92-bebb-0bec-a1c23f0f1ddb
1f1d5b90-d839-2d23-6fea-48520516d031,eaf7b32c-647d-4c2e-9cf3-9e23170fb6ef
7a062902-e4fe-aab7-7cc1-09538fe12cc2,
9aee55e5-9f22-0083-a6c2-24936253d8b0,cb9897df-9688-bac6-0375-0427f2bd2b05
7c66d752-5c19-1e3f-4048-6c8c981c10d5,
63c26df5-d07a-3060-1ee4-8311716298ec,
56e964a5-ecd2-0533-d087-f8ca728216a1,47d5a042-6cb4-3901-29b6-838dec9b656c
8c8c8982-6c31-ebf6-08a8-f6196608cc2b,
8e5fffb6-e513-89a6-7249-637e81b34113,
90086616-8793-b978-0685-f2b8e4d44af6,
d16df85a-046f-c76e-7d94-a90d62624c3a,
71780a0d-5808-6f37-d1cf-060e9b40d16e,b4c462de-a2c8-6c12-051f-ffe95c6110f6
a95a24b3-f7fc-62bc-74da-95a379aa5523,
a9fe3d96-684b-1e40-d386-85a2d4f470e0,eaf7b32c-647d-4c2e-9cf3-9e23170fb6ef
a368b7f6-4e95-0907-2c04-cf7544212d32,c34b2e80-1d2a-495a-65c6-aea14e2afa12
c198582e-5a1e-6687-f7ed-d53e802e4592,
1184f587-5edf-19da-e339-21656b580936,c34b2e80-1d2a-495a-65c6-aea14e2afa12
ce1d5ddf-111c-6745-5521-869dff81ed5e,
1e261bc2-3cdf-e7f0-c467-4a3d809dd37a,918a3e6b-6ff0-1d87-660d-501d9687deb8
d4ca1114-5cde-31df-7d81-4d5400a4492b,
d59d3459-aac5-1eb8-1fc0-8c2e025adb55,
31c5259a-6e7e-98f7-8f8d-eae0f3bc345e,
432411a7-52f5-ac56-3f75-ea4fdb65205c,1607459e-870a-8735-ac81-15dfc1d1ab6a
80076e07-663f-d513-846b-8a3bb86b9d7f,a3882c5c-8fe8-9ec7-0991-77e37691dabb
8e725596-f783-2d49-63e5-80148a38d054,1607459e-870a-8735-ac81-15dfc1d1ab6a
510efe4b-94cd-099b-8a81-e70798e84101,1607459e-870a-8735-ac81-15dfc1d1ab6a
976090f3-0879-dac9-bce1-e601c2fd04ff,1607459e-870a-8735-ac81-15dfc1d1ab6a
f39e8e6c-cc77-7254-7f3e-1f8c212fb1a2,
a0f263f3-d7ab-84fe-22c7-7e79494a569c,1607459e-870a-8735-ac81-15dfc1d1ab6a
722b68c9-862f-dee8-914d-9bf518406fc0,1607459e-870a-8735-ac81-15dfc1d1ab6a
7673561c-5f62-98d2-277d-459c30fd5af4,1607459e-870a-8735-ac81-15dfc1d1ab6a
47562077-4050-5f72-7d7a-baceb9c317a3,1607459e-870a-8735-ac81-15dfc1d1ab6a
85f52894-a90b-4650-d04c-6d9a4a676cca,1607459e-870a-8735-ac81-15dfc1d1ab6a
d08bd650-53c1-1cb2-08d8-59664ca48032,1607459e-870a-8735-ac81-15dfc1d1ab6a
1eaa1ebf-4abd-650e-5d5e-fb9bd4fa6179,
2f2028b6-0972-e81e-4b58-f362e692d1b9,1607459e-870a-8735-ac81-15dfc1d1ab6a
2fd0c95d-1924-3165-7701-647a16c30b15,db854648-c5da-7a65-b6c7-fab19e8305d3
5b0e9d92-15b4-3d8c-0710-06fca8a8a18c,db854648-c5da-7a65-b6c7-fab19e8305d3
8319a280-e02a-ac6e-778a-40ab28a7c962,db854648-c5da-7a65-b6c7-fab19e8305d3
1a4327c5-cb59-796c-f565-f15b88a0c70c,db854648-c5da-7a65-b6c7-fab19e8305d3
3a88c0a4-8140-004a-e150-4a3448d24e0c,c34b2e80-1d2a-495a-65c6-aea14e2afa12
0bda15dd-5756-82eb-88ad-47b5eff2f213,1607459e-870a-8735-ac81-15dfc1d1ab6a
6ee9d1f2-5bbd-7dfe-86d3-baf7a5bb83cd,1607459e-870a-8735-ac81-15dfc1d1ab6a
7fe05940-76c6-d13b-b9dd-a31fbcb8cdcd,1607459e-870a-8735-ac81-15dfc1d1ab6a
885a37f7-1e87-c73a-4ff1-43c2ff763d4b,1607459e-870a-8735-ac81-15dfc1d1ab6a
6d31b128-e8c8-4fad-ee68-239ca1019373,1607459e-870a-8735-ac81-15dfc1d1ab6a
fbce0fd5-309f-ac09-b34e-02619461d955,1607459e-870a-8735-ac81-15dfc1d1ab6a
b0916cb3-c028-00bf-1c1d-85a90c66d353,1607459e-870a-8735-ac81-15dfc1d1ab6a
00f6ac0e-086b-6efd-c299-2c44bc2acda4,1607459e-870a-8735-ac81-15dfc1d1ab6a
9a9369e0-3138-728e-551e-bd533adbc69f,1607459e-870a-8735-ac81-15dfc1d1ab6a
cdfacccc-c6d3-e843-bbcf-7fcedeef7e3a,1607459e-870a-8735-ac81-15dfc1d1ab6a
07dd8b67-3555-b7ba-e216-ba5ad4d5219a,
791e66d7-36ff-8346-b184-f48d9aaded50,
08dd6967-640c-b3b3-e8c7-b739810e904a,
18b4f4bd-d489-b634-8026-cf10dd7d7fa0,60126cb5-812c-519e-99b0-d34b4002c8b1
b10fe62b-218d-9968-dc0a-d8922a40e41b,60126cb5-812c-519e-99b0-d34b4002c8b1
4a06e89d-dcdb-c2ff-f064-0a15b929d4fd,1607459e-870a-8735-ac81-15dfc1d1ab6a
0dbd5f72-013c-f91d-7261-0357d2323877,eaf7b32c-647d-4c2e-9cf3-9e23170fb6ef
0dd36f18-baef-7340-9838-69f0dd954008,
8019abf7-de88-0773-23e9-77f6415d786a,60126cb5-812c-519e-99b0-d34b4002c8b1
01851b66-4302-7be6-59e4-a3ff3d1ed1af,
3e67b4d6-29fe-11d6-7643-5cb12c79c92f,15166dd0-b6a6-79e5-f235-1a88564d332f
06143283-df35-26b8-c6ca-228fc116fdbd,
e3615ba4-c5dc-9c3b-6aea-6decce22c6c0,1607459e-870a-8735-ac81-15dfc1d1ab6a
12f6cd55-fc84-6e18-7bf6-b128a77c13b8,
33ee3cf0-b864-f92c-e6d3-5f4f1312ddf5,
380e4f1c-f575-88cc-68eb-e58c1113f4e4,
38361788-bd0a-d518-5a16-abb00760e5a8,
39912f4a-d401-dede-9c2a-3a0b14ebfe8c,
3b2a3c43-6d97-0123-d45f-b82617ec6230,
2a15a006-2eba-00db-8f12-a7b64f4970a0,
3ce7258e-0723-479d-0b52-100f84154293,
3cff413c-5f1f-a02f-3dac-c15e009640a6,
3dbca407-5cd1-6b70-285e-a3d3b585d43c,
c56b6eba-e372-a22f-4fd8-7aa273f9210d,
453e0a94-6369-8640-4951-f40171c0c536,
46b75e84-a7aa-96cc-4fcf-740d8d28f32b,
47685ca7-6a26-9e61-2dc1-fc7a77a6c557,
3f8de92e-5e37-d422-c00f-0e10ffafec9d,
41affaa6-fc3c-98cf-0ee7-1d0e74483789,
41f92ecf-e8aa-f494-7818-624cc840bebf,
43cef05a-9ad0-3de8-b020-58cb06d2da37,
4d35803c-e913-3f77-86ec-737f2e858e4b,
4d7bf41d-2e60-9708-c6df-16e1d051f572,
51a6a39a-2845-ac8f-91a9-0d0baffcc8e1,
6077143f-d8ec-96ea-13f7-2601d6b9a3f4,
41a6b75d-8bfc-37b4-31d0-7381cc6a933f,1607459e-870a-8735-ac81-15dfc1d1ab6a
6125a085-ddc4-0ec6-8813-09c8f72c4665,
635ee166-d344-f336-edc8-480a5701c227,
66d2b321-202b-8161-e1cc-e542e120e2fe,
66d9ff86-fd9b-11e9-c98a-ceaa032ce003,
a47cb88a-6727-397c-8a8b-e01bff98e12c,
53b9beab-f4cc-9f7f-00e6-ca21fc08cc10,
551e9716-26d1-ba54-bb5e-d8e77758280e,
572fef45-d8b7-71e3-e204-87d26b915e54,
5d399acd-d05f-0bd0-9770-2ff8f10f6bec,
67c5024a-ed08-2225-30b2-ba4a691569c0,
69ef0ed6-d459-0375-3357-ab92644556be,
777f8111-b674-522f-0233-ac371ca789d3,
6bfbcb02-3327-fc49-9f41-0c236fc7bfd0,
82e7dbb1-8206-d8b1-e73f-2c45643afbdd,f3b1d293-7fbf-84ce-9242-ab17c6cb2e63
6fe010d4-31a3-98f4-3f9a-ee040dc23c27,
713e3a50-08f3-5c8e-08c8-fd93cc26f3a7,
719094c6-a46e-fd36-2f35-0fcb9c8eb210,
76405d73-e6d3-eaf4-7eb1-f95e9bffb6bd,
7644436e-5d38-fb8f-4f48-51cb7c4b525b,
765c8481-7c8b-5f31-a82d-0c9712dd5038,
7722aa09-5d8d-81bb-d0fa-51c6234e7248,
78e92d3f-b5ac-4f56-c433-6106a77f0cc8,
7b544edf-09e6-5fde-f665-65df01cdca7e,
7c97b01b-5949-7fe0-914b-dbce0bb84c2b,
7e7ab494-c5b8-b5f4-cc5f-e04d2a783ba4,
80a3c533-bb9e-c0ec-2024-48c46e768396,
80fde55e-d7c1-cfaf-f448-997d121d440a,
322379b4-6022-649b-7034-ca54c8cd85ae,15166dd0-b6a6-79e5-f235-1a88564d332f
8286f85e-7077-52d9-500f-5e8100d24917,
82d5538f-7070-9d35-c324-96d5986c1dcd,
176aaa64-0410-d42b-448d-e6d2cf0c260b,1607459e-870a-8735-ac81-15dfc1d1ab6a
c3fcd36f-fed8-faa7-ffa5-37c5dffac422,
841db21b-bbc8-a957-ed1b-6579ae61a794,
8af3877f-941f-c5a6-2f4c-aa69c794a969,
8dd7b56c-57bc-e883-8041-1a78e4424cad,
8e8b2d37-644f-c29a-ed38-7dd8af74d4dd,
8ec779b9-a3e1-8f1d-dd21-77d1ac4658a1,
8fbdf7f2-d428-a32a-dd6f-8512556fe44e,
91a97b95-6c88-54ec-3116-4206236bdaa6,
9323c7da-e8b7-628c-a108-ef5484905dfe,
949326f4-c38b-adeb-d5d1-503012de9a93,
16ed618c-bc3f-6c48-731c-227777363831,
9f338cec-4e44-192b-5a49-a6ba1192977c,
99eae582-4b8f-541c-0c47-b80f0c20e923,
59737b9e-008d-3bae-30b6-0ac50dfc4a80,60126cb5-812c-519e-99b0-d34b4002c8b1
9ae18153-ce08-9526-95f9-6203da547444,
9af949c0-faa8-8dfa-1c42-faa5399ccaf5,
9af98599-22a4-e875-72c2-0b65e0b2a175,
90f8d7cc-297a-84e0-76d9-fe9e1a1b7cac,
46335dd5-f493-e5e3-1439-e5b3888f3e66,
9b5a77ed-daff-1053-5d71-8a45388b3fbb,
9bcc981d-b358-4ea1-8a9b-c535845506ce,
9c2c3cc2-f408-7802-a938-2f5c8a4ec2ef,
9cfa2818-d216-3078-3d1b-11f821ccab3f,
a2eb48e6-110b-d932-98f5-225f3c581b30,
9d99cc4b-e172-b365-3837-eeb5f9ec1c9e,
a39fdd1c-b16c-2d19-418e-e9cd908700a8,
22c1a99d-d390-75e5-88cc-13f6df5bcf49,
a65a6c05-6ddf-8f07-cab3-ad6d070e10b8,
27f3d17b-dbb0-b1a6-5826-0577dbe7677b,
a8ef7294-fc47-c8fe-9222-bf1cec91e7d8,
a968f1e4-d466-7cec-6917-66842531f3ad,3a11c518-9fa8-4f3d-d525-913f2798b999
a9f7e558-df25-6408-e58c-0cc9c6357353,
aa1fb271-8173-ef81-9803-d396e5cb1a43,
abab84e5-9024-a07e-8b9a-4c681c7a0877,
abdc75c5-7dde-4c9c-1e05-be801b18b63f,
1536a054-4d70-0abd-4778-8c5eef5d9a00,
179e8063-fd22-c5dc-bd8b-6771a85fb48c,
18b3bb80-59ce-cf19-449e-1ac65cfda776,
acba5dbd-7fc5-3884-8994-a8417d132659,
b11b8db2-43f4-5085-8af0-5f956cd45276,
b2b81e98-b45f-73d6-5c36-ae81488fe972,
b60137ed-7e5e-4d0e-61ff-26adc55844c4,
b6511a2b-10af-46f9-4edb-25db4bb17dd6,
5191e19b-b2eb-c8bc-217c-0e387cd51ca1,b348b17b-fa70-83f4-665d-892c68b93ef3
b88abf46-0461-6965-7c4d-ee65acc54c61,
c12e1ad6-95ce-9bc0-c12c-c5f0b08e6c1c,
c82920ad-faa8-2902-fc71-2d847b59459f,eaf7b32c-647d-4c2e-9cf3-9e23170fb6ef
cae7fde0-bb41-9736-8cbc-3d36a5aa4962,
cb15165f-c538-0a23-f25a-67a8f9b9b59d,
19948668-d1b4-b49a-268b-34144388d497,dc3262d3-d993-f091-9176-c54e637fa19c
0c32a230-2ebd-b767-1a98-bb157fc2a8ea,22b42706-3f4f-d97f-1ac8-01c5d8c85ef6
2955a045-b6c1-cd3e-8295-e77fe49b9968,22b42706-3f4f-d97f-1ac8-01c5d8c85ef6
c8a0ba95-09eb-e0cf-3fdc-9bf6fe5a7ee5,15166dd0-b6a6-79e5-f235-1a88564d332f
b95e66af-93c0-0cbf-9b33-ee71279fb82e,ec3301d0-bca9-2709-14ac-aadfc97ac672
83e224f2-99c0-0607-f9e1-95b9cb5b7412,ec3301d0-bca9-2709-14ac-aadfc97ac672
939d2af1-459b-f9cf-ff59-c94fb5e0dfa1,ec3301d0-bca9-2709-14ac-aadfc97ac672
b0159d71-b9c7-75b3-4390-1f5f05a3efef,22b42706-3f4f-d97f-1ac8-01c5d8c85ef6
aa9909af-d113-ee7f-1410-77a2936ca1db,ddc4ddcd-371f-0708-c3a6-7bc705e376ef
6c61c635-8d38-a41b-ca90-31346721c405,
51baac59-4a8f-ae1e-02d8-3cd5ce4e73ed,77deb34d-6816-a403-0430-19c35cac896c
48bb2230-ffb9-79b8-e6d5-26785493f9ab,ddc4ddcd-371f-0708-c3a6-7bc705e376ef
2af14bb5-bf91-439c-2f09-b91ddee9e114,d81da519-20d0-672a-2fd8-c1493cc38d51
